999
FreeCAD v1.0 39319 (Git)
  0
SECTION
  2
HEADER
  9
$ACADVER
  1
AC1014
  9
$ACADMAINTVER
 70
     9
  9
$DWGCODEPAGE
  3
ANSI_1252
  9
$TEXTSTYLE
  7
STANDARD
  9
$DIMSTYLE
  2
STANDARD
  9
$DIMTXSTY
  7
STANDARD
  9
$CMLSTYLE
  2
STANDARD
  9
$LUNITS
 70
2
  9
$INSUNITS
 70
4
  9
$PEXTMAX
 10
50
 20
50
 30
50
  9
$PEXTMIN
 10
0
 20
0
 30
0
  9
$HANDSEED
  5
FFFF
  0
ENDSEC
  0
SECTION
  2
CLASSES
  0
CLASS
  1
ACDBDICTIONARYWDFLT
  2
AcDbDictionaryWithDefault
  3
ObjectDBX Classes
 90
        0
280
     0
281
     0
  0
CLASS
  1
XRECORD
  2
AcDbXrecord
  3
ObjectDBX Classes
 90
        0
280
     0
281
     0
  0
CLASS
  1
LWPOLYLINE
  2
AcDbPolyline
  3
ObjectDBX Classes
 90
        0
280
     0
281
     1
  0
ENDSEC
  0
SECTION
  2
TABLES
  0
TABLE
  2
VPORT
  5
20
330
0
100
AcDbSymbolTable
 70
     1
  0
VPORT
  5
21
330
20
100
AcDbSymbolTableRecord
100
AcDbViewportTableRecord
  2
*ACTIVE
 70
     0
  0
ENDTAB
  0
TABLE
  2
LTYPE
  5
22
330
0
100
AcDbSymbolTable
 70
     1
  0
LTYPE
  5
23
330
21
100
AcDbSymbolTableRecord
100
AcDbLinetypeTableRecord
  2
BYBLOCK
 70
     0
  3

 72
    65
 73
     0
 40
0.0
  0
LTYPE
  5
24
330
21
100
AcDbSymbolTableRecord
100
AcDbLinetypeTableRecord
  2
BYLAYER
 70
     0
  3

 72
    65
 73
     0
 40
0.0
  0
LTYPE
  5
25
330
21
100
AcDbSymbolTableRecord
100
AcDbLinetypeTableRecord
  2
CONTINUOUS
 70
     0
  3
Solid line
 72
    65
 73
     0
 40
0.0
  0
ENDTAB
  0
TABLE
  2
LAYER
  5
11E9
330
0
100
AcDbSymbolTable
 70
5
  0
LAYER
  5
11EA
330
11E9
100
AcDbSymbolTableRecord
100
AcDbLayerTableRecord
  2
0
 70
   0
 62
   7
  6
CONTINUOUS
  0
LAYER
  5
11EB
330
11E9
100
AcDbSymbolTableRecord
100
AcDbLayerTableRecord
  2
none
 70
    0
 62
    7
  6
CONTINUOUS
  0
LAYER
  5
11EC
330
11E9
100
AcDbSymbolTableRecord
100
AcDbLayerTableRecord
  2
Sketch064
 70
    0
 62
    7
  6
CONTINUOUS
  0
LAYER
  5
11ED
330
11E9
100
AcDbSymbolTableRecord
100
AcDbLayerTableRecord
  2
Sketch065
 70
    0
 62
    7
  6
CONTINUOUS
  0
LAYER
  5
11EE
330
11E9
100
AcDbSymbolTableRecord
100
AcDbLayerTableRecord
  2
Sketch066
 70
    0
 62
    7
  6
CONTINUOUS
  0
ENDTAB
  0
TABLE
  2
STYLE
  5
70
330
0
100
AcDbSymbolTable
 70
     2
  0
STYLE
  5
71
330
70
100
AcDbSymbolTableRecord
100
AcDbTextStyleTableRecord
  2
STANDARD
 70
     0
 40
0.0
 41
1.0
 50
0.0
 71
     0
 42
2.5
  3
arial.ttf
  4

  0
STYLE
  5
72
330
70
100
AcDbSymbolTableRecord
100
AcDbTextStyleTableRecord
  2
ANNOTATIVE
 70
     0
 40
0.0
 41
1.0
 50
0.0
 71
     0
 42
2.5
  3
arial.ttf
  4

  0
ENDTAB
  0
TABLE
  2
VIEW
  5
73
330
0
100
AcDbSymbolTable
 70
     0
  0
ENDTAB
  0
TABLE
  2
UCS
  5
74
330
0
100
AcDbSymbolTable
 70
     0
  0
ENDTAB
  0
TABLE
  2
APPID
  5
75
330
0
100
AcDbSymbolTable
 70
     2
  0
APPID
  5
76
330
75
100
AcDbSymbolTableRecord
100
AcDbRegAppTableRecord
  2
ACAD
 70
     0
  0
APPID
  5
77
330
75
100
AcDbSymbolTableRecord
100
AcDbRegAppTableRecord
  2
ACADANNOTATIVE
 70
     0
  0
ENDTAB
  0
TABLE
  2
DIMSTYLE
  5
78
330
0
100
AcDbSymbolTable
 70
     2
  0
DIMSTYLE
105
79
330
78
100
AcDbSymbolTableRecord
100
AcDbDimStyleTableRecord
  2
STANDARD
 70
     0
  3

  4

  5

  6

  7

 40
0.0
 41
2.5
 42
0.625
 43
3.75
 44
1.25
 45
0.0
 46
0.0
 47
0.0
 48
0.0
140
2.5
141
2.5
142
0.0
143
0.03937007874016
144
1.0
145
0.0
146
1.0
147
0.625
 71
     0
 72
     0
 73
     0
 74
     0
 75
     0
 76
     0
 77
     1
 78
     8
170
     0
171
     3
172
     1
173
     0
174
     0
175
     0
176
     0
177
     0
178
     0
270
     2
271
     2
272
     2
273
     2
274
     3
340
71
275
     0
280
     0
281
     0
282
     0
283
     0
284
     8
285
     0
286
     0
287
     3
288
     0
  0
ENDTAB
  0
TABLE
  2
BLOCK_RECORD
  5
A01
330
0
100
AcDbSymbolTable
  70
5
  0
BLOCK_RECORD
  5
A02
330
A01
100
AcDbSymbolTableRecord
100
AcDbBlockTableRecord
  2
*MODEL_SPACE
  0
BLOCK_RECORD
  5
A03
330
A01
100
AcDbSymbolTableRecord
100
AcDbBlockTableRecord
  2
*PAPER_SPACE
  0
ENDTAB
  0
ENDSEC
  0
SECTION
  2
BLOCKS
  0
BLOCK
  5
A04
330
A02
100
AcDbEntity
  8
0
100
AcDbBlockBegin
  2
*MODEL_SPACE
 70
   0
 10
0
 20
0
 30
0
  3
*MODEL_SPACE
  1
 
  0
ENDBLK
  5
A05
330
A02
100
AcDbEntity
  8
0
100
AcDbBlockEnd
  0
BLOCK
  5
A06
330
A03
100
AcDbEntity
 67
1
  8
0
100
AcDbBlockBegin
  2
*PAPER_SPACE
 70
   0
 10
0
 20
0
 30
0
  3
*PAPER_SPACE
  1
 
  0
ENDBLK
  5
A07
330
A03
100
AcDbEntity
 67
    1
  8
0
100
AcDbBlockEnd
  0
ENDSEC
  0
SECTION
  2
ENTITIES
  0
ELLIPSE
  5
A08
330
A02
100
AcDbEntity
  8
Sketch064
100
AcDbEllipse
 10
38.706335462
 20
-12.303611439
 30
0.000000000
 11
-0.082574731
 21
-0.167409254
 31
0.000000000
 40
0.632255021
 41
0.662516540
 42
2.233312867
  0
LINE
  5
A09
330
A02
100
AcDbEntity
  8
Sketch064
100
AcDbLine
 10
38.840580843
 20
-12.241800970
 30
0.000000000
 11
40.720016186
 21
-11.376454404
 31
0.000000000
  0
LINE
  5
A0A
330
A02
100
AcDbEntity
  8
Sketch064
100
AcDbLine
 10
40.720016186
 20
-20.299759619
 30
0.000000000
 11
40.720016186
 21
-11.376454404
 31
0.000000000
  0
LINE
  5
A0B
330
A02
100
AcDbEntity
  8
Sketch064
100
AcDbLine
 10
38.840580843
 20
-21.165106186
 30
0.000000000
 11
40.720016186
 21
-20.299759619
 31
0.000000000
  0
ELLIPSE
  5
A0C
330
A02
100
AcDbEntity
  8
Sketch064
100
AcDbEllipse
 10
38.706335462
 20
-21.226916655
 30
0.000000000
 11
-0.082574731
 21
-0.167409254
 31
0.000000000
 40
0.632255021
 41
2.233312867
 42
3.141592654
  0
ELLIPSE
  5
A0D
330
A02
100
AcDbEntity
  8
Sketch064
100
AcDbEllipse
 10
38.706335462
 20
-21.226916655
 30
0.000000000
 11
-0.082574731
 21
-0.167409254
 31
0.000000000
 40
0.632255021
 41
3.141592654
 42
3.804109194
  0
LINE
  5
A0E
330
A02
100
AcDbEntity
  8
Sketch064
100
AcDbLine
 10
38.576123897
 20
-21.326796473
 30
0.000000000
 11
38.706335462
 21
-21.391023418
 31
0.000000000
  0
LINE
  5
A0F
330
A02
100
AcDbEntity
  8
Sketch064
100
AcDbLine
 10
28.839001182
 20
-42.028950461
 30
0.000000000
 11
29.005908023
 21
-42.111277376
 31
0.000000000
  0
LINE
  5
A10
330
A02
100
AcDbEntity
  8
Sketch064
100
AcDbLine
 10
28.799745472
 20
-42.206200596
 30
0.000000000
 11
28.799745472
 21
-44.667802035
 31
0.000000000
  0
LINE
  5
A11
330
A02
100
AcDbEntity
  8
Sketch064
100
AcDbLine
 10
38.706335462
 20
-40.106520547
 30
0.000000000
 11
28.799745472
 21
-44.667802035
 31
0.000000000
  0
LINE
  5
A12
330
A02
100
AcDbEntity
  8
Sketch064
100
AcDbLine
 10
38.706335462
 20
-37.644919108
 30
0.000000000
 11
38.706335462
 21
-40.106520547
 31
0.000000000
  0
LINE
  5
A13
330
A02
100
AcDbEntity
  8
Sketch064
100
AcDbLine
 10
38.706335462
 20
-37.644919108
 30
0.000000000
 11
28.799745472
 21
-42.206200596
 31
0.000000000
  0
LINE
  5
A14
330
A02
100
AcDbEntity
  8
Sketch064
100
AcDbLine
 10
28.744518911
 20
-42.178960057
 30
0.000000000
 11
28.799745472
 21
-42.206200596
 31
0.000000000
  0
ELLIPSE
  5
A15
330
A02
100
AcDbEntity
  8
Sketch064
100
AcDbEllipse
 10
28.871662641
 20
-42.173087845
 30
0.000000000
 11
-0.082574731
 21
-0.167409254
 31
0.000000000
 40
0.632255021
 41
5.374905521
 42
0.000000000
  0
ELLIPSE
  5
A16
330
A02
100
AcDbEntity
  8
Sketch064
100
AcDbEllipse
 10
28.871662641
 20
-42.173087845
 30
0.000000000
 11
-0.082574731
 21
-0.167409254
 31
0.000000000
 40
0.632255021
 41
0.000000000
 42
0.662516540
  0
LINE
  5
A17
330
A02
100
AcDbEntity
  8
Sketch064
100
AcDbLine
 10
28.871662641
 20
-42.337194608
 30
0.000000000
 11
28.871662641
 21
-44.634689284
 31
0.000000000
  0
LINE
  5
A18
330
A02
100
AcDbEntity
  8
Sketch064
100
AcDbLine
 10
21.572070017
 20
-47.995633539
 30
0.000000000
 11
28.871662641
 21
-44.634689284
 31
0.000000000
  0
ELLIPSE
  5
A19
330
A02
100
AcDbEntity
  8
Sketch064
100
AcDbEllipse
 10
21.572070017
 20
-45.534032100
 30
0.000000000
 11
-0.082574731
 21
-0.167409254
 31
0.000000000
 40
0.632255021
 41
0.662516540
 42
2.233312867
  0
LINE
  5
A1A
330
A02
100
AcDbEntity
  8
Sketch064
100
AcDbLine
 10
21.572070017
 20
-45.698138862
 30
0.000000000
 11
21.572070017
 21
-47.995633539
 31
0.000000000
  0
LINE
  5
A1B
330
A02
100
AcDbEntity
  8
Sketch064
100
AcDbLine
 10
1.870062917
 20
-54.446232189
 30
0.000000000
 11
2.036969757
 21
-54.528559105
 31
0.000000000
  0
ELLIPSE
  5
A1C
330
A02
100
AcDbEntity
  8
Sketch064
100
AcDbEllipse
 10
1.902724376
 20
-54.590369574
 30
0.000000000
 11
-0.082574731
 21
-0.167409254
 31
0.000000000
 40
0.632255021
 41
5.374905521
 42
0.000000000
  0
ELLIPSE
  5
A1D
330
A02
100
AcDbEntity
  8
Sketch064
100
AcDbEllipse
 10
1.902724376
 20
-54.590369574
 30
0.000000000
 11
-0.082574731
 21
-0.167409254
 31
0.000000000
 40
0.632255021
 41
0.000000000
 42
0.662516540
  0
LINE
  5
A1E
330
A02
100
AcDbEntity
  8
Sketch064
100
AcDbLine
 10
1.902724376
 20
-54.754476337
 30
0.000000000
 11
1.902724376
 21
-57.051971013
 31
0.000000000
  0
LINE
  5
A1F
330
A02
100
AcDbEntity
  8
Sketch064
100
AcDbLine
 10
-5.396868248
 20
-60.412915267
 30
0.000000000
 11
1.902724376
 21
-57.051971013
 31
0.000000000
  0
ELLIPSE
  5
A20
330
A02
100
AcDbEntity
  8
Sketch064
100
AcDbEllipse
 10
-5.396868248
 20
-57.951313829
 30
0.000000000
 11
-0.082574731
 21
-0.167409254
 31
0.000000000
 40
0.632255021
 41
0.662516540
 42
2.233312867
  0
LINE
  5
A21
330
A02
100
AcDbEntity
  8
Sketch064
100
AcDbLine
 10
-5.396868248
 20
-58.115420591
 30
0.000000000
 11
-5.396868248
 21
-60.412915267
 31
0.000000000
  0
LINE
  5
A22
330
A02
100
AcDbEntity
  8
Sketch064
100
AcDbLine
 10
-15.231541069
 20
-64.941084004
 30
0.000000000
 11
-15.290976651
 21
-64.911767362
 31
0.000000000
  0
LINE
  5
A23
330
A02
100
AcDbEntity
  8
Sketch064
100
AcDbLine
 10
-17.245221792
 20
-65.650904847
 30
0.000000000
 11
-15.231541069
 21
-64.723747811
 31
0.000000000
  0
ELLIPSE
  5
A24
330
A02
100
AcDbEntity
  8
Sketch064
100
AcDbEllipse
 10
-17.523154758
 20
-63.621206321
 30
0.000000000
 11
0.167290887
 21
-0.363336977
 31
0.000000000
 40
0.610857311
 41
0.924904422
 42
2.495700749
  0
LINE
  5
A25
330
A02
100
AcDbEntity
  8
Sketch064
100
AcDbLine
 10
-17.523154758
 20
-63.269548972
 30
0.000000000
 11
-15.509474035
 21
-62.342391937
 31
0.000000000
  0
LINE
  5
A26
330
A02
100
AcDbEntity
  8
Sketch064
100
AcDbLine
 10
-15.231541069
 20
-62.479482566
 30
0.000000000
 11
-15.231541069
 21
-64.941084004
 31
0.000000000
  0
LINE
  5
A27
330
A02
100
AcDbEntity
  8
Sketch064
100
AcDbLine
 10
-5.324951079
 20
-60.379802516
 30
0.000000000
 11
-15.231541069
 21
-64.941084004
 31
0.000000000
  0
LINE
  5
A28
330
A02
100
AcDbEntity
  8
Sketch064
100
AcDbLine
 10
-5.324951079
 20
-57.918201077
 30
0.000000000
 11
-5.324951079
 21
-60.379802516
 31
0.000000000
  0
LINE
  5
A29
330
A02
100
AcDbEntity
  8
Sketch064
100
AcDbLine
 10
-5.469592020
 20
-57.846856833
 30
0.000000000
 11
-5.324951079
 21
-57.918201077
 31
0.000000000
  0
LINE
  5
A2A
330
A02
100
AcDbEntity
  8
Sketch064
100
AcDbLine
 10
-5.324951079
 20
-57.918201077
 30
0.000000000
 11
-15.231541069
 21
-62.479482566
 31
0.000000000
  0
LINE
  5
A2B
330
A02
100
AcDbEntity
  8
Sketch064
100
AcDbLine
 10
-15.231541069
 20
-62.831139914
 30
0.000000000
 11
-15.231541069
 21
-64.723747811
 31
0.000000000
  0
ELLIPSE
  5
A2C
330
A02
100
AcDbEntity
  8
Sketch064
100
AcDbEllipse
 10
-15.509474035
 20
-64.586657182
 30
0.000000000
 11
0.167290887
 21
-0.363336977
 31
0.000000000
 40
0.610857311
 41
0.000000000
 42
0.924904422
  0
ELLIPSE
  5
A2D
330
A02
100
AcDbEntity
  8
Sketch064
100
AcDbEllipse
 10
-15.509474035
 20
-64.586657182
 30
0.000000000
 11
0.167290887
 21
-0.363336977
 31
0.000000000
 40
0.610857311
 41
6.100941012
 42
0.000000000
  0
LINE
  5
A2E
330
A02
100
AcDbEntity
  8
Sketch064
100
AcDbLine
 10
-17.355863871
 20
-65.877151195
 30
0.000000000
 11
-15.342183147
 21
-64.949994159
 31
0.000000000
  0
LINE
  5
A2F
330
A02
100
AcDbEntity
  8
Sketch064
100
AcDbLine
 10
-18.634886622
 20
-66.061931266
 30
0.000000000
 11
-18.634886622
 21
-65.182787895
 31
0.000000000
  0
LINE
  5
A30
330
A02
100
AcDbEntity
  8
Sketch064
100
AcDbLine
 10
-17.398859357
 20
-65.889654905
 30
0.000000000
 11
-18.634886622
 21
-66.061931266
 31
0.000000000
  0
ELLIPSE
  5
A31
330
A02
100
AcDbEntity
  8
Sketch064
100
AcDbEllipse
 10
-17.523154758
 20
-65.513814217
 30
0.000000000
 11
0.167290887
 21
-0.363336977
 31
0.000000000
 40
0.610857311
 41
6.100941012
 42
0.000000000
  0
ELLIPSE
  5
A32
330
A02
100
AcDbEntity
  8
Sketch064
100
AcDbEllipse
 10
-17.523154758
 20
-65.513814217
 30
0.000000000
 11
0.167290887
 21
-0.363336977
 31
0.000000000
 40
0.610857311
 41
0.000000000
 42
0.924904422
  0
LINE
  5
A33
330
A02
100
AcDbEntity
  8
Sketch064
100
AcDbLine
 10
-17.245221792
 20
-63.758296950
 30
0.000000000
 11
-17.245221792
 21
-65.650904847
 31
0.000000000
  0
LINE
  5
A34
330
A02
100
AcDbEntity
  8
Sketch064
100
AcDbLine
 10
-17.245221792
 20
-63.758296950
 30
0.000000000
 11
-15.231541069
 21
-62.831139914
 31
0.000000000
  0
ELLIPSE
  5
A35
330
A02
100
AcDbEntity
  8
Sketch064
100
AcDbEllipse
 10
-15.509474035
 20
-62.694049285
 30
0.000000000
 11
0.167290887
 21
-0.363336977
 31
0.000000000
 40
0.610857311
 41
0.924904422
 42
2.495700749
  0
LINE
  5
A36
330
A02
100
AcDbEntity
  8
Sketch064
100
AcDbLine
 10
-16.153935147
 20
-62.024511044
 30
0.000000000
 11
-15.509474035
 21
-62.342391937
 31
0.000000000
  0
LINE
  5
A37
330
A02
100
AcDbEntity
  8
Sketch064
100
AcDbLine
 10
-16.153935147
 20
-62.024511044
 30
0.000000000
 11
-15.231541069
 21
-62.479482566
 31
0.000000000
  0
LINE
  5
A38
330
A02
100
AcDbEntity
  8
Sketch064
100
AcDbLine
 10
-15.231541069
 20
-62.479482566
 30
0.000000000
 11
-16.153935147
 21
-62.024511044
 31
0.000000000
  0
LINE
  5
A39
330
A02
100
AcDbEntity
  8
Sketch064
100
AcDbLine
 10
-19.190752554
 20
-51.523648814
 30
0.000000000
 11
-17.245221792
 21
-52.483283217
 31
0.000000000
  0
ELLIPSE
  5
A3A
330
A02
100
AcDbEntity
  8
Sketch064
100
AcDbEllipse
 10
-15.231541069
 20
-51.556126181
 30
0.000000000
 11
-0.082574731
 21
-0.167409254
 31
0.000000000
 40
0.632255021
 41
3.804109194
 42
5.374905521
  0
LINE
  5
A3B
330
A02
100
AcDbEntity
  8
Sketch064
100
AcDbLine
 10
-15.365786450
 20
-51.617936650
 30
0.000000000
 11
-17.245221792
 21
-52.483283217
 31
0.000000000
  0
LINE
  5
A3C
330
A02
100
AcDbEntity
  8
Sketch064
100
AcDbLine
 10
-17.245221792
 20
-43.559978001
 30
0.000000000
 11
-17.245221792
 21
-52.483283217
 31
0.000000000
  0
LINE
  5
A3D
330
A02
100
AcDbEntity
  8
Sketch064
100
AcDbLine
 10
-19.190752554
 20
-42.600343598
 30
0.000000000
 11
-17.245221792
 21
-43.559978001
 31
0.000000000
  0
LINE
  5
A3E
330
A02
100
AcDbEntity
  8
Sketch064
100
AcDbLine
 10
-15.365786450
 20
-42.694631435
 30
0.000000000
 11
-17.245221792
 21
-43.559978001
 31
0.000000000
  0
ELLIPSE
  5
A3F
330
A02
100
AcDbEntity
  8
Sketch064
100
AcDbEllipse
 10
-15.231541069
 20
-42.632820966
 30
0.000000000
 11
-0.082574731
 21
-0.167409254
 31
0.000000000
 40
0.632255021
 41
0.000000000
 42
0.662516540
  0
ELLIPSE
  5
A40
330
A02
100
AcDbEntity
  8
Sketch064
100
AcDbEllipse
 10
-15.231541069
 20
-42.632820966
 30
0.000000000
 11
-0.082574731
 21
-0.167409254
 31
0.000000000
 40
0.632255021
 41
5.374905521
 42
0.000000000
  0
LINE
  5
A41
330
A02
100
AcDbEntity
  8
Sketch064
100
AcDbLine
 10
-9.635468477
 20
-24.954124046
 30
0.000000000
 11
-7.834921741
 21
-25.842244978
 31
0.000000000
  0
LINE
  5
A42
330
A02
100
AcDbEntity
  8
Sketch064
100
AcDbLine
 10
-9.852369671
 20
-24.915723326
 30
0.000000000
 11
-7.906838909
 21
-25.875357729
 31
0.000000000
  0
LINE
  5
A43
330
A02
100
AcDbEntity
  8
Sketch064
100
AcDbLine
 10
-7.834921741
 20
-28.303846417
 30
0.000000000
 11
-7.834921741
 21
-25.842244978
 31
0.000000000
  0
LINE
  5
A44
330
A02
100
AcDbEntity
  8
Sketch064
100
AcDbLine
 10
-15.231541069
 20
-29.247863142
 30
0.000000000
 11
-7.834921741
 21
-25.842244978
 31
0.000000000
  0
LINE
  5
A45
330
A02
100
AcDbEntity
  8
Sketch064
100
AcDbLine
 10
-15.231541069
 20
-31.709464581
 30
0.000000000
 11
-15.231541069
 21
-29.247863142
 31
0.000000000
  0
LINE
  5
A46
330
A02
100
AcDbEntity
  8
Sketch064
100
AcDbLine
 10
-15.416460409
 20
-31.618252988
 30
0.000000000
 11
-15.231541069
 21
-31.709464581
 31
0.000000000
  0
LINE
  5
A47
330
A02
100
AcDbEntity
  8
Sketch064
100
AcDbLine
 10
-15.416460409
 20
-31.618252988
 30
0.000000000
 11
-15.231541069
 21
-31.709464581
 31
0.000000000
  0
LINE
  5
A48
330
A02
100
AcDbEntity
  8
Sketch064
100
AcDbLine
 10
-15.231541069
 20
-31.709464581
 30
0.000000000
 11
-7.834921741
 21
-28.303846417
 31
0.000000000
  0
ELLIPSE
  5
A49
330
A02
100
AcDbEntity
  8
Sketch064
100
AcDbEllipse
 10
-7.906838909
 20
-28.336959168
 30
0.000000000
 11
-0.082574731
 21
-0.167409254
 31
0.000000000
 40
0.632255021
 41
2.233312867
 42
3.141592654
  0
ELLIPSE
  5
A4A
330
A02
100
AcDbEntity
  8
Sketch064
100
AcDbEllipse
 10
-7.906838909
 20
-28.336959168
 30
0.000000000
 11
-0.082574731
 21
-0.167409254
 31
0.000000000
 40
0.632255021
 41
3.141592654
 42
3.804109194
  0
LINE
  5
A4B
330
A02
100
AcDbEntity
  8
Sketch064
100
AcDbLine
 10
-7.906838909
 20
-28.172852405
 30
0.000000000
 11
-7.906838909
 21
-25.875357729
 31
0.000000000
  0
LINE
  5
A4C
330
A02
100
AcDbEntity
  8
Sketch064
100
AcDbLine
 10
-0.607246286
 20
-22.514413475
 30
0.000000000
 11
-7.906838909
 21
-25.875357729
 31
0.000000000
  0
LINE
  5
A4D
330
A02
100
AcDbEntity
  8
Sketch064
100
AcDbLine
 10
-2.552777047
 20
-21.554779071
 30
0.000000000
 11
-0.607246286
 21
-22.514413475
 31
0.000000000
  0
ELLIPSE
  5
A4E
330
A02
100
AcDbEntity
  8
Sketch064
100
AcDbEllipse
 10
-0.607246286
 20
-24.976014913
 30
0.000000000
 11
-0.082574731
 21
-0.167409254
 31
0.000000000
 40
0.632255021
 41
3.804109194
 42
5.374905521
  0
LINE
  5
A4F
330
A02
100
AcDbEntity
  8
Sketch064
100
AcDbLine
 10
-0.607246286
 20
-24.811908151
 30
0.000000000
 11
-0.607246286
 21
-22.514413475
 31
0.000000000
  0
LINE
  5
A50
330
A02
100
AcDbEntity
  8
Sketch064
100
AcDbLine
 10
5.686573039
 20
-21.095025824
 30
0.000000000
 11
6.717455874
 21
-21.603509500
 31
0.000000000
  0
LINE
  5
A51
330
A02
100
AcDbEntity
  8
Sketch064
100
AcDbLine
 10
11.253168664
 20
10.680357194
 30
0.000000000
 11
13.053715400
 21
9.792236262
 31
0.000000000
  0
LINE
  5
A52
330
A02
100
AcDbEntity
  8
Sketch064
100
AcDbLine
 10
8.636174044
 20
1.311133647
 30
0.000000000
 11
10.581704805
 21
0.351499244
 31
0.000000000
  0
ELLIPSE
  5
A53
330
A02
100
AcDbEntity
  8
Sketch064
100
AcDbEllipse
 10
12.473945722
 20
0.380824592
 30
0.000000000
 11
-0.082574731
 21
-0.167409254
 31
0.000000000
 40
0.632255021
 41
3.455043344
 42
5.025839670
  0
LINE
  5
A54
330
A02
100
AcDbEntity
  8
Sketch064
100
AcDbLine
 10
12.347796327
 20
0.378869569
 30
0.000000000
 11
10.581704805
 21
0.351499244
 31
0.000000000
  0
LINE
  5
A55
330
A02
100
AcDbEntity
  8
Sketch064
100
AcDbLine
 10
13.078312520
 20
9.886173944
 30
0.000000000
 11
10.581704805
 21
0.351499244
 31
0.000000000
  0
ELLIPSE
  5
A56
330
A02
100
AcDbEntity
  8
Sketch064
100
AcDbEllipse
 10
14.970553437
 20
9.915499292
 30
0.000000000
 11
-0.082574731
 21
-0.167409254
 31
0.000000000
 40
0.632255021
 41
0.000000000
 42
0.313450690
  0
ELLIPSE
  5
A57
330
A02
100
AcDbEntity
  8
Sketch064
100
AcDbEllipse
 10
14.970553437
 20
9.915499292
 30
0.000000000
 11
-0.082574731
 21
-0.167409254
 31
0.000000000
 40
0.632255021
 41
5.025839670
 42
0.000000000
  0
LINE
  5
A58
330
A02
100
AcDbEntity
  8
Sketch064
100
AcDbLine
 10
14.844404043
 20
9.913544268
 30
0.000000000
 11
13.078312520
 21
9.886173944
 31
0.000000000
  0
LINE
  5
A59
330
A02
100
AcDbEntity
  8
Sketch064
100
AcDbLine
 10
11.132781759
 20
10.845808347
 30
0.000000000
 11
13.078312520
 21
9.886173944
 31
0.000000000
  0
LINE
  5
A5A
330
A02
100
AcDbEntity
  8
Sketch064
100
AcDbLine
 10
9.000001993
 20
32.196043225
 30
0.000000000
 11
9.939467979
 21
31.732650972
 31
0.000000000
  0
LINE
  5
A5B
330
A02
100
AcDbEntity
  8
Sketch064
100
AcDbLine
 10
20.727043285
 20
31.899833384
 30
0.000000000
 11
14.945956317
 21
9.821561610
 31
0.000000000
  0
LINE
  5
A5C
330
A02
100
AcDbEntity
  8
Sketch064
100
AcDbLine
 10
14.945956317
 20
9.821561610
 30
0.000000000
 11
13.053715400
 21
9.792236262
 31
0.000000000
  0
LINE
  5
A5D
330
A02
100
AcDbEntity
  8
Sketch064
100
AcDbLine
 10
18.834802368
 20
31.870508036
 30
0.000000000
 11
13.053715400
 21
9.792236262
 31
0.000000000
  0
LINE
  5
A5E
330
A02
100
AcDbEntity
  8
Sketch064
100
AcDbLine
 10
8.614506625
 20
31.712117143
 30
0.000000000
 11
18.834802368
 21
31.870508036
 31
0.000000000
  0
LINE
  5
A5F
330
A02
100
AcDbEntity
  8
Sketch064
100
AcDbLine
 10
8.293190334
 20
31.870606627
 30
0.000000000
 11
8.614506625
 21
31.712117143
 31
0.000000000
  0
LINE
  5
A60
330
A02
100
AcDbEntity
  8
Sketch064
100
AcDbLine
 10
7.925787255
 20
29.081862053
 30
0.000000000
 11
8.614506625
 21
31.712117143
 31
0.000000000
  0
LINE
  5
A61
330
A02
100
AcDbEntity
  8
Sketch064
100
AcDbLine
 10
6.525952025
 20
29.772331756
 30
0.000000000
 11
7.925787255
 21
29.081862053
 31
0.000000000
  0
LINE
  5
A62
330
A02
100
AcDbEntity
  8
Sketch064
100
AcDbLine
 10
7.925787255
 20
29.081862053
 30
0.000000000
 11
18.146082998
 21
29.240252946
 31
0.000000000
  0
LINE
  5
A63
330
A02
100
AcDbEntity
  8
Sketch064
100
AcDbLine
 10
18.146082998
 20
29.240252946
 30
0.000000000
 11
18.834802368
 21
31.870508036
 31
0.000000000
  0
LINE
  5
A64
330
A02
100
AcDbEntity
  8
Sketch064
100
AcDbLine
 10
18.834802368
 20
31.870508036
 30
0.000000000
 11
20.727043285
 21
31.899833384
 31
0.000000000
  0
LINE
  5
A65
330
A02
100
AcDbEntity
  8
Sketch064
100
AcDbLine
 10
20.807350790
 20
37.632489222
 30
0.000000000
 11
27.838452651
 21
40.869812538
 31
0.000000000
  0
ELLIPSE
  5
A66
330
A02
100
AcDbEntity
  8
Sketch064
100
AcDbEllipse
 10
27.972698032
 20
40.931623007
 30
0.000000000
 11
-0.082574731
 21
-0.167409254
 31
0.000000000
 40
0.632255021
 41
5.374905521
 42
0.000000000
  0
ELLIPSE
  5
A67
330
A02
100
AcDbEntity
  8
Sketch064
100
AcDbEllipse
 10
27.972698032
 20
40.931623007
 30
0.000000000
 11
-0.082574731
 21
-0.167409254
 31
0.000000000
 40
0.632255021
 41
0.000000000
 42
2.233312867
  0
LINE
  5
A68
330
A02
100
AcDbEntity
  8
Sketch064
100
AcDbLine
 10
28.106943414
 20
40.993433476
 30
0.000000000
 11
38.706335462
 21
45.873701136
 31
0.000000000
  0
LINE
  5
A69
330
A02
100
AcDbEntity
  8
Sketch064
100
AcDbLine
 10
38.706335462
 20
45.873701136
 30
0.000000000
 11
38.706335462
 21
29.619805445
 31
0.000000000
  0
ELLIPSE
  5
A6A
330
A02
100
AcDbEntity
  8
Sketch064
100
AcDbEllipse
 10
38.706335462
 20
29.455698682
 30
0.000000000
 11
-0.082574731
 21
-0.167409254
 31
0.000000000
 40
0.632255021
 41
3.804109194
 42
0.000000000
  0
ELLIPSE
  5
A6B
330
A02
100
AcDbEntity
  8
Sketch064
100
AcDbEllipse
 10
38.706335462
 20
29.455698682
 30
0.000000000
 11
-0.082574731
 21
-0.167409254
 31
0.000000000
 40
0.632255021
 41
0.000000000
 42
0.662516540
  0
LINE
  5
A6C
330
A02
100
AcDbEntity
  8
Sketch064
100
AcDbLine
 10
38.706335462
 20
29.291591920
 30
0.000000000
 11
38.706335462
 21
20.696500229
 31
0.000000000
  0
ELLIPSE
  5
A6D
330
A02
100
AcDbEntity
  8
Sketch064
100
AcDbEllipse
 10
38.706335462
 20
20.532393467
 30
0.000000000
 11
-0.082574731
 21
-0.167409254
 31
0.000000000
 40
0.632255021
 41
3.804109194
 42
0.000000000
  0
ELLIPSE
  5
A6E
330
A02
100
AcDbEntity
  8
Sketch064
100
AcDbEllipse
 10
38.706335462
 20
20.532393467
 30
0.000000000
 11
-0.082574731
 21
-0.167409254
 31
0.000000000
 40
0.632255021
 41
0.000000000
 42
0.662516540
  0
LINE
  5
A6F
330
A02
100
AcDbEntity
  8
Sketch064
100
AcDbLine
 10
38.706335462
 20
20.368286704
 30
0.000000000
 11
38.706335462
 21
-12.139504677
 31
0.000000000
  0
ELLIPSE
  5
A70
330
A02
100
AcDbEntity
  8
Sketch064
100
AcDbEllipse
 10
38.706335462
 20
-12.303611439
 30
0.000000000
 11
-0.082574731
 21
-0.167409254
 31
0.000000000
 40
0.632255021
 41
3.804109194
 42
0.000000000
  0
ELLIPSE
  5
A71
330
A02
100
AcDbEntity
  8
Sketch064
100
AcDbEllipse
 10
38.706335462
 20
-12.303611439
 30
0.000000000
 11
-0.082574731
 21
-0.167409254
 31
0.000000000
 40
0.632255021
 41
0.000000000
 42
0.662516540
  0
LINE
  5
A72
330
A02
100
AcDbEntity
  8
Sketch064
100
AcDbLine
 10
38.706335462
 20
-12.467718202
 30
0.000000000
 11
38.706335462
 21
-21.062809892
 31
0.000000000
  0
ELLIPSE
  5
A73
330
A02
100
AcDbEntity
  8
Sketch064
100
AcDbEllipse
 10
38.706335462
 20
-21.226916655
 30
0.000000000
 11
-0.082574731
 21
-0.167409254
 31
0.000000000
 40
0.632255021
 41
3.804109194
 42
0.000000000
  0
ELLIPSE
  5
A74
330
A02
100
AcDbEntity
  8
Sketch064
100
AcDbEllipse
 10
38.706335462
 20
-21.226916655
 30
0.000000000
 11
-0.082574731
 21
-0.167409254
 31
0.000000000
 40
0.632255021
 41
0.000000000
 42
0.662516540
  0
LINE
  5
A75
330
A02
100
AcDbEntity
  8
Sketch064
100
AcDbLine
 10
38.706335462
 20
-21.391023418
 30
0.000000000
 11
38.706335462
 21
-37.644919108
 31
0.000000000
  0
LINE
  5
A76
330
A02
100
AcDbEntity
  8
Sketch064
100
AcDbLine
 10
38.706335462
 20
-37.644919108
 30
0.000000000
 11
29.005908023
 21
-42.111277376
 31
0.000000000
  0
ELLIPSE
  5
A77
330
A02
100
AcDbEntity
  8
Sketch064
100
AcDbEllipse
 10
28.871662641
 20
-42.173087845
 30
0.000000000
 11
-0.082574731
 21
-0.167409254
 31
0.000000000
 40
0.632255021
 41
2.233312867
 42
3.141592654
  0
ELLIPSE
  5
A78
330
A02
100
AcDbEntity
  8
Sketch064
100
AcDbEllipse
 10
28.871662641
 20
-42.173087845
 30
0.000000000
 11
-0.082574731
 21
-0.167409254
 31
0.000000000
 40
0.632255021
 41
3.141592654
 42
5.374905521
  0
LINE
  5
A79
330
A02
100
AcDbEntity
  8
Sketch064
100
AcDbLine
 10
28.737417260
 20
-42.234898314
 30
0.000000000
 11
21.706315399
 21
-45.472221631
 31
0.000000000
  0
ELLIPSE
  5
A7A
330
A02
100
AcDbEntity
  8
Sketch064
100
AcDbEllipse
 10
21.572070017
 20
-45.534032100
 30
0.000000000
 11
-0.082574731
 21
-0.167409254
 31
0.000000000
 40
0.632255021
 41
2.233312867
 42
3.141592654
  0
ELLIPSE
  5
A7B
330
A02
100
AcDbEntity
  8
Sketch064
100
AcDbEllipse
 10
21.572070017
 20
-45.534032100
 30
0.000000000
 11
-0.082574731
 21
-0.167409254
 31
0.000000000
 40
0.632255021
 41
3.141592654
 42
5.374905521
  0
LINE
  5
A7C
330
A02
100
AcDbEntity
  8
Sketch064
100
AcDbLine
 10
21.437824636
 20
-45.595842569
 30
0.000000000
 11
2.036969757
 21
-54.528559105
 31
0.000000000
  0
ELLIPSE
  5
A7D
330
A02
100
AcDbEntity
  8
Sketch064
100
AcDbEllipse
 10
1.902724376
 20
-54.590369574
 30
0.000000000
 11
-0.082574731
 21
-0.167409254
 31
0.000000000
 40
0.632255021
 41
2.233312867
 42
3.141592654
  0
ELLIPSE
  5
A7E
330
A02
100
AcDbEntity
  8
Sketch064
100
AcDbEllipse
 10
1.902724376
 20
-54.590369574
 30
0.000000000
 11
-0.082574731
 21
-0.167409254
 31
0.000000000
 40
0.632255021
 41
3.141592654
 42
5.374905521
  0
LINE
  5
A7F
330
A02
100
AcDbEntity
  8
Sketch064
100
AcDbLine
 10
1.768478994
 20
-54.652180043
 30
0.000000000
 11
-5.262622866
 21
-57.889503360
 31
0.000000000
  0
ELLIPSE
  5
A80
330
A02
100
AcDbEntity
  8
Sketch064
100
AcDbEllipse
 10
-5.396868248
 20
-57.951313829
 30
0.000000000
 11
-0.082574731
 21
-0.167409254
 31
0.000000000
 40
0.632255021
 41
2.233312867
 42
3.141592654
  0
ELLIPSE
  5
A81
330
A02
100
AcDbEntity
  8
Sketch064
100
AcDbEllipse
 10
-5.396868248
 20
-57.951313829
 30
0.000000000
 11
-0.082574731
 21
-0.167409254
 31
0.000000000
 40
0.632255021
 41
3.141592654
 42
5.374905521
  0
LINE
  5
A82
330
A02
100
AcDbEntity
  8
Sketch064
100
AcDbLine
 10
-5.531113630
 20
-58.013124298
 30
0.000000000
 11
-15.231541069
 21
-62.479482566
 31
0.000000000
  0
LINE
  5
A83
330
A02
100
AcDbEntity
  8
Sketch064
100
AcDbLine
 10
-15.231541069
 20
-62.479482566
 30
0.000000000
 11
-15.231541069
 21
-51.720232944
 31
0.000000000
  0
ELLIPSE
  5
A84
330
A02
100
AcDbEntity
  8
Sketch064
100
AcDbEllipse
 10
-15.231541069
 20
-51.556126181
 30
0.000000000
 11
-0.082574731
 21
-0.167409254
 31
0.000000000
 40
0.632255021
 41
0.662516540
 42
3.141592654
  0
ELLIPSE
  5
A85
330
A02
100
AcDbEntity
  8
Sketch064
100
AcDbEllipse
 10
-15.231541069
 20
-51.556126181
 30
0.000000000
 11
-0.082574731
 21
-0.167409254
 31
0.000000000
 40
0.632255021
 41
3.141592654
 42
3.804109194
  0
LINE
  5
A86
330
A02
100
AcDbEntity
  8
Sketch064
100
AcDbLine
 10
-15.231541069
 20
-51.392019419
 30
0.000000000
 11
-15.231541069
 21
-42.796927728
 31
0.000000000
  0
ELLIPSE
  5
A87
330
A02
100
AcDbEntity
  8
Sketch064
100
AcDbEllipse
 10
-15.231541069
 20
-42.632820966
 30
0.000000000
 11
-0.082574731
 21
-0.167409254
 31
0.000000000
 40
0.632255021
 41
0.662516540
 42
3.141592654
  0
ELLIPSE
  5
A88
330
A02
100
AcDbEntity
  8
Sketch064
100
AcDbEllipse
 10
-15.231541069
 20
-42.632820966
 30
0.000000000
 11
-0.082574731
 21
-0.167409254
 31
0.000000000
 40
0.632255021
 41
3.141592654
 42
3.804109194
  0
LINE
  5
A89
330
A02
100
AcDbEntity
  8
Sketch064
100
AcDbLine
 10
-15.231541069
 20
-42.468714203
 30
0.000000000
 11
-15.231541069
 21
-31.709464581
 31
0.000000000
  0
LINE
  5
A8A
330
A02
100
AcDbEntity
  8
Sketch064
100
AcDbLine
 10
-15.231541069
 20
-31.709464581
 30
0.000000000
 11
-8.041084291
 21
-28.398769637
 31
0.000000000
  0
ELLIPSE
  5
A8B
330
A02
100
AcDbEntity
  8
Sketch064
100
AcDbEllipse
 10
-7.906838909
 20
-28.336959168
 30
0.000000000
 11
-0.082574731
 21
-0.167409254
 31
0.000000000
 40
0.632255021
 41
5.374905521
 42
0.000000000
  0
ELLIPSE
  5
A8C
330
A02
100
AcDbEntity
  8
Sketch064
100
AcDbEllipse
 10
-7.906838909
 20
-28.336959168
 30
0.000000000
 11
-0.082574731
 21
-0.167409254
 31
0.000000000
 40
0.632255021
 41
0.000000000
 42
2.233312867
  0
LINE
  5
A8D
330
A02
100
AcDbEntity
  8
Sketch064
100
AcDbLine
 10
-7.772593528
 20
-28.275148699
 30
0.000000000
 11
-0.741491667
 21
-25.037825382
 31
0.000000000
  0
ELLIPSE
  5
A8E
330
A02
100
AcDbEntity
  8
Sketch064
100
AcDbEllipse
 10
-0.607246286
 20
-24.976014913
 30
0.000000000
 11
-0.082574731
 21
-0.167409254
 31
0.000000000
 40
0.632255021
 41
5.374905521
 42
0.000000000
  0
ELLIPSE
  5
A8F
330
A02
100
AcDbEntity
  8
Sketch064
100
AcDbEllipse
 10
-0.607246286
 20
-24.976014913
 30
0.000000000
 11
-0.082574731
 21
-0.167409254
 31
0.000000000
 40
0.632255021
 41
0.000000000
 42
2.233312867
  0
LINE
  5
A90
330
A02
100
AcDbEntity
  8
Sketch064
100
AcDbLine
 10
-0.473000904
 20
-24.914204444
 30
0.000000000
 11
6.717455874
 21
-21.603509500
 31
0.000000000
  0
LINE
  5
A91
330
A02
100
AcDbEntity
  8
Sketch064
100
AcDbLine
 10
6.717455874
 20
-21.603509500
 30
0.000000000
 11
12.428031097
 21
0.205474253
 31
0.000000000
  0
ELLIPSE
  5
A92
330
A02
100
AcDbEntity
  8
Sketch064
100
AcDbEllipse
 10
12.473945722
 20
0.380824592
 30
0.000000000
 11
-0.082574731
 21
-0.167409254
 31
0.000000000
 40
0.632255021
 41
0.313450690
 42
3.141592654
  0
ELLIPSE
  5
A93
330
A02
100
AcDbEntity
  8
Sketch064
100
AcDbEllipse
 10
12.473945722
 20
0.380824592
 30
0.000000000
 11
-0.082574731
 21
-0.167409254
 31
0.000000000
 40
0.632255021
 41
3.141592654
 42
3.455043344
  0
LINE
  5
A94
330
A02
100
AcDbEntity
  8
Sketch064
100
AcDbLine
 10
12.519860346
 20
0.556174931
 30
0.000000000
 11
14.924638812
 21
9.740148952
 31
0.000000000
  0
ELLIPSE
  5
A95
330
A02
100
AcDbEntity
  8
Sketch064
100
AcDbEllipse
 10
14.970553437
 20
9.915499292
 30
0.000000000
 11
-0.082574731
 21
-0.167409254
 31
0.000000000
 40
0.632255021
 41
0.313450690
 42
3.141592654
  0
ELLIPSE
  5
A96
330
A02
100
AcDbEntity
  8
Sketch064
100
AcDbEllipse
 10
14.970553437
 20
9.915499292
 30
0.000000000
 11
-0.082574731
 21
-0.167409254
 31
0.000000000
 40
0.632255021
 41
3.141592654
 42
3.455043344
  0
LINE
  5
A97
330
A02
100
AcDbEntity
  8
Sketch064
100
AcDbLine
 10
15.016468062
 20
10.090849631
 30
0.000000000
 11
20.727043285
 21
31.899833384
 31
0.000000000
  0
LINE
  5
A98
330
A02
100
AcDbEntity
  8
Sketch064
100
AcDbLine
 10
20.727043285
 20
31.899833384
 30
0.000000000
 11
9.939467979
 21
31.732650972
 31
0.000000000
  0
LINE
  5
A99
330
A02
100
AcDbEntity
  8
Sketch064
100
AcDbLine
 10
9.939467979
 20
31.732650972
 30
0.000000000
 11
9.939467979
 21
32.628600625
 31
0.000000000
  0
LINE
  5
A9A
330
A02
100
AcDbEntity
  8
Sketch064
100
AcDbLine
 10
9.773866338
 20
32.710283749
 30
0.000000000
 11
9.939467979
 21
32.628600625
 31
0.000000000
  0
LINE
  5
A9B
330
A02
100
AcDbEntity
  8
Sketch064
100
AcDbLine
 10
9.939467979
 20
32.628600625
 30
0.000000000
 11
20.538860027
 21
37.508868284
 31
0.000000000
  0
ELLIPSE
  5
A9C
330
A02
100
AcDbEntity
  8
Sketch064
100
AcDbEllipse
 10
20.673105408
 20
37.570678753
 30
0.000000000
 11
-0.082574731
 21
-0.167409254
 31
0.000000000
 40
0.632255021
 41
5.374905521
 42
0.000000000
  0
ELLIPSE
  5
A9D
330
A02
100
AcDbEntity
  8
Sketch064
100
AcDbEllipse
 10
20.673105408
 20
37.570678753
 30
0.000000000
 11
-0.082574731
 21
-0.167409254
 31
0.000000000
 40
0.632255021
 41
0.000000000
 42
2.233312867
  0
ELLIPSE
  5
A9E
330
A02
100
AcDbEntity
  8
Sketch064
100
AcDbEllipse
 10
20.673105408
 20
37.570678753
 30
0.000000000
 11
-0.082574731
 21
-0.167409254
 31
0.000000000
 40
0.632255021
 41
2.233312867
 42
3.141592654
  0
ELLIPSE
  5
A9F
330
A02
100
AcDbEntity
  8
Sketch064
100
AcDbEllipse
 10
20.673105408
 20
37.570678753
 30
0.000000000
 11
-0.082574731
 21
-0.167409254
 31
0.000000000
 40
0.632255021
 41
3.141592654
 42
3.804109194
  0
LINE
  5
AA0
330
A02
100
AcDbEntity
  8
Sketch064
100
AcDbLine
 10
20.673105408
 20
37.734785515
 30
0.000000000
 11
20.673105408
 21
40.032280192
 31
0.000000000
  0
LINE
  5
AA1
330
A02
100
AcDbEntity
  8
Sketch064
100
AcDbLine
 10
18.727574647
 20
40.991914595
 30
0.000000000
 11
20.673105408
 21
40.032280192
 31
0.000000000
  0
LINE
  5
AA2
330
A02
100
AcDbEntity
  8
Sketch064
100
AcDbLine
 10
27.972698032
 20
43.393224446
 30
0.000000000
 11
20.673105408
 21
40.032280192
 31
0.000000000
  0
LINE
  5
AA3
330
A02
100
AcDbEntity
  8
Sketch064
100
AcDbLine
 10
27.972698032
 20
41.095729770
 30
0.000000000
 11
27.972698032
 21
43.393224446
 31
0.000000000
  0
ELLIPSE
  5
AA4
330
A02
100
AcDbEntity
  8
Sketch064
100
AcDbEllipse
 10
27.972698032
 20
40.931623007
 30
0.000000000
 11
-0.082574731
 21
-0.167409254
 31
0.000000000
 40
0.632255021
 41
3.804109194
 42
5.374905521
  0
LINE
  5
AA5
330
A02
100
AcDbEntity
  8
Sketch064
100
AcDbLine
 10
27.845554302
 20
40.925750796
 30
0.000000000
 11
27.900780864
 21
40.898510256
 31
0.000000000
  0
LINE
  5
AA6
330
A02
100
AcDbEntity
  8
Sketch064
100
AcDbLine
 10
27.900780864
 20
40.898510256
 30
0.000000000
 11
38.706335462
 21
45.873701136
 31
0.000000000
  0
LINE
  5
AA7
330
A02
100
AcDbEntity
  8
Sketch064
100
AcDbLine
 10
38.706335462
 20
45.873701136
 30
0.000000000
 11
38.706335462
 21
48.335302574
 31
0.000000000
  0
LINE
  5
AA8
330
A02
100
AcDbEntity
  8
Sketch064
100
AcDbLine
 10
27.900780864
 20
43.360111695
 30
0.000000000
 11
38.706335462
 21
48.335302574
 31
0.000000000
  0
LINE
  5
AA9
330
A02
100
AcDbEntity
  8
Sketch064
100
AcDbLine
 10
26.100234128
 20
44.248232627
 30
0.000000000
 11
27.900780864
 21
43.360111695
 31
0.000000000
  0
LINE
  5
AAA
330
A02
100
AcDbEntity
  8
Sketch064
100
AcDbLine
 10
26.027167271
 20
44.352858849
 30
0.000000000
 11
27.972698032
 21
43.393224446
 31
0.000000000
  0
LINE
  5
AAB
330
A02
100
AcDbEntity
  8
Sketch064
100
AcDbLine
 10
27.900780864
 20
40.898510256
 30
0.000000000
 11
27.900780864
 21
43.360111695
 31
0.000000000
  0
LINE
  5
AAC
330
A02
100
AcDbEntity
  8
Sketch064
100
AcDbLine
 10
38.840580843
 20
29.517509151
 30
0.000000000
 11
40.720016186
 21
30.382855718
 31
0.000000000
  0
LINE
  5
AAD
330
A02
100
AcDbEntity
  8
Sketch064
100
AcDbLine
 10
40.720016186
 20
21.459550503
 30
0.000000000
 11
40.720016186
 21
30.382855718
 31
0.000000000
  0
LINE
  5
AAE
330
A02
100
AcDbEntity
  8
Sketch064
100
AcDbLine
 10
38.840580843
 20
20.594203936
 30
0.000000000
 11
40.720016186
 21
21.459550503
 31
0.000000000
  0
ELLIPSE
  5
AAF
330
A02
100
AcDbEntity
  8
Sketch064
100
AcDbEllipse
 10
38.706335462
 20
20.532393467
 30
0.000000000
 11
-0.082574731
 21
-0.167409254
 31
0.000000000
 40
0.632255021
 41
2.233312867
 42
3.141592654
  0
ELLIPSE
  5
AB0
330
A02
100
AcDbEntity
  8
Sketch064
100
AcDbEllipse
 10
38.706335462
 20
20.532393467
 30
0.000000000
 11
-0.082574731
 21
-0.167409254
 31
0.000000000
 40
0.632255021
 41
3.141592654
 42
3.804109194
  0
LINE
  5
AB1
330
A02
100
AcDbEntity
  8
Sketch064
100
AcDbLine
 10
38.576123897
 20
20.432513649
 30
0.000000000
 11
38.706335462
 21
20.368286704
 31
0.000000000
  0
ELLIPSE
  5
AB2
330
A02
100
AcDbEntity
  8
Sketch064
100
AcDbEllipse
 10
38.706335462
 20
29.455698682
 30
0.000000000
 11
-0.082574731
 21
-0.167409254
 31
0.000000000
 40
0.632255021
 41
0.662516540
 42
2.233312867
  0
LINE
  5
AB3
330
A02
100
AcDbEntity
  8
Sketch064
100
AcDbLine
 10
17.916655722
 20
-12.027319858
 30
0.000000000
 11
19.862186483
 21
-12.986954261
 31
0.000000000
  0
LINE
  5
AB4
330
A02
100
AcDbEntity
  8
Sketch064
100
AcDbLine
 10
15.714214594
 20
-17.261279964
 30
0.000000000
 11
14.024713775
 21
-17.287463311
 31
0.000000000
  0
LINE
  5
AB5
330
A02
100
AcDbEntity
  8
Sketch064
100
AcDbLine
 10
13.768683833
 20
-16.301645561
 30
0.000000000
 11
15.714214594
 21
-17.261279964
 31
0.000000000
  0
ELLIPSE
  5
AB6
330
A02
100
AcDbEntity
  8
Sketch064
100
AcDbEllipse
 10
16.821085009
 20
-13.034084285
 30
0.000000000
 11
-1.990640837
 21
-4.035758796
 31
0.000000000
 40
0.632255021
 41
0.313450690
 42
1.884247017
  0
LINE
  5
AB7
330
A02
100
AcDbEntity
  8
Sketch064
100
AcDbLine
 10
21.460999305
 20
-6.881004946
 30
0.000000000
 11
19.862186483
 21
-12.986954261
 31
0.000000000
  0
LINE
  5
AB8
330
A02
100
AcDbEntity
  8
Sketch064
100
AcDbLine
 10
19.515468544
 20
-5.921370543
 30
0.000000000
 11
21.460999305
 21
-6.881004946
 31
0.000000000
  0
ELLIPSE
  5
AB9
330
A02
100
AcDbEntity
  8
Sketch064
100
AcDbEllipse
 10
18.419897832
 20
-6.928134970
 30
0.000000000
 11
-1.990640837
 21
-4.035758796
 31
0.000000000
 40
0.632255021
 41
1.884247017
 42
3.141592654
  0
ELLIPSE
  5
ABA
330
A02
100
AcDbEntity
  8
Sketch064
100
AcDbEllipse
 10
18.419897832
 20
-6.928134970
 30
0.000000000
 11
-1.990640837
 21
-4.035758796
 31
0.000000000
 40
0.632255021
 41
3.141592654
 42
3.455043344
  0
LINE
  5
ABB
330
A02
100
AcDbEntity
  8
Sketch064
100
AcDbLine
 10
17.837267429
 20
-2.727122636
 30
0.000000000
 11
19.526768248
 21
-2.700939290
 31
0.000000000
  0
ELLIPSE
  5
ABC
330
A02
100
AcDbEntity
  8
Sketch064
100
AcDbEllipse
 10
16.730397013
 20
-6.954318316
 30
0.000000000
 11
-1.990640837
 21
-4.035758796
 31
0.000000000
 40
0.632255021
 41
3.455043344
 42
5.025839670
  0
LINE
  5
ABD
330
A02
100
AcDbEntity
  8
Sketch064
100
AcDbLine
 10
12.090482717
 20
-13.107397654
 30
0.000000000
 11
13.689295540
 21
-7.001448339
 31
0.000000000
  0
ELLIPSE
  5
ABE
330
A02
100
AcDbEntity
  8
Sketch064
100
AcDbEllipse
 10
15.131584191
 20
-13.060267631
 30
0.000000000
 11
-1.990640837
 21
-4.035758796
 31
0.000000000
 40
0.632255021
 41
5.025839670
 42
0.000000000
  0
ELLIPSE
  5
ABF
330
A02
100
AcDbEntity
  8
Sketch064
100
AcDbEllipse
 10
15.131584191
 20
-13.060267631
 30
0.000000000
 11
-1.990640837
 21
-4.035758796
 31
0.000000000
 40
0.632255021
 41
0.000000000
 42
0.313450690
  0
LINE
  5
AC0
330
A02
100
AcDbEntity
  8
Sketch064
100
AcDbLine
 10
12.451159929
 20
-16.511306780
 30
0.000000000
 11
14.024713775
 21
-17.287463311
 31
0.000000000
  0
LINE
  5
AC1
330
A02
100
AcDbEntity
  8
Sketch064
100
AcDbLine
 10
13.768683833
 20
-16.301645561
 30
0.000000000
 11
12.326013548
 21
-16.324003606
 31
0.000000000
  0
ELLIPSE
  5
AC2
330
A02
100
AcDbEntity
  8
Sketch064
100
AcDbEllipse
 10
14.875554248
 20
-12.074449881
 30
0.000000000
 11
-1.990640837
 21
-4.035758796
 31
0.000000000
 40
0.632255021
 41
0.313450690
 42
1.884247017
  0
LINE
  5
AC3
330
A02
100
AcDbEntity
  8
Sketch064
100
AcDbLine
 10
19.515468544
 20
-5.921370543
 30
0.000000000
 11
17.916655722
 21
-12.027319858
 31
0.000000000
  0
ELLIPSE
  5
AC4
330
A02
100
AcDbEntity
  8
Sketch064
100
AcDbEllipse
 10
16.474367071
 20
-5.968500566
 30
0.000000000
 11
-1.990640837
 21
-4.035758796
 31
0.000000000
 40
0.632255021
 41
1.884247017
 42
2.755131318
  0
LINE
  5
AC5
330
A02
100
AcDbEntity
  8
Sketch064
100
AcDbLine
 10
24.427700215
 20
-6.765838136
 30
0.000000000
 11
26.373230977
 21
-7.725472539
 31
0.000000000
  0
ELLIPSE
  5
AC6
330
A02
100
AcDbEntity
  8
Sketch064
100
AcDbEllipse
 10
24.683730158
 20
-7.751655885
 30
0.000000000
 11
-1.105911576
 21
-2.242088220
 31
0.000000000
 40
0.632255021
 41
1.884247017
 42
3.141592654
  0
ELLIPSE
  5
AC7
330
A02
100
AcDbEntity
  8
Sketch064
100
AcDbEllipse
 10
24.683730158
 20
-7.751655885
 30
0.000000000
 11
-1.105911576
 21
-2.242088220
 31
0.000000000
 40
0.632255021
 41
3.141592654
 42
5.025839670
  0
LINE
  5
AC8
330
A02
100
AcDbEntity
  8
Sketch064
100
AcDbLine
 10
22.994229339
 20
-7.777839232
 30
0.000000000
 11
21.985747405
 21
-11.629284184
 31
0.000000000
  0
ELLIPSE
  5
AC9
330
A02
100
AcDbEntity
  8
Sketch064
100
AcDbEllipse
 10
21.729717463
 20
-10.643466435
 30
0.000000000
 11
-1.105911576
 21
-2.242088220
 31
0.000000000
 40
0.632255021
 41
0.756279054
 42
1.884247017
  0
LINE
  5
ACA
330
A02
100
AcDbEntity
  8
Sketch064
100
AcDbLine
 10
23.419218281
 20
-10.617283088
 30
0.000000000
 11
25.364749042
 21
-11.576917491
 31
0.000000000
  0
LINE
  5
ACB
330
A02
100
AcDbEntity
  8
Sketch064
100
AcDbLine
 10
26.373230977
 20
-7.725472539
 30
0.000000000
 11
25.364749042
 21
-11.576917491
 31
0.000000000
  0
ELLIPSE
  5
ACC
330
A02
100
AcDbEntity
  8
Sketch064
100
AcDbEllipse
 10
23.675248224
 20
-11.603100838
 30
0.000000000
 11
-1.105911576
 21
-2.242088220
 31
0.000000000
 40
0.632255021
 41
0.000000000
 42
1.884247017
  0
ELLIPSE
  5
ACD
330
A02
100
AcDbEntity
  8
Sketch064
100
AcDbEllipse
 10
23.675248224
 20
-11.603100838
 30
0.000000000
 11
-1.105911576
 21
-2.242088220
 31
0.000000000
 40
0.632255021
 41
5.025839670
 42
0.000000000
  0
LINE
  5
ACE
330
A02
100
AcDbEntity
  8
Sketch064
100
AcDbLine
 10
24.427700215
 20
-6.765838136
 30
0.000000000
 11
23.419218281
 21
-10.617283088
 31
0.000000000
  0
ELLIPSE
  5
ACF
330
A02
100
AcDbEntity
  8
Sketch064
100
AcDbEllipse
 10
22.738199397
 20
-6.792021482
 30
0.000000000
 11
-1.105911576
 21
-2.242088220
 31
0.000000000
 40
0.632255021
 41
1.884247017
 42
2.385313600
  0
LINE
  5
AD0
330
A02
100
AcDbEntity
  8
Sketch064
100
AcDbLine
 10
-9.693919078
 20
-33.458793817
 30
0.000000000
 11
-9.693919078
 21
-34.786300307
 31
0.000000000
  0
LINE
  5
AD1
330
A02
100
AcDbEntity
  8
Sketch064
100
AcDbLine
 10
-9.693919078
 20
-34.786300307
 30
0.000000000
 11
-1.063858833
 21
-30.812770154
 31
0.000000000
  0
LINE
  5
AD2
330
A02
100
AcDbEntity
  8
Sketch064
100
AcDbLine
 10
-2.455842401
 20
-30.126173289
 30
0.000000000
 11
-1.063858833
 21
-30.812770154
 31
0.000000000
  0
LINE
  5
AD3
330
A02
100
AcDbEntity
  8
Sketch064
100
AcDbLine
 10
-1.063858833
 20
-29.485263664
 30
0.000000000
 11
-1.063858833
 21
-30.812770154
 31
0.000000000
  0
LINE
  5
AD4
330
A02
100
AcDbEntity
  8
Sketch064
100
AcDbLine
 10
-9.693919078
 20
-33.458793817
 30
0.000000000
 11
-1.063858833
 21
-29.485263664
 31
0.000000000
  0
LINE
  5
AD5
330
A02
100
AcDbEntity
  8
Sketch064
100
AcDbLine
 10
27.099524869
 20
-8.509446776
 30
0.000000000
 11
28.119983363
 21
-8.493632035
 31
0.000000000
  0
LINE
  5
AD6
330
A02
100
AcDbEntity
  8
Sketch064
100
AcDbLine
 10
28.119983363
 20
-8.493632035
 30
0.000000000
 11
25.168328921
 21
-19.766153847
 31
0.000000000
  0
LINE
  5
AD7
330
A02
100
AcDbEntity
  8
Sketch064
100
AcDbLine
 10
24.268260075
 20
-19.322194262
 30
0.000000000
 11
25.168328921
 21
-19.766153847
 31
0.000000000
  0
LINE
  5
AD8
330
A02
100
AcDbEntity
  8
Sketch064
100
AcDbLine
 10
24.147870427
 20
-19.781968589
 30
0.000000000
 11
25.168328921
 21
-19.766153847
 31
0.000000000
  0
LINE
  5
AD9
330
A02
100
AcDbEntity
  8
Sketch064
100
AcDbLine
 10
27.099524869
 20
-8.509446776
 30
0.000000000
 11
24.147870427
 21
-19.781968589
 31
0.000000000
  0
LINE
  5
ADA
330
A02
100
AcDbEntity
  8
Sketch064
100
AcDbLine
 10
34.970603380
 20
21.550611390
 30
0.000000000
 11
35.991061875
 21
21.566426132
 31
0.000000000
  0
LINE
  5
ADB
330
A02
100
AcDbEntity
  8
Sketch064
100
AcDbLine
 10
35.991061875
 20
21.566426132
 30
0.000000000
 11
33.039407433
 21
10.293904319
 31
0.000000000
  0
LINE
  5
ADC
330
A02
100
AcDbEntity
  8
Sketch064
100
AcDbLine
 10
32.139338586
 20
10.737863905
 30
0.000000000
 11
33.039407433
 21
10.293904319
 31
0.000000000
  0
LINE
  5
ADD
330
A02
100
AcDbEntity
  8
Sketch064
100
AcDbLine
 10
32.018948938
 20
10.278089578
 30
0.000000000
 11
33.039407433
 21
10.293904319
 31
0.000000000
  0
LINE
  5
ADE
330
A02
100
AcDbEntity
  8
Sketch064
100
AcDbLine
 10
34.970603380
 20
21.550611390
 30
0.000000000
 11
32.018948938
 21
10.278089578
 31
0.000000000
  0
LINE
  5
ADF
330
A02
100
AcDbEntity
  8
Sketch064
100
AcDbLine
 10
-21.422672850
 20
-17.089315600
 30
0.000000000
 11
-21.577891767
 21
-17.160782894
 31
0.000000000
  0
ELLIPSE
  5
AE0
330
A02
100
AcDbEntity
  8
Sketch064
100
AcDbEllipse
 10
-21.712137149
 20
-17.222593363
 30
0.000000000
 11
-0.082574731
 21
-0.167409254
 31
0.000000000
 40
0.632255021
 41
2.233312867
 42
2.719773403
  0
LINE
  5
AE1
330
A02
100
AcDbEntity
  8
Sketch064
100
AcDbLine
 10
-21.711487422
 20
-17.094886744
 30
0.000000000
 11
-21.577891767
 21
-17.160782894
 31
0.000000000
  0
ELLIPSE
  5
AE2
330
A02
100
AcDbEntity
  8
Sketch064
100
AcDbEllipse
 10
-21.712137149
 20
-17.222593363
 30
0.000000000
 11
-0.082574731
 21
-0.167409254
 31
0.000000000
 40
0.632255021
 41
5.374905521
 42
5.992957081
  0
ELLIPSE
  5
AE3
330
A02
100
AcDbEntity
  8
Sketch064
100
AcDbEllipse
 10
-21.712137149
 20
-17.222593363
 30
0.000000000
 11
-0.082574731
 21
-0.167409254
 31
0.000000000
 40
0.632255021
 41
4.218206490
 42
5.374905521
  0
LINE
  5
AE4
330
A02
100
AcDbEntity
  8
Sketch064
100
AcDbLine
 10
-21.846382530
 20
-17.284403832
 30
0.000000000
 11
-28.877484391
 21
-20.521727148
 31
0.000000000
  0
ELLIPSE
  5
AE5
330
A02
100
AcDbEntity
  8
Sketch064
100
AcDbEllipse
 10
-29.011729772
 20
-20.583537617
 30
0.000000000
 11
-0.082574731
 21
-0.167409254
 31
0.000000000
 40
0.632255021
 41
2.233312867
 42
3.141592654
  0
ELLIPSE
  5
AE6
330
A02
100
AcDbEntity
  8
Sketch064
100
AcDbEllipse
 10
-29.011729772
 20
-20.583537617
 30
0.000000000
 11
-0.082574731
 21
-0.167409254
 31
0.000000000
 40
0.632255021
 41
3.141592654
 42
5.374905521
  0
LINE
  5
AE7
330
A02
100
AcDbEntity
  8
Sketch064
100
AcDbLine
 10
-29.145975154
 20
-20.645348086
 30
0.000000000
 11
-29.796594439
 21
-20.944912084
 31
0.000000000
  0
ELLIPSE
  5
AE8
330
A02
100
AcDbEntity
  8
Sketch064
100
AcDbEllipse
 10
-29.011729772
 20
-20.583537617
 30
0.000000000
 11
-0.082574731
 21
-0.167409254
 31
0.000000000
 40
0.632255021
 41
1.775222878
 42
2.233312867
  0
LINE
  5
AE9
330
A02
100
AcDbEntity
  8
Sketch064
100
AcDbLine
 10
-50.662340554
 20
-30.552107052
 30
0.000000000
 11
-55.846422656
 21
-32.939008877
 31
0.000000000
  0
ELLIPSE
  5
AEA
330
A02
100
AcDbEntity
  8
Sketch064
100
AcDbEllipse
 10
-55.980668038
 20
-33.000819346
 30
0.000000000
 11
-0.082574731
 21
-0.167409254
 31
0.000000000
 40
0.632255021
 41
2.233312867
 42
3.141592654
  0
ELLIPSE
  5
AEB
330
A02
100
AcDbEntity
  8
Sketch064
100
AcDbEllipse
 10
-55.980668038
 20
-33.000819346
 30
0.000000000
 11
-0.082574731
 21
-0.167409254
 31
0.000000000
 40
0.632255021
 41
3.141592654
 42
5.374905521
  0
LINE
  5
AEC
330
A02
100
AcDbEntity
  8
Sketch064
100
AcDbLine
 10
-56.114913419
 20
-33.062629815
 30
0.000000000
 11
-56.294921682
 21
-33.145510843
 31
0.000000000
  0
ELLIPSE
  5
AED
330
A02
100
AcDbEntity
  8
Sketch064
100
AcDbEllipse
 10
-55.980668038
 20
-33.000819346
 30
0.000000000
 11
-0.082574731
 21
-0.167409254
 31
0.000000000
 40
0.632255021
 41
1.775222878
 42
2.233312867
  0
LINE
  5
AEE
330
A02
100
AcDbEntity
  8
Sketch064
100
AcDbLine
 10
-51.647658623
 20
-4.534769181
 30
0.000000000
 11
-54.640715748
 21
-5.912859530
 31
0.000000000
  0
LINE
  5
AEF
330
A02
100
AcDbEntity
  8
Sketch064
100
AcDbLine
 10
-51.647658623
 20
-4.534769181
 30
0.000000000
 11
-51.647658623
 21
-5.862275671
 31
0.000000000
  0
LINE
  5
AF0
330
A02
100
AcDbEntity
  8
Sketch064
100
AcDbLine
 10
-51.647658623
 20
-5.862275671
 30
0.000000000
 11
-51.933933147
 21
-5.994084769
 31
0.000000000
  0
LINE
  5
AF1
330
A02
100
AcDbEntity
  8
Sketch064
100
AcDbLine
 10
-51.647658623
 20
-5.862275671
 30
0.000000000
 11
-53.039642191
 21
-5.175678807
 31
0.000000000
  0
LINE
  5
AF2
330
A02
100
AcDbEntity
  8
Sketch064
100
AcDbLine
 10
40.720016186
 20
-38.962027317
 30
0.000000000
 11
38.706335462
 21
-39.889184353
 31
0.000000000
  0
ELLIPSE
  5
AF3
330
A02
100
AcDbEntity
  8
Sketch064
100
AcDbEllipse
 10
38.428402496
 20
-39.752093724
 30
0.000000000
 11
-0.167290887
 21
0.363336977
 31
0.000000000
 40
0.610857311
 41
3.141592654
 42
4.066497076
  0
LINE
  5
AF4
330
A02
100
AcDbEntity
  8
Sketch064
100
AcDbLine
 10
40.609374107
 20
-39.188273666
 30
0.000000000
 11
38.706335462
 21
-40.064487878
 31
0.000000000
  0
ELLIPSE
  5
AF5
330
A02
100
AcDbEntity
  8
Sketch064
100
AcDbEllipse
 10
40.442083220
 20
-38.824936688
 30
0.000000000
 11
-0.167290887
 21
0.363336977
 31
0.000000000
 40
0.610857311
 41
2.959348358
 42
3.141592654
  0
ELLIPSE
  5
AF6
330
A02
100
AcDbEntity
  8
Sketch064
100
AcDbEllipse
 10
40.442083220
 20
-38.824936688
 30
0.000000000
 11
-0.167290887
 21
0.363336977
 31
0.000000000
 40
0.610857311
 41
3.141592654
 42
4.066497076
  0
LINE
  5
AF7
330
A02
100
AcDbEntity
  8
Sketch064
100
AcDbLine
 10
40.720016186
 20
-38.962027317
 30
0.000000000
 11
40.720016186
 21
-37.069419421
 31
0.000000000
  0
ELLIPSE
  5
AF8
330
A02
100
AcDbEntity
  8
Sketch064
100
AcDbEllipse
 10
40.442083220
 20
-36.932328792
 30
0.000000000
 11
-0.167290887
 21
0.363336977
 31
0.000000000
 40
0.610857311
 41
4.066497076
 42
5.637293403
  0
LINE
  5
AF9
330
A02
100
AcDbEntity
  8
Sketch064
100
AcDbLine
 10
40.442083220
 20
-36.580671443
 30
0.000000000
 11
39.797622107
 21
-36.262790551
 31
0.000000000
  0
LINE
  5
AFA
330
A02
100
AcDbEntity
  8
Sketch064
100
AcDbLine
 10
40.442083220
 20
-36.580671443
 30
0.000000000
 11
38.706335462
 21
-37.379860077
 31
0.000000000
  0
LINE
  5
AFB
330
A02
100
AcDbEntity
  8
Sketch064
100
AcDbLine
 10
38.706335462
 20
-39.889184353
 30
0.000000000
 11
38.706335462
 21
-37.996576456
 31
0.000000000
  0
LINE
  5
AFC
330
A02
100
AcDbEntity
  8
Sketch064
100
AcDbLine
 10
40.720016186
 20
-37.069419421
 30
0.000000000
 11
38.706335462
 21
-37.996576456
 31
0.000000000
  0
LINE
  5
AFD
330
A02
100
AcDbEntity
  8
Sketch064
100
AcDbLine
 10
40.609374107
 20
-35.889036375
 30
0.000000000
 11
38.706335462
 21
-36.765250588
 31
0.000000000
  0
LINE
  5
AFE
330
A02
100
AcDbEntity
  8
Sketch064
100
AcDbLine
 10
40.720016186
 20
-35.662790027
 30
0.000000000
 11
38.706335462
 21
-36.589947063
 31
0.000000000
  0
ELLIPSE
  5
AFF
330
A02
100
AcDbEntity
  8
Sketch064
100
AcDbEllipse
 10
40.442083220
 20
-35.525699398
 30
0.000000000
 11
-0.167290887
 21
0.363336977
 31
0.000000000
 40
0.610857311
 41
3.141592654
 42
4.066497076
  0
LINE
  5
B00
330
A02
100
AcDbEntity
  8
Sketch064
100
AcDbLine
 10
40.720016186
 20
-35.662790027
 30
0.000000000
 11
40.720016186
 21
-20.211845282
 31
0.000000000
  0
LINE
  5
B01
330
A02
100
AcDbEntity
  8
Sketch064
100
AcDbLine
 10
38.706335462
 20
-21.139002318
 30
0.000000000
 11
40.720016186
 21
-20.211845282
 31
0.000000000
  0
LINE
  5
B02
330
A02
100
AcDbEntity
  8
Sketch064
100
AcDbLine
 10
38.645273456
 20
-21.108883441
 30
0.000000000
 11
38.706335462
 21
-21.139002318
 31
0.000000000
  0
LINE
  5
B03
330
A02
100
AcDbEntity
  8
Sketch064
100
AcDbLine
 10
38.706335462
 20
-36.589947063
 30
0.000000000
 11
38.706335462
 21
-21.139002318
 31
0.000000000
  0
ELLIPSE
  5
B04
330
A02
100
AcDbEntity
  8
Sketch064
100
AcDbEllipse
 10
38.428402496
 20
-36.452856434
 30
0.000000000
 11
-0.167290887
 21
0.363336977
 31
0.000000000
 40
0.610857311
 41
3.141592654
 42
4.066497076
  0
LINE
  5
B05
330
A02
100
AcDbEntity
  8
Sketch064
100
AcDbLine
 10
38.575517261
 20
-12.326999608
 30
0.000000000
 11
38.706335462
 21
-12.391525777
 31
0.000000000
  0
LINE
  5
B06
330
A02
100
AcDbEntity
  8
Sketch064
100
AcDbLine
 10
38.706335462
 20
-12.391525777
 30
0.000000000
 11
40.720016186
 21
-11.464368741
 31
0.000000000
  0
LINE
  5
B07
330
A02
100
AcDbEntity
  8
Sketch064
100
AcDbLine
 10
40.720016186
 20
-11.464368741
 30
0.000000000
 11
40.720016186
 21
21.547464840
 31
0.000000000
  0
LINE
  5
B08
330
A02
100
AcDbEntity
  8
Sketch064
100
AcDbLine
 10
38.706335462
 20
20.620307804
 30
0.000000000
 11
40.720016186
 21
21.547464840
 31
0.000000000
  0
LINE
  5
B09
330
A02
100
AcDbEntity
  8
Sketch064
100
AcDbLine
 10
38.645273456
 20
20.650426681
 30
0.000000000
 11
38.706335462
 21
20.620307804
 31
0.000000000
  0
LINE
  5
B0A
330
A02
100
AcDbEntity
  8
Sketch064
100
AcDbLine
 10
38.706335462
 20
-12.391525777
 30
0.000000000
 11
38.706335462
 21
20.620307804
 31
0.000000000
  0
ELLIPSE
  5
B0B
330
A02
100
AcDbEntity
  8
Sketch064
100
AcDbEllipse
 10
38.428402496
 20
44.955819719
 30
0.000000000
 11
-0.167290887
 21
0.363336977
 31
0.000000000
 40
0.610857311
 41
4.066497076
 42
5.637293403
  0
LINE
  5
B0C
330
A02
100
AcDbEntity
  8
Sketch064
100
AcDbLine
 10
40.442083220
 20
46.234634104
 30
0.000000000
 11
38.706335462
 21
45.435445470
 31
0.000000000
  0
LINE
  5
B0D
330
A02
100
AcDbEntity
  8
Sketch064
100
AcDbLine
 10
40.720016186
 20
45.745886126
 30
0.000000000
 11
38.706335462
 21
44.818729090
 31
0.000000000
  0
LINE
  5
B0E
330
A02
100
AcDbEntity
  8
Sketch064
100
AcDbLine
 10
38.706335462
 20
29.367784345
 30
0.000000000
 11
38.706335462
 21
44.818729090
 31
0.000000000
  0
LINE
  5
B0F
330
A02
100
AcDbEntity
  8
Sketch064
100
AcDbLine
 10
38.575517261
 20
29.432310514
 30
0.000000000
 11
38.706335462
 21
29.367784345
 31
0.000000000
  0
LINE
  5
B10
330
A02
100
AcDbEntity
  8
Sketch064
100
AcDbLine
 10
38.706335462
 20
29.367784345
 30
0.000000000
 11
40.720016186
 21
30.294941381
 31
0.000000000
  0
LINE
  5
B11
330
A02
100
AcDbEntity
  8
Sketch064
100
AcDbLine
 10
40.720016186
 20
30.294941381
 30
0.000000000
 11
40.720016186
 21
45.745886126
 31
0.000000000
  0
ELLIPSE
  5
B12
330
A02
100
AcDbEntity
  8
Sketch064
100
AcDbEllipse
 10
40.442083220
 20
45.882976755
 30
0.000000000
 11
-0.167290887
 21
0.363336977
 31
0.000000000
 40
0.610857311
 41
4.066497076
 42
5.637293403
  0
LINE
  5
B13
330
A02
100
AcDbEntity
  8
Sketch064
100
AcDbLine
 10
39.797622107
 20
46.552514996
 30
0.000000000
 11
40.442083220
 21
46.234634104
 31
0.000000000
  0
LINE
  5
B14
330
A02
100
AcDbEntity
  8
Sketch064
100
AcDbLine
 10
40.720016186
 20
47.152515520
 30
0.000000000
 11
38.706335462
 21
46.225358484
 31
0.000000000
  0
ELLIPSE
  5
B15
330
A02
100
AcDbEntity
  8
Sketch064
100
AcDbEllipse
 10
38.428402496
 20
46.362449113
 30
0.000000000
 11
-0.167290887
 21
0.363336977
 31
0.000000000
 40
0.610857311
 41
3.141592654
 42
4.066497076
  0
LINE
  5
B16
330
A02
100
AcDbEntity
  8
Sketch064
100
AcDbLine
 10
40.609374107
 20
46.926269171
 30
0.000000000
 11
38.706335462
 21
46.050054959
 31
0.000000000
  0
ELLIPSE
  5
B17
330
A02
100
AcDbEntity
  8
Sketch064
100
AcDbEllipse
 10
40.442083220
 20
47.289606149
 30
0.000000000
 11
-0.167290887
 21
0.363336977
 31
0.000000000
 40
0.610857311
 41
3.141592654
 42
4.066497076
  0
LINE
  5
B18
330
A02
100
AcDbEntity
  8
Sketch064
100
AcDbLine
 10
40.720016186
 20
47.152515520
 30
0.000000000
 11
40.720016186
 21
49.045123416
 31
0.000000000
  0
ELLIPSE
  5
B19
330
A02
100
AcDbEntity
  8
Sketch064
100
AcDbEllipse
 10
40.442083220
 20
49.182214045
 30
0.000000000
 11
-0.167290887
 21
0.363336977
 31
0.000000000
 40
0.610857311
 41
4.066497076
 42
5.173645794
  0
LINE
  5
B1A
330
A02
100
AcDbEntity
  8
Sketch064
100
AcDbLine
 10
40.566378621
 20
49.435437147
 30
0.000000000
 11
39.330351356
 21
50.827056126
 31
0.000000000
  0
LINE
  5
B1B
330
A02
100
AcDbEntity
  8
Sketch064
100
AcDbLine
 10
39.330351356
 20
50.827056126
 30
0.000000000
 11
37.316670632
 21
49.899899090
 31
0.000000000
  0
LINE
  5
B1C
330
A02
100
AcDbEntity
  8
Sketch064
100
AcDbLine
 10
37.316670632
 20
49.899899090
 30
0.000000000
 11
37.316670632
 21
49.020755719
 31
0.000000000
  0
LINE
  5
B1D
330
A02
100
AcDbEntity
  8
Sketch064
100
AcDbLine
 10
38.552697897
 20
48.508280111
 30
0.000000000
 11
37.316670632
 21
49.899899090
 31
0.000000000
  0
ELLIPSE
  5
B1E
330
A02
100
AcDbEntity
  8
Sketch064
100
AcDbEllipse
 10
38.428402496
 20
48.255057010
 30
0.000000000
 11
-0.167290887
 21
0.363336977
 31
0.000000000
 40
0.610857311
 41
4.732736508
 42
5.173645794
  0
LINE
  5
B1F
330
A02
100
AcDbEntity
  8
Sketch064
100
AcDbLine
 10
40.566378621
 20
49.435437147
 30
0.000000000
 11
38.552697897
 21
48.508280111
 31
0.000000000
  0
LINE
  5
B20
330
A02
100
AcDbEntity
  8
Sketch064
100
AcDbLine
 10
40.720016186
 20
49.045123416
 30
0.000000000
 11
38.706335462
 21
48.117966381
 31
0.000000000
  0
LINE
  5
B21
330
A02
100
AcDbEntity
  8
Sketch064
100
AcDbLine
 10
38.706335462
 20
46.225358484
 30
0.000000000
 11
38.706335462
 21
48.117966381
 31
0.000000000
  0
LINE
  5
B22
330
A02
100
AcDbEntity
  8
Sketch064
100
AcDbLine
 10
30.220183898
 20
52.533085178
 30
0.000000000
 11
31.366285568
 21
52.356327174
 31
0.000000000
  0
ELLIPSE
  5
B23
330
A02
100
AcDbEntity
  8
Sketch064
100
AcDbEllipse
 10
30.148249553
 20
52.908241758
 30
0.000000000
 11
0.167290887
 21
-0.363336977
 31
0.000000000
 40
0.610857311
 41
5.637293403
 42
5.899092790
  0
LINE
  5
B24
330
A02
100
AcDbEntity
  8
Sketch064
100
AcDbLine
 10
32.233864622
 20
53.460242214
 30
0.000000000
 11
30.220183898
 21
52.533085178
 31
0.000000000
  0
LINE
  5
B25
330
A02
100
AcDbEntity
  8
Sketch064
100
AcDbLine
 10
32.161930277
 20
53.483741446
 30
0.000000000
 11
30.148249553
 21
52.556584410
 31
0.000000000
  0
LINE
  5
B26
330
A02
100
AcDbEntity
  8
Sketch064
100
AcDbLine
 10
15.898461449
 20
59.585302319
 30
0.000000000
 11
30.148249553
 21
52.556584410
 31
0.000000000
  0
LINE
  5
B27
330
A02
100
AcDbEntity
  8
Sketch064
100
AcDbLine
 10
15.898461449
 20
59.585302319
 30
0.000000000
 11
15.898461449
 21
59.468464774
 31
0.000000000
  0
LINE
  5
B28
330
A02
100
AcDbEntity
  8
Sketch064
100
AcDbLine
 10
15.898461449
 20
59.585302319
 30
0.000000000
 11
17.912142173
 21
60.512459354
 31
0.000000000
  0
LINE
  5
B29
330
A02
100
AcDbEntity
  8
Sketch064
100
AcDbLine
 10
17.912142173
 20
60.512459354
 30
0.000000000
 11
32.161930277
 21
53.483741446
 31
0.000000000
  0
ELLIPSE
  5
B2A
330
A02
100
AcDbEntity
  8
Sketch064
100
AcDbEllipse
 10
32.161930277
 20
53.835398794
 30
0.000000000
 11
0.167290887
 21
-0.363336977
 31
0.000000000
 40
0.610857311
 41
5.637293403
 42
5.899092790
  0
LINE
  5
B2B
330
A02
100
AcDbEntity
  8
Sketch064
100
AcDbLine
 10
32.233864622
 20
53.460242214
 30
0.000000000
 11
33.379966292
 21
53.283484210
 31
0.000000000
  0
LINE
  5
B2C
330
A02
100
AcDbEntity
  8
Sketch064
100
AcDbLine
 10
-10.487799499
 20
72.600343912
 30
0.000000000
 11
-10.487799499
 21
74.358630654
 31
0.000000000
  0
LINE
  5
B2D
330
A02
100
AcDbEntity
  8
Sketch064
100
AcDbLine
 10
-8.474118775
 20
75.285787689
 30
0.000000000
 11
-10.487799499
 21
74.358630654
 31
0.000000000
  0
LINE
  5
B2E
330
A02
100
AcDbEntity
  8
Sketch064
100
AcDbLine
 10
-8.474118775
 20
75.285787689
 30
0.000000000
 11
-3.323162802
 21
70.998770759
 31
0.000000000
  0
LINE
  5
B2F
330
A02
100
AcDbEntity
  8
Sketch064
100
AcDbLine
 10
-3.323162802
 20
70.998770759
 30
0.000000000
 11
-5.336843526
 21
70.071613723
 31
0.000000000
  0
LINE
  5
B30
330
A02
100
AcDbEntity
  8
Sketch064
100
AcDbLine
 10
-3.251228457
 20
70.951306660
 30
0.000000000
 11
-5.264909181
 21
70.024149624
 31
0.000000000
  0
ELLIPSE
  5
B31
330
A02
100
AcDbEntity
  8
Sketch064
100
AcDbEllipse
 10
-3.251228457
 20
71.302964008
 30
0.000000000
 11
0.167290887
 21
-0.363336977
 31
0.000000000
 40
0.610857311
 41
5.375494015
 42
5.637293403
  0
LINE
  5
B32
330
A02
100
AcDbEntity
  8
Sketch064
100
AcDbLine
 10
-3.251228457
 20
70.951306660
 30
0.000000000
 11
10.998559647
 21
63.922588751
 31
0.000000000
  0
LINE
  5
B33
330
A02
100
AcDbEntity
  8
Sketch064
100
AcDbLine
 10
8.984878923
 20
62.995431716
 30
0.000000000
 11
10.998559647
 21
63.922588751
 31
0.000000000
  0
LINE
  5
B34
330
A02
100
AcDbEntity
  8
Sketch064
100
AcDbLine
 10
8.984878923
 20
62.995431716
 30
0.000000000
 11
8.984878923
 21
62.947139486
 31
0.000000000
  0
LINE
  5
B35
330
A02
100
AcDbEntity
  8
Sketch064
100
AcDbLine
 10
-5.264909181
 20
70.024149624
 30
0.000000000
 11
8.984878923
 21
62.995431716
 31
0.000000000
  0
ELLIPSE
  5
B36
330
A02
100
AcDbEntity
  8
Sketch064
100
AcDbEllipse
 10
-5.264909181
 20
70.375806973
 30
0.000000000
 11
0.167290887
 21
-0.363336977
 31
0.000000000
 40
0.610857311
 41
5.375494015
 42
5.637293403
  0
LINE
  5
B37
330
A02
100
AcDbEntity
  8
Sketch064
100
AcDbLine
 10
-10.487799499
 20
74.358630654
 30
0.000000000
 11
-5.336843526
 21
70.071613723
 31
0.000000000
  0
LINE
  5
B38
330
A02
100
AcDbEntity
  8
Sketch064
100
AcDbLine
 10
12.992056975
 20
-9.664238677
 30
0.000000000
 11
17.901100034
 21
-12.085627586
 31
0.000000000
  0
SPLINE
  5
B39
330
A02
100
AcDbEntity
  8
Sketch064
100
AcDbSpline
210
0
220
0
230
1
 70
8
 71
3
 72
11
 73
7
 74
0
 40
3.665191429
 40
3.665191429
 40
3.665191429
 40
3.665191429
 40
4.651242416
 40
4.651242416
 40
4.651242416
 40
5.637293403
 40
5.637293403
 40
5.637293403
 40
5.637293403
 10
-37.599158235
 20
1.144788490
 30
0.000000000
 10
-37.629454656
 20
1.196267818
 30
0.000000000
 10
-37.639630898
 20
1.269560024
 30
0.000000000
 10
-37.625611241
 20
1.335310607
 30
0.000000000
 10
-37.611402759
 20
1.400986409
 30
0.000000000
 10
-37.573806306
 20
1.455358981
 30
0.000000000
 10
-37.527879761
 20
1.476651385
 30
0.000000000
  0
SPLINE
  5
B3A
330
A02
100
AcDbEntity
  8
Sketch064
100
AcDbSpline
210
0
220
0
230
1
 70
8
 71
3
 72
11
 73
7
 74
0
 40
5.637293403
 40
5.637293403
 40
5.637293403
 40
5.637293403
 40
6.483838130
 40
6.483838130
 40
6.483838130
 40
7.330382858
 40
7.330382858
 40
7.330382858
 40
7.330382858
 10
-37.527879761
 20
1.476651385
 30
0.000000000
 10
-37.486242425
 20
1.494272925
 30
0.000000000
 10
-37.446902980
 20
1.488198911
 30
0.000000000
 10
-37.409861427
 20
1.458429342
 30
0.000000000
 10
-37.375171806
 20
1.428695881
 30
0.000000000
 10
-37.350708290
 20
1.377376458
 30
0.000000000
 10
-37.343911176
 20
1.320079279
 30
0.000000000
  0
LINE
  5
B3B
330
A02
100
AcDbEntity
  8
Sketch064
100
AcDbLine
 10
-30.801133327
 20
-1.907150453
 30
0.000000000
 11
-37.343911176
 21
1.320079279
 31
0.000000000
  0
SPLINE
  5
B3C
330
A02
100
AcDbEntity
  8
Sketch064
100
AcDbSpline
210
0
220
0
230
1
 70
8
 71
2
 72
6
 73
3
 74
0
 40
5.235987756
 40
5.235987756
 40
5.235987756
 40
5.637293403
 40
5.637293403
 40
5.637293403
 10
-30.801133327
 20
-1.907150453
 30
0.000000000
 10
-30.778283744
 20
-1.879672777
 30
0.000000000
 10
-30.750021167
 20
-1.866532088
 30
0.000000000
  0
SPLINE
  5
B3D
330
A02
100
AcDbEntity
  8
Sketch064
100
AcDbSpline
210
0
220
0
230
1
 70
8
 71
3
 72
11
 73
7
 74
0
 40
5.637293403
 40
5.637293403
 40
5.637293403
 40
5.637293403
 40
6.670487767
 40
6.670487767
 40
6.670487767
 40
7.703682132
 40
7.703682132
 40
7.703682132
 40
7.703682132
 10
-30.750021167
 20
-1.866532088
 30
0.000000000
 10
-30.701810760
 20
-1.844454529
 30
0.000000000
 10
-30.647438021
 20
-1.860325500
 30
0.000000000
 10
-30.610553287
 20
-1.907241654
 30
0.000000000
 10
-30.573778519
 20
-1.954331247
 30
0.000000000
 10
-30.556919048
 20
-2.029368267
 30
0.000000000
 10
-30.567308183
 20
-2.099714098
 30
0.000000000
  0
LINE
  5
B3E
330
A02
100
AcDbEntity
  8
Sketch064
100
AcDbLine
 10
-30.801133327
 20
-1.907150453
 30
0.000000000
 11
-30.692415977
 21
-1.857093831
 31
0.000000000
  0
SPLINE
  5
B3F
330
A02
100
AcDbEntity
  8
Sketch064
100
AcDbSpline
210
0
220
0
230
1
 70
8
 71
3
 72
11
 73
7
 74
0
 40
3.665191429
 40
3.665191429
 40
3.665191429
 40
3.665191429
 40
4.651242416
 40
4.651242416
 40
4.651242416
 40
5.637293403
 40
5.637293403
 40
5.637293403
 40
5.637293403
 10
-11.334492960
 20
-11.810275953
 30
0.000000000
 10
-11.364789381
 20
-11.758796625
 30
0.000000000
 10
-11.374965623
 20
-11.685504419
 30
0.000000000
 10
-11.360945966
 20
-11.619753836
 30
0.000000000
 10
-11.346737483
 20
-11.554078034
 30
0.000000000
 10
-11.309141030
 20
-11.499705462
 30
0.000000000
 10
-11.263214486
 20
-11.478413058
 30
0.000000000
  0
SPLINE
  5
B40
330
A02
100
AcDbEntity
  8
Sketch064
100
AcDbSpline
210
0
220
0
230
1
 70
8
 71
3
 72
11
 73
7
 74
0
 40
5.637293403
 40
5.637293403
 40
5.637293403
 40
5.637293403
 40
6.483838130
 40
6.483838130
 40
6.483838130
 40
7.330382858
 40
7.330382858
 40
7.330382858
 40
7.330382858
 10
-11.263214486
 20
-11.478413058
 30
0.000000000
 10
-11.221577149
 20
-11.460791518
 30
0.000000000
 10
-11.182237705
 20
-11.466865532
 30
0.000000000
 10
-11.145196152
 20
-11.496635101
 30
0.000000000
 10
-11.110506530
 20
-11.526368561
 30
0.000000000
 10
-11.086043015
 20
-11.577687985
 30
0.000000000
 10
-11.079245900
 20
-11.634985164
 30
0.000000000
  0
LINE
  5
B41
330
A02
100
AcDbEntity
  8
Sketch064
100
AcDbLine
 10
-4.536468051
 20
-14.862214896
 30
0.000000000
 11
-11.079245900
 21
-11.634985164
 31
0.000000000
  0
SPLINE
  5
B42
330
A02
100
AcDbEntity
  8
Sketch064
100
AcDbSpline
210
0
220
0
230
1
 70
8
 71
2
 72
6
 73
3
 74
0
 40
5.235987756
 40
5.235987756
 40
5.235987756
 40
5.637293403
 40
5.637293403
 40
5.637293403
 10
-4.536468051
 20
-14.862214896
 30
0.000000000
 10
-4.513618468
 20
-14.834737220
 30
0.000000000
 10
-4.485355891
 20
-14.821596531
 30
0.000000000
  0
SPLINE
  5
B43
330
A02
100
AcDbEntity
  8
Sketch064
100
AcDbSpline
210
0
220
0
230
1
 70
8
 71
3
 72
11
 73
7
 74
0
 40
5.637293403
 40
5.637293403
 40
5.637293403
 40
5.637293403
 40
6.670487767
 40
6.670487767
 40
6.670487767
 40
7.703682132
 40
7.703682132
 40
7.703682132
 40
7.703682132
 10
-4.485355891
 20
-14.821596531
 30
0.000000000
 10
-4.437145485
 20
-14.799518972
 30
0.000000000
 10
-4.382772745
 20
-14.815389943
 30
0.000000000
 10
-4.345888011
 20
-14.862306097
 30
0.000000000
 10
-4.309113244
 20
-14.909395690
 30
0.000000000
 10
-4.292253772
 20
-14.984432710
 30
0.000000000
 10
-4.302642907
 20
-15.054778541
 30
0.000000000
  0
LINE
  5
B44
330
A02
100
AcDbEntity
  8
Sketch064
100
AcDbLine
 10
-4.536468051
 20
-14.862214896
 30
0.000000000
 11
-4.427750702
 21
-14.812158273
 31
0.000000000
  0
LINE
  5
B45
330
A02
100
AcDbEntity
  8
Sketch064
100
AcDbLine
 10
8.805755189
 20
1.333557858
 30
0.000000000
 11
10.606301925
 21
0.445436926
 31
0.000000000
  0
LINE
  5
B46
330
A02
100
AcDbEntity
  8
Sketch064
100
AcDbLine
 10
10.606301925
 20
0.445436926
 30
0.000000000
 11
4.963101767
 21
-21.106237951
 31
0.000000000
  0
LINE
  5
B47
330
A02
100
AcDbEntity
  8
Sketch064
100
AcDbLine
 10
4.963101767
 20
-21.106237951
 30
0.000000000
 11
4.574541607
 21
-20.914580382
 31
0.000000000
  0
LINE
  5
B48
330
A02
100
AcDbEntity
  8
Sketch064
100
AcDbLine
 10
4.963101767
 20
-21.106237951
 30
0.000000000
 11
6.855342683
 21
-21.076912604
 31
0.000000000
  0
LINE
  5
B49
330
A02
100
AcDbEntity
  8
Sketch064
100
AcDbLine
 10
12.498542842
 20
0.474762274
 30
0.000000000
 11
6.855342683
 21
-21.076912604
 31
0.000000000
  0
LINE
  5
B4A
330
A02
100
AcDbEntity
  8
Sketch064
100
AcDbLine
 10
12.498542842
 20
0.474762274
 30
0.000000000
 11
10.606301925
 21
0.445436926
 31
0.000000000
  0
LINE
  5
B4B
330
A02
100
AcDbEntity
  8
Sketch064
100
AcDbLine
 10
12.424956967
 20
0.511058558
 30
0.000000000
 11
12.498542842
 21
0.474762274
 31
0.000000000
  0
ELLIPSE
  5
B4C
330
A02
100
AcDbEntity
  8
Sketch064
100
AcDbEllipse
 10
-17.472446942
 20
3.769672223
 30
0.000000000
 11
-0.030991642
 21
1.999759865
 31
0.000000000
 40
0.737010330
 41
0.631705490
 42
2.780333468
  0
LINE
  5
B4D
330
A02
100
AcDbEntity
  8
Sketch064
100
AcDbLine
 10
-19.856630265
 20
1.861593239
 30
0.000000000
 11
-17.772133021
 21
0.833413522
 31
0.000000000
  0
ELLIPSE
  5
B4E
330
A02
100
AcDbEntity
  8
Sketch064
100
AcDbEllipse
 10
-19.364687858
 20
3.740346875
 30
0.000000000
 11
-0.030991642
 21
1.999759865
 31
0.000000000
 40
0.737010330
 41
0.000000000
 42
2.780333468
  0
ELLIPSE
  5
B4F
330
A02
100
AcDbEntity
  8
Sketch064
100
AcDbEllipse
 10
-19.364687858
 20
3.740346875
 30
0.000000000
 11
-0.030991642
 21
1.999759865
 31
0.000000000
 40
0.737010330
 41
5.921926122
 42
0.000000000
  0
LINE
  5
B50
330
A02
100
AcDbEntity
  8
Sketch064
100
AcDbLine
 10
-18.872745451
 20
5.619100510
 30
0.000000000
 11
-16.788248207
 21
4.590920792
 31
0.000000000
  0
ELLIPSE
  5
B51
330
A02
100
AcDbEntity
  8
Sketch064
100
AcDbEllipse
 10
-17.280190614
 20
2.712167157
 30
0.000000000
 11
-0.030991642
 21
1.999759865
 31
0.000000000
 40
0.737010330
 41
3.141592654
 42
5.921926122
  0
ELLIPSE
  5
B52
330
A02
100
AcDbEntity
  8
Sketch064
100
AcDbEllipse
 10
-17.280190614
 20
2.712167157
 30
0.000000000
 11
-0.030991642
 21
1.999759865
 31
0.000000000
 40
0.737010330
 41
2.780333468
 42
3.141592654
  0
LINE
  5
B53
330
A02
100
AcDbEntity
  8
Sketch064
100
AcDbLine
 10
-17.772133021
 20
0.833413522
 30
0.000000000
 11
-16.730265789
 21
0.849560049
 31
0.000000000
  0
LINE
  5
B54
330
A02
100
AcDbEntity
  8
Sketch064
100
AcDbLine
 10
-16.384842599
 20
1.111806052
 30
0.000000000
 11
-17.964389349
 21
1.890918587
 31
0.000000000
  0
LINE
  5
B55
330
A02
100
AcDbEntity
  8
Sketch064
100
AcDbLine
 10
-19.856630265
 20
1.861593239
 30
0.000000000
 11
-17.964389349
 21
1.890918587
 31
0.000000000
  0
LINE
  5
B56
330
A02
100
AcDbEntity
  8
Sketch064
100
AcDbLine
 10
-67.760871620
 20
-3.337734257
 30
0.000000000
 11
-67.716797421
 21
-3.359473886
 31
0.000000000
  0
LINE
  5
B57
330
A02
100
AcDbEntity
  8
Sketch064
100
AcDbLine
 10
-66.371206790
 20
-4.023187402
 30
0.000000000
 11
-66.269362874
 21
-4.073421984
 31
0.000000000
  0
ELLIPSE
  5
B58
330
A02
100
AcDbEntity
  8
Sketch064
100
AcDbEllipse
 10
-52.901880431
 20
-10.666942011
 30
0.000000000
 11
-0.186666667
 21
0.000000000
 31
0.000000000
 40
0.476557377
 41
0.768186849
 42
2.338983176
  0
LINE
  5
B59
330
A02
100
AcDbEntity
  8
Sketch064
100
AcDbLine
 10
-53.036125813
 20
-10.728752480
 30
0.000000000
 11
-54.915561155
 21
-11.594099047
 31
0.000000000
  0
LINE
  5
B5A
330
A02
100
AcDbEntity
  8
Sketch064
100
AcDbLine
 10
-59.287284477
 20
-7.517337017
 30
0.000000000
 11
-53.031582482
 21
-10.602966384
 31
0.000000000
  0
ELLIPSE
  5
B5B
330
A02
100
AcDbEntity
  8
Sketch064
100
AcDbEllipse
 10
-52.901880431
 20
-10.666942011
 30
0.000000000
 11
-0.186666667
 21
0.000000000
 31
0.000000000
 40
0.476557377
 41
3.141592654
 42
5.480575829
  0
ELLIPSE
  5
B5C
330
A02
100
AcDbEntity
  8
Sketch064
100
AcDbEllipse
 10
-52.901880431
 20
-10.666942011
 30
0.000000000
 11
-0.186666667
 21
0.000000000
 31
0.000000000
 40
0.476557377
 41
2.338983176
 42
3.141592654
  0
LINE
  5
B5D
330
A02
100
AcDbEntity
  8
Sketch064
100
AcDbLine
 10
-52.772178381
 20
-10.730917638
 30
0.000000000
 11
-45.979033473
 21
-14.081641096
 31
0.000000000
  0
ELLIPSE
  5
B5E
330
A02
100
AcDbEntity
  8
Sketch064
100
AcDbEllipse
 10
-45.849331422
 20
-14.145616722
 30
0.000000000
 11
-0.186666667
 21
0.000000000
 31
0.000000000
 40
0.476557377
 41
5.480575829
 42
0.000000000
  0
ELLIPSE
  5
B5F
330
A02
100
AcDbEntity
  8
Sketch064
100
AcDbEllipse
 10
-45.849331422
 20
-14.145616722
 30
0.000000000
 11
-0.186666667
 21
0.000000000
 31
0.000000000
 40
0.476557377
 41
0.000000000
 42
0.768186849
  0
LINE
  5
B60
330
A02
100
AcDbEntity
  8
Sketch064
100
AcDbLine
 10
-45.983576804
 20
-14.207427192
 30
0.000000000
 11
-47.863012146
 21
-15.072773758
 31
0.000000000
  0
LINE
  5
B61
330
A02
100
AcDbEntity
  8
Sketch064
100
AcDbLine
 10
-47.863012146
 20
-15.072773758
 30
0.000000000
 11
-54.915561155
 21
-11.594099047
 31
0.000000000
  0
LINE
  5
B62
330
A02
100
AcDbEntity
  8
Sketch064
100
AcDbLine
 10
-54.915561155
 20
-11.594099047
 30
0.000000000
 11
-54.915561155
 21
-14.055700485
 31
0.000000000
  0
LINE
  5
B63
330
A02
100
AcDbEntity
  8
Sketch064
100
AcDbLine
 10
-47.863012146
 20
-17.534375197
 30
0.000000000
 11
-54.915561155
 21
-14.055700485
 31
0.000000000
  0
LINE
  5
B64
330
A02
100
AcDbEntity
  8
Sketch064
100
AcDbLine
 10
-47.863012146
 20
-15.072773758
 30
0.000000000
 11
-47.863012146
 21
-17.534375197
 31
0.000000000
  0
ELLIPSE
  5
B65
330
A02
100
AcDbEntity
  8
Sketch064
100
AcDbEllipse
 10
-45.849331422
 20
-14.145616722
 30
0.000000000
 11
-0.186666667
 21
0.000000000
 31
0.000000000
 40
0.476557377
 41
3.141592654
 42
5.480575829
  0
ELLIPSE
  5
B66
330
A02
100
AcDbEntity
  8
Sketch064
100
AcDbEllipse
 10
-45.849331422
 20
-14.145616722
 30
0.000000000
 11
-0.186666667
 21
0.000000000
 31
0.000000000
 40
0.476557377
 41
2.338983176
 42
3.141592654
  0
LINE
  5
B67
330
A02
100
AcDbEntity
  8
Sketch064
100
AcDbLine
 10
-45.719629371
 20
-14.209592349
 30
0.000000000
 11
-37.272783317
 21
-18.376005050
 31
0.000000000
  0
ELLIPSE
  5
B68
330
A02
100
AcDbEntity
  8
Sketch064
100
AcDbEllipse
 10
-37.143081266
 20
-18.439980677
 30
0.000000000
 11
-0.186666667
 21
0.000000000
 31
0.000000000
 40
0.476557377
 41
3.141592654
 42
5.480575829
  0
ELLIPSE
  5
B69
330
A02
100
AcDbEntity
  8
Sketch064
100
AcDbEllipse
 10
-37.143081266
 20
-18.439980677
 30
0.000000000
 11
-0.186666667
 21
0.000000000
 31
0.000000000
 40
0.476557377
 41
2.338983176
 42
3.141592654
  0
LINE
  5
B6A
330
A02
100
AcDbEntity
  8
Sketch064
100
AcDbLine
 10
-37.013379215
 20
-18.503956304
 30
0.000000000
 11
-30.220234308
 21
-21.854679761
 31
0.000000000
  0
ELLIPSE
  5
B6B
330
A02
100
AcDbEntity
  8
Sketch064
100
AcDbEllipse
 10
-30.090532257
 20
-21.918655388
 30
0.000000000
 11
-0.186666667
 21
0.000000000
 31
0.000000000
 40
0.476557377
 41
5.480575829
 42
0.000000000
  0
ELLIPSE
  5
B6C
330
A02
100
AcDbEntity
  8
Sketch064
100
AcDbEllipse
 10
-30.090532257
 20
-21.918655388
 30
0.000000000
 11
-0.186666667
 21
0.000000000
 31
0.000000000
 40
0.476557377
 41
0.000000000
 42
0.768186849
  0
LINE
  5
B6D
330
A02
100
AcDbEntity
  8
Sketch064
100
AcDbLine
 10
-30.224777639
 20
-21.980465857
 30
0.000000000
 11
-32.104212981
 21
-22.845812424
 31
0.000000000
  0
LINE
  5
B6E
330
A02
100
AcDbEntity
  8
Sketch064
100
AcDbLine
 10
-32.104212981
 20
-22.845812424
 30
0.000000000
 11
-39.156761990
 21
-19.367137712
 31
0.000000000
  0
LINE
  5
B6F
330
A02
100
AcDbEntity
  8
Sketch064
100
AcDbLine
 10
-39.156761990
 20
-19.367137712
 30
0.000000000
 11
-39.156761990
 21
-21.828739151
 31
0.000000000
  0
LINE
  5
B70
330
A02
100
AcDbEntity
  8
Sketch064
100
AcDbLine
 10
-32.104212981
 20
-25.307413863
 30
0.000000000
 11
-39.156761990
 21
-21.828739151
 31
0.000000000
  0
LINE
  5
B71
330
A02
100
AcDbEntity
  8
Sketch064
100
AcDbLine
 10
-32.104212981
 20
-22.845812424
 30
0.000000000
 11
-32.104212981
 21
-25.307413863
 31
0.000000000
  0
ELLIPSE
  5
B72
330
A02
100
AcDbEntity
  8
Sketch064
100
AcDbEllipse
 10
-30.090532257
 20
-21.918655388
 30
0.000000000
 11
-0.186666667
 21
0.000000000
 31
0.000000000
 40
0.476557377
 41
3.141592654
 42
5.480575829
  0
ELLIPSE
  5
B73
330
A02
100
AcDbEntity
  8
Sketch064
100
AcDbEllipse
 10
-30.090532257
 20
-21.918655388
 30
0.000000000
 11
-0.186666667
 21
0.000000000
 31
0.000000000
 40
0.476557377
 41
2.338983176
 42
3.141592654
  0
LINE
  5
B74
330
A02
100
AcDbEntity
  8
Sketch064
100
AcDbLine
 10
-29.960830206
 20
-21.982631015
 30
0.000000000
 11
-23.730257053
 21
-25.055865563
 31
0.000000000
  0
ELLIPSE
  5
B75
330
A02
100
AcDbEntity
  8
Sketch064
100
AcDbEllipse
 10
-37.143081266
 20
-18.439980677
 30
0.000000000
 11
-0.186666667
 21
0.000000000
 31
0.000000000
 40
0.476557377
 41
0.768186849
 42
2.338983176
  0
LINE
  5
B76
330
A02
100
AcDbEntity
  8
Sketch064
100
AcDbLine
 10
-37.277326648
 20
-18.501791146
 30
0.000000000
 11
-39.156761990
 21
-19.367137712
 31
0.000000000
  0
LINE
  5
B77
330
A02
100
AcDbEntity
  8
Sketch064
100
AcDbLine
 10
-0.679163454
 20
-25.009127665
 30
0.000000000
 11
-0.679163454
 21
-22.547526226
 31
0.000000000
  0
LINE
  5
B78
330
A02
100
AcDbEntity
  8
Sketch064
100
AcDbLine
 10
-0.734390016
 20
-24.981887125
 30
0.000000000
 11
-0.679163454
 21
-25.009127665
 31
0.000000000
  0
LINE
  5
B79
330
A02
100
AcDbEntity
  8
Sketch064
100
AcDbLine
 10
-0.679163454
 20
-25.009127665
 30
0.000000000
 11
4.574541607
 21
-22.590169409
 31
0.000000000
  0
LINE
  5
B7A
330
A02
100
AcDbEntity
  8
Sketch064
100
AcDbLine
 10
4.574541607
 20
-22.590169409
 30
0.000000000
 11
4.574541607
 21
-20.128567970
 31
0.000000000
  0
LINE
  5
B7B
330
A02
100
AcDbEntity
  8
Sketch064
100
AcDbLine
 10
-0.679163454
 20
-22.547526226
 30
0.000000000
 11
4.574541607
 21
-20.128567970
 31
0.000000000
  0
LINE
  5
B7C
330
A02
100
AcDbEntity
  8
Sketch064
100
AcDbLine
 10
-2.479710190
 20
-21.659405294
 30
0.000000000
 11
-0.679163454
 21
-22.547526226
 31
0.000000000
  0
ELLIPSE
  5
B7D
330
A02
100
AcDbEntity
  8
Sketch064
100
AcDbEllipse
 10
-52.984882214
 20
-6.126129362
 30
0.000000000
 11
5.000000000
 21
0.000000000
 31
0.000000000
 40
0.476557377
 41
0.542803219
 42
2.338983176
  0
ELLIPSE
  5
B7E
330
A02
100
AcDbEntity
  8
Sketch064
100
AcDbEllipse
 10
-52.984882214
 20
-6.126129362
 30
0.000000000
 11
5.000000000
 21
0.000000000
 31
0.000000000
 40
0.476557377
 41
2.338983176
 42
2.598789434
  0
LINE
  5
B7F
330
A02
100
AcDbEntity
  8
Sketch064
100
AcDbLine
 10
-56.459044287
 20
-4.412496499
 30
0.000000000
 11
-56.459044287
 21
-1.950895060
 31
0.000000000
  0
ELLIPSE
  5
B80
330
A02
100
AcDbEntity
  8
Sketch064
100
AcDbEllipse
 10
-52.984882214
 20
-3.664527923
 30
0.000000000
 11
5.000000000
 21
0.000000000
 31
0.000000000
 40
0.476557377
 41
2.338983176
 42
3.141592654
  0
ELLIPSE
  5
B81
330
A02
100
AcDbEntity
  8
Sketch064
100
AcDbEllipse
 10
-52.984882214
 20
-3.664527923
 30
0.000000000
 11
5.000000000
 21
0.000000000
 31
0.000000000
 40
0.476557377
 41
3.141592654
 42
0.000000000
  0
ELLIPSE
  5
B82
330
A02
100
AcDbEntity
  8
Sketch064
100
AcDbEllipse
 10
-52.984882214
 20
-3.664527923
 30
0.000000000
 11
5.000000000
 21
0.000000000
 31
0.000000000
 40
0.476557377
 41
0.000000000
 42
2.338983176
  0
ELLIPSE
  5
B83
330
A02
100
AcDbEntity
  8
Sketch064
100
AcDbEllipse
 10
-44.574298319
 20
-8.894706516
 30
0.000000000
 11
3.000000000
 21
0.000000000
 31
0.000000000
 40
0.476557377
 41
1.037030468
 42
2.104562185
  0
LINE
  5
B84
330
A02
100
AcDbEntity
  8
Sketch064
100
AcDbLine
 10
-22.796865393
 20
-17.222650476
 30
0.000000000
 11
-22.796865393
 21
-14.761049038
 31
0.000000000
  0
ELLIPSE
  5
B85
330
A02
100
AcDbEntity
  8
Sketch064
100
AcDbEllipse
 10
-21.425646715
 20
-16.295664378
 30
0.000000000
 11
3.500000000
 21
0.000000000
 31
0.000000000
 40
0.476557377
 41
5.854878741
 42
0.000000000
  0
ELLIPSE
  5
B86
330
A02
100
AcDbEntity
  8
Sketch064
100
AcDbEllipse
 10
-21.425646715
 20
-16.295664378
 30
0.000000000
 11
3.500000000
 21
0.000000000
 31
0.000000000
 40
0.476557377
 41
0.000000000
 42
1.973358267
  0
LINE
  5
B87
330
A02
100
AcDbEntity
  8
Sketch064
100
AcDbLine
 10
-22.796865393
 20
-14.761049038
 30
0.000000000
 11
-28.727815368
 21
-15.964592669
 31
0.000000000
  0
LINE
  5
B88
330
A02
100
AcDbEntity
  8
Sketch064
100
AcDbLine
 10
-28.727815368
 20
-18.426194108
 30
0.000000000
 11
-28.727815368
 21
-15.964592669
 31
0.000000000
  0
ELLIPSE
  5
B89
330
A02
100
AcDbEntity
  8
Sketch064
100
AcDbEllipse
 10
-26.377154777
 20
-18.595361823
 30
0.000000000
 11
6.000000000
 21
0.000000000
 31
0.000000000
 40
0.476557377
 41
1.973358267
 42
3.141592654
  0
ELLIPSE
  5
B8A
330
A02
100
AcDbEntity
  8
Sketch064
100
AcDbEllipse
 10
-26.377154777
 20
-18.595361823
 30
0.000000000
 11
6.000000000
 21
0.000000000
 31
0.000000000
 40
0.476557377
 41
3.141592654
 42
5.854878741
  0
LINE
  5
B8B
330
A02
100
AcDbEntity
  8
Sketch064
100
AcDbLine
 10
-20.919132442
 20
-19.782935940
 30
0.000000000
 11
-18.241800353
 21
-16.988415945
 31
0.000000000
  0
ELLIPSE
  5
B8C
330
A02
100
AcDbEntity
  8
Sketch064
100
AcDbEllipse
 10
-21.425646715
 20
-18.757265816
 30
0.000000000
 11
3.500000000
 21
0.000000000
 31
0.000000000
 40
0.476557377
 41
0.745065387
 42
1.973358267
  0
LINE
  5
B8D
330
A02
100
AcDbEntity
  8
Sketch064
100
AcDbLine
 10
-22.796865393
 20
-17.222650476
 30
0.000000000
 11
-28.727815368
 21
-18.426194108
 31
0.000000000
  0
ELLIPSE
  5
B8E
330
A02
100
AcDbEntity
  8
Sketch064
100
AcDbEllipse
 10
-26.377154777
 20
-21.056963262
 30
0.000000000
 11
6.000000000
 21
0.000000000
 31
0.000000000
 40
0.476557377
 41
1.973358267
 42
2.696602941
  0
ELLIPSE
  5
B8F
330
A02
100
AcDbEntity
  8
Sketch064
100
AcDbEllipse
 10
-15.336428058
 20
-24.627669655
 30
0.000000000
 11
5.000000000
 21
0.000000000
 31
0.000000000
 40
0.476557377
 41
1.737689133
 42
2.338983176
  0
ELLIPSE
  5
B90
330
A02
100
AcDbEntity
  8
Sketch064
100
AcDbEllipse
 10
-15.336428058
 20
-24.627669655
 30
0.000000000
 11
5.000000000
 21
0.000000000
 31
0.000000000
 40
0.476557377
 41
2.338983176
 42
2.598789434
  0
ELLIPSE
  5
B91
330
A02
100
AcDbEntity
  8
Sketch064
100
AcDbEllipse
 10
-15.336428058
 20
-22.166068216
 30
0.000000000
 11
5.000000000
 21
0.000000000
 31
0.000000000
 40
0.476557377
 41
3.141592654
 42
3.828043733
  0
ELLIPSE
  5
B92
330
A02
100
AcDbEntity
  8
Sketch064
100
AcDbEllipse
 10
-15.336428058
 20
-22.166068216
 30
0.000000000
 11
5.000000000
 21
0.000000000
 31
0.000000000
 40
0.476557377
 41
2.338983176
 42
3.141592654
  0
LINE
  5
B93
330
A02
100
AcDbEntity
  8
Sketch064
100
AcDbLine
 10
-18.810590132
 20
-22.914036792
 30
0.000000000
 11
-18.810590132
 21
-20.452435353
 31
0.000000000
  0
ELLIPSE
  5
B94
330
A02
100
AcDbEntity
  8
Sketch064
100
AcDbEllipse
 10
-15.336428058
 20
-22.166068216
 30
0.000000000
 11
5.000000000
 21
0.000000000
 31
0.000000000
 40
0.476557377
 41
0.849922619
 42
2.338983176
  0
ELLIPSE
  5
B95
330
A02
100
AcDbEntity
  8
Sketch064
100
AcDbEllipse
 10
-29.472005520
 20
-13.208176088
 30
0.000000000
 11
7.500000000
 21
0.000000000
 31
0.000000000
 40
0.476557377
 41
0.351555809
 42
2.338983176
  0
ELLIPSE
  5
B96
330
A02
100
AcDbEntity
  8
Sketch064
100
AcDbEllipse
 10
-29.472005520
 20
-13.208176088
 30
0.000000000
 11
7.500000000
 21
0.000000000
 31
0.000000000
 40
0.476557377
 41
2.338983176
 42
2.790036845
  0
ELLIPSE
  5
B97
330
A02
100
AcDbEntity
  8
Sketch064
100
AcDbEllipse
 10
-29.472005520
 20
-10.746574650
 30
0.000000000
 11
7.500000000
 21
0.000000000
 31
0.000000000
 40
0.476557377
 41
3.141592654
 42
0.000000000
  0
ELLIPSE
  5
B98
330
A02
100
AcDbEntity
  8
Sketch064
100
AcDbEllipse
 10
-29.472005520
 20
-10.746574650
 30
0.000000000
 11
7.500000000
 21
0.000000000
 31
0.000000000
 40
0.476557377
 41
0.000000000
 42
2.338983176
  0
ELLIPSE
  5
B99
330
A02
100
AcDbEntity
  8
Sketch064
100
AcDbEllipse
 10
-29.472005520
 20
-10.746574650
 30
0.000000000
 11
7.500000000
 21
0.000000000
 31
0.000000000
 40
0.476557377
 41
2.338983176
 42
3.141592654
  0
LINE
  5
B9A
330
A02
100
AcDbEntity
  8
Sketch064
100
AcDbLine
 10
-34.683248630
 20
-10.637726794
 30
0.000000000
 11
-34.683248630
 21
-8.176125355
 31
0.000000000
  0
LINE
  5
B9B
330
A02
100
AcDbEntity
  8
Sketch064
100
AcDbLine
 10
-12.213767586
 20
-11.847722766
 30
0.000000000
 11
-12.213767586
 21
-11.975674020
 31
0.000000000
  0
LINE
  5
B9C
330
A02
100
AcDbEntity
  8
Sketch064
100
AcDbLine
 10
-11.949820154
 20
-11.849887924
 30
0.000000000
 11
-11.949820154
 21
-11.973508862
 31
0.000000000
  0
ELLIPSE
  5
B9D
330
A02
100
AcDbEntity
  8
Sketch064
100
AcDbEllipse
 10
-12.084065536
 20
-11.911698393
 30
0.000000000
 11
-0.186666667
 21
0.000000000
 31
0.000000000
 40
0.476557377
 41
2.338983176
 42
3.141592654
  0
ELLIPSE
  5
B9E
330
A02
100
AcDbEntity
  8
Sketch064
100
AcDbEllipse
 10
-12.084065536
 20
-11.911698393
 30
0.000000000
 11
-0.186666667
 21
0.000000000
 31
0.000000000
 40
0.476557377
 41
3.141592654
 42
3.909779503
  0
LINE
  5
B9F
330
A02
100
AcDbEntity
  8
Sketch064
100
AcDbLine
 10
-11.949820154
 20
-11.849887924
 30
0.000000000
 11
-11.345890911
 21
-11.571821377
 31
0.000000000
  0
LINE
  5
BA0
330
A02
100
AcDbEntity
  8
Sketch064
100
AcDbLine
 10
-3.185502412
 20
-16.300920852
 30
0.000000000
 11
-4.901814476
 21
-15.454348731
 31
0.000000000
  0
LINE
  5
BA1
330
A02
100
AcDbEntity
  8
Sketch064
100
AcDbLine
 10
-4.897271145
 20
-15.328562635
 30
0.000000000
 11
-3.017835803
 21
-14.463216069
 31
0.000000000
  0
ELLIPSE
  5
BA2
330
A02
100
AcDbEntity
  8
Sketch064
100
AcDbEllipse
 10
-5.031516527
 20
-15.390373105
 30
0.000000000
 11
-0.186666667
 21
0.000000000
 31
0.000000000
 40
0.476557377
 41
5.480575829
 42
0.000000000
  0
ELLIPSE
  5
BA3
330
A02
100
AcDbEntity
  8
Sketch064
100
AcDbEllipse
 10
-5.031516527
 20
-15.390373105
 30
0.000000000
 11
-0.186666667
 21
0.000000000
 31
0.000000000
 40
0.476557377
 41
0.000000000
 42
2.338983176
  0
LINE
  5
BA4
330
A02
100
AcDbEntity
  8
Sketch064
100
AcDbLine
 10
-4.897271145
 20
-15.328562635
 30
0.000000000
 11
-4.897271145
 21
-15.456589733
 31
0.000000000
  0
ELLIPSE
  5
BA5
330
A02
100
AcDbEntity
  8
Sketch064
100
AcDbEllipse
 10
-5.031516527
 20
-15.390373105
 30
0.000000000
 11
-0.186666667
 21
0.000000000
 31
0.000000000
 40
0.476557377
 41
3.909779503
 42
5.480575829
  0
LINE
  5
BA6
330
A02
100
AcDbEntity
  8
Sketch064
100
AcDbLine
 10
-5.161218577
 20
-15.326397478
 30
0.000000000
 11
-11.954363485
 21
-11.975674020
 31
0.000000000
  0
ELLIPSE
  5
BA7
330
A02
100
AcDbEntity
  8
Sketch064
100
AcDbEllipse
 10
-12.084065536
 20
-11.911698393
 30
0.000000000
 11
-0.186666667
 21
0.000000000
 31
0.000000000
 40
0.476557377
 41
0.000000000
 42
2.338983176
  0
ELLIPSE
  5
BA8
330
A02
100
AcDbEntity
  8
Sketch064
100
AcDbEllipse
 10
-12.084065536
 20
-11.911698393
 30
0.000000000
 11
-0.186666667
 21
0.000000000
 31
0.000000000
 40
0.476557377
 41
5.480575829
 42
0.000000000
  0
LINE
  5
BA9
330
A02
100
AcDbEntity
  8
Sketch064
100
AcDbLine
 10
-12.213767586
 20
-11.847722766
 30
0.000000000
 11
-31.166479751
 21
-2.499284289
 31
0.000000000
  0
LINE
  5
BAA
330
A02
100
AcDbEntity
  8
Sketch064
100
AcDbLine
 10
-31.161936420
 20
-2.373498193
 30
0.000000000
 11
-29.282501078
 21
-1.508151626
 31
0.000000000
  0
ELLIPSE
  5
BAB
330
A02
100
AcDbEntity
  8
Sketch064
100
AcDbEllipse
 10
-31.296181802
 20
-2.435308662
 30
0.000000000
 11
-0.186666667
 21
0.000000000
 31
0.000000000
 40
0.476557377
 41
5.480575829
 42
0.000000000
  0
ELLIPSE
  5
BAC
330
A02
100
AcDbEntity
  8
Sketch064
100
AcDbEllipse
 10
-31.296181802
 20
-2.435308662
 30
0.000000000
 11
-0.186666667
 21
0.000000000
 31
0.000000000
 40
0.476557377
 41
0.000000000
 42
2.338983176
  0
LINE
  5
BAD
330
A02
100
AcDbEntity
  8
Sketch064
100
AcDbLine
 10
-31.161936420
 20
-2.373498193
 30
0.000000000
 11
-31.161936420
 21
-2.501525290
 31
0.000000000
  0
ELLIPSE
  5
BAE
330
A02
100
AcDbEntity
  8
Sketch064
100
AcDbEllipse
 10
-31.296181802
 20
-2.435308662
 30
0.000000000
 11
-0.186666667
 21
0.000000000
 31
0.000000000
 40
0.476557377
 41
3.909779503
 42
5.480575829
  0
LINE
  5
BAF
330
A02
100
AcDbEntity
  8
Sketch064
100
AcDbLine
 10
-31.425883853
 20
-2.371333035
 30
0.000000000
 11
-38.219028760
 21
0.979390423
 31
0.000000000
  0
ELLIPSE
  5
BB0
330
A02
100
AcDbEntity
  8
Sketch064
100
AcDbEllipse
 10
-38.348730811
 20
1.043366050
 30
0.000000000
 11
-0.186666667
 21
0.000000000
 31
0.000000000
 40
0.476557377
 41
0.000000000
 42
2.338983176
  0
ELLIPSE
  5
BB1
330
A02
100
AcDbEntity
  8
Sketch064
100
AcDbEllipse
 10
-38.348730811
 20
1.043366050
 30
0.000000000
 11
-0.186666667
 21
0.000000000
 31
0.000000000
 40
0.476557377
 41
5.480575829
 42
0.000000000
  0
LINE
  5
BB2
330
A02
100
AcDbEntity
  8
Sketch064
100
AcDbLine
 10
-38.478432862
 20
1.107341677
 30
0.000000000
 11
-47.954788944
 21
5.781560916
 31
0.000000000
  0
LINE
  5
BB3
330
A02
100
AcDbEntity
  8
Sketch064
100
AcDbLine
 10
-38.478432862
 20
1.107341677
 30
0.000000000
 11
-38.478432862
 21
0.979390423
 31
0.000000000
  0
ELLIPSE
  5
BB4
330
A02
100
AcDbEntity
  8
Sketch064
100
AcDbEllipse
 10
-38.348730811
 20
1.043366050
 30
0.000000000
 11
-0.186666667
 21
0.000000000
 31
0.000000000
 40
0.476557377
 41
2.338983176
 42
3.141592654
  0
ELLIPSE
  5
BB5
330
A02
100
AcDbEntity
  8
Sketch064
100
AcDbEllipse
 10
-38.348730811
 20
1.043366050
 30
0.000000000
 11
-0.186666667
 21
0.000000000
 31
0.000000000
 40
0.476557377
 41
3.141592654
 42
3.909779503
  0
LINE
  5
BB6
330
A02
100
AcDbEntity
  8
Sketch064
100
AcDbLine
 10
-38.214485430
 20
1.105176519
 30
0.000000000
 11
-38.214485430
 21
0.981555581
 31
0.000000000
  0
LINE
  5
BB7
330
A02
100
AcDbEntity
  8
Sketch064
100
AcDbLine
 10
-38.214485430
 20
1.105176519
 30
0.000000000
 11
-37.610556187
 21
1.383243066
 31
0.000000000
  0
LINE
  5
BB8
330
A02
100
AcDbEntity
  8
Sketch064
100
AcDbLine
 10
-46.658795563
 20
-7.461284795
 30
0.000000000
 11
-46.658795563
 21
-5.404925360
 31
0.000000000
  0
ELLIPSE
  5
BB9
330
A02
100
AcDbEntity
  8
Sketch064
100
AcDbEllipse
 10
-44.574298319
 20
-6.433105077
 30
0.000000000
 11
3.000000000
 21
0.000000000
 31
0.000000000
 40
0.476557377
 41
2.338983176
 42
3.141592654
  0
ELLIPSE
  5
BBA
330
A02
100
AcDbEntity
  8
Sketch064
100
AcDbEllipse
 10
-44.574298319
 20
-6.433105077
 30
0.000000000
 11
3.000000000
 21
0.000000000
 31
0.000000000
 40
0.476557377
 41
3.141592654
 42
0.000000000
  0
ELLIPSE
  5
BBB
330
A02
100
AcDbEntity
  8
Sketch064
100
AcDbEllipse
 10
-44.574298319
 20
-6.433105077
 30
0.000000000
 11
3.000000000
 21
0.000000000
 31
0.000000000
 40
0.476557377
 41
0.000000000
 42
2.338983176
  0
LINE
  5
BBC
330
A02
100
AcDbEntity
  8
Sketch064
100
AcDbLine
 10
-43.180796842
 20
-9.528579579
 30
0.000000000
 11
-43.180796842
 21
-8.500399862
 31
0.000000000
  0
ELLIPSE
  5
BBD
330
A02
100
AcDbEntity
  8
Sketch064
100
AcDbEllipse
 10
-42.138548220
 20
-9.014489721
 30
0.000000000
 11
1.500000000
 21
0.000000000
 31
0.000000000
 40
0.476557377
 41
2.338983176
 42
3.141592654
  0
ELLIPSE
  5
BBE
330
A02
100
AcDbEntity
  8
Sketch064
100
AcDbEllipse
 10
-42.138548220
 20
-9.014489721
 30
0.000000000
 11
1.500000000
 21
0.000000000
 31
0.000000000
 40
0.476557377
 41
3.141592654
 42
5.480575829
  0
LINE
  5
BBF
330
A02
100
AcDbEntity
  8
Sketch064
100
AcDbLine
 10
-41.382867625
 20
-9.631985038
 30
0.000000000
 11
-41.382867625
 21
-7.672581080
 31
0.000000000
  0
LINE
  5
BC0
330
A02
100
AcDbEntity
  8
Sketch064
100
AcDbLine
 10
-41.096299598
 20
-9.528579579
 30
0.000000000
 11
-39.298370381
 21
-8.700760798
 31
0.000000000
  0
ELLIPSE
  5
BC1
330
A02
100
AcDbEntity
  8
Sketch064
100
AcDbEllipse
 10
-40.340619003
 20
-8.186670939
 30
0.000000000
 11
1.500000000
 21
0.000000000
 31
0.000000000
 40
0.476557377
 41
5.480575829
 42
0.000000000
  0
ELLIPSE
  5
BC2
330
A02
100
AcDbEntity
  8
Sketch064
100
AcDbEllipse
 10
-40.340619003
 20
-8.186670939
 30
0.000000000
 11
1.500000000
 21
0.000000000
 31
0.000000000
 40
0.476557377
 41
0.000000000
 42
2.338983176
  0
LINE
  5
BC3
330
A02
100
AcDbEntity
  8
Sketch064
100
AcDbLine
 10
-43.180796842
 20
-8.500399862
 30
0.000000000
 11
-41.382867625
 21
-7.672581080
 31
0.000000000
  0
LINE
  5
BC4
330
A02
100
AcDbEntity
  8
Sketch064
100
AcDbLine
 10
-48.035801937
 20
-48.079201122
 30
0.000000000
 11
-48.122643520
 21
-48.119185506
 31
0.000000000
  0
LINE
  5
BC5
330
A02
100
AcDbEntity
  8
Sketch064
100
AcDbLine
 10
-32.277002772
 20
-55.852239788
 30
0.000000000
 11
-32.363844354
 21
-55.892224172
 31
0.000000000
  0
LINE
  5
BC6
330
A02
100
AcDbEntity
  8
Sketch064
100
AcDbLine
 10
-24.032441481
 20
-63.108403495
 30
0.000000000
 11
-25.731373356
 21
-61.694423304
 31
0.000000000
  0
ELLIPSE
  5
BC7
330
A02
100
AcDbEntity
  8
Sketch064
100
AcDbEllipse
 10
-25.803307701
 20
-61.998616553
 30
0.000000000
 11
-0.167290887
 21
0.363336977
 31
0.000000000
 40
0.610857311
 41
5.375494015
 42
5.637293403
  0
LINE
  5
BC8
330
A02
100
AcDbEntity
  8
Sketch064
100
AcDbLine
 10
-25.803307701
 20
-61.646959204
 30
0.000000000
 11
-32.173696222
 21
-58.504760629
 31
0.000000000
  0
LINE
  5
BC9
330
A02
100
AcDbEntity
  8
Sketch064
100
AcDbLine
 10
-32.173696222
 20
-58.504760629
 30
0.000000000
 11
-32.173696222
 21
-56.226601617
 31
0.000000000
  0
ELLIPSE
  5
BCA
330
A02
100
AcDbEntity
  8
Sketch064
100
AcDbEllipse
 10
-32.243295269
 20
-56.039745953
 30
0.000000000
 11
-0.083784853
 21
0.181971269
 31
0.000000000
 40
0.610857311
 41
3.019299525
 42
3.141592654
  0
ELLIPSE
  5
BCB
330
A02
100
AcDbEntity
  8
Sketch064
100
AcDbEllipse
 10
-32.243295269
 20
-56.039745953
 30
0.000000000
 11
-0.083784853
 21
0.181971269
 31
0.000000000
 40
0.610857311
 41
3.141592654
 42
5.637293403
  0
ELLIPSE
  5
BCC
330
A02
100
AcDbEntity
  8
Sketch064
100
AcDbEllipse
 10
-32.243295269
 20
-56.039745953
 30
0.000000000
 11
-0.083784853
 21
0.181971269
 31
0.000000000
 40
0.610857311
 41
5.637293403
 42
0.000000000
  0
ELLIPSE
  5
BCD
330
A02
100
AcDbEntity
  8
Sketch064
100
AcDbEllipse
 10
-32.243295269
 20
-56.039745953
 30
0.000000000
 11
-0.083784853
 21
0.181971269
 31
0.000000000
 40
0.610857311
 41
0.000000000
 42
0.401305647
  0
LINE
  5
BCE
330
A02
100
AcDbEntity
  8
Sketch064
100
AcDbLine
 10
-38.897130616
 20
-52.669676172
 30
0.000000000
 11
-32.363844354
 21
-55.892224172
 31
0.000000000
  0
ELLIPSE
  5
BCF
330
A02
100
AcDbEntity
  8
Sketch064
100
AcDbEllipse
 10
-39.017679702
 20
-52.698276113
 30
0.000000000
 11
-0.083784853
 21
0.181971269
 31
0.000000000
 40
0.610857311
 41
4.590095851
 42
5.637293403
  0
ELLIPSE
  5
BD0
330
A02
100
AcDbEntity
  8
Sketch064
100
AcDbEllipse
 10
-39.017679702
 20
-52.698276113
 30
0.000000000
 11
-0.083784853
 21
0.181971269
 31
0.000000000
 40
0.610857311
 41
5.637293403
 42
0.000000000
  0
ELLIPSE
  5
BD1
330
A02
100
AcDbEntity
  8
Sketch064
100
AcDbEllipse
 10
-39.017679702
 20
-52.698276113
 30
0.000000000
 11
-0.083784853
 21
0.181971269
 31
0.000000000
 40
0.610857311
 41
0.000000000
 42
1.972101973
  0
LINE
  5
BD2
330
A02
100
AcDbEntity
  8
Sketch064
100
AcDbLine
 10
-39.087278748
 20
-55.094631232
 30
0.000000000
 11
-39.087278748
 21
-52.816472220
 31
0.000000000
  0
LINE
  5
BD3
330
A02
100
AcDbEntity
  8
Sketch064
100
AcDbLine
 10
-39.087278748
 20
-55.094631232
 30
0.000000000
 11
-47.932495388
 21
-50.731721963
 31
0.000000000
  0
LINE
  5
BD4
330
A02
100
AcDbEntity
  8
Sketch064
100
AcDbLine
 10
-47.932495388
 20
-50.731721963
 30
0.000000000
 11
-47.932495388
 21
-48.453562951
 31
0.000000000
  0
ELLIPSE
  5
BD5
330
A02
100
AcDbEntity
  8
Sketch064
100
AcDbEllipse
 10
-48.002094434
 20
-48.266707288
 30
0.000000000
 11
-0.083784853
 21
0.181971269
 31
0.000000000
 40
0.610857311
 41
3.019299525
 42
3.141592654
  0
ELLIPSE
  5
BD6
330
A02
100
AcDbEntity
  8
Sketch064
100
AcDbEllipse
 10
-48.002094434
 20
-48.266707288
 30
0.000000000
 11
-0.083784853
 21
0.181971269
 31
0.000000000
 40
0.610857311
 41
3.141592654
 42
5.637293403
  0
ELLIPSE
  5
BD7
330
A02
100
AcDbEntity
  8
Sketch064
100
AcDbEllipse
 10
-48.002094434
 20
-48.266707288
 30
0.000000000
 11
-0.083784853
 21
0.181971269
 31
0.000000000
 40
0.610857311
 41
5.637293403
 42
0.000000000
  0
ELLIPSE
  5
BD8
330
A02
100
AcDbEntity
  8
Sketch064
100
AcDbEllipse
 10
-48.002094434
 20
-48.266707288
 30
0.000000000
 11
-0.083784853
 21
0.181971269
 31
0.000000000
 40
0.610857311
 41
0.000000000
 42
0.401305647
  0
LINE
  5
BD9
330
A02
100
AcDbEntity
  8
Sketch064
100
AcDbLine
 10
-54.655929782
 20
-44.896637507
 30
0.000000000
 11
-48.122643520
 21
-48.119185506
 31
0.000000000
  0
ELLIPSE
  5
BDA
330
A02
100
AcDbEntity
  8
Sketch064
100
AcDbEllipse
 10
-54.776478867
 20
-44.925237447
 30
0.000000000
 11
-0.083784853
 21
0.181971269
 31
0.000000000
 40
0.610857311
 41
4.590095851
 42
5.637293403
  0
ELLIPSE
  5
BDB
330
A02
100
AcDbEntity
  8
Sketch064
100
AcDbEllipse
 10
-54.776478867
 20
-44.925237447
 30
0.000000000
 11
-0.083784853
 21
0.181971269
 31
0.000000000
 40
0.610857311
 41
5.637293403
 42
0.000000000
  0
ELLIPSE
  5
BDC
330
A02
100
AcDbEntity
  8
Sketch064
100
AcDbEllipse
 10
-54.776478867
 20
-44.925237447
 30
0.000000000
 11
-0.083784853
 21
0.181971269
 31
0.000000000
 40
0.610857311
 41
0.000000000
 42
1.972101973
  0
LINE
  5
BDD
330
A02
100
AcDbEntity
  8
Sketch064
100
AcDbLine
 10
-54.846077914
 20
-47.321592566
 30
0.000000000
 11
-54.846077914
 21
-45.043433554
 31
0.000000000
  0
LINE
  5
BDE
330
A02
100
AcDbEntity
  8
Sketch064
100
AcDbLine
 10
-54.846077914
 20
-47.321592566
 30
0.000000000
 11
-61.216466435
 21
-44.179393990
 31
0.000000000
  0
ELLIPSE
  5
BDF
330
A02
100
AcDbEntity
  8
Sketch064
100
AcDbEllipse
 10
-61.216466435
 20
-44.531051339
 30
0.000000000
 11
-0.167290887
 21
0.363336977
 31
0.000000000
 40
0.610857311
 41
5.637293403
 42
5.899092790
  0
LINE
  5
BE0
330
A02
100
AcDbEntity
  8
Sketch064
100
AcDbLine
 10
-61.288400780
 20
-44.155894758
 30
0.000000000
 11
-66.439356753
 21
-43.361486445
 31
0.000000000
  0
LINE
  5
BE1
330
A02
100
AcDbEntity
  8
Sketch064
100
AcDbLine
 10
-66.439356753
 20
-43.361486445
 30
0.000000000
 11
-66.439356753
 21
-41.603199703
 31
0.000000000
  0
LINE
  5
BE2
330
A02
100
AcDbEntity
  8
Sketch064
100
AcDbLine
 10
-24.032441481
 20
-59.355524065
 30
0.000000000
 11
-26.972875598
 21
-57.905152889
 31
0.000000000
  0
ELLIPSE
  5
BE3
330
A02
100
AcDbEntity
  8
Sketch064
100
AcDbEllipse
 10
-26.972875598
 20
-58.256810237
 30
0.000000000
 11
-0.167290887
 21
0.363336977
 31
0.000000000
 40
0.610857311
 41
5.637293403
 42
0.000000000
  0
ELLIPSE
  5
BE4
330
A02
100
AcDbEntity
  8
Sketch064
100
AcDbEllipse
 10
-26.972875598
 20
-58.256810237
 30
0.000000000
 11
-0.167290887
 21
0.363336977
 31
0.000000000
 40
0.610857311
 41
0.000000000
 42
2.495700749
  0
LINE
  5
BE5
330
A02
100
AcDbEntity
  8
Sketch064
100
AcDbLine
 10
-26.972875598
 20
-58.608467586
 30
0.000000000
 11
-26.235400860
 21
-58.268912817
 31
0.000000000
  0
LINE
  5
BE6
330
A02
100
AcDbEntity
  8
Sketch064
100
AcDbLine
 10
-26.972875598
 20
-58.608467586
 30
0.000000000
 11
-24.032441481
 21
-60.058838762
 31
0.000000000
  0
LINE
  5
BE7
330
A02
100
AcDbEntity
  8
Sketch064
100
AcDbLine
 10
-15.231541069
 20
-51.468211844
 30
0.000000000
 11
-17.245221792
 21
-52.395368880
 31
0.000000000
  0
LINE
  5
BE8
330
A02
100
AcDbEntity
  8
Sketch064
100
AcDbLine
 10
-15.292603075
 20
-51.438092967
 30
0.000000000
 11
-15.231541069
 21
-51.468211844
 31
0.000000000
  0
LINE
  5
BE9
330
A02
100
AcDbEntity
  8
Sketch064
100
AcDbLine
 10
-15.231541069
 20
-51.468211844
 30
0.000000000
 11
-15.231541069
 21
-61.424510521
 31
0.000000000
  0
ELLIPSE
  5
BEA
330
A02
100
AcDbEntity
  8
Sketch064
100
AcDbEllipse
 10
-15.509474035
 20
-61.287419891
 30
0.000000000
 11
0.167290887
 21
-0.363336977
 31
0.000000000
 40
0.610857311
 41
0.000000000
 42
0.924904422
  0
LINE
  5
BEB
330
A02
100
AcDbEntity
  8
Sketch064
100
AcDbLine
 10
-17.245221792
 20
-62.351667556
 30
0.000000000
 11
-15.231541069
 21
-61.424510521
 31
0.000000000
  0
LINE
  5
BEC
330
A02
100
AcDbEntity
  8
Sketch064
100
AcDbLine
 10
-17.355863871
 20
-62.577913905
 30
0.000000000
 11
-15.342183147
 21
-61.650756869
 31
0.000000000
  0
ELLIPSE
  5
BED
330
A02
100
AcDbEntity
  8
Sketch064
100
AcDbEllipse
 10
-17.523154758
 20
-62.214576927
 30
0.000000000
 11
0.167290887
 21
-0.363336977
 31
0.000000000
 40
0.610857311
 41
5.637293403
 42
0.000000000
  0
ELLIPSE
  5
BEE
330
A02
100
AcDbEntity
  8
Sketch064
100
AcDbEllipse
 10
-17.523154758
 20
-62.214576927
 30
0.000000000
 11
0.167290887
 21
-0.363336977
 31
0.000000000
 40
0.610857311
 41
0.000000000
 42
0.924904422
  0
LINE
  5
BEF
330
A02
100
AcDbEntity
  8
Sketch064
100
AcDbLine
 10
-17.245221792
 20
-52.395368880
 30
0.000000000
 11
-17.245221792
 21
-62.351667556
 31
0.000000000
  0
LINE
  5
BF0
330
A02
100
AcDbEntity
  8
Sketch064
100
AcDbLine
 10
-19.045768528
 20
-51.507247948
 30
0.000000000
 11
-17.245221792
 21
-52.395368880
 31
0.000000000
  0
LINE
  5
BF1
330
A02
100
AcDbEntity
  8
Sketch064
100
AcDbLine
 10
-19.045768528
 20
-42.759771407
 30
0.000000000
 11
-17.245221792
 21
-43.647892339
 31
0.000000000
  0
LINE
  5
BF2
330
A02
100
AcDbEntity
  8
Sketch064
100
AcDbLine
 10
-17.245221792
 20
-33.691593662
 30
0.000000000
 11
-17.245221792
 21
-43.647892339
 31
0.000000000
  0
ELLIPSE
  5
BF3
330
A02
100
AcDbEntity
  8
Sketch064
100
AcDbEllipse
 10
-17.523154758
 20
-33.554503033
 30
0.000000000
 11
0.167290887
 21
-0.363336977
 31
0.000000000
 40
0.610857311
 41
0.924904422
 42
2.495700749
  0
LINE
  5
BF4
330
A02
100
AcDbEntity
  8
Sketch064
100
AcDbLine
 10
-17.523154758
 20
-33.202845685
 30
0.000000000
 11
-15.509474035
 21
-32.275688649
 31
0.000000000
  0
LINE
  5
BF5
330
A02
100
AcDbEntity
  8
Sketch064
100
AcDbLine
 10
-16.153935147
 20
-31.957807756
 30
0.000000000
 11
-15.509474035
 21
-32.275688649
 31
0.000000000
  0
LINE
  5
BF6
330
A02
100
AcDbEntity
  8
Sketch064
100
AcDbLine
 10
-17.245221792
 20
-33.691593662
 30
0.000000000
 11
-15.231541069
 21
-32.764436626
 31
0.000000000
  0
ELLIPSE
  5
BF7
330
A02
100
AcDbEntity
  8
Sketch064
100
AcDbEllipse
 10
-15.509474035
 20
-32.627345997
 30
0.000000000
 11
0.167290887
 21
-0.363336977
 31
0.000000000
 40
0.610857311
 41
0.924904422
 42
2.495700749
  0
LINE
  5
BF8
330
A02
100
AcDbEntity
  8
Sketch064
100
AcDbLine
 10
-15.231541069
 20
-32.764436626
 30
0.000000000
 11
-15.231541069
 21
-42.720735303
 31
0.000000000
  0
LINE
  5
BF9
330
A02
100
AcDbEntity
  8
Sketch064
100
AcDbLine
 10
-15.231541069
 20
-42.720735303
 30
0.000000000
 11
-17.245221792
 21
-43.647892339
 31
0.000000000
  0
LINE
  5
BFA
330
A02
100
AcDbEntity
  8
Sketch064
100
AcDbLine
 10
-24.032441481
 20
-29.288820778
 30
0.000000000
 11
-26.972875598
 21
-27.838449601
 31
0.000000000
  0
ELLIPSE
  5
BFB
330
A02
100
AcDbEntity
  8
Sketch064
100
AcDbEllipse
 10
-26.972875598
 20
-28.190106949
 30
0.000000000
 11
-0.167290887
 21
0.363336977
 31
0.000000000
 40
0.610857311
 41
5.637293403
 42
0.000000000
  0
ELLIPSE
  5
BFC
330
A02
100
AcDbEntity
  8
Sketch064
100
AcDbEllipse
 10
-26.972875598
 20
-28.190106949
 30
0.000000000
 11
-0.167290887
 21
0.363336977
 31
0.000000000
 40
0.610857311
 41
0.000000000
 42
2.495700749
  0
LINE
  5
BFD
330
A02
100
AcDbEntity
  8
Sketch064
100
AcDbLine
 10
-26.972875598
 20
-28.541764298
 30
0.000000000
 11
-26.235400860
 21
-28.202209529
 31
0.000000000
  0
LINE
  5
BFE
330
A02
100
AcDbEntity
  8
Sketch064
100
AcDbLine
 10
-26.972875598
 20
-28.541764298
 30
0.000000000
 11
-24.032441481
 21
-29.992135474
 31
0.000000000
  0
LINE
  5
BFF
330
A02
100
AcDbEntity
  8
Sketch064
100
AcDbLine
 10
-18.634886622
 20
-28.610423662
 30
0.000000000
 11
-16.621205898
 21
-27.683266626
 31
0.000000000
  0
LINE
  5
C00
330
A02
100
AcDbEntity
  8
Sketch064
100
AcDbLine
 10
-15.385178634
 20
-29.074885606
 30
0.000000000
 11
-16.621205898
 21
-27.683266626
 31
0.000000000
  0
ELLIPSE
  5
C01
330
A02
100
AcDbEntity
  8
Sketch064
100
AcDbEllipse
 10
-15.509474035
 20
-29.328108707
 30
0.000000000
 11
0.167290887
 21
-0.363336977
 31
0.000000000
 40
0.610857311
 41
0.924904422
 42
2.032053140
  0
LINE
  5
C02
330
A02
100
AcDbEntity
  8
Sketch064
100
AcDbLine
 10
-17.398859357
 20
-30.002042642
 30
0.000000000
 11
-15.385178634
 21
-29.074885606
 31
0.000000000
  0
LINE
  5
C03
330
A02
100
AcDbEntity
  8
Sketch064
100
AcDbLine
 10
-17.245221792
 20
-30.392356372
 30
0.000000000
 11
-15.231541069
 21
-29.465199336
 31
0.000000000
  0
LINE
  5
C04
330
A02
100
AcDbEntity
  8
Sketch064
100
AcDbLine
 10
-15.231541069
 20
-29.465199336
 30
0.000000000
 11
-15.231541069
 21
-31.357807233
 31
0.000000000
  0
ELLIPSE
  5
C05
330
A02
100
AcDbEntity
  8
Sketch064
100
AcDbEllipse
 10
-15.509474035
 20
-31.220716604
 30
0.000000000
 11
0.167290887
 21
-0.363336977
 31
0.000000000
 40
0.610857311
 41
0.000000000
 42
0.924904422
  0
LINE
  5
C06
330
A02
100
AcDbEntity
  8
Sketch064
100
AcDbLine
 10
-17.245221792
 20
-32.284964269
 30
0.000000000
 11
-15.231541069
 21
-31.357807233
 31
0.000000000
  0
LINE
  5
C07
330
A02
100
AcDbEntity
  8
Sketch064
100
AcDbLine
 10
-17.355863871
 20
-32.511210617
 30
0.000000000
 11
-15.342183147
 21
-31.584053581
 31
0.000000000
  0
ELLIPSE
  5
C08
330
A02
100
AcDbEntity
  8
Sketch064
100
AcDbEllipse
 10
-17.523154758
 20
-32.147873640
 30
0.000000000
 11
0.167290887
 21
-0.363336977
 31
0.000000000
 40
0.610857311
 41
5.637293403
 42
0.000000000
  0
ELLIPSE
  5
C09
330
A02
100
AcDbEntity
  8
Sketch064
100
AcDbEllipse
 10
-17.523154758
 20
-32.147873640
 30
0.000000000
 11
0.167290887
 21
-0.363336977
 31
0.000000000
 40
0.610857311
 41
0.000000000
 42
0.924904422
  0
LINE
  5
C0A
330
A02
100
AcDbEntity
  8
Sketch064
100
AcDbLine
 10
-17.245221792
 20
-30.392356372
 30
0.000000000
 11
-17.245221792
 21
-32.284964269
 31
0.000000000
  0
ELLIPSE
  5
C0B
330
A02
100
AcDbEntity
  8
Sketch064
100
AcDbEllipse
 10
-17.523154758
 20
-30.255265743
 30
0.000000000
 11
0.167290887
 21
-0.363336977
 31
0.000000000
 40
0.610857311
 41
0.924904422
 42
2.032053140
  0
LINE
  5
C0C
330
A02
100
AcDbEntity
  8
Sketch064
100
AcDbLine
 10
-17.398859357
 20
-30.002042642
 30
0.000000000
 11
-18.634886622
 21
-28.610423662
 31
0.000000000
  0
LINE
  5
C0D
330
A02
100
AcDbEntity
  8
Sketch064
100
AcDbLine
 10
-18.634886622
 20
-29.489567033
 30
0.000000000
 11
-18.634886622
 21
-28.610423662
 31
0.000000000
  0
LINE
  5
C0E
330
A02
100
AcDbEntity
  8
Sketch064
100
AcDbLine
 10
-47.868279428
 20
-17.549365630
 30
0.000000000
 11
-48.002094434
 21
-17.610977941
 31
0.000000000
  0
LINE
  5
C0F
330
A02
100
AcDbEntity
  8
Sketch064
100
AcDbLine
 10
-38.865421896
 20
-21.972442855
 30
0.000000000
 11
-39.017679702
 21
-22.042546767
 31
0.000000000
  0
LINE
  5
C10
330
A02
100
AcDbEntity
  8
Sketch064
100
AcDbLine
 10
-38.837210794
 20
-21.986358001
 30
0.000000000
 11
-38.897130616
 21
-22.013946826
 31
0.000000000
  0
LINE
  5
C11
330
A02
100
AcDbEntity
  8
Sketch064
100
AcDbLine
 10
-37.073598025
 20
-18.474253334
 30
0.000000000
 11
-37.073598025
 21
-18.522545564
 31
0.000000000
  0
LINE
  5
C12
330
A02
100
AcDbEntity
  8
Sketch064
100
AcDbLine
 10
-39.087278748
 20
-19.401410370
 30
0.000000000
 11
-37.073598025
 21
-18.474253334
 31
0.000000000
  0
LINE
  5
C13
330
A02
100
AcDbEntity
  8
Sketch064
100
AcDbLine
 10
-45.918814664
 20
-14.111344065
 30
0.000000000
 11
-37.073598025
 21
-18.474253334
 31
0.000000000
  0
LINE
  5
C14
330
A02
100
AcDbEntity
  8
Sketch064
100
AcDbLine
 10
-47.932495388
 20
-15.038501101
 30
0.000000000
 11
-45.918814664
 21
-14.111344065
 31
0.000000000
  0
LINE
  5
C15
330
A02
100
AcDbEntity
  8
Sketch064
100
AcDbLine
 10
-54.624221062
 20
-14.199404190
 30
0.000000000
 11
-54.776478867
 21
-14.269508101
 31
0.000000000
  0
LINE
  5
C16
330
A02
100
AcDbEntity
  8
Sketch064
100
AcDbLine
 10
-54.596009959
 20
-14.213319336
 30
0.000000000
 11
-54.655929782
 21
-14.240908161
 31
0.000000000
  0
LINE
  5
C17
330
A02
100
AcDbEntity
  8
Sketch064
100
AcDbLine
 10
-52.832397190
 20
-10.701214668
 30
0.000000000
 11
-52.832397190
 21
-10.749506898
 31
0.000000000
  0
LINE
  5
C18
330
A02
100
AcDbEntity
  8
Sketch064
100
AcDbLine
 10
-54.846077914
 20
-11.628371704
 30
0.000000000
 11
-52.832397190
 21
-10.701214668
 31
0.000000000
  0
LINE
  5
C19
330
A02
100
AcDbEntity
  8
Sketch064
100
AcDbLine
 10
-59.202785711
 20
-7.559016093
 30
0.000000000
 11
-52.832397190
 21
-10.701214668
 31
0.000000000
  0
ELLIPSE
  5
C1A
330
A02
100
AcDbEntity
  8
Sketch064
100
AcDbEllipse
 10
-59.202785711
 20
-7.207358744
 30
0.000000000
 11
-0.167290887
 21
0.363336977
 31
0.000000000
 40
0.610857311
 41
2.233901361
 42
2.495700749
  0
LINE
  5
C1B
330
A02
100
AcDbEntity
  8
Sketch064
100
AcDbLine
 10
-61.216466435
 20
-8.486173128
 30
0.000000000
 11
-59.202785711
 21
-7.559016093
 31
0.000000000
  0
LINE
  5
C1C
330
A02
100
AcDbEntity
  8
Sketch064
100
AcDbLine
 10
-61.288400780
 20
-8.438709029
 30
0.000000000
 11
-59.274720056
 21
-7.511551993
 31
0.000000000
  0
LINE
  5
C1D
330
A02
100
AcDbEntity
  8
Sketch064
100
AcDbLine
 10
-64.425676029
 20
-3.224535063
 30
0.000000000
 11
-59.274720056
 21
-7.511551993
 31
0.000000000
  0
LINE
  5
C1E
330
A02
100
AcDbEntity
  8
Sketch064
100
AcDbLine
 10
-66.439356753
 20
-4.151692099
 30
0.000000000
 11
-64.425676029
 21
-3.224535063
 31
0.000000000
  0
LINE
  5
C1F
330
A02
100
AcDbEntity
  8
Sketch064
100
AcDbLine
 10
-66.439356753
 20
-5.909978841
 30
0.000000000
 11
-66.439356753
 21
-4.151692099
 31
0.000000000
  0
LINE
  5
C20
330
A02
100
AcDbEntity
  8
Sketch064
100
AcDbLine
 10
-66.439356753
 20
-4.151692099
 30
0.000000000
 11
-61.288400780
 21
-8.438709029
 31
0.000000000
  0
ELLIPSE
  5
C21
330
A02
100
AcDbEntity
  8
Sketch064
100
AcDbEllipse
 10
-61.216466435
 20
-8.134515780
 30
0.000000000
 11
-0.167290887
 21
0.363336977
 31
0.000000000
 40
0.610857311
 41
2.233901361
 42
2.495700749
  0
LINE
  5
C22
330
A02
100
AcDbEntity
  8
Sketch064
100
AcDbLine
 10
-61.216466435
 20
-8.486173128
 30
0.000000000
 11
-54.846077914
 21
-11.628371704
 31
0.000000000
  0
LINE
  5
C23
330
A02
100
AcDbEntity
  8
Sketch064
100
AcDbLine
 10
-54.846077914
 20
-11.628371704
 30
0.000000000
 11
-54.846077914
 21
-13.906530715
 31
0.000000000
  0
ELLIPSE
  5
C24
330
A02
100
AcDbEntity
  8
Sketch064
100
AcDbEllipse
 10
-54.776478867
 20
-14.093386379
 30
0.000000000
 11
-0.083784853
 21
0.181971269
 31
0.000000000
 40
0.610857311
 41
6.160892178
 42
0.000000000
  0
ELLIPSE
  5
C25
330
A02
100
AcDbEntity
  8
Sketch064
100
AcDbEllipse
 10
-54.776478867
 20
-14.093386379
 30
0.000000000
 11
-0.083784853
 21
0.181971269
 31
0.000000000
 40
0.610857311
 41
0.000000000
 42
2.495700749
  0
ELLIPSE
  5
C26
330
A02
100
AcDbEntity
  8
Sketch064
100
AcDbEllipse
 10
-54.776478867
 20
-14.093386379
 30
0.000000000
 11
-0.083784853
 21
0.181971269
 31
0.000000000
 40
0.610857311
 41
2.495700749
 42
3.141592654
  0
ELLIPSE
  5
C27
330
A02
100
AcDbEntity
  8
Sketch064
100
AcDbEllipse
 10
-54.776478867
 20
-14.093386379
 30
0.000000000
 11
-0.083784853
 21
0.181971269
 31
0.000000000
 40
0.610857311
 41
3.141592654
 42
3.542898300
  0
LINE
  5
C28
330
A02
100
AcDbEntity
  8
Sketch064
100
AcDbLine
 10
-48.122643520
 20
-17.463456160
 30
0.000000000
 11
-54.655929782
 21
-14.240908161
 31
0.000000000
  0
LINE
  5
C29
330
A02
100
AcDbEntity
  8
Sketch064
100
AcDbLine
 10
-48.062723697
 20
-17.435867335
 30
0.000000000
 11
-48.122643520
 21
-17.463456160
 31
0.000000000
  0
ELLIPSE
  5
C2A
330
A02
100
AcDbEntity
  8
Sketch064
100
AcDbEllipse
 10
-48.002094434
 20
-17.434856219
 30
0.000000000
 11
-0.083784853
 21
0.181971269
 31
0.000000000
 40
0.610857311
 41
1.448503198
 42
2.495700749
  0
ELLIPSE
  5
C2B
330
A02
100
AcDbEntity
  8
Sketch064
100
AcDbEllipse
 10
-48.002094434
 20
-17.434856219
 30
0.000000000
 11
-0.083784853
 21
0.181971269
 31
0.000000000
 40
0.610857311
 41
2.495700749
 42
3.141592654
  0
ELLIPSE
  5
C2C
330
A02
100
AcDbEntity
  8
Sketch064
100
AcDbEllipse
 10
-48.002094434
 20
-17.434856219
 30
0.000000000
 11
-0.083784853
 21
0.181971269
 31
0.000000000
 40
0.610857311
 41
3.141592654
 42
5.113694627
  0
LINE
  5
C2D
330
A02
100
AcDbEntity
  8
Sketch064
100
AcDbLine
 10
-47.932495388
 20
-15.038501101
 30
0.000000000
 11
-47.932495388
 21
-17.316660112
 31
0.000000000
  0
LINE
  5
C2E
330
A02
100
AcDbEntity
  8
Sketch064
100
AcDbLine
 10
-47.932495388
 20
-15.038501101
 30
0.000000000
 11
-39.087278748
 21
-19.401410370
 31
0.000000000
  0
LINE
  5
C2F
330
A02
100
AcDbEntity
  8
Sketch064
100
AcDbLine
 10
-39.087278748
 20
-19.401410370
 30
0.000000000
 11
-39.087278748
 21
-21.679569381
 31
0.000000000
  0
ELLIPSE
  5
C30
330
A02
100
AcDbEntity
  8
Sketch064
100
AcDbEllipse
 10
-39.017679702
 20
-21.866425045
 30
0.000000000
 11
-0.083784853
 21
0.181971269
 31
0.000000000
 40
0.610857311
 41
6.160892178
 42
0.000000000
  0
ELLIPSE
  5
C31
330
A02
100
AcDbEntity
  8
Sketch064
100
AcDbEllipse
 10
-39.017679702
 20
-21.866425045
 30
0.000000000
 11
-0.083784853
 21
0.181971269
 31
0.000000000
 40
0.610857311
 41
0.000000000
 42
2.495700749
  0
ELLIPSE
  5
C32
330
A02
100
AcDbEntity
  8
Sketch064
100
AcDbEllipse
 10
-39.017679702
 20
-21.866425045
 30
0.000000000
 11
-0.083784853
 21
0.181971269
 31
0.000000000
 40
0.610857311
 41
2.495700749
 42
3.141592654
  0
ELLIPSE
  5
C33
330
A02
100
AcDbEntity
  8
Sketch064
100
AcDbEllipse
 10
-39.017679702
 20
-21.866425045
 30
0.000000000
 11
-0.083784853
 21
0.181971269
 31
0.000000000
 40
0.610857311
 41
3.141592654
 42
3.542898300
  0
LINE
  5
C34
330
A02
100
AcDbEntity
  8
Sketch064
100
AcDbLine
 10
-32.363844354
 20
-25.236494826
 30
0.000000000
 11
-38.897130616
 21
-22.013946826
 31
0.000000000
  0
LINE
  5
C35
330
A02
100
AcDbEntity
  8
Sketch064
100
AcDbLine
 10
-32.303924532
 20
-25.208906001
 30
0.000000000
 11
-32.363844354
 21
-25.236494826
 31
0.000000000
  0
ELLIPSE
  5
C36
330
A02
100
AcDbEntity
  8
Sketch064
100
AcDbEllipse
 10
-32.243295269
 20
-25.207894885
 30
0.000000000
 11
-0.083784853
 21
0.181971269
 31
0.000000000
 40
0.610857311
 41
1.448503198
 42
2.495700749
  0
ELLIPSE
  5
C37
330
A02
100
AcDbEntity
  8
Sketch064
100
AcDbEllipse
 10
-32.243295269
 20
-25.207894885
 30
0.000000000
 11
-0.083784853
 21
0.181971269
 31
0.000000000
 40
0.610857311
 41
2.495700749
 42
3.141592654
  0
ELLIPSE
  5
C38
330
A02
100
AcDbEntity
  8
Sketch064
100
AcDbEllipse
 10
-32.243295269
 20
-25.207894885
 30
0.000000000
 11
-0.083784853
 21
0.181971269
 31
0.000000000
 40
0.610857311
 41
3.141592654
 42
5.113694627
  0
LINE
  5
C39
330
A02
100
AcDbEntity
  8
Sketch064
100
AcDbLine
 10
-32.173696222
 20
-22.811539767
 30
0.000000000
 11
-32.173696222
 21
-25.089698778
 31
0.000000000
  0
LINE
  5
C3A
330
A02
100
AcDbEntity
  8
Sketch064
100
AcDbLine
 10
-32.173696222
 20
-22.811539767
 30
0.000000000
 11
-25.803307701
 21
-25.953738342
 31
0.000000000
  0
ELLIPSE
  5
C3B
330
A02
100
AcDbEntity
  8
Sketch064
100
AcDbEllipse
 10
-25.803307701
 20
-25.602080994
 30
0.000000000
 11
-0.167290887
 21
0.363336977
 31
0.000000000
 40
0.610857311
 41
2.495700749
 42
2.757500137
  0
LINE
  5
C3C
330
A02
100
AcDbEntity
  8
Sketch064
100
AcDbLine
 10
-25.731373356
 20
-25.977237575
 30
0.000000000
 11
-23.516524913
 21
-26.318823491
 31
0.000000000
  0
LINE
  5
C3D
330
A02
100
AcDbEntity
  8
Sketch064
100
AcDbLine
 10
-23.717692632
 20
-25.050080539
 30
0.000000000
 11
-22.524706606
 21
-25.234069302
 31
0.000000000
  0
ELLIPSE
  5
C3E
330
A02
100
AcDbEntity
  8
Sketch064
100
AcDbEllipse
 10
-23.789626977
 20
-24.674923958
 30
0.000000000
 11
-0.167290887
 21
0.363336977
 31
0.000000000
 40
0.610857311
 41
2.495700749
 42
2.757500137
  0
LINE
  5
C3F
330
A02
100
AcDbEntity
  8
Sketch064
100
AcDbLine
 10
-30.160015498
 20
-21.884382731
 30
0.000000000
 11
-23.789626977
 21
-25.026581307
 31
0.000000000
  0
LINE
  5
C40
330
A02
100
AcDbEntity
  8
Sketch064
100
AcDbLine
 10
-32.173696222
 20
-22.811539767
 30
0.000000000
 11
-30.160015498
 21
-21.884382731
 31
0.000000000
  0
LINE
  5
C41
330
A02
100
AcDbEntity
  8
Sketch064
100
AcDbLine
 10
-32.109480263
 20
-25.322404295
 30
0.000000000
 11
-32.243295269
 21
-25.384016607
 31
0.000000000
  0
LINE
  5
C42
330
A02
100
AcDbEntity
  8
Sketch064
100
AcDbLine
 10
-25.803307701
 20
-25.953738342
 30
0.000000000
 11
-23.789626977
 21
-25.026581307
 31
0.000000000
  0
LINE
  5
C43
330
A02
100
AcDbEntity
  8
Sketch064
100
AcDbLine
 10
-25.731373356
 20
-25.977237575
 30
0.000000000
 11
-23.717692632
 21
-25.050080539
 31
0.000000000
  0
LINE
  5
C44
330
A02
100
AcDbEntity
  8
Sketch064
100
AcDbLine
 10
-69.496619378
 20
-7.566898057
 30
0.000000000
 11
-60.046898538
 21
-12.227979444
 31
0.000000000
  0
ELLIPSE
  5
C45
330
A02
100
AcDbEntity
  8
Sketch064
100
AcDbEllipse
 10
-60.046898538
 20
-11.876322095
 30
0.000000000
 11
-0.167290887
 21
0.363336977
 31
0.000000000
 40
0.610857311
 41
2.495700749
 42
3.141592654
  0
LINE
  5
C46
330
A02
100
AcDbEntity
  8
Sketch064
100
AcDbLine
 10
-60.046898538
 20
-12.227979444
 30
0.000000000
 11
-59.779713833
 21
-12.104959853
 31
0.000000000
  0
ELLIPSE
  5
C47
330
A02
100
AcDbEntity
  8
Sketch064
100
AcDbEllipse
 10
-60.046898538
 20
-11.876322095
 30
0.000000000
 11
-0.167290887
 21
0.363336977
 31
0.000000000
 40
0.610857311
 41
3.141592654
 42
5.637293403
  0
LINE
  5
C48
330
A02
100
AcDbEntity
  8
Sketch064
100
AcDbLine
 10
-60.046898538
 20
-11.524664747
 30
0.000000000
 11
-69.496619378
 21
-6.863583360
 31
0.000000000
  0
LINE
  5
C49
330
A02
100
AcDbEntity
  8
Sketch064
100
AcDbLine
 10
-69.496619378
 20
-37.633601345
 30
0.000000000
 11
-60.046898538
 21
-42.294682732
 31
0.000000000
  0
ELLIPSE
  5
C4A
330
A02
100
AcDbEntity
  8
Sketch064
100
AcDbEllipse
 10
-60.046898538
 20
-41.943025383
 30
0.000000000
 11
-0.167290887
 21
0.363336977
 31
0.000000000
 40
0.610857311
 41
2.495700749
 42
3.141592654
  0
LINE
  5
C4B
330
A02
100
AcDbEntity
  8
Sketch064
100
AcDbLine
 10
-60.046898538
 20
-42.294682732
 30
0.000000000
 11
-59.779713833
 21
-42.171663141
 31
0.000000000
  0
ELLIPSE
  5
C4C
330
A02
100
AcDbEntity
  8
Sketch064
100
AcDbEllipse
 10
-60.046898538
 20
-41.943025383
 30
0.000000000
 11
-0.167290887
 21
0.363336977
 31
0.000000000
 40
0.610857311
 41
3.141592654
 42
5.637293403
  0
LINE
  5
C4D
330
A02
100
AcDbEntity
  8
Sketch064
100
AcDbLine
 10
-60.046898538
 20
-41.591368035
 30
0.000000000
 11
-69.496619378
 21
-36.930286648
 31
0.000000000
  0
ELLIPSE
  5
C4E
330
A02
100
AcDbEntity
  8
Sketch064
100
AcDbEllipse
 10
-52.403741976
 20
-36.833669634
 30
0.000000000
 11
-3.554931353
 21
7.720910767
 31
0.000000000
 40
0.610857311
 41
4.066497076
 42
0.000000000
  0
ELLIPSE
  5
C4F
330
A02
100
AcDbEntity
  8
Sketch064
100
AcDbEllipse
 10
-52.403741976
 20
-36.833669634
 30
0.000000000
 11
-3.554931353
 21
7.720910767
 31
0.000000000
 40
0.610857311
 41
0.000000000
 42
3.141592654
  0
ELLIPSE
  5
C50
330
A02
100
AcDbEntity
  8
Sketch064
100
AcDbEllipse
 10
-52.403741976
 20
-36.833669634
 30
0.000000000
 11
-3.554931353
 21
7.720910767
 31
0.000000000
 40
0.610857311
 41
3.141592654
 42
4.066497076
  0
LINE
  5
C51
330
A02
100
AcDbEntity
  8
Sketch064
100
AcDbLine
 10
-45.490159450
 20
-49.562718764
 30
0.000000000
 11
-41.529614686
 21
-51.516260227
 31
0.000000000
  0
ELLIPSE
  5
C52
330
A02
100
AcDbEntity
  8
Sketch064
100
AcDbEllipse
 10
-45.490159450
 20
-47.364860336
 30
0.000000000
 11
-1.045568045
 21
2.270856108
 31
0.000000000
 40
0.610857311
 41
0.000000000
 42
2.495700749
  0
ELLIPSE
  5
C53
330
A02
100
AcDbEntity
  8
Sketch064
100
AcDbEllipse
 10
-45.490159450
 20
-47.364860336
 30
0.000000000
 11
-1.045568045
 21
2.270856108
 31
0.000000000
 40
0.610857311
 41
5.637293403
 42
0.000000000
  0
LINE
  5
C54
330
A02
100
AcDbEntity
  8
Sketch064
100
AcDbLine
 10
-45.490159450
 20
-45.167001909
 30
0.000000000
 11
-41.529614686
 21
-47.120543373
 31
0.000000000
  0
ELLIPSE
  5
C55
330
A02
100
AcDbEntity
  8
Sketch064
100
AcDbEllipse
 10
-41.529614686
 20
-49.318401800
 30
0.000000000
 11
-1.045568045
 21
2.270856108
 31
0.000000000
 40
0.610857311
 41
3.141592654
 42
5.637293403
  0
ELLIPSE
  5
C56
330
A02
100
AcDbEntity
  8
Sketch064
100
AcDbEllipse
 10
-41.529614686
 20
-49.318401800
 30
0.000000000
 11
-1.045568045
 21
2.270856108
 31
0.000000000
 40
0.610857311
 41
2.495700749
 42
3.141592654
  0
LINE
  5
C57
330
A02
100
AcDbEntity
  8
Sketch064
100
AcDbLine
 10
-41.529614686
 20
-51.516260227
 30
0.000000000
 11
-39.859710280
 21
-50.747387784
 31
0.000000000
  0
LINE
  5
C58
330
A02
100
AcDbEntity
  8
Sketch064
100
AcDbLine
 10
-39.806430197
 20
-50.445815721
 30
0.000000000
 11
-43.476478726
 21
-48.635561728
 31
0.000000000
  0
LINE
  5
C59
330
A02
100
AcDbEntity
  8
Sketch064
100
AcDbLine
 10
-45.490159450
 20
-49.562718764
 30
0.000000000
 11
-43.476478726
 21
-48.635561728
 31
0.000000000
  0
ELLIPSE
  5
C5A
330
A02
100
AcDbEntity
  8
Sketch064
100
AcDbEllipse
 10
-43.476478726
 20
-46.437703301
 30
0.000000000
 11
-1.045568045
 21
2.270856108
 31
0.000000000
 40
0.610857311
 41
0.798329293
 42
2.495700749
  0
LINE
  5
C5B
330
A02
100
AcDbEntity
  8
Sketch064
100
AcDbLine
 10
-60.185865021
 20
-17.082637007
 30
0.000000000
 11
-51.847876044
 21
-21.195355878
 31
0.000000000
  0
LINE
  5
C5C
330
A02
100
AcDbEntity
  8
Sketch064
100
AcDbLine
 10
-60.185865021
 20
-17.082637007
 30
0.000000000
 11
-58.793881453
 21
-16.441727381
 31
0.000000000
  0
ELLIPSE
  5
C5D
330
A02
100
AcDbEntity
  8
Sketch064
100
AcDbEllipse
 10
-60.185865021
 20
-16.418883762
 30
0.000000000
 11
-0.315761550
 21
0.685798545
 31
0.000000000
 40
0.610857311
 41
0.000000000
 42
2.495700749
  0
ELLIPSE
  5
C5E
330
A02
100
AcDbEntity
  8
Sketch064
100
AcDbEllipse
 10
-60.185865021
 20
-16.418883762
 30
0.000000000
 11
-0.315761550
 21
0.685798545
 31
0.000000000
 40
0.610857311
 41
5.637293403
 42
0.000000000
  0
LINE
  5
C5F
330
A02
100
AcDbEntity
  8
Sketch064
100
AcDbLine
 10
-60.185865021
 20
-15.755130517
 30
0.000000000
 11
-51.847876044
 21
-19.867849387
 31
0.000000000
  0
ELLIPSE
  5
C60
330
A02
100
AcDbEntity
  8
Sketch064
100
AcDbEllipse
 10
-51.847876044
 20
-20.531602633
 30
0.000000000
 11
-0.315761550
 21
0.685798545
 31
0.000000000
 40
0.610857311
 41
3.141592654
 42
5.637293403
  0
ELLIPSE
  5
C61
330
A02
100
AcDbEntity
  8
Sketch064
100
AcDbEllipse
 10
-51.847876044
 20
-20.531602633
 30
0.000000000
 11
-0.315761550
 21
0.685798545
 31
0.000000000
 40
0.610857311
 41
2.495700749
 42
3.141592654
  0
LINE
  5
C62
330
A02
100
AcDbEntity
  8
Sketch064
100
AcDbLine
 10
-51.847876044
 20
-21.195355878
 30
0.000000000
 11
-51.343564914
 21
-20.963156400
 31
0.000000000
  0
ELLIPSE
  5
C63
330
A02
100
AcDbEntity
  8
Sketch064
100
AcDbEllipse
 10
-34.616032160
 20
-45.607469892
 30
0.000000000
 11
-3.554931353
 21
7.720910767
 31
0.000000000
 40
0.610857311
 41
4.066497076
 42
0.000000000
  0
ELLIPSE
  5
C64
330
A02
100
AcDbEntity
  8
Sketch064
100
AcDbEllipse
 10
-34.616032160
 20
-45.607469892
 30
0.000000000
 11
-3.554931353
 21
7.720910767
 31
0.000000000
 40
0.610857311
 41
0.000000000
 42
3.141592654
  0
ELLIPSE
  5
C65
330
A02
100
AcDbEntity
  8
Sketch064
100
AcDbEllipse
 10
-34.616032160
 20
-45.607469892
 30
0.000000000
 11
-3.554931353
 21
7.720910767
 31
0.000000000
 40
0.610857311
 41
3.141592654
 42
4.066497076
  0
LINE
  5
C66
330
A02
100
AcDbEntity
  8
Sketch064
100
AcDbLine
 10
-35.171898092
 20
-29.420793619
 30
0.000000000
 11
-26.833909115
 21
-33.533512490
 31
0.000000000
  0
LINE
  5
C67
330
A02
100
AcDbEntity
  8
Sketch064
100
AcDbLine
 10
-35.171898092
 20
-29.420793619
 30
0.000000000
 11
-33.779914524
 21
-28.779883994
 31
0.000000000
  0
ELLIPSE
  5
C68
330
A02
100
AcDbEntity
  8
Sketch064
100
AcDbEllipse
 10
-35.171898092
 20
-28.757040374
 30
0.000000000
 11
-0.315761550
 21
0.685798545
 31
0.000000000
 40
0.610857311
 41
0.000000000
 42
2.495700749
  0
ELLIPSE
  5
C69
330
A02
100
AcDbEntity
  8
Sketch064
100
AcDbEllipse
 10
-35.171898092
 20
-28.757040374
 30
0.000000000
 11
-0.315761550
 21
0.685798545
 31
0.000000000
 40
0.610857311
 41
5.637293403
 42
0.000000000
  0
LINE
  5
C6A
330
A02
100
AcDbEntity
  8
Sketch064
100
AcDbLine
 10
-35.171898092
 20
-28.093287129
 30
0.000000000
 11
-26.833909115
 21
-32.206006000
 31
0.000000000
  0
ELLIPSE
  5
C6B
330
A02
100
AcDbEntity
  8
Sketch064
100
AcDbEllipse
 10
-26.833909115
 20
-32.869759245
 30
0.000000000
 11
-0.315761550
 21
0.685798545
 31
0.000000000
 40
0.610857311
 41
3.141592654
 42
5.637293403
  0
ELLIPSE
  5
C6C
330
A02
100
AcDbEntity
  8
Sketch064
100
AcDbEllipse
 10
-26.833909115
 20
-32.869759245
 30
0.000000000
 11
-0.315761550
 21
0.685798545
 31
0.000000000
 40
0.610857311
 41
2.495700749
 42
3.141592654
  0
LINE
  5
C6D
330
A02
100
AcDbEntity
  8
Sketch064
100
AcDbLine
 10
-26.833909115
 20
-33.533512490
 30
0.000000000
 11
-26.329597985
 21
-33.301313012
 31
0.000000000
  0
ELLIPSE
  5
C6E
330
A02
100
AcDbEntity
  8
Sketch064
100
AcDbEllipse
 10
-50.390061252
 20
-35.906512599
 30
0.000000000
 11
-3.554931353
 21
7.720910767
 31
0.000000000
 40
0.610857311
 41
0.215133239
 42
2.926459414
  0
ELLIPSE
  5
C6F
330
A02
100
AcDbEntity
  8
Sketch064
100
AcDbEllipse
 10
-32.602351436
 20
-44.680312856
 30
0.000000000
 11
-3.554931353
 21
7.720910767
 31
0.000000000
 40
0.610857311
 41
0.215133239
 42
2.926459414
  0
LINE
  5
C70
330
A02
100
AcDbEntity
  8
Sketch064
100
AcDbLine
 10
21.499346246
 20
-45.429575104
 30
0.000000000
 11
21.643987186
 21
-45.500919349
 31
0.000000000
  0
LINE
  5
C71
330
A02
100
AcDbEntity
  8
Sketch064
100
AcDbLine
 10
21.643987186
 20
-45.500919349
 30
0.000000000
 11
1.830807207
 21
-54.623482325
 31
0.000000000
  0
LINE
  5
C72
330
A02
100
AcDbEntity
  8
Sketch064
100
AcDbLine
 10
1.775580646
 20
-54.596241785
 30
0.000000000
 11
1.830807207
 21
-54.623482325
 31
0.000000000
  0
LINE
  5
C73
330
A02
100
AcDbEntity
  8
Sketch064
100
AcDbLine
 10
1.830807207
 20
-54.623482325
 30
0.000000000
 11
1.830807207
 21
-57.085083764
 31
0.000000000
  0
LINE
  5
C74
330
A02
100
AcDbEntity
  8
Sketch064
100
AcDbLine
 10
21.643987186
 20
-47.962520787
 30
0.000000000
 11
1.830807207
 21
-57.085083764
 31
0.000000000
  0
LINE
  5
C75
330
A02
100
AcDbEntity
  8
Sketch064
100
AcDbLine
 10
21.643987186
 20
-45.500919349
 30
0.000000000
 11
21.643987186
 21
-47.962520787
 31
0.000000000
  0
LINE
  5
C76
330
A02
100
AcDbEntity
  8
Sketch064
100
AcDbLine
 10
-39.799004946
 20
-50.361563895
 30
0.000000000
 11
-43.962861416
 21
-48.307738790
 31
0.000000000
  0
LINE
  5
C77
330
A02
100
AcDbEntity
  8
Sketch064
100
AcDbLine
 10
-55.666777934
 20
-32.899367327
 30
0.000000000
 11
-55.666777934
 21
-32.945604882
 31
0.000000000
  0
ELLIPSE
  5
C78
330
A02
100
AcDbEntity
  8
Sketch064
100
AcDbEllipse
 10
-55.861148778
 20
-32.922486104
 30
0.000000000
 11
-0.200333333
 21
0.000000000
 31
0.000000000
 40
0.476557377
 41
6.027854738
 42
0.000000000
  0
ELLIPSE
  5
C79
330
A02
100
AcDbEntity
  8
Sketch064
100
AcDbEllipse
 10
-55.861148778
 20
-32.922486104
 30
0.000000000
 11
-0.200333333
 21
0.000000000
 31
0.000000000
 40
0.476557377
 41
0.000000000
 42
2.338983176
  0
ELLIPSE
  5
C7A
330
A02
100
AcDbEntity
  8
Sketch064
100
AcDbEllipse
 10
-55.861148778
 20
-32.922486104
 30
0.000000000
 11
-0.200333333
 21
0.000000000
 31
0.000000000
 40
0.476557377
 41
2.338983176
 42
3.141592654
  0
ELLIPSE
  5
C7B
330
A02
100
AcDbEntity
  8
Sketch064
100
AcDbEllipse
 10
-55.861148778
 20
-32.922486104
 30
0.000000000
 11
-0.200333333
 21
0.000000000
 31
0.000000000
 40
0.476557377
 41
3.141592654
 42
3.386180727
  0
LINE
  5
C7C
330
A02
100
AcDbEntity
  8
Sketch064
100
AcDbLine
 10
-55.666777934
 20
-32.899367327
 30
0.000000000
 11
-50.630388593
 21
-30.580467535
 31
0.000000000
  0
LINE
  5
C7D
330
A02
100
AcDbEntity
  8
Sketch064
100
AcDbLine
 10
-28.697839669
 20
-20.482085598
 30
0.000000000
 11
-28.697839669
 21
-20.528323153
 31
0.000000000
  0
ELLIPSE
  5
C7E
330
A02
100
AcDbEntity
  8
Sketch064
100
AcDbEllipse
 10
-28.892210513
 20
-20.505204376
 30
0.000000000
 11
-0.200333333
 21
0.000000000
 31
0.000000000
 40
0.476557377
 41
6.027854738
 42
0.000000000
  0
ELLIPSE
  5
C7F
330
A02
100
AcDbEntity
  8
Sketch064
100
AcDbEllipse
 10
-28.892210513
 20
-20.505204376
 30
0.000000000
 11
-0.200333333
 21
0.000000000
 31
0.000000000
 40
0.476557377
 41
0.000000000
 42
2.338983176
  0
ELLIPSE
  5
C80
330
A02
100
AcDbEntity
  8
Sketch064
100
AcDbEllipse
 10
-28.892210513
 20
-20.505204376
 30
0.000000000
 11
-0.200333333
 21
0.000000000
 31
0.000000000
 40
0.476557377
 41
2.338983176
 42
3.141592654
  0
ELLIPSE
  5
C81
330
A02
100
AcDbEntity
  8
Sketch064
100
AcDbEllipse
 10
-28.892210513
 20
-20.505204376
 30
0.000000000
 11
-0.200333333
 21
0.000000000
 31
0.000000000
 40
0.476557377
 41
3.141592654
 42
3.386180727
  0
LINE
  5
C82
330
A02
100
AcDbEntity
  8
Sketch064
100
AcDbLine
 10
-28.697839669
 20
-20.482085598
 30
0.000000000
 11
-21.935699038
 21
-17.368599836
 31
0.000000000
  0
ELLIPSE
  5
C83
330
A02
100
AcDbEntity
  8
Sketch064
100
AcDbEllipse
 10
-21.880526288
 20
-17.276821502
 30
0.000000000
 11
-0.200333333
 21
0.000000000
 31
0.000000000
 40
0.476557377
 41
1.291785625
 42
2.338983176
  0
ELLIPSE
  5
C84
330
A02
100
AcDbEntity
  8
Sketch064
100
AcDbEllipse
 10
-21.880526288
 20
-17.276821502
 30
0.000000000
 11
-0.200333333
 21
0.000000000
 31
0.000000000
 40
0.476557377
 41
2.338983176
 42
3.141592654
  0
ELLIPSE
  5
C85
330
A02
100
AcDbEntity
  8
Sketch064
100
AcDbEllipse
 10
-21.880526288
 20
-17.276821502
 30
0.000000000
 11
-0.200333333
 21
0.000000000
 31
0.000000000
 40
0.476557377
 41
3.141592654
 42
4.430272232
  0
LINE
  5
C86
330
A02
100
AcDbEntity
  8
Sketch064
100
AcDbLine
 10
-39.156761990
 20
-55.060358574
 30
0.000000000
 11
-39.156761990
 21
-52.598757136
 31
0.000000000
  0
LINE
  5
C87
330
A02
100
AcDbEntity
  8
Sketch064
100
AcDbLine
 10
-39.156761990
 20
-52.598757136
 30
0.000000000
 11
-32.104212981
 21
-56.077431847
 31
0.000000000
  0
LINE
  5
C88
330
A02
100
AcDbEntity
  8
Sketch064
100
AcDbLine
 10
-32.104212981
 20
-58.539033286
 30
0.000000000
 11
-32.104212981
 21
-56.077431847
 31
0.000000000
  0
LINE
  5
C89
330
A02
100
AcDbEntity
  8
Sketch064
100
AcDbLine
 10
-39.156761990
 20
-55.060358574
 30
0.000000000
 11
-32.104212981
 21
-58.539033286
 31
0.000000000
  0
LINE
  5
C8A
330
A02
100
AcDbEntity
  8
Sketch064
100
AcDbLine
 10
-54.915561155
 20
-47.287319909
 30
0.000000000
 11
-54.915561155
 21
-44.825718470
 31
0.000000000
  0
LINE
  5
C8B
330
A02
100
AcDbEntity
  8
Sketch064
100
AcDbLine
 10
-54.915561155
 20
-44.825718470
 30
0.000000000
 11
-47.863012146
 21
-48.304393181
 31
0.000000000
  0
LINE
  5
C8C
330
A02
100
AcDbEntity
  8
Sketch064
100
AcDbLine
 10
-47.863012146
 20
-50.765994620
 30
0.000000000
 11
-47.863012146
 21
-48.304393181
 31
0.000000000
  0
LINE
  5
C8D
330
A02
100
AcDbEntity
  8
Sketch064
100
AcDbLine
 10
-54.915561155
 20
-47.287319909
 30
0.000000000
 11
-47.863012146
 21
-50.765994620
 31
0.000000000
  0
LINE
  5
C8E
330
A02
100
AcDbEntity
  8
Sketch064
100
AcDbLine
 10
-56.053734894
 20
-32.896791516
 30
0.000000000
 11
-56.053734894
 21
-32.948779086
 31
0.000000000
  0
LINE
  5
C8F
330
A02
100
AcDbEntity
  8
Sketch064
100
AcDbLine
 10
-29.084796629
 20
-20.479509787
 30
0.000000000
 11
-29.084796629
 21
-20.531497357
 31
0.000000000
  0
LINE
  5
C90
330
A02
100
AcDbEntity
  8
Sketch064
100
AcDbLine
 10
9.773866338
 20
32.633240249
 30
0.000000000
 11
9.773866338
 21
35.094841687
 31
0.000000000
  0
ELLIPSE
  5
C91
330
A02
100
AcDbEntity
  8
Sketch064
100
AcDbEllipse
 10
9.373866338
 20
32.633240249
 30
0.000000000
 11
0.400000000
 21
0.000000000
 31
0.000000000
 40
0.476557377
 41
5.480575829
 42
0.000000000
  0
LINE
  5
C92
330
A02
100
AcDbEntity
  8
Sketch064
100
AcDbLine
 10
8.103576274
 20
31.783302812
 30
0.000000000
 11
9.651799304
 21
32.496149620
 31
0.000000000
  0
LINE
  5
C93
330
A02
100
AcDbEntity
  8
Sketch064
100
AcDbLine
 10
7.692640024
 20
31.740616867
 30
0.000000000
 11
7.692640024
 21
34.202218306
 31
0.000000000
  0
LINE
  5
C94
330
A02
100
AcDbEntity
  8
Sketch064
100
AcDbLine
 10
5.816950739
 20
34.517370660
 30
0.000000000
 11
6.536122426
 21
34.848498173
 31
0.000000000
  0
LINE
  5
C95
330
A02
100
AcDbEntity
  8
Sketch064
100
AcDbLine
 10
9.651799304
 20
32.496149620
 30
0.000000000
 11
9.651799304
 21
34.957751058
 31
0.000000000
  0
LINE
  5
C96
330
A02
100
AcDbEntity
  8
Sketch064
100
AcDbLine
 10
8.103576274
 20
31.783302812
 30
0.000000000
 11
8.103576274
 21
34.244904251
 31
0.000000000
  0
ELLIPSE
  5
C97
330
A02
100
AcDbEntity
  8
Sketch064
100
AcDbEllipse
 10
7.825643308
 20
31.920393441
 30
0.000000000
 11
0.400000000
 21
0.000000000
 31
0.000000000
 40
0.476557377
 41
4.373427112
 42
5.480575829
  0
LINE
  5
C98
330
A02
100
AcDbEntity
  8
Sketch064
100
AcDbLine
 10
7.692640024
 20
31.740616867
 30
0.000000000
 11
5.816950739
 21
32.055769221
 31
0.000000000
  0
LINE
  5
C99
330
A02
100
AcDbEntity
  8
Sketch064
100
AcDbLine
 10
5.816950739
 20
32.055769221
 30
0.000000000
 11
5.816950739
 21
34.517370660
 31
0.000000000
  0
LINE
  5
C9A
330
A02
100
AcDbEntity
  8
Sketch064
100
AcDbLine
 10
7.692640024
 20
34.202218306
 30
0.000000000
 11
5.816950739
 21
34.517370660
 31
0.000000000
  0
ELLIPSE
  5
C9B
330
A02
100
AcDbEntity
  8
Sketch064
100
AcDbEllipse
 10
7.825643308
 20
34.381994880
 30
0.000000000
 11
0.400000000
 21
0.000000000
 31
0.000000000
 40
0.476557377
 41
4.373427112
 42
5.480575829
  0
LINE
  5
C9C
330
A02
100
AcDbEntity
  8
Sketch064
100
AcDbLine
 10
8.103576274
 20
34.244904251
 30
0.000000000
 11
9.651799304
 21
34.957751058
 31
0.000000000
  0
ELLIPSE
  5
C9D
330
A02
100
AcDbEntity
  8
Sketch064
100
AcDbEllipse
 10
9.373866338
 20
35.094841687
 30
0.000000000
 11
0.400000000
 21
0.000000000
 31
0.000000000
 40
0.476557377
 41
5.480575829
 42
0.000000000
  0
ELLIPSE
  5
C9E
330
A02
100
AcDbEntity
  8
Sketch064
100
AcDbEllipse
 10
9.373866338
 20
35.094841687
 30
0.000000000
 11
0.400000000
 21
0.000000000
 31
0.000000000
 40
0.476557377
 41
0.000000000
 42
0.768186849
  0
LINE
  5
C9F
330
A02
100
AcDbEntity
  8
Sketch064
100
AcDbLine
 10
1.138567567
 20
34.414514873
 30
0.000000000
 11
-0.570166381
 21
35.882730601
 31
0.000000000
  0
ELLIPSE
  5
CA0
330
A02
100
AcDbEntity
  8
Sketch064
100
AcDbEllipse
 10
-0.919967328
 20
35.790274420
 30
0.000000000
 11
-0.400000000
 21
0.000000000
 31
0.000000000
 40
0.476557377
 41
3.647980115
 42
3.909779503
  0
LINE
  5
CA1
330
A02
100
AcDbEntity
  8
Sketch064
100
AcDbLine
 10
-0.632298653
 20
35.922725425
 30
0.000000000
 11
-36.045457387
 21
53.390290639
 31
0.000000000
  0
LINE
  5
CA2
330
A02
100
AcDbEntity
  8
Sketch064
100
AcDbLine
 10
-36.045457387
 20
53.390290639
 30
0.000000000
 11
-36.045457387
 21
55.851892078
 31
0.000000000
  0
LINE
  5
CA3
330
A02
100
AcDbEntity
  8
Sketch064
100
AcDbLine
 10
-36.127193805
 20
53.421259146
 30
0.000000000
 11
-36.127193805
 21
55.882860585
 31
0.000000000
  0
ELLIPSE
  5
CA4
330
A02
100
AcDbEntity
  8
Sketch064
100
AcDbEllipse
 10
-36.333126062
 20
53.257839634
 30
0.000000000
 11
-0.400000000
 21
0.000000000
 31
0.000000000
 40
0.476557377
 41
3.909779503
 42
4.171578891
  0
LINE
  5
CA5
330
A02
100
AcDbEntity
  8
Sketch064
100
AcDbLine
 10
-36.127193805
 20
53.421259146
 30
0.000000000
 11
-42.706691079
 21
55.304229901
 31
0.000000000
  0
LINE
  5
CA6
330
A02
100
AcDbEntity
  8
Sketch064
100
AcDbLine
 10
-42.706691079
 20
55.304229901
 30
0.000000000
 11
-42.706691079
 21
57.765831340
 31
0.000000000
  0
LINE
  5
CA7
330
A02
100
AcDbEntity
  8
Sketch064
100
AcDbLine
 10
-42.706691079
 20
57.765831340
 30
0.000000000
 11
-41.268347705
 21
58.428086365
 31
0.000000000
  0
LINE
  5
CA8
330
A02
100
AcDbEntity
  8
Sketch064
100
AcDbLine
 10
-36.127193805
 20
55.882860585
 30
0.000000000
 11
-42.706691079
 21
57.765831340
 31
0.000000000
  0
ELLIPSE
  5
CA9
330
A02
100
AcDbEntity
  8
Sketch064
100
AcDbEllipse
 10
-36.333126062
 20
55.719441073
 30
0.000000000
 11
-0.400000000
 21
0.000000000
 31
0.000000000
 40
0.476557377
 41
3.909779503
 42
4.171578891
  0
LINE
  5
CAA
330
A02
100
AcDbEntity
  8
Sketch064
100
AcDbLine
 10
-0.632298653
 20
38.384326864
 30
0.000000000
 11
-36.045457387
 21
55.851892078
 31
0.000000000
  0
ELLIPSE
  5
CAB
330
A02
100
AcDbEntity
  8
Sketch064
100
AcDbEllipse
 10
-0.919967328
 20
38.251875859
 30
0.000000000
 11
-0.400000000
 21
0.000000000
 31
0.000000000
 40
0.476557377
 41
3.647980115
 42
3.909779503
  0
LINE
  5
CAC
330
A02
100
AcDbEntity
  8
Sketch064
100
AcDbLine
 10
1.197414323
 20
36.825552716
 30
0.000000000
 11
-0.570166381
 21
38.344332039
 31
0.000000000
  0
LINE
  5
CAD
330
A02
100
AcDbEntity
  8
Sketch064
100
AcDbLine
 10
-0.570166381
 20
35.882730601
 30
0.000000000
 11
-0.570166381
 21
38.344332039
 31
0.000000000
  0
LINE
  5
CAE
330
A02
100
AcDbEntity
  8
Sketch064
100
AcDbLine
 10
-0.632298653
 20
35.922725425
 30
0.000000000
 11
-0.632298653
 21
38.384326864
 31
0.000000000
  0
LINE
  5
CAF
330
A02
100
AcDbEntity
  8
Sketch064
100
AcDbLine
 10
10.802474003
 20
33.025953640
 30
0.000000000
 11
10.802474003
 21
35.487555079
 31
0.000000000
  0
ELLIPSE
  5
CB0
330
A02
100
AcDbEntity
  8
Sketch064
100
AcDbEllipse
 10
10.524541038
 20
35.624645708
 30
0.000000000
 11
0.400000000
 21
0.000000000
 31
0.000000000
 40
0.476557377
 41
3.909779503
 42
5.480575829
  0
LINE
  5
CB1
330
A02
100
AcDbEntity
  8
Sketch064
100
AcDbLine
 10
10.236872363
 20
33.030593264
 30
0.000000000
 11
10.236872363
 21
35.492194703
 31
0.000000000
  0
LINE
  5
CB2
330
A02
100
AcDbEntity
  8
Sketch064
100
AcDbLine
 10
9.773866338
 20
33.258971308
 30
0.000000000
 11
10.236872363
 21
33.030593264
 31
0.000000000
  0
ELLIPSE
  5
CB3
330
A02
100
AcDbEntity
  8
Sketch064
100
AcDbEllipse
 10
10.524541038
 20
33.163044269
 30
0.000000000
 11
0.400000000
 21
0.000000000
 31
0.000000000
 40
0.476557377
 41
3.909779503
 42
5.480575829
  0
LINE
  5
CB4
330
A02
100
AcDbEntity
  8
Sketch064
100
AcDbLine
 10
10.802474003
 20
33.025953640
 30
0.000000000
 11
20.745022577
 21
37.603791504
 31
0.000000000
  0
LINE
  5
CB5
330
A02
100
AcDbEntity
  8
Sketch064
100
AcDbLine
 10
20.745022577
 20
37.603791504
 30
0.000000000
 11
20.745022577
 21
40.065392943
 31
0.000000000
  0
LINE
  5
CB6
330
A02
100
AcDbEntity
  8
Sketch064
100
AcDbLine
 10
18.944475841
 20
40.953513875
 30
0.000000000
 11
20.745022577
 21
40.065392943
 31
0.000000000
  0
LINE
  5
CB7
330
A02
100
AcDbEntity
  8
Sketch064
100
AcDbLine
 10
10.802474003
 20
35.487555079
 30
0.000000000
 11
20.745022577
 21
40.065392943
 31
0.000000000
  0
LINE
  5
CB8
330
A02
100
AcDbEntity
  8
Sketch064
100
AcDbLine
 10
-42.311929606
 20
60.863240320
 30
0.000000000
 11
-32.862208766
 21
56.202158933
 31
0.000000000
  0
ELLIPSE
  5
CB9
330
A02
100
AcDbEntity
  8
Sketch064
100
AcDbEllipse
 10
-32.574540091
 20
56.334609939
 30
0.000000000
 11
-0.400000000
 21
0.000000000
 31
0.000000000
 40
0.476557377
 41
0.768186849
 42
3.141592654
  0
LINE
  5
CBA
330
A02
100
AcDbEntity
  8
Sketch064
100
AcDbLine
 10
-32.286871417
 20
56.202158933
 30
0.000000000
 11
-32.286871417
 21
56.467060944
 31
0.000000000
  0
ELLIPSE
  5
CBB
330
A02
100
AcDbEntity
  8
Sketch064
100
AcDbEllipse
 10
-32.574540091
 20
56.334609939
 30
0.000000000
 11
-0.400000000
 21
0.000000000
 31
0.000000000
 40
0.476557377
 41
3.141592654
 42
3.909779503
  0
LINE
  5
CBC
330
A02
100
AcDbEntity
  8
Sketch064
100
AcDbLine
 10
-32.286871417
 20
56.467060944
 30
0.000000000
 11
-41.736592257
 21
61.128142330
 31
0.000000000
  0
LINE
  5
CBD
330
A02
100
AcDbEntity
  8
Sketch064
100
AcDbLine
 10
30.946291443
 20
52.162949692
 30
0.000000000
 11
16.097646742
 21
59.487054035
 31
0.000000000
  0
ELLIPSE
  5
CBE
330
A02
100
AcDbEntity
  8
Sketch064
100
AcDbEllipse
 10
15.967944691
 20
59.551029661
 30
0.000000000
 11
-0.186666667
 21
0.000000000
 31
0.000000000
 40
0.476557377
 41
0.000000000
 42
2.338983176
  0
ELLIPSE
  5
CBF
330
A02
100
AcDbEntity
  8
Sketch064
100
AcDbEllipse
 10
15.967944691
 20
59.551029661
 30
0.000000000
 11
-0.186666667
 21
0.000000000
 31
0.000000000
 40
0.476557377
 41
5.480575829
 42
0.000000000
  0
LINE
  5
CC0
330
A02
100
AcDbEntity
  8
Sketch064
100
AcDbLine
 10
8.785693631
 20
63.093680000
 30
0.000000000
 11
8.785693631
 21
62.965728746
 31
0.000000000
  0
ELLIPSE
  5
CC1
330
A02
100
AcDbEntity
  8
Sketch064
100
AcDbEllipse
 10
8.915395682
 20
63.029704373
 30
0.000000000
 11
-0.186666667
 21
0.000000000
 31
0.000000000
 40
0.476557377
 41
2.338983176
 42
3.141592654
  0
ELLIPSE
  5
CC2
330
A02
100
AcDbEntity
  8
Sketch064
100
AcDbEllipse
 10
8.915395682
 20
63.029704373
 30
0.000000000
 11
-0.186666667
 21
0.000000000
 31
0.000000000
 40
0.476557377
 41
3.141592654
 42
3.909779503
  0
LINE
  5
CC3
330
A02
100
AcDbEntity
  8
Sketch064
100
AcDbLine
 10
9.049641063
 20
63.091514842
 30
0.000000000
 11
10.929076406
 21
63.956861409
 31
0.000000000
  0
LINE
  5
CC4
330
A02
100
AcDbEntity
  8
Sketch064
100
AcDbLine
 10
10.929076406
 20
63.956861409
 30
0.000000000
 11
17.981625415
 21
60.478186697
 31
0.000000000
  0
LINE
  5
CC5
330
A02
100
AcDbEntity
  8
Sketch064
100
AcDbLine
 10
16.102190073
 20
59.612840130
 30
0.000000000
 11
17.981625415
 21
60.478186697
 31
0.000000000
  0
ELLIPSE
  5
CC6
330
A02
100
AcDbEntity
  8
Sketch064
100
AcDbEllipse
 10
15.967944691
 20
59.551029661
 30
0.000000000
 11
-0.186666667
 21
0.000000000
 31
0.000000000
 40
0.476557377
 41
3.909779503
 42
5.480575829
  0
LINE
  5
CC7
330
A02
100
AcDbEntity
  8
Sketch064
100
AcDbLine
 10
15.838242640
 20
59.615005288
 30
0.000000000
 11
9.045097733
 21
62.965728746
 31
0.000000000
  0
ELLIPSE
  5
CC8
330
A02
100
AcDbEntity
  8
Sketch064
100
AcDbEllipse
 10
8.915395682
 20
63.029704373
 30
0.000000000
 11
-0.186666667
 21
0.000000000
 31
0.000000000
 40
0.476557377
 41
0.000000000
 42
2.338983176
  0
ELLIPSE
  5
CC9
330
A02
100
AcDbEntity
  8
Sketch064
100
AcDbEllipse
 10
8.915395682
 20
63.029704373
 30
0.000000000
 11
-0.186666667
 21
0.000000000
 31
0.000000000
 40
0.476557377
 41
5.480575829
 42
0.000000000
  0
LINE
  5
CCA
330
A02
100
AcDbEntity
  8
Sketch064
100
AcDbLine
 10
8.785693631
 20
63.093680000
 30
0.000000000
 11
-13.822995089
 21
74.245431460
 31
0.000000000
  0
LINE
  5
CCB
330
A02
100
AcDbEntity
  8
Sketch064
100
AcDbLine
 10
2.319415465
 20
38.848798274
 30
0.000000000
 11
0.211814173
 21
39.888374079
 31
0.000000000
  0
ELLIPSE
  5
CCC
330
A02
100
AcDbEntity
  8
Sketch064
100
AcDbEllipse
 10
0.499482848
 20
40.020825085
 30
0.000000000
 11
-0.400000000
 21
0.000000000
 31
0.000000000
 40
0.476557377
 41
0.000000000
 42
0.768186849
  0
ELLIPSE
  5
CCD
330
A02
100
AcDbEntity
  8
Sketch064
100
AcDbEllipse
 10
0.499482848
 20
40.020825085
 30
0.000000000
 11
-0.400000000
 21
0.000000000
 31
0.000000000
 40
0.476557377
 41
3.909779503
 42
0.000000000
  0
LINE
  5
CCE
330
A02
100
AcDbEntity
  8
Sketch064
100
AcDbLine
 10
0.787151523
 20
39.604588531
 30
0.000000000
 11
0.787151523
 21
40.153276090
 31
0.000000000
  0
LINE
  5
CCF
330
A02
100
AcDbEntity
  8
Sketch064
100
AcDbLine
 10
0.787151523
 20
40.153276090
 30
0.000000000
 11
2.765239979
 21
39.177582581
 31
0.000000000
  0
LINE
  5
CD0
330
A02
100
AcDbEntity
  8
Sketch064
100
AcDbLine
 10
-41.278518106
 20
53.351919948
 30
0.000000000
 11
1.138567567
 21
32.429662892
 31
0.000000000
  0
LINE
  5
CD1
330
A02
100
AcDbEntity
  8
Sketch064
100
AcDbLine
 10
9.845625444
 20
24.260874470
 30
0.000000000
 11
11.791156205
 21
23.301240067
 31
0.000000000
  0
LINE
  5
CD2
330
A02
100
AcDbEntity
  8
Sketch064
100
AcDbLine
 10
-0.014290207
 20
-13.394656162
 30
0.000000000
 11
1.931240554
 21
-14.354290565
 31
0.000000000
  0
LINE
  5
CD3
330
A02
100
AcDbEntity
  8
Sketch064
100
AcDbLine
 10
-1.703791026
 20
-15.618697936
 30
0.000000000
 11
0.241739735
 21
-16.578332339
 31
0.000000000
  0
LINE
  5
CD4
330
A02
100
AcDbEntity
  8
Sketch064
100
AcDbLine
 10
-22.234512263
 20
-25.071637729
 30
0.000000000
 11
-20.288981502
 21
-26.031272132
 31
0.000000000
  0
LINE
  5
CD5
330
A02
100
AcDbEntity
  8
Sketch064
100
AcDbLine
 10
-24.032441481
 20
-28.097314938
 30
0.000000000
 11
-22.086910720
 21
-29.056949341
 31
0.000000000
  0
LINE
  5
CD6
330
A02
100
AcDbEntity
  8
Sketch064
100
AcDbLine
 10
-24.032441481
 20
-67.834595306
 30
0.000000000
 11
-22.086910720
 21
-68.794229710
 31
0.000000000
  0
LINE
  5
CD7
330
A02
100
AcDbEntity
  8
Sketch064
100
AcDbLine
 10
-21.394893078
 20
-70.208499148
 30
0.000000000
 11
-23.340423840
 21
-69.248864744
 31
0.000000000
  0
ELLIPSE
  5
CD8
330
A02
100
AcDbEntity
  8
Sketch064
100
AcDbEllipse
 10
-22.234512263
 20
-67.006776525
 30
0.000000000
 11
-1.105911576
 21
-2.242088220
 31
0.000000000
 40
0.632255021
 41
5.374905521
 42
0.000000000
  0
LINE
  5
CD9
330
A02
100
AcDbEntity
  8
Sketch064
100
AcDbLine
 10
-24.032441481
 20
-67.834595306
 30
0.000000000
 11
-24.032441481
 21
-28.097314938
 31
0.000000000
  0
ELLIPSE
  5
CDA
330
A02
100
AcDbEntity
  8
Sketch064
100
AcDbEllipse
 10
-22.234512263
 20
-27.269496156
 30
0.000000000
 11
-1.105911576
 21
-2.242088220
 31
0.000000000
 40
0.632255021
 41
3.804109194
 42
5.374905521
  0
LINE
  5
CDB
330
A02
100
AcDbEntity
  8
Sketch064
100
AcDbLine
 10
-22.234512263
 20
-25.071637729
 30
0.000000000
 11
-1.703791026
 21
-15.618697936
 31
0.000000000
  0
ELLIPSE
  5
CDC
330
A02
100
AcDbEntity
  8
Sketch064
100
AcDbEllipse
 10
-1.703791026
 20
-13.420839508
 30
0.000000000
 11
-1.105911576
 21
-2.242088220
 31
0.000000000
 40
0.632255021
 41
0.662516540
 42
1.884247017
  0
LINE
  5
CDD
330
A02
100
AcDbEntity
  8
Sketch064
100
AcDbLine
 10
-0.014290207
 20
-13.394656162
 30
0.000000000
 11
9.845625444
 21
24.260874470
 31
0.000000000
  0
ELLIPSE
  5
CDE
330
A02
100
AcDbEntity
  8
Sketch064
100
AcDbEllipse
 10
8.156124626
 20
24.234691124
 30
0.000000000
 11
-1.105911576
 21
-2.242088220
 31
0.000000000
 40
0.632255021
 41
1.884247017
 42
2.499074916
  0
LINE
  5
CDF
330
A02
100
AcDbEntity
  8
Sketch064
100
AcDbLine
 10
2.936496784
 20
39.266427477
 30
0.000000000
 11
4.882027545
 21
38.306793074
 31
0.000000000
  0
LINE
  5
CE0
330
A02
100
AcDbEntity
  8
Sketch064
100
AcDbLine
 10
1.138567567
 20
36.240750268
 30
0.000000000
 11
3.084098328
 21
35.281115865
 31
0.000000000
  0
LINE
  5
CE1
330
A02
100
AcDbEntity
  8
Sketch064
100
AcDbLine
 10
1.138567567
 20
28.003804381
 30
0.000000000
 11
3.084098328
 21
27.044169978
 31
0.000000000
  0
LINE
  5
CE2
330
A02
100
AcDbEntity
  8
Sketch064
100
AcDbLine
 10
3.776115969
 20
25.629900540
 30
0.000000000
 11
1.830585208
 21
26.589534943
 31
0.000000000
  0
ELLIPSE
  5
CE3
330
A02
100
AcDbEntity
  8
Sketch064
100
AcDbEllipse
 10
2.936496784
 20
28.831623163
 30
0.000000000
 11
-1.105911576
 21
-2.242088220
 31
0.000000000
 40
0.632255021
 41
5.374905521
 42
0.000000000
  0
LINE
  5
CE4
330
A02
100
AcDbEntity
  8
Sketch064
100
AcDbLine
 10
1.138567567
 20
28.003804381
 30
0.000000000
 11
1.138567567
 21
36.240750268
 31
0.000000000
  0
ELLIPSE
  5
CE5
330
A02
100
AcDbEntity
  8
Sketch064
100
AcDbEllipse
 10
2.936496784
 20
37.068569050
 30
0.000000000
 11
-1.105911576
 21
-2.242088220
 31
0.000000000
 40
0.632255021
 41
3.804109194
 42
5.374905521
  0
LINE
  5
CE6
330
A02
100
AcDbEntity
  8
Sketch064
100
AcDbLine
 10
2.936496784
 20
39.266427477
 30
0.000000000
 11
39.038915475
 21
55.889028618
 31
0.000000000
  0
ELLIPSE
  5
CE7
330
A02
100
AcDbEntity
  8
Sketch064
100
AcDbEllipse
 10
39.038915475
 20
53.691170191
 30
0.000000000
 11
-1.105911576
 21
-2.242088220
 31
0.000000000
 40
0.632255021
 41
3.141592654
 42
3.804109194
  0
LINE
  5
CE8
330
A02
100
AcDbEntity
  8
Sketch064
100
AcDbLine
 10
42.090357813
 20
54.973624008
 30
0.000000000
 11
40.144827052
 21
55.933258411
 31
0.000000000
  0
ELLIPSE
  5
CE9
330
A02
100
AcDbEntity
  8
Sketch064
100
AcDbEllipse
 10
40.984446237
 20
52.731535788
 30
0.000000000
 11
-1.105911576
 21
-2.242088220
 31
0.000000000
 40
0.632255021
 41
3.141592654
 42
3.804109194
  0
LINE
  5
CEA
330
A02
100
AcDbEntity
  8
Sketch064
100
AcDbLine
 10
4.882027545
 20
38.306793074
 30
0.000000000
 11
40.984446237
 21
54.929394215
 31
0.000000000
  0
ELLIPSE
  5
CEB
330
A02
100
AcDbEntity
  8
Sketch064
100
AcDbEllipse
 10
4.882027545
 20
36.108934647
 30
0.000000000
 11
-1.105911576
 21
-2.242088220
 31
0.000000000
 40
0.632255021
 41
3.804109194
 42
5.374905521
  0
LINE
  5
CEC
330
A02
100
AcDbEntity
  8
Sketch064
100
AcDbLine
 10
3.084098328
 20
27.044169978
 30
0.000000000
 11
3.084098328
 21
35.281115865
 31
0.000000000
  0
ELLIPSE
  5
CED
330
A02
100
AcDbEntity
  8
Sketch064
100
AcDbEllipse
 10
4.882027545
 20
27.871988759
 30
0.000000000
 11
-1.105911576
 21
-2.242088220
 31
0.000000000
 40
0.632255021
 41
5.374905521
 42
0.000000000
  0
ELLIPSE
  5
CEE
330
A02
100
AcDbEntity
  8
Sketch064
100
AcDbEllipse
 10
4.882027545
 20
27.871988759
 30
0.000000000
 11
-1.105911576
 21
-2.242088220
 31
0.000000000
 40
0.632255021
 41
0.000000000
 42
0.313450690
  0
LINE
  5
CEF
330
A02
100
AcDbEntity
  8
Sketch064
100
AcDbLine
 10
10.716583395
 20
25.623498765
 30
0.000000000
 11
4.267099537
 21
25.523546715
 31
0.000000000
  0
ELLIPSE
  5
CF0
330
A02
100
AcDbEntity
  8
Sketch064
100
AcDbEllipse
 10
10.101655387
 20
23.275056721
 30
0.000000000
 11
-1.105911576
 21
-2.242088220
 31
0.000000000
 40
0.632255021
 41
3.141592654
 42
3.455043344
  0
ELLIPSE
  5
CF1
330
A02
100
AcDbEntity
  8
Sketch064
100
AcDbEllipse
 10
10.101655387
 20
23.275056721
 30
0.000000000
 11
-1.105911576
 21
-2.242088220
 31
0.000000000
 40
0.632255021
 41
1.884247017
 42
3.141592654
  0
LINE
  5
CF2
330
A02
100
AcDbEntity
  8
Sketch064
100
AcDbLine
 10
1.931240554
 20
-14.354290565
 30
0.000000000
 11
11.791156205
 21
23.301240067
 31
0.000000000
  0
ELLIPSE
  5
CF3
330
A02
100
AcDbEntity
  8
Sketch064
100
AcDbEllipse
 10
0.241739735
 20
-14.380473911
 30
0.000000000
 11
-1.105911576
 21
-2.242088220
 31
0.000000000
 40
0.632255021
 41
0.662516540
 42
1.884247017
  0
LINE
  5
CF4
330
A02
100
AcDbEntity
  8
Sketch064
100
AcDbLine
 10
-20.288981502
 20
-26.031272132
 30
0.000000000
 11
0.241739735
 21
-16.578332339
 31
0.000000000
  0
ELLIPSE
  5
CF5
330
A02
100
AcDbEntity
  8
Sketch064
100
AcDbEllipse
 10
-20.288981502
 20
-28.229130559
 30
0.000000000
 11
-1.105911576
 21
-2.242088220
 31
0.000000000
 40
0.632255021
 41
3.804109194
 42
5.374905521
  0
LINE
  5
CF6
330
A02
100
AcDbEntity
  8
Sketch064
100
AcDbLine
 10
-22.086910720
 20
-68.794229710
 30
0.000000000
 11
-22.086910720
 21
-29.056949341
 31
0.000000000
  0
ELLIPSE
  5
CF7
330
A02
100
AcDbEntity
  8
Sketch064
100
AcDbEllipse
 10
-20.288981502
 20
-67.966410928
 30
0.000000000
 11
-1.105911576
 21
-2.242088220
 31
0.000000000
 40
0.632255021
 41
5.374905521
 42
0.000000000
  0
ELLIPSE
  5
CF8
330
A02
100
AcDbEntity
  8
Sketch064
100
AcDbEllipse
 10
-20.288981502
 20
-67.966410928
 30
0.000000000
 11
-1.105911576
 21
-2.242088220
 31
0.000000000
 40
0.632255021
 41
0.000000000
 42
0.662516540
  0
LINE
  5
CF9
330
A02
100
AcDbEntity
  8
Sketch064
100
AcDbLine
 10
40.984446237
 20
-41.952205267
 30
0.000000000
 11
-20.288981502
 21
-70.164269355
 31
0.000000000
  0
ELLIPSE
  5
CFA
330
A02
100
AcDbEntity
  8
Sketch064
100
AcDbEllipse
 10
40.984446237
 20
-39.754346840
 30
0.000000000
 11
-1.105911576
 21
-2.242088220
 31
0.000000000
 40
0.632255021
 41
0.662516540
 42
2.233312867
  0
LINE
  5
CFB
330
A02
100
AcDbEntity
  8
Sketch064
100
AcDbLine
 10
42.782375454
 20
53.559354570
 30
0.000000000
 11
42.782375454
 21
-38.926528058
 31
0.000000000
  0
ELLIPSE
  5
CFC
330
A02
100
AcDbEntity
  8
Sketch064
100
AcDbEllipse
 10
40.984446237
 20
52.731535788
 30
0.000000000
 11
-1.105911576
 21
-2.242088220
 31
0.000000000
 40
0.632255021
 41
2.233312867
 42
3.141592654
  0
LINE
  5
CFD
330
A02
100
AcDbEntity
  8
Sketch064
100
AcDbLine
 10
39.038915475
 20
55.889028618
 30
0.000000000
 11
40.984446237
 21
54.929394215
 31
0.000000000
  0
LINE
  5
CFE
330
A02
100
AcDbEntity
  8
Sketch064
100
AcDbLine
 10
6.679956763
 20
30.337337510
 30
0.000000000
 11
6.679956763
 21
31.910767391
 31
0.000000000
  0
ELLIPSE
  5
CFF
330
A02
100
AcDbEntity
  8
Sketch064
100
AcDbEllipse
 10
6.679956763
 20
29.956657264
 30
0.000000000
 11
-0.110591158
 21
-0.224208822
 31
0.000000000
 40
0.632255021
 41
4.327707970
 42
0.000000000
  0
ELLIPSE
  5
D00
330
A02
100
AcDbEntity
  8
Sketch064
100
AcDbEllipse
 10
6.679956763
 20
29.956657264
 30
0.000000000
 11
-0.110591158
 21
-0.224208822
 31
0.000000000
 40
0.632255021
 41
0.000000000
 42
0.366063889
  0
ELLIPSE
  5
D01
330
A02
100
AcDbEntity
  8
Sketch064
100
AcDbEllipse
 10
16.019000944
 20
29.165825966
 30
0.000000000
 11
-0.442364631
 21
-0.896835288
 31
0.000000000
 40
0.632255021
 41
1.884247017
 42
1.928579298
  0
LINE
  5
D02
330
A02
100
AcDbEntity
  8
Sketch064
100
AcDbLine
 10
3.369245462
 20
-19.534054807
 30
0.000000000
 11
3.514941073
 21
-19.466972320
 31
0.000000000
  0
ELLIPSE
  5
D03
330
A02
100
AcDbEntity
  8
Sketch064
100
AcDbEllipse
 10
-18.491052284
 20
-29.599170205
 30
0.000000000
 11
-0.110591158
 21
-0.224208822
 31
0.000000000
 40
0.632255021
 41
3.141592654
 42
0.000000000
  0
LINE
  5
D04
330
A02
100
AcDbEntity
  8
Sketch064
100
AcDbLine
 10
-18.491052284
 20
-62.792132843
 30
0.000000000
 11
-18.491052284
 21
-62.088818147
 31
0.000000000
  0
LINE
  5
D05
330
A02
100
AcDbEntity
  8
Sketch064
100
AcDbLine
 10
-18.491052284
 20
-32.725429556
 30
0.000000000
 11
-18.491052284
 21
-32.022114859
 31
0.000000000
  0
ELLIPSE
  5
D06
330
A02
100
AcDbEntity
  8
Sketch064
100
AcDbEllipse
 10
-18.491052284
 20
-64.940733718
 30
0.000000000
 11
-0.110591158
 21
-0.224208822
 31
0.000000000
 40
0.632255021
 41
4.327707970
 42
0.000000000
  0
LINE
  5
D07
330
A02
100
AcDbEntity
  8
Sketch064
100
AcDbLine
 10
39.186517019
 20
46.271144481
 30
0.000000000
 11
39.186517019
 21
45.656534992
 31
0.000000000
  0
LINE
  5
D08
330
A02
100
AcDbEntity
  8
Sketch064
100
AcDbLine
 10
39.186517019
 20
-36.544161065
 30
0.000000000
 11
39.186517019
 21
-37.158770555
 31
0.000000000
  0
LINE
  5
D09
330
A02
100
AcDbEntity
  8
Sketch064
100
AcDbLine
 10
8.734171834
 20
35.684715227
 30
0.000000000
 11
9.309509184
 21
35.949617237
 31
0.000000000
  0
LINE
  5
D0A
330
A02
100
AcDbEntity
  8
Sketch064
100
AcDbLine
 10
37.501039317
 20
48.929815737
 30
0.000000000
 11
37.981718684
 21
49.151134466
 31
0.000000000
  0
LINE
  5
D0B
330
A02
100
AcDbEntity
  8
Sketch064
100
AcDbLine
 10
-44.867973347
 20
62.846015670
 30
0.000000000
 11
-42.922442586
 21
61.886381267
 31
0.000000000
  0
LINE
  5
D0C
330
A02
100
AcDbEntity
  8
Sketch064
100
AcDbLine
 10
-46.665902564
 20
59.820338460
 30
0.000000000
 11
-44.720371803
 21
58.860704057
 31
0.000000000
  0
LINE
  5
D0D
330
A02
100
AcDbEntity
  8
Sketch064
100
AcDbLine
 10
-46.665902564
 20
51.583392573
 30
0.000000000
 11
-44.720371803
 21
50.623758170
 31
0.000000000
  0
LINE
  5
D0E
330
A02
100
AcDbEntity
  8
Sketch064
100
AcDbLine
 10
-44.028354162
 20
49.209488732
 30
0.000000000
 11
-45.973884923
 21
50.169123135
 31
0.000000000
  0
ELLIPSE
  5
D0F
330
A02
100
AcDbEntity
  8
Sketch064
100
AcDbEllipse
 10
-44.867973347
 20
52.411211355
 30
0.000000000
 11
-1.105911576
 21
-2.242088220
 31
0.000000000
 40
0.632255021
 41
5.374905521
 42
0.000000000
  0
LINE
  5
D10
330
A02
100
AcDbEntity
  8
Sketch064
100
AcDbLine
 10
-46.665902564
 20
51.583392573
 30
0.000000000
 11
-46.665902564
 21
59.820338460
 31
0.000000000
  0
ELLIPSE
  5
D11
330
A02
100
AcDbEntity
  8
Sketch064
100
AcDbEllipse
 10
-44.867973347
 20
60.648157242
 30
0.000000000
 11
-1.105911576
 21
-2.242088220
 31
0.000000000
 40
0.632255021
 41
3.804109194
 42
5.374905521
  0
LINE
  5
D12
330
A02
100
AcDbEntity
  8
Sketch064
100
AcDbLine
 10
-44.867973347
 20
62.846015670
 30
0.000000000
 11
-8.765554656
 21
79.468616811
 31
0.000000000
  0
ELLIPSE
  5
D13
330
A02
100
AcDbEntity
  8
Sketch064
100
AcDbEllipse
 10
-8.765554656
 20
77.270758383
 30
0.000000000
 11
-1.105911576
 21
-2.242088220
 31
0.000000000
 40
0.632255021
 41
3.141592654
 42
3.804109194
  0
LINE
  5
D14
330
A02
100
AcDbEntity
  8
Sketch064
100
AcDbLine
 10
-5.714112318
 20
78.553212200
 30
0.000000000
 11
-7.659643079
 21
79.512846603
 31
0.000000000
  0
ELLIPSE
  5
D15
330
A02
100
AcDbEntity
  8
Sketch064
100
AcDbEllipse
 10
-6.820023895
 20
76.311123980
 30
0.000000000
 11
-1.105911576
 21
-2.242088220
 31
0.000000000
 40
0.632255021
 41
2.233312867
 42
3.141592654
  0
LINE
  5
D16
330
A02
100
AcDbEntity
  8
Sketch064
100
AcDbLine
 10
-5.022094677
 20
77.138942762
 30
0.000000000
 11
-5.022094677
 21
72.412750950
 31
0.000000000
  0
LINE
  5
D17
330
A02
100
AcDbEntity
  8
Sketch064
100
AcDbLine
 10
-8.765554656
 20
79.468616811
 30
0.000000000
 11
-6.820023895
 21
78.508982408
 31
0.000000000
  0
ELLIPSE
  5
D18
330
A02
100
AcDbEntity
  8
Sketch064
100
AcDbEllipse
 10
-6.820023895
 20
76.311123980
 30
0.000000000
 11
-1.105911576
 21
-2.242088220
 31
0.000000000
 40
0.632255021
 41
3.141592654
 42
3.804109194
  0
LINE
  5
D19
330
A02
100
AcDbEntity
  8
Sketch064
100
AcDbLine
 10
-42.922442586
 20
61.886381267
 30
0.000000000
 11
-6.820023895
 21
78.508982408
 31
0.000000000
  0
ELLIPSE
  5
D1A
330
A02
100
AcDbEntity
  8
Sketch064
100
AcDbEllipse
 10
-42.922442586
 20
59.688522839
 30
0.000000000
 11
-1.105911576
 21
-2.242088220
 31
0.000000000
 40
0.632255021
 41
3.804109194
 42
5.374905521
  0
LINE
  5
D1B
330
A02
100
AcDbEntity
  8
Sketch064
100
AcDbLine
 10
-44.720371803
 20
50.623758170
 30
0.000000000
 11
-44.720371803
 21
58.860704057
 31
0.000000000
  0
ELLIPSE
  5
D1C
330
A02
100
AcDbEntity
  8
Sketch064
100
AcDbEllipse
 10
-42.922442586
 20
51.451576952
 30
0.000000000
 11
-1.105911576
 21
-2.242088220
 31
0.000000000
 40
0.632255021
 41
5.374905521
 42
0.000000000
  0
ELLIPSE
  5
D1D
330
A02
100
AcDbEntity
  8
Sketch064
100
AcDbEllipse
 10
-42.922442586
 20
51.451576952
 30
0.000000000
 11
-1.105911576
 21
-2.242088220
 31
0.000000000
 40
0.632255021
 41
0.000000000
 42
0.313450690
  0
LINE
  5
D1E
330
A02
100
AcDbEntity
  8
Sketch064
100
AcDbLine
 10
-37.087886736
 20
49.203086957
 30
0.000000000
 11
-43.537370594
 21
49.103134908
 31
0.000000000
  0
ELLIPSE
  5
D1F
330
A02
100
AcDbEntity
  8
Sketch064
100
AcDbEllipse
 10
-37.702814744
 20
46.854644913
 30
0.000000000
 11
-1.105911576
 21
-2.242088220
 31
0.000000000
 40
0.632255021
 41
3.141592654
 42
3.455043344
  0
ELLIPSE
  5
D20
330
A02
100
AcDbEntity
  8
Sketch064
100
AcDbEllipse
 10
-37.702814744
 20
46.854644913
 30
0.000000000
 11
-1.105911576
 21
-2.242088220
 31
0.000000000
 40
0.632255021
 41
1.884247017
 42
3.141592654
  0
LINE
  5
D21
330
A02
100
AcDbEntity
  8
Sketch064
100
AcDbLine
 10
-45.873229577
 20
9.225297627
 30
0.000000000
 11
-36.013313926
 21
46.880828259
 31
0.000000000
  0
LINE
  5
D22
330
A02
100
AcDbEntity
  8
Sketch064
100
AcDbLine
 10
-47.818760338
 20
10.184932030
 30
0.000000000
 11
-45.873229577
 21
9.225297627
 31
0.000000000
  0
ELLIPSE
  5
D23
330
A02
100
AcDbEntity
  8
Sketch064
100
AcDbEllipse
 10
-47.562730396
 20
9.199114281
 30
0.000000000
 11
-1.105911576
 21
-2.242088220
 31
0.000000000
 40
0.632255021
 41
0.662516540
 42
1.884247017
  0
LINE
  5
D24
330
A02
100
AcDbEntity
  8
Sketch064
100
AcDbLine
 10
-49.508261157
 20
7.960890257
 30
0.000000000
 11
-47.562730396
 21
7.001255853
 31
0.000000000
  0
LINE
  5
D25
330
A02
100
AcDbEntity
  8
Sketch064
100
AcDbLine
 10
-68.093451633
 20
-2.451683939
 30
0.000000000
 11
-47.562730396
 21
7.001255853
 31
0.000000000
  0
LINE
  5
D26
330
A02
100
AcDbEntity
  8
Sketch064
100
AcDbLine
 10
-70.038982394
 20
-1.492049536
 30
0.000000000
 11
-68.093451633
 21
-2.451683939
 31
0.000000000
  0
ELLIPSE
  5
D27
330
A02
100
AcDbEntity
  8
Sketch064
100
AcDbEllipse
 10
-68.093451633
 20
-4.649542367
 30
0.000000000
 11
-1.105911576
 21
-2.242088220
 31
0.000000000
 40
0.632255021
 41
3.804109194
 42
5.374905521
  0
LINE
  5
D28
330
A02
100
AcDbEntity
  8
Sketch064
100
AcDbLine
 10
-69.891380851
 20
-45.214641517
 30
0.000000000
 11
-69.891380851
 21
-5.477361149
 31
0.000000000
  0
ELLIPSE
  5
D29
330
A02
100
AcDbEntity
  8
Sketch064
100
AcDbEllipse
 10
-68.093451633
 20
-44.386822735
 30
0.000000000
 11
-1.105911576
 21
-2.242088220
 31
0.000000000
 40
0.632255021
 41
5.374905521
 42
0.000000000
  0
ELLIPSE
  5
D2A
330
A02
100
AcDbEntity
  8
Sketch064
100
AcDbEllipse
 10
-68.093451633
 20
-44.386822735
 30
0.000000000
 11
-1.105911576
 21
-2.242088220
 31
0.000000000
 40
0.632255021
 41
0.000000000
 42
0.662516540
  0
LINE
  5
D2B
330
A02
100
AcDbEntity
  8
Sketch064
100
AcDbLine
 10
-62.434502450
 20
-43.979136754
 30
0.000000000
 11
-68.093451633
 21
-46.584681163
 31
0.000000000
  0
LINE
  5
D2C
330
A02
100
AcDbEntity
  8
Sketch064
100
AcDbLine
 10
-69.199363209
 20
-46.628910955
 30
0.000000000
 11
-71.144893971
 21
-45.669276552
 31
0.000000000
  0
LINE
  5
D2D
330
A02
100
AcDbEntity
  8
Sketch064
100
AcDbLine
 10
-71.836911612
 20
-44.255007114
 30
0.000000000
 11
-69.891380851
 21
-45.214641517
 31
0.000000000
  0
ELLIPSE
  5
D2E
330
A02
100
AcDbEntity
  8
Sketch064
100
AcDbEllipse
 10
-70.038982394
 20
-43.427188332
 30
0.000000000
 11
-1.105911576
 21
-2.242088220
 31
0.000000000
 40
0.632255021
 41
5.374905521
 42
0.000000000
  0
LINE
  5
D2F
330
A02
100
AcDbEntity
  8
Sketch064
100
AcDbLine
 10
-71.836911612
 20
-44.255007114
 30
0.000000000
 11
-71.836911612
 21
-4.517726746
 31
0.000000000
  0
LINE
  5
D30
330
A02
100
AcDbEntity
  8
Sketch064
100
AcDbLine
 10
-71.836911612
 20
-4.517726746
 30
0.000000000
 11
-69.891380851
 21
-5.477361149
 31
0.000000000
  0
ELLIPSE
  5
D31
330
A02
100
AcDbEntity
  8
Sketch064
100
AcDbEllipse
 10
-70.038982394
 20
-3.689907964
 30
0.000000000
 11
-1.105911576
 21
-2.242088220
 31
0.000000000
 40
0.632255021
 41
3.804109194
 42
5.374905521
  0
LINE
  5
D32
330
A02
100
AcDbEntity
  8
Sketch064
100
AcDbLine
 10
-70.038982394
 20
-1.492049536
 30
0.000000000
 11
-49.508261157
 21
7.960890257
 31
0.000000000
  0
ELLIPSE
  5
D33
330
A02
100
AcDbEntity
  8
Sketch064
100
AcDbEllipse
 10
-49.508261157
 20
10.158748684
 30
0.000000000
 11
-1.105911576
 21
-2.242088220
 31
0.000000000
 40
0.632255021
 41
0.662516540
 42
1.884247017
  0
LINE
  5
D34
330
A02
100
AcDbEntity
  8
Sketch064
100
AcDbLine
 10
-47.818760338
 20
10.184932030
 30
0.000000000
 11
-37.958844687
 21
47.840462662
 31
0.000000000
  0
LINE
  5
D35
330
A02
100
AcDbEntity
  8
Sketch064
100
AcDbLine
 10
-37.958844687
 20
47.840462662
 30
0.000000000
 11
-36.013313926
 21
46.880828259
 31
0.000000000
  0
ELLIPSE
  5
D36
330
A02
100
AcDbEntity
  8
Sketch064
100
AcDbEllipse
 10
-39.648345506
 20
47.814279316
 30
0.000000000
 11
-1.105911576
 21
-2.242088220
 31
0.000000000
 40
0.632255021
 41
1.884247017
 42
2.499074916
  0
LINE
  5
D37
330
A02
100
AcDbEntity
  8
Sketch064
100
AcDbLine
 10
-41.124513368
 20
53.916925703
 30
0.000000000
 11
-41.124513368
 21
54.851430206
 31
0.000000000
  0
ELLIPSE
  5
D38
330
A02
100
AcDbEntity
  8
Sketch064
100
AcDbEllipse
 10
-41.124513368
 20
53.536245456
 30
0.000000000
 11
-0.110591158
 21
-0.224208822
 31
0.000000000
 40
0.632255021
 41
4.327707970
 42
0.000000000
  0
ELLIPSE
  5
D39
330
A02
100
AcDbEntity
  8
Sketch064
100
AcDbEllipse
 10
-41.124513368
 20
53.536245456
 30
0.000000000
 11
-0.110591158
 21
-0.224208822
 31
0.000000000
 40
0.632255021
 41
0.000000000
 42
0.366063889
  0
LINE
  5
D3A
330
A02
100
AcDbEntity
  8
Sketch064
100
AcDbLine
 10
-44.435224669
 20
4.045533385
 30
0.000000000
 11
-44.289529058
 21
4.112615872
 31
0.000000000
  0
ELLIPSE
  5
D3B
330
A02
100
AcDbEntity
  8
Sketch064
100
AcDbEllipse
 10
-66.295522416
 20
-6.019582012
 30
0.000000000
 11
-0.110591158
 21
-0.224208822
 31
0.000000000
 40
0.632255021
 41
3.141592654
 42
0.000000000
  0
LINE
  5
D3C
330
A02
100
AcDbEntity
  8
Sketch064
100
AcDbLine
 10
-66.295522416
 20
-39.212544651
 30
0.000000000
 11
-66.295522416
 21
-38.509229954
 31
0.000000000
  0
LINE
  5
D3D
330
A02
100
AcDbEntity
  8
Sketch064
100
AcDbLine
 10
-66.295522416
 20
-9.145841363
 30
0.000000000
 11
-66.295522416
 21
-8.442526667
 31
0.000000000
  0
ELLIPSE
  5
D3E
330
A02
100
AcDbEntity
  8
Sketch064
100
AcDbEllipse
 10
-66.295522416
 20
-41.361145526
 30
0.000000000
 11
-0.110591158
 21
-0.224208822
 31
0.000000000
 40
0.632255021
 41
4.327707970
 42
0.000000000
  0
LINE
  5
D3F
330
A02
100
AcDbEntity
  8
Sketch064
100
AcDbLine
 10
-39.070298297
 20
59.264303419
 30
0.000000000
 11
-38.494960947
 21
59.529205429
 31
0.000000000
  0
LINE
  5
D40
330
A02
100
AcDbEntity
  8
Sketch064
100
AcDbLine
 10
-10.303430814
 20
72.509403930
 30
0.000000000
 11
-8.991622551
 21
73.113398518
 31
0.000000000
  0
LINE
  5
D41
330
A02
100
AcDbEntity
  8
Sketch065
100
AcDbLine
 10
-39.079222684
 20
-5.080345108
 30
0.000000000
 11
-39.739313477
 21
-4.754754864
 31
0.000000000
  0
ELLIPSE
  5
D42
330
A02
100
AcDbEntity
  8
Sketch065
100
AcDbEllipse
 10
-39.632178472
 20
-6.201389218
 30
0.000000000
 11
-0.552955788
 21
-1.121044110
 31
0.000000000
 40
0.632255021
 41
2.690565842
 42
3.141592654
  0
ELLIPSE
  5
D43
330
A02
100
AcDbEntity
  8
Sketch065
100
AcDbEllipse
 10
-39.632178472
 20
-6.201389218
 30
0.000000000
 11
-0.552955788
 21
-1.121044110
 31
0.000000000
 40
0.632255021
 41
3.141592654
 42
5.677809468
  0
SPLINE
  5
D44
330
A02
100
AcDbEntity
  8
Sketch065
100
AcDbSpline
210
0
220
0
230
1
 70
8
 71
3
 72
17
 73
13
 74
0
 40
0.000000000
 40
0.000000000
 40
0.000000000
 40
0.000000000
 40
0.261755057
 40
0.261755057
 40
0.261755057
 40
0.586830142
 40
0.586830142
 40
0.586830142
 40
0.815898453
 40
0.815898453
 40
0.815898453
 40
1.000000000
 40
1.000000000
 40
1.000000000
 40
1.000000000
 10
-39.739313477
 20
-4.754754864
 30
0.000000000
 10
-39.965685232
 20
-4.641657929
 30
0.000000000
 10
-40.240070292
 20
-4.634859709
 30
0.000000000
 10
-40.485457864
 20
-4.729952902
 30
0.000000000
 10
-40.791972219
 20
-4.846137770
 30
0.000000000
 10
-41.050332073
 20
-5.107818538
 30
0.000000000
 10
-41.204966048
 20
-5.420037030
 30
0.000000000
 10
-41.361469961
 20
-5.733721559
 30
0.000000000
 10
-41.413965033
 20
-6.100459522
 30
0.000000000
 10
-41.319982931
 20
-6.416691960
 30
0.000000000
 10
-41.246561195
 20
-6.670656996
 30
0.000000000
 10
-41.073723094
 20
-6.885597760
 30
0.000000000
 10
-40.845225054
 20
-6.996843084
 30
0.000000000
  0
ELLIPSE
  5
D45
330
A02
100
AcDbEntity
  8
Sketch065
100
AcDbEllipse
 10
-40.292269266
 20
-5.875798974
 30
0.000000000
 11
-0.552955788
 21
-1.121044110
 31
0.000000000
 40
0.632255021
 41
3.141592654
 42
5.677809468
  0
LINE
  5
D46
330
A02
100
AcDbEntity
  8
Sketch065
100
AcDbLine
 10
-37.254748709
 20
-6.119647160
 30
0.000000000
 11
-39.134518262
 21
-5.192449519
 31
0.000000000
  0
ELLIPSE
  5
D47
330
A02
100
AcDbEntity
  8
Sketch065
100
AcDbEllipse
 10
-39.632178472
 20
-6.201389218
 30
0.000000000
 11
0.497660209
 21
1.008939699
 31
0.000000000
 40
0.632255021
 41
-0.000000000
 42
2.722979690
  0
ELLIPSE
  5
D48
330
A02
100
AcDbEntity
  8
Sketch065
100
AcDbEllipse
 10
-36.349095312
 20
-7.820772273
 30
0.000000000
 11
-0.276477894
 21
-0.560522055
 31
0.000000000
 40
0.632255021
 41
2.233312867
 42
0.720606192
  0
ELLIPSE
  5
D49
330
A02
100
AcDbEntity
  8
Sketch065
100
AcDbEllipse
 10
-36.349095312
 20
-7.820772273
 30
0.000000000
 11
-0.276477894
 21
-0.560522055
 31
0.000000000
 40
0.632255021
 41
1.820812945
 42
2.233312867
  0
ELLIPSE
  5
D4A
330
A02
100
AcDbEntity
  8
Sketch065
100
AcDbEllipse
 10
-36.333883267
 20
-7.399613470
 30
0.000000000
 11
-0.625000000
 21
0.000000000
 31
0.000000000
 40
0.476557377
 41
2.338983176
 42
3.141592654
  0
SPLINE
  5
D4B
330
A02
100
AcDbEntity
  8
Sketch065
100
AcDbSpline
210
0
220
0
230
1
 70
8
 71
3
 72
11
 73
7
 74
0
 40
0.000000000
 40
0.000000000
 40
0.000000000
 40
0.000000000
 40
0.633037083
 40
0.633037083
 40
0.633037083
 40
1.000000000
 40
1.000000000
 40
1.000000000
 40
1.000000000
 10
-35.708883267
 20
-7.399613470
 30
0.000000000
 10
-35.708046622
 20
-7.155062293
 30
0.000000000
 10
-35.780959365
 20
-6.916385441
 30
0.000000000
 10
-35.924481698
 20
-6.734767965
 30
0.000000000
 10
-36.008481521
 20
-6.628208409
 30
0.000000000
 10
-36.110457550
 20
-6.545127105
 30
0.000000000
 10
-36.230409783
 20
-6.485524055
 30
0.000000000
  0
LINE
  5
D4C
330
A02
100
AcDbEntity
  8
Sketch065
100
AcDbLine
 10
-36.230409783
 20
-6.485524055
 30
0.000000000
 11
-36.890500577
 21
-6.159933811
 31
0.000000000
  0
ELLIPSE
  5
D4D
330
A02
100
AcDbEntity
  8
Sketch065
100
AcDbEllipse
 10
-37.443456365
 20
-7.280977921
 30
0.000000000
 11
-0.552955788
 21
-1.121044110
 31
0.000000000
 40
0.632255021
 41
3.141592654
 42
0.000000000
  0
LINE
  5
D4E
330
A02
100
AcDbEntity
  8
Sketch065
100
AcDbLine
 10
-37.336321360
 20
-8.727612275
 30
0.000000000
 11
-37.996412153
 21
-8.402022031
 31
0.000000000
  0
SPLINE
  5
D4F
330
A02
100
AcDbEntity
  8
Sketch065
100
AcDbSpline
210
0
220
0
230
1
 70
8
 71
3
 72
17
 73
13
 74
0
 40
0.000000000
 40
0.000000000
 40
0.000000000
 40
0.000000000
 40
0.191164566
 40
0.191164566
 40
0.191164566
 40
0.542261312
 40
0.542261312
 40
0.542261312
 40
0.808835434
 40
0.808835434
 40
0.808835434
 40
1.000000000
 40
1.000000000
 40
1.000000000
 40
1.000000000
 10
-37.336321360
 20
-8.727612275
 30
0.000000000
 10
-37.214506757
 20
-8.787239281
 30
0.000000000
 10
-37.084886226
 20
-8.817601627
 30
0.000000000
 10
-36.947459768
 20
-8.818699312
 30
0.000000000
 10
-36.697736277
 20
-8.821098477
 30
0.000000000
 10
-36.446630685
 20
-8.717703805
 30
0.000000000
 10
-36.245020350
 20
-8.545931980
 30
0.000000000
 10
-36.091181597
 20
-8.415949476
 30
0.000000000
 10
-35.962998520
 20
-8.248095789
 30
0.000000000
 10
-35.870668789
 20
-8.062330109
 30
0.000000000
 10
-35.767256104
 20
-7.854364658
 30
0.000000000
 10
-35.708847210
 20
-7.623955910
 30
0.000000000
 10
-35.708883267
 20
-7.399613470
 30
0.000000000
  0
SPLINE
  5
D50
330
A02
100
AcDbEntity
  8
Sketch065
100
AcDbSpline
210
0
220
0
230
1
 70
8
 71
3
 72
17
 73
13
 74
0
 40
0.000000000
 40
0.000000000
 40
0.000000000
 40
0.000000000
 40
0.191164566
 40
0.191164566
 40
0.191164566
 40
0.542261312
 40
0.542261312
 40
0.542261312
 40
0.808835434
 40
0.808835434
 40
0.808835434
 40
1.000000000
 40
1.000000000
 40
1.000000000
 40
1.000000000
 10
-37.336321360
 20
-8.727612275
 30
0.000000000
 10
-37.214506757
 20
-8.787239281
 30
0.000000000
 10
-37.084886226
 20
-8.817601627
 30
0.000000000
 10
-36.947459768
 20
-8.818699312
 30
0.000000000
 10
-36.697736277
 20
-8.821098477
 30
0.000000000
 10
-36.446630685
 20
-8.717703805
 30
0.000000000
 10
-36.245020350
 20
-8.545931980
 30
0.000000000
 10
-36.091181597
 20
-8.415949476
 30
0.000000000
 10
-35.962998520
 20
-8.248095789
 30
0.000000000
 10
-35.870668789
 20
-8.062330109
 30
0.000000000
 10
-35.767256104
 20
-7.854364658
 30
0.000000000
 10
-35.708847210
 20
-7.623955910
 30
0.000000000
 10
-35.708883267
 20
-7.399613470
 30
0.000000000
  0
ELLIPSE
  5
D51
330
A02
100
AcDbEntity
  8
Sketch065
100
AcDbEllipse
 10
-36.783365571
 20
-7.606568165
 30
0.000000000
 11
-0.552955788
 21
-1.121044110
 31
0.000000000
 40
0.632255021
 41
3.141592654
 42
0.000000000
  0
ELLIPSE
  5
D52
330
A02
100
AcDbEntity
  8
Sketch065
100
AcDbEllipse
 10
-35.890505919
 20
-8.838200845
 30
0.000000000
 11
0.300000000
 21
0.000000000
 31
0.000000000
 40
0.476557377
 41
3.141592654
 42
0.000000000
  0
LINE
  5
D53
330
A02
100
AcDbEntity
  8
Sketch065
100
AcDbLine
 10
-36.190505919
 20
-8.838200845
 30
0.000000000
 11
-36.190505919
 21
-9.346713442
 31
0.000000000
  0
SPLINE
  5
D54
330
A02
100
AcDbEntity
  8
Sketch065
100
AcDbSpline
210
0
220
0
230
1
 70
8
 71
3
 72
11
 73
7
 74
0
 40
0.000000000
 40
0.000000000
 40
0.000000000
 40
0.000000000
 40
0.471144666
 40
0.471144666
 40
0.471144666
 40
1.000000000
 40
1.000000000
 40
1.000000000
 40
1.000000000
 10
-36.507997208
 20
-8.109807665
 30
0.000000000
 10
-36.427733070
 20
-8.185887478
 30
0.000000000
 10
-36.345820227
 20
-8.300306075
 30
0.000000000
 10
-36.288402327
 20
-8.426537196
 30
0.000000000
 10
-36.222722491
 20
-8.567784652
 30
0.000000000
 10
-36.189592215
 20
-8.722497678
 30
0.000000000
 10
-36.190505919
 20
-8.838200845
 30
0.000000000
  0
SPLINE
  5
D55
330
A02
100
AcDbEntity
  8
Sketch065
100
AcDbSpline
210
0
220
0
230
1
 70
8
 71
3
 72
14
 73
10
 74
0
 40
0.134858833
 40
0.134858833
 40
0.134858833
 40
0.134858833
 40
0.379846556
 40
0.379846556
 40
0.379846556
 40
0.483540399
 40
0.483540399
 40
0.483540399
 40
0.604878506
 40
0.604878506
 40
0.604878506
 40
0.604878506
 10
-36.507997214
 20
-8.109807671
 30
0.000000000
 10
-36.571032685
 20
-8.051976635
 30
0.000000000
 10
-36.592458120
 20
-7.908987698
 30
0.000000000
 10
-36.515651086
 20
-7.753313840
 30
0.000000000
 10
-36.483845530
 20
-7.689775221
 30
0.000000000
 10
-36.434354033
 20
-7.628925665
 30
0.000000000
 10
-36.376628455
 20
-7.593222055
 30
0.000000000
 10
-36.308129738
 20
-7.550049405
 30
0.000000000
 10
-36.239738808
 20
-7.552169544
 30
0.000000000
 10
-36.197704497
 20
-7.586159211
 30
0.000000000
  0
SPLINE
  5
D56
330
A02
100
AcDbEntity
  8
Sketch065
100
AcDbSpline
210
0
220
0
230
1
 70
8
 71
3
 72
8
 73
4
 74
0
 40
0.000000000
 40
0.000000000
 40
0.000000000
 40
0.000000000
 40
1.000000000
 40
1.000000000
 40
1.000000000
 40
1.000000000
 10
-36.197704496
 20
-7.586159209
 30
0.000000000
 10
-35.844052192
 20
-7.852708726
 30
0.000000000
 10
-35.585490289
 20
-8.386584181
 30
0.000000000
 10
-35.590505919
 20
-8.838200845
 30
0.000000000
  0
LINE
  5
D57
330
A02
100
AcDbEntity
  8
Sketch065
100
AcDbLine
 10
-35.590505919
 20
-8.838200845
 30
0.000000000
 11
-35.590505919
 21
-9.346713442
 31
0.000000000
  0
ELLIPSE
  5
D58
330
A02
100
AcDbEntity
  8
Sketch065
100
AcDbEllipse
 10
-9.680411651
 20
-25.601562150
 30
0.000000000
 11
-0.800000000
 21
0.000000000
 31
0.000000000
 40
0.476557377
 41
0.000000000
 42
2.338983176
  0
ELLIPSE
  5
D59
330
A02
100
AcDbEntity
  8
Sketch065
100
AcDbEllipse
 10
-9.680411651
 20
-25.601562150
 30
0.000000000
 11
-0.800000000
 21
0.000000000
 31
0.000000000
 40
0.476557377
 41
2.338983176
 42
3.141592654
  0
ELLIPSE
  5
D5A
330
A02
100
AcDbEntity
  8
Sketch065
100
AcDbEllipse
 10
-9.680411651
 20
-25.601562150
 30
0.000000000
 11
-0.800000000
 21
0.000000000
 31
0.000000000
 40
0.476557377
 41
3.141592654
 42
3.909779503
  0
ELLIPSE
  5
D5B
330
A02
100
AcDbEntity
  8
Sketch065
100
AcDbEllipse
 10
-9.680411651
 20
-25.601562150
 30
0.000000000
 11
-0.800000000
 21
0.000000000
 31
0.000000000
 40
0.476557377
 41
3.909779503
 42
5.480575829
  0
ELLIPSE
  5
D5C
330
A02
100
AcDbEntity
  8
Sketch065
100
AcDbEllipse
 10
-9.680411651
 20
-25.601562150
 30
0.000000000
 11
-0.800000000
 21
0.000000000
 31
0.000000000
 40
0.476557377
 41
5.480575829
 42
0.000000000
  0
LINE
  5
D5D
330
A02
100
AcDbEntity
  8
Sketch065
100
AcDbLine
 10
-10.480411651
 20
-25.601562150
 30
0.000000000
 11
-10.480411651
 21
-25.865305161
 31
0.000000000
  0
ELLIPSE
  5
D5E
330
A02
100
AcDbEntity
  8
Sketch065
100
AcDbEllipse
 10
-9.680411651
 20
-25.865305161
 30
0.000000000
 11
0.800000000
 21
0.000000000
 31
0.000000000
 40
0.476557377
 41
3.141592654
 42
5.480575829
  0
ELLIPSE
  5
D5F
330
A02
100
AcDbEntity
  8
Sketch065
100
AcDbEllipse
 10
-9.680411651
 20
-25.865305161
 30
0.000000000
 11
0.800000000
 21
0.000000000
 31
0.000000000
 40
0.476557377
 41
5.480575829
 42
0.000000000
  0
LINE
  5
D60
330
A02
100
AcDbEntity
  8
Sketch065
100
AcDbLine
 10
-8.880411651
 20
-25.601562150
 30
0.000000000
 11
-8.880411651
 21
-25.865305161
 31
0.000000000
  0
SPLINE
  5
D61
330
A02
100
AcDbEntity
  8
Sketch065
100
AcDbSpline
210
0
220
0
230
1
 70
8
 71
3
 72
8
 73
4
 74
0
 40
1.080839001
 40
1.080839001
 40
1.080839001
 40
1.080839001
 40
1.570796327
 40
1.570796327
 40
1.570796327
 40
1.570796327
 10
-9.105074302
 20
-25.336660140
 30
0.000000000
 10
-9.281205375
 20
-25.302643628
 30
0.000000000
 10
-9.480688392
 20
-25.333527452
 30
0.000000000
 10
-9.680411651
 20
-25.425733476
 30
0.000000000
  0
LINE
  5
D62
330
A02
100
AcDbEntity
  8
Sketch065
100
AcDbLine
 10
-9.124545719
 20
-25.875743408
 30
0.000000000
 11
-9.124545719
 21
-26.139486419
 31
0.000000000
  0
SPLINE
  5
D63
330
A02
100
AcDbEntity
  8
Sketch065
100
AcDbSpline
210
0
220
0
230
1
 70
8
 71
3
 72
8
 73
4
 74
0
 40
1.080839001
 40
1.080839001
 40
1.080839001
 40
1.080839001
 40
1.570796327
 40
1.570796327
 40
1.570796327
 40
1.570796327
 10
-16.009122497
 20
-28.515484262
 30
0.000000000
 10
-15.832991424
 20
-28.319276036
 30
0.000000000
 10
-15.633508407
 20
-28.166464322
 30
0.000000000
 10
-15.433785148
 20
-28.074753578
 30
0.000000000
  0
ELLIPSE
  5
D64
330
A02
100
AcDbEntity
  8
Sketch065
100
AcDbEllipse
 10
-15.433785148
 20
-28.250582252
 30
0.000000000
 11
0.800000000
 21
0.000000000
 31
0.000000000
 40
0.476557377
 41
3.141592654
 42
3.909779503
  0
ELLIPSE
  5
D65
330
A02
100
AcDbEntity
  8
Sketch065
100
AcDbEllipse
 10
-15.433785148
 20
-28.250582252
 30
0.000000000
 11
0.800000000
 21
0.000000000
 31
0.000000000
 40
0.476557377
 41
3.909779503
 42
5.480575829
  0
ELLIPSE
  5
D66
330
A02
100
AcDbEntity
  8
Sketch065
100
AcDbEllipse
 10
-15.433785148
 20
-28.250582252
 30
0.000000000
 11
0.800000000
 21
0.000000000
 31
0.000000000
 40
0.476557377
 41
5.480575829
 42
0.000000000
  0
ELLIPSE
  5
D67
330
A02
100
AcDbEntity
  8
Sketch065
100
AcDbEllipse
 10
-15.433785148
 20
-28.250582252
 30
0.000000000
 11
0.800000000
 21
0.000000000
 31
0.000000000
 40
0.476557377
 41
0.000000000
 42
2.338983176
  0
ELLIPSE
  5
D68
330
A02
100
AcDbEntity
  8
Sketch065
100
AcDbEllipse
 10
-15.433785148
 20
-28.250582252
 30
0.000000000
 11
0.800000000
 21
0.000000000
 31
0.000000000
 40
0.476557377
 41
2.338983176
 42
3.141592654
  0
LINE
  5
D69
330
A02
100
AcDbEntity
  8
Sketch065
100
AcDbLine
 10
-16.233785148
 20
-28.250582252
 30
0.000000000
 11
-16.233785148
 21
-28.514325264
 31
0.000000000
  0
ELLIPSE
  5
D6A
330
A02
100
AcDbEntity
  8
Sketch065
100
AcDbEllipse
 10
-15.433785148
 20
-28.514325264
 30
0.000000000
 11
0.800000000
 21
0.000000000
 31
0.000000000
 40
0.476557377
 41
3.141592654
 42
5.480575829
  0
ELLIPSE
  5
D6B
330
A02
100
AcDbEntity
  8
Sketch065
100
AcDbEllipse
 10
-15.433785148
 20
-28.514325264
 30
0.000000000
 11
0.800000000
 21
0.000000000
 31
0.000000000
 40
0.476557377
 41
5.480575829
 42
0.000000000
  0
LINE
  5
D6C
330
A02
100
AcDbEntity
  8
Sketch065
100
AcDbLine
 10
-14.633785148
 20
-28.250582252
 30
0.000000000
 11
-14.633785148
 21
-28.514325264
 31
0.000000000
  0
LINE
  5
D6D
330
A02
100
AcDbEntity
  8
Sketch065
100
AcDbLine
 10
-14.877919216
 20
-28.524763510
 30
0.000000000
 11
-14.877919216
 21
-28.788506522
 31
0.000000000
  0
SPLINE
  5
D6E
330
A02
100
AcDbEntity
  8
Sketch065
100
AcDbSpline
210
0
220
0
230
1
 70
8
 71
3
 72
8
 73
4
 74
0
 40
1.080839001
 40
1.080839001
 40
1.080839001
 40
1.080839001
 40
1.570796327
 40
1.570796327
 40
1.570796327
 40
1.570796327
 10
-21.567781815
 20
-25.773671682
 30
0.000000000
 10
-21.391650741
 20
-25.577463456
 30
0.000000000
 10
-21.192167724
 20
-25.424651741
 30
0.000000000
 10
-20.992444465
 20
-25.332940998
 30
0.000000000
  0
ELLIPSE
  5
D6F
330
A02
100
AcDbEntity
  8
Sketch065
100
AcDbEllipse
 10
-20.992444465
 20
-25.508769672
 30
0.000000000
 11
-0.800000000
 21
0.000000000
 31
0.000000000
 40
0.476557377
 41
-0.000000000
 42
0.768186849
  0
ELLIPSE
  5
D70
330
A02
100
AcDbEntity
  8
Sketch065
100
AcDbEllipse
 10
-20.992444465
 20
-25.508769672
 30
0.000000000
 11
-0.800000000
 21
0.000000000
 31
0.000000000
 40
0.476557377
 41
0.768186849
 42
2.338983176
  0
ELLIPSE
  5
D71
330
A02
100
AcDbEntity
  8
Sketch065
100
AcDbEllipse
 10
-20.992444465
 20
-25.508769672
 30
0.000000000
 11
-0.800000000
 21
0.000000000
 31
0.000000000
 40
0.476557377
 41
2.338983176
 42
3.141592654
  0
ELLIPSE
  5
D72
330
A02
100
AcDbEntity
  8
Sketch065
100
AcDbEllipse
 10
-20.992444465
 20
-25.508769672
 30
0.000000000
 11
-0.800000000
 21
0.000000000
 31
0.000000000
 40
0.476557377
 41
3.141592654
 42
5.480575829
  0
ELLIPSE
  5
D73
330
A02
100
AcDbEntity
  8
Sketch065
100
AcDbEllipse
 10
-20.992444465
 20
-25.508769672
 30
0.000000000
 11
-0.800000000
 21
0.000000000
 31
0.000000000
 40
0.476557377
 41
5.480575829
 42
6.283185307
  0
LINE
  5
D74
330
A02
100
AcDbEntity
  8
Sketch065
100
AcDbLine
 10
-21.792444465
 20
-25.508769672
 30
0.000000000
 11
-21.792444465
 21
-25.772512683
 31
0.000000000
  0
ELLIPSE
  5
D75
330
A02
100
AcDbEntity
  8
Sketch065
100
AcDbEllipse
 10
-20.992444465
 20
-25.772512683
 30
0.000000000
 11
0.800000000
 21
0.000000000
 31
0.000000000
 40
0.476557377
 41
3.141592654
 42
5.480575829
  0
ELLIPSE
  5
D76
330
A02
100
AcDbEntity
  8
Sketch065
100
AcDbEllipse
 10
-20.992444465
 20
-25.772512683
 30
0.000000000
 11
0.800000000
 21
0.000000000
 31
0.000000000
 40
0.476557377
 41
5.480575829
 42
0.000000000
  0
LINE
  5
D77
330
A02
100
AcDbEntity
  8
Sketch065
100
AcDbLine
 10
-20.192444465
 20
-25.508769672
 30
0.000000000
 11
-20.192444465
 21
-25.772512683
 31
0.000000000
  0
LINE
  5
D78
330
A02
100
AcDbEntity
  8
Sketch065
100
AcDbLine
 10
-20.436578534
 20
-25.782950930
 30
0.000000000
 11
-20.436578534
 21
-26.046693941
 31
0.000000000
  0
ELLIPSE
  5
D79
330
A02
100
AcDbEntity
  8
Sketch065
100
AcDbEllipse
 10
-15.336428058
 20
-25.994737596
 30
0.000000000
 11
3.700000000
 21
0.000000000
 31
0.000000000
 40
0.476557377
 41
0.049879591
 42
0.330297355
  0
ELLIPSE
  5
D7A
330
A02
100
AcDbEntity
  8
Sketch065
100
AcDbEllipse
 10
-15.336428058
 20
-25.818908922
 30
0.000000000
 11
3.700000000
 21
0.000000000
 31
0.000000000
 40
0.476557377
 41
2.811295299
 42
3.141592654
  0
ELLIPSE
  5
D7B
330
A02
100
AcDbEntity
  8
Sketch065
100
AcDbEllipse
 10
-15.336428058
 20
-25.818908922
 30
0.000000000
 11
3.700000000
 21
0.000000000
 31
0.000000000
 40
0.476557377
 41
3.141592654
 42
5.480575829
  0
ELLIPSE
  5
D7C
330
A02
100
AcDbEntity
  8
Sketch065
100
AcDbEllipse
 10
-15.336428058
 20
-25.818908922
 30
0.000000000
 11
3.700000000
 21
0.000000000
 31
0.000000000
 40
0.476557377
 41
5.480575829
 42
0.000000000
  0
ELLIPSE
  5
D7D
330
A02
100
AcDbEntity
  8
Sketch065
100
AcDbEllipse
 10
-15.336428058
 20
-25.818908922
 30
0.000000000
 11
3.700000000
 21
0.000000000
 31
0.000000000
 40
0.476557377
 41
0.000000000
 42
0.330297355
  0
ELLIPSE
  5
D7E
330
A02
100
AcDbEntity
  8
Sketch065
100
AcDbEllipse
 10
-15.336428058
 20
-25.994737596
 30
0.000000000
 11
3.700000000
 21
0.000000000
 31
0.000000000
 40
0.476557377
 41
2.811295299
 42
3.091713062
  0
LINE
  5
D7F
330
A02
100
AcDbEntity
  8
Sketch065
100
AcDbLine
 10
-15.052190086
 20
-29.133804918
 30
0.000000000
 11
-15.052190086
 21
-29.141216175
 31
0.000000000
  0
LINE
  5
D80
330
A02
100
AcDbEntity
  8
Sketch065
100
AcDbLine
 10
-15.859891488
 20
-29.127179353
 30
0.000000000
 11
-15.859891488
 21
-29.134590610
 31
0.000000000
  0
LINE
  5
D81
330
A02
100
AcDbEntity
  8
Sketch065
100
AcDbLine
 10
-22.292350175
 20
-25.954364625
 30
0.000000000
 11
-22.292350175
 21
-26.003622177
 31
0.000000000
  0
LINE
  5
D82
330
A02
100
AcDbEntity
  8
Sketch065
100
AcDbLine
 10
-18.836428058
 20
-23.984643075
 30
0.000000000
 11
-22.278447199
 21
-25.569448564
 31
0.000000000
  0
LINE
  5
D83
330
A02
100
AcDbEntity
  8
Sketch065
100
AcDbLine
 10
-22.278447199
 20
-25.569448564
 30
0.000000000
 11
-22.292350175
 21
-25.954364625
 31
0.000000000
  0
LINE
  5
D84
330
A02
100
AcDbEntity
  8
Sketch065
100
AcDbLine
 10
-22.292350175
 20
-25.954364625
 30
0.000000000
 11
-15.859891488
 21
-29.127179353
 31
0.000000000
  0
LINE
  5
D85
330
A02
100
AcDbEntity
  8
Sketch065
100
AcDbLine
 10
-15.859891488
 20
-29.127179353
 30
0.000000000
 11
-15.052190086
 21
-29.133804918
 31
0.000000000
  0
LINE
  5
D86
330
A02
100
AcDbEntity
  8
Sketch065
100
AcDbLine
 10
-15.052190086
 20
-29.133804918
 30
0.000000000
 11
-8.394408918
 21
-26.068369281
 31
0.000000000
  0
LINE
  5
D87
330
A02
100
AcDbEntity
  8
Sketch065
100
AcDbLine
 10
-8.394408918
 20
-26.068369281
 30
0.000000000
 11
-8.380505942
 21
-25.683453220
 31
0.000000000
  0
LINE
  5
D88
330
A02
100
AcDbEntity
  8
Sketch065
100
AcDbLine
 10
-8.380505942
 20
-25.683453220
 30
0.000000000
 11
-11.836428058
 21
-23.978817229
 31
0.000000000
  0
LINE
  5
D89
330
A02
100
AcDbEntity
  8
Sketch065
100
AcDbLine
 10
-8.380505942
 20
-25.683453220
 30
0.000000000
 11
-8.380505942
 21
-25.859281894
 31
0.000000000
  0
LINE
  5
D8A
330
A02
100
AcDbEntity
  8
Sketch065
100
AcDbLine
 10
-8.389589401
 20
-26.110765414
 30
0.000000000
 11
-8.380505942
 21
-25.859281894
 31
0.000000000
  0
LINE
  5
D8B
330
A02
100
AcDbEntity
  8
Sketch065
100
AcDbLine
 10
-8.394408918
 20
-26.068369281
 30
0.000000000
 11
-8.394408918
 21
-26.112984459
 31
0.000000000
  0
LINE
  5
D8C
330
A02
100
AcDbEntity
  8
Sketch065
100
AcDbLine
 10
-12.165918162
 20
-27.980710248
 30
0.000000000
 11
-10.823760922
 21
-27.362742110
 31
0.000000000
  0
ELLIPSE
  5
D8D
330
A02
100
AcDbEntity
  8
Sketch065
100
AcDbEllipse
 10
-15.336428058
 20
-18.258275932
 30
0.000000000
 11
3.400000000
 21
0.000000000
 31
0.000000000
 40
0.476557377
 41
2.338983176
 42
5.480575829
  0
LINE
  5
D8E
330
A02
100
AcDbEntity
  8
Sketch065
100
AcDbLine
 10
-11.836428058
 20
-18.346190269
 30
0.000000000
 11
-11.836428058
 21
-25.994737596
 31
0.000000000
  0
ELLIPSE
  5
D8F
330
A02
100
AcDbEntity
  8
Sketch065
100
AcDbEllipse
 10
-15.336428058
 20
-25.994737596
 30
0.000000000
 11
3.500000000
 21
0.000000000
 31
0.000000000
 40
0.476557377
 41
5.753977267
 42
0.000000000
  0
LINE
  5
D90
330
A02
100
AcDbEntity
  8
Sketch065
100
AcDbLine
 10
-12.904514607
 20
-19.545733273
 30
0.000000000
 11
-12.904514607
 21
-27.147794697
 31
0.000000000
  0
ELLIPSE
  5
D91
330
A02
100
AcDbEntity
  8
Sketch065
100
AcDbEllipse
 10
-15.336428058
 20
-18.346190269
 30
0.000000000
 11
-3.500000000
 21
0.000000000
 31
0.000000000
 40
0.476557377
 41
2.338983176
 42
3.141592654
  0
SPLINE
  5
D92
330
A02
100
AcDbEntity
  8
Sketch065
100
AcDbSpline
210
0
220
0
230
1
 70
8
 71
3
 72
20
 73
16
 74
0
 40
0.000000000
 40
0.000000000
 40
0.000000000
 40
0.000000000
 40
0.158463152
 40
0.158463152
 40
0.158463152
 40
0.485303940
 40
0.485303940
 40
0.485303940
 40
0.675684502
 40
0.675684502
 40
0.675684502
 40
0.821232912
 40
0.821232912
 40
0.821232912
 40
1.000000000
 40
1.000000000
 40
1.000000000
 40
1.000000000
 10
-17.740680990
 20
-17.090085678
 30
0.000000000
 10
-17.426188368
 20
-16.945133939
 30
0.000000000
 10
-17.054092641
 20
-16.828935142
 30
0.000000000
 10
-16.650087560
 20
-16.749781673
 30
0.000000000
 10
-15.817274493
 20
-16.584512992
 30
0.000000000
 10
-14.849286767
 20
-16.584925473
 30
0.000000000
 10
-14.017110418
 20
-16.750895375
 30
0.000000000
 10
-13.531957881
 20
-16.846322470
 30
0.000000000
 10
-13.093551637
 20
-16.995510750
 30
0.000000000
 10
-12.745066908
 20
-17.183158204
 30
0.000000000
 10
-12.476459721
 20
-17.328280094
 30
0.000000000
 10
-12.265749850
 20
-17.490037389
 30
0.000000000
 10
-12.112937296
 20
-17.668430089
 30
0.000000000
 10
-11.927722429
 20
-17.888234001
 30
0.000000000
 10
-11.835552683
 20
-18.114154061
 30
0.000000000
 10
-11.836428058
 20
-18.346190269
 30
0.000000000
  0
ELLIPSE
  5
D93
330
A02
100
AcDbEntity
  8
Sketch065
100
AcDbEllipse
 10
-15.336428058
 20
-18.346190269
 30
0.000000000
 11
-3.500000000
 21
0.000000000
 31
0.000000000
 40
0.476557377
 41
0.000000000
 42
2.338983176
  0
ELLIPSE
  5
D94
330
A02
100
AcDbEntity
  8
Sketch065
100
AcDbEllipse
 10
-12.973997848
 20
-19.511460616
 30
0.000000000
 11
0.041822722
 21
-0.090834244
 31
0.000000000
 40
0.610857311
 41
0.924904422
 42
2.495700749
  0
ELLIPSE
  5
D95
330
A02
100
AcDbEntity
  8
Sketch065
100
AcDbEllipse
 10
-15.336428058
 20
-18.258275932
 30
0.000000000
 11
3.400000000
 21
0.000000000
 31
0.000000000
 40
0.476557377
 41
5.480575829
 42
2.338983176
  0
ELLIPSE
  5
D96
330
A02
100
AcDbEntity
  8
Sketch065
100
AcDbEllipse
 10
-17.698858268
 20
-17.180919922
 30
0.000000000
 11
-0.041822722
 21
0.090834244
 31
0.000000000
 40
0.610857311
 41
5.637293403
 42
6.283185307
  0
SPLINE
  5
D97
330
A02
100
AcDbEntity
  8
Sketch065
100
AcDbSpline
210
0
220
0
230
1
 70
8
 71
3
 72
11
 73
7
 74
0
 40
0.000000000
 40
0.000000000
 40
0.000000000
 40
0.000000000
 40
0.498922211
 40
0.498922211
 40
0.498922211
 40
1.000000000
 40
1.000000000
 40
1.000000000
 40
1.000000000
 10
-17.740680990
 20
-17.090085678
 30
0.000000000
 10
-18.094710787
 20
-17.252759310
 30
0.000000000
 10
-18.374875929
 20
-17.452018439
 30
0.000000000
 10
-18.559618747
 20
-17.668080530
 30
0.000000000
 10
-18.745038397
 20
-17.887992226
 30
0.000000000
 10
-18.837308168
 20
-18.114028806
 30
0.000000000
 10
-18.836428058
 20
-18.346190269
 30
0.000000000
  0
LINE
  5
D98
330
A02
100
AcDbEntity
  8
Sketch065
100
AcDbLine
 10
-18.836428058
 20
-18.346190269
 30
0.000000000
 11
-18.836428058
 21
-25.994737596
 31
0.000000000
  0
ELLIPSE
  5
D99
330
A02
100
AcDbEntity
  8
Sketch065
100
AcDbEllipse
 10
-15.336428058
 20
-25.994737596
 30
0.000000000
 11
3.500000000
 21
0.000000000
 31
0.000000000
 40
0.476557377
 41
3.141592654
 42
3.670800694
  0
LINE
  5
D9A
330
A02
100
AcDbEntity
  8
Sketch065
100
AcDbLine
 10
-8.578415497
 20
-29.672296773
 30
0.000000000
 11
-8.854968523
 21
-29.535886800
 31
0.000000000
  0
LINE
  5
D9B
330
A02
100
AcDbEntity
  8
Sketch065
100
AcDbLine
 10
-7.600230453
 20
-26.144910197
 30
0.000000000
 11
-7.600230453
 21
-29.221911995
 31
0.000000000
  0
LINE
  5
D9C
330
A02
100
AcDbEntity
  8
Sketch065
100
AcDbLine
 10
-7.600230453
 20
-26.144910197
 30
0.000000000
 11
-7.574921385
 21
-25.444206468
 31
0.000000000
  0
LINE
  5
D9D
330
A02
100
AcDbEntity
  8
Sketch065
100
AcDbLine
 10
-10.448261883
 20
-27.456226508
 30
0.000000000
 11
-7.600230453
 21
-26.144910197
 31
0.000000000
  0
LINE
  5
D9E
330
A02
100
AcDbEntity
  8
Sketch065
100
AcDbLine
 10
-10.448261883
 20
-27.719969519
 30
0.000000000
 11
-10.448261883
 21
-27.456226508
 31
0.000000000
  0
LINE
  5
D9F
330
A02
100
AcDbEntity
  8
Sketch065
100
AcDbLine
 10
-10.448261883
 20
-27.456226508
 30
0.000000000
 11
-10.795678090
 21
-27.284863221
 31
0.000000000
  0
ELLIPSE
  5
DA0
330
A02
100
AcDbEntity
  8
Sketch065
100
AcDbEllipse
 10
-10.723760922
 20
-27.251750470
 30
0.000000000
 11
-0.100000000
 21
0.000000000
 31
0.000000000
 40
0.476557377
 41
0.000000000
 42
0.768186849
  0
LINE
  5
DA1
330
A02
100
AcDbEntity
  8
Sketch065
100
AcDbLine
 10
-10.795678090
 20
-27.548606233
 30
0.000000000
 11
-10.795678090
 21
-27.284863221
 31
0.000000000
  0
LINE
  5
DA2
330
A02
100
AcDbEntity
  8
Sketch065
100
AcDbLine
 10
-12.234021465
 20
-27.947118247
 30
0.000000000
 11
-11.886605257
 21
-28.118481533
 31
0.000000000
  0
ELLIPSE
  5
DA3
330
A02
100
AcDbEntity
  8
Sketch065
100
AcDbEllipse
 10
-12.305938633
 20
-27.980230998
 30
0.000000000
 11
-0.100000000
 21
0.000000000
 31
0.000000000
 40
0.476557377
 41
3.909779503
 42
5.480575829
  0
LINE
  5
DA4
330
A02
100
AcDbEntity
  8
Sketch065
100
AcDbLine
 10
-14.972801737
 20
-29.141867397
 30
0.000000000
 11
-12.375421875
 21
-27.945958341
 31
0.000000000
  0
LINE
  5
DA5
330
A02
100
AcDbEntity
  8
Sketch065
100
AcDbLine
 10
-15.946164023
 20
-29.133882917
 30
0.000000000
 11
-14.972801737
 21
-29.141867397
 31
0.000000000
  0
LINE
  5
DA6
330
A02
100
AcDbEntity
  8
Sketch065
100
AcDbLine
 10
-22.493746314
 20
-25.904283391
 30
0.000000000
 11
-15.946164023
 21
-29.133882917
 31
0.000000000
  0
LINE
  5
DA7
330
A02
100
AcDbEntity
  8
Sketch065
100
AcDbLine
 10
-22.476991815
 20
-25.440420413
 30
0.000000000
 11
-22.493746314
 21
-25.904283391
 31
0.000000000
  0
LINE
  5
DA8
330
A02
100
AcDbEntity
  8
Sketch065
100
AcDbLine
 10
-22.476991815
 20
-25.704163425
 30
0.000000000
 11
-22.484386797
 21
-25.908899979
 31
0.000000000
  0
LINE
  5
DA9
330
A02
100
AcDbEntity
  8
Sketch065
100
AcDbLine
 10
-22.280037592
 20
-25.613479985
 30
0.000000000
 11
-22.476991815
 21
-25.704163425
 31
0.000000000
  0
LINE
  5
DAA
330
A02
100
AcDbEntity
  8
Sketch065
100
AcDbLine
 10
-22.476991815
 20
-25.704163425
 30
0.000000000
 11
-22.476991815
 21
-25.440420413
 31
0.000000000
  0
LINE
  5
DAB
330
A02
100
AcDbEntity
  8
Sketch065
100
AcDbLine
 10
-19.879611953
 20
-24.244511357
 30
0.000000000
 11
-22.476991815
 21
-25.440420413
 31
0.000000000
  0
LINE
  5
DAC
330
A02
100
AcDbEntity
  8
Sketch065
100
AcDbLine
 10
-19.849095195
 20
-24.450904409
 30
0.000000000
 11
-19.849095195
 21
-24.210238700
 31
0.000000000
  0
LINE
  5
DAD
330
A02
100
AcDbEntity
  8
Sketch065
100
AcDbLine
 10
-19.879611953
 20
-24.464955210
 30
0.000000000
 11
-19.879611953
 21
-24.244511357
 31
0.000000000
  0
ELLIPSE
  5
DAE
330
A02
100
AcDbEntity
  8
Sketch065
100
AcDbEllipse
 10
-19.949095195
 20
-24.210238700
 30
0.000000000
 11
-0.100000000
 21
0.000000000
 31
0.000000000
 40
0.476557377
 41
2.338983176
 42
3.141592654
  0
ELLIPSE
  5
DAF
330
A02
100
AcDbEntity
  8
Sketch065
100
AcDbEllipse
 10
-19.949095195
 20
-24.210238700
 30
0.000000000
 11
-0.100000000
 21
0.000000000
 31
0.000000000
 40
0.476557377
 41
3.141592654
 42
3.909779503
  0
LINE
  5
DB0
330
A02
100
AcDbEntity
  8
Sketch065
100
AcDbLine
 10
-20.224594234
 20
-24.005762663
 30
0.000000000
 11
-19.877178026
 21
-24.177125949
 31
0.000000000
  0
LINE
  5
DB1
330
A02
100
AcDbEntity
  8
Sketch065
100
AcDbLine
 10
-20.224594234
 20
-24.005762663
 30
0.000000000
 11
-23.072625664
 21
-25.317078974
 31
0.000000000
  0
LINE
  5
DB2
330
A02
100
AcDbEntity
  8
Sketch065
100
AcDbLine
 10
-23.072625664
 20
-25.317078974
 30
0.000000000
 11
-23.097934732
 21
-26.017782702
 31
0.000000000
  0
LINE
  5
DB3
330
A02
100
AcDbEntity
  8
Sketch065
100
AcDbLine
 10
-22.152854874
 20
-29.560945799
 30
0.000000000
 11
-22.152854874
 21
-29.297202788
 31
0.000000000
  0
LINE
  5
DB4
330
A02
100
AcDbEntity
  8
Sketch065
100
AcDbLine
 10
-22.152854874
 20
-29.297202788
 30
0.000000000
 11
-22.023496352
 21
-29.361008969
 31
0.000000000
  0
LINE
  5
DB5
330
A02
100
AcDbEntity
  8
Sketch065
100
AcDbLine
 10
-22.023624100
 20
-29.501444201
 30
0.000000000
 11
-22.152854874
 21
-29.560945799
 31
0.000000000
  0
LINE
  5
DB6
330
A02
100
AcDbEntity
  8
Sketch065
100
AcDbLine
 10
-22.152854874
 20
-29.560945799
 30
0.000000000
 11
-23.097934732
 21
-29.094784501
 31
0.000000000
  0
LINE
  5
DB7
330
A02
100
AcDbEntity
  8
Sketch065
100
AcDbLine
 10
-23.097934732
 20
-26.017782702
 30
0.000000000
 11
-23.097934732
 21
-29.094784501
 31
0.000000000
  0
LINE
  5
DB8
330
A02
100
AcDbEntity
  8
Sketch065
100
AcDbLine
 10
-23.097934732
 20
-26.017782702
 30
0.000000000
 11
-16.204981630
 21
-29.417736621
 31
0.000000000
  0
LINE
  5
DB9
330
A02
100
AcDbEntity
  8
Sketch065
100
AcDbLine
 10
-16.204981630
 20
-29.417736621
 30
0.000000000
 11
-14.734636688
 21
-29.429797845
 31
0.000000000
  0
LINE
  5
DBA
330
A02
100
AcDbEntity
  8
Sketch065
100
AcDbLine
 10
-14.734636688
 20
-29.429797845
 30
0.000000000
 11
-11.886605257
 21
-28.118481533
 31
0.000000000
  0
LINE
  5
DBB
330
A02
100
AcDbEntity
  8
Sketch065
100
AcDbLine
 10
-11.886605257
 20
-28.382224545
 30
0.000000000
 11
-11.886605257
 21
-28.118481533
 31
0.000000000
  0
LINE
  5
DBC
330
A02
100
AcDbEntity
  8
Sketch065
100
AcDbLine
 10
-11.886605257
 20
-28.382224545
 30
0.000000000
 11
-10.448261883
 21
-27.719969519
 31
0.000000000
  0
LINE
  5
DBD
330
A02
100
AcDbEntity
  8
Sketch065
100
AcDbLine
 10
-10.448261883
 20
-27.719969519
 30
0.000000000
 11
-10.795678090
 21
-27.548606233
 31
0.000000000
  0
ELLIPSE
  5
DBE
330
A02
100
AcDbEntity
  8
Sketch065
100
AcDbEllipse
 10
-10.723760922
 20
-27.515493482
 30
0.000000000
 11
-0.100000000
 21
0.000000000
 31
0.000000000
 40
0.476557377
 41
0.000000000
 42
0.768186849
  0
LINE
  5
DBF
330
A02
100
AcDbEntity
  8
Sketch065
100
AcDbLine
 10
-10.823760922
 20
-27.515493482
 30
0.000000000
 11
-10.823760922
 21
-27.251750470
 31
0.000000000
  0
ELLIPSE
  5
DC0
330
A02
100
AcDbEntity
  8
Sketch065
100
AcDbEllipse
 10
-10.723760922
 20
-27.251750470
 30
0.000000000
 11
-0.100000000
 21
0.000000000
 31
0.000000000
 40
0.476557377
 41
5.480575829
 42
0.000000000
  0
LINE
  5
DC1
330
A02
100
AcDbEntity
  8
Sketch065
100
AcDbLine
 10
-10.793244163
 20
-27.217477813
 30
0.000000000
 11
-8.195864301
 21
-26.021568757
 31
0.000000000
  0
LINE
  5
DC2
330
A02
100
AcDbEntity
  8
Sketch065
100
AcDbLine
 10
-8.195864301
 20
-26.021568757
 30
0.000000000
 11
-8.179109803
 21
-25.557705779
 31
0.000000000
  0
LINE
  5
DC3
330
A02
100
AcDbEntity
  8
Sketch065
100
AcDbLine
 10
-8.179109803
 20
-25.557705779
 30
0.000000000
 11
-11.836428058
 21
-23.753731002
 31
0.000000000
  0
LINE
  5
DC4
330
A02
100
AcDbEntity
  8
Sketch065
100
AcDbLine
 10
-7.574921385
 20
-25.444206468
 30
0.000000000
 11
-11.836428058
 21
-23.342215333
 31
0.000000000
  0
LINE
  5
DC5
330
A02
100
AcDbEntity
  8
Sketch065
100
AcDbLine
 10
-7.574921385
 20
-25.444206468
 30
0.000000000
 11
-7.574921385
 21
-28.521208267
 31
0.000000000
  0
LINE
  5
DC6
330
A02
100
AcDbEntity
  8
Sketch065
100
AcDbLine
 10
-7.574921385
 20
-28.521208267
 30
0.000000000
 11
-7.600230453
 21
-29.221911995
 31
0.000000000
  0
LINE
  5
DC7
330
A02
100
AcDbEntity
  8
Sketch065
100
AcDbLine
 10
-7.600230453
 20
-29.221911995
 30
0.000000000
 11
-8.578415497
 21
-29.672296773
 31
0.000000000
  0
LINE
  5
DC8
330
A02
100
AcDbEntity
  8
Sketch065
100
AcDbLine
 10
-8.578415497
 20
-29.672296773
 30
0.000000000
 11
-8.578415497
 21
-29.408553762
 31
0.000000000
  0
LINE
  5
DC9
330
A02
100
AcDbEntity
  8
Sketch065
100
AcDbLine
 10
-13.756451644
 20
-31.792671854
 30
0.000000000
 11
-8.578415497
 21
-29.408553762
 31
0.000000000
  0
LINE
  5
DCA
330
A02
100
AcDbEntity
  8
Sketch065
100
AcDbLine
 10
-13.756451644
 20
-32.056414865
 30
0.000000000
 11
-13.756451644
 21
-31.792671854
 31
0.000000000
  0
LINE
  5
DCB
330
A02
100
AcDbEntity
  8
Sketch065
100
AcDbLine
 10
-13.756451644
 20
-32.056414865
 30
0.000000000
 11
-14.734636688
 21
-32.506799643
 31
0.000000000
  0
LINE
  5
DCC
330
A02
100
AcDbEntity
  8
Sketch065
100
AcDbLine
 10
-14.734636688
 20
-32.506799643
 30
0.000000000
 11
-16.204981630
 21
-32.494738420
 31
0.000000000
  0
LINE
  5
DCD
330
A02
100
AcDbEntity
  8
Sketch065
100
AcDbLine
 10
-16.204981630
 20
-32.494738420
 30
0.000000000
 11
-17.150061488
 21
-32.028577121
 31
0.000000000
  0
LINE
  5
DCE
330
A02
100
AcDbEntity
  8
Sketch065
100
AcDbLine
 10
-17.150061488
 20
-32.028577121
 30
0.000000000
 11
-17.150061488
 21
-31.764834110
 31
0.000000000
  0
LINE
  5
DCF
330
A02
100
AcDbEntity
  8
Sketch065
100
AcDbLine
 10
-17.638878105
 20
-31.523724973
 30
0.000000000
 11
-17.150061488
 21
-31.764834110
 31
0.000000000
  0
LINE
  5
DD0
330
A02
100
AcDbEntity
  8
Sketch065
100
AcDbLine
 10
-16.204981630
 20
-29.417736621
 30
0.000000000
 11
-16.204981630
 21
-32.494738420
 31
0.000000000
  0
LINE
  5
DD1
330
A02
100
AcDbEntity
  8
Sketch065
100
AcDbLine
 10
-14.734636688
 20
-29.429797845
 30
0.000000000
 11
-14.734636688
 21
-32.506799643
 31
0.000000000
  0
LINE
  5
DD2
330
A02
100
AcDbEntity
  8
Sketch065
100
AcDbLine
 10
-21.113040179
 20
-29.810092110
 30
0.000000000
 11
-18.549334278
 21
-31.074641832
 31
0.000000000
  0
LINE
  5
DD3
330
A02
100
AcDbEntity
  8
Sketch065
100
AcDbLine
 10
-18.836428058
 20
-23.630353687
 30
0.000000000
 11
-19.948041207
 21
-24.142172636
 31
0.000000000
  0
LINE
  5
DD4
330
A02
100
AcDbEntity
  8
Sketch065
100
AcDbLine
 10
-8.188469319
 20
-25.816832202
 30
0.000000000
 11
-8.380505942
 21
-25.722110004
 31
0.000000000
  0
ELLIPSE
  5
DD5
330
A02
100
AcDbEntity
  8
Sketch065
100
AcDbEllipse
 10
-19.949095195
 20
-24.473981711
 30
0.000000000
 11
-0.100000000
 21
0.000000000
 31
0.000000000
 40
0.476557377
 41
3.555863930
 42
3.909779503
  0
LINE
  5
DD6
330
A02
100
AcDbEntity
  8
Sketch065
100
AcDbLine
 10
-21.328791685
 20
-29.714273298
 30
0.000000000
 11
-22.023624100
 21
-29.371546725
 31
0.000000000
  0
ELLIPSE
  5
DD7
330
A02
100
AcDbEntity
  8
Sketch065
100
AcDbEllipse
 10
-21.041123010
 20
-29.581822292
 30
0.000000000
 11
-0.176945852
 21
-0.358734115
 31
0.000000000
 40
0.632255021
 41
3.804109194
 42
5.374905521
  0
LINE
  5
DD8
330
A02
100
AcDbEntity
  8
Sketch065
100
AcDbLine
 10
-21.328791685
 20
-29.714273298
 30
0.000000000
 11
-21.328791685
 21
-30.448822123
 31
0.000000000
  0
LINE
  5
DD9
330
A02
100
AcDbEntity
  8
Sketch065
100
AcDbLine
 10
-21.113040179
 20
-30.373964932
 30
0.000000000
 11
-21.113040179
 21
-29.614935044
 31
0.000000000
  0
ELLIPSE
  5
DDA
330
A02
100
AcDbEntity
  8
Sketch065
100
AcDbEllipse
 10
-21.041123010
 20
-29.581822292
 30
0.000000000
 11
0.044236463
 21
0.089683529
 31
0.000000000
 40
0.632255021
 41
0.662516540
 42
2.233312867
  0
LINE
  5
DDB
330
A02
100
AcDbEntity
  8
Sketch065
100
AcDbLine
 10
-21.041123010
 20
-29.493907955
 30
0.000000000
 11
-21.041123010
 21
-29.230164944
 31
0.000000000
  0
LINE
  5
DDC
330
A02
100
AcDbEntity
  8
Sketch065
100
AcDbLine
 10
-21.041123010
 20
-29.230164944
 30
0.000000000
 11
-21.735955425
 21
-28.887438372
 31
0.000000000
  0
ELLIPSE
  5
DDD
330
A02
100
AcDbEntity
  8
Sketch065
100
AcDbEllipse
 10
-21.735955425
 20
-29.239095720
 30
0.000000000
 11
-0.176945852
 21
-0.358734115
 31
0.000000000
 40
0.632255021
 41
3.804109194
 42
5.374905521
  0
LINE
  5
DDE
330
A02
100
AcDbEntity
  8
Sketch065
100
AcDbLine
 10
-22.023624100
 20
-29.371546725
 30
0.000000000
 11
-22.023624100
 21
-30.425199565
 31
0.000000000
  0
LINE
  5
DDF
330
A02
100
AcDbEntity
  8
Sketch065
100
AcDbLine
 10
-17.638878105
 20
-32.087597795
 30
0.000000000
 11
-17.638878105
 21
-31.328567907
 31
0.000000000
  0
ELLIPSE
  5
DE0
330
A02
100
AcDbEntity
  8
Sketch065
100
AcDbEllipse
 10
-17.566960937
 20
-31.295455155
 30
0.000000000
 11
0.044236463
 21
0.089683529
 31
0.000000000
 40
0.632255021
 41
0.662516540
 42
2.233312867
  0
LINE
  5
DE1
330
A02
100
AcDbEntity
  8
Sketch065
100
AcDbLine
 10
-18.261793351
 20
-30.601071234
 30
0.000000000
 11
-17.566960937
 21
-30.943797807
 31
0.000000000
  0
ELLIPSE
  5
DE2
330
A02
100
AcDbEntity
  8
Sketch065
100
AcDbEllipse
 10
-18.261793351
 20
-30.952728583
 30
0.000000000
 11
-0.176945852
 21
-0.358734115
 31
0.000000000
 40
0.632255021
 41
3.804109194
 42
5.374905521
  0
LINE
  5
DE3
330
A02
100
AcDbEntity
  8
Sketch065
100
AcDbLine
 10
-18.549462026
 20
-31.085179588
 30
0.000000000
 11
-18.549462026
 21
-32.138832428
 31
0.000000000
  0
LINE
  5
DE4
330
A02
100
AcDbEntity
  8
Sketch065
100
AcDbLine
 10
-18.549462026
 20
-31.085179588
 30
0.000000000
 11
-17.854629611
 21
-31.427906160
 31
0.000000000
  0
LINE
  5
DE5
330
A02
100
AcDbEntity
  8
Sketch065
100
AcDbLine
 10
-17.566960937
 20
-31.207540818
 30
0.000000000
 11
-17.566960937
 21
-30.943797807
 31
0.000000000
  0
ELLIPSE
  5
DE6
330
A02
100
AcDbEntity
  8
Sketch065
100
AcDbEllipse
 10
-17.566960937
 20
-31.295455155
 30
0.000000000
 11
-0.176945852
 21
-0.358734115
 31
0.000000000
 40
0.632255021
 41
3.804109194
 42
5.374905521
  0
LINE
  5
DE7
330
A02
100
AcDbEntity
  8
Sketch065
100
AcDbLine
 10
-17.854629611
 20
-31.427906160
 30
0.000000000
 11
-17.854629611
 21
-32.162454986
 31
0.000000000
  0
LINE
  5
DE8
330
A02
100
AcDbEntity
  8
Sketch065
100
AcDbLine
 10
-10.174194232
 20
-19.337770527
 30
0.000000000
 11
-10.834285026
 21
-19.012180283
 31
0.000000000
  0
ELLIPSE
  5
DE9
330
A02
100
AcDbEntity
  8
Sketch065
100
AcDbEllipse
 10
-10.727150020
 20
-20.458814636
 30
0.000000000
 11
-0.552955788
 21
-1.121044110
 31
0.000000000
 40
0.632255021
 41
2.690565842
 42
3.141592654
  0
ELLIPSE
  5
DEA
330
A02
100
AcDbEntity
  8
Sketch065
100
AcDbEllipse
 10
-10.727150020
 20
-20.458814636
 30
0.000000000
 11
-0.552955788
 21
-1.121044110
 31
0.000000000
 40
0.632255021
 41
3.141592654
 42
5.677809468
  0
SPLINE
  5
DEB
330
A02
100
AcDbEntity
  8
Sketch065
100
AcDbSpline
210
0
220
0
230
1
 70
8
 71
3
 72
17
 73
13
 74
0
 40
0.000000000
 40
0.000000000
 40
0.000000000
 40
0.000000000
 40
0.261755057
 40
0.261755057
 40
0.261755057
 40
0.586830142
 40
0.586830142
 40
0.586830142
 40
0.815898453
 40
0.815898453
 40
0.815898453
 40
1.000000000
 40
1.000000000
 40
1.000000000
 40
1.000000000
 10
-10.834285026
 20
-19.012180283
 30
0.000000000
 10
-11.060656781
 20
-18.899083347
 30
0.000000000
 10
-11.335041841
 20
-18.892285128
 30
0.000000000
 10
-11.580429412
 20
-18.987378320
 30
0.000000000
 10
-11.886943768
 20
-19.103563189
 30
0.000000000
 10
-12.145303621
 20
-19.365243956
 30
0.000000000
 10
-12.299937597
 20
-19.677462449
 30
0.000000000
 10
-12.456441510
 20
-19.991146977
 30
0.000000000
 10
-12.508936582
 20
-20.357884941
 30
0.000000000
 10
-12.414954480
 20
-20.674117379
 30
0.000000000
 10
-12.341532743
 20
-20.928082414
 30
0.000000000
 10
-12.168694643
 20
-21.143023179
 30
0.000000000
 10
-11.940196602
 20
-21.254268502
 30
0.000000000
  0
ELLIPSE
  5
DEC
330
A02
100
AcDbEntity
  8
Sketch065
100
AcDbEllipse
 10
-11.387240814
 20
-20.133224393
 30
0.000000000
 11
-0.552955788
 21
-1.121044110
 31
0.000000000
 40
0.632255021
 41
3.141592654
 42
4.327329012
  0
LINE
  5
DED
330
A02
100
AcDbEntity
  8
Sketch065
100
AcDbLine
 10
-8.349720258
 20
-20.377072579
 30
0.000000000
 11
-10.229489811
 21
-19.449874938
 31
0.000000000
  0
ELLIPSE
  5
DEE
330
A02
100
AcDbEntity
  8
Sketch065
100
AcDbEllipse
 10
-10.727150020
 20
-20.458814636
 30
0.000000000
 11
0.497660209
 21
1.008939699
 31
0.000000000
 40
0.632255021
 41
-0.000000000
 42
2.722979690
  0
ELLIPSE
  5
DEF
330
A02
100
AcDbEntity
  8
Sketch065
100
AcDbEllipse
 10
-7.444066861
 20
-22.078197692
 30
0.000000000
 11
-0.276477894
 21
-0.560522055
 31
0.000000000
 40
0.632255021
 41
2.233312867
 42
0.720606192
  0
ELLIPSE
  5
DF0
330
A02
100
AcDbEntity
  8
Sketch065
100
AcDbEllipse
 10
-7.444066861
 20
-22.078197692
 30
0.000000000
 11
-0.276477894
 21
-0.560522055
 31
0.000000000
 40
0.632255021
 41
1.820812945
 42
2.233312867
  0
ELLIPSE
  5
DF1
330
A02
100
AcDbEntity
  8
Sketch065
100
AcDbEllipse
 10
-7.428854816
 20
-21.657038888
 30
0.000000000
 11
-0.625000000
 21
0.000000000
 31
0.000000000
 40
0.476557377
 41
2.338983176
 42
3.141592654
  0
SPLINE
  5
DF2
330
A02
100
AcDbEntity
  8
Sketch065
100
AcDbSpline
210
0
220
0
230
1
 70
8
 71
3
 72
11
 73
7
 74
0
 40
0.000000000
 40
0.000000000
 40
0.000000000
 40
0.000000000
 40
0.633037083
 40
0.633037083
 40
0.633037083
 40
1.000000000
 40
1.000000000
 40
1.000000000
 40
1.000000000
 10
-6.803854816
 20
-21.657038888
 30
0.000000000
 10
-6.803018171
 20
-21.412487711
 30
0.000000000
 10
-6.875930914
 20
-21.173810860
 30
0.000000000
 10
-7.019453247
 20
-20.992193384
 30
0.000000000
 10
-7.103453070
 20
-20.885633827
 30
0.000000000
 10
-7.205429098
 20
-20.802552524
 30
0.000000000
 10
-7.325381332
 20
-20.742949474
 30
0.000000000
  0
LINE
  5
DF3
330
A02
100
AcDbEntity
  8
Sketch065
100
AcDbLine
 10
-7.325381332
 20
-20.742949474
 30
0.000000000
 11
-7.985472126
 21
-20.417359230
 31
0.000000000
  0
ELLIPSE
  5
DF4
330
A02
100
AcDbEntity
  8
Sketch065
100
AcDbEllipse
 10
-8.538427914
 20
-21.538403340
 30
0.000000000
 11
-0.552955788
 21
-1.121044110
 31
0.000000000
 40
0.632255021
 41
3.141592654
 42
0.000000000
  0
LINE
  5
DF5
330
A02
100
AcDbEntity
  8
Sketch065
100
AcDbLine
 10
-8.431292908
 20
-22.985037694
 30
0.000000000
 11
-9.091383702
 21
-22.659447450
 31
0.000000000
  0
SPLINE
  5
DF6
330
A02
100
AcDbEntity
  8
Sketch065
100
AcDbSpline
210
0
220
0
230
1
 70
8
 71
3
 72
17
 73
13
 74
0
 40
0.000000000
 40
0.000000000
 40
0.000000000
 40
0.000000000
 40
0.191164566
 40
0.191164566
 40
0.191164566
 40
0.542261312
 40
0.542261312
 40
0.542261312
 40
0.808835434
 40
0.808835434
 40
0.808835434
 40
1.000000000
 40
1.000000000
 40
1.000000000
 40
1.000000000
 10
-8.431292908
 20
-22.985037694
 30
0.000000000
 10
-8.309478305
 20
-23.044664700
 30
0.000000000
 10
-8.179857775
 20
-23.075027046
 30
0.000000000
 10
-8.042431316
 20
-23.076124731
 30
0.000000000
 10
-7.792707826
 20
-23.078523896
 30
0.000000000
 10
-7.541602234
 20
-22.975129223
 30
0.000000000
 10
-7.339991898
 20
-22.803357399
 30
0.000000000
 10
-7.186153146
 20
-22.673374895
 30
0.000000000
 10
-7.057970069
 20
-22.505521207
 30
0.000000000
 10
-6.965640337
 20
-22.319755527
 30
0.000000000
 10
-6.862227652
 20
-22.111790076
 30
0.000000000
 10
-6.803818759
 20
-21.881381328
 30
0.000000000
 10
-6.803854816
 20
-21.657038888
 30
0.000000000
  0
SPLINE
  5
DF7
330
A02
100
AcDbEntity
  8
Sketch065
100
AcDbSpline
210
0
220
0
230
1
 70
8
 71
3
 72
17
 73
13
 74
0
 40
0.000000000
 40
0.000000000
 40
0.000000000
 40
0.000000000
 40
0.191164566
 40
0.191164566
 40
0.191164566
 40
0.542261312
 40
0.542261312
 40
0.542261312
 40
0.808835434
 40
0.808835434
 40
0.808835434
 40
1.000000000
 40
1.000000000
 40
1.000000000
 40
1.000000000
 10
-8.431292908
 20
-22.985037694
 30
0.000000000
 10
-8.309478305
 20
-23.044664700
 30
0.000000000
 10
-8.179857775
 20
-23.075027046
 30
0.000000000
 10
-8.042431316
 20
-23.076124731
 30
0.000000000
 10
-7.792707826
 20
-23.078523896
 30
0.000000000
 10
-7.541602234
 20
-22.975129223
 30
0.000000000
 10
-7.339991898
 20
-22.803357399
 30
0.000000000
 10
-7.186153146
 20
-22.673374895
 30
0.000000000
 10
-7.057970069
 20
-22.505521207
 30
0.000000000
 10
-6.965640337
 20
-22.319755527
 30
0.000000000
 10
-6.862227652
 20
-22.111790076
 30
0.000000000
 10
-6.803818759
 20
-21.881381328
 30
0.000000000
 10
-6.803854816
 20
-21.657038888
 30
0.000000000
  0
ELLIPSE
  5
DF8
330
A02
100
AcDbEntity
  8
Sketch065
100
AcDbEllipse
 10
-7.878337120
 20
-21.863993584
 30
0.000000000
 11
-0.552955788
 21
-1.121044110
 31
0.000000000
 40
0.632255021
 41
3.141592654
 42
0.000000000
  0
ELLIPSE
  5
DF9
330
A02
100
AcDbEntity
  8
Sketch065
100
AcDbEllipse
 10
-6.985477467
 20
-23.095626264
 30
0.000000000
 11
0.300000000
 21
0.000000000
 31
0.000000000
 40
0.476557377
 41
3.141592654
 42
0.000000000
  0
LINE
  5
DFA
330
A02
100
AcDbEntity
  8
Sketch065
100
AcDbLine
 10
-7.285477467
 20
-23.095626264
 30
0.000000000
 11
-7.285477467
 21
-23.604138860
 31
0.000000000
  0
SPLINE
  5
DFB
330
A02
100
AcDbEntity
  8
Sketch065
100
AcDbSpline
210
0
220
0
230
1
 70
8
 71
3
 72
11
 73
7
 74
0
 40
0.000000000
 40
0.000000000
 40
0.000000000
 40
0.000000000
 40
0.471144666
 40
0.471144666
 40
0.471144666
 40
1.000000000
 40
1.000000000
 40
1.000000000
 40
1.000000000
 10
-7.602968757
 20
-22.367233083
 30
0.000000000
 10
-7.522704619
 20
-22.443312897
 30
0.000000000
 10
-7.440791775
 20
-22.557731493
 30
0.000000000
 10
-7.383373876
 20
-22.683962615
 30
0.000000000
 10
-7.317694040
 20
-22.825210070
 30
0.000000000
 10
-7.284563763
 20
-22.979923097
 30
0.000000000
 10
-7.285477467
 20
-23.095626264
 30
0.000000000
  0
SPLINE
  5
DFC
330
A02
100
AcDbEntity
  8
Sketch065
100
AcDbSpline
210
0
220
0
230
1
 70
8
 71
3
 72
14
 73
10
 74
0
 40
0.134858833
 40
0.134858833
 40
0.134858833
 40
0.134858833
 40
0.379846556
 40
0.379846556
 40
0.379846556
 40
0.483540399
 40
0.483540399
 40
0.483540399
 40
0.604878506
 40
0.604878506
 40
0.604878506
 40
0.604878506
 10
-7.602968763
 20
-22.367233090
 30
0.000000000
 10
-7.666004234
 20
-22.309402054
 30
0.000000000
 10
-7.687429669
 20
-22.166413116
 30
0.000000000
 10
-7.610622635
 20
-22.010739258
 30
0.000000000
 10
-7.578817078
 20
-21.947200640
 30
0.000000000
 10
-7.529325582
 20
-21.886351084
 30
0.000000000
 10
-7.471600004
 20
-21.850647474
 30
0.000000000
 10
-7.403101287
 20
-21.807474823
 30
0.000000000
 10
-7.334710356
 20
-21.809594963
 30
0.000000000
 10
-7.292676046
 20
-21.843584630
 30
0.000000000
  0
SPLINE
  5
DFD
330
A02
100
AcDbEntity
  8
Sketch065
100
AcDbSpline
210
0
220
0
230
1
 70
8
 71
3
 72
8
 73
4
 74
0
 40
0.000000000
 40
0.000000000
 40
0.000000000
 40
0.000000000
 40
1.000000000
 40
1.000000000
 40
1.000000000
 40
1.000000000
 10
-7.292676045
 20
-21.843584628
 30
0.000000000
 10
-6.939023741
 20
-22.110134145
 30
0.000000000
 10
-6.680461838
 20
-22.644009600
 30
0.000000000
 10
-6.685477467
 20
-23.095626264
 30
0.000000000
  0
LINE
  5
DFE
330
A02
100
AcDbEntity
  8
Sketch065
100
AcDbLine
 10
-6.685477467
 20
-23.095626264
 30
0.000000000
 11
-6.685477467
 21
-23.604138860
 31
0.000000000
  0
LINE
  5
DFF
330
A02
100
AcDbEntity
  8
Sketch065
100
AcDbLine
 10
-46.674298319
 20
-11.009046323
 30
0.000000000
 11
-46.674298319
 21
-9.690331267
 31
0.000000000
  0
ELLIPSE
  5
E00
330
A02
100
AcDbEntity
  8
Sketch065
100
AcDbEllipse
 10
-44.574298319
 20
-11.009046323
 30
0.000000000
 11
2.100000000
 21
0.000000000
 31
0.000000000
 40
0.476557377
 41
3.141592654
 42
4.894890286
  0
LINE
  5
E01
330
A02
100
AcDbEntity
  8
Sketch065
100
AcDbLine
 10
-44.193169520
 20
-10.674481770
 30
0.000000000
 11
-44.193169520
 21
-11.993196827
 31
0.000000000
  0
ELLIPSE
  5
E02
330
A02
100
AcDbEntity
  8
Sketch065
100
AcDbEllipse
 10
-44.574298319
 20
-9.690331267
 30
0.000000000
 11
2.100000000
 21
0.000000000
 31
0.000000000
 40
0.476557377
 41
3.141592654
 42
4.894890286
  0
ELLIPSE
  5
E03
330
A02
100
AcDbEntity
  8
Sketch065
100
AcDbEllipse
 10
-44.574298319
 20
-9.690331267
 30
0.000000000
 11
2.100000000
 21
0.000000000
 31
0.000000000
 40
0.476557377
 41
2.924668719
 42
3.141592654
  0
LINE
  5
E04
330
A02
100
AcDbEntity
  8
Sketch065
100
AcDbLine
 10
-46.625082971
 20
-9.474938766
 30
0.000000000
 11
-44.955427119
 21
-8.706180764
 31
0.000000000
  0
ELLIPSE
  5
E05
330
A02
100
AcDbEntity
  8
Sketch065
100
AcDbEllipse
 10
-44.574298319
 20
-9.690331267
 30
0.000000000
 11
2.100000000
 21
0.000000000
 31
0.000000000
 40
0.476557377
 41
0.000000000
 42
1.753297632
  0
ELLIPSE
  5
E06
330
A02
100
AcDbEntity
  8
Sketch065
100
AcDbEllipse
 10
-44.574298319
 20
-9.690331267
 30
0.000000000
 11
2.100000000
 21
0.000000000
 31
0.000000000
 40
0.476557377
 41
6.066261373
 42
0.000000000
  0
LINE
  5
E07
330
A02
100
AcDbEntity
  8
Sketch065
100
AcDbLine
 10
-42.523513667
 20
-9.905723768
 30
0.000000000
 11
-42.523513667
 21
-11.224438824
 31
0.000000000
  0
ELLIPSE
  5
E08
330
A02
100
AcDbEntity
  8
Sketch065
100
AcDbEllipse
 10
-44.574298319
 20
-11.009046323
 30
0.000000000
 11
2.100000000
 21
0.000000000
 31
0.000000000
 40
0.476557377
 41
6.066261373
 42
0.000000000
  0
LINE
  5
E09
330
A02
100
AcDbEntity
  8
Sketch065
100
AcDbLine
 10
-42.474298319
 20
-11.009046323
 30
0.000000000
 11
-42.474298319
 21
-9.690331267
 31
0.000000000
  0
LINE
  5
E0A
330
A02
100
AcDbEntity
  8
Sketch065
100
AcDbLine
 10
-44.193169520
 20
-10.674481770
 30
0.000000000
 11
-42.523513667
 21
-9.905723768
 31
0.000000000
  0
LINE
  5
E0B
330
A02
100
AcDbEntity
  8
Sketch065
100
AcDbLine
 10
-44.193169520
 20
-11.993196827
 30
0.000000000
 11
-42.523513667
 21
-11.224438824
 31
0.000000000
  0
ELLIPSE
  5
E0C
330
A02
100
AcDbEntity
  8
Sketch065
100
AcDbEllipse
 10
-45.487646362
 20
-10.022948871
 30
0.000000000
 11
0.250000000
 21
0.000000000
 31
0.000000000
 40
0.476557377
 41
3.141592654
 42
0.000000000
  0
ELLIPSE
  5
E0D
330
A02
100
AcDbEntity
  8
Sketch065
100
AcDbEllipse
 10
-45.487646362
 20
-10.022948871
 30
0.000000000
 11
0.250000000
 21
0.000000000
 31
0.000000000
 40
0.476557377
 41
0.000000000
 42
0.768186849
  0
ELLIPSE
  5
E0E
330
A02
100
AcDbEntity
  8
Sketch065
100
AcDbEllipse
 10
-45.487646362
 20
-10.022948871
 30
0.000000000
 11
0.250000000
 21
0.000000000
 31
0.000000000
 40
0.476557377
 41
0.768186849
 42
3.141592654
  0
LINE
  5
E0F
330
A02
100
AcDbEntity
  8
Sketch065
100
AcDbLine
 10
-45.737646362
 20
-10.022948871
 30
0.000000000
 11
-45.737646362
 21
-10.110863208
 31
0.000000000
  0
ELLIPSE
  5
E10
330
A02
100
AcDbEntity
  8
Sketch065
100
AcDbEllipse
 10
-45.487646362
 20
-10.110863208
 30
0.000000000
 11
-0.250000000
 21
0.000000000
 31
0.000000000
 40
0.476557377
 41
0.000000000
 42
3.141592654
  0
LINE
  5
E11
330
A02
100
AcDbEntity
  8
Sketch065
100
AcDbLine
 10
-45.237646362
 20
-10.022948871
 30
0.000000000
 11
-45.237646362
 21
-10.110863208
 31
0.000000000
  0
ELLIPSE
  5
E12
330
A02
100
AcDbEntity
  8
Sketch065
100
AcDbEllipse
 10
-43.660950277
 20
-9.181884989
 30
0.000000000
 11
0.250000000
 21
0.000000000
 31
0.000000000
 40
0.476557377
 41
3.141592654
 42
0.000000000
  0
ELLIPSE
  5
E13
330
A02
100
AcDbEntity
  8
Sketch065
100
AcDbEllipse
 10
-43.660950277
 20
-9.181884989
 30
0.000000000
 11
0.250000000
 21
0.000000000
 31
0.000000000
 40
0.476557377
 41
0.000000000
 42
0.768186849
  0
ELLIPSE
  5
E14
330
A02
100
AcDbEntity
  8
Sketch065
100
AcDbEllipse
 10
-43.660950277
 20
-9.181884989
 30
0.000000000
 11
0.250000000
 21
0.000000000
 31
0.000000000
 40
0.476557377
 41
0.768186849
 42
3.141592654
  0
LINE
  5
E15
330
A02
100
AcDbEntity
  8
Sketch065
100
AcDbLine
 10
-43.910950277
 20
-9.181884989
 30
0.000000000
 11
-43.910950277
 21
-9.269799326
 31
0.000000000
  0
ELLIPSE
  5
E16
330
A02
100
AcDbEntity
  8
Sketch065
100
AcDbEllipse
 10
-43.660950277
 20
-9.269799326
 30
0.000000000
 11
-0.250000000
 21
0.000000000
 31
0.000000000
 40
0.476557377
 41
0.000000000
 42
3.141592654
  0
LINE
  5
E17
330
A02
100
AcDbEntity
  8
Sketch065
100
AcDbLine
 10
-43.410950277
 20
-9.181884989
 30
0.000000000
 11
-43.410950277
 21
-9.269799326
 31
0.000000000
  0
LINE
  5
E18
330
A02
100
AcDbEntity
  8
Sketch065
100
AcDbLine
 10
-44.117482967
 20
-10.479712990
 30
0.000000000
 11
-44.117482967
 21
-10.435755822
 31
0.000000000
  0
LINE
  5
E19
330
A02
100
AcDbEntity
  8
Sketch065
100
AcDbLine
 10
-43.454379988
 20
-9.837555286
 30
0.000000000
 11
-43.454379988
 21
-9.793598117
 31
0.000000000
  0
LINE
  5
E1A
330
A02
100
AcDbEntity
  8
Sketch065
100
AcDbLine
 10
-43.382462820
 20
-9.760485366
 30
0.000000000
 11
-43.454379988
 21
-9.793598117
 31
0.000000000
  0
LINE
  5
E1B
330
A02
100
AcDbEntity
  8
Sketch065
100
AcDbLine
 10
-42.724806995
 20
-9.794527393
 30
0.000000000
 11
-44.117482967
 21
-10.435755822
 31
0.000000000
  0
LINE
  5
E1C
330
A02
100
AcDbEntity
  8
Sketch065
100
AcDbLine
 10
-44.189400135
 20
-10.468868573
 30
0.000000000
 11
-44.117482967
 21
-10.435755822
 31
0.000000000
  0
LINE
  5
E1D
330
A02
100
AcDbEntity
  8
Sketch065
100
AcDbLine
 10
-44.189400135
 20
-10.512825742
 30
0.000000000
 11
-44.189400135
 21
-10.468868573
 31
0.000000000
  0
LINE
  5
E1E
330
A02
100
AcDbEntity
  8
Sketch065
100
AcDbLine
 10
-44.542606613
 20
-10.294649232
 30
0.000000000
 11
-44.189400135
 21
-10.468868573
 31
0.000000000
  0
LINE
  5
E1F
330
A02
100
AcDbEntity
  8
Sketch065
100
AcDbLine
 10
-44.542606613
 20
-10.338606400
 30
0.000000000
 11
-44.542606613
 21
-10.294649232
 31
0.000000000
  0
LINE
  5
E20
330
A02
100
AcDbEntity
  8
Sketch065
100
AcDbLine
 10
-44.612089854
 20
-10.260376575
 30
0.000000000
 11
-44.542606613
 21
-10.294649232
 31
0.000000000
  0
LINE
  5
E21
330
A02
100
AcDbEntity
  8
Sketch065
100
AcDbLine
 10
-44.470689444
 20
-10.261536481
 30
0.000000000
 11
-43.454379988
 21
-9.793598117
 31
0.000000000
  0
LINE
  5
E22
330
A02
100
AcDbEntity
  8
Sketch065
100
AcDbLine
 10
-43.569955401
 20
-9.780547633
 30
0.000000000
 11
-43.807586466
 21
-9.663335945
 31
0.000000000
  0
LINE
  5
E23
330
A02
100
AcDbEntity
  8
Sketch065
100
AcDbLine
 10
-43.807586466
 20
-9.663335945
 30
0.000000000
 11
-43.807586466
 21
-9.619378776
 31
0.000000000
  0
LINE
  5
E24
330
A02
100
AcDbEntity
  8
Sketch065
100
AcDbLine
 10
-43.523863230
 20
-9.759325460
 30
0.000000000
 11
-43.807586466
 21
-9.619378776
 31
0.000000000
  0
LINE
  5
E25
330
A02
100
AcDbEntity
  8
Sketch065
100
AcDbLine
 10
-43.523863230
 20
-9.759325460
 30
0.000000000
 11
-44.612089854
 21
-10.260376575
 31
0.000000000
  0
LINE
  5
E26
330
A02
100
AcDbEntity
  8
Sketch065
100
AcDbLine
 10
-44.612089854
 20
-10.304333743
 30
0.000000000
 11
-44.612089854
 21
-10.260376575
 31
0.000000000
  0
LINE
  5
E27
330
A02
100
AcDbEntity
  8
Sketch065
100
AcDbLine
 10
-44.612089854
 20
-10.304333743
 30
0.000000000
 11
-44.542606613
 21
-10.338606400
 31
0.000000000
  0
LINE
  5
E28
330
A02
100
AcDbEntity
  8
Sketch065
100
AcDbLine
 10
-44.542606613
 20
-10.338606400
 30
0.000000000
 11
-44.189400135
 21
-10.512825742
 31
0.000000000
  0
LINE
  5
E29
330
A02
100
AcDbEntity
  8
Sketch065
100
AcDbLine
 10
-44.189400135
 20
-10.512825742
 30
0.000000000
 11
-44.117482967
 21
-10.479712990
 31
0.000000000
  0
LINE
  5
E2A
330
A02
100
AcDbEntity
  8
Sketch065
100
AcDbLine
 10
-42.724806995
 20
-9.838484562
 30
0.000000000
 11
-44.117482967
 21
-10.479712990
 31
0.000000000
  0
LINE
  5
E2B
330
A02
100
AcDbEntity
  8
Sketch065
100
AcDbLine
 10
-42.724806995
 20
-9.838484562
 30
0.000000000
 11
-42.724806995
 21
-9.794527393
 31
0.000000000
  0
LINE
  5
E2C
330
A02
100
AcDbEntity
  8
Sketch065
100
AcDbLine
 10
-42.794290236
 20
-9.760254736
 30
0.000000000
 11
-42.724806995
 21
-9.794527393
 31
0.000000000
  0
LINE
  5
E2D
330
A02
100
AcDbEntity
  8
Sketch065
100
AcDbLine
 10
-44.186966208
 20
-10.401483164
 30
0.000000000
 11
-42.794290236
 21
-9.760254736
 31
0.000000000
  0
LINE
  5
E2E
330
A02
100
AcDbEntity
  8
Sketch065
100
AcDbLine
 10
-44.186966208
 20
-10.401483164
 30
0.000000000
 11
-44.470689444
 21
-10.261536481
 31
0.000000000
  0
LINE
  5
E2F
330
A02
100
AcDbEntity
  8
Sketch065
100
AcDbLine
 10
-44.424597273
 20
-10.284271476
 30
0.000000000
 11
-43.454379988
 21
-9.837555286
 31
0.000000000
  0
LINE
  5
E30
330
A02
100
AcDbEntity
  8
Sketch065
100
AcDbLine
 10
-43.382462820
 20
-9.804442534
 30
0.000000000
 11
-43.454379988
 21
-9.837555286
 31
0.000000000
  0
LINE
  5
E31
330
A02
100
AcDbEntity
  8
Sketch065
100
AcDbLine
 10
-43.382462820
 20
-9.804442534
 30
0.000000000
 11
-43.382462820
 21
-9.760485366
 31
0.000000000
  0
LINE
  5
E32
330
A02
100
AcDbEntity
  8
Sketch065
100
AcDbLine
 10
-43.735669297
 20
-9.586266025
 30
0.000000000
 11
-43.382462820
 21
-9.760485366
 31
0.000000000
  0
LINE
  5
E33
330
A02
100
AcDbEntity
  8
Sketch065
100
AcDbLine
 10
-43.805152539
 20
-9.551993368
 30
0.000000000
 11
-43.735669297
 21
-9.586266025
 31
0.000000000
  0
LINE
  5
E34
330
A02
100
AcDbEntity
  8
Sketch065
100
AcDbLine
 10
-44.634597218
 20
-9.933893766
 30
0.000000000
 11
-43.805152539
 21
-9.551993368
 31
0.000000000
  0
LINE
  5
E35
330
A02
100
AcDbEntity
  8
Sketch065
100
AcDbLine
 10
-44.634597218
 20
-9.933893766
 30
0.000000000
 11
-44.918320454
 21
-9.793947082
 31
0.000000000
  0
LINE
  5
E36
330
A02
100
AcDbEntity
  8
Sketch065
100
AcDbLine
 10
-44.872228283
 20
-9.816682077
 30
0.000000000
 11
-44.160792943
 21
-9.489116604
 31
0.000000000
  0
LINE
  5
E37
330
A02
100
AcDbEntity
  8
Sketch065
100
AcDbLine
 10
-44.088875775
 20
-9.456003852
 30
0.000000000
 11
-44.160792943
 21
-9.489116604
 31
0.000000000
  0
LINE
  5
E38
330
A02
100
AcDbEntity
  8
Sketch065
100
AcDbLine
 10
-44.088875775
 20
-9.456003852
 30
0.000000000
 11
-44.088875775
 21
-9.412046684
 31
0.000000000
  0
LINE
  5
E39
330
A02
100
AcDbEntity
  8
Sketch065
100
AcDbLine
 10
-44.442082252
 20
-9.237827343
 30
0.000000000
 11
-44.088875775
 21
-9.412046684
 31
0.000000000
  0
LINE
  5
E3A
330
A02
100
AcDbEntity
  8
Sketch065
100
AcDbLine
 10
-44.511565494
 20
-9.203554685
 30
0.000000000
 11
-44.442082252
 21
-9.237827343
 31
0.000000000
  0
LINE
  5
E3B
330
A02
100
AcDbEntity
  8
Sketch065
100
AcDbLine
 10
-45.341010173
 20
-9.585455084
 30
0.000000000
 11
-44.511565494
 21
-9.203554685
 31
0.000000000
  0
LINE
  5
E3C
330
A02
100
AcDbEntity
  8
Sketch065
100
AcDbLine
 10
-45.341010173
 20
-9.585455084
 30
0.000000000
 11
-45.624733409
 21
-9.445508400
 31
0.000000000
  0
LINE
  5
E3D
330
A02
100
AcDbEntity
  8
Sketch065
100
AcDbLine
 10
-45.578641238
 20
-9.468243395
 30
0.000000000
 11
-44.608423953
 21
-9.021527205
 31
0.000000000
  0
LINE
  5
E3E
330
A02
100
AcDbEntity
  8
Sketch065
100
AcDbLine
 10
-44.536506784
 20
-8.988414454
 30
0.000000000
 11
-44.608423953
 21
-9.021527205
 31
0.000000000
  0
LINE
  5
E3F
330
A02
100
AcDbEntity
  8
Sketch065
100
AcDbLine
 10
-44.536506784
 20
-8.988414454
 30
0.000000000
 11
-44.536506784
 21
-8.944457285
 31
0.000000000
  0
LINE
  5
E40
330
A02
100
AcDbEntity
  8
Sketch065
100
AcDbLine
 10
-44.889713262
 20
-8.770237944
 30
0.000000000
 11
-44.536506784
 21
-8.944457285
 31
0.000000000
  0
LINE
  5
E41
330
A02
100
AcDbEntity
  8
Sketch065
100
AcDbLine
 10
-44.889713262
 20
-8.770237944
 30
0.000000000
 11
-44.959196503
 21
-8.735965287
 31
0.000000000
  0
LINE
  5
E42
330
A02
100
AcDbEntity
  8
Sketch065
100
AcDbLine
 10
-44.959196503
 20
-8.735965287
 30
0.000000000
 11
-46.423789644
 21
-9.410306466
 31
0.000000000
  0
LINE
  5
E43
330
A02
100
AcDbEntity
  8
Sketch065
100
AcDbLine
 10
-46.423789644
 20
-9.454263635
 30
0.000000000
 11
-46.423789644
 21
-9.410306466
 31
0.000000000
  0
LINE
  5
E44
330
A02
100
AcDbEntity
  8
Sketch065
100
AcDbLine
 10
-46.423789644
 20
-9.454263635
 30
0.000000000
 11
-46.354306402
 21
-9.488536292
 31
0.000000000
  0
LINE
  5
E45
330
A02
100
AcDbEntity
  8
Sketch065
100
AcDbLine
 10
-46.354306402
 20
-9.488536292
 30
0.000000000
 11
-46.354306402
 21
-9.444579124
 31
0.000000000
  0
LINE
  5
E46
330
A02
100
AcDbEntity
  8
Sketch065
100
AcDbLine
 10
-46.354306402
 20
-9.444579124
 30
0.000000000
 11
-44.961630430
 21
-8.803350695
 31
0.000000000
  0
LINE
  5
E47
330
A02
100
AcDbEntity
  8
Sketch065
100
AcDbLine
 10
-44.961630430
 20
-8.847307864
 30
0.000000000
 11
-44.961630430
 21
-8.803350695
 31
0.000000000
  0
LINE
  5
E48
330
A02
100
AcDbEntity
  8
Sketch065
100
AcDbLine
 10
-46.354306402
 20
-9.488536292
 30
0.000000000
 11
-44.961630430
 21
-8.847307864
 31
0.000000000
  0
LINE
  5
E49
330
A02
100
AcDbEntity
  8
Sketch065
100
AcDbLine
 10
-46.423789644
 20
-9.410306466
 30
0.000000000
 11
-46.354306402
 21
-9.444579124
 31
0.000000000
  0
LINE
  5
E4A
330
A02
100
AcDbEntity
  8
Sketch065
100
AcDbLine
 10
-45.766133819
 20
-9.444348494
 30
0.000000000
 11
-45.696650577
 21
-9.478621151
 31
0.000000000
  0
LINE
  5
E4B
330
A02
100
AcDbEntity
  8
Sketch065
100
AcDbLine
 10
-45.696650577
 20
-9.478621151
 30
0.000000000
 11
-45.343444100
 21
-9.652840492
 31
0.000000000
  0
LINE
  5
E4C
330
A02
100
AcDbEntity
  8
Sketch065
100
AcDbLine
 10
-45.343444100
 20
-9.652840492
 30
0.000000000
 11
-45.271526931
 21
-9.619727741
 31
0.000000000
  0
LINE
  5
E4D
330
A02
100
AcDbEntity
  8
Sketch065
100
AcDbLine
 10
-44.513999421
 20
-9.270940094
 30
0.000000000
 11
-45.271526931
 21
-9.619727741
 31
0.000000000
  0
LINE
  5
E4E
330
A02
100
AcDbEntity
  8
Sketch065
100
AcDbLine
 10
-44.513999421
 20
-9.270940094
 30
0.000000000
 11
-44.230276185
 21
-9.410886778
 31
0.000000000
  0
LINE
  5
E4F
330
A02
100
AcDbEntity
  8
Sketch065
100
AcDbLine
 10
-44.230276185
 20
-9.410886778
 30
0.000000000
 11
-45.059720864
 21
-9.792787176
 31
0.000000000
  0
LINE
  5
E50
330
A02
100
AcDbEntity
  8
Sketch065
100
AcDbLine
 10
-45.059720864
 20
-9.792787176
 30
0.000000000
 11
-44.990237622
 21
-9.827059833
 31
0.000000000
  0
LINE
  5
E51
330
A02
100
AcDbEntity
  8
Sketch065
100
AcDbLine
 10
-44.990237622
 20
-9.827059833
 30
0.000000000
 11
-44.637031145
 21
-10.001279174
 31
0.000000000
  0
LINE
  5
E52
330
A02
100
AcDbEntity
  8
Sketch065
100
AcDbLine
 10
-44.637031145
 20
-10.001279174
 30
0.000000000
 11
-44.565113976
 21
-9.968166423
 31
0.000000000
  0
LINE
  5
E53
330
A02
100
AcDbEntity
  8
Sketch065
100
AcDbLine
 10
-43.807586466
 20
-9.619378776
 30
0.000000000
 11
-44.565113976
 21
-9.968166423
 31
0.000000000
  0
LINE
  5
E54
330
A02
100
AcDbEntity
  8
Sketch065
100
AcDbLine
 10
-43.807586466
 20
-9.663335945
 30
0.000000000
 11
-44.565113976
 21
-10.012123591
 31
0.000000000
  0
LINE
  5
E55
330
A02
100
AcDbEntity
  8
Sketch065
100
AcDbLine
 10
-44.565113976
 20
-10.012123591
 30
0.000000000
 11
-44.565113976
 21
-9.968166423
 31
0.000000000
  0
LINE
  5
E56
330
A02
100
AcDbEntity
  8
Sketch065
100
AcDbLine
 10
-44.637031145
 20
-10.045236343
 30
0.000000000
 11
-44.565113976
 21
-10.012123591
 31
0.000000000
  0
LINE
  5
E57
330
A02
100
AcDbEntity
  8
Sketch065
100
AcDbLine
 10
-44.637031145
 20
-10.045236343
 30
0.000000000
 11
-44.637031145
 21
-10.001279174
 31
0.000000000
  0
LINE
  5
E58
330
A02
100
AcDbEntity
  8
Sketch065
100
AcDbLine
 10
-44.990237622
 20
-9.871017002
 30
0.000000000
 11
-44.637031145
 21
-10.045236343
 31
0.000000000
  0
LINE
  5
E59
330
A02
100
AcDbEntity
  8
Sketch065
100
AcDbLine
 10
-44.990237622
 20
-9.871017002
 30
0.000000000
 11
-44.990237622
 21
-9.827059833
 31
0.000000000
  0
LINE
  5
E5A
330
A02
100
AcDbEntity
  8
Sketch065
100
AcDbLine
 10
-45.059720864
 20
-9.836744344
 30
0.000000000
 11
-44.990237622
 21
-9.871017002
 31
0.000000000
  0
LINE
  5
E5B
330
A02
100
AcDbEntity
  8
Sketch065
100
AcDbLine
 10
-45.059720864
 20
-9.836744344
 30
0.000000000
 11
-45.059720864
 21
-9.792787176
 31
0.000000000
  0
LINE
  5
E5C
330
A02
100
AcDbEntity
  8
Sketch065
100
AcDbLine
 10
-44.918320454
 20
-9.793947082
 30
0.000000000
 11
-44.160792943
 21
-9.445159435
 31
0.000000000
  0
LINE
  5
E5D
330
A02
100
AcDbEntity
  8
Sketch065
100
AcDbLine
 10
-44.088875775
 20
-9.412046684
 30
0.000000000
 11
-44.160792943
 21
-9.445159435
 31
0.000000000
  0
LINE
  5
E5E
330
A02
100
AcDbEntity
  8
Sketch065
100
AcDbLine
 10
-44.160792943
 20
-9.489116604
 30
0.000000000
 11
-44.160792943
 21
-9.445159435
 31
0.000000000
  0
LINE
  5
E5F
330
A02
100
AcDbEntity
  8
Sketch065
100
AcDbLine
 10
-44.513999421
 20
-9.314897263
 30
0.000000000
 11
-44.276368356
 21
-9.432108951
 31
0.000000000
  0
LINE
  5
E60
330
A02
100
AcDbEntity
  8
Sketch065
100
AcDbLine
 10
-44.513999421
 20
-9.314897263
 30
0.000000000
 11
-44.513999421
 21
-9.270940094
 31
0.000000000
  0
LINE
  5
E61
330
A02
100
AcDbEntity
  8
Sketch065
100
AcDbLine
 10
-44.513999421
 20
-9.314897263
 30
0.000000000
 11
-45.271526931
 21
-9.663684909
 31
0.000000000
  0
LINE
  5
E62
330
A02
100
AcDbEntity
  8
Sketch065
100
AcDbLine
 10
-45.271526931
 20
-9.663684909
 30
0.000000000
 11
-45.271526931
 21
-9.619727741
 31
0.000000000
  0
LINE
  5
E63
330
A02
100
AcDbEntity
  8
Sketch065
100
AcDbLine
 10
-45.343444100
 20
-9.696797661
 30
0.000000000
 11
-45.271526931
 21
-9.663684909
 31
0.000000000
  0
LINE
  5
E64
330
A02
100
AcDbEntity
  8
Sketch065
100
AcDbLine
 10
-45.343444100
 20
-9.696797661
 30
0.000000000
 11
-45.343444100
 21
-9.652840492
 31
0.000000000
  0
LINE
  5
E65
330
A02
100
AcDbEntity
  8
Sketch065
100
AcDbLine
 10
-45.696650577
 20
-9.522578320
 30
0.000000000
 11
-45.343444100
 21
-9.696797661
 31
0.000000000
  0
LINE
  5
E66
330
A02
100
AcDbEntity
  8
Sketch065
100
AcDbLine
 10
-45.696650577
 20
-9.522578320
 30
0.000000000
 11
-45.696650577
 21
-9.478621151
 31
0.000000000
  0
LINE
  5
E67
330
A02
100
AcDbEntity
  8
Sketch065
100
AcDbLine
 10
-45.766133819
 20
-9.488305662
 30
0.000000000
 11
-45.696650577
 21
-9.522578320
 31
0.000000000
  0
LINE
  5
E68
330
A02
100
AcDbEntity
  8
Sketch065
100
AcDbLine
 10
-45.766133819
 20
-9.488305662
 30
0.000000000
 11
-45.766133819
 21
-9.444348494
 31
0.000000000
  0
LINE
  5
E69
330
A02
100
AcDbEntity
  8
Sketch065
100
AcDbLine
 10
-44.677907194
 20
-8.943297379
 30
0.000000000
 11
-45.766133819
 21
-9.444348494
 31
0.000000000
  0
LINE
  5
E6A
330
A02
100
AcDbEntity
  8
Sketch065
100
AcDbLine
 10
-44.677907194
 20
-8.943297379
 30
0.000000000
 11
-44.961630430
 21
-8.803350695
 31
0.000000000
  0
LINE
  5
E6B
330
A02
100
AcDbEntity
  8
Sketch065
100
AcDbLine
 10
-44.723999365
 20
-8.964519552
 30
0.000000000
 11
-44.961630430
 21
-8.847307864
 31
0.000000000
  0
LINE
  5
E6C
330
A02
100
AcDbEntity
  8
Sketch065
100
AcDbLine
 10
-45.624733409
 20
-9.445508400
 30
0.000000000
 11
-44.608423953
 21
-8.977570036
 31
0.000000000
  0
LINE
  5
E6D
330
A02
100
AcDbEntity
  8
Sketch065
100
AcDbLine
 10
-44.608423953
 20
-9.021527205
 30
0.000000000
 11
-44.608423953
 21
-8.977570036
 31
0.000000000
  0
LINE
  5
E6E
330
A02
100
AcDbEntity
  8
Sketch065
100
AcDbLine
 10
-44.536506784
 20
-8.944457285
 30
0.000000000
 11
-44.608423953
 21
-8.977570036
 31
0.000000000
  0
LINE
  5
E6F
330
A02
100
AcDbEntity
  8
Sketch065
100
AcDbLine
 10
-21.544071397
 20
-20.323687775
 30
0.000000000
 11
-23.167154777
 21
-19.523100767
 31
0.000000000
  0
LINE
  5
E70
330
A02
100
AcDbEntity
  8
Sketch065
100
AcDbLine
 10
-23.167154777
 20
-20.226172776
 30
0.000000000
 11
-23.167154777
 21
-18.643714709
 31
0.000000000
  0
LINE
  5
E71
330
A02
100
AcDbEntity
  8
Sketch065
100
AcDbLine
 10
-23.167154777
 20
-20.402001451
 30
0.000000000
 11
-23.167154777
 21
-20.226172776
 31
0.000000000
  0
ELLIPSE
  5
E72
330
A02
100
AcDbEntity
  8
Sketch065
100
AcDbEllipse
 10
-26.377154777
 20
-20.402001451
 30
0.000000000
 11
-3.210000000
 21
0.000000000
 31
0.000000000
 40
0.476557377
 41
0.768186849
 42
3.141592654
  0
LINE
  5
E73
330
A02
100
AcDbEntity
  8
Sketch065
100
AcDbLine
 10
-28.685695893
 20
-21.464920767
 30
0.000000000
 11
-27.476687491
 21
-22.061265003
 31
0.000000000
  0
ELLIPSE
  5
E74
330
A02
100
AcDbEntity
  8
Sketch065
100
AcDbEllipse
 10
-26.397929960
 20
-21.564573734
 30
0.000000000
 11
1.500000000
 21
0.000000000
 31
0.000000000
 40
0.476557377
 41
3.909779503
 42
5.480575829
  0
LINE
  5
E75
330
A02
100
AcDbEntity
  8
Sketch065
100
AcDbLine
 10
-25.355681338
 20
-22.078663593
 30
0.000000000
 11
-21.544071397
 21
-20.323687775
 31
0.000000000
  0
LINE
  5
E76
330
A02
100
AcDbEntity
  8
Sketch065
100
AcDbLine
 10
-21.544071397
 20
-22.389674697
 30
0.000000000
 11
-21.544071397
 21
-20.323687775
 31
0.000000000
  0
LINE
  5
E77
330
A02
100
AcDbEntity
  8
Sketch065
100
AcDbLine
 10
-21.544071397
 20
-22.389674697
 30
0.000000000
 11
-25.355681338
 21
-24.144650514
 31
0.000000000
  0
ELLIPSE
  5
E78
330
A02
100
AcDbEntity
  8
Sketch065
100
AcDbEllipse
 10
-26.397929960
 20
-23.630560656
 30
0.000000000
 11
1.500000000
 21
0.000000000
 31
0.000000000
 40
0.476557377
 41
3.909779503
 42
5.480575829
  0
LINE
  5
E79
330
A02
100
AcDbEntity
  8
Sketch065
100
AcDbLine
 10
-27.476687491
 20
-24.127251925
 30
0.000000000
 11
-29.894704294
 21
-22.934563452
 31
0.000000000
  0
ELLIPSE
  5
E7A
330
A02
100
AcDbEntity
  8
Sketch065
100
AcDbEllipse
 10
-28.815946764
 20
-22.437872183
 30
0.000000000
 11
1.500000000
 21
0.000000000
 31
0.000000000
 40
0.476557377
 41
3.141592654
 42
3.909779503
  0
LINE
  5
E7B
330
A02
100
AcDbEntity
  8
Sketch065
100
AcDbLine
 10
-30.315946764
 20
-22.437872183
 30
0.000000000
 11
-30.315946764
 21
-20.371885261
 31
0.000000000
  0
LINE
  5
E7C
330
A02
100
AcDbEntity
  8
Sketch065
100
AcDbLine
 10
-29.587154777
 20
-19.733000441
 30
0.000000000
 11
-29.858195386
 21
-19.857795402
 31
0.000000000
  0
ELLIPSE
  5
E7D
330
A02
100
AcDbEntity
  8
Sketch065
100
AcDbEllipse
 10
-28.815946764
 20
-20.371885261
 30
0.000000000
 11
1.500000000
 21
0.000000000
 31
0.000000000
 40
0.476557377
 41
2.338983176
 42
3.141592654
  0
ELLIPSE
  5
E7E
330
A02
100
AcDbEntity
  8
Sketch065
100
AcDbEllipse
 10
-28.815946764
 20
-20.371885261
 30
0.000000000
 11
1.500000000
 21
0.000000000
 31
0.000000000
 40
0.476557377
 41
3.141592654
 42
3.909779503
  0
LINE
  5
E7F
330
A02
100
AcDbEntity
  8
Sketch065
100
AcDbLine
 10
-29.894704294
 20
-20.868576530
 30
0.000000000
 11
-28.685695893
 21
-21.464920767
 31
0.000000000
  0
ELLIPSE
  5
E80
330
A02
100
AcDbEntity
  8
Sketch065
100
AcDbEllipse
 10
-26.377154777
 20
-20.402001451
 30
0.000000000
 11
-3.210000000
 21
0.000000000
 31
0.000000000
 40
0.476557377
 41
0.000000000
 42
0.768186849
  0
LINE
  5
E81
330
A02
100
AcDbEntity
  8
Sketch065
100
AcDbLine
 10
-29.587154777
 20
-20.402001451
 30
0.000000000
 11
-29.587154777
 21
-20.226172776
 31
0.000000000
  0
ELLIPSE
  5
E82
330
A02
100
AcDbEntity
  8
Sketch065
100
AcDbEllipse
 10
-26.377154777
 20
-20.226172776
 30
0.000000000
 11
3.210000000
 21
0.000000000
 31
0.000000000
 40
0.476557377
 41
3.141592654
 42
0.000000000
  0
ELLIPSE
  5
E83
330
A02
100
AcDbEntity
  8
Sketch065
100
AcDbEllipse
 10
-26.377154777
 20
-20.226172776
 30
0.000000000
 11
3.210000000
 21
0.000000000
 31
0.000000000
 40
0.476557377
 41
3.141592654
 42
0.000000000
  0
LINE
  5
E84
330
A02
100
AcDbEntity
  8
Sketch065
100
AcDbLine
 10
-29.587154777
 20
-20.226172776
 30
0.000000000
 11
-29.587154777
 21
-18.643714709
 31
0.000000000
  0
ELLIPSE
  5
E85
330
A02
100
AcDbEntity
  8
Sketch065
100
AcDbEllipse
 10
-26.377154777
 20
-18.643714709
 30
0.000000000
 11
3.210000000
 21
0.000000000
 31
0.000000000
 40
0.476557377
 41
3.141592654
 42
0.000000000
  0
ELLIPSE
  5
E86
330
A02
100
AcDbEntity
  8
Sketch065
100
AcDbEllipse
 10
-26.377154777
 20
-18.643714709
 30
0.000000000
 11
3.210000000
 21
0.000000000
 31
0.000000000
 40
0.476557377
 41
0.000000000
 42
0.059176564
  0
LINE
  5
E87
330
A02
100
AcDbEntity
  8
Sketch065
100
AcDbLine
 10
-23.172773632
 20
-18.553242234
 30
0.000000000
 11
-23.652191375
 21
-18.316769098
 31
0.000000000
  0
LINE
  5
E88
330
A02
100
AcDbEntity
  8
Sketch065
100
AcDbLine
 10
-23.652191375
 20
-18.316769098
 30
0.000000000
 11
-24.102688643
 21
-18.524191112
 31
0.000000000
  0
LINE
  5
E89
330
A02
100
AcDbEntity
  8
Sketch065
100
AcDbLine
 10
-24.102688643
 20
-18.524191112
 30
0.000000000
 11
-26.048219404
 21
-17.564556709
 31
0.000000000
  0
LINE
  5
E8A
330
A02
100
AcDbEntity
  8
Sketch065
100
AcDbLine
 10
-26.048219404
 20
-17.564556709
 30
0.000000000
 11
-25.597722136
 21
-17.357134695
 31
0.000000000
  0
LINE
  5
E8B
330
A02
100
AcDbEntity
  8
Sketch065
100
AcDbLine
 10
-25.597722136
 20
-17.786764800
 30
0.000000000
 11
-25.597722136
 21
-17.357134695
 31
0.000000000
  0
LINE
  5
E8C
330
A02
100
AcDbEntity
  8
Sketch065
100
AcDbLine
 10
-25.597722136
 20
-17.357134695
 30
0.000000000
 11
-26.077139879
 21
-17.120661559
 31
0.000000000
  0
ELLIPSE
  5
E8D
330
A02
100
AcDbEntity
  8
Sketch065
100
AcDbEllipse
 10
-26.377154777
 20
-18.643714709
 30
0.000000000
 11
3.210000000
 21
0.000000000
 31
0.000000000
 40
0.476557377
 41
1.477197134
 42
3.141592654
  0
LINE
  5
E8E
330
A02
100
AcDbEntity
  8
Sketch065
100
AcDbLine
 10
-29.894704294
 20
-22.934563452
 30
0.000000000
 11
-29.894704294
 21
-20.868576530
 31
0.000000000
  0
LINE
  5
E8F
330
A02
100
AcDbEntity
  8
Sketch065
100
AcDbLine
 10
-27.476687491
 20
-24.127251925
 30
0.000000000
 11
-27.476687491
 21
-22.061265003
 31
0.000000000
  0
LINE
  5
E90
330
A02
100
AcDbEntity
  8
Sketch065
100
AcDbLine
 10
-25.355681338
 20
-24.144650514
 30
0.000000000
 11
-25.355681338
 21
-22.078663593
 31
0.000000000
  0
ELLIPSE
  5
E91
330
A02
100
AcDbEntity
  8
Sketch065
100
AcDbEllipse
 10
-26.377154777
 20
-18.643714709
 30
0.000000000
 11
-1.600000000
 21
0.000000000
 31
0.000000000
 40
0.476557377
 41
1.086010553
 42
2.021159472
  0
LINE
  5
E92
330
A02
100
AcDbEntity
  8
Sketch065
100
AcDbLine
 10
-25.670152726
 20
-18.894820849
 30
0.000000000
 11
-25.670152726
 21
-19.335373687
 31
0.000000000
  0
LINE
  5
E93
330
A02
100
AcDbEntity
  8
Sketch065
100
AcDbLine
 10
-25.573896285
 20
-17.942547402
 30
0.000000000
 11
-25.573896285
 21
-18.822971148
 31
0.000000000
  0
ELLIPSE
  5
E94
330
A02
100
AcDbEntity
  8
Sketch065
100
AcDbEllipse
 10
-26.377154777
 20
-18.643714709
 30
0.000000000
 11
-1.600000000
 21
0.000000000
 31
0.000000000
 40
0.476557377
 41
4.227603207
 42
5.162752126
  0
LINE
  5
E95
330
A02
100
AcDbEntity
  8
Sketch065
100
AcDbLine
 10
-27.650425108
 20
-17.672743507
 30
0.000000000
 11
-27.073622775
 21
-17.957251660
 31
0.000000000
  0
SPLINE
  5
E96
330
A02
100
AcDbEntity
  8
Sketch065
100
AcDbSpline
210
0
220
0
230
1
 70
8
 71
3
 72
11
 73
7
 74
0
 40
0.245007556
 40
0.245007556
 40
0.245007556
 40
0.245007556
 40
0.278329452
 40
0.278329452
 40
0.278329452
 40
0.311651348
 40
0.311651348
 40
0.311651348
 40
0.311651348
 10
-26.364985141
 20
-18.552094277
 30
0.000000000
 10
-26.425835727
 20
-18.505262838
 30
0.000000000
 10
-26.516570155
 20
-18.431408954
 30
0.000000000
 10
-26.637188425
 20
-18.330532624
 30
0.000000000
 10
-26.757384192
 20
-18.229874444
 30
0.000000000
 10
-26.907901007
 20
-18.101253918
 30
0.000000000
 10
-27.073622775
 20
-17.957251660
 30
0.000000000
  0
LINE
  5
E97
330
A02
100
AcDbEntity
  8
Sketch065
100
AcDbLine
 10
-26.364985141
 20
-19.231033699
 30
0.000000000
 11
-26.364985141
 21
-18.552094277
 31
0.000000000
  0
SPLINE
  5
E98
330
A02
100
AcDbEntity
  8
Sketch065
100
AcDbSpline
210
0
220
0
230
1
 70
8
 71
3
 72
11
 73
7
 74
0
 40
0.000000000
 40
0.000000000
 40
0.000000000
 40
0.000000000
 40
0.033321896
 40
0.033321896
 40
0.033321896
 40
0.066643792
 40
0.066643792
 40
0.066643792
 40
0.066643792
 10
-25.631524652
 20
-17.969081174
 30
0.000000000
 10
-25.776129956
 20
-18.088167549
 30
0.000000000
 10
-25.932365992
 20
-18.214901074
 30
0.000000000
 10
-26.064441515
 20
-18.319840096
 30
0.000000000
 10
-26.197177568
 20
-18.425368852
 30
0.000000000
 10
-26.302334322
 20
-18.506393821
 30
0.000000000
 10
-26.364985141
 20
-18.552094277
 30
0.000000000
  0
LINE
  5
E99
330
A02
100
AcDbEntity
  8
Sketch065
100
AcDbLine
 10
-25.631524652
 20
-17.969081174
 30
0.000000000
 11
-25.573896285
 21
-17.942547402
 31
0.000000000
  0
LINE
  5
E9A
330
A02
100
AcDbEntity
  8
Sketch065
100
AcDbLine
 10
-25.573896285
 20
-17.942547402
 30
0.000000000
 11
-24.879063870
 21
-18.285273974
 31
0.000000000
  0
LINE
  5
E9B
330
A02
100
AcDbEntity
  8
Sketch065
100
AcDbLine
 10
-24.879063870
 20
-18.285273974
 30
0.000000000
 11
-24.936692237
 21
-18.311807747
 31
0.000000000
  0
ELLIPSE
  5
E9C
330
A02
100
AcDbEntity
  8
Sketch065
100
AcDbEllipse
 10
-26.377154777
 20
-18.643714709
 30
0.000000000
 11
-1.600000000
 21
0.000000000
 31
0.000000000
 40
0.476557377
 41
2.656806880
 42
3.591955799
  0
SPLINE
  5
E9D
330
A02
100
AcDbEntity
  8
Sketch065
100
AcDbSpline
210
0
220
0
230
1
 70
8
 71
3
 72
11
 73
7
 74
0
 40
0.245007556
 40
0.245007556
 40
0.245007556
 40
0.245007556
 40
0.278329452
 40
0.278329452
 40
0.278329452
 40
0.311651348
 40
0.311651348
 40
0.311651348
 40
0.311651348
 10
-25.670152726
 20
-18.894820849
 30
0.000000000
 10
-25.607170606
 20
-18.849005209
 30
0.000000000
 10
-25.513257843
 20
-18.776665984
 30
0.000000000
 10
-25.388414438
 20
-18.677803173
 30
0.000000000
 10
-25.264008336
 20
-18.579151459
 30
0.000000000
 10
-25.108219070
 20
-18.453043559
 30
0.000000000
 10
-24.936692237
 20
-18.311807747
 30
0.000000000
  0
SPLINE
  5
E9E
330
A02
100
AcDbEntity
  8
Sketch065
100
AcDbSpline
210
0
220
0
230
1
 70
8
 71
3
 72
11
 73
7
 74
0
 40
0.000000000
 40
0.000000000
 40
0.000000000
 40
0.000000000
 40
0.033321896
 40
0.033321896
 40
0.033321896
 40
0.066643792
 40
0.066643792
 40
0.066643792
 40
0.066643792
 10
-24.961515092
 20
-18.999050245
 30
0.000000000
 10
-25.101226450
 20
-18.982643417
 30
0.000000000
 10
-25.252174914
 20
-18.962985903
 30
0.000000000
 10
-25.379780543
 20
-18.944171957
 30
0.000000000
 10
-25.510427923
 20
-18.924801282
 30
0.000000000
 10
-25.607218651
 20
-18.908350913
 30
0.000000000
 10
-25.670152726
 20
-18.894820849
 30
0.000000000
  0
LINE
  5
E9F
330
A02
100
AcDbEntity
  8
Sketch065
100
AcDbLine
 10
-24.961515092
 20
-18.999050245
 30
0.000000000
 11
-24.384712759
 21
-19.283558398
 31
0.000000000
  0
LINE
  5
EA0
330
A02
100
AcDbEntity
  8
Sketch065
100
AcDbLine
 10
-24.384712759
 20
-19.283558398
 30
0.000000000
 11
-25.103884446
 21
-19.614685911
 31
0.000000000
  0
LINE
  5
EA1
330
A02
100
AcDbEntity
  8
Sketch065
100
AcDbLine
 10
-25.103884446
 20
-19.614685911
 30
0.000000000
 11
-25.680686780
 21
-19.330177758
 31
0.000000000
  0
SPLINE
  5
EA2
330
A02
100
AcDbEntity
  8
Sketch065
100
AcDbSpline
210
0
220
0
230
1
 70
8
 71
3
 72
8
 73
4
 74
0
 40
0.245007556
 40
0.245007556
 40
0.245007556
 40
0.245007556
 40
0.311651348
 40
0.311651348
 40
0.311651348
 40
0.311651348
 10
-26.389324413
 20
-19.225948362
 30
0.000000000
 10
-26.271332051
 20
-19.251666192
 30
0.000000000
 10
-26.016126188
 20
-19.290871884
 30
0.000000000
 10
-25.680686780
 20
-19.330177758
 30
0.000000000
  0
SPLINE
  5
EA3
330
A02
100
AcDbEntity
  8
Sketch065
100
AcDbSpline
210
0
220
0
230
1
 70
8
 71
3
 72
11
 73
7
 74
0
 40
0.000000000
 40
0.000000000
 40
0.000000000
 40
0.000000000
 40
0.033321896
 40
0.033321896
 40
0.033321896
 40
0.066643792
 40
0.066643792
 40
0.066643792
 40
0.066643792
 10
-27.122784902
 20
-19.318348243
 30
0.000000000
 10
-26.978179598
 20
-19.304273662
 30
0.000000000
 10
-26.821943563
 20
-19.287135978
 30
0.000000000
 10
-26.689868039
 20
-19.270452194
 30
0.000000000
 10
-26.554644214
 20
-19.253262458
 30
0.000000000
 10
-26.454463005
 20
-19.238427847
 30
0.000000000
 10
-26.389324413
 20
-19.225948362
 30
0.000000000
  0
LINE
  5
EA4
330
A02
100
AcDbEntity
  8
Sketch065
100
AcDbLine
 10
-27.084156828
 20
-18.883221789
 30
0.000000000
 11
-27.084156828
 21
-19.314555132
 31
0.000000000
  0
SPLINE
  5
EA5
330
A02
100
AcDbEntity
  8
Sketch065
100
AcDbSpline
210
0
220
0
230
1
 70
8
 71
3
 72
11
 73
7
 74
0
 40
0.000000000
 40
0.000000000
 40
0.000000000
 40
0.000000000
 40
0.033321896
 40
0.033321896
 40
0.033321896
 40
0.066643792
 40
0.066643792
 40
0.066643792
 40
0.066643792
 10
-27.792794462
 20
-18.288379172
 30
0.000000000
 10
-27.653083104
 20
-18.409797793
 30
0.000000000
 10
-27.502134640
 20
-18.539051149
 30
0.000000000
 10
-27.374529011
 20
-18.646120333
 30
0.000000000
 10
-27.246285209
 20
-18.753789904
 30
0.000000000
 10
-27.144687325
 20
-18.836510879
 30
0.000000000
 10
-27.084156828
 20
-18.883221789
 30
0.000000000
  0
LINE
  5
EA6
330
A02
100
AcDbEntity
  8
Sketch065
100
AcDbLine
 10
-27.792794462
 20
-18.288379172
 30
0.000000000
 11
-28.369596795
 21
-18.003871020
 31
0.000000000
  0
LINE
  5
EA7
330
A02
100
AcDbEntity
  8
Sketch065
100
AcDbLine
 10
-28.369596795
 20
-18.003871020
 30
0.000000000
 11
-27.650425108
 21
-17.672743507
 31
0.000000000
  0
LINE
  5
EA8
330
A02
100
AcDbEntity
  8
Sketch065
100
AcDbLine
 10
-27.650425108
 20
-17.672743507
 30
0.000000000
 11
-27.650425108
 21
-18.411675130
 31
0.000000000
  0
ELLIPSE
  5
EA9
330
A02
100
AcDbEntity
  8
Sketch065
100
AcDbEllipse
 10
-26.377154777
 20
-18.643714709
 30
0.000000000
 11
-1.600000000
 21
0.000000000
 31
0.000000000
 40
0.476557377
 41
5.798399533
 42
0.450363145
  0
SPLINE
  5
EAA
330
A02
100
AcDbEntity
  8
Sketch065
100
AcDbSpline
210
0
220
0
230
1
 70
8
 71
3
 72
8
 73
4
 74
0
 40
0.245007556
 40
0.245007556
 40
0.245007556
 40
0.245007556
 40
0.311651348
 40
0.311651348
 40
0.311651348
 40
0.311651348
 10
-27.084156828
 20
-18.883221789
 30
0.000000000
 10
-27.206282343
 20
-18.906969935
 30
0.000000000
 10
-27.470427807
 20
-18.941915394
 30
0.000000000
 10
-27.817617317
 20
-18.975621670
 30
0.000000000
  0
LINE
  5
EAB
330
A02
100
AcDbEntity
  8
Sketch065
100
AcDbLine
 10
-27.122784902
 20
-19.318348243
 30
0.000000000
 11
-27.180413269
 21
-19.344882015
 31
0.000000000
  0
LINE
  5
EAC
330
A02
100
AcDbEntity
  8
Sketch065
100
AcDbLine
 10
-27.180413269
 20
-19.344882015
 30
0.000000000
 11
-27.875245684
 21
-19.002155443
 31
0.000000000
  0
LINE
  5
EAD
330
A02
100
AcDbEntity
  8
Sketch065
100
AcDbLine
 10
-27.875245684
 20
-19.002155443
 30
0.000000000
 11
-27.817617317
 21
-18.975621670
 31
0.000000000
  0
LINE
  5
EAE
330
A02
100
AcDbEntity
  8
Sketch065
100
AcDbLine
 10
-25.714807920
 20
-19.326142264
 30
0.000000000
 11
-25.670152726
 21
-19.305581717
 31
0.000000000
  0
LINE
  5
EAF
330
A02
100
AcDbEntity
  8
Sketch065
100
AcDbLine
 10
-29.142538136
 20
-23.305569933
 30
0.000000000
 11
-29.142538136
 21
-25.775898996
 31
0.000000000
  0
LINE
  5
EB0
330
A02
100
AcDbEntity
  8
Sketch065
100
AcDbLine
 10
-28.604043015
 20
-26.041512090
 30
0.000000000
 11
-29.142538136
 21
-25.775898996
 31
0.000000000
  0
LINE
  5
EB1
330
A02
100
AcDbEntity
  8
Sketch065
100
AcDbLine
 10
-28.604043015
 20
-26.041512090
 30
0.000000000
 11
-28.604043015
 21
-26.217340764
 31
0.000000000
  0
LINE
  5
EB2
330
A02
100
AcDbEntity
  8
Sketch065
100
AcDbLine
 10
-28.604043015
 20
-26.217340764
 30
0.000000000
 11
-28.673045296
 21
-26.375638014
 31
0.000000000
  0
LINE
  5
EB3
330
A02
100
AcDbEntity
  8
Sketch065
100
AcDbLine
 10
-28.126215557
 20
-26.453029491
 30
0.000000000
 11
-28.604043015
 21
-26.217340764
 31
0.000000000
  0
LINE
  5
EB4
330
A02
100
AcDbEntity
  8
Sketch065
100
AcDbLine
 10
-27.509681962
 20
-24.110977379
 30
0.000000000
 11
-27.509681962
 21
-26.581306442
 31
0.000000000
  0
LINE
  5
EB5
330
A02
100
AcDbEntity
  8
Sketch065
100
AcDbLine
 10
-27.222013287
 20
-24.227853929
 30
0.000000000
 11
-27.222013287
 21
-26.448855437
 31
0.000000000
  0
LINE
  5
EB6
330
A02
100
AcDbEntity
  8
Sketch065
100
AcDbLine
 10
-27.222013287
 20
-26.448855437
 30
0.000000000
 11
-27.509681962
 21
-26.581306442
 31
0.000000000
  0
LINE
  5
EB7
330
A02
100
AcDbEntity
  8
Sketch065
100
AcDbLine
 10
-27.509681962
 20
-26.581306442
 30
0.000000000
 11
-28.048177083
 21
-26.315693348
 31
0.000000000
  0
LINE
  5
EB8
330
A02
100
AcDbEntity
  8
Sketch065
100
AcDbLine
 10
-28.048177083
 20
-26.315693348
 30
0.000000000
 11
-28.048177083
 21
-26.437161048
 31
0.000000000
  0
LINE
  5
EB9
330
A02
100
AcDbEntity
  8
Sketch065
100
AcDbLine
 10
-23.153571005
 20
-25.645490513
 30
0.000000000
 11
-23.259884214
 21
-25.499498113
 31
0.000000000
  0
LINE
  5
EBA
330
A02
100
AcDbEntity
  8
Sketch065
100
AcDbLine
 10
-23.259884214
 20
-25.499498113
 30
0.000000000
 11
-23.259884214
 21
-25.453982734
 31
0.000000000
  0
LINE
  5
EBB
330
A02
100
AcDbEntity
  8
Sketch065
100
AcDbLine
 10
-23.082377015
 20
-25.587053663
 30
0.000000000
 11
-23.259884214
 21
-25.499498113
 31
0.000000000
  0
LINE
  5
EBC
330
A02
100
AcDbEntity
  8
Sketch065
100
AcDbLine
 10
-23.080761799
 20
-25.542334990
 30
0.000000000
 11
-24.476991240
 21
-24.853643846
 31
0.000000000
  0
LINE
  5
EBD
330
A02
100
AcDbEntity
  8
Sketch065
100
AcDbLine
 10
-24.476991240
 20
-24.853643846
 30
0.000000000
 11
-24.476991240
 21
-23.740076096
 31
0.000000000
  0
LINE
  5
EBE
330
A02
100
AcDbEntity
  8
Sketch065
100
AcDbLine
 10
-25.415015000
 20
-24.390962973
 30
0.000000000
 11
-25.415015000
 21
-24.170539948
 31
0.000000000
  0
LINE
  5
EBF
330
A02
100
AcDbEntity
  8
Sketch065
100
AcDbLine
 10
-25.682733131
 20
-24.258910818
 30
0.000000000
 11
-25.415015000
 21
-24.390962973
 31
0.000000000
  0
LINE
  5
EC0
330
A02
100
AcDbEntity
  8
Sketch065
100
AcDbLine
 10
-25.415015000
 20
-24.390962973
 30
0.000000000
 11
-25.127346325
 21
-24.258511968
 31
0.000000000
  0
LINE
  5
EC1
330
A02
100
AcDbEntity
  8
Sketch065
100
AcDbLine
 10
-25.127346325
 20
-24.039518449
 30
0.000000000
 11
-25.127346325
 21
-24.258511968
 31
0.000000000
  0
LINE
  5
EC2
330
A02
100
AcDbEntity
  8
Sketch065
100
AcDbLine
 10
-22.340714884
 20
-23.405232279
 30
0.000000000
 11
-23.020984995
 21
-23.069688573
 31
0.000000000
  0
LINE
  5
EC3
330
A02
100
AcDbEntity
  8
Sketch065
100
AcDbLine
 10
-21.693558018
 20
-23.107262479
 30
0.000000000
 11
-22.373828129
 21
-22.771718773
 31
0.000000000
  0
LINE
  5
EC4
330
A02
100
AcDbEntity
  8
Sketch065
100
AcDbLine
 10
-21.693558018
 20
-23.107262479
 30
0.000000000
 11
-21.693558018
 21
-22.458502675
 31
0.000000000
  0
LINE
  5
EC5
330
A02
100
AcDbEntity
  8
Sketch065
100
AcDbLine
 10
-22.340714884
 20
-23.405232279
 30
0.000000000
 11
-21.693558018
 21
-23.107262479
 31
0.000000000
  0
ELLIPSE
  5
EC6
330
A02
100
AcDbEntity
  8
Sketch065
100
AcDbEllipse
 10
-22.340714884
 20
-24.020632639
 30
0.000000000
 11
0.309655241
 21
0.627784702
 31
0.000000000
 40
0.632255021
 41
0.662516540
 42
2.233312867
  0
LINE
  5
EC7
330
A02
100
AcDbEntity
  8
Sketch065
100
AcDbLine
 10
-22.844135065
 20
-25.211875272
 30
0.000000000
 11
-22.844135065
 21
-24.252421898
 31
0.000000000
  0
LINE
  5
EC8
330
A02
100
AcDbEntity
  8
Sketch065
100
AcDbLine
 10
-24.169695572
 20
-23.598588254
 30
0.000000000
 11
-22.844135065
 21
-24.252421898
 31
0.000000000
  0
LINE
  5
EC9
330
A02
100
AcDbEntity
  8
Sketch065
100
AcDbLine
 10
-21.516612166
 20
-21.166070296
 30
0.000000000
 11
-21.544071397
 21
-21.152526012
 31
0.000000000
  0
ELLIPSE
  5
ECA
330
A02
100
AcDbEntity
  8
Sketch065
100
AcDbEllipse
 10
-21.693558018
 20
-21.524804412
 30
0.000000000
 11
0.176945852
 21
0.358734115
 31
0.000000000
 40
0.632255021
 41
0.000000000
 42
0.116076945
  0
ELLIPSE
  5
ECB
330
A02
100
AcDbEntity
  8
Sketch065
100
AcDbEllipse
 10
-21.693558018
 20
-21.524804412
 30
0.000000000
 11
0.176945852
 21
0.358734115
 31
0.000000000
 40
0.632255021
 41
5.374905521
 42
0.000000000
  0
LINE
  5
ECC
330
A02
100
AcDbEntity
  8
Sketch065
100
AcDbLine
 10
-21.405889343
 20
-22.974811474
 30
0.000000000
 11
-21.405889343
 21
-21.392353407
 31
0.000000000
  0
ELLIPSE
  5
ECD
330
A02
100
AcDbEntity
  8
Sketch065
100
AcDbEllipse
 10
-21.693558018
 20
-23.107262479
 30
0.000000000
 11
0.176945852
 21
0.358734115
 31
0.000000000
 40
0.632255021
 41
3.804109194
 42
5.374905521
  0
LINE
  5
ECE
330
A02
100
AcDbEntity
  8
Sketch065
100
AcDbLine
 10
-22.196880547
 20
-23.690664125
 30
0.000000000
 11
-21.693558018
 21
-23.458919828
 31
0.000000000
  0
ELLIPSE
  5
ECF
330
A02
100
AcDbEntity
  8
Sketch065
100
AcDbEllipse
 10
-22.196880547
 20
-24.130235810
 30
0.000000000
 11
-0.221182315
 21
-0.448417644
 31
0.000000000
 40
0.632255021
 41
3.804109194
 42
5.374905521
  0
LINE
  5
ED0
330
A02
100
AcDbEntity
  8
Sketch065
100
AcDbLine
 10
-22.556466390
 20
-24.295799567
 30
0.000000000
 11
-22.556466390
 21
-25.079424267
 31
0.000000000
  0
SPLINE
  5
ED1
330
A02
100
AcDbEntity
  8
Sketch065
100
AcDbSpline
210
0
220
0
230
1
 70
8
 71
3
 72
17
 73
13
 74
0
 40
0.802258751
 40
0.802258751
 40
0.802258751
 40
0.802258751
 40
0.841735187
 40
0.841735187
 40
0.841735187
 40
0.875084014
 40
0.875084014
 40
0.875084014
 40
0.908432840
 40
0.908432840
 40
0.908432840
 40
0.947909276
 40
0.947909276
 40
0.947909276
 40
0.947909276
 10
-27.909210600
 20
-24.098465898
 30
0.000000000
 10
-28.021999797
 20
-24.153406376
 30
0.000000000
 10
-28.134678890
 20
-24.209271494
 30
0.000000000
 10
-28.241296494
 20
-24.244661132
 30
0.000000000
 10
-28.330671486
 20
-24.273612417
 30
0.000000000
 10
-28.413624088
 20
-24.288568532
 30
0.000000000
 10
-28.490929533
 20
-24.250813509
 30
0.000000000
 10
-28.567912608
 20
-24.212465612
 30
0.000000000
 10
-28.623082425
 20
-24.129380518
 30
0.000000000
 10
-28.664282670
 20
-24.036022907
 30
0.000000000
 10
-28.712785846
 20
-23.924119836
 30
0.000000000
 10
-28.738690697
 20
-23.799898090
 30
0.000000000
 10
-28.743009498
 20
-23.687194011
 30
0.000000000
  0
LINE
  5
ED2
330
A02
100
AcDbEntity
  8
Sketch065
100
AcDbLine
 10
-28.743009498
 20
-23.687194011
 30
0.000000000
 11
-27.909210600
 21
-24.098465898
 31
0.000000000
  0
LINE
  5
ED3
330
A02
100
AcDbEntity
  8
Sketch065
100
AcDbLine
 10
-27.909210600
 20
-24.098465898
 30
0.000000000
 11
-27.909210600
 21
-25.856752640
 31
0.000000000
  0
LINE
  5
ED4
330
A02
100
AcDbEntity
  8
Sketch065
100
AcDbLine
 10
-27.909210600
 20
-25.856752640
 30
0.000000000
 11
-28.743009498
 21
-25.445480753
 31
0.000000000
  0
SPLINE
  5
ED5
330
A02
100
AcDbEntity
  8
Sketch065
100
AcDbSpline
210
0
220
0
230
1
 70
8
 71
3
 72
17
 73
13
 74
0
 40
0.218869409
 40
0.218869409
 40
0.218869409
 40
0.218869409
 40
0.258345845
 40
0.258345845
 40
0.258345845
 40
0.291694671
 40
0.291694671
 40
0.291694671
 40
0.325043498
 40
0.325043498
 40
0.325043498
 40
0.364519933
 40
0.364519933
 40
0.364519933
 40
0.364519933
 10
-28.743009498
 20
-25.445480753
 30
0.000000000
 10
-28.738859410
 20
-25.437450885
 30
0.000000000
 10
-28.712617134
 20
-25.427603762
 30
0.000000000
 10
-28.664282670
 20
-25.415939385
 30
0.000000000
 10
-28.623082425
 20
-25.409169151
 30
0.000000000
 10
-28.567912608
 20
-25.407005037
 30
0.000000000
 10
-28.490929533
 20
-25.444908489
 30
0.000000000
 10
-28.413624088
 20
-25.483107957
 30
0.000000000
 10
-28.330671486
 20
-25.553401050
 30
0.000000000
 10
-28.241296494
 20
-25.624577610
 30
0.000000000
 10
-28.134678890
 20
-25.709723112
 30
0.000000000
 10
-28.021999797
 20
-25.793991479
 30
0.000000000
 10
-27.909210600
 20
-25.856752640
 30
0.000000000
  0
LINE
  5
ED6
330
A02
100
AcDbEntity
  8
Sketch065
100
AcDbLine
 10
-28.743009498
 20
-25.445480753
 30
0.000000000
 11
-28.743009498
 21
-23.687194011
 31
0.000000000
  0
ARC
  5
ED7
330
A02
100
AcDbEntity
  8
Sketch065
100
AcDbCircle
 10
-41.673853871
 20
-13.665632165
 30
0.000000000
 40
1.625000000
100
AcDbArc
 50
1.088549600
 51
33.980963717
  0
ELLIPSE
  5
ED8
330
A02
100
AcDbEntity
  8
Sketch065
100
AcDbEllipse
 10
-41.239583611
 20
-13.879836272
 30
0.000000000
 11
-0.663546946
 21
-1.345252932
 31
0.000000000
 40
0.632255021
 41
2.794646830
 42
3.488538478
  0
ELLIPSE
  5
ED9
330
A02
100
AcDbEntity
  8
Sketch065
100
AcDbEllipse
 10
-41.239583611
 20
-13.879836272
 30
0.000000000
 11
-0.663546946
 21
-1.345252932
 31
0.000000000
 40
0.632255021
 41
3.488538478
 42
5.374905521
  0
ELLIPSE
  5
EDA
330
A02
100
AcDbEntity
  8
Sketch065
100
AcDbEllipse
 10
-41.239583611
 20
-13.879836272
 30
0.000000000
 11
-0.663546946
 21
-1.345252932
 31
0.000000000
 40
0.632255021
 41
5.374905521
 42
5.879524393
  0
SPLINE
  5
EDB
330
A02
100
AcDbEntity
  8
Sketch065
100
AcDbSpline
210
0
220
0
230
1
 70
8
 71
3
 72
14
 73
10
 74
0
 40
0.000000000
 40
0.000000000
 40
0.000000000
 40
0.000000000
 40
0.277209075
 40
0.277209075
 40
0.277209075
 40
0.627492746
 40
0.627492746
 40
0.627492746
 40
1.000000000
 40
1.000000000
 40
1.000000000
 40
1.000000000
 10
-42.183883513
 20
-14.952183595
 30
0.000000000
 10
-42.159955934
 20
-14.948837359
 30
0.000000000
 10
-42.130878651
 20
-14.948410548
 30
0.000000000
 10
-42.096651663
 20
-14.950903164
 30
0.000000000
 10
-42.054504189
 20
-14.953926114
 30
0.000000000
 10
-41.996165385
 20
-14.966863954
 30
0.000000000
 10
-41.950950215
 20
-14.987008741
 30
0.000000000
 10
-41.903561528
 20
-15.007298771
 30
0.000000000
 10
-41.866505095
 20
-15.035423716
 30
0.000000000
 10
-41.847383984
 20
-15.057800496
 30
0.000000000
  0
SPLINE
  5
EDC
330
A02
100
AcDbEntity
  8
Sketch065
100
AcDbSpline
210
0
220
0
230
1
 70
8
 71
3
 72
20
 73
16
 74
0
 40
0.000000000
 40
0.000000000
 40
0.000000000
 40
0.000000000
 40
0.188245562
 40
0.188245562
 40
0.188245562
 40
0.515730095
 40
0.515730095
 40
0.515730095
 40
0.651554602
 40
0.651554602
 40
0.651554602
 40
0.806742923
 40
0.806742923
 40
0.806742923
 40
1.000000000
 40
1.000000000
 40
1.000000000
 40
1.000000000
 10
-41.962708062
 20
-15.175522225
 30
0.000000000
 10
-41.986239845
 20
-15.144477648
 30
0.000000000
 10
-42.012068310
 20
-15.111163662
 30
0.000000000
 10
-42.040193456
 20
-15.075580268
 30
0.000000000
 10
-42.087922478
 20
-15.015381509
 30
0.000000000
 10
-42.145673086
 20
-14.942761719
 30
0.000000000
 10
-42.194410371
 20
-14.886879497
 30
0.000000000
 10
-42.214897917
 20
-14.863448857
 30
0.000000000
 10
-42.228888401
 20
-14.849721668
 30
0.000000000
 10
-42.236381822
 20
-14.845697928
 30
0.000000000
 10
-42.242975066
 20
-14.844186297
 30
0.000000000
 10
-42.241438083
 20
-14.852828242
 30
0.000000000
 10
-42.231770874
 20
-14.871623763
 30
0.000000000
 10
-42.220694015
 20
-14.893551513
 30
0.000000000
 10
-42.204731561
 20
-14.920404791
 30
0.000000000
 10
-42.183883513
 20
-14.952183595
 30
0.000000000
  0
ARC
  5
EDD
330
A02
100
AcDbEntity
  8
Sketch065
100
AcDbCircle
 10
-40.805313352
 20
-14.094040380
 30
0.000000000
 40
1.625000000
100
AcDbArc
 50
-180.000000000
 51
-150.582936821
  0
ELLIPSE
  5
EDE
330
A02
100
AcDbEntity
  8
Sketch065
100
AcDbEllipse
 10
-40.805313352
 20
-14.094040380
 30
0.000000000
 11
1.625000000
 21
0.000000000
 31
0.000000000
 40
0.476557377
 41
3.141592654
 42
3.514988383
  0
ELLIPSE
  5
EDF
330
A02
100
AcDbEntity
  8
Sketch065
100
AcDbEllipse
 10
-41.673853871
 20
-13.665632165
 30
0.000000000
 11
1.625000000
 21
0.000000000
 31
0.000000000
 40
0.476557377
 41
4.304570622
 42
4.695234473
  0
ARC
  5
EE0
330
A02
100
AcDbEntity
  8
Sketch065
100
AcDbCircle
 10
-40.805313352
 20
-14.094040380
 30
0.000000000
 40
1.625000000
100
AcDbArc
 50
93.509333349
 51
180.000000000
  0
LINE
  5
EE1
330
A02
100
AcDbEntity
  8
Sketch065
100
AcDbLine
 10
-20.208896272
 20
-21.777829652
 30
0.000000000
 11
-20.208896272
 21
-22.740773690
 31
0.000000000
  0
LINE
  5
EE2
330
A02
100
AcDbEntity
  8
Sketch065
100
AcDbLine
 10
-20.981523358
 20
-21.914948508
 30
0.000000000
 11
-20.981523358
 21
-17.695060327
 31
0.000000000
  0
LINE
  5
EE3
330
A02
100
AcDbEntity
  8
Sketch065
100
AcDbLine
 10
-21.405889343
 20
-21.705629690
 30
0.000000000
 11
-20.981523358
 21
-21.914948508
 31
0.000000000
  0
ELLIPSE
  5
EE4
330
A02
100
AcDbEntity
  8
Sketch065
100
AcDbEllipse
 10
-21.425646715
 20
-20.783691286
 30
0.000000000
 11
2.415000000
 21
0.000000000
 31
0.000000000
 40
0.476557377
 41
4.897343685
 42
0.000000000
  0
LINE
  5
EE5
330
A02
100
AcDbEntity
  8
Sketch065
100
AcDbLine
 10
-19.010646715
 20
-16.563803106
 30
0.000000000
 11
-19.010646715
 21
-20.783691286
 31
0.000000000
  0
ELLIPSE
  5
EE6
330
A02
100
AcDbEntity
  8
Sketch065
100
AcDbEllipse
 10
-21.425646715
 20
-16.563803106
 30
0.000000000
 11
2.415000000
 21
0.000000000
 31
0.000000000
 40
0.476557377
 41
0.000000000
 42
2.922215320
  0
LINE
  5
EE7
330
A02
100
AcDbEntity
  8
Sketch065
100
AcDbLine
 10
-23.782766759
 20
-18.376889793
 30
0.000000000
 11
-23.782766759
 21
-16.313345068
 31
0.000000000
  0
LINE
  5
EE8
330
A02
100
AcDbEntity
  8
Sketch065
100
AcDbLine
 10
-23.782766759
 20
-16.313345068
 30
0.000000000
 11
-20.981523358
 21
-17.695060327
 31
0.000000000
  0
ELLIPSE
  5
EE9
330
A02
100
AcDbEntity
  8
Sketch065
100
AcDbEllipse
 10
-21.425646715
 20
-16.563803106
 30
0.000000000
 11
2.415000000
 21
0.000000000
 31
0.000000000
 40
0.476557377
 41
4.897343685
 42
0.000000000
  0
LINE
  5
EEA
330
A02
100
AcDbEntity
  8
Sketch065
100
AcDbLine
 10
-20.846611948
 20
-21.901006835
 30
0.000000000
 11
-20.846611948
 21
-23.596568378
 31
0.000000000
  0
LINE
  5
EEB
330
A02
100
AcDbEntity
  8
Sketch065
100
AcDbLine
 10
-20.239807148
 20
-21.786276669
 30
0.000000000
 11
-20.239807148
 21
-23.596568378
 31
0.000000000
  0
LINE
  5
EEC
330
A02
100
AcDbEntity
  8
Sketch065
100
AcDbLine
 10
-20.513092389
 20
-21.849249454
 30
0.000000000
 11
-20.513092389
 21
-23.669671387
 31
0.000000000
  0
ELLIPSE
  5
EED
330
A02
100
AcDbEntity
  8
Sketch065
100
AcDbEllipse
 10
-39.495703689
 20
-14.876867329
 30
0.000000000
 11
0.568789016
 21
-1.235345723
 31
0.000000000
 40
0.610857311
 41
0.000000000
 42
2.495700749
  0
LINE
  5
EEE
330
A02
100
AcDbEntity
  8
Sketch065
100
AcDbLine
 10
-39.861837865
 20
-16.542678819
 30
0.000000000
 11
-38.926914672
 21
-16.112213052
 31
0.000000000
  0
ELLIPSE
  5
EEF
330
A02
100
AcDbEntity
  8
Sketch065
100
AcDbEllipse
 10
-40.430626882
 20
-15.307333096
 30
0.000000000
 11
0.568789016
 21
-1.235345723
 31
0.000000000
 40
0.610857311
 41
6.161843065
 42
0.000000000
  0
ELLIPSE
  5
EF0
330
A02
100
AcDbEntity
  8
Sketch065
100
AcDbEllipse
 10
-40.430626882
 20
-15.307333096
 30
0.000000000
 11
0.568789016
 21
-1.235345723
 31
0.000000000
 40
0.610857311
 41
0.000000000
 42
2.495700749
  0
ELLIPSE
  5
EF1
330
A02
100
AcDbEntity
  8
Sketch065
100
AcDbEllipse
 10
-40.430626882
 20
-15.307333096
 30
0.000000000
 11
0.568789016
 21
-1.235345723
 31
0.000000000
 40
0.610857311
 41
2.495700749
 42
3.141592654
  0
ELLIPSE
  5
EF2
330
A02
100
AcDbEntity
  8
Sketch065
100
AcDbEllipse
 10
-40.430626882
 20
-15.307333096
 30
0.000000000
 11
0.568789016
 21
-1.235345723
 31
0.000000000
 40
0.610857311
 41
3.141592654
 42
3.262934896
  0
LINE
  5
EF3
330
A02
100
AcDbEntity
  8
Sketch065
100
AcDbLine
 10
-40.999415898
 20
-14.071987373
 30
0.000000000
 11
-40.064492705
 21
-13.641521607
 31
0.000000000
  0
ELLIPSE
  5
EF4
330
A02
100
AcDbEntity
  8
Sketch065
100
AcDbEllipse
 10
-39.495703689
 20
-14.876867329
 30
0.000000000
 11
0.568789016
 21
-1.235345723
 31
0.000000000
 40
0.610857311
 41
2.495700749
 42
3.141592654
  0
LINE
  5
EF5
330
A02
100
AcDbEntity
  8
Sketch065
100
AcDbLine
 10
-40.430626882
 20
-14.111698112
 30
0.000000000
 11
-39.495703689
 21
-13.681232345
 31
0.000000000
  0
ELLIPSE
  5
EF6
330
A02
100
AcDbEntity
  8
Sketch065
100
AcDbEllipse
 10
-40.991580798
 20
-15.565612556
 30
0.000000000
 11
0.564606744
 21
-1.226262298
 31
0.000000000
 40
0.610857311
 41
5.013201456
 42
0.000000000
  0
LINE
  5
EF7
330
A02
100
AcDbEntity
  8
Sketch065
100
AcDbLine
 10
-40.426974054
 20
-16.791874854
 30
0.000000000
 11
-39.866020138
 21
-16.533595394
 31
0.000000000
  0
ELLIPSE
  5
EF8
330
A02
100
AcDbEntity
  8
Sketch065
100
AcDbEllipse
 10
-40.430626882
 20
-15.307333096
 30
0.000000000
 11
0.564606744
 21
-1.226262298
 31
0.000000000
 40
0.610857311
 41
0.000000000
 42
2.495700749
  0
ELLIPSE
  5
EF9
330
A02
100
AcDbEntity
  8
Sketch065
100
AcDbEllipse
 10
-40.430626882
 20
-15.307333096
 30
0.000000000
 11
0.564606744
 21
-1.226262298
 31
0.000000000
 40
0.610857311
 41
2.495700749
 42
3.141592654
  0
LINE
  5
EFA
330
A02
100
AcDbEntity
  8
Sketch065
100
AcDbLine
 10
-40.991580798
 20
-14.378769005
 30
0.000000000
 11
-40.430626882
 21
-14.120489545
 31
0.000000000
  0
ELLIPSE
  5
EFB
330
A02
100
AcDbEntity
  8
Sketch065
100
AcDbEllipse
 10
-40.991580798
 20
-15.565612556
 30
0.000000000
 11
0.564606744
 21
-1.226262298
 31
0.000000000
 40
0.610857311
 41
2.495700749
 42
3.141592654
  0
ELLIPSE
  5
EFC
330
A02
100
AcDbEntity
  8
Sketch065
100
AcDbEllipse
 10
-40.991580798
 20
-15.565612556
 30
0.000000000
 11
0.564606744
 21
-1.226262298
 31
0.000000000
 40
0.610857311
 41
0.000000000
 42
2.495700749
  0
LINE
  5
EFD
330
A02
100
AcDbEntity
  8
Sketch065
100
AcDbLine
 10
-41.556187542
 20
-14.339350258
 30
0.000000000
 11
-40.995233626
 21
-14.081070798
 31
0.000000000
  0
ELLIPSE
  5
EFE
330
A02
100
AcDbEntity
  8
Sketch065
100
AcDbEllipse
 10
-40.991580798
 20
-15.565612556
 30
0.000000000
 11
0.564606744
 21
-1.226262298
 31
0.000000000
 40
0.610857311
 41
3.141592654
 42
4.411576505
  0
LINE
  5
EFF
330
A02
100
AcDbEntity
  8
Sketch065
100
AcDbLine
 10
-38.839754206
 20
-16.061072780
 30
0.000000000
 11
-36.687281281
 21
-15.070011788
 31
0.000000000
  0
ELLIPSE
  5
F00
330
A02
100
AcDbEntity
  8
Sketch065
100
AcDbEllipse
 10
-37.251888025
 20
-13.843749490
 30
0.000000000
 11
0.564606744
 21
-1.226262298
 31
0.000000000
 40
0.610857311
 41
0.000000000
 42
2.495700749
  0
ELLIPSE
  5
F01
330
A02
100
AcDbEntity
  8
Sketch065
100
AcDbEllipse
 10
-37.251888025
 20
-13.843749490
 30
0.000000000
 11
0.564606744
 21
-1.226262298
 31
0.000000000
 40
0.610857311
 41
2.495700749
 42
3.141592654
  0
LINE
  5
F02
330
A02
100
AcDbEntity
  8
Sketch065
100
AcDbLine
 10
-39.968967694
 20
-13.608548184
 30
0.000000000
 11
-37.816494769
 21
-12.617487191
 31
0.000000000
  0
LINE
  5
F03
330
A02
100
AcDbEntity
  8
Sketch065
100
AcDbLine
 10
-39.486544151
 20
-13.685806461
 30
0.000000000
 11
-37.251888025
 21
-12.656905939
 31
0.000000000
  0
LINE
  5
F04
330
A02
100
AcDbEntity
  8
Sketch065
100
AcDbLine
 10
-43.175126582
 20
-18.230918424
 30
0.000000000
 11
-43.175126582
 21
-17.090123484
 31
0.000000000
  0
LINE
  5
F05
330
A02
100
AcDbEntity
  8
Sketch065
100
AcDbLine
 10
-42.375126582
 20
-18.230918424
 30
0.000000000
 11
-42.375126582
 21
-17.090123484
 31
0.000000000
  0
LINE
  5
F06
330
A02
100
AcDbEntity
  8
Sketch065
100
AcDbLine
 10
-42.032498345
 20
-16.485243755
 30
0.000000000
 11
-40.824289911
 21
-15.928949533
 31
0.000000000
  0
ELLIPSE
  5
F07
330
A02
100
AcDbEntity
  8
Sketch065
100
AcDbEllipse
 10
-40.991580798
 20
-15.565612556
 30
0.000000000
 11
0.167290887
 21
-0.363336977
 31
0.000000000
 40
0.610857311
 41
0.000000000
 42
3.141592654
  0
LINE
  5
F08
330
A02
100
AcDbEntity
  8
Sketch065
100
AcDbLine
 10
-42.367080119
 20
-15.758569800
 30
0.000000000
 11
-41.158871685
 21
-15.202275579
 31
0.000000000
  0
SPLINE
  5
F09
330
A02
100
AcDbEntity
  8
Sketch065
100
AcDbSpline
210
0
220
0
230
1
 70
8
 71
3
 72
11
 73
7
 74
0
 40
0.000000000
 40
0.000000000
 40
0.000000000
 40
0.000000000
 40
0.585009460
 40
0.585009460
 40
0.585009460
 40
1.000000000
 40
1.000000000
 40
1.000000000
 40
1.000000000
 10
-42.367080119
 20
-15.758569800
 30
0.000000000
 10
-42.630286076
 20
-15.878422538
 30
0.000000000
 10
-42.868085358
 20
-16.128894963
 30
0.000000000
 10
-43.013730907
 20
-16.427746975
 30
0.000000000
 10
-43.117653785
 20
-16.639115082
 30
0.000000000
 10
-43.175383176
 20
-16.872340527
 30
0.000000000
 10
-43.175126582
 20
-17.090123484
 30
0.000000000
  0
ELLIPSE
  5
F0A
330
A02
100
AcDbEntity
  8
Sketch065
100
AcDbEllipse
 10
-42.775126582
 20
-17.090123484
 30
0.000000000
 11
0.400000000
 21
0.000000000
 31
0.000000000
 40
0.476557377
 41
3.141592654
 42
0.000000000
  0
SPLINE
  5
F0B
330
A02
100
AcDbEntity
  8
Sketch065
100
AcDbSpline
210
0
220
0
230
1
 70
8
 71
3
 72
11
 73
7
 74
0
 40
0.000000000
 40
0.000000000
 40
0.000000000
 40
0.000000000
 40
0.585077571
 40
0.585077571
 40
0.585077571
 40
1.000000000
 40
1.000000000
 40
1.000000000
 40
1.000000000
 10
-42.032498345
 20
-16.485243755
 30
0.000000000
 10
-42.090355999
 20
-16.506388245
 30
0.000000000
 10
-42.221381224
 20
-16.621577323
 30
0.000000000
 10
-42.295500803
 20
-16.780091552
 30
0.000000000
 10
-42.350218670
 20
-16.889575541
 30
0.000000000
 10
-42.376231333
 20
-17.010662831
 30
0.000000000
 10
-42.375126582
 20
-17.090123484
 30
0.000000000
  0
ELLIPSE
  5
F0C
330
A02
100
AcDbEntity
  8
Sketch065
100
AcDbEllipse
 10
-42.199789232
 20
-16.121906777
 30
0.000000000
 11
-0.167290887
 21
0.363336977
 31
0.000000000
 40
0.610857311
 41
3.141592654
 42
0.000000000
  0
SPLINE
  5
F0D
330
A02
100
AcDbEntity
  8
Sketch065
100
AcDbSpline
210
0
220
0
230
1
 70
8
 71
3
 72
17
 73
13
 74
0
 40
0.000000000
 40
0.000000000
 40
0.000000000
 40
0.000000000
 40
0.261755057
 40
0.261755057
 40
0.261755057
 40
0.586830142
 40
0.586830142
 40
0.586830142
 40
0.815898453
 40
0.815898453
 40
0.815898453
 40
1.000000000
 40
1.000000000
 40
1.000000000
 40
1.000000000
 10
-38.761407336
 20
-7.637615819
 30
0.000000000
 10
-38.533893870
 20
-7.748398085
 30
0.000000000
 10
-38.361501604
 20
-7.961973092
 30
0.000000000
 10
-38.287604391
 20
-8.214553728
 30
0.000000000
 10
-38.193239087
 20
-8.528472767
 30
0.000000000
 10
-38.243626573
 20
-8.892736050
 30
0.000000000
 10
-38.397243917
 20
-9.205455997
 30
0.000000000
 10
-38.550886404
 20
-9.520551926
 30
0.000000000
 10
-38.809927074
 20
-9.785411129
 30
0.000000000
 10
-39.118043783
 20
-9.903308048
 30
0.000000000
 10
-39.364240428
 20
-9.999621095
 30
0.000000000
 10
-39.639980504
 20
-9.993300361
 30
0.000000000
 10
-39.867318913
 20
-9.879704038
 30
0.000000000
  0
SPLINE
  5
F0E
330
A02
100
AcDbEntity
  8
Sketch065
100
AcDbSpline
210
0
220
0
230
1
 70
8
 71
3
 72
17
 73
13
 74
0
 40
0.000000000
 40
0.000000000
 40
0.000000000
 40
0.000000000
 40
0.261755057
 40
0.261755057
 40
0.261755057
 40
0.586830142
 40
0.586830142
 40
0.586830142
 40
0.815898453
 40
0.815898453
 40
0.815898453
 40
1.000000000
 40
1.000000000
 40
1.000000000
 40
1.000000000
 10
-38.761407336
 20
-7.637615819
 30
0.000000000
 10
-38.533893870
 20
-7.748398085
 30
0.000000000
 10
-38.361501604
 20
-7.961973092
 30
0.000000000
 10
-38.287604391
 20
-8.214553728
 30
0.000000000
 10
-38.193239087
 20
-8.528472767
 30
0.000000000
 10
-38.243626573
 20
-8.892736050
 30
0.000000000
 10
-38.397243917
 20
-9.205455997
 30
0.000000000
 10
-38.550886404
 20
-9.520551926
 30
0.000000000
 10
-38.809927074
 20
-9.785411129
 30
0.000000000
 10
-39.118043783
 20
-9.903308048
 30
0.000000000
 10
-39.364240428
 20
-9.999621095
 30
0.000000000
 10
-39.639980504
 20
-9.993300361
 30
0.000000000
 10
-39.867318913
 20
-9.879704038
 30
0.000000000
  0
ELLIPSE
  5
F0F
330
A02
100
AcDbEntity
  8
Sketch065
100
AcDbEllipse
 10
-38.880092865
 20
-8.972864036
 30
0.000000000
 11
0.276477894
 21
0.560522055
 31
0.000000000
 40
0.632255021
 41
2.233312867
 42
3.862198768
  0
ELLIPSE
  5
F10
330
A02
100
AcDbEntity
  8
Sketch065
100
AcDbEllipse
 10
-38.880092865
 20
-8.972864036
 30
0.000000000
 11
0.276477894
 21
0.560522055
 31
0.000000000
 40
0.632255021
 41
4.962405583
 42
2.233312867
  0
ELLIPSE
  5
F11
330
A02
100
AcDbEntity
  8
Sketch065
100
AcDbEllipse
 10
-39.763845429
 20
-8.965614624
 30
0.000000000
 11
0.625000000
 21
0.000000000
 31
0.000000000
 40
0.476557377
 41
3.909779503
 42
5.480575829
  0
ELLIPSE
  5
F12
330
A02
100
AcDbEntity
  8
Sketch065
100
AcDbEllipse
 10
-39.314363124
 20
-8.758659929
 30
0.000000000
 11
0.552955788
 21
1.121044110
 31
0.000000000
 40
0.632255021
 41
0.000000000
 42
2.233312867
  0
LINE
  5
F13
330
A02
100
AcDbEntity
  8
Sketch065
100
AcDbLine
 10
-39.421498130
 20
-7.312025575
 30
0.000000000
 11
-38.761407336
 21
-7.637615819
 31
0.000000000
  0
ELLIPSE
  5
F14
330
A02
100
AcDbEntity
  8
Sketch065
100
AcDbEllipse
 10
-39.974453918
 20
-8.433069685
 30
0.000000000
 11
0.552955788
 21
1.121044110
 31
0.000000000
 40
0.632255021
 41
0.000000000
 42
2.233312867
  0
ELLIPSE
  5
F15
330
A02
100
AcDbEntity
  8
Sketch065
100
AcDbEllipse
 10
-39.974453918
 20
-8.433069685
 30
0.000000000
 11
0.552955788
 21
1.121044110
 31
0.000000000
 40
0.632255021
 41
2.233312867
 42
3.141592654
  0
LINE
  5
F16
330
A02
100
AcDbEntity
  8
Sketch065
100
AcDbLine
 10
-40.527409707
 20
-9.554113795
 30
0.000000000
 11
-39.867318913
 21
-9.879704038
 31
0.000000000
  0
ELLIPSE
  5
F17
330
A02
100
AcDbEntity
  8
Sketch065
100
AcDbEllipse
 10
-39.314363124
 20
-8.758659929
 30
0.000000000
 11
0.552955788
 21
1.121044110
 31
0.000000000
 40
0.632255021
 41
2.233312867
 42
3.141592654
  0
LINE
  5
F18
330
A02
100
AcDbEntity
  8
Sketch065
100
AcDbLine
 10
-40.213327733
 20
-9.172569320
 30
0.000000000
 11
-40.873418527
 21
-8.846979076
 31
0.000000000
  0
SPLINE
  5
F19
330
A02
100
AcDbEntity
  8
Sketch065
100
AcDbSpline
210
0
220
0
230
1
 70
8
 71
3
 72
14
 73
10
 74
0
 40
0.395068069
 40
0.395068069
 40
0.395068069
 40
0.395068069
 40
0.505902823
 40
0.505902823
 40
0.505902823
 40
0.636038742
 40
0.636038742
 40
0.636038742
 40
0.865092153
 40
0.865092153
 40
0.865092153
 40
0.865092153
 10
-38.728702051
 20
-8.738250976
 30
0.000000000
 10
-38.767396793
 20
-8.707482966
 30
0.000000000
 10
-38.827001466
 20
-8.702291405
 30
0.000000000
 10
-38.890074337
 20
-8.735319773
 30
0.000000000
 10
-38.964130631
 20
-8.773391457
 30
0.000000000
 10
-39.026996733
 20
-8.854580503
 30
0.000000000
 10
-39.060319015
 20
-8.934943144
 30
0.000000000
 10
-39.120643547
 20
-9.080732113
 30
0.000000000
 10
-39.097843336
 20
-9.206986948
 30
0.000000000
 10
-39.038994761
 20
-9.261899428
 30
0.000000000
  0
SPLINE
  5
F1A
330
A02
100
AcDbEntity
  8
Sketch065
100
AcDbSpline
210
0
220
0
230
1
 70
8
 71
3
 72
11
 73
7
 74
0
 40
0.000000000
 40
0.000000000
 40
0.000000000
 40
0.000000000
 40
0.534332354
 40
0.534332354
 40
0.534332354
 40
1.000000000
 40
1.000000000
 40
1.000000000
 40
1.000000000
 10
-38.721503472
 20
-9.990292608
 30
0.000000000
 10
-38.720554596
 20
-9.873388327
 30
0.000000000
 10
-38.754456095
 20
-9.716672227
 30
0.000000000
 10
-38.821424727
 20
-9.574241477
 30
0.000000000
 10
-38.878699480
 20
-9.449723606
 30
0.000000000
 10
-38.959676637
 20
-9.337105705
 30
0.000000000
 10
-39.038994762
 20
-9.261899427
 30
0.000000000
  0
LINE
  5
F1B
330
A02
100
AcDbEntity
  8
Sketch065
100
AcDbLine
 10
-38.721503472
 20
-10.498805205
 30
0.000000000
 11
-38.721503472
 21
-9.990292608
 31
0.000000000
  0
ELLIPSE
  5
F1C
330
A02
100
AcDbEntity
  8
Sketch065
100
AcDbEllipse
 10
-38.421503472
 20
-9.990292608
 30
0.000000000
 11
0.300000000
 21
0.000000000
 31
0.000000000
 40
0.476557377
 41
3.141592654
 42
6.283185307
  0
LINE
  5
F1D
330
A02
100
AcDbEntity
  8
Sketch065
100
AcDbLine
 10
-38.121503472
 20
-10.498805205
 30
0.000000000
 11
-38.121503472
 21
-9.990292608
 31
0.000000000
  0
SPLINE
  5
F1E
330
A02
100
AcDbEntity
  8
Sketch065
100
AcDbSpline
210
0
220
0
230
1
 70
8
 71
3
 72
8
 73
4
 74
0
 40
0.000000000
 40
0.000000000
 40
0.000000000
 40
0.000000000
 40
1.000000000
 40
1.000000000
 40
1.000000000
 40
1.000000000
 10
-38.121503472
 20
-9.990292608
 30
0.000000000
 10
-38.116487880
 20
-9.538675928
 30
0.000000000
 10
-38.375049676
 20
-9.004800555
 30
0.000000000
 10
-38.728702049
 20
-8.738250973
 30
0.000000000
  0
LINE
  5
F1F
330
A02
100
AcDbEntity
  8
Sketch065
100
AcDbLine
 10
-41.665515815
 20
-6.344541282
 30
0.000000000
 11
-39.785746262
 21
-7.271738924
 31
0.000000000
  0
ELLIPSE
  5
F20
330
A02
100
AcDbEntity
  8
Sketch065
100
AcDbEllipse
 10
-42.163176025
 20
-7.353480981
 30
0.000000000
 11
-0.497660209
 21
-1.008939699
 31
0.000000000
 40
0.632255021
 41
3.141592654
 42
5.374905521
  0
ELLIPSE
  5
F21
330
A02
100
AcDbEntity
  8
Sketch065
100
AcDbEllipse
 10
-42.163176025
 20
-7.353480981
 30
0.000000000
 11
-0.497660209
 21
-1.008939699
 31
0.000000000
 40
0.632255021
 41
5.374905521
 42
0.000000000
  0
LINE
  5
F22
330
A02
100
AcDbEntity
  8
Sketch065
100
AcDbLine
 10
-42.660836234
 20
-8.362420680
 30
0.000000000
 11
-40.781066681
 21
-9.289618321
 31
0.000000000
  0
LINE
  5
F23
330
A02
100
AcDbEntity
  8
Sketch065
100
AcDbLine
 10
-40.870834174
 20
-8.762521379
 30
0.000000000
 11
-42.972244173
 21
-7.725999433
 31
0.000000000
  0
LINE
  5
F24
330
A02
100
AcDbEntity
  8
Sketch065
100
AcDbLine
 10
-43.062140634
 20
-7.767390372
 30
0.000000000
 11
-43.722231427
 21
-7.441800128
 31
0.000000000
  0
SPLINE
  5
F25
330
A02
100
AcDbEntity
  8
Sketch065
100
AcDbSpline
210
0
220
0
230
1
 70
8
 71
3
 72
17
 73
13
 74
0
 40
0.000000000
 40
0.000000000
 40
0.000000000
 40
0.000000000
 40
0.247388864
 40
0.247388864
 40
0.247388864
 40
0.494777729
 40
0.494777729
 40
0.494777729
 40
0.820877878
 40
0.820877878
 40
0.820877878
 40
1.000000000
 40
1.000000000
 40
1.000000000
 40
1.000000000
 10
-43.897749123
 20
-7.234845433
 30
0.000000000
 10
-43.897784495
 20
-7.011780359
 30
0.000000000
 10
-43.840040477
 20
-6.782718047
 30
0.000000000
 10
-43.737724957
 20
-6.575682951
 30
0.000000000
 10
-43.645901951
 20
-6.389792423
 30
0.000000000
 10
-43.518203215
 20
-6.221665435
 30
0.000000000
 10
-43.364801493
 20
-6.091231386
 30
0.000000000
 10
-43.163596721
 20
-5.918729343
 30
0.000000000
 10
-42.912740485
 20
-5.814350109
 30
0.000000000
 10
-42.662879579
 20
-5.815744405
 30
0.000000000
 10
-42.524129189
 20
-5.816303099
 30
0.000000000
 10
-42.393273006
 20
-5.846670507
 30
0.000000000
 10
-42.270311031
 20
-5.906846627
 30
0.000000000
  0
ELLIPSE
  5
F26
330
A02
100
AcDbEntity
  8
Sketch065
100
AcDbEllipse
 10
-42.823266819
 20
-7.027890737
 30
0.000000000
 11
0.552955788
 21
1.121044110
 31
0.000000000
 40
0.632255021
 41
0.000000000
 42
2.233312867
  0
LINE
  5
F27
330
A02
100
AcDbEntity
  8
Sketch065
100
AcDbLine
 10
-42.270311031
 20
-5.906846627
 30
0.000000000
 11
-41.610220237
 21
-6.232436871
 31
0.000000000
  0
ELLIPSE
  5
F28
330
A02
100
AcDbEntity
  8
Sketch065
100
AcDbEllipse
 10
-42.163176025
 20
-7.353480981
 30
0.000000000
 11
0.552955788
 21
1.121044110
 31
0.000000000
 40
0.632255021
 41
5.832158495
 42
0.000000000
  0
ELLIPSE
  5
F29
330
A02
100
AcDbEntity
  8
Sketch065
100
AcDbEllipse
 10
-42.163176025
 20
-7.353480981
 30
0.000000000
 11
0.552955788
 21
1.121044110
 31
0.000000000
 40
0.632255021
 41
0.000000000
 42
2.233312867
  0
ELLIPSE
  5
F2A
330
A02
100
AcDbEntity
  8
Sketch065
100
AcDbEllipse
 10
-42.163176025
 20
-7.353480981
 30
0.000000000
 11
0.552955788
 21
1.121044110
 31
0.000000000
 40
0.632255021
 41
2.233312867
 42
3.141592654
  0
ELLIPSE
  5
F2B
330
A02
100
AcDbEntity
  8
Sketch065
100
AcDbEllipse
 10
-42.163176025
 20
-7.353480981
 30
0.000000000
 11
0.552955788
 21
1.121044110
 31
0.000000000
 40
0.632255021
 41
3.141592654
 42
3.592619465
  0
LINE
  5
F2C
330
A02
100
AcDbEntity
  8
Sketch065
100
AcDbLine
 10
-43.376222607
 20
-8.148934847
 30
0.000000000
 11
-42.716131813
 21
-8.474525091
 31
0.000000000
  0
SPLINE
  5
F2D
330
A02
100
AcDbEntity
  8
Sketch065
100
AcDbSpline
210
0
220
0
230
1
 70
8
 71
3
 72
11
 73
7
 74
0
 40
0.000000000
 40
0.000000000
 40
0.000000000
 40
0.000000000
 40
0.500000000
 40
0.500000000
 40
0.500000000
 40
1.000000000
 40
1.000000000
 40
1.000000000
 40
1.000000000
 10
-43.376222607
 20
-8.148934847
 30
0.000000000
 10
-43.497674141
 20
-8.088570939
 30
0.000000000
 10
-43.600655344
 20
-8.004201964
 30
0.000000000
 10
-43.685166218
 20
-7.895827922
 30
0.000000000
 10
-43.826737747
 20
-7.714694007
 30
0.000000000
 10
-43.898556776
 20
-7.477672420
 30
0.000000000
 10
-43.897749123
 20
-7.234845433
 30
0.000000000
  0
ELLIPSE
  5
F2E
330
A02
100
AcDbEntity
  8
Sketch065
100
AcDbEllipse
 10
-43.272749123
 20
-7.234845433
 30
0.000000000
 11
-0.625000000
 21
0.000000000
 31
0.000000000
 40
0.476557377
 41
0.000000000
 42
0.768186849
  0
ELLIPSE
  5
F2F
330
A02
100
AcDbEntity
  8
Sketch065
100
AcDbEllipse
 10
-42.823266819
 20
-7.027890737
 30
0.000000000
 11
0.552955788
 21
1.121044110
 31
0.000000000
 40
0.632255021
 41
2.233312867
 42
3.141592654
  0
LINE
  5
F30
330
A02
100
AcDbEntity
  8
Sketch065
100
AcDbLine
 10
-55.287332261
 20
-13.631597510
 30
0.000000000
 11
-55.287332261
 21
-12.827027614
 31
0.000000000
  0
ELLIPSE
  5
F31
330
A02
100
AcDbEntity
  8
Sketch065
100
AcDbEllipse
 10
-55.215415092
 20
-12.793914862
 30
0.000000000
 11
0.044236463
 21
0.089683529
 31
0.000000000
 40
0.632255021
 41
0.662516540
 42
2.233312867
  0
LINE
  5
F32
330
A02
100
AcDbEntity
  8
Sketch065
100
AcDbLine
 10
-55.910247507
 20
-12.099530941
 30
0.000000000
 11
-55.215415092
 21
-12.442257514
 31
0.000000000
  0
ELLIPSE
  5
F33
330
A02
100
AcDbEntity
  8
Sketch065
100
AcDbEllipse
 10
-55.910247507
 20
-12.451188290
 30
0.000000000
 11
-0.176945852
 21
-0.358734115
 31
0.000000000
 40
0.632255021
 41
3.804109194
 42
5.374905521
  0
LINE
  5
F34
330
A02
100
AcDbEntity
  8
Sketch065
100
AcDbLine
 10
-56.197916182
 20
-12.583639295
 30
0.000000000
 11
-56.197916182
 21
-13.580362877
 31
0.000000000
  0
LINE
  5
F35
330
A02
100
AcDbEntity
  8
Sketch065
100
AcDbLine
 10
-56.197916182
 20
-12.583639295
 30
0.000000000
 11
-55.503083767
 21
-12.926365867
 31
0.000000000
  0
LINE
  5
F36
330
A02
100
AcDbEntity
  8
Sketch065
100
AcDbLine
 10
-55.215415092
 20
-12.706000525
 30
0.000000000
 11
-55.215415092
 21
-12.442257514
 31
0.000000000
  0
ELLIPSE
  5
F37
330
A02
100
AcDbEntity
  8
Sketch065
100
AcDbEllipse
 10
-55.215415092
 20
-12.793914862
 30
0.000000000
 11
-0.176945852
 21
-0.358734115
 31
0.000000000
 40
0.632255021
 41
3.804109194
 42
5.374905521
  0
LINE
  5
F38
330
A02
100
AcDbEntity
  8
Sketch065
100
AcDbLine
 10
-55.503083767
 20
-12.926365867
 30
0.000000000
 11
-55.503083767
 21
-13.677067770
 31
0.000000000
  0
SPLINE
  5
F39
330
A02
100
AcDbEntity
  8
Sketch065
100
AcDbSpline
210
0
220
0
230
1
 70
8
 71
3
 72
8
 73
4
 74
0
 40
1.080839001
 40
1.080839001
 40
1.080839001
 40
1.080839001
 40
1.570796327
 40
1.570796327
 40
1.570796327
 40
1.570796327
 10
-53.657576653
 20
-10.013943970
 30
0.000000000
 10
-53.481445579
 20
-9.817735743
 30
0.000000000
 10
-53.281962562
 20
-9.664924029
 30
0.000000000
 10
-53.082239303
 20
-9.573213285
 30
0.000000000
  0
ELLIPSE
  5
F3A
330
A02
100
AcDbEntity
  8
Sketch065
100
AcDbEllipse
 10
-53.082239303
 20
-9.749041959
 30
0.000000000
 11
0.800000000
 21
0.000000000
 31
0.000000000
 40
0.476557377
 41
3.141592654
 42
3.909779503
  0
ELLIPSE
  5
F3B
330
A02
100
AcDbEntity
  8
Sketch065
100
AcDbEllipse
 10
-53.082239303
 20
-9.749041959
 30
0.000000000
 11
0.800000000
 21
0.000000000
 31
0.000000000
 40
0.476557377
 41
3.909779503
 42
5.480575829
  0
LINE
  5
F3C
330
A02
100
AcDbEntity
  8
Sketch065
100
AcDbLine
 10
-52.526373371
 20
-10.023223217
 30
0.000000000
 11
-52.526373371
 21
-10.286966229
 31
0.000000000
  0
ELLIPSE
  5
F3D
330
A02
100
AcDbEntity
  8
Sketch065
100
AcDbEllipse
 10
-53.082239303
 20
-9.749041959
 30
0.000000000
 11
0.800000000
 21
0.000000000
 31
0.000000000
 40
0.476557377
 41
5.480575829
 42
0.000000000
  0
ELLIPSE
  5
F3E
330
A02
100
AcDbEntity
  8
Sketch065
100
AcDbEllipse
 10
-53.082239303
 20
-9.749041959
 30
0.000000000
 11
0.800000000
 21
0.000000000
 31
0.000000000
 40
0.476557377
 41
0.000000000
 42
2.338983176
  0
ELLIPSE
  5
F3F
330
A02
100
AcDbEntity
  8
Sketch065
100
AcDbEllipse
 10
-53.082239303
 20
-9.749041959
 30
0.000000000
 11
0.800000000
 21
0.000000000
 31
0.000000000
 40
0.476557377
 41
2.338983176
 42
3.141592654
  0
LINE
  5
F40
330
A02
100
AcDbEntity
  8
Sketch065
100
AcDbLine
 10
-53.882239303
 20
-9.749041959
 30
0.000000000
 11
-53.882239303
 21
-10.012784971
 31
0.000000000
  0
ELLIPSE
  5
F41
330
A02
100
AcDbEntity
  8
Sketch065
100
AcDbEllipse
 10
-53.082239303
 20
-10.012784971
 30
0.000000000
 11
0.800000000
 21
0.000000000
 31
0.000000000
 40
0.476557377
 41
3.141592654
 42
5.480575829
  0
ELLIPSE
  5
F42
330
A02
100
AcDbEntity
  8
Sketch065
100
AcDbEllipse
 10
-53.082239303
 20
-10.012784971
 30
0.000000000
 11
0.800000000
 21
0.000000000
 31
0.000000000
 40
0.476557377
 41
5.480575829
 42
0.000000000
  0
LINE
  5
F43
330
A02
100
AcDbEntity
  8
Sketch065
100
AcDbLine
 10
-52.282239303
 20
-9.749041959
 30
0.000000000
 11
-52.282239303
 21
-10.012784971
 31
0.000000000
  0
SPLINE
  5
F44
330
A02
100
AcDbEntity
  8
Sketch065
100
AcDbSpline
210
0
220
0
230
1
 70
8
 71
3
 72
8
 73
4
 74
0
 40
1.080839001
 40
1.080839001
 40
1.080839001
 40
1.080839001
 40
1.570796327
 40
1.570796327
 40
1.570796327
 40
1.570796327
 10
-59.216235970
 20
-7.272131389
 30
0.000000000
 10
-59.040104897
 20
-7.075923163
 30
0.000000000
 10
-58.840621880
 20
-6.923111449
 30
0.000000000
 10
-58.640898621
 20
-6.831400705
 30
0.000000000
  0
ELLIPSE
  5
F45
330
A02
100
AcDbEntity
  8
Sketch065
100
AcDbEllipse
 10
-58.640898621
 20
-7.007229379
 30
0.000000000
 11
-0.800000000
 21
0.000000000
 31
0.000000000
 40
0.476557377
 41
-0.000000000
 42
0.768186849
  0
ELLIPSE
  5
F46
330
A02
100
AcDbEntity
  8
Sketch065
100
AcDbEllipse
 10
-58.640898621
 20
-7.007229379
 30
0.000000000
 11
-0.800000000
 21
0.000000000
 31
0.000000000
 40
0.476557377
 41
0.768186849
 42
2.338983176
  0
LINE
  5
F47
330
A02
100
AcDbEntity
  8
Sketch065
100
AcDbLine
 10
-58.085032689
 20
-7.281410637
 30
0.000000000
 11
-58.085032689
 21
-7.545153648
 31
0.000000000
  0
ELLIPSE
  5
F48
330
A02
100
AcDbEntity
  8
Sketch065
100
AcDbEllipse
 10
-58.640898621
 20
-7.007229379
 30
0.000000000
 11
-0.800000000
 21
0.000000000
 31
0.000000000
 40
0.476557377
 41
2.338983176
 42
3.141592654
  0
ELLIPSE
  5
F49
330
A02
100
AcDbEntity
  8
Sketch065
100
AcDbEllipse
 10
-58.640898621
 20
-7.007229379
 30
0.000000000
 11
-0.800000000
 21
0.000000000
 31
0.000000000
 40
0.476557377
 41
3.141592654
 42
5.480575829
  0
ELLIPSE
  5
F4A
330
A02
100
AcDbEntity
  8
Sketch065
100
AcDbEllipse
 10
-58.640898621
 20
-7.007229379
 30
0.000000000
 11
-0.800000000
 21
0.000000000
 31
0.000000000
 40
0.476557377
 41
5.480575829
 42
6.283185307
  0
LINE
  5
F4B
330
A02
100
AcDbEntity
  8
Sketch065
100
AcDbLine
 10
-59.440898621
 20
-7.007229379
 30
0.000000000
 11
-59.440898621
 21
-7.270972390
 31
0.000000000
  0
ELLIPSE
  5
F4C
330
A02
100
AcDbEntity
  8
Sketch065
100
AcDbEllipse
 10
-58.640898621
 20
-7.270972390
 30
0.000000000
 11
0.800000000
 21
0.000000000
 31
0.000000000
 40
0.476557377
 41
3.141592654
 42
5.480575829
  0
ELLIPSE
  5
F4D
330
A02
100
AcDbEntity
  8
Sketch065
100
AcDbEllipse
 10
-58.640898621
 20
-7.270972390
 30
0.000000000
 11
0.800000000
 21
0.000000000
 31
0.000000000
 40
0.476557377
 41
5.480575829
 42
0.000000000
  0
LINE
  5
F4E
330
A02
100
AcDbEntity
  8
Sketch065
100
AcDbLine
 10
-57.840898621
 20
-7.007229379
 30
0.000000000
 11
-57.840898621
 21
-7.270972390
 31
0.000000000
  0
ELLIPSE
  5
F4F
330
A02
100
AcDbEntity
  8
Sketch065
100
AcDbEllipse
 10
-47.328865807
 20
-7.100021857
 30
0.000000000
 11
-0.800000000
 21
0.000000000
 31
0.000000000
 40
0.476557377
 41
0.000000000
 42
2.338983176
  0
LINE
  5
F50
330
A02
100
AcDbEntity
  8
Sketch065
100
AcDbLine
 10
-46.772999875
 20
-7.374203115
 30
0.000000000
 11
-46.772999875
 21
-7.637946127
 31
0.000000000
  0
ELLIPSE
  5
F51
330
A02
100
AcDbEntity
  8
Sketch065
100
AcDbEllipse
 10
-47.328865807
 20
-7.100021857
 30
0.000000000
 11
-0.800000000
 21
0.000000000
 31
0.000000000
 40
0.476557377
 41
2.338983176
 42
3.141592654
  0
ELLIPSE
  5
F52
330
A02
100
AcDbEntity
  8
Sketch065
100
AcDbEllipse
 10
-47.328865807
 20
-7.100021857
 30
0.000000000
 11
-0.800000000
 21
0.000000000
 31
0.000000000
 40
0.476557377
 41
3.141592654
 42
3.909779503
  0
ELLIPSE
  5
F53
330
A02
100
AcDbEntity
  8
Sketch065
100
AcDbEllipse
 10
-47.328865807
 20
-7.100021857
 30
0.000000000
 11
-0.800000000
 21
0.000000000
 31
0.000000000
 40
0.476557377
 41
3.909779503
 42
5.480575829
  0
ELLIPSE
  5
F54
330
A02
100
AcDbEntity
  8
Sketch065
100
AcDbEllipse
 10
-47.328865807
 20
-7.100021857
 30
0.000000000
 11
-0.800000000
 21
0.000000000
 31
0.000000000
 40
0.476557377
 41
5.480575829
 42
0.000000000
  0
LINE
  5
F55
330
A02
100
AcDbEntity
  8
Sketch065
100
AcDbLine
 10
-48.128865807
 20
-7.100021857
 30
0.000000000
 11
-48.128865807
 21
-7.363764869
 31
0.000000000
  0
ELLIPSE
  5
F56
330
A02
100
AcDbEntity
  8
Sketch065
100
AcDbEllipse
 10
-47.328865807
 20
-7.363764869
 30
0.000000000
 11
0.800000000
 21
0.000000000
 31
0.000000000
 40
0.476557377
 41
3.141592654
 42
5.480575829
  0
ELLIPSE
  5
F57
330
A02
100
AcDbEntity
  8
Sketch065
100
AcDbEllipse
 10
-47.328865807
 20
-7.363764869
 30
0.000000000
 11
0.800000000
 21
0.000000000
 31
0.000000000
 40
0.476557377
 41
5.480575829
 42
0.000000000
  0
LINE
  5
F58
330
A02
100
AcDbEntity
  8
Sketch065
100
AcDbLine
 10
-46.528865807
 20
-7.100021857
 30
0.000000000
 11
-46.528865807
 21
-7.363764869
 31
0.000000000
  0
SPLINE
  5
F59
330
A02
100
AcDbEntity
  8
Sketch065
100
AcDbSpline
210
0
220
0
230
1
 70
8
 71
3
 72
8
 73
4
 74
0
 40
1.080839001
 40
1.080839001
 40
1.080839001
 40
1.080839001
 40
1.570796327
 40
1.570796327
 40
1.570796327
 40
1.570796327
 10
-46.753528457
 20
-6.835119847
 30
0.000000000
 10
-46.929659531
 20
-6.801103335
 30
0.000000000
 10
-47.129142548
 20
-6.831987159
 30
0.000000000
 10
-47.328865807
 20
-6.924193183
 30
0.000000000
  0
ELLIPSE
  5
F5A
330
A02
100
AcDbEntity
  8
Sketch065
100
AcDbEllipse
 10
-52.984882214
 20
-7.493197304
 30
0.000000000
 11
3.700000000
 21
0.000000000
 31
0.000000000
 40
0.476557377
 41
2.811295299
 42
3.091713062
  0
ELLIPSE
  5
F5B
330
A02
100
AcDbEntity
  8
Sketch065
100
AcDbEllipse
 10
-52.984882214
 20
-7.317368629
 30
0.000000000
 11
3.700000000
 21
0.000000000
 31
0.000000000
 40
0.476557377
 41
2.811295299
 42
3.141592654
  0
ELLIPSE
  5
F5C
330
A02
100
AcDbEntity
  8
Sketch065
100
AcDbEllipse
 10
-52.984882214
 20
-7.317368629
 30
0.000000000
 11
3.700000000
 21
0.000000000
 31
0.000000000
 40
0.476557377
 41
3.141592654
 42
5.480575829
  0
ELLIPSE
  5
F5D
330
A02
100
AcDbEntity
  8
Sketch065
100
AcDbEllipse
 10
-52.984882214
 20
-7.317368629
 30
0.000000000
 11
3.700000000
 21
0.000000000
 31
0.000000000
 40
0.476557377
 41
5.480575829
 42
0.000000000
  0
ELLIPSE
  5
F5E
330
A02
100
AcDbEntity
  8
Sketch065
100
AcDbEllipse
 10
-52.984882214
 20
-7.317368629
 30
0.000000000
 11
3.700000000
 21
0.000000000
 31
0.000000000
 40
0.476557377
 41
0.000000000
 42
0.330297355
  0
ELLIPSE
  5
F5F
330
A02
100
AcDbEntity
  8
Sketch065
100
AcDbEllipse
 10
-52.984882214
 20
-7.493197304
 30
0.000000000
 11
3.700000000
 21
0.000000000
 31
0.000000000
 40
0.476557377
 41
0.049879591
 42
0.330297355
  0
LINE
  5
F60
330
A02
100
AcDbEntity
  8
Sketch065
100
AcDbLine
 10
-52.700644242
 20
-10.632264625
 30
0.000000000
 11
-52.700644242
 21
-10.639675882
 31
0.000000000
  0
LINE
  5
F61
330
A02
100
AcDbEntity
  8
Sketch065
100
AcDbLine
 10
-53.508345643
 20
-10.625639060
 30
0.000000000
 11
-53.508345643
 21
-10.633050317
 31
0.000000000
  0
LINE
  5
F62
330
A02
100
AcDbEntity
  8
Sketch065
100
AcDbLine
 10
-59.940804330
 20
-7.452824332
 30
0.000000000
 11
-59.940804330
 21
-7.502081884
 31
0.000000000
  0
LINE
  5
F63
330
A02
100
AcDbEntity
  8
Sketch065
100
AcDbLine
 10
-56.484882214
 20
-5.483102782
 30
0.000000000
 11
-59.926901354
 21
-7.067908271
 31
0.000000000
  0
LINE
  5
F64
330
A02
100
AcDbEntity
  8
Sketch065
100
AcDbLine
 10
-59.926901354
 20
-7.067908271
 30
0.000000000
 11
-59.940804330
 21
-7.452824332
 31
0.000000000
  0
LINE
  5
F65
330
A02
100
AcDbEntity
  8
Sketch065
100
AcDbLine
 10
-59.940804330
 20
-7.452824332
 30
0.000000000
 11
-53.508345643
 21
-10.625639060
 31
0.000000000
  0
LINE
  5
F66
330
A02
100
AcDbEntity
  8
Sketch065
100
AcDbLine
 10
-53.508345643
 20
-10.625639060
 30
0.000000000
 11
-52.700644242
 21
-10.632264625
 31
0.000000000
  0
LINE
  5
F67
330
A02
100
AcDbEntity
  8
Sketch065
100
AcDbLine
 10
-52.700644242
 20
-10.632264625
 30
0.000000000
 11
-46.042863073
 21
-7.566828988
 31
0.000000000
  0
LINE
  5
F68
330
A02
100
AcDbEntity
  8
Sketch065
100
AcDbLine
 10
-46.042863073
 20
-7.566828988
 30
0.000000000
 11
-46.028960098
 21
-7.181912927
 31
0.000000000
  0
LINE
  5
F69
330
A02
100
AcDbEntity
  8
Sketch065
100
AcDbLine
 10
-46.028960098
 20
-7.181912927
 30
0.000000000
 11
-49.484882214
 21
-5.477276936
 31
0.000000000
  0
LINE
  5
F6A
330
A02
100
AcDbEntity
  8
Sketch065
100
AcDbLine
 10
-46.028960098
 20
-7.181912927
 30
0.000000000
 11
-46.028960098
 21
-7.357741601
 31
0.000000000
  0
LINE
  5
F6B
330
A02
100
AcDbEntity
  8
Sketch065
100
AcDbLine
 10
-46.038043556
 20
-7.609225121
 30
0.000000000
 11
-46.028960098
 21
-7.357741601
 31
0.000000000
  0
LINE
  5
F6C
330
A02
100
AcDbEntity
  8
Sketch065
100
AcDbLine
 10
-46.042863073
 20
-7.566828988
 30
0.000000000
 11
-46.042863073
 21
-7.611444167
 31
0.000000000
  0
LINE
  5
F6D
330
A02
100
AcDbEntity
  8
Sketch065
100
AcDbLine
 10
-49.814372318
 20
-9.479169955
 30
0.000000000
 11
-48.472215077
 21
-8.861201817
 31
0.000000000
  0
ELLIPSE
  5
F6E
330
A02
100
AcDbEntity
  8
Sketch065
100
AcDbEllipse
 10
-52.984882214
 20
0.243264361
 30
0.000000000
 11
3.400000000
 21
0.000000000
 31
0.000000000
 40
0.476557377
 41
5.480575829
 42
2.338983176
  0
ELLIPSE
  5
F6F
330
A02
100
AcDbEntity
  8
Sketch065
100
AcDbEllipse
 10
-55.347312424
 20
1.320620371
 30
0.000000000
 11
-0.041822722
 21
0.090834244
 31
0.000000000
 40
0.610857311
 41
5.637293403
 42
0.000000000
  0
ELLIPSE
  5
F70
330
A02
100
AcDbEntity
  8
Sketch065
100
AcDbEllipse
 10
-52.984882214
 20
0.243264361
 30
0.000000000
 11
3.400000000
 21
0.000000000
 31
0.000000000
 40
0.476557377
 41
2.338983176
 42
5.480575829
  0
ELLIPSE
  5
F71
330
A02
100
AcDbEntity
  8
Sketch065
100
AcDbEllipse
 10
-50.622452004
 20
-1.009920323
 30
0.000000000
 11
0.041822722
 21
-0.090834244
 31
0.000000000
 40
0.610857311
 41
0.924904422
 42
2.495700749
  0
LINE
  5
F72
330
A02
100
AcDbEntity
  8
Sketch065
100
AcDbLine
 10
-50.552968762
 20
-1.044192980
 30
0.000000000
 11
-50.552968762
 21
-8.646254404
 31
0.000000000
  0
ELLIPSE
  5
F73
330
A02
100
AcDbEntity
  8
Sketch065
100
AcDbEllipse
 10
-52.984882214
 20
-7.493197304
 30
0.000000000
 11
3.500000000
 21
0.000000000
 31
0.000000000
 40
0.476557377
 41
5.753977267
 42
0.000000000
  0
LINE
  5
F74
330
A02
100
AcDbEntity
  8
Sketch065
100
AcDbLine
 10
-49.484882214
 20
0.155350024
 30
0.000000000
 11
-49.484882214
 21
-7.493197304
 31
0.000000000
  0
SPLINE
  5
F75
330
A02
100
AcDbEntity
  8
Sketch065
100
AcDbSpline
210
0
220
0
230
1
 70
8
 71
3
 72
17
 73
13
 74
0
 40
0.000000000
 40
0.000000000
 40
0.000000000
 40
0.000000000
 40
0.276498501
 40
0.276498501
 40
0.276498501
 40
0.520905299
 40
0.520905299
 40
0.520905299
 40
0.695313218
 40
0.695313218
 40
0.695313218
 40
1.000000000
 40
1.000000000
 40
1.000000000
 40
1.000000000
 10
-49.484882214
 20
0.155350024
 30
0.000000000
 10
-49.483005723
 20
0.509066305
 30
0.000000000
 10
-49.705818133
 20
0.872179885
 30
0.000000000
 10
-50.147920332
 20
1.170385154
 30
0.000000000
 10
-50.535279866
 20
1.433916090
 30
0.000000000
 10
-51.086141342
 20
1.642011394
 30
0.000000000
 10
-51.713108545
 20
1.759824771
 30
0.000000000
 10
-52.159914096
 20
1.844410600
 30
0.000000000
 10
-52.643792841
 20
1.883686838
 30
0.000000000
 10
-53.123874949
 20
1.874309657
 30
0.000000000
 10
-53.963523560
 20
1.859494838
 30
0.000000000
 10
-54.785552251
 20
1.691265125
 30
0.000000000
 10
-55.389135145
 20
1.411454615
 30
0.000000000
  0
SPLINE
  5
F76
330
A02
100
AcDbEntity
  8
Sketch065
100
AcDbSpline
210
0
220
0
230
1
 70
8
 71
3
 72
11
 73
7
 74
0
 40
0.000000000
 40
0.000000000
 40
0.000000000
 40
0.000000000
 40
0.498922211
 40
0.498922211
 40
0.498922211
 40
1.000000000
 40
1.000000000
 40
1.000000000
 40
1.000000000
 10
-55.389135145
 20
1.411454615
 30
0.000000000
 10
-55.743164943
 20
1.248780983
 30
0.000000000
 10
-56.023330085
 20
1.049521854
 30
0.000000000
 10
-56.208072902
 20
0.833459763
 30
0.000000000
 10
-56.393492553
 20
0.613548067
 30
0.000000000
 10
-56.485762323
 20
0.387511487
 30
0.000000000
 10
-56.484882214
 20
0.155350024
 30
0.000000000
  0
LINE
  5
F77
330
A02
100
AcDbEntity
  8
Sketch065
100
AcDbLine
 10
-56.484882214
 20
0.155350024
 30
0.000000000
 11
-56.484882214
 21
-7.493197304
 31
0.000000000
  0
ELLIPSE
  5
F78
330
A02
100
AcDbEntity
  8
Sketch065
100
AcDbEllipse
 10
-52.984882214
 20
-7.493197304
 30
0.000000000
 11
3.500000000
 21
0.000000000
 31
0.000000000
 40
0.476557377
 41
3.141592654
 42
3.670800694
  0
ELLIPSE
  5
F79
330
A02
100
AcDbEntity
  8
Sketch065
100
AcDbEllipse
 10
-52.984882214
 20
0.155350024
 30
0.000000000
 11
-3.500000000
 21
-0.000000000
 31
0.000000000
 40
0.476557377
 41
-0.000000000
 42
2.338983176
  0
ELLIPSE
  5
F7A
330
A02
100
AcDbEntity
  8
Sketch065
100
AcDbEllipse
 10
-52.984882214
 20
0.155350024
 30
0.000000000
 11
-3.500000000
 21
-0.000000000
 31
0.000000000
 40
0.476557377
 41
2.338983176
 42
3.141592654
  0
LINE
  5
F7B
330
A02
100
AcDbEntity
  8
Sketch065
100
AcDbLine
 10
-57.873048389
 20
-5.504222370
 30
0.000000000
 11
-60.721079819
 21
-6.815538681
 31
0.000000000
  0
LINE
  5
F7C
330
A02
100
AcDbEntity
  8
Sketch065
100
AcDbLine
 10
-60.721079819
 20
-6.815538681
 30
0.000000000
 11
-60.746388887
 21
-7.516242409
 31
0.000000000
  0
LINE
  5
F7D
330
A02
100
AcDbEntity
  8
Sketch065
100
AcDbLine
 10
-60.746388887
 20
-7.516242409
 30
0.000000000
 11
-60.746388887
 21
-10.593244208
 31
0.000000000
  0
LINE
  5
F7E
330
A02
100
AcDbEntity
  8
Sketch065
100
AcDbLine
 10
-59.801309029
 20
-11.059405506
 30
0.000000000
 11
-60.746388887
 21
-10.593244208
 31
0.000000000
  0
LINE
  5
F7F
330
A02
100
AcDbEntity
  8
Sketch065
100
AcDbLine
 10
-59.801309029
 20
-11.059405506
 30
0.000000000
 11
-59.801309029
 21
-10.795662495
 31
0.000000000
  0
LINE
  5
F80
330
A02
100
AcDbEntity
  8
Sketch065
100
AcDbLine
 10
-59.801309029
 20
-10.795662495
 30
0.000000000
 11
-59.671950507
 21
-10.859468676
 31
0.000000000
  0
LINE
  5
F81
330
A02
100
AcDbEntity
  8
Sketch065
100
AcDbLine
 10
-59.672078255
 20
-10.999903908
 30
0.000000000
 11
-59.801309029
 21
-11.059405506
 31
0.000000000
  0
LINE
  5
F82
330
A02
100
AcDbEntity
  8
Sketch065
100
AcDbLine
 10
-60.746388887
 20
-7.516242409
 30
0.000000000
 11
-53.853435785
 21
-10.916196329
 31
0.000000000
  0
LINE
  5
F83
330
A02
100
AcDbEntity
  8
Sketch065
100
AcDbLine
 10
-53.853435785
 20
-10.916196329
 30
0.000000000
 11
-52.383090843
 21
-10.928257552
 31
0.000000000
  0
LINE
  5
F84
330
A02
100
AcDbEntity
  8
Sketch065
100
AcDbLine
 10
-52.383090843
 20
-10.928257552
 30
0.000000000
 11
-49.535059413
 21
-9.616941240
 31
0.000000000
  0
LINE
  5
F85
330
A02
100
AcDbEntity
  8
Sketch065
100
AcDbLine
 10
-49.535059413
 20
-9.880684252
 30
0.000000000
 11
-49.535059413
 21
-9.616941240
 31
0.000000000
  0
LINE
  5
F86
330
A02
100
AcDbEntity
  8
Sketch065
100
AcDbLine
 10
-45.248684608
 20
-7.643369904
 30
0.000000000
 11
-45.223375540
 21
-6.942666175
 31
0.000000000
  0
LINE
  5
F87
330
A02
100
AcDbEntity
  8
Sketch065
100
AcDbLine
 10
-55.287332261
 20
-13.022184680
 30
0.000000000
 11
-54.798515643
 21
-13.263293817
 31
0.000000000
  0
LINE
  5
F88
330
A02
100
AcDbEntity
  8
Sketch065
100
AcDbLine
 10
-54.798515643
 20
-13.527036829
 30
0.000000000
 11
-54.798515643
 21
-13.263293817
 31
0.000000000
  0
LINE
  5
F89
330
A02
100
AcDbEntity
  8
Sketch065
100
AcDbLine
 10
-53.853435785
 20
-13.993198127
 30
0.000000000
 11
-54.798515643
 21
-13.527036829
 31
0.000000000
  0
LINE
  5
F8A
330
A02
100
AcDbEntity
  8
Sketch065
100
AcDbLine
 10
-53.853435785
 20
-10.916196329
 30
0.000000000
 11
-53.853435785
 21
-13.993198127
 31
0.000000000
  0
LINE
  5
F8B
330
A02
100
AcDbEntity
  8
Sketch065
100
AcDbLine
 10
-52.383090843
 20
-10.928257552
 30
0.000000000
 11
-52.383090843
 21
-14.005259350
 31
0.000000000
  0
LINE
  5
F8C
330
A02
100
AcDbEntity
  8
Sketch065
100
AcDbLine
 10
-52.383090843
 20
-14.005259350
 30
0.000000000
 11
-53.853435785
 21
-13.993198127
 31
0.000000000
  0
LINE
  5
F8D
330
A02
100
AcDbEntity
  8
Sketch065
100
AcDbLine
 10
-51.404905799
 20
-13.554874572
 30
0.000000000
 11
-52.383090843
 21
-14.005259350
 31
0.000000000
  0
LINE
  5
F8E
330
A02
100
AcDbEntity
  8
Sketch065
100
AcDbLine
 10
-51.404905799
 20
-13.554874572
 30
0.000000000
 11
-51.404905799
 21
-13.291131561
 31
0.000000000
  0
LINE
  5
F8F
330
A02
100
AcDbEntity
  8
Sketch065
100
AcDbLine
 10
-51.404905799
 20
-13.291131561
 30
0.000000000
 11
-46.663953334
 21
-11.108259479
 31
0.000000000
  0
LINE
  5
F90
330
A02
100
AcDbEntity
  8
Sketch065
100
AcDbLine
 10
-48.096716038
 20
-9.218429226
 30
0.000000000
 11
-48.096716038
 21
-8.954686215
 31
0.000000000
  0
LINE
  5
F91
330
A02
100
AcDbEntity
  8
Sketch065
100
AcDbLine
 10
-48.096716038
 20
-8.954686215
 30
0.000000000
 11
-45.248684608
 21
-7.643369904
 31
0.000000000
  0
LINE
  5
F92
330
A02
100
AcDbEntity
  8
Sketch065
100
AcDbLine
 10
-45.248684608
 20
-7.643369904
 30
0.000000000
 11
-45.248684608
 21
-8.841205021
 31
0.000000000
  0
LINE
  5
F93
330
A02
100
AcDbEntity
  8
Sketch065
100
AcDbLine
 10
-45.223375540
 20
-6.942666175
 30
0.000000000
 11
-45.223375540
 21
-8.829551992
 31
0.000000000
  0
LINE
  5
F94
330
A02
100
AcDbEntity
  8
Sketch065
100
AcDbLine
 10
-45.223375540
 20
-6.942666175
 30
0.000000000
 11
-49.484882214
 21
-4.840675040
 31
0.000000000
  0
LINE
  5
F95
330
A02
100
AcDbEntity
  8
Sketch065
100
AcDbLine
 10
-45.827563958
 20
-7.056165486
 30
0.000000000
 11
-49.484882214
 21
-5.252190709
 31
0.000000000
  0
LINE
  5
F96
330
A02
100
AcDbEntity
  8
Sketch065
100
AcDbLine
 10
-45.844318457
 20
-7.520028464
 30
0.000000000
 11
-45.827563958
 21
-7.056165486
 31
0.000000000
  0
LINE
  5
F97
330
A02
100
AcDbEntity
  8
Sketch065
100
AcDbLine
 10
-48.441698319
 20
-8.715937520
 30
0.000000000
 11
-45.844318457
 21
-7.520028464
 31
0.000000000
  0
ELLIPSE
  5
F98
330
A02
100
AcDbEntity
  8
Sketch065
100
AcDbEllipse
 10
-48.372215077
 20
-8.750210177
 30
0.000000000
 11
-0.100000000
 21
0.000000000
 31
0.000000000
 40
0.476557377
 41
5.480575829
 42
0.000000000
  0
ELLIPSE
  5
F99
330
A02
100
AcDbEntity
  8
Sketch065
100
AcDbEllipse
 10
-48.372215077
 20
-8.750210177
 30
0.000000000
 11
-0.100000000
 21
0.000000000
 31
0.000000000
 40
0.476557377
 41
0.000000000
 42
0.768186849
  0
LINE
  5
F9A
330
A02
100
AcDbEntity
  8
Sketch065
100
AcDbLine
 10
-48.096716038
 20
-8.954686215
 30
0.000000000
 11
-48.444132246
 21
-8.783322929
 31
0.000000000
  0
LINE
  5
F9B
330
A02
100
AcDbEntity
  8
Sketch065
100
AcDbLine
 10
-48.096716038
 20
-9.218429226
 30
0.000000000
 11
-48.444132246
 21
-9.047065940
 31
0.000000000
  0
LINE
  5
F9C
330
A02
100
AcDbEntity
  8
Sketch065
100
AcDbLine
 10
-48.444132246
 20
-9.047065940
 30
0.000000000
 11
-48.444132246
 21
-8.783322929
 31
0.000000000
  0
LINE
  5
F9D
330
A02
100
AcDbEntity
  8
Sketch065
100
AcDbLine
 10
-48.472215077
 20
-9.013953189
 30
0.000000000
 11
-48.472215077
 21
-8.750210177
 31
0.000000000
  0
ELLIPSE
  5
F9E
330
A02
100
AcDbEntity
  8
Sketch065
100
AcDbEllipse
 10
-48.372215077
 20
-9.013953189
 30
0.000000000
 11
-0.100000000
 21
0.000000000
 31
0.000000000
 40
0.476557377
 41
0.000000000
 42
0.768186849
  0
LINE
  5
F9F
330
A02
100
AcDbEntity
  8
Sketch065
100
AcDbLine
 10
-49.535059413
 20
-9.880684252
 30
0.000000000
 11
-48.096716038
 21
-9.218429226
 31
0.000000000
  0
LINE
  5
FA0
330
A02
100
AcDbEntity
  8
Sketch065
100
AcDbLine
 10
-49.882475620
 20
-9.445577954
 30
0.000000000
 11
-49.535059413
 21
-9.616941240
 31
0.000000000
  0
ELLIPSE
  5
FA1
330
A02
100
AcDbEntity
  8
Sketch065
100
AcDbEllipse
 10
-49.954392789
 20
-9.478690705
 30
0.000000000
 11
-0.100000000
 21
0.000000000
 31
0.000000000
 40
0.476557377
 41
3.909779503
 42
5.480575829
  0
LINE
  5
FA2
330
A02
100
AcDbEntity
  8
Sketch065
100
AcDbLine
 10
-52.621255892
 20
-10.640327104
 30
0.000000000
 11
-50.023876030
 21
-9.444418048
 31
0.000000000
  0
LINE
  5
FA3
330
A02
100
AcDbEntity
  8
Sketch065
100
AcDbLine
 10
-53.594618179
 20
-10.632342624
 30
0.000000000
 11
-52.621255892
 21
-10.640327104
 31
0.000000000
  0
LINE
  5
FA4
330
A02
100
AcDbEntity
  8
Sketch065
100
AcDbLine
 10
-60.142200469
 20
-7.402743098
 30
0.000000000
 11
-53.594618179
 21
-10.632342624
 31
0.000000000
  0
LINE
  5
FA5
330
A02
100
AcDbEntity
  8
Sketch065
100
AcDbLine
 10
-60.125445971
 20
-7.202623132
 30
0.000000000
 11
-60.125445971
 21
-6.938880120
 31
0.000000000
  0
LINE
  5
FA6
330
A02
100
AcDbEntity
  8
Sketch065
100
AcDbLine
 10
-60.125445971
 20
-7.202623132
 30
0.000000000
 11
-60.132840953
 21
-7.407359686
 31
0.000000000
  0
LINE
  5
FA7
330
A02
100
AcDbEntity
  8
Sketch065
100
AcDbLine
 10
-59.928491747
 20
-7.111939692
 30
0.000000000
 11
-60.125445971
 21
-7.202623132
 31
0.000000000
  0
LINE
  5
FA8
330
A02
100
AcDbEntity
  8
Sketch065
100
AcDbLine
 10
-60.125445971
 20
-6.938880120
 30
0.000000000
 11
-60.142200469
 21
-7.402743098
 31
0.000000000
  0
LINE
  5
FA9
330
A02
100
AcDbEntity
  8
Sketch065
100
AcDbLine
 10
-57.528066109
 20
-5.742971064
 30
0.000000000
 11
-60.125445971
 21
-6.938880120
 31
0.000000000
  0
LINE
  5
FAA
330
A02
100
AcDbEntity
  8
Sketch065
100
AcDbLine
 10
-57.497549350
 20
-5.949364116
 30
0.000000000
 11
-57.497549350
 21
-5.708698407
 31
0.000000000
  0
LINE
  5
FAB
330
A02
100
AcDbEntity
  8
Sketch065
100
AcDbLine
 10
-57.528066109
 20
-5.963414917
 30
0.000000000
 11
-57.528066109
 21
-5.742971064
 31
0.000000000
  0
ELLIPSE
  5
FAC
330
A02
100
AcDbEntity
  8
Sketch065
100
AcDbEllipse
 10
-57.597549350
 20
-5.708698407
 30
0.000000000
 11
-0.100000000
 21
0.000000000
 31
0.000000000
 40
0.476557377
 41
2.338983176
 42
3.141592654
  0
ELLIPSE
  5
FAD
330
A02
100
AcDbEntity
  8
Sketch065
100
AcDbEllipse
 10
-57.597549350
 20
-5.708698407
 30
0.000000000
 11
-0.100000000
 21
0.000000000
 31
0.000000000
 40
0.476557377
 41
3.141592654
 42
3.909779503
  0
LINE
  5
FAE
330
A02
100
AcDbEntity
  8
Sketch065
100
AcDbLine
 10
-57.873048389
 20
-5.504222370
 30
0.000000000
 11
-57.525632182
 21
-5.675585656
 31
0.000000000
  0
LINE
  5
FAF
330
A02
100
AcDbEntity
  8
Sketch065
100
AcDbLine
 10
-58.761494334
 20
-11.308551817
 30
0.000000000
 11
-56.197788434
 21
-12.573101539
 31
0.000000000
  0
LINE
  5
FB0
330
A02
100
AcDbEntity
  8
Sketch065
100
AcDbLine
 10
-56.484882214
 20
-5.128813394
 30
0.000000000
 11
-57.596495362
 21
-5.640632343
 31
0.000000000
  0
ELLIPSE
  5
FB1
330
A02
100
AcDbEntity
  8
Sketch065
100
AcDbEllipse
 10
-57.597549350
 20
-5.972441418
 30
0.000000000
 11
-0.100000000
 21
0.000000000
 31
0.000000000
 40
0.476557377
 41
3.555863930
 42
3.909779503
  0
LINE
  5
FB2
330
A02
100
AcDbEntity
  8
Sketch065
100
AcDbLine
 10
-45.836923475
 20
-7.315291909
 30
0.000000000
 11
-46.028960098
 21
-7.220569711
 31
0.000000000
  0
LINE
  5
FB3
330
A02
100
AcDbEntity
  8
Sketch065
100
AcDbLine
 10
-58.977245840
 20
-11.212733005
 30
0.000000000
 11
-59.672078255
 21
-10.870006432
 31
0.000000000
  0
ELLIPSE
  5
FB4
330
A02
100
AcDbEntity
  8
Sketch065
100
AcDbEllipse
 10
-58.689577166
 20
-11.080282000
 30
0.000000000
 11
-0.176945852
 21
-0.358734115
 31
0.000000000
 40
0.632255021
 41
3.804109194
 42
5.374905521
  0
LINE
  5
FB5
330
A02
100
AcDbEntity
  8
Sketch065
100
AcDbLine
 10
-58.977245840
 20
-11.212733005
 30
0.000000000
 11
-58.977245840
 21
-11.963434907
 31
0.000000000
  0
LINE
  5
FB6
330
A02
100
AcDbEntity
  8
Sketch065
100
AcDbLine
 10
-58.761494334
 20
-11.917964647
 30
0.000000000
 11
-58.761494334
 21
-11.113394751
 31
0.000000000
  0
ELLIPSE
  5
FB7
330
A02
100
AcDbEntity
  8
Sketch065
100
AcDbEllipse
 10
-58.689577166
 20
-11.080282000
 30
0.000000000
 11
0.044236463
 21
0.089683529
 31
0.000000000
 40
0.632255021
 41
0.662516540
 42
2.233312867
  0
LINE
  5
FB8
330
A02
100
AcDbEntity
  8
Sketch065
100
AcDbLine
 10
-58.689577166
 20
-10.992367662
 30
0.000000000
 11
-58.689577166
 21
-10.728624651
 31
0.000000000
  0
LINE
  5
FB9
330
A02
100
AcDbEntity
  8
Sketch065
100
AcDbLine
 10
-58.689577166
 20
-10.728624651
 30
0.000000000
 11
-59.384409580
 21
-10.385898079
 31
0.000000000
  0
ELLIPSE
  5
FBA
330
A02
100
AcDbEntity
  8
Sketch065
100
AcDbEllipse
 10
-59.384409580
 20
-10.737555427
 30
0.000000000
 11
-0.176945852
 21
-0.358734115
 31
0.000000000
 40
0.632255021
 41
3.804109194
 42
5.374905521
  0
LINE
  5
FBB
330
A02
100
AcDbEntity
  8
Sketch065
100
AcDbLine
 10
-59.672078255
 20
-10.870006432
 30
0.000000000
 11
-59.672078255
 21
-11.866730014
 31
0.000000000
  0
LINE
  5
FBC
330
A02
100
AcDbEntity
  8
Sketch065
100
AcDbLine
 10
-25.262694218
 20
-17.097050025
 30
0.000000000
 11
-25.269642542
 21
-17.093622759
 31
0.000000000
  0
LINE
  5
FBD
330
A02
100
AcDbEntity
  8
Sketch065
100
AcDbLine
 10
-25.491289992
 20
-17.195675677
 30
0.000000000
 11
-25.269642542
 21
-17.093622759
 31
0.000000000
  0
LINE
  5
FBE
330
A02
100
AcDbEntity
  8
Sketch065
100
AcDbLine
 10
-25.484341668
 20
-17.199102942
 30
0.000000000
 11
-25.491289992
 21
-17.195675677
 31
0.000000000
  0
LINE
  5
FBF
330
A02
100
AcDbEntity
  8
Sketch065
100
AcDbLine
 10
-25.491289992
 20
-17.827893374
 30
0.000000000
 11
-25.491289992
 21
-17.195675677
 31
0.000000000
  0
LINE
  5
FC0
330
A02
100
AcDbEntity
  8
Sketch065
100
AcDbLine
 10
-25.484341668
 20
-17.831320639
 30
0.000000000
 11
-25.491289992
 21
-17.827893374
 31
0.000000000
  0
LINE
  5
FC1
330
A02
100
AcDbEntity
  8
Sketch065
100
AcDbLine
 10
-25.503211348
 20
-17.833382312
 30
0.000000000
 11
-25.491289992
 21
-17.827893374
 31
0.000000000
  0
LINE
  5
FC2
330
A02
100
AcDbEntity
  8
Sketch065
100
AcDbLine
 10
-25.496263024
 20
-17.836809578
 30
0.000000000
 11
-25.484341668
 21
-17.831320639
 31
0.000000000
  0
LINE
  5
FC3
330
A02
100
AcDbEntity
  8
Sketch065
100
AcDbLine
 10
-25.484341668
 20
-17.831320639
 30
0.000000000
 11
-25.484341668
 21
-17.199102942
 31
0.000000000
  0
LINE
  5
FC4
330
A02
100
AcDbEntity
  8
Sketch065
100
AcDbLine
 10
-25.484341668
 20
-17.199102942
 30
0.000000000
 11
-25.262694218
 21
-17.097050025
 31
0.000000000
  0
LINE
  5
FC5
330
A02
100
AcDbEntity
  8
Sketch065
100
AcDbLine
 10
-25.262694218
 20
-17.097050025
 30
0.000000000
 11
-25.262694218
 21
-17.729267722
 31
0.000000000
  0
LINE
  5
FC6
330
A02
100
AcDbEntity
  8
Sketch065
100
AcDbLine
 10
-25.262694218
 20
-17.729267722
 30
0.000000000
 11
-24.745516835
 21
-17.491144248
 31
0.000000000
  0
LINE
  5
FC7
330
A02
100
AcDbEntity
  8
Sketch065
100
AcDbLine
 10
-24.745516835
 20
-17.491144248
 30
0.000000000
 11
-24.745516835
 21
-17.762094690
 31
0.000000000
  0
LINE
  5
FC8
330
A02
100
AcDbEntity
  8
Sketch065
100
AcDbLine
 10
-24.745516835
 20
-17.762094690
 30
0.000000000
 11
-25.212152502
 21
-17.976947291
 31
0.000000000
  0
LINE
  5
FC9
330
A02
100
AcDbEntity
  8
Sketch065
100
AcDbLine
 10
-25.262694218
 20
-17.722641246
 30
0.000000000
 11
-24.752465159
 21
-17.487716982
 31
0.000000000
  0
LINE
  5
FCA
330
A02
100
AcDbEntity
  8
Sketch065
100
AcDbLine
 10
-24.745516835
 20
-17.491144248
 30
0.000000000
 11
-24.752465159
 21
-17.487716982
 31
0.000000000
  0
LINE
  5
FCB
330
A02
100
AcDbEntity
  8
Sketch065
100
AcDbLine
 10
-30.271062797
 20
-9.426389594
 30
0.000000000
 11
-30.271062797
 21
-8.638118477
 31
0.000000000
  0
ELLIPSE
  5
FCC
330
A02
100
AcDbEntity
  8
Sketch065
100
AcDbEllipse
 10
-29.472005520
 20
-9.032254036
 30
0.000000000
 11
1.150000000
 21
0.000000000
 31
0.000000000
 40
0.476557377
 41
2.338983176
 42
3.141592654
  0
ELLIPSE
  5
FCD
330
A02
100
AcDbEntity
  8
Sketch065
100
AcDbEllipse
 10
-29.472005520
 20
-9.032254036
 30
0.000000000
 11
1.150000000
 21
0.000000000
 31
0.000000000
 40
0.476557377
 41
3.141592654
 42
5.480575829
  0
ELLIPSE
  5
FCE
330
A02
100
AcDbEntity
  8
Sketch065
100
AcDbEllipse
 10
-29.472005520
 20
-9.032254036
 30
0.000000000
 11
1.150000000
 21
0.000000000
 31
0.000000000
 40
0.476557377
 41
5.480575829
 42
0.000000000
  0
ELLIPSE
  5
FCF
330
A02
100
AcDbEntity
  8
Sketch065
100
AcDbEllipse
 10
-29.472005520
 20
-9.032254036
 30
0.000000000
 11
1.150000000
 21
0.000000000
 31
0.000000000
 40
0.476557377
 41
0.000000000
 42
2.338983176
  0
SPLINE
  5
FD0
330
A02
100
AcDbEntity
  8
Sketch065
100
AcDbSpline
210
0
220
0
230
1
 70
8
 71
3
 72
11
 73
7
 74
0
 40
0.004698083
 40
0.004698083
 40
0.004698083
 40
0.004698083
 40
0.005480569
 40
0.005480569
 40
0.005480569
 40
0.006263054
 40
0.006263054
 40
0.006263054
 40
0.006263054
 10
-25.303011032
 20
-18.825075136
 30
0.000000000
 10
-25.113154102
 20
-18.738978061
 30
0.000000000
 10
-24.940698516
 20
-18.550838083
 30
0.000000000
 10
-24.823692937
 20
-18.319422538
 30
0.000000000
 10
-24.705866049
 20
-18.088037027
 30
0.000000000
 10
-24.642012433
 20
-17.818929870
 30
0.000000000
 10
-24.642149832
 20
-17.586042564
 30
0.000000000
  0
SPLINE
  5
FD1
330
A02
100
AcDbEntity
  8
Sketch065
100
AcDbSpline
210
0
220
0
230
1
 70
8
 71
3
 72
11
 73
7
 74
0
 40
0.000000000
 40
0.000000000
 40
0.000000000
 40
0.000000000
 40
0.000783168
 40
0.000783168
 40
0.000783168
 40
0.001566337
 40
0.001566337
 40
0.001566337
 40
0.001566337
 10
-24.642149832
 20
-17.586042564
 30
0.000000000
 10
-24.641694048
 20
-17.353531211
 30
0.000000000
 10
-24.705882599
 20
-17.168620779
 30
0.000000000
 10
-24.823712214
 20
-17.075667661
 30
0.000000000
 10
-24.940854893
 20
-16.981274644
 30
0.000000000
 10
-25.113638830
 20
-16.979197043
 30
0.000000000
 10
-25.303011032
 20
-17.066788394
 30
0.000000000
  0
SPLINE
  5
FD2
330
A02
100
AcDbEntity
  8
Sketch065
100
AcDbSpline
210
0
220
0
230
1
 70
8
 71
3
 72
11
 73
7
 74
0
 40
0.000000000
 40
0.000000000
 40
0.000000000
 40
0.000000000
 40
0.000783168
 40
0.000783168
 40
0.000783168
 40
0.001566337
 40
0.001566337
 40
0.001566337
 40
0.001566337
 10
-24.642149832
 20
-17.586042564
 30
0.000000000
 10
-24.641694048
 20
-17.353531211
 30
0.000000000
 10
-24.705882599
 20
-17.168620779
 30
0.000000000
 10
-24.823712214
 20
-17.075667661
 30
0.000000000
 10
-24.940854893
 20
-16.981274644
 30
0.000000000
 10
-25.113638830
 20
-16.979197043
 30
0.000000000
 10
-25.303011032
 20
-17.066788394
 30
0.000000000
  0
ELLIPSE
  5
FD3
330
A02
100
AcDbEntity
  8
Sketch065
100
AcDbEllipse
 10
-25.372494273
 20
-17.911659108
 30
0.000000000
 11
-0.442364631
 21
-0.896835288
 31
0.000000000
 40
0.632255021
 41
2.233312867
 42
3.096246755
  0
SPLINE
  5
FD4
330
A02
100
AcDbEntity
  8
Sketch065
100
AcDbSpline
210
0
220
0
230
1
 70
8
 71
3
 72
11
 73
7
 74
0
 40
0.001566337
 40
0.001566337
 40
0.001566337
 40
0.001566337
 40
0.002349128
 40
0.002349128
 40
0.002349128
 40
0.003131919
 40
0.003131919
 40
0.003131919
 40
0.003131919
 10
-25.303011032
 20
-17.066788394
 30
0.000000000
 10
-25.491252532
 20
-17.153086291
 30
0.000000000
 10
-25.692410591
 20
-17.327007745
 30
0.000000000
 10
-25.840708302
 20
-17.544261469
 30
0.000000000
 10
-25.990302654
 20
-17.760660883
 30
0.000000000
 10
-26.081310409
 20
-18.017684835
 30
0.000000000
 10
-26.080493206
 20
-18.248297589
 30
0.000000000
  0
LINE
  5
FD5
330
A02
100
AcDbEntity
  8
Sketch065
100
AcDbLine
 10
-25.303011032
 20
-15.451466204
 30
0.000000000
 11
-25.303011032
 21
-17.066788394
 31
0.000000000
  0
ELLIPSE
  5
FD6
330
A02
100
AcDbEntity
  8
Sketch065
100
AcDbEllipse
 10
-25.372494273
 20
-17.911659108
 30
0.000000000
 11
-0.442364631
 21
-0.896835288
 31
0.000000000
 40
0.632255021
 41
1.583173425
 42
2.233312867
  0
LINE
  5
FD7
330
A02
100
AcDbEntity
  8
Sketch065
100
AcDbLine
 10
-24.653322586
 20
-17.580531595
 30
0.000000000
 11
-24.642149832
 21
-17.586042564
 31
0.000000000
  0
SPLINE
  5
FD8
330
A02
100
AcDbEntity
  8
Sketch065
100
AcDbSpline
210
0
220
0
230
1
 70
8
 71
3
 72
11
 73
7
 74
0
 40
0.004698083
 40
0.004698083
 40
0.004698083
 40
0.004698083
 40
0.005480569
 40
0.005480569
 40
0.005480569
 40
0.006263054
 40
0.006263054
 40
0.006263054
 40
0.006263054
 10
-25.303011032
 20
-18.825075136
 30
0.000000000
 10
-25.113154102
 20
-18.738978061
 30
0.000000000
 10
-24.940698516
 20
-18.550838083
 30
0.000000000
 10
-24.823692937
 20
-18.319422538
 30
0.000000000
 10
-24.705866049
 20
-18.088037027
 30
0.000000000
 10
-24.642012433
 20
-17.818929870
 30
0.000000000
 10
-24.642149832
 20
-17.586042564
 30
0.000000000
  0
SPLINE
  5
FD9
330
A02
100
AcDbEntity
  8
Sketch065
100
AcDbSpline
210
0
220
0
230
1
 70
8
 71
1
 72
4
 73
2
 74
0
 40
0.000000000
 40
0.000000000
 40
1.000000000
 40
1.000000000
 10
-24.721003127
 20
-15.080778184
 30
0.000000000
 10
-24.713084790
 20
-15.083688695
 30
0.000000000
  0
SPLINE
  5
FDA
330
A02
100
AcDbEntity
  8
Sketch065
100
AcDbSpline
210
0
220
0
230
1
 70
8
 71
3
 72
26
 73
22
 74
0
 40
0.000000000
 40
0.000000000
 40
0.000000000
 40
0.000000000
 40
0.062500000
 40
0.062500000
 40
0.062500000
 40
0.125000000
 40
0.125000000
 40
0.125000000
 40
0.250000000
 40
0.250000000
 40
0.250000000
 40
0.500000000
 40
0.500000000
 40
0.500000000
 40
0.750000000
 40
0.750000000
 40
0.750000000
 40
0.875000000
 40
0.875000000
 40
0.875000000
 40
1.000000000
 40
1.000000000
 40
1.000000000
 40
1.000000000
 10
-24.721003127
 20
-15.080778184
 30
0.000000000
 10
-24.719613971
 20
-15.062894623
 30
0.000000000
 10
-24.718182913
 20
-15.046845324
 30
0.000000000
 10
-24.716709955
 20
-15.032630286
 30
0.000000000
 10
-24.715081304
 20
-15.017359939
 30
0.000000000
 10
-24.713994827
 20
-15.007881234
 30
0.000000000
 10
-24.712165979
 20
-14.995487738
 30
0.000000000
 10
-24.707980457
 20
-14.966664665
 30
0.000000000
 10
-24.702195854
 20
-14.937464430
 30
0.000000000
 10
-24.694812171
 20
-14.907887034
 30
0.000000000
 10
-24.679230141
 20
-14.846582696
 30
0.000000000
 10
-24.657787791
 20
-14.789730096
 30
0.000000000
 10
-24.630485118
 20
-14.737329232
 30
0.000000000
 10
-24.603512383
 20
-14.685625477
 30
0.000000000
 10
-24.572326123
 20
-14.639698966
 30
0.000000000
 10
-24.536926339
 20
-14.599549698
 30
0.000000000
 10
-24.521007754
 20
-14.581452736
 30
0.000000000
 10
-24.504117950
 20
-14.564273315
 30
0.000000000
 10
-24.486256927
 20
-14.548011437
 30
0.000000000
 10
-24.473336228
 20
-14.536294230
 30
0.000000000
 10
-24.456511969
 20
-14.522486285
 30
0.000000000
 10
-24.435784148
 20
-14.506587603
 30
0.000000000
  0
SPLINE
  5
FDB
330
A02
100
AcDbEntity
  8
Sketch065
100
AcDbSpline
210
0
220
0
230
1
 70
8
 71
1
 72
4
 73
2
 74
0
 40
0.000000000
 40
0.000000000
 40
1.000000000
 40
1.000000000
 10
-24.435784148
 20
-14.506587603
 30
0.000000000
 10
-24.427390446
 20
-14.509177979
 30
0.000000000
  0
SPLINE
  5
FDC
330
A02
100
AcDbEntity
  8
Sketch065
100
AcDbSpline
210
0
220
0
230
1
 70
8
 71
2
 72
18
 73
15
 74
0
 40
0.000000000
 40
0.000000000
 40
0.000000000
 40
0.125000000
 40
0.125000000
 40
0.250000000
 40
0.250000000
 40
0.500000000
 40
0.500000000
 40
0.750000000
 40
0.750000000
 40
0.875000000
 40
0.875000000
 40
0.937500000
 40
0.937500000
 40
1.000000000
 40
1.000000000
 40
1.000000000
 10
-24.427390446
 20
-14.509177979
 30
0.000000000
 10
-24.397420311
 20
-14.487878719
 30
0.000000000
 10
-24.379383244
 20
-14.478161033
 30
0.000000000
 10
-24.354604514
 20
-14.464861290
 30
0.000000000
 10
-24.333447587
 20
-14.459048945
 30
0.000000000
 10
-24.287253223
 20
-14.446286549
 30
0.000000000
 10
-24.254276243
 20
-14.469889831
 30
0.000000000
 10
-24.219788578
 20
-14.494609775
 30
0.000000000
 10
-24.202089198
 20
-14.550259315
 30
0.000000000
 10
-24.193596464
 20
-14.577160388
 30
0.000000000
 10
-24.189199732
 20
-14.614417579
 30
0.000000000
 10
-24.187002801
 20
-14.633105752
 30
0.000000000
 10
-24.186250382
 20
-14.648094394
 30
0.000000000
 10
-24.185505203
 20
-14.662954582
 30
0.000000000
 10
-24.185243420
 20
-14.688504706
 30
0.000000000
  0
SPLINE
  5
FDD
330
A02
100
AcDbEntity
  8
Sketch065
100
AcDbSpline
210
0
220
0
230
1
 70
8
 71
3
 72
23
 73
19
 74
0
 40
0.000000000
 40
0.000000000
 40
0.000000000
 40
0.000000000
 40
0.125000000
 40
0.125000000
 40
0.125000000
 40
0.250000000
 40
0.250000000
 40
0.250000000
 40
0.500000000
 40
0.500000000
 40
0.500000000
 40
0.750000000
 40
0.750000000
 40
0.750000000
 40
0.875000000
 40
0.875000000
 40
0.875000000
 40
1.000000000
 40
1.000000000
 40
1.000000000
 40
1.000000000
 10
-24.435784148
 20
-14.506587603
 30
0.000000000
 10
-24.415875170
 20
-14.492431865
 30
0.000000000
 10
-24.399899396
 20
-14.482112800
 30
0.000000000
 10
-24.387856825
 20
-14.475630409
 30
0.000000000
 10
-24.371461742
 20
-14.466809271
 30
0.000000000
 10
-24.356175333
 20
-14.460458266
 30
0.000000000
 10
-24.341997600
 20
-14.456577395
 30
0.000000000
 10
-24.311325907
 20
-14.448051418
 30
0.000000000
 10
-24.284979370
 20
-14.451700577
 30
0.000000000
 10
-24.262957989
 20
-14.467524873
 30
0.000000000
 10
-24.239930049
 20
-14.484255777
 30
0.000000000
 10
-24.222563312
 20
-14.511070242
 30
0.000000000
 10
-24.210857777
 20
-14.547968267
 30
0.000000000
 10
-24.205244194
 20
-14.566013903
 30
0.000000000
 10
-24.200954855
 20
-14.587406238
 30
0.000000000
 10
-24.197989758
 20
-14.612145273
 30
0.000000000
 10
-24.195105173
 20
-14.636173262
 30
0.000000000
 10
-24.194394417
 20
-14.652097636
 30
0.000000000
 10
-24.194040029
 20
-14.686238193
 30
0.000000000
  0
SPLINE
  5
FDE
330
A02
100
AcDbEntity
  8
Sketch065
100
AcDbSpline
210
0
220
0
230
1
 70
8
 71
3
 72
23
 73
19
 74
0
 40
0.000000000
 40
0.000000000
 40
0.000000000
 40
0.000000000
 40
0.125000000
 40
0.125000000
 40
0.125000000
 40
0.250000000
 40
0.250000000
 40
0.250000000
 40
0.500000000
 40
0.500000000
 40
0.500000000
 40
0.750000000
 40
0.750000000
 40
0.750000000
 40
0.875000000
 40
0.875000000
 40
0.875000000
 40
1.000000000
 40
1.000000000
 40
1.000000000
 40
1.000000000
 10
-24.435784148
 20
-14.506587603
 30
0.000000000
 10
-24.415875170
 20
-14.492431865
 30
0.000000000
 10
-24.399899396
 20
-14.482112800
 30
0.000000000
 10
-24.387856825
 20
-14.475630409
 30
0.000000000
 10
-24.371461742
 20
-14.466809271
 30
0.000000000
 10
-24.356175333
 20
-14.460458266
 30
0.000000000
 10
-24.341997600
 20
-14.456577395
 30
0.000000000
 10
-24.311325907
 20
-14.448051418
 30
0.000000000
 10
-24.284979370
 20
-14.451700577
 30
0.000000000
 10
-24.262957989
 20
-14.467524873
 30
0.000000000
 10
-24.239930049
 20
-14.484255777
 30
0.000000000
 10
-24.222563312
 20
-14.511070242
 30
0.000000000
 10
-24.210857777
 20
-14.547968267
 30
0.000000000
 10
-24.205244194
 20
-14.566013903
 30
0.000000000
 10
-24.200954855
 20
-14.587406238
 30
0.000000000
 10
-24.197989758
 20
-14.612145273
 30
0.000000000
 10
-24.195105173
 20
-14.636173262
 30
0.000000000
 10
-24.194394417
 20
-14.652097636
 30
0.000000000
 10
-24.194040029
 20
-14.686238193
 30
0.000000000
  0
SPLINE
  5
FDF
330
A02
100
AcDbEntity
  8
Sketch065
100
AcDbSpline
210
0
220
0
230
1
 70
8
 71
2
 72
10
 73
7
 74
0
 40
0.000000000
 40
0.000000000
 40
0.000000000
 40
0.500000000
 40
0.500000000
 40
0.750000000
 40
0.750000000
 40
1.000000000
 40
1.000000000
 40
1.000000000
 10
-24.290845197
 20
-14.769934555
 30
0.000000000
 10
-24.290793207
 20
-14.672526040
 30
0.000000000
 10
-24.334612462
 20
-14.642991319
 30
0.000000000
 10
-24.355771794
 20
-14.629737881
 30
0.000000000
 10
-24.382447708
 20
-14.635818865
 30
0.000000000
 10
-24.405203930
 20
-14.641668221
 30
0.000000000
 10
-24.438134553
 20
-14.664633473
 30
0.000000000
  0
SPLINE
  5
FE0
330
A02
100
AcDbEntity
  8
Sketch065
100
AcDbSpline
210
0
220
0
230
1
 70
8
 71
2
 72
12
 73
9
 74
0
 40
0.000000000
 40
0.000000000
 40
0.000000000
 40
0.250000000
 40
0.250000000
 40
0.500000000
 40
0.500000000
 40
0.750000000
 40
0.750000000
 40
1.000000000
 40
1.000000000
 40
1.000000000
 10
-24.282209930
 20
-14.772337848
 30
0.000000000
 10
-24.282120930
 20
-14.724224129
 30
0.000000000
 10
-24.293220544
 20
-14.691642151
 30
0.000000000
 10
-24.303803712
 20
-14.660714055
 30
0.000000000
 10
-24.326050141
 20
-14.645453172
 30
0.000000000
 10
-24.346793551
 20
-14.632192022
 30
0.000000000
 10
-24.373965111
 20
-14.638342621
 30
0.000000000
 10
-24.396761889
 20
-14.644218636
 30
0.000000000
 10
-24.429744768
 20
-14.667226729
 30
0.000000000
  0
SPLINE
  5
FE1
330
A02
100
AcDbEntity
  8
Sketch065
100
AcDbSpline
210
0
220
0
230
1
 70
8
 71
1
 72
4
 73
2
 74
0
 40
0.000000000
 40
0.000000000
 40
1.000000000
 40
1.000000000
 10
-24.290845197
 20
-14.769934555
 30
0.000000000
 10
-24.282209930
 20
-14.772337848
 30
0.000000000
  0
SPLINE
  5
FE2
330
A02
100
AcDbEntity
  8
Sketch065
100
AcDbSpline
210
0
220
0
230
1
 70
8
 71
3
 72
20
 73
16
 74
0
 40
0.000000000
 40
0.000000000
 40
0.000000000
 40
0.000000000
 40
0.500000000
 40
0.500000000
 40
0.500000000
 40
0.562500000
 40
0.562500000
 40
0.562500000
 40
0.625000000
 40
0.625000000
 40
0.625000000
 40
0.750000000
 40
0.750000000
 40
0.750000000
 40
1.000000000
 40
1.000000000
 40
1.000000000
 40
1.000000000
 10
-24.511938934
 20
-15.409322464
 30
0.000000000
 10
-24.450504641
 20
-15.284456597
 30
0.000000000
 10
-24.403785724
 20
-15.181174651
 30
0.000000000
 10
-24.371782185
 20
-15.099476625
 30
0.000000000
 10
-24.365335092
 20
-15.083241996
 30
0.000000000
 10
-24.359583820
 20
-15.068392122
 30
0.000000000
 10
-24.354528370
 20
-15.054927005
 30
0.000000000
 10
-24.349112673
 20
-15.040430419
 30
0.000000000
 10
-24.345723721
 20
-15.031192622
 30
0.000000000
 10
-24.341399965
 20
-15.018700625
 30
0.000000000
 10
-24.331174799
 20
-14.989137091
 30
0.000000000
 10
-24.322640869
 20
-14.961389918
 30
0.000000000
 10
-24.315798174
 20
-14.935459108
 30
0.000000000
 10
-24.299762536
 20
-14.875183711
 30
0.000000000
 10
-24.291737785
 20
-14.824844022
 30
0.000000000
 10
-24.290845197
 20
-14.769934555
 30
0.000000000
  0
SPLINE
  5
FE3
330
A02
100
AcDbEntity
  8
Sketch065
100
AcDbSpline
210
0
220
0
230
1
 70
8
 71
2
 72
12
 73
9
 74
0
 40
0.000000000
 40
0.000000000
 40
0.000000000
 40
0.125000000
 40
0.125000000
 40
0.250000000
 40
0.250000000
 40
0.500000000
 40
0.500000000
 40
1.000000000
 40
1.000000000
 40
1.000000000
 10
-24.720437595
 20
-15.932576528
 30
0.000000000
 10
-24.710762984
 20
-15.888084109
 30
0.000000000
 10
-24.704322270
 20
-15.864026993
 30
0.000000000
 10
-24.695788114
 20
-15.832278821
 30
0.000000000
 10
-24.683894410
 20
-15.795669327
 30
0.000000000
 10
-24.662362280
 20
-15.729479463
 30
0.000000000
 10
-24.633544693
 20
-15.661741429
 30
0.000000000
 10
-24.588368928
 20
-15.556546320
 30
0.000000000
 10
-24.511938934
 20
-15.409322464
 30
0.000000000
  0
SPLINE
  5
FE4
330
A02
100
AcDbEntity
  8
Sketch065
100
AcDbSpline
210
0
220
0
230
1
 70
8
 71
1
 72
4
 73
2
 74
0
 40
0.000000000
 40
0.000000000
 40
1.000000000
 40
1.000000000
 10
-24.733094757
 20
-16.060866437
 30
0.000000000
 10
-24.725196572
 20
-16.063789357
 30
0.000000000
  0
SPLINE
  5
FE5
330
A02
100
AcDbEntity
  8
Sketch065
100
AcDbSpline
210
0
220
0
230
1
 70
8
 71
3
 72
8
 73
4
 74
0
 40
0.000000000
 40
0.000000000
 40
0.000000000
 40
0.000000000
 40
1.000000000
 40
1.000000000
 40
1.000000000
 40
1.000000000
 10
-24.733094757
 20
-16.060866437
 30
0.000000000
 10
-24.732993769
 20
-16.010369787
 30
0.000000000
 10
-24.730750012
 20
-15.986462117
 30
0.000000000
 10
-24.720437595
 20
-15.932576528
 30
0.000000000
  0
SPLINE
  5
FE6
330
A02
100
AcDbEntity
  8
Sketch065
100
AcDbSpline
210
0
220
0
230
1
 70
8
 71
1
 72
4
 73
2
 74
0
 40
0.000000000
 40
0.000000000
 40
1.000000000
 40
1.000000000
 10
-24.720437595
 20
-15.932576528
 30
0.000000000
 10
-24.712519161
 20
-15.935490779
 30
0.000000000
  0
ELLIPSE
  5
FE7
330
A02
100
AcDbEntity
  8
Sketch065
100
AcDbEllipse
 10
-29.472005520
 20
-14.133428081
 30
0.000000000
 11
-6.000000000
 21
-0.000000000
 31
0.000000000
 40
0.476557377
 41
2.527125626
 42
2.649237812
  0
LINE
  5
FE8
330
A02
100
AcDbEntity
  8
Sketch065
100
AcDbLine
 10
-24.184672536
 20
-15.485046790
 30
0.000000000
 11
-24.175860314
 21
-15.487299488
 31
0.000000000
  0
LINE
  5
FE9
330
A02
100
AcDbEntity
  8
Sketch065
100
AcDbLine
 10
-24.175860314
 20
-15.487299488
 30
0.000000000
 11
-24.175860314
 21
-15.660985668
 31
0.000000000
  0
ELLIPSE
  5
FEA
330
A02
100
AcDbEntity
  8
Sketch065
100
AcDbEllipse
 10
-29.472005520
 20
-14.307114262
 30
0.000000000
 11
-6.010000000
 21
0.000000000
 31
0.000000000
 40
0.476557377
 41
2.481309283
 42
2.649237812
  0
SPLINE
  5
FEB
330
A02
100
AcDbEntity
  8
Sketch065
100
AcDbSpline
210
0
220
0
230
1
 70
8
 71
3
 72
8
 73
4
 74
0
 40
0.000000000
 40
0.000000000
 40
0.000000000
 40
0.000000000
 40
0.999972315
 40
0.999972315
 40
0.999972315
 40
0.999972315
 10
-24.725196572
 20
-16.063789357
 30
0.000000000
 10
-24.725254772
 20
-16.015453941
 30
0.000000000
 10
-24.722709350
 20
-15.987529630
 30
0.000000000
 10
-24.712519161
 20
-15.935490779
 30
0.000000000
  0
SPLINE
  5
FEC
330
A02
100
AcDbEntity
  8
Sketch065
100
AcDbSpline
210
0
220
0
230
1
 70
8
 71
2
 72
12
 73
9
 74
0
 40
0.000000000
 40
0.000000000
 40
0.000000000
 40
0.124999607
 40
0.124999607
 40
0.249999214
 40
0.249999214
 40
0.499998429
 40
0.499998429
 40
0.999996857
 40
0.999996857
 40
0.999996857
 10
-24.712519161
 20
-15.935490779
 30
0.000000000
 10
-24.702804285
 20
-15.890897277
 30
0.000000000
 10
-24.696378119
 20
-15.866927654
 30
0.000000000
 10
-24.687929934
 20
-15.835477157
 30
0.000000000
 10
-24.675913031
 20
-15.798537546
 30
0.000000000
 10
-24.654353690
 20
-15.732345075
 30
0.000000000
 10
-24.625477519
 20
-15.664552358
 30
0.000000000
 10
-24.580226109
 20
-15.559309789
 30
0.000000000
 10
-24.503673113
 20
-15.412005790
 30
0.000000000
  0
SPLINE
  5
FED
330
A02
100
AcDbEntity
  8
Sketch065
100
AcDbSpline
210
0
220
0
230
1
 70
8
 71
2
 72
12
 73
9
 74
0
 40
0.000000000
 40
0.000000000
 40
0.000000000
 40
0.500000000
 40
0.500000000
 40
0.625000000
 40
0.625000000
 40
0.750000000
 40
0.750000000
 40
1.000000000
 40
1.000000000
 40
1.000000000
 10
-24.503673113
 20
-15.412005790
 30
0.000000000
 10
-24.411386742
 20
-15.224640753
 30
0.000000000
 10
-24.363281812
 20
-15.101986760
 30
0.000000000
 10
-24.343952709
 20
-15.053305760
 30
0.000000000
 10
-24.332848956
 20
-15.021171392
 30
0.000000000
 10
-24.317489647
 20
-14.976816148
 30
0.000000000
 10
-24.307204496
 20
-14.937896021
 30
0.000000000
 10
-24.283393573
 20
-14.851569577
 30
0.000000000
 10
-24.282209930
 20
-14.772337848
 30
0.000000000
  0
SPLINE
  5
FEE
330
A02
100
AcDbEntity
  8
Sketch065
100
AcDbSpline
210
0
220
0
230
1
 70
8
 71
2
 72
12
 73
9
 74
0
 40
0.000000000
 40
0.000000000
 40
0.000000000
 40
0.250000000
 40
0.250000000
 40
0.500000000
 40
0.500000000
 40
0.750000000
 40
0.750000000
 40
1.000000000
 40
1.000000000
 40
1.000000000
 10
-24.282209930
 20
-14.772337848
 30
0.000000000
 10
-24.282120930
 20
-14.724224129
 30
0.000000000
 10
-24.293220544
 20
-14.691642151
 30
0.000000000
 10
-24.303803712
 20
-14.660714055
 30
0.000000000
 10
-24.326050141
 20
-14.645453172
 30
0.000000000
 10
-24.346793551
 20
-14.632192022
 30
0.000000000
 10
-24.373965111
 20
-14.638342621
 30
0.000000000
 10
-24.396761889
 20
-14.644218636
 30
0.000000000
 10
-24.429744768
 20
-14.667226729
 30
0.000000000
  0
SPLINE
  5
FEF
330
A02
100
AcDbEntity
  8
Sketch065
100
AcDbSpline
210
0
220
0
230
1
 70
8
 71
2
 72
14
 73
11
 74
0
 40
0.000000000
 40
0.000000000
 40
0.000000000
 40
0.250000000
 40
0.250000000
 40
0.500000000
 40
0.500000000
 40
0.750000000
 40
0.750000000
 40
0.875000000
 40
0.875000000
 40
1.000000000
 40
1.000000000
 40
1.000000000
 10
-24.429744768
 20
-14.667226729
 30
0.000000000
 10
-24.466568791
 20
-14.695541008
 30
0.000000000
 10
-24.491719033
 20
-14.725863615
 30
0.000000000
 10
-24.523656627
 20
-14.764380455
 30
0.000000000
 10
-24.547298155
 20
-14.813562093
 30
0.000000000
 10
-24.571768562
 20
-14.864709229
 30
0.000000000
 10
-24.583725582
 20
-14.920104056
 30
0.000000000
 10
-24.589641473
 20
-14.947619179
 30
0.000000000
 10
-24.592225313
 20
-14.973953686
 30
0.000000000
 10
-24.594082907
 20
-14.992902955
 30
0.000000000
 10
-24.594826139
 20
-15.025447171
 30
0.000000000
  0
SPLINE
  5
FF0
330
A02
100
AcDbEntity
  8
Sketch065
100
AcDbSpline
210
0
220
0
230
1
 70
8
 71
1
 72
4
 73
2
 74
0
 40
0.000000000
 40
0.000000000
 40
1.000000000
 40
1.000000000
 10
-24.594826139
 20
-15.025447171
 30
0.000000000
 10
-24.713084790
 20
-15.083688695
 30
0.000000000
  0
SPLINE
  5
FF1
330
A02
100
AcDbEntity
  8
Sketch065
100
AcDbSpline
210
0
220
0
230
1
 70
8
 71
2
 72
16
 73
13
 74
0
 40
0.000000000
 40
0.000000000
 40
0.000000000
 40
0.125000000
 40
0.125000000
 40
0.250000000
 40
0.250000000
 40
0.500000000
 40
0.500000000
 40
0.750000000
 40
0.750000000
 40
0.875000000
 40
0.875000000
 40
1.000000000
 40
1.000000000
 40
1.000000000
 10
-24.713084790
 20
-15.083688695
 30
0.000000000
 10
-24.708918627
 20
-15.030100371
 30
0.000000000
 10
-24.704232913
 20
-14.998389126
 30
0.000000000
 10
-24.697733977
 20
-14.954313759
 30
0.000000000
 10
-24.686850182
 20
-14.910770373
 30
0.000000000
 10
-24.663931642
 20
-14.819731092
 30
0.000000000
 10
-24.622415918
 20
-14.740144069
 30
0.000000000
 10
-24.581970610
 20
-14.662642904
 30
0.000000000
 10
-24.528701207
 20
-14.602260099
 30
0.000000000
 10
-24.504805845
 20
-14.575110222
 30
0.000000000
 10
-24.477947346
 20
-14.550662692
 30
0.000000000
 10
-24.458531380
 20
-14.533059453
 30
0.000000000
 10
-24.427390446
 20
-14.509177979
 30
0.000000000
  0
SPLINE
  5
FF2
330
A02
100
AcDbEntity
  8
Sketch065
100
AcDbSpline
210
0
220
0
230
1
 70
8
 71
2
 72
18
 73
15
 74
0
 40
0.000000000
 40
0.000000000
 40
0.000000000
 40
0.125000000
 40
0.125000000
 40
0.250000000
 40
0.250000000
 40
0.500000000
 40
0.500000000
 40
0.750000000
 40
0.750000000
 40
0.875000000
 40
0.875000000
 40
0.937500000
 40
0.937500000
 40
1.000000000
 40
1.000000000
 40
1.000000000
 10
-24.427390446
 20
-14.509177979
 30
0.000000000
 10
-24.397420311
 20
-14.487878719
 30
0.000000000
 10
-24.379383244
 20
-14.478161033
 30
0.000000000
 10
-24.354604514
 20
-14.464861290
 30
0.000000000
 10
-24.333447587
 20
-14.459048945
 30
0.000000000
 10
-24.287253223
 20
-14.446286549
 30
0.000000000
 10
-24.254276243
 20
-14.469889831
 30
0.000000000
 10
-24.219788578
 20
-14.494609775
 30
0.000000000
 10
-24.202089198
 20
-14.550259315
 30
0.000000000
 10
-24.193596464
 20
-14.577160388
 30
0.000000000
 10
-24.189199732
 20
-14.614417579
 30
0.000000000
 10
-24.187002801
 20
-14.633105752
 30
0.000000000
 10
-24.186250382
 20
-14.648094394
 30
0.000000000
 10
-24.185505203
 20
-14.662954582
 30
0.000000000
 10
-24.185243420
 20
-14.688504706
 30
0.000000000
  0
SPLINE
  5
FF3
330
A02
100
AcDbEntity
  8
Sketch065
100
AcDbSpline
210
0
220
0
230
1
 70
8
 71
2
 72
16
 73
13
 74
0
 40
0.000000000
 40
0.000000000
 40
0.000000000
 40
0.062500000
 40
0.062500000
 40
0.125000000
 40
0.125000000
 40
0.250000000
 40
0.250000000
 40
0.500000000
 40
0.500000000
 40
0.750000000
 40
0.750000000
 40
1.000000000
 40
1.000000000
 40
1.000000000
 10
-24.185243420
 20
-14.688504706
 30
0.000000000
 10
-24.185677520
 20
-14.717679909
 30
0.000000000
 10
-24.186428500
 20
-14.732862543
 30
0.000000000
 10
-24.188238030
 20
-14.755872805
 30
0.000000000
 10
-24.190047561
 20
-14.778883067
 30
0.000000000
 10
-24.195075197
 20
-14.826643460
 30
0.000000000
 10
-24.204133935
 20
-14.873884121
 30
0.000000000
 10
-24.220172801
 20
-14.958135428
 30
0.000000000
 10
-24.254956795
 20
-15.064019870
 30
0.000000000
 10
-24.279842025
 20
-15.139967174
 30
0.000000000
 10
-24.324126474
 20
-15.245371001
 30
0.000000000
 10
-24.353680654
 20
-15.315847984
 30
0.000000000
 10
-24.402163998
 20
-15.420218564
 30
0.000000000
  0
SPLINE
  5
FF4
330
A02
100
AcDbEntity
  8
Sketch065
100
AcDbSpline
210
0
220
0
230
1
 70
8
 71
2
 72
10
 73
7
 74
0
 40
0.000000000
 40
0.000000000
 40
0.000000000
 40
0.500000000
 40
0.500000000
 40
0.750000000
 40
0.750000000
 40
1.000000000
 40
1.000000000
 40
1.000000000
 10
-24.402163998
 20
-15.420218564
 30
0.000000000
 10
-24.451403808
 20
-15.522297564
 30
0.000000000
 10
-24.490870763
 20
-15.602988038
 30
0.000000000
 10
-24.520374801
 20
-15.663324022
 30
0.000000000
 10
-24.534926481
 20
-15.695701173
 30
0.000000000
 10
-24.551339498
 20
-15.732472219
 30
0.000000000
 10
-24.573595784
 20
-15.792893798
 30
0.000000000
  0
ELLIPSE
  5
FF5
330
A02
100
AcDbEntity
  8
Sketch065
100
AcDbEllipse
 10
-29.472005520
 20
-14.133428081
 30
0.000000000
 11
-6.010000000
 21
0.000000000
 31
0.000000000
 40
0.476557377
 41
2.523600108
 42
2.649237812
  0
SPLINE
  5
FF6
330
A02
100
AcDbEntity
  8
Sketch065
100
AcDbSpline
210
0
220
0
230
1
 70
8
 71
1
 72
4
 73
2
 74
0
 40
0.000000000
 40
0.000000000
 40
1.000000000
 40
1.000000000
 10
-24.511938934
 20
-15.409322464
 30
0.000000000
 10
-24.503673113
 20
-15.412005790
 30
0.000000000
  0
SPLINE
  5
FF7
330
A02
100
AcDbEntity
  8
Sketch065
100
AcDbSpline
210
0
220
0
230
1
 70
8
 71
2
 72
14
 73
11
 74
0
 40
0.000000000
 40
0.000000000
 40
0.000000000
 40
0.250000000
 40
0.250000000
 40
0.500000000
 40
0.500000000
 40
0.750000000
 40
0.750000000
 40
0.875000000
 40
0.875000000
 40
1.000000000
 40
1.000000000
 40
1.000000000
 10
-23.886364015
 20
-15.368634010
 30
0.000000000
 10
-23.908709444
 20
-15.394115098
 30
0.000000000
 10
-23.922337391
 20
-15.404337484
 30
0.000000000
 10
-23.941214606
 20
-15.418504311
 30
0.000000000
 10
-23.958381563
 20
-15.421903451
 30
0.000000000
 10
-23.975131756
 20
-15.425395264
 30
0.000000000
 10
-23.992096133
 20
-15.416654487
 30
0.000000000
 10
-24.000876048
 20
-15.412050394
 30
0.000000000
 10
-24.007386657
 20
-15.405666592
 30
0.000000000
 10
-24.012192241
 20
-15.400941297
 30
0.000000000
 10
-24.021172149
 20
-15.388996136
 30
0.000000000
  0
SPLINE
  5
FF8
330
A02
100
AcDbEntity
  8
Sketch065
100
AcDbSpline
210
0
220
0
230
1
 70
8
 71
2
 72
14
 73
11
 74
0
 40
0.000000000
 40
0.000000000
 40
0.000000000
 40
0.125000000
 40
0.125000000
 40
0.250000000
 40
0.250000000
 40
0.500000000
 40
0.500000000
 40
0.750000000
 40
0.750000000
 40
1.000000000
 40
1.000000000
 40
1.000000000
 10
-24.021172149
 20
-15.388996136
 30
0.000000000
 10
-24.033876459
 20
-15.363674554
 30
0.000000000
 10
-24.039711347
 20
-15.346818423
 30
0.000000000
 10
-24.046970835
 20
-15.325738112
 30
0.000000000
 10
-24.054110810
 20
-15.295272710
 30
0.000000000
 10
-24.065807446
 20
-15.245366248
 30
0.000000000
 10
-24.073300058
 20
-15.174948516
 30
0.000000000
 10
-24.079866543
 20
-15.113171881
 30
0.000000000
 10
-24.082770070
 20
-15.040640437
 30
0.000000000
 10
-24.084753624
 20
-14.991000810
 30
0.000000000
 10
-24.085435460
 20
-14.898453550
 30
0.000000000
  0
SPLINE
  5
FF9
330
A02
100
AcDbEntity
  8
Sketch065
100
AcDbSpline
210
0
220
0
230
1
 70
8
 71
2
 72
18
 73
15
 74
0
 40
0.000000000
 40
0.000000000
 40
0.000000000
 40
0.125000000
 40
0.125000000
 40
0.250000000
 40
0.250000000
 40
0.500000000
 40
0.500000000
 40
0.750000000
 40
0.750000000
 40
0.875000000
 40
0.875000000
 40
0.937500000
 40
0.937500000
 40
1.000000000
 40
1.000000000
 40
1.000000000
 10
-24.085435460
 20
-14.898453550
 30
0.000000000
 10
-24.085107011
 20
-14.826354311
 30
0.000000000
 10
-24.083905017
 20
-14.781966434
 30
0.000000000
 10
-24.082328330
 20
-14.723667888
 30
0.000000000
 10
-24.078459164
 20
-14.662151911
 30
0.000000000
 10
-24.069692677
 20
-14.523660451
 30
0.000000000
 10
-24.049584390
 20
-14.411785866
 30
0.000000000
 10
-24.023508368
 20
-14.267458976
 30
0.000000000
 10
-23.982140229
 20
-14.164979735
 30
0.000000000
 10
-23.960040126
 20
-14.110239578
 30
0.000000000
 10
-23.934994760
 20
-14.067205384
 30
0.000000000
 10
-23.922618510
 20
-14.045900712
 30
0.000000000
 10
-23.910545000
 20
-14.028435148
 30
0.000000000
 10
-23.901447153
 20
-14.015343961
 30
0.000000000
 10
-23.886364015
 20
-13.996513185
 30
0.000000000
  0
SPLINE
  5
FFA
330
A02
100
AcDbEntity
  8
Sketch065
100
AcDbSpline
210
0
220
0
230
1
 70
8
 71
2
 72
18
 73
15
 74
0
 40
0.000000000
 40
0.000000000
 40
0.000000000
 40
0.062500000
 40
0.062500000
 40
0.125000000
 40
0.125000000
 40
0.250000000
 40
0.250000000
 40
0.375000000
 40
0.375000000
 40
0.500000000
 40
0.500000000
 40
0.750000000
 40
0.750000000
 40
1.000000000
 40
1.000000000
 40
1.000000000
 10
-23.886364015
 20
-13.996513185
 30
0.000000000
 10
-23.870602982
 20
-13.978395909
 30
0.000000000
 10
-23.862853391
 20
-13.970754489
 30
0.000000000
 10
-23.851546871
 20
-13.959617137
 30
0.000000000
 10
-23.840370194
 20
-13.952668326
 30
0.000000000
 10
-23.817752070
 20
-13.938476684
 30
0.000000000
 10
-23.800141345
 20
-13.943866122
 30
0.000000000
 10
-23.781632338
 20
-13.949574335
 30
0.000000000
 10
-23.769514786
 20
-13.977508878
 30
0.000000000
 10
-23.758833993
 20
-14.002081115
 30
0.000000000
 10
-23.750011373
 20
-14.048719174
 30
0.000000000
 10
-23.734547755
 20
-14.130886905
 30
0.000000000
 10
-23.729445016
 20
-14.238047582
 30
0.000000000
 10
-23.725477371
 20
-14.320179484
 30
0.000000000
 10
-23.725120837
 20
-14.460707762
 30
0.000000000
  0
SPLINE
  5
FFB
330
A02
100
AcDbEntity
  8
Sketch065
100
AcDbSpline
210
0
220
0
230
1
 70
8
 71
2
 72
18
 73
15
 74
0
 40
0.000000000
 40
0.000000000
 40
0.000000000
 40
0.062500000
 40
0.062500000
 40
0.125000000
 40
0.125000000
 40
0.250000000
 40
0.250000000
 40
0.375000000
 40
0.375000000
 40
0.500000000
 40
0.500000000
 40
0.750000000
 40
0.750000000
 40
1.000000000
 40
1.000000000
 40
1.000000000
 10
-23.886364015
 20
-13.996513185
 30
0.000000000
 10
-23.870602982
 20
-13.978395909
 30
0.000000000
 10
-23.862853391
 20
-13.970754489
 30
0.000000000
 10
-23.851546871
 20
-13.959617137
 30
0.000000000
 10
-23.840370194
 20
-13.952668326
 30
0.000000000
 10
-23.817752070
 20
-13.938476684
 30
0.000000000
 10
-23.800141345
 20
-13.943866122
 30
0.000000000
 10
-23.781632338
 20
-13.949574335
 30
0.000000000
 10
-23.769514786
 20
-13.977508878
 30
0.000000000
 10
-23.758833993
 20
-14.002081115
 30
0.000000000
 10
-23.750011373
 20
-14.048719174
 30
0.000000000
 10
-23.734547755
 20
-14.130886905
 30
0.000000000
 10
-23.729445016
 20
-14.238047582
 30
0.000000000
 10
-23.725477371
 20
-14.320179484
 30
0.000000000
 10
-23.725120837
 20
-14.460707762
 30
0.000000000
  0
SPLINE
  5
FFC
330
A02
100
AcDbEntity
  8
Sketch065
100
AcDbSpline
210
0
220
0
230
1
 70
8
 71
1
 72
4
 73
2
 74
0
 40
0.000000000
 40
0.000000000
 40
1.000000000
 40
1.000000000
 10
-23.877054613
 20
-13.998253436
 30
0.000000000
 10
-23.886364015
 20
-13.996513185
 30
0.000000000
  0
SPLINE
  5
FFD
330
A02
100
AcDbEntity
  8
Sketch065
100
AcDbSpline
210
0
220
0
230
1
 70
8
 71
2
 72
18
 73
15
 74
0
 40
0.000000000
 40
0.000000000
 40
0.000000000
 40
0.062499984
 40
0.062499984
 40
0.124999968
 40
0.124999968
 40
0.249999937
 40
0.249999937
 40
0.374999905
 40
0.374999905
 40
0.499999873
 40
0.499999873
 40
0.749999810
 40
0.749999810
 40
0.999999747
 40
0.999999747
 40
0.999999747
 10
-23.877054613
 20
-13.998253436
 30
0.000000000
 10
-23.861239298
 20
-13.980078077
 30
0.000000000
 10
-23.853504804
 20
-13.972446363
 30
0.000000000
 10
-23.842182466
 20
-13.961289539
 30
0.000000000
 10
-23.830984135
 20
-13.954312407
 30
0.000000000
 10
-23.808261351
 20
-13.940098691
 30
0.000000000
 10
-23.790688238
 20
-13.945420515
 30
0.000000000
 10
-23.772174391
 20
-13.951035223
 30
0.000000000
 10
-23.760010635
 20
-13.978990895
 30
0.000000000
 10
-23.749329526
 20
-14.003451892
 30
0.000000000
 10
-23.740474716
 20
-14.050152984
 30
0.000000000
 10
-23.724987988
 20
-14.132252151
 30
0.000000000
 10
-23.719874082
 20
-14.239428547
 30
0.000000000
 10
-23.715891856
 20
-14.321695969
 30
0.000000000
 10
-23.715542697
 20
-14.462077048
 30
0.000000000
  0
SPLINE
  5
FFE
330
A02
100
AcDbEntity
  8
Sketch065
100
AcDbSpline
210
0
220
0
230
1
 70
8
 71
2
 72
18
 73
15
 74
0
 40
0.000000000
 40
0.000000000
 40
0.000000000
 40
0.250000000
 40
0.250000000
 40
0.375000000
 40
0.375000000
 40
0.500000000
 40
0.500000000
 40
0.750000000
 40
0.750000000
 40
0.875000000
 40
0.875000000
 40
0.937500000
 40
0.937500000
 40
1.000000000
 40
1.000000000
 40
1.000000000
 10
-23.715542697
 20
-14.462077048
 30
0.000000000
 10
-23.715964223
 20
-14.604149450
 30
0.000000000
 10
-23.720123911
 20
-14.698627970
 30
0.000000000
 10
-23.723204398
 20
-14.768521318
 30
0.000000000
 10
-23.727313214
 20
-14.822701892
 30
0.000000000
 10
-23.732259766
 20
-14.888070325
 30
0.000000000
 10
-23.739914902
 20
-14.950627498
 30
0.000000000
 10
-23.757100972
 20
-15.093501086
 30
0.000000000
 10
-23.790768348
 20
-15.200438522
 30
0.000000000
 10
-23.808375217
 20
-15.255713217
 30
0.000000000
 10
-23.830976918
 20
-15.299349823
 30
0.000000000
 10
-23.842182874
 20
-15.320916384
 30
0.000000000
 10
-23.853515534
 20
-15.338340829
 30
0.000000000
 10
-23.862027595
 20
-15.351505192
 30
0.000000000
 10
-23.877054613
 20
-15.370374262
 30
0.000000000
  0
SPLINE
  5
FFF
330
A02
100
AcDbEntity
  8
Sketch065
100
AcDbSpline
210
0
220
0
230
1
 70
8
 71
2
 72
14
 73
11
 74
0
 40
0.000000000
 40
0.000000000
 40
0.000000000
 40
0.250000000
 40
0.250000000
 40
0.500000000
 40
0.500000000
 40
0.750000000
 40
0.750000000
 40
0.875000000
 40
0.875000000
 40
1.000000000
 40
1.000000000
 40
1.000000000
 10
-23.877054613
 20
-15.370374262
 30
0.000000000
 10
-23.899436057
 20
-15.395898033
 30
0.000000000
 10
-23.913087944
 20
-15.406148886
 30
0.000000000
 10
-23.931996023
 20
-15.420349726
 30
0.000000000
 10
-23.949192190
 20
-15.423783010
 30
0.000000000
 10
-23.965973456
 20
-15.427301757
 30
0.000000000
 10
-23.982962951
 20
-15.418595251
 30
0.000000000
 10
-23.990620955
 20
-15.413114809
 30
0.000000000
 10
-23.998278959
 20
-15.407634367
 30
0.000000000
 10
-24.003092691
 20
-15.402918832
 30
0.000000000
 10
-24.012088084
 20
-15.390986574
 30
0.000000000
  0
SPLINE
  5
1000
330
A02
100
AcDbEntity
  8
Sketch065
100
AcDbSpline
210
0
220
0
230
1
 70
8
 71
2
 72
14
 73
11
 74
0
 40
0.000003234
 40
0.000003234
 40
0.000003234
 40
0.125002830
 40
0.125002830
 40
0.250002426
 40
0.250002426
 40
0.500001617
 40
0.500001617
 40
0.750000809
 40
0.750000809
 40
1.000000000
 40
1.000000000
 40
1.000000000
 10
-24.012088084
 20
-15.390986574
 30
0.000000000
 10
-24.024821681
 20
-15.365659273
 30
0.000000000
 10
-24.030657523
 20
-15.348841872
 30
0.000000000
 10
-24.037907140
 20
-15.327862767
 30
0.000000000
 10
-24.045080986
 20
-15.297320370
 30
0.000000000
 10
-24.056782598
 20
-15.247559578
 30
0.000000000
 10
-24.064302216
 20
-15.177027903
 30
0.000000000
 10
-24.070876241
 20
-15.115302842
 30
0.000000000
 10
-24.073788011
 20
-15.042735264
 30
0.000000000
 10
-24.075778590
 20
-14.993036231
 30
0.000000000
 10
-24.076457844
 20
-14.900552697
 30
0.000000000
  0
SPLINE
  5
1001
330
A02
100
AcDbEntity
  8
Sketch065
100
AcDbSpline
210
0
220
0
230
1
 70
8
 71
1
 72
4
 73
2
 74
0
 40
0.000000000
 40
0.000000000
 40
1.000000000
 40
1.000000000
 10
-24.076457844
 20
-14.900552697
 30
0.000000000
 10
-24.085435460
 20
-14.898453550
 30
0.000000000
  0
SPLINE
  5
1002
330
A02
100
AcDbEntity
  8
Sketch065
100
AcDbSpline
210
0
220
0
230
1
 70
8
 71
2
 72
18
 73
15
 74
0
 40
0.000000000
 40
0.000000000
 40
0.000000000
 40
0.125000000
 40
0.125000000
 40
0.250000000
 40
0.250000000
 40
0.500000000
 40
0.500000000
 40
0.750000000
 40
0.750000000
 40
0.875000000
 40
0.875000000
 40
0.937500000
 40
0.937500000
 40
1.000000000
 40
1.000000000
 40
1.000000000
 10
-24.076457844
 20
-14.900552697
 30
0.000000000
 10
-24.076132865
 20
-14.828638960
 30
0.000000000
 10
-24.074924850
 20
-14.784063102
 30
0.000000000
 10
-24.073342709
 20
-14.725731504
 30
0.000000000
 10
-24.069469920
 20
-14.664239727
 30
0.000000000
 10
-24.060692334
 20
-14.525769983
 30
0.000000000
 10
-24.040547021
 20
-14.413825953
 30
0.000000000
 10
-24.014409644
 20
-14.269423395
 30
0.000000000
 10
-23.972990453
 20
-14.166902667
 30
0.000000000
 10
-23.951126595
 20
-14.112595021
 30
0.000000000
 10
-23.925766409
 20
-14.069041060
 30
0.000000000
 10
-23.913422402
 20
-14.047791875
 30
0.000000000
 10
-23.901275899
 20
-14.030223589
 30
0.000000000
 10
-23.892161313
 20
-14.017110143
 30
0.000000000
 10
-23.877054613
 20
-13.998253436
 30
0.000000000
  0
SPLINE
  5
1003
330
A02
100
AcDbEntity
  8
Sketch065
100
AcDbSpline
210
0
220
0
230
1
 70
8
 71
2
 72
18
 73
15
 74
0
 40
0.000000000
 40
0.000000000
 40
0.000000000
 40
0.062499984
 40
0.062499984
 40
0.124999968
 40
0.124999968
 40
0.249999937
 40
0.249999937
 40
0.374999905
 40
0.374999905
 40
0.499999873
 40
0.499999873
 40
0.749999810
 40
0.749999810
 40
0.999999747
 40
0.999999747
 40
0.999999747
 10
-23.877054613
 20
-13.998253436
 30
0.000000000
 10
-23.861239298
 20
-13.980078077
 30
0.000000000
 10
-23.853504804
 20
-13.972446363
 30
0.000000000
 10
-23.842182466
 20
-13.961289539
 30
0.000000000
 10
-23.830984135
 20
-13.954312407
 30
0.000000000
 10
-23.808261351
 20
-13.940098691
 30
0.000000000
 10
-23.790688238
 20
-13.945420515
 30
0.000000000
 10
-23.772174391
 20
-13.951035223
 30
0.000000000
 10
-23.760010635
 20
-13.978990895
 30
0.000000000
 10
-23.749329526
 20
-14.003451892
 30
0.000000000
 10
-23.740474716
 20
-14.050152984
 30
0.000000000
 10
-23.724987988
 20
-14.132252151
 30
0.000000000
 10
-23.719874082
 20
-14.239428547
 30
0.000000000
 10
-23.715891856
 20
-14.321695969
 30
0.000000000
 10
-23.715542697
 20
-14.462077048
 30
0.000000000
  0
SPLINE
  5
1004
330
A02
100
AcDbEntity
  8
Sketch065
100
AcDbSpline
210
0
220
0
230
1
 70
8
 71
2
 72
14
 73
11
 74
0
 40
0.000000000
 40
0.000000000
 40
0.000000000
 40
0.250000000
 40
0.250000000
 40
0.500000000
 40
0.500000000
 40
0.750000000
 40
0.750000000
 40
0.875000000
 40
0.875000000
 40
1.000000000
 40
1.000000000
 40
1.000000000
 10
-23.877054613
 20
-15.370374262
 30
0.000000000
 10
-23.899436057
 20
-15.395898033
 30
0.000000000
 10
-23.913087944
 20
-15.406148886
 30
0.000000000
 10
-23.931996023
 20
-15.420349726
 30
0.000000000
 10
-23.949192190
 20
-15.423783010
 30
0.000000000
 10
-23.965973456
 20
-15.427301757
 30
0.000000000
 10
-23.982962951
 20
-15.418595251
 30
0.000000000
 10
-23.990620955
 20
-15.413114809
 30
0.000000000
 10
-23.998278959
 20
-15.407634367
 30
0.000000000
 10
-24.003092691
 20
-15.402918832
 30
0.000000000
 10
-24.012088084
 20
-15.390986574
 30
0.000000000
  0
SPLINE
  5
1005
330
A02
100
AcDbEntity
  8
Sketch065
100
AcDbSpline
210
0
220
0
230
1
 70
8
 71
1
 72
4
 73
2
 74
0
 40
0.000000000
 40
0.000000000
 40
1.000000000
 40
1.000000000
 10
-24.012088084
 20
-15.390986574
 30
0.000000000
 10
-24.021172149
 20
-15.388996136
 30
0.000000000
  0
SPLINE
  5
1006
330
A02
100
AcDbEntity
  8
Sketch065
100
AcDbSpline
210
0
220
0
230
1
 70
8
 71
2
 72
14
 73
11
 74
0
 40
0.000000000
 40
0.000000000
 40
0.000000000
 40
0.250000000
 40
0.250000000
 40
0.500000000
 40
0.500000000
 40
0.750000000
 40
0.750000000
 40
0.875000000
 40
0.875000000
 40
1.000000000
 40
1.000000000
 40
1.000000000
 10
-23.886364015
 20
-15.368634010
 30
0.000000000
 10
-23.908709444
 20
-15.394115098
 30
0.000000000
 10
-23.922337391
 20
-15.404337484
 30
0.000000000
 10
-23.941214606
 20
-15.418504311
 30
0.000000000
 10
-23.958381563
 20
-15.421903451
 30
0.000000000
 10
-23.975131756
 20
-15.425395264
 30
0.000000000
 10
-23.992096133
 20
-15.416654487
 30
0.000000000
 10
-24.000876048
 20
-15.412050394
 30
0.000000000
 10
-24.007386657
 20
-15.405666592
 30
0.000000000
 10
-24.012192241
 20
-15.400941297
 30
0.000000000
 10
-24.021172149
 20
-15.388996136
 30
0.000000000
  0
SPLINE
  5
1007
330
A02
100
AcDbEntity
  8
Sketch065
100
AcDbSpline
210
0
220
0
230
1
 70
8
 71
1
 72
4
 73
2
 74
0
 40
0.000000000
 40
0.000000000
 40
1.000000000
 40
1.000000000
 10
-23.557573193
 20
-14.676897662
 30
0.000000000
 10
-23.567412549
 20
-14.676047126
 30
0.000000000
  0
SPLINE
  5
1008
330
A02
100
AcDbEntity
  8
Sketch065
100
AcDbSpline
210
0
220
0
230
1
 70
8
 71
1
 72
4
 73
2
 74
0
 40
0.000000000
 40
0.000000000
 40
1.000000000
 40
1.000000000
 10
-23.614358779
 20
-14.565805952
 30
0.000000000
 10
-23.624105279
 20
-14.564739727
 30
0.000000000
  0
SPLINE
  5
1009
330
A02
100
AcDbEntity
  8
Sketch065
100
AcDbSpline
210
0
220
0
230
1
 70
8
 71
2
 72
16
 73
13
 74
0
 40
0.000000000
 40
0.000000000
 40
0.000000000
 40
0.124997988
 40
0.124997988
 40
0.249995977
 40
0.249995977
 40
0.499991954
 40
0.499991954
 40
0.749987931
 40
0.749987931
 40
0.874985919
 40
0.874985919
 40
0.999983907
 40
0.999983907
 40
0.999983907
 10
-23.614358779
 20
-14.565805952
 30
0.000000000
 10
-23.612961780
 20
-14.594111374
 30
0.000000000
 10
-23.611958925
 20
-14.608034058
 30
0.000000000
 10
-23.610113576
 20
-14.627072006
 30
0.000000000
 10
-23.608268227
 20
-14.646109954
 30
0.000000000
 10
-23.603665027
 20
-14.683330413
 30
0.000000000
 10
-23.596005525
 20
-14.701106789
 30
0.000000000
 10
-23.588019482
 20
-14.719462576
 30
0.000000000
 10
-23.577668057
 20
-14.711807675
 30
0.000000000
 10
-23.572736250
 20
-14.708138801
 30
0.000000000
 10
-23.567532454
 20
-14.698948033
 30
0.000000000
 10
-23.563949525
 20
-14.692681573
 30
0.000000000
 10
-23.557573193
 20
-14.676897662
 30
0.000000000
  0
SPLINE
  5
100A
330
A02
100
AcDbEntity
  8
Sketch065
100
AcDbSpline
210
0
220
0
230
1
 70
8
 71
2
 72
16
 73
13
 74
0
 40
0.000000000
 40
0.000000000
 40
0.000000000
 40
0.125000000
 40
0.125000000
 40
0.250000000
 40
0.250000000
 40
0.500000000
 40
0.500000000
 40
0.750000000
 40
0.750000000
 40
0.875000000
 40
0.875000000
 40
1.000000000
 40
1.000000000
 40
1.000000000
 10
-23.557791373
 20
-14.833791194
 30
0.000000000
 10
-23.567620104
 20
-14.858528181
 30
0.000000000
 10
-23.574380608
 20
-14.870256628
 30
0.000000000
 10
-23.583251981
 20
-14.885825291
 30
0.000000000
 10
-23.591816943
 20
-14.892903740
 30
0.000000000
 10
-23.609928596
 20
-14.907771018
 30
0.000000000
 10
-23.625554442
 20
-14.885111854
 30
0.000000000
 10
-23.641176749
 20
-14.862454336
 30
0.000000000
 10
-23.650727001
 20
-14.806730382
 30
0.000000000
 10
-23.655079599
 20
-14.781062316
 30
0.000000000
 10
-23.658041327
 20
-14.745661306
 30
0.000000000
 10
-23.660305233
 20
-14.718563802
 30
0.000000000
 10
-23.661801316
 20
-14.674726947
 30
0.000000000
  0
SPLINE
  5
100B
330
A02
100
AcDbEntity
  8
Sketch065
100
AcDbSpline
210
0
220
0
230
1
 70
8
 71
1
 72
4
 73
2
 74
0
 40
0.000000000
 40
0.000000000
 40
1.000000000
 40
1.000000000
 10
-23.661801316
 20
-14.674726947
 30
0.000000000
 10
-23.614358779
 20
-14.565805952
 30
0.000000000
  0
SPLINE
  5
100C
330
A02
100
AcDbEntity
  8
Sketch065
100
AcDbSpline
210
0
220
0
230
1
 70
8
 71
2
 72
16
 73
13
 74
0
 40
0.000000000
 40
0.000000000
 40
0.000000000
 40
0.124997988
 40
0.124997988
 40
0.249995977
 40
0.249995977
 40
0.499991954
 40
0.499991954
 40
0.749987931
 40
0.749987931
 40
0.874985919
 40
0.874985919
 40
0.999983907
 40
0.999983907
 40
0.999983907
 10
-23.614358779
 20
-14.565805952
 30
0.000000000
 10
-23.612961780
 20
-14.594111374
 30
0.000000000
 10
-23.611958925
 20
-14.608034058
 30
0.000000000
 10
-23.610113576
 20
-14.627072006
 30
0.000000000
 10
-23.608268227
 20
-14.646109954
 30
0.000000000
 10
-23.603665027
 20
-14.683330413
 30
0.000000000
 10
-23.596005525
 20
-14.701106789
 30
0.000000000
 10
-23.588019482
 20
-14.719462576
 30
0.000000000
 10
-23.577668057
 20
-14.711807675
 30
0.000000000
 10
-23.572736250
 20
-14.708138801
 30
0.000000000
 10
-23.567532454
 20
-14.698948033
 30
0.000000000
 10
-23.563949525
 20
-14.692681573
 30
0.000000000
 10
-23.557573193
 20
-14.676897662
 30
0.000000000
  0
SPLINE
  5
100D
330
A02
100
AcDbEntity
  8
Sketch065
100
AcDbSpline
210
0
220
0
230
1
 70
8
 71
3
 72
23
 73
19
 74
0
 40
0.000000000
 40
0.000000000
 40
0.000000000
 40
0.000000000
 40
0.125000000
 40
0.125000000
 40
0.125000000
 40
0.250000000
 40
0.250000000
 40
0.250000000
 40
0.500000000
 40
0.500000000
 40
0.500000000
 40
0.750000000
 40
0.750000000
 40
0.750000000
 40
0.875000000
 40
0.875000000
 40
0.875000000
 40
1.000000000
 40
1.000000000
 40
1.000000000
 40
1.000000000
 10
-23.557573193
 20
-14.676897662
 30
0.000000000
 10
-23.552755692
 20
-14.663522575
 30
0.000000000
 10
-23.548926909
 20
-14.651380755
 30
0.000000000
 10
-23.546086846
 20
-14.640472201
 30
0.000000000
 10
-23.542365513
 20
-14.626252934
 30
0.000000000
 10
-23.538919898
 20
-14.610531409
 30
0.000000000
 10
-23.535749999
 20
-14.593307627
 30
0.000000000
 10
-23.529499848
 20
-14.559101132
 30
0.000000000
 10
-23.524367231
 20
-14.518733711
 30
0.000000000
 10
-23.520352146
 20
-14.472205364
 30
0.000000000
 10
-23.516625131
 20
-14.429023596
 30
0.000000000
 10
-23.513984289
 20
-14.384784776
 30
0.000000000
 10
-23.512429621
 20
-14.339488906
 30
0.000000000
 10
-23.511732523
 20
-14.320059195
 30
0.000000000
 10
-23.511109759
 20
-14.294841205
 30
0.000000000
 10
-23.510830366
 20
-14.277604024
 30
0.000000000
 10
-23.510529718
 20
-14.259342665
 30
0.000000000
 10
-23.510354289
 20
-14.238538995
 30
0.000000000
 10
-23.510304080
 20
-14.215193012
 30
0.000000000
  0
SPLINE
  5
100E
330
A02
100
AcDbEntity
  8
Sketch065
100
AcDbSpline
210
0
220
0
230
1
 70
8
 71
3
 72
20
 73
16
 74
0
 40
0.000000000
 40
0.000000000
 40
0.000000000
 40
0.000000000
 40
0.249996687
 40
0.249996687
 40
0.249996687
 40
0.499993375
 40
0.499993375
 40
0.499993375
 40
0.749990062
 40
0.749990062
 40
0.749990062
 40
0.874988406
 40
0.874988406
 40
0.874988406
 40
0.999986750
 40
0.999986750
 40
0.999986750
 40
0.999986750
 10
-23.510304080
 20
-14.215193012
 30
0.000000000
 10
-23.510501124
 20
-14.170057992
 30
0.000000000
 10
-23.510871720
 20
-14.142615991
 30
0.000000000
 10
-23.512478729
 20
-14.109438115
 30
0.000000000
 10
-23.513917744
 20
-14.078247873
 30
0.000000000
 10
-23.516626277
 20
-14.054655388
 30
0.000000000
 10
-23.520604328
 20
-14.038660660
 30
0.000000000
 10
-23.524608185
 20
-14.023729017
 30
0.000000000
 10
-23.529710200
 20
-14.019413282
 30
0.000000000
 10
-23.535910375
 20
-14.025713456
 30
0.000000000
 10
-23.539295034
 20
-14.029377369
 30
0.000000000
 10
-23.542590305
 20
-14.034524686
 30
0.000000000
 10
-23.545796188
 20
-14.041155405
 30
0.000000000
 10
-23.548666156
 20
-14.047148688
 30
0.000000000
 10
-23.552535862
 20
-14.056281227
 30
0.000000000
 10
-23.557405308
 20
-14.068553020
 30
0.000000000
  0
SPLINE
  5
100F
330
A02
100
AcDbEntity
  8
Sketch065
100
AcDbSpline
210
0
220
0
230
1
 70
8
 71
2
 72
14
 73
11
 74
0
 40
0.000000000
 40
0.000000000
 40
0.000000000
 40
0.249999658
 40
0.249999658
 40
0.499999316
 40
0.499999316
 40
0.749998973
 40
0.749998973
 40
0.874998802
 40
0.874998802
 40
0.999998631
 40
0.999998631
 40
0.999998631
 10
-23.557405308
 20
-14.068553020
 30
0.000000000
 10
-23.566135045
 20
-14.092689604
 30
0.000000000
 10
-23.571670355
 20
-14.111331119
 30
0.000000000
 10
-23.579342288
 20
-14.137293875
 30
0.000000000
 10
-23.586040578
 20
-14.168428069
 30
0.000000000
 10
-23.592710429
 20
-14.199393112
 30
0.000000000
 10
-23.599134639
 20
-14.237827500
 30
0.000000000
 10
-23.602028465
 20
-14.256466128
 30
0.000000000
 10
-23.604922291
 20
-14.275104756
 30
0.000000000
 10
-23.606724422
 20
-14.287830026
 30
0.000000000
 10
-23.609962930
 20
-14.313449648
 30
0.000000000
  0
SPLINE
  5
1010
330
A02
100
AcDbEntity
  8
Sketch065
100
AcDbSpline
210
0
220
0
230
1
 70
8
 71
1
 72
4
 73
2
 74
0
 40
0.000000000
 40
0.000000000
 40
1.000000000
 40
1.000000000
 10
-23.609962930
 20
-14.313449648
 30
0.000000000
 10
-23.656772712
 20
-14.387707917
 30
0.000000000
  0
SPLINE
  5
1011
330
A02
100
AcDbEntity
  8
Sketch065
100
AcDbSpline
210
0
220
0
230
1
 70
8
 71
1
 72
4
 73
2
 74
0
 40
0.000000000
 40
0.000000000
 40
1.000000000
 40
1.000000000
 10
-23.656772712
 20
-14.387707917
 30
0.000000000
 10
-23.618818065
 20
-13.619720102
 30
0.000000000
  0
ELLIPSE
  5
1012
330
A02
100
AcDbEntity
  8
Sketch065
100
AcDbEllipse
 10
-29.472005520
 20
-12.969730672
 30
0.000000000
 11
-6.010000000
 21
0.000000000
 31
0.000000000
 40
0.476557377
 41
2.912655114
 42
3.034485615
  0
LINE
  5
1013
330
A02
100
AcDbEntity
  8
Sketch065
100
AcDbLine
 10
-23.496445689
 20
-13.275910797
 30
0.000000000
 11
-23.496445689
 21
-13.449596978
 31
0.000000000
  0
ELLIPSE
  5
1014
330
A02
100
AcDbEntity
  8
Sketch065
100
AcDbEllipse
 10
-29.472005520
 20
-13.143416853
 30
0.000000000
 11
-6.010000000
 21
0.000000000
 31
0.000000000
 40
0.476557377
 41
2.939562779
 42
3.034485615
  0
SPLINE
  5
1015
330
A02
100
AcDbEntity
  8
Sketch065
100
AcDbSpline
210
0
220
0
230
1
 70
8
 71
1
 72
4
 73
2
 74
0
 40
0.000000000
 40
0.000000000
 40
0.999998531
 40
0.999998531
 10
-23.584241196
 20
-13.718124355
 30
0.000000000
 10
-23.600502849
 20
-14.105640888
 30
0.000000000
  0
SPLINE
  5
1016
330
A02
100
AcDbEntity
  8
Sketch065
100
AcDbSpline
210
0
220
0
230
1
 70
8
 71
3
 72
17
 73
13
 74
0
 40
0.000001195
 40
0.000001195
 40
0.000001195
 40
0.000001195
 40
0.250000896
 40
0.250000896
 40
0.250000896
 40
0.500000597
 40
0.500000597
 40
0.500000597
 40
0.750000299
 40
0.750000299
 40
0.750000299
 40
1.000000000
 40
1.000000000
 40
1.000000000
 40
1.000000000
 10
-23.600502849
 20
-14.105640888
 30
0.000000000
 10
-23.595237268
 20
-14.077788363
 30
0.000000000
 10
-23.590951182
 20
-14.055811652
 30
0.000000000
 10
-23.587644592
 20
-14.039710755
 30
0.000000000
 10
-23.583231210
 20
-14.018328341
 30
0.000000000
 10
-23.578796302
 20
-13.998262943
 30
0.000000000
 10
-23.574339867
 20
-13.979514562
 30
0.000000000
 10
-23.569835896
 20
-13.960598286
 30
0.000000000
 10
-23.565328843
 20
-13.943192915
 30
0.000000000
 10
-23.560818708
 20
-13.927298446
 30
0.000000000
 10
-23.555907949
 20
-13.909983935
 30
0.000000000
 10
-23.553663366
 20
-13.903158468
 30
0.000000000
 10
-23.547939386
 20
-13.886550873
 30
0.000000000
  0
SPLINE
  5
1017
330
A02
100
AcDbEntity
  8
Sketch065
100
AcDbSpline
210
0
220
0
230
1
 70
8
 71
2
 72
16
 73
13
 74
0
 40
0.000000000
 40
0.000000000
 40
0.000000000
 40
0.125000000
 40
0.125000000
 40
0.250000000
 40
0.250000000
 40
0.500000000
 40
0.500000000
 40
0.750000000
 40
0.750000000
 40
0.875000000
 40
0.875000000
 40
1.000000000
 40
1.000000000
 40
1.000000000
 10
-23.547939386
 20
-13.886550873
 30
0.000000000
 10
-23.538403075
 20
-13.861039445
 30
0.000000000
 10
-23.532874485
 20
-13.850475285
 30
0.000000000
 10
-23.525576265
 20
-13.836664308
 30
0.000000000
 10
-23.519832172
 20
-13.833798782
 30
0.000000000
 10
-23.508367061
 20
-13.828153955
 30
0.000000000
 10
-23.501043820
 20
-13.862798173
 30
0.000000000
 10
-23.493978927
 20
-13.895917751
 30
0.000000000
 10
-23.491184879
 20
-13.961440773
 30
0.000000000
 10
-23.489718395
 20
-13.994493215
 30
0.000000000
 10
-23.489103190
 20
-14.031674913
 30
0.000000000
 10
-23.488646577
 20
-14.059017582
 30
0.000000000
 10
-23.488502162
 20
-14.111151748
 30
0.000000000
  0
SPLINE
  5
1018
330
A02
100
AcDbEntity
  8
Sketch065
100
AcDbSpline
210
0
220
0
230
1
 70
8
 71
2
 72
14
 73
11
 74
0
 40
0.000000000
 40
0.000000000
 40
0.000000000
 40
0.249996213
 40
0.249996213
 40
0.499992426
 40
0.499992426
 40
0.749988640
 40
0.749988640
 40
0.874986746
 40
0.874986746
 40
0.999984853
 40
0.999984853
 40
0.999984853
 10
-23.488502162
 20
-14.111151748
 30
0.000000000
 10
-23.488614463
 20
-14.163462486
 30
0.000000000
 10
-23.489138927
 20
-14.199180062
 30
0.000000000
 10
-23.490171233
 20
-14.245707222
 30
0.000000000
 10
-23.491203540
 20
-14.292234382
 30
0.000000000
 10
-23.492577250
 20
-14.338037220
 30
0.000000000
 10
-23.495058297
 20
-14.389282972
 30
0.000000000
 10
-23.496325955
 20
-14.415124606
 30
0.000000000
 10
-23.497465760
 20
-14.434209369
 30
0.000000000
 10
-23.498596817
 20
-14.453340209
 30
0.000000000
 10
-23.500735615
 20
-14.484650047
 30
0.000000000
  0
SPLINE
  5
1019
330
A02
100
AcDbEntity
  8
Sketch065
100
AcDbSpline
210
0
220
0
230
1
 70
8
 71
2
 72
16
 73
13
 74
0
 40
0.000000000
 40
0.000000000
 40
0.000000000
 40
0.125000000
 40
0.125000000
 40
0.250000000
 40
0.250000000
 40
0.500000000
 40
0.500000000
 40
0.750000000
 40
0.750000000
 40
0.875000000
 40
0.875000000
 40
1.000000000
 40
1.000000000
 40
1.000000000
 10
-23.500735615
 20
-14.484650047
 30
0.000000000
 10
-23.503438494
 20
-14.521509859
 30
0.000000000
 10
-23.504987173
 20
-14.539659243
 30
0.000000000
 10
-23.507513473
 20
-14.566296708
 30
0.000000000
 10
-23.510039772
 20
-14.592934174
 30
0.000000000
 10
-23.515525698
 20
-14.645131801
 30
0.000000000
 10
-23.522772080
 20
-14.690721805
 30
0.000000000
 10
-23.529610375
 20
-14.733904947
 30
0.000000000
 10
-23.538883161
 20
-14.771788771
 30
0.000000000
 10
-23.543570572
 20
-14.790823269
 30
0.000000000
 10
-23.548031540
 20
-14.805213054
 30
0.000000000
 10
-23.551137456
 20
-14.815392232
 30
0.000000000
 10
-23.557791373
 20
-14.833791194
 30
0.000000000
  0
SPLINE
  5
101A
330
A02
100
AcDbEntity
  8
Sketch065
100
AcDbSpline
210
0
220
0
230
1
 70
8
 71
2
 72
16
 73
13
 74
0
 40
0.000000000
 40
0.000000000
 40
0.000000000
 40
0.125000000
 40
0.125000000
 40
0.250000000
 40
0.250000000
 40
0.500000000
 40
0.500000000
 40
0.750000000
 40
0.750000000
 40
0.875000000
 40
0.875000000
 40
1.000000000
 40
1.000000000
 40
1.000000000
 10
-23.557791373
 20
-14.833791194
 30
0.000000000
 10
-23.567620104
 20
-14.858528181
 30
0.000000000
 10
-23.574380608
 20
-14.870256628
 30
0.000000000
 10
-23.583251981
 20
-14.885825291
 30
0.000000000
 10
-23.591816943
 20
-14.892903740
 30
0.000000000
 10
-23.609928596
 20
-14.907771018
 30
0.000000000
 10
-23.625554442
 20
-14.885111854
 30
0.000000000
 10
-23.641176749
 20
-14.862454336
 30
0.000000000
 10
-23.650727001
 20
-14.806730382
 30
0.000000000
 10
-23.655079599
 20
-14.781062316
 30
0.000000000
 10
-23.658041327
 20
-14.745661306
 30
0.000000000
 10
-23.660305233
 20
-14.718563802
 30
0.000000000
 10
-23.661801316
 20
-14.674726947
 30
0.000000000
  0
SPLINE
  5
101B
330
A02
100
AcDbEntity
  8
Sketch065
100
AcDbSpline
210
0
220
0
230
1
 70
8
 71
1
 72
4
 73
2
 74
0
 40
0.000000000
 40
0.000000000
 40
1.000000000
 40
1.000000000
 10
-23.661801316
 20
-14.674726947
 30
0.000000000
 10
-23.671468877
 20
-14.673508389
 30
0.000000000
  0
SPLINE
  5
101C
330
A02
100
AcDbEntity
  8
Sketch065
100
AcDbSpline
210
0
220
0
230
1
 70
8
 71
2
 72
16
 73
13
 74
0
 40
0.000000000
 40
0.000000000
 40
0.000000000
 40
0.125000000
 40
0.125000000
 40
0.250000000
 40
0.250000000
 40
0.500000000
 40
0.500000000
 40
0.750000000
 40
0.750000000
 40
0.875000000
 40
0.875000000
 40
1.000000000
 40
1.000000000
 40
1.000000000
 10
-23.567631996
 20
-14.832943759
 30
0.000000000
 10
-23.577426576
 20
-14.857609274
 30
0.000000000
 10
-23.584193628
 20
-14.869339377
 30
0.000000000
 10
-23.592854261
 20
-14.884714092
 30
0.000000000
 10
-23.601600951
 20
-14.891918614
 30
0.000000000
 10
-23.619683090
 20
-14.906725553
 30
0.000000000
 10
-23.635282314
 20
-14.884007669
 30
0.000000000
 10
-23.650892519
 20
-14.861231289
 30
0.000000000
 10
-23.660412988
 20
-14.805545521
 30
0.000000000
 10
-23.664769886
 20
-14.779738806
 30
0.000000000
 10
-23.667715144
 20
-14.744454076
 30
0.000000000
 10
-23.669974061
 20
-14.717353887
 30
0.000000000
 10
-23.671468877
 20
-14.673508389
 30
0.000000000
  0
SPLINE
  5
101D
330
A02
100
AcDbEntity
  8
Sketch065
100
AcDbSpline
210
0
220
0
230
1
 70
8
 71
2
 72
16
 73
13
 74
0
 40
0.000000000
 40
0.000000000
 40
0.000000000
 40
0.125000000
 40
0.125000000
 40
0.250000000
 40
0.250000000
 40
0.500000000
 40
0.500000000
 40
0.750000000
 40
0.750000000
 40
0.875000000
 40
0.875000000
 40
1.000000000
 40
1.000000000
 40
1.000000000
 10
-23.567631996
 20
-14.832943759
 30
0.000000000
 10
-23.577426576
 20
-14.857609274
 30
0.000000000
 10
-23.584193628
 20
-14.869339377
 30
0.000000000
 10
-23.592854261
 20
-14.884714092
 30
0.000000000
 10
-23.601600951
 20
-14.891918614
 30
0.000000000
 10
-23.619683090
 20
-14.906725553
 30
0.000000000
 10
-23.635282314
 20
-14.884007669
 30
0.000000000
 10
-23.650892519
 20
-14.861231289
 30
0.000000000
 10
-23.660412988
 20
-14.805545521
 30
0.000000000
 10
-23.664769886
 20
-14.779738806
 30
0.000000000
 10
-23.667715144
 20
-14.744454076
 30
0.000000000
 10
-23.669974061
 20
-14.717353887
 30
0.000000000
 10
-23.671468877
 20
-14.673508389
 30
0.000000000
  0
SPLINE
  5
101E
330
A02
100
AcDbEntity
  8
Sketch065
100
AcDbSpline
210
0
220
0
230
1
 70
8
 71
1
 72
4
 73
2
 74
0
 40
0.000000000
 40
0.000000000
 40
1.000000000
 40
1.000000000
 10
-23.671468877
 20
-14.673508389
 30
0.000000000
 10
-23.624105279
 20
-14.564739727
 30
0.000000000
  0
SPLINE
  5
101F
330
A02
100
AcDbEntity
  8
Sketch065
100
AcDbSpline
210
0
220
0
230
1
 70
8
 71
2
 72
16
 73
13
 74
0
 40
0.000000000
 40
0.000000000
 40
0.000000000
 40
0.125000000
 40
0.125000000
 40
0.250000000
 40
0.250000000
 40
0.500000000
 40
0.500000000
 40
0.750000000
 40
0.750000000
 40
0.875000000
 40
0.875000000
 40
1.000000000
 40
1.000000000
 40
1.000000000
 10
-23.624105279
 20
-14.564739727
 30
0.000000000
 10
-23.622714220
 20
-14.593003358
 30
0.000000000
 10
-23.621709419
 20
-14.606976157
 30
0.000000000
 10
-23.619867140
 20
-14.626020574
 30
0.000000000
 10
-23.618024861
 20
-14.645064991
 30
0.000000000
 10
-23.613545433
 20
-14.682032081
 30
0.000000000
 10
-23.605782563
 20
-14.700106073
 30
0.000000000
 10
-23.597610889
 20
-14.718349546
 30
0.000000000
 10
-23.587475607
 20
-14.710877232
 30
0.000000000
 10
-23.582527930
 20
-14.707187957
 30
0.000000000
 10
-23.577356869
 20
-14.698058914
 30
0.000000000
 10
-23.573780468
 20
-14.691806957
 30
0.000000000
 10
-23.567412549
 20
-14.676047126
 30
0.000000000
  0
SPLINE
  5
1020
330
A02
100
AcDbEntity
  8
Sketch065
100
AcDbSpline
210
0
220
0
230
1
 70
8
 71
2
 72
16
 73
13
 74
0
 40
0.000000000
 40
0.000000000
 40
0.000000000
 40
0.125000000
 40
0.125000000
 40
0.250000000
 40
0.250000000
 40
0.500000000
 40
0.500000000
 40
0.750000000
 40
0.750000000
 40
0.875000000
 40
0.875000000
 40
1.000000000
 40
1.000000000
 40
1.000000000
 10
-23.567412549
 20
-14.676047126
 30
0.000000000
 10
-23.560209841
 20
-14.656059521
 30
0.000000000
 10
-23.555946943
 20
-14.639677839
 30
0.000000000
 10
-23.550372654
 20
-14.618370703
 30
0.000000000
 10
-23.545627296
 20
-14.592563372
 30
0.000000000
 10
-23.536228940
 20
-14.540867609
 30
0.000000000
 10
-23.530255064
 20
-14.471542928
 30
0.000000000
 10
-23.524658849
 20
-14.406393172
 30
0.000000000
 10
-23.522345720
 20
-14.338872880
 30
0.000000000
 10
-23.521221009
 20
-14.305841844
 30
0.000000000
 10
-23.520749127
 20
-14.276997805
 30
0.000000000
 10
-23.520301010
 20
-14.249712654
 30
0.000000000
 10
-23.520223716
 20
-14.214590056
 30
0.000000000
  0
SPLINE
  5
1021
330
A02
100
AcDbEntity
  8
Sketch065
100
AcDbSpline
210
0
220
0
230
1
 70
8
 71
3
 72
17
 73
13
 74
0
 40
0.000000000
 40
0.000000000
 40
0.000000000
 40
0.000000000
 40
0.250000000
 40
0.250000000
 40
0.250000000
 40
0.500000000
 40
0.500000000
 40
0.500000000
 40
0.750000000
 40
0.750000000
 40
0.750000000
 40
1.000000000
 40
1.000000000
 40
1.000000000
 40
1.000000000
 10
-23.520223716
 20
-14.214590056
 30
0.000000000
 10
-23.520331951
 20
-14.170856255
 30
0.000000000
 10
-23.521055628
 20
-14.135600166
 30
0.000000000
 10
-23.522394747
 20
-14.108821790
 30
0.000000000
 10
-23.523951012
 20
-14.076444052
 30
0.000000000
 10
-23.526655038
 20
-14.052835723
 30
0.000000000
 10
-23.530506826
 20
-14.037996801
 30
0.000000000
 10
-23.534453305
 20
-14.023059980
 30
0.000000000
 10
-23.539546831
 20
-14.018717179
 30
0.000000000
 10
-23.545787405
 20
-14.024968398
 30
0.000000000
 10
-23.552710927
 20
-14.032373260
 30
0.000000000
 10
-23.557589067
 20
-14.043499994
 30
0.000000000
 10
-23.567248128
 20
-14.067711177
 30
0.000000000
  0
SPLINE
  5
1022
330
A02
100
AcDbEntity
  8
Sketch065
100
AcDbSpline
210
0
220
0
230
1
 70
8
 71
3
 72
20
 73
16
 74
0
 40
0.000000000
 40
0.000000000
 40
0.000000000
 40
0.000000000
 40
0.249996687
 40
0.249996687
 40
0.249996687
 40
0.499993375
 40
0.499993375
 40
0.499993375
 40
0.749990062
 40
0.749990062
 40
0.749990062
 40
0.874988406
 40
0.874988406
 40
0.874988406
 40
0.999986750
 40
0.999986750
 40
0.999986750
 40
0.999986750
 10
-23.510304080
 20
-14.215193012
 30
0.000000000
 10
-23.510501124
 20
-14.170057992
 30
0.000000000
 10
-23.510871720
 20
-14.142615991
 30
0.000000000
 10
-23.512478729
 20
-14.109438115
 30
0.000000000
 10
-23.513917744
 20
-14.078247873
 30
0.000000000
 10
-23.516626277
 20
-14.054655388
 30
0.000000000
 10
-23.520604328
 20
-14.038660660
 30
0.000000000
 10
-23.524608185
 20
-14.023729017
 30
0.000000000
 10
-23.529710200
 20
-14.019413282
 30
0.000000000
 10
-23.535910375
 20
-14.025713456
 30
0.000000000
 10
-23.539295034
 20
-14.029377369
 30
0.000000000
 10
-23.542590305
 20
-14.034524686
 30
0.000000000
 10
-23.545796188
 20
-14.041155405
 30
0.000000000
 10
-23.548666156
 20
-14.047148688
 30
0.000000000
 10
-23.552535862
 20
-14.056281227
 30
0.000000000
 10
-23.557405308
 20
-14.068553020
 30
0.000000000
  0
SPLINE
  5
1023
330
A02
100
AcDbEntity
  8
Sketch065
100
AcDbSpline
210
0
220
0
230
1
 70
8
 71
1
 72
4
 73
2
 74
0
 40
0.000000000
 40
0.000000000
 40
1.000000000
 40
1.000000000
 10
-23.510304080
 20
-14.215193012
 30
0.000000000
 10
-23.520223716
 20
-14.214590056
 30
0.000000000
  0
SPLINE
  5
1024
330
A02
100
AcDbEntity
  8
Sketch065
100
AcDbSpline
210
0
220
0
230
1
 70
8
 71
2
 72
16
 73
13
 74
0
 40
0.000000000
 40
0.000000000
 40
0.000000000
 40
0.125000000
 40
0.125000000
 40
0.250000000
 40
0.250000000
 40
0.500000000
 40
0.500000000
 40
0.750000000
 40
0.750000000
 40
0.875000000
 40
0.875000000
 40
1.000000000
 40
1.000000000
 40
1.000000000
 10
-23.557796402
 20
-13.885747871
 30
0.000000000
 10
-23.548289194
 20
-13.860303711
 30
0.000000000
 10
-23.542756566
 20
-13.849745597
 30
0.000000000
 10
-23.535468890
 20
-13.835967513
 30
0.000000000
 10
-23.529735955
 20
-13.833139289
 30
0.000000000
 10
-23.518191560
 20
-13.827997063
 30
0.000000000
 10
-23.510978865
 20
-13.862255883
 30
0.000000000
 10
-23.503925723
 20
-13.895404483
 30
0.000000000
 10
-23.501136327
 20
-13.960971740
 30
0.000000000
 10
-23.499669435
 20
-13.994182905
 30
0.000000000
 10
-23.499058102
 20
-14.031222882
 30
0.000000000
 10
-23.498603283
 20
-14.058524406
 30
0.000000000
 10
-23.498458074
 20
-14.110704746
 30
0.000000000
  0
SPLINE
  5
1025
330
A02
100
AcDbEntity
  8
Sketch065
100
AcDbSpline
210
0
220
0
230
1
 70
8
 71
2
 72
16
 73
13
 74
0
 40
0.000000000
 40
0.000000000
 40
0.000000000
 40
0.125000000
 40
0.125000000
 40
0.250000000
 40
0.250000000
 40
0.500000000
 40
0.500000000
 40
0.750000000
 40
0.750000000
 40
0.875000000
 40
0.875000000
 40
1.000000000
 40
1.000000000
 40
1.000000000
 10
-23.557796402
 20
-13.885747871
 30
0.000000000
 10
-23.548289194
 20
-13.860303711
 30
0.000000000
 10
-23.542756566
 20
-13.849745597
 30
0.000000000
 10
-23.535468890
 20
-13.835967513
 30
0.000000000
 10
-23.529735955
 20
-13.833139289
 30
0.000000000
 10
-23.518191560
 20
-13.827997063
 30
0.000000000
 10
-23.510978865
 20
-13.862255883
 30
0.000000000
 10
-23.503925723
 20
-13.895404483
 30
0.000000000
 10
-23.501136327
 20
-13.960971740
 30
0.000000000
 10
-23.499669435
 20
-13.994182905
 30
0.000000000
 10
-23.499058102
 20
-14.031222882
 30
0.000000000
 10
-23.498603283
 20
-14.058524406
 30
0.000000000
 10
-23.498458074
 20
-14.110704746
 30
0.000000000
  0
SPLINE
  5
1026
330
A02
100
AcDbEntity
  8
Sketch065
100
AcDbSpline
210
0
220
0
230
1
 70
8
 71
2
 72
16
 73
13
 74
0
 40
0.000000000
 40
0.000000000
 40
0.000000000
 40
0.125000000
 40
0.125000000
 40
0.250000000
 40
0.250000000
 40
0.500000000
 40
0.500000000
 40
0.750000000
 40
0.750000000
 40
0.875000000
 40
0.875000000
 40
1.000000000
 40
1.000000000
 40
1.000000000
 10
-23.547939386
 20
-13.886550873
 30
0.000000000
 10
-23.538403075
 20
-13.861039445
 30
0.000000000
 10
-23.532874485
 20
-13.850475285
 30
0.000000000
 10
-23.525576265
 20
-13.836664308
 30
0.000000000
 10
-23.519832172
 20
-13.833798782
 30
0.000000000
 10
-23.508367061
 20
-13.828153955
 30
0.000000000
 10
-23.501043820
 20
-13.862798173
 30
0.000000000
 10
-23.493978927
 20
-13.895917751
 30
0.000000000
 10
-23.491184879
 20
-13.961440773
 30
0.000000000
 10
-23.489718395
 20
-13.994493215
 30
0.000000000
 10
-23.489103190
 20
-14.031674913
 30
0.000000000
 10
-23.488646577
 20
-14.059017582
 30
0.000000000
 10
-23.488502162
 20
-14.111151748
 30
0.000000000
  0
SPLINE
  5
1027
330
A02
100
AcDbEntity
  8
Sketch065
100
AcDbSpline
210
0
220
0
230
1
 70
8
 71
1
 72
4
 73
2
 74
0
 40
0.000000000
 40
0.000000000
 40
1.000000000
 40
1.000000000
 10
-23.547939386
 20
-13.886550873
 30
0.000000000
 10
-23.557796402
 20
-13.885747871
 30
0.000000000
  0
SPLINE
  5
1028
330
A02
100
AcDbEntity
  8
Sketch065
100
AcDbSpline
210
0
220
0
230
1
 70
8
 71
2
 72
12
 73
9
 74
0
 40
0.000000000
 40
0.000000000
 40
0.000000000
 40
0.250000000
 40
0.250000000
 40
0.500000000
 40
0.500000000
 40
0.750000000
 40
0.750000000
 40
1.000000000
 40
1.000000000
 40
1.000000000
 10
-23.610272429
 20
-14.104624279
 30
0.000000000
 10
-23.602404315
 20
-14.062955865
 30
0.000000000
 10
-23.597435542
 20
-14.038741421
 30
0.000000000
 10
-23.590770132
 20
-14.006454686
 30
0.000000000
 10
-23.584152955
 20
-13.978597475
 30
0.000000000
 10
-23.577403624
 20
-13.952517654
 30
0.000000000
 10
-23.570654293
 20
-13.926437833
 30
0.000000000
 10
-23.564869088
 20
-13.905769108
 30
0.000000000
 10
-23.557796402
 20
-13.885747871
 30
0.000000000
  0
SPLINE
  5
1029
330
A02
100
AcDbEntity
  8
Sketch065
100
AcDbSpline
210
0
220
0
230
1
 70
8
 71
1
 72
4
 73
2
 74
0
 40
0.000000000
 40
0.000000000
 40
1.000000000
 40
1.000000000
 10
-23.656772712
 20
-14.387707917
 30
0.000000000
 10
-23.666448640
 20
-14.386504535
 30
0.000000000
  0
SPLINE
  5
102A
330
A02
100
AcDbEntity
  8
Sketch065
100
AcDbSpline
210
0
220
0
230
1
 70
8
 71
1
 72
4
 73
2
 74
0
 40
0.000000000
 40
0.000000000
 40
1.000000000
 40
1.000000000
 10
-23.666448640
 20
-14.386504535
 30
0.000000000
 10
-23.628557146
 20
-13.618638589
 30
0.000000000
  0
ELLIPSE
  5
102B
330
A02
100
AcDbEntity
  8
Sketch065
100
AcDbEllipse
 10
-29.472005520
 20
-12.969730672
 30
0.000000000
 11
-6.000000000
 21
-0.000000000
 31
0.000000000
 40
0.476557377
 41
2.912655114
 42
3.034485615
  0
LINE
  5
102C
330
A02
100
AcDbEntity
  8
Sketch065
100
AcDbLine
 10
-23.496445689
 20
-13.275910797
 30
0.000000000
 11
-23.506388384
 21
-13.275401346
 31
0.000000000
  0
SPLINE
  5
102D
330
A02
100
AcDbEntity
  8
Sketch065
100
AcDbSpline
210
0
220
0
230
1
 70
8
 71
1
 72
4
 73
2
 74
0
 40
0.000000000
 40
0.000000000
 40
1.000000000
 40
1.000000000
 10
-23.618818065
 20
-13.619720102
 30
0.000000000
 10
-23.628557146
 20
-13.618638589
 30
0.000000000
  0
LINE
  5
102E
330
A02
100
AcDbEntity
  8
Sketch065
100
AcDbLine
 10
-25.152942589
 20
-16.298747569
 30
0.000000000
 11
-25.152942589
 21
-15.243061253
 31
0.000000000
  0
SPLINE
  5
102F
330
A02
100
AcDbEntity
  8
Sketch065
100
AcDbSpline
210
0
220
0
230
1
 70
8
 71
3
 72
14
 73
10
 74
0
 40
0.000000000
 40
0.000000000
 40
0.000000000
 40
0.000000000
 40
0.500000000
 40
0.500000000
 40
0.500000000
 40
0.750000000
 40
0.750000000
 40
0.750000000
 40
1.000000000
 40
1.000000000
 40
1.000000000
 40
1.000000000
 10
-25.152942589
 20
-15.243061253
 30
0.000000000
 10
-25.191973621
 20
-15.309954043
 30
0.000000000
 10
-25.224711490
 20
-15.355659707
 30
0.000000000
 10
-25.271365907
 20
-15.413525101
 30
0.000000000
 10
-25.294197061
 20
-15.441560424
 30
0.000000000
 10
-25.316278929
 20
-15.467275459
 30
0.000000000
 10
-25.337611509
 20
-15.490670204
 30
0.000000000
 10
-25.357598516
 20
-15.512637689
 30
0.000000000
 10
-25.381087521
 20
-15.536155594
 30
0.000000000
 10
-25.408078524
 20
-15.561223922
 30
0.000000000
  0
SPLINE
  5
1030
330
A02
100
AcDbEntity
  8
Sketch065
100
AcDbSpline
210
0
220
0
230
1
 70
8
 71
1
 72
4
 73
2
 74
0
 40
0.000000000
 40
0.000000000
 40
1.000000000
 40
1.000000000
 10
-25.408078524
 20
-15.561223922
 30
0.000000000
 10
-25.414840466
 20
-15.557713012
 30
0.000000000
  0
LINE
  5
1031
330
A02
100
AcDbEntity
  8
Sketch065
100
AcDbLine
 10
-25.414840466
 20
-15.557713012
 30
0.000000000
 11
-25.414840466
 21
-15.397596064
 31
0.000000000
  0
SPLINE
  5
1032
330
A02
100
AcDbEntity
  8
Sketch065
100
AcDbSpline
210
0
220
0
230
1
 70
8
 71
3
 72
11
 73
7
 74
0
 40
0.000000000
 40
0.000000000
 40
0.000000000
 40
0.000000000
 40
0.152925238
 40
0.152925238
 40
0.152925238
 40
0.305850475
 40
0.305850475
 40
0.305850475
 40
0.305850475
 10
-25.414840466
 20
-15.397596064
 30
0.000000000
 10
-25.387943327
 20
-15.369197327
 30
0.000000000
 10
-25.372314858
 20
-15.352314829
 30
0.000000000
 10
-25.356191629
 20
-15.333775065
 30
0.000000000
 10
-25.338620518
 20
-15.313530005
 30
0.000000000
 10
-25.320892978
 20
-15.291661592
 30
0.000000000
 10
-25.303009008
 20
-15.268169827
 30
0.000000000
  0
SPLINE
  5
1033
330
A02
100
AcDbEntity
  8
Sketch065
100
AcDbSpline
210
0
220
0
230
1
 70
8
 71
2
 72
12
 73
9
 74
0
 40
0.305850475
 40
0.305850475
 40
0.305850475
 40
0.652925238
 40
0.652925238
 40
0.826462619
 40
0.826462619
 40
0.913231309
 40
0.913231309
 40
1.000000000
 40
1.000000000
 40
1.000000000
 10
-25.303009008
 20
-15.268169827
 30
0.000000000
 10
-25.243344165
 20
-15.189797365
 30
0.000000000
 10
-25.192596521
 20
-15.099042146
 30
0.000000000
 10
-25.169032239
 20
-15.056875996
 30
0.000000000
 10
-25.146734571
 20
-15.008071716
 30
0.000000000
 10
-25.136234232
 20
-14.984810371
 30
0.000000000
 10
-25.129696302
 20
-14.967458470
 30
0.000000000
 10
-25.121872942
 20
-14.946975794
 30
0.000000000
 10
-25.111485003
 20
-14.916441166
 30
0.000000000
  0
ELLIPSE
  5
1034
330
A02
100
AcDbEntity
  8
Sketch065
100
AcDbEllipse
 10
-29.472005520
 20
-12.952362054
 30
0.000000000
 11
-6.000000000
 21
-0.000000000
 31
0.000000000
 40
0.476557377
 41
2.384379948
 42
2.405576809
  0
LINE
  5
1035
330
A02
100
AcDbEntity
  8
Sketch065
100
AcDbLine
 10
-25.017699078
 20
-14.875154679
 30
0.000000000
 11
-25.025110569
 21
-14.871955357
 31
0.000000000
  0
LINE
  5
1036
330
A02
100
AcDbEntity
  8
Sketch065
100
AcDbLine
 10
-25.017699078
 20
-14.875154679
 30
0.000000000
 11
-25.017699078
 21
-16.229906887
 31
0.000000000
  0
ELLIPSE
  5
1037
330
A02
100
AcDbEntity
  8
Sketch065
100
AcDbEllipse
 10
-29.472005520
 20
-14.307114262
 30
0.000000000
 11
-6.010000000
 21
0.000000000
 31
0.000000000
 40
0.476557377
 41
2.372649646
 42
2.405576809
  0
LINE
  5
1038
330
A02
100
AcDbEntity
  8
Sketch065
100
AcDbLine
 10
-25.152942589
 20
-16.298747569
 30
0.000000000
 11
-25.160129050
 21
-16.295433703
 31
0.000000000
  0
LINE
  5
1039
330
A02
100
AcDbEntity
  8
Sketch065
100
AcDbLine
 10
-25.160129050
 20
-16.295433703
 30
0.000000000
 11
-25.160129050
 21
-15.255239110
 31
0.000000000
  0
SPLINE
  5
103A
330
A02
100
AcDbEntity
  8
Sketch065
100
AcDbSpline
210
0
220
0
230
1
 70
8
 71
1
 72
4
 73
2
 74
0
 40
0.000000000
 40
0.000000000
 40
1.000000000
 40
1.000000000
 10
-25.408078524
 20
-15.401106974
 30
0.000000000
 10
-25.414840466
 20
-15.397596064
 30
0.000000000
  0
SPLINE
  5
103B
330
A02
100
AcDbEntity
  8
Sketch065
100
AcDbSpline
210
0
220
0
230
1
 70
8
 71
3
 72
23
 73
19
 74
0
 40
0.000000000
 40
0.000000000
 40
0.000000000
 40
0.000000000
 40
0.125000000
 40
0.125000000
 40
0.125000000
 40
0.250000000
 40
0.250000000
 40
0.250000000
 40
0.500000000
 40
0.500000000
 40
0.500000000
 40
0.750000000
 40
0.750000000
 40
0.750000000
 40
0.875000000
 40
0.875000000
 40
0.875000000
 40
1.000000000
 40
1.000000000
 40
1.000000000
 40
1.000000000
 10
-25.408078524
 20
-15.401106974
 30
0.000000000
 10
-25.386822666
 20
-15.378729936
 30
0.000000000
 10
-25.370390041
 20
-15.361018560
 30
0.000000000
 10
-25.358780651
 20
-15.347972844
 30
0.000000000
 10
-25.347463129
 20
-15.335344827
 30
0.000000000
 10
-25.329802272
 20
-15.314574132
 30
0.000000000
 10
-25.315689015
 20
-15.296782075
 30
0.000000000
 10
-25.285947209
 20
-15.259512971
 30
0.000000000
 10
-25.258120766
 20
-15.220700458
 30
0.000000000
 10
-25.232209686
 20
-15.180344536
 30
0.000000000
 10
-25.205673335
 20
-15.139148988
 30
0.000000000
 10
-25.181515078
 20
-15.096929407
 30
0.000000000
 10
-25.159734916
 20
-15.053685790
 30
0.000000000
 10
-25.149612441
 20
-15.033553976
 30
0.000000000
 10
-25.136952563
 20
-15.006466470
 30
0.000000000
 10
-25.128859108
 20
-14.986853929
 30
0.000000000
 10
-25.121197539
 20
-14.968516632
 30
0.000000000
 10
-25.115109212
 20
-14.951441794
 30
0.000000000
 10
-25.104217468
 20
-14.919714631
 30
0.000000000
  0
SPLINE
  5
103C
330
A02
100
AcDbEntity
  8
Sketch065
100
AcDbSpline
210
0
220
0
230
1
 70
8
 71
1
 72
4
 73
2
 74
0
 40
0.000000000
 40
0.000000000
 40
1.000000000
 40
1.000000000
 10
-25.104217468
 20
-14.919714631
 30
0.000000000
 10
-25.111485003
 20
-14.916441166
 30
0.000000000
  0
ELLIPSE
  5
103D
330
A02
100
AcDbEntity
  8
Sketch065
100
AcDbEllipse
 10
-29.472005520
 20
-12.952362054
 30
0.000000000
 11
-6.010000000
 21
0.000000000
 31
0.000000000
 40
0.476557377
 41
2.384379948
 42
2.405576809
  0
LINE
  5
103E
330
A02
100
AcDbEntity
  8
Sketch065
100
AcDbLine
 10
-25.408078524
 20
-15.561223922
 30
0.000000000
 11
-25.408078524
 21
-15.401106974
 31
0.000000000
  0
ELLIPSE
  5
103F
330
A02
100
AcDbEntity
  8
Sketch065
100
AcDbEllipse
 10
-29.472005520
 20
-17.058833013
 30
0.000000000
 11
6.000000000
 21
0.000000000
 31
0.000000000
 40
0.476557377
 41
5.776544633
 42
5.959930254
  0
LINE
  5
1040
330
A02
100
AcDbEntity
  8
Sketch065
100
AcDbLine
 10
-24.225728361
 20
-18.446308841
 30
0.000000000
 11
-24.225728361
 21
-18.463501685
 31
0.000000000
  0
SPLINE
  5
1041
330
A02
100
AcDbEntity
  8
Sketch065
100
AcDbSpline
210
0
220
0
230
1
 70
8
 71
3
 72
11
 73
7
 74
0
 40
0.000000000
 40
0.000000000
 40
0.000000000
 40
0.000000000
 40
0.500000000
 40
0.500000000
 40
0.500000000
 40
1.000000000
 40
1.000000000
 40
1.000000000
 40
1.000000000
 10
-34.602581444
 20
-18.840239567
 30
0.000000000
 10
-34.786087690
 20
-18.694620814
 30
0.000000000
 10
-34.941288599
 20
-18.542758459
 30
0.000000000
 10
-35.068184170
 20
-18.384652503
 30
0.000000000
 10
-35.337199715
 20
-18.049763296
 30
0.000000000
 10
-35.472205090
 20
-17.694184619
 30
0.000000000
 10
-35.472005520
 20
-17.340158892
 30
0.000000000
  0
ELLIPSE
  5
1042
330
A02
100
AcDbEntity
  8
Sketch065
100
AcDbEllipse
 10
-29.472005520
 20
-17.058833013
 30
0.000000000
 11
6.000000000
 21
0.000000000
 31
0.000000000
 40
0.476557377
 41
3.682149530
 42
4.631206528
  0
LINE
  5
1043
330
A02
100
AcDbEntity
  8
Sketch065
100
AcDbLine
 10
-34.616538948
 20
-18.530290313
 30
0.000000000
 11
-34.616538948
 21
-18.811616192
 31
0.000000000
  0
SPLINE
  5
1044
330
A02
100
AcDbEntity
  8
Sketch065
100
AcDbSpline
210
0
220
0
230
1
 70
8
 71
3
 72
8
 73
4
 74
0
 40
0.000000197
 40
0.000000197
 40
0.000000197
 40
0.000000197
 40
0.000080181
 40
0.000080181
 40
0.000080181
 40
0.000080181
 10
-34.616538948
 20
-18.811616192
 30
0.000000000
 10
-34.617109570
 20
-18.835949109
 30
0.000000000
 10
-34.592016096
 20
-18.853364432
 30
0.000000000
 10
-34.565802085
 20
-18.849538638
 30
0.000000000
  0
LINE
  5
1045
330
A02
100
AcDbEntity
  8
Sketch065
100
AcDbLine
 10
-34.565802085
 20
-18.849538638
 30
0.000000000
 11
-34.218080132
 21
-18.808180035
 31
0.000000000
  0
SPLINE
  5
1046
330
A02
100
AcDbEntity
  8
Sketch065
100
AcDbSpline
210
0
220
0
230
1
 70
8
 71
3
 72
8
 73
4
 74
0
 40
0.000000197
 40
0.000000197
 40
0.000000197
 40
0.000000197
 40
0.000080181
 40
0.000080181
 40
0.000080181
 40
0.000080181
 10
-34.616538948
 20
-18.811616192
 30
0.000000000
 10
-34.617109570
 20
-18.835949109
 30
0.000000000
 10
-34.592016096
 20
-18.853364432
 30
0.000000000
 10
-34.565802085
 20
-18.849538638
 30
0.000000000
  0
ELLIPSE
  5
1047
330
A02
100
AcDbEntity
  8
Sketch065
100
AcDbEllipse
 10
-29.472005520
 20
-17.340158892
 30
0.000000000
 11
-6.000000000
 21
0.000000000
 31
0.000000000
 40
0.476557377
 41
-0.000000000
 42
0.540556877
  0
LINE
  5
1048
330
A02
100
AcDbEntity
  8
Sketch065
100
AcDbLine
 10
-35.472005520
 20
-9.076211204
 30
0.000000000
 11
-35.472005520
 21
-17.340158892
 31
0.000000000
  0
ELLIPSE
  5
1049
330
A02
100
AcDbEntity
  8
Sketch065
100
AcDbEllipse
 10
-29.472005520
 20
-9.076211204
 30
0.000000000
 11
-6.000000000
 21
0.000000000
 31
0.000000000
 40
0.476557377
 41
-0.000000000
 42
2.338983176
  0
ELLIPSE
  5
104A
330
A02
100
AcDbEntity
  8
Sketch065
100
AcDbEllipse
 10
-29.472005520
 20
-9.076211204
 30
0.000000000
 11
-6.000000000
 21
0.000000000
 31
0.000000000
 40
0.476557377
 41
2.338983176
 42
3.141592654
  0
LINE
  5
104B
330
A02
100
AcDbEntity
  8
Sketch065
100
AcDbLine
 10
-23.472005520
 20
-9.076211204
 30
0.000000000
 11
-23.472005520
 21
-15.952649040
 31
0.000000000
  0
LINE
  5
104C
330
A02
100
AcDbEntity
  8
Sketch065
100
AcDbLine
 10
-25.303011032
 20
-11.132570640
 30
0.000000000
 11
-25.303011032
 21
-15.268170421
 31
0.000000000
  0
ELLIPSE
  5
104D
330
A02
100
AcDbEntity
  8
Sketch065
100
AcDbEllipse
 10
-25.337752653
 20
-11.115434311
 30
0.000000000
 11
0.020911361
 21
-0.045417122
 31
0.000000000
 40
0.610857311
 41
0.924904422
 42
2.495700749
  0
ELLIPSE
  5
104E
330
A02
100
AcDbEntity
  8
Sketch065
100
AcDbEllipse
 10
-29.472005520
 20
-9.032254036
 30
0.000000000
 11
-5.950000000
 21
0.000000000
 31
0.000000000
 40
0.476557377
 41
2.338983176
 42
5.480575829
  0
ELLIPSE
  5
104F
330
A02
100
AcDbEntity
  8
Sketch065
100
AcDbEllipse
 10
-29.472005520
 20
-9.032254036
 30
0.000000000
 11
-5.950000000
 21
0.000000000
 31
0.000000000
 40
0.476557377
 41
5.480575829
 42
2.338983176
  0
SPLINE
  5
1050
330
A02
100
AcDbEntity
  8
Sketch065
100
AcDbSpline
210
0
220
0
230
1
 70
8
 71
3
 72
20
 73
16
 74
0
 40
0.000000000
 40
0.000000000
 40
0.000000000
 40
0.000000000
 40
0.100300828
 40
0.100300828
 40
0.100300828
 40
0.200601656
 40
0.200601656
 40
0.200601656
 40
0.493745856
 40
0.493745856
 40
0.493745856
 40
0.811793529
 40
0.811793529
 40
0.811793529
 40
1.000000000
 40
1.000000000
 40
1.000000000
 40
1.000000000
 10
-23.472005520
 20
-9.076211204
 30
0.000000000
 10
-23.471812385
 20
-8.723869534
 30
0.000000000
 10
-23.605517810
 20
-8.370003170
 30
0.000000000
 10
-23.871994168
 20
-8.036504453
 30
0.000000000
 10
-24.028366038
 20
-7.840663501
 30
0.000000000
 10
-24.227596465
 20
-7.654797490
 30
0.000000000
 10
-24.469685447
 20
-7.478906420
 30
0.000000000
 10
-25.172886824
 20
-6.966005029
 30
0.000000000
 10
-26.233898982
 20
-6.566088697
 30
0.000000000
 10
-27.445358448
 20
-6.359511956
 30
0.000000000
 10
-28.757562898
 20
-6.131967247
 30
0.000000000
 10
-30.237250078
 20
-6.134909635
 30
0.000000000
 10
-31.545406118
 20
-6.367650937
 30
0.000000000
 10
-32.319948733
 20
-6.503954093
 30
0.000000000
 10
-33.033737260
 20
-6.717982356
 30
0.000000000
 10
-33.627169748
 20
-6.991570976
 30
0.000000000
  0
ELLIPSE
  5
1051
330
A02
100
AcDbEntity
  8
Sketch065
100
AcDbEllipse
 10
-33.606258388
 20
-7.036988098
 30
0.000000000
 11
-0.020911361
 21
0.045417122
 31
0.000000000
 40
0.610857311
 41
0.000000000
 42
0.649542953
  0
SPLINE
  5
1052
330
A02
100
AcDbEntity
  8
Sketch065
100
AcDbSpline
210
0
220
0
230
1
 70
8
 71
3
 72
11
 73
7
 74
0
 40
0.000000000
 40
0.000000000
 40
0.000000000
 40
0.000000000
 40
0.535030023
 40
0.535030023
 40
0.535030023
 40
1.000000000
 40
1.000000000
 40
1.000000000
 40
1.000000000
 10
-33.627169748
 20
-6.991570976
 30
0.000000000
 10
-34.257177435
 20
-7.281097873
 30
0.000000000
 10
-34.750436347
 20
-7.637637186
 30
0.000000000
 10
-35.062900468
 20
-8.025152460
 30
0.000000000
 10
-35.335419350
 20
-8.361959011
 30
0.000000000
 10
-35.472215034
 20
-8.719879431
 30
0.000000000
 10
-35.472005520
 20
-9.076211204
 30
0.000000000
  0
ELLIPSE
  5
1053
330
A02
100
AcDbEntity
  8
Sketch065
100
AcDbEllipse
 10
-33.606258388
 20
-7.036988098
 30
0.000000000
 11
-0.020911361
 21
0.045417122
 31
0.000000000
 40
0.610857311
 41
5.637293403
 42
0.000000000
  0
LINE
  5
1054
330
A02
100
AcDbEntity
  8
Sketch065
100
AcDbLine
 10
-26.106274094
 20
-16.280487534
 30
0.000000000
 11
-26.111874312
 21
-16.276539362
 31
0.000000000
  0
LINE
  5
1055
330
A02
100
AcDbEntity
  8
Sketch065
100
AcDbLine
 10
-26.111874312
 20
-16.276539362
 30
0.000000000
 11
-26.111874312
 21
-16.120221799
 31
0.000000000
  0
ELLIPSE
  5
1056
330
A02
100
AcDbEntity
  8
Sketch065
100
AcDbEllipse
 10
-29.472005520
 20
-13.751318484
 30
0.000000000
 11
-6.000000000
 21
-0.000000000
 31
0.000000000
 40
0.476557377
 41
2.165208522
 42
2.260697293
  0
LINE
  5
1057
330
A02
100
AcDbEntity
  8
Sketch065
100
AcDbLine
 10
-25.646876112
 20
-15.960432318
 30
0.000000000
 11
-25.653240720
 21
-15.956756588
 31
0.000000000
  0
LINE
  5
1058
330
A02
100
AcDbEntity
  8
Sketch065
100
AcDbLine
 10
-25.646876112
 20
-15.960432318
 30
0.000000000
 11
-25.646876112
 21
-16.116749880
 31
0.000000000
  0
ELLIPSE
  5
1059
330
A02
100
AcDbEntity
  8
Sketch065
100
AcDbEllipse
 10
-29.472005520
 20
-13.907636047
 30
0.000000000
 11
-6.010000000
 21
0.000000000
 31
0.000000000
 40
0.476557377
 41
2.165208522
 42
2.260697293
  0
LINE
  5
105A
330
A02
100
AcDbEntity
  8
Sketch065
100
AcDbLine
 10
-26.106274094
 20
-16.280487534
 30
0.000000000
 11
-26.106274094
 21
-16.124169971
 31
0.000000000
  0
LINE
  5
105B
330
A02
100
AcDbEntity
  8
Sketch065
100
AcDbLine
 10
-26.106274094
 20
-16.124169971
 30
0.000000000
 11
-26.111874312
 21
-16.120221799
 31
0.000000000
  0
ELLIPSE
  5
105C
330
A02
100
AcDbEntity
  8
Sketch065
100
AcDbEllipse
 10
-29.472005520
 20
-13.751318484
 30
0.000000000
 11
-6.010000000
 21
0.000000000
 31
0.000000000
 40
0.476557377
 41
2.165208522
 42
2.260697293
  0
LINE
  5
105D
330
A02
100
AcDbEntity
  8
Sketch065
100
AcDbLine
 10
-26.824802484
 20
-16.878423566
 30
0.000000000
 11
-26.824802484
 21
-15.679988920
 31
0.000000000
  0
ELLIPSE
  5
105E
330
A02
100
AcDbEntity
  8
Sketch065
100
AcDbEllipse
 10
-29.472005520
 20
-13.108679616
 30
0.000000000
 11
-6.010000000
 21
0.000000000
 31
0.000000000
 40
0.476557377
 41
1.944596532
 42
2.026914439
  0
LINE
  5
105F
330
A02
100
AcDbEntity
  8
Sketch065
100
AcDbLine
 10
-27.277418875
 20
-15.775012366
 30
0.000000000
 11
-27.281070433
 21
-15.770575873
 31
0.000000000
  0
LINE
  5
1060
330
A02
100
AcDbEntity
  8
Sketch065
100
AcDbLine
 10
-27.281070433
 20
-15.770575873
 30
0.000000000
 11
-27.281070433
 21
-15.614258310
 31
0.000000000
  0
ELLIPSE
  5
1061
330
A02
100
AcDbEntity
  8
Sketch065
100
AcDbEllipse
 10
-29.472005520
 20
-12.952362054
 30
0.000000000
 11
-6.000000000
 21
-0.000000000
 31
0.000000000
 40
0.476557377
 41
1.944596532
 42
2.145452224
  0
LINE
  5
1062
330
A02
100
AcDbEntity
  8
Sketch065
100
AcDbLine
 10
-26.205294118
 20
-15.356436812
 30
0.000000000
 11
-26.210729578
 21
-15.352436688
 31
0.000000000
  0
LINE
  5
1063
330
A02
100
AcDbEntity
  8
Sketch065
100
AcDbLine
 10
-26.205294118
 20
-15.356436812
 30
0.000000000
 11
-26.205294118
 21
-15.512754375
 31
0.000000000
  0
ELLIPSE
  5
1064
330
A02
100
AcDbEntity
  8
Sketch065
100
AcDbEllipse
 10
-29.472005520
 20
-13.108679616
 30
0.000000000
 11
-6.010000000
 21
0.000000000
 31
0.000000000
 40
0.476557377
 41
2.063134318
 42
2.145452224
  0
LINE
  5
1065
330
A02
100
AcDbEntity
  8
Sketch065
100
AcDbLine
 10
-26.631153728
 20
-15.632619495
 30
0.000000000
 11
-26.631153728
 21
-16.831054140
 31
0.000000000
  0
ELLIPSE
  5
1066
330
A02
100
AcDbEntity
  8
Sketch065
100
AcDbEllipse
 10
-29.472005520
 20
-14.307114262
 30
0.000000000
 11
-6.010000000
 21
0.000000000
 31
0.000000000
 40
0.476557377
 41
2.026914439
 42
2.063134318
  0
LINE
  5
1067
330
A02
100
AcDbEntity
  8
Sketch065
100
AcDbLine
 10
-26.824802484
 20
-16.878423566
 30
0.000000000
 11
-26.829207148
 21
-16.874145181
 31
0.000000000
  0
LINE
  5
1068
330
A02
100
AcDbEntity
  8
Sketch065
100
AcDbLine
 10
-26.829207148
 20
-16.874145181
 30
0.000000000
 11
-26.829207148
 21
-15.681017713
 31
0.000000000
  0
LINE
  5
1069
330
A02
100
AcDbEntity
  8
Sketch065
100
AcDbLine
 10
-27.277418875
 20
-15.618694804
 30
0.000000000
 11
-27.281070433
 21
-15.614258310
 31
0.000000000
  0
ELLIPSE
  5
106A
330
A02
100
AcDbEntity
  8
Sketch065
100
AcDbEllipse
 10
-29.472005520
 20
-12.952362054
 30
0.000000000
 11
-6.010000000
 21
0.000000000
 31
0.000000000
 40
0.476557377
 41
1.944596532
 42
2.145452224
  0
LINE
  5
106B
330
A02
100
AcDbEntity
  8
Sketch065
100
AcDbLine
 10
-27.277418875
 20
-15.775012366
 30
0.000000000
 11
-27.277418875
 21
-15.618694804
 31
0.000000000
  0
ELLIPSE
  5
106C
330
A02
100
AcDbEntity
  8
Sketch065
100
AcDbEllipse
 10
-29.472005520
 20
-12.952362054
 30
0.000000000
 11
-6.010000000
 21
0.000000000
 31
0.000000000
 40
0.476557377
 41
1.894022468
 42
1.931425667
  0
SPLINE
  5
106D
330
A02
100
AcDbEntity
  8
Sketch065
100
AcDbSpline
210
0
220
0
230
1
 70
8
 71
1
 72
4
 73
2
 74
0
 40
0.000000000
 40
0.000000000
 40
1.000000000
 40
1.000000000
 10
-27.783284813
 20
-16.581916506
 30
0.000000000
 10
-27.566241803
 20
-15.663637012
 30
0.000000000
  0
SPLINE
  5
106E
330
A02
100
AcDbEntity
  8
Sketch065
100
AcDbSpline
210
0
220
0
230
1
 70
8
 71
1
 72
4
 73
2
 74
0
 40
0.000000000
 40
0.000000000
 40
1.000000000
 40
1.000000000
 10
-27.780470278
 20
-16.586489431
 30
0.000000000
 10
-27.783284813
 20
-16.581916506
 30
0.000000000
  0
SPLINE
  5
106F
330
A02
100
AcDbEntity
  8
Sketch065
100
AcDbSpline
210
0
220
0
230
1
 70
8
 71
1
 72
4
 73
2
 74
0
 40
0.000000000
 40
0.000000000
 40
1.000000000
 40
1.000000000
 10
-27.852124946
 20
-16.870852865
 30
0.000000000
 10
-27.783284813
 20
-16.581916506
 30
0.000000000
  0
SPLINE
  5
1070
330
A02
100
AcDbEntity
  8
Sketch065
100
AcDbSpline
210
0
220
0
230
1
 70
8
 71
2
 72
6
 73
3
 74
0
 40
0.000000000
 40
0.000000000
 40
0.000000000
 40
1.000000000
 40
1.000000000
 40
1.000000000
 10
-27.949698037
 20
-17.077822289
 30
0.000000000
 10
-28.105728394
 20
-16.579624880
 30
0.000000000
 10
-28.263724905
 20
-16.077412238
 30
0.000000000
  0
SPLINE
  5
1071
330
A02
100
AcDbEntity
  8
Sketch065
100
AcDbSpline
210
0
220
0
230
1
 70
8
 71
1
 72
4
 73
2
 74
0
 40
0.000000000
 40
0.000000000
 40
1.000000000
 40
1.000000000
 10
-28.263724905
 20
-16.077412238
 30
0.000000000
 10
-28.311318046
 20
-15.926196982
 30
0.000000000
  0
SPLINE
  5
1072
330
A02
100
AcDbEntity
  8
Sketch065
100
AcDbSpline
210
0
220
0
230
1
 70
8
 71
1
 72
4
 73
2
 74
0
 40
0.000000000
 40
0.000000000
 40
1.000000000
 40
1.000000000
 10
-28.311318046
 20
-15.926196982
 30
0.000000000
 10
-28.368711875
 20
-16.108928176
 30
0.000000000
  0
SPLINE
  5
1073
330
A02
100
AcDbEntity
  8
Sketch065
100
AcDbSpline
210
0
220
0
230
1
 70
8
 71
2
 72
6
 73
3
 74
0
 40
0.000000000
 40
0.000000000
 40
0.000000000
 40
1.000000000
 40
1.000000000
 40
1.000000000
 10
-28.368711875
 20
-16.108928176
 30
0.000000000
 10
-28.533040376
 20
-16.630363205
 30
0.000000000
 10
-28.698820306
 20
-17.147423598
 30
0.000000000
  0
ELLIPSE
  5
1074
330
A02
100
AcDbEntity
  8
Sketch065
100
AcDbEllipse
 10
-29.472005520
 20
-14.307114262
 30
0.000000000
 11
-6.010000000
 21
0.000000000
 31
0.000000000
 40
0.476557377
 41
1.656946898
 42
1.699803658
  0
SPLINE
  5
1075
330
A02
100
AcDbEntity
  8
Sketch065
100
AcDbSpline
210
0
220
0
230
1
 70
8
 71
2
 72
6
 73
3
 74
0
 40
0.000000000
 40
0.000000000
 40
0.000000000
 40
1.000000000
 40
1.000000000
 40
1.000000000
 10
-28.954880821
 20
-17.160602069
 30
0.000000000
 10
-29.148564090
 20
-16.491196450
 30
0.000000000
 10
-29.342923259
 20
-15.815811203
 30
0.000000000
  0
SPLINE
  5
1076
330
A02
100
AcDbEntity
  8
Sketch065
100
AcDbSpline
210
0
220
0
230
1
 70
8
 71
1
 72
4
 73
2
 74
0
 40
0.000000000
 40
0.000000000
 40
1.000000000
 40
1.000000000
 10
-29.342923259
 20
-15.815811203
 30
0.000000000
 10
-29.343138038
 20
-15.811046729
 30
0.000000000
  0
ELLIPSE
  5
1077
330
A02
100
AcDbEntity
  8
Sketch065
100
AcDbEllipse
 10
-29.472005520
 20
-12.952362054
 30
0.000000000
 11
-6.000000000
 21
-0.000000000
 31
0.000000000
 40
0.476557377
 41
1.592275892
 42
1.629679091
  0
SPLINE
  5
1078
330
A02
100
AcDbEntity
  8
Sketch065
100
AcDbSpline
210
0
220
0
230
1
 70
8
 71
1
 72
4
 73
2
 74
0
 40
0.000000000
 40
0.000000000
 40
1.000000000
 40
1.000000000
 10
-29.118913057
 20
-15.806750816
 30
0.000000000
 10
-28.890880472
 20
-16.689219173
 30
0.000000000
  0
SPLINE
  5
1079
330
A02
100
AcDbEntity
  8
Sketch065
100
AcDbSpline
210
0
220
0
230
1
 70
8
 71
1
 72
4
 73
2
 74
0
 40
0.000000000
 40
0.000000000
 40
1.000000000
 40
1.000000000
 10
-28.890880472
 20
-16.689219173
 30
0.000000000
 10
-28.820871144
 20
-16.960144757
 30
0.000000000
  0
SPLINE
  5
107A
330
A02
100
AcDbEntity
  8
Sketch065
100
AcDbSpline
210
0
220
0
230
1
 70
8
 71
1
 72
4
 73
2
 74
0
 40
0.000000000
 40
0.000000000
 40
1.000000000
 40
1.000000000
 10
-28.820871144
 20
-16.960144757
 30
0.000000000
 10
-28.742065023
 20
-16.715075294
 30
0.000000000
  0
SPLINE
  5
107B
330
A02
100
AcDbEntity
  8
Sketch065
100
AcDbSpline
210
0
220
0
230
1
 70
8
 71
1
 72
4
 73
2
 74
0
 40
0.000000000
 40
0.000000000
 40
1.000000000
 40
1.000000000
 10
-28.742065023
 20
-16.715075294
 30
0.000000000
 10
-28.441023916
 20
-15.769178058
 30
0.000000000
  0
ELLIPSE
  5
107C
330
A02
100
AcDbEntity
  8
Sketch065
100
AcDbEllipse
 10
-29.472005520
 20
-12.952362054
 30
0.000000000
 11
-6.000000000
 21
-0.000000000
 31
0.000000000
 40
0.476557377
 41
1.743483597
 42
1.787060639
  0
SPLINE
  5
107D
330
A02
100
AcDbEntity
  8
Sketch065
100
AcDbSpline
210
0
220
0
230
1
 70
8
 71
1
 72
4
 73
2
 74
0
 40
0.000000000
 40
0.000000000
 40
1.000000000
 40
1.000000000
 10
-28.182364934
 20
-15.749754957
 30
0.000000000
 10
-28.184510759
 20
-15.745100394
 30
0.000000000
  0
SPLINE
  5
107E
330
A02
100
AcDbEntity
  8
Sketch065
100
AcDbSpline
210
0
220
0
230
1
 70
8
 71
1
 72
4
 73
2
 74
0
 40
0.000000000
 40
0.000000000
 40
0.999994575
 40
0.999994575
 10
-28.182364934
 20
-15.749754957
 30
0.000000000
 10
-27.967953169
 20
-16.404062704
 30
0.000000000
  0
SPLINE
  5
107F
330
A02
100
AcDbEntity
  8
Sketch065
100
AcDbSpline
210
0
220
0
230
1
 70
8
 71
2
 72
8
 73
5
 74
0
 40
0.000000000
 40
0.000000000
 40
0.000000000
 40
0.499999778
 40
0.499999778
 40
0.999999555
 40
0.999999555
 40
0.999999555
 10
-27.967953169
 20
-16.404062704
 30
0.000000000
 10
-27.929267086
 20
-16.537008219
 30
0.000000000
 10
-27.903779150
 20
-16.638306441
 30
0.000000000
 10
-27.877140089
 20
-16.744156737
 30
0.000000000
 10
-27.849425194
 20
-16.875441240
 30
0.000000000
  0
SPLINE
  5
1080
330
A02
100
AcDbEntity
  8
Sketch065
100
AcDbSpline
210
0
220
0
230
1
 70
8
 71
1
 72
4
 73
2
 74
0
 40
0.000000783
 40
0.000000783
 40
1.000000000
 40
1.000000000
 10
-27.849425194
 20
-16.875441240
 30
0.000000000
 10
-27.780470278
 20
-16.586489431
 30
0.000000000
  0
SPLINE
  5
1081
330
A02
100
AcDbEntity
  8
Sketch065
100
AcDbSpline
210
0
220
0
230
1
 70
8
 71
1
 72
4
 73
2
 74
0
 40
0.000000000
 40
0.000000000
 40
1.000000000
 40
1.000000000
 10
-27.780470278
 20
-16.586489431
 30
0.000000000
 10
-27.563065530
 20
-15.668155804
 30
0.000000000
  0
SPLINE
  5
1082
330
A02
100
AcDbEntity
  8
Sketch065
100
AcDbSpline
210
0
220
0
230
1
 70
8
 71
1
 72
4
 73
2
 74
0
 40
0.000000000
 40
0.000000000
 40
1.000000000
 40
1.000000000
 10
-27.563065530
 20
-15.668155804
 30
0.000000000
 10
-27.566241803
 20
-15.663637012
 30
0.000000000
  0
ELLIPSE
  5
1083
330
A02
100
AcDbEntity
  8
Sketch065
100
AcDbEllipse
 10
-29.472005520
 20
-12.952362054
 30
0.000000000
 11
-6.000000000
 21
-0.000000000
 31
0.000000000
 40
0.476557377
 41
1.894022468
 42
1.931425667
  0
SPLINE
  5
1084
330
A02
100
AcDbEntity
  8
Sketch065
100
AcDbSpline
210
0
220
0
230
1
 70
8
 71
1
 72
4
 73
2
 74
0
 40
0.000000000
 40
0.000000000
 40
1.000000000
 40
1.000000000
 10
-27.351297921
 20
-15.632237845
 30
0.000000000
 10
-27.354826553
 20
-15.627778817
 30
0.000000000
  0
SPLINE
  5
1085
330
A02
100
AcDbEntity
  8
Sketch065
100
AcDbSpline
210
0
220
0
230
1
 70
8
 71
2
 72
6
 73
3
 74
0
 40
0.000000000
 40
0.000000000
 40
0.000000000
 40
1.000000000
 40
1.000000000
 40
1.000000000
 10
-27.351297921
 20
-15.632237845
 30
0.000000000
 10
-27.533342513
 20
-16.342329893
 30
0.000000000
 10
-27.719444798
 20
-17.046744386
 30
0.000000000
  0
ELLIPSE
  5
1086
330
A02
100
AcDbEntity
  8
Sketch065
100
AcDbEllipse
 10
-29.472005520
 20
-14.307114262
 30
0.000000000
 11
-6.010000000
 21
0.000000000
 31
0.000000000
 40
0.476557377
 41
1.826881926
 42
1.866703213
  0
SPLINE
  5
1087
330
A02
100
AcDbEntity
  8
Sketch065
100
AcDbSpline
210
0
220
0
230
1
 70
8
 71
1
 72
4
 73
2
 74
0
 40
0.000000000
 40
0.000000000
 40
1.000000000
 40
1.000000000
 10
-27.949698037
 20
-17.077822289
 30
0.000000000
 10
-27.952230995
 20
-17.073212126
 30
0.000000000
  0
SPLINE
  5
1088
330
A02
100
AcDbEntity
  8
Sketch065
100
AcDbSpline
210
0
220
0
230
1
 70
8
 71
2
 72
6
 73
3
 74
0
 40
0.000000000
 40
0.000000000
 40
0.000000000
 40
1.000000000
 40
1.000000000
 40
1.000000000
 10
-27.952230995
 20
-17.073212126
 30
0.000000000
 10
-28.108001734
 20
-16.574982322
 30
0.000000000
 10
-28.265735356
 20
-16.072743967
 30
0.000000000
  0
SPLINE
  5
1089
330
A02
100
AcDbEntity
  8
Sketch065
100
AcDbSpline
210
0
220
0
230
1
 70
8
 71
1
 72
4
 73
2
 74
0
 40
0.000000000
 40
0.000000000
 40
1.000000000
 40
1.000000000
 10
-28.265735356
 20
-16.072743967
 30
0.000000000
 10
-28.313249307
 20
-15.921521125
 30
0.000000000
  0
SPLINE
  5
108A
330
A02
100
AcDbEntity
  8
Sketch065
100
AcDbSpline
210
0
220
0
230
1
 70
8
 71
1
 72
4
 73
2
 74
0
 40
0.000000000
 40
0.000000000
 40
1.000000000
 40
1.000000000
 10
-28.263724905
 20
-16.077412238
 30
0.000000000
 10
-28.265735356
 20
-16.072743967
 30
0.000000000
  0
ELLIPSE
  5
108B
330
A02
100
AcDbEntity
  8
Sketch065
100
AcDbEllipse
 10
-29.472005520
 20
-12.952362054
 30
0.000000000
 11
-6.010000000
 21
0.000000000
 31
0.000000000
 40
0.476557377
 41
1.743483597
 42
1.787060639
  0
SPLINE
  5
108C
330
A02
100
AcDbEntity
  8
Sketch065
100
AcDbSpline
210
0
220
0
230
1
 70
8
 71
1
 72
4
 73
2
 74
0
 40
0.000000000
 40
0.000000000
 40
1.000000000
 40
1.000000000
 10
-28.439305613
 20
-15.773872751
 30
0.000000000
 10
-28.441023916
 20
-15.769178058
 30
0.000000000
  0
SPLINE
  5
108D
330
A02
100
AcDbEntity
  8
Sketch065
100
AcDbSpline
210
0
220
0
230
1
 70
8
 71
1
 72
4
 73
2
 74
0
 40
0.000000000
 40
0.000000000
 40
1.000000000
 40
1.000000000
 10
-28.740848455
 20
-16.719805470
 30
0.000000000
 10
-28.439305613
 20
-15.773872751
 30
0.000000000
  0
SPLINE
  5
108E
330
A02
100
AcDbEntity
  8
Sketch065
100
AcDbSpline
210
0
220
0
230
1
 70
8
 71
1
 72
4
 73
2
 74
0
 40
0.000000000
 40
0.000000000
 40
1.000000000
 40
1.000000000
 10
-28.740848455
 20
-16.719805470
 30
0.000000000
 10
-28.742065023
 20
-16.715075294
 30
0.000000000
  0
SPLINE
  5
108F
330
A02
100
AcDbEntity
  8
Sketch065
100
AcDbSpline
210
0
220
0
230
1
 70
8
 71
1
 72
4
 73
2
 74
0
 40
0.000000000
 40
0.000000000
 40
1.000000000
 40
1.000000000
 10
-28.819785920
 20
-16.964882185
 30
0.000000000
 10
-28.740848455
 20
-16.719805470
 30
0.000000000
  0
SPLINE
  5
1090
330
A02
100
AcDbEntity
  8
Sketch065
100
AcDbSpline
210
0
220
0
230
1
 70
8
 71
1
 72
4
 73
2
 74
0
 40
0.000000000
 40
0.000000000
 40
1.000000000
 40
1.000000000
 10
-28.819785920
 20
-16.964882185
 30
0.000000000
 10
-28.820871144
 20
-16.960144757
 30
0.000000000
  0
SPLINE
  5
1091
330
A02
100
AcDbEntity
  8
Sketch065
100
AcDbSpline
210
0
220
0
230
1
 70
8
 71
1
 72
4
 73
2
 74
0
 40
0.000000000
 40
0.000000000
 40
1.000000000
 40
1.000000000
 10
-28.889911930
 20
-16.693962341
 30
0.000000000
 10
-28.819785920
 20
-16.964882185
 30
0.000000000
  0
SPLINE
  5
1092
330
A02
100
AcDbEntity
  8
Sketch065
100
AcDbSpline
210
0
220
0
230
1
 70
8
 71
1
 72
4
 73
2
 74
0
 40
0.000000000
 40
0.000000000
 40
1.000000000
 40
1.000000000
 10
-28.889911930
 20
-16.693962341
 30
0.000000000
 10
-28.890880472
 20
-16.689219173
 30
0.000000000
  0
SPLINE
  5
1093
330
A02
100
AcDbEntity
  8
Sketch065
100
AcDbSpline
210
0
220
0
230
1
 70
8
 71
1
 72
4
 73
2
 74
0
 40
0.000000000
 40
0.000000000
 40
1.000000000
 40
1.000000000
 10
-29.118324569
 20
-15.811508130
 30
0.000000000
 10
-28.889911930
 20
-16.693962341
 30
0.000000000
  0
SPLINE
  5
1094
330
A02
100
AcDbEntity
  8
Sketch065
100
AcDbSpline
210
0
220
0
230
1
 70
8
 71
1
 72
4
 73
2
 74
0
 40
0.000000000
 40
0.000000000
 40
1.000000000
 40
1.000000000
 10
-29.118324569
 20
-15.811508130
 30
0.000000000
 10
-29.118913057
 20
-15.806750816
 30
0.000000000
  0
ELLIPSE
  5
1095
330
A02
100
AcDbEntity
  8
Sketch065
100
AcDbEllipse
 10
-29.472005520
 20
-12.952362054
 30
0.000000000
 11
-6.010000000
 21
0.000000000
 31
0.000000000
 40
0.476557377
 41
1.592275892
 42
1.629679091
  0
ELLIPSE
  5
1096
330
A02
100
AcDbEntity
  8
Sketch065
100
AcDbEllipse
 10
-29.472005520
 20
-9.911397407
 30
0.000000000
 11
1.150000000
 21
0.000000000
 31
0.000000000
 40
0.476557377
 41
0.930766805
 42
2.210825848
  0
SPLINE
  5
1097
330
A02
100
AcDbEntity
  8
Sketch065
100
AcDbSpline
210
0
220
0
230
1
 70
8
 71
2
 72
18
 73
15
 74
0
 40
0.000000000
 40
0.000000000
 40
0.000000000
 40
0.250000000
 40
0.250000000
 40
0.500000000
 40
0.500000000
 40
0.625000000
 40
0.625000000
 40
0.750000000
 40
0.750000000
 40
0.875000000
 40
0.875000000
 40
0.937500000
 40
0.937500000
 40
1.000000000
 40
1.000000000
 40
1.000000000
 10
-24.001348135
 20
-14.812719002
 30
0.000000000
 10
-24.001001092
 20
-14.915398276
 30
0.000000000
 10
-23.998644977
 20
-14.974802553
 30
0.000000000
 10
-23.994862511
 20
-15.069977221
 30
0.000000000
 10
-23.986879023
 20
-15.125145098
 30
0.000000000
 10
-23.981053331
 20
-15.165821723
 30
0.000000000
 10
-23.973550786
 20
-15.187774047
 30
0.000000000
 10
-23.965045276
 20
-15.212530423
 30
0.000000000
 10
-23.950554331
 20
-15.226762675
 30
0.000000000
 10
-23.936223390
 20
-15.240989367
 30
0.000000000
 10
-23.920493765
 20
-15.237566076
 30
0.000000000
 10
-23.911881119
 20
-15.235575363
 30
0.000000000
 10
-23.903591557
 20
-15.229321024
 30
0.000000000
 10
-23.897331383
 20
-15.224619539
 30
0.000000000
 10
-23.886364015
 20
-15.212316448
 30
0.000000000
  0
SPLINE
  5
1098
330
A02
100
AcDbEntity
  8
Sketch065
100
AcDbSpline
210
0
220
0
230
1
 70
8
 71
1
 72
4
 73
2
 74
0
 40
0.000000000
 40
0.000000000
 40
1.000000000
 40
1.000000000
 10
-23.886364015
 20
-15.212316448
 30
0.000000000
 10
-23.877057034
 20
-15.214059424
 30
0.000000000
  0
SPLINE
  5
1099
330
A02
100
AcDbEntity
  8
Sketch065
100
AcDbSpline
210
0
220
0
230
1
 70
8
 71
2
 72
18
 73
15
 74
0
 40
0.000000000
 40
0.000000000
 40
0.000000000
 40
0.062500000
 40
0.062500000
 40
0.125000000
 40
0.125000000
 40
0.250000000
 40
0.250000000
 40
0.375000000
 40
0.375000000
 40
0.500000000
 40
0.500000000
 40
0.750000000
 40
0.750000000
 40
1.000000000
 40
1.000000000
 40
1.000000000
 10
-23.877057034
 20
-15.214059424
 30
0.000000000
 10
-23.866072563
 20
-15.199677609
 30
0.000000000
 10
-23.860139618
 20
-15.189608662
 30
0.000000000
 10
-23.852305151
 20
-15.176334383
 30
0.000000000
 10
-23.844216233
 20
-15.157696386
 30
0.000000000
 10
-23.829443774
 20
-15.123694065
 30
0.000000000
 10
-23.817225648
 20
-15.077809317
 30
0.000000000
 10
-23.804944679
 20
-15.031598196
 30
0.000000000
 10
-23.797861738
 20
-14.987226302
 30
0.000000000
 10
-23.791610472
 20
-14.948201054
 30
0.000000000
 10
-23.786985859
 20
-14.895251295
 30
0.000000000
 10
-23.780548137
 20
-14.821484343
 30
0.000000000
 10
-23.777638828
 20
-14.719300368
 30
0.000000000
 10
-23.775766833
 20
-14.653759713
 30
0.000000000
 10
-23.775524658
 20
-14.551400659
 30
0.000000000
  0
SPLINE
  5
109A
330
A02
100
AcDbEntity
  8
Sketch065
100
AcDbSpline
210
0
220
0
230
1
 70
8
 71
3
 72
23
 73
19
 74
0
 40
0.000000000
 40
0.000000000
 40
0.000000000
 40
0.000000000
 40
0.249997754
 40
0.249997754
 40
0.249997754
 40
0.499995508
 40
0.499995508
 40
0.499995508
 40
0.749993262
 40
0.749993262
 40
0.749993262
 40
0.874992139
 40
0.874992139
 40
0.874992139
 40
0.937491577
 40
0.937491577
 40
0.937491577
 40
0.999991016
 40
0.999991016
 40
0.999991016
 40
0.999991016
 10
-23.775524658
 20
-14.551400659
 30
0.000000000
 10
-23.775680177
 20
-14.485418268
 30
0.000000000
 10
-23.776413363
 20
-14.431328609
 30
0.000000000
 10
-23.777724216
 20
-14.389131684
 30
0.000000000
 10
-23.779652176
 20
-14.326868901
 30
0.000000000
 10
-23.782802071
 20
-14.276848661
 30
0.000000000
 10
-23.787173902
 20
-14.239070961
 30
0.000000000
 10
-23.793178209
 20
-14.187347787
 30
0.000000000
 10
-23.800951806
 20
-14.157880095
 30
0.000000000
 10
-23.817562794
 20
-14.138237546
 30
0.000000000
 10
-23.825600246
 20
-14.129289661
 30
0.000000000
 10
-23.834672717
 20
-14.126234242
 30
0.000000000
 10
-23.844780209
 20
-14.129071289
 30
0.000000000
 10
-23.849795223
 20
-14.130477955
 30
0.000000000
 10
-23.855154598
 20
-14.133493182
 30
0.000000000
 10
-23.860858332
 20
-14.138116969
 30
0.000000000
 10
-23.864863946
 20
-14.141378296
 30
0.000000000
 10
-23.870525238
 20
-14.147181834
 30
0.000000000
 10
-23.877842207
 20
-14.155527581
 30
0.000000000
  0
SPLINE
  5
109B
330
A02
100
AcDbEntity
  8
Sketch065
100
AcDbSpline
210
0
220
0
230
1
 70
8
 71
3
 72
23
 73
19
 74
0
 40
0.000000000
 40
0.000000000
 40
0.000000000
 40
0.000000000
 40
0.250000000
 40
0.250000000
 40
0.250000000
 40
0.500000000
 40
0.500000000
 40
0.500000000
 40
0.750000000
 40
0.750000000
 40
0.750000000
 40
0.875000000
 40
0.875000000
 40
0.875000000
 40
0.937500000
 40
0.937500000
 40
0.937500000
 40
1.000000000
 40
1.000000000
 40
1.000000000
 40
1.000000000
 10
-23.785002995
 20
-14.549881561
 30
0.000000000
 10
-23.785162303
 20
-14.483776511
 30
0.000000000
 10
-23.785894270
 20
-14.429685127
 30
0.000000000
 10
-23.787198894
 20
-14.387607409
 30
0.000000000
 10
-23.789122524
 20
-14.325356555
 30
0.000000000
 10
-23.792267178
 20
-14.275328975
 30
0.000000000
 10
-23.796632856
 20
-14.237524668
 30
0.000000000
 10
-23.802550824
 20
-14.186056227
 30
0.000000000
 10
-23.810407781
 20
-14.156239184
 30
0.000000000
 10
-23.826971185
 20
-14.136622713
 30
0.000000000
 10
-23.835001799
 20
-14.127663432
 30
0.000000000
 10
-23.844059175
 20
-14.124588443
 30
0.000000000
 10
-23.854143313
 20
-14.127397746
 30
0.000000000
 10
-23.859160436
 20
-14.128805253
 30
0.000000000
 10
-23.864510893
 20
-14.131809278
 30
0.000000000
 10
-23.870194683
 20
-14.136409820
 30
0.000000000
 10
-23.874180435
 20
-14.139649931
 30
0.000000000
 10
-23.879833359
 20
-14.145443101
 30
0.000000000
 10
-23.887153457
 20
-14.153789331
 30
0.000000000
  0
SPLINE
  5
109C
330
A02
100
AcDbEntity
  8
Sketch065
100
AcDbSpline
210
0
220
0
230
1
 70
8
 71
2
 72
18
 73
15
 74
0
 40
0.000000000
 40
0.000000000
 40
0.000000000
 40
0.062500000
 40
0.062500000
 40
0.125000000
 40
0.125000000
 40
0.250000000
 40
0.250000000
 40
0.375000000
 40
0.375000000
 40
0.500000000
 40
0.500000000
 40
0.750000000
 40
0.750000000
 40
1.000000000
 40
1.000000000
 40
1.000000000
 10
-23.886364015
 20
-15.212316448
 30
0.000000000
 10
-23.875544937
 20
-15.198201530
 30
0.000000000
 10
-23.869477165
 20
-15.187902999
 30
0.000000000
 10
-23.861364438
 20
-15.173969748
 30
0.000000000
 10
-23.853580275
 20
-15.156024035
 30
0.000000000
 10
-23.838833344
 20
-15.122049558
 30
0.000000000
 10
-23.826634599
 20
-15.076195227
 30
0.000000000
 10
-23.814310677
 20
-15.029604575
 30
0.000000000
 10
-23.807302909
 20
-14.985655521
 30
0.000000000
 10
-23.801064573
 20
-14.946658230
 30
0.000000000
 10
-23.796445127
 20
-14.893705436
 30
0.000000000
 10
-23.790022028
 20
-14.820013923
 30
0.000000000
 10
-23.787113648
 20
-14.717776294
 30
0.000000000
 10
-23.785250458
 20
-14.652487580
 30
0.000000000
 10
-23.785002995
 20
-14.549881561
 30
0.000000000
  0
SPLINE
  5
109D
330
A02
100
AcDbEntity
  8
Sketch065
100
AcDbSpline
210
0
220
0
230
1
 70
8
 71
1
 72
4
 73
2
 74
0
 40
0.000000000
 40
0.000000000
 40
1.000000000
 40
1.000000000
 10
-23.785002995
 20
-14.549881561
 30
0.000000000
 10
-23.775524658
 20
-14.551400659
 30
0.000000000
  0
SPLINE
  5
109E
330
A02
100
AcDbEntity
  8
Sketch065
100
AcDbSpline
210
0
220
0
230
1
 70
8
 71
3
 72
23
 73
19
 74
0
 40
0.000000000
 40
0.000000000
 40
0.000000000
 40
0.000000000
 40
0.249997754
 40
0.249997754
 40
0.249997754
 40
0.499995508
 40
0.499995508
 40
0.499995508
 40
0.749993262
 40
0.749993262
 40
0.749993262
 40
0.874992139
 40
0.874992139
 40
0.874992139
 40
0.937491577
 40
0.937491577
 40
0.937491577
 40
0.999991016
 40
0.999991016
 40
0.999991016
 40
0.999991016
 10
-23.775524658
 20
-14.551400659
 30
0.000000000
 10
-23.775680177
 20
-14.485418268
 30
0.000000000
 10
-23.776413363
 20
-14.431328609
 30
0.000000000
 10
-23.777724216
 20
-14.389131684
 30
0.000000000
 10
-23.779652176
 20
-14.326868901
 30
0.000000000
 10
-23.782802071
 20
-14.276848661
 30
0.000000000
 10
-23.787173902
 20
-14.239070961
 30
0.000000000
 10
-23.793178209
 20
-14.187347787
 30
0.000000000
 10
-23.800951806
 20
-14.157880095
 30
0.000000000
 10
-23.817562794
 20
-14.138237546
 30
0.000000000
 10
-23.825600246
 20
-14.129289661
 30
0.000000000
 10
-23.834672717
 20
-14.126234242
 30
0.000000000
 10
-23.844780209
 20
-14.129071289
 30
0.000000000
 10
-23.849795223
 20
-14.130477955
 30
0.000000000
 10
-23.855154598
 20
-14.133493182
 30
0.000000000
 10
-23.860858332
 20
-14.138116969
 30
0.000000000
 10
-23.864863946
 20
-14.141378296
 30
0.000000000
 10
-23.870525238
 20
-14.147181834
 30
0.000000000
 10
-23.877842207
 20
-14.155527581
 30
0.000000000
  0
SPLINE
  5
109F
330
A02
100
AcDbEntity
  8
Sketch065
100
AcDbSpline
210
0
220
0
230
1
 70
8
 71
2
 72
12
 73
9
 74
0
 40
0.000000000
 40
0.000000000
 40
0.000000000
 40
0.250000000
 40
0.250000000
 40
0.500000000
 40
0.500000000
 40
0.750000000
 40
0.750000000
 40
1.000000000
 40
1.000000000
 40
1.000000000
 10
-23.877842207
 20
-14.155527581
 30
0.000000000
 10
-23.891162796
 20
-14.172483847
 30
0.000000000
 10
-23.899897321
 20
-14.187524123
 30
0.000000000
 10
-23.911188560
 20
-14.206903375
 30
0.000000000
 10
-23.921192912
 20
-14.230520100
 30
0.000000000
 10
-23.931376268
 20
-14.254571838
 30
0.000000000
 10
-23.940234585
 20
-14.282177557
 30
0.000000000
 10
-23.946552810
 20
-14.301925182
 30
0.000000000
 10
-23.956138583
 20
-14.338792027
 30
0.000000000
  0
SPLINE
  5
10A0
330
A02
100
AcDbEntity
  8
Sketch065
100
AcDbSpline
210
0
220
0
230
1
 70
8
 71
2
 72
14
 73
11
 74
0
 40
0.000003538
 40
0.000003538
 40
0.000003538
 40
0.125003096
 40
0.125003096
 40
0.250002654
 40
0.250002654
 40
0.500001769
 40
0.500001769
 40
0.750000885
 40
0.750000885
 40
1.000000000
 40
1.000000000
 40
1.000000000
 10
-23.956138583
 20
-14.338792027
 30
0.000000000
 10
-23.964264358
 20
-14.377687887
 30
0.000000000
 10
-23.967969619
 20
-14.401413935
 30
0.000000000
 10
-23.972266531
 20
-14.429017587
 30
0.000000000
 10
-23.976211699
 20
-14.463494912
 30
0.000000000
 10
-23.982580352
 20
-14.519143224
 30
0.000000000
 10
-23.986273790
 20
-14.584317895
 30
0.000000000
 10
-23.988606198
 20
-14.642695563
 30
0.000000000
 10
-23.990938607
 20
-14.701073230
 30
0.000000000
 10
-23.991826616
 20
-14.740223329
 30
0.000000000
 10
-23.992230372
 20
-14.814676163
 30
0.000000000
  0
SPLINE
  5
10A1
330
A02
100
AcDbEntity
  8
Sketch065
100
AcDbSpline
210
0
220
0
230
1
 70
8
 71
2
 72
18
 73
15
 74
0
 40
0.000000000
 40
0.000000000
 40
0.000000000
 40
0.249998271
 40
0.249998271
 40
0.499996542
 40
0.499996542
 40
0.624995678
 40
0.624995678
 40
0.749994813
 40
0.749994813
 40
0.874993949
 40
0.874993949
 40
0.937493517
 40
0.937493517
 40
0.999993085
 40
0.999993085
 40
0.999993085
 10
-23.992230372
 20
-14.814676163
 30
0.000000000
 10
-23.991909978
 20
-14.916682106
 30
0.000000000
 10
-23.989522709
 20
-14.976754941
 30
0.000000000
 10
-23.985731616
 20
-15.071948194
 30
0.000000000
 10
-23.977737145
 20
-15.127076542
 30
0.000000000
 10
-23.971814282
 20
-15.168006541
 30
0.000000000
 10
-23.964386695
 20
-15.189681434
 30
0.000000000
 10
-23.955868347
 20
-15.214427670
 30
0.000000000
 10
-23.941351912
 20
-15.228627682
 30
0.000000000
 10
-23.926891122
 20
-15.242810827
 30
0.000000000
 10
-23.911241245
 20
-15.239373911
 30
0.000000000
 10
-23.902780794
 20
-15.237497150
 30
0.000000000
 10
-23.894310867
 20
-15.231095764
 30
0.000000000
 10
-23.888019714
 20
-15.226362538
 30
0.000000000
 10
-23.877057034
 20
-15.214059424
 30
0.000000000
  0
SPLINE
  5
10A2
330
A02
100
AcDbEntity
  8
Sketch065
100
AcDbSpline
210
0
220
0
230
1
 70
8
 71
2
 72
18
 73
15
 74
0
 40
0.000000000
 40
0.000000000
 40
0.000000000
 40
0.249998271
 40
0.249998271
 40
0.499996542
 40
0.499996542
 40
0.624995678
 40
0.624995678
 40
0.749994813
 40
0.749994813
 40
0.874993949
 40
0.874993949
 40
0.937493517
 40
0.937493517
 40
0.999993085
 40
0.999993085
 40
0.999993085
 10
-23.992230372
 20
-14.814676163
 30
0.000000000
 10
-23.991909978
 20
-14.916682106
 30
0.000000000
 10
-23.989522709
 20
-14.976754941
 30
0.000000000
 10
-23.985731616
 20
-15.071948194
 30
0.000000000
 10
-23.977737145
 20
-15.127076542
 30
0.000000000
 10
-23.971814282
 20
-15.168006541
 30
0.000000000
 10
-23.964386695
 20
-15.189681434
 30
0.000000000
 10
-23.955868347
 20
-15.214427670
 30
0.000000000
 10
-23.941351912
 20
-15.228627682
 30
0.000000000
 10
-23.926891122
 20
-15.242810827
 30
0.000000000
 10
-23.911241245
 20
-15.239373911
 30
0.000000000
 10
-23.902780794
 20
-15.237497150
 30
0.000000000
 10
-23.894310867
 20
-15.231095764
 30
0.000000000
 10
-23.888019714
 20
-15.226362538
 30
0.000000000
 10
-23.877057034
 20
-15.214059424
 30
0.000000000
  0
ELLIPSE
  5
10A3
330
A02
100
AcDbEntity
  8
Sketch065
100
AcDbEllipse
 10
-10.395438025
 20
-23.022939879
 30
0.000000000
 11
-0.552955788
 21
-1.121044110
 31
0.000000000
 40
0.632255021
 41
3.141592654
 42
5.544010039
  0
SPLINE
  5
10A4
330
A02
100
AcDbEntity
  8
Sketch065
100
AcDbSpline
210
0
220
0
230
1
 70
8
 71
3
 72
17
 73
13
 74
0
 40
0.000000000
 40
0.000000000
 40
0.000000000
 40
0.000000000
 40
0.191164566
 40
0.191164566
 40
0.191164566
 40
0.542261312
 40
0.542261312
 40
0.542261312
 40
0.808835434
 40
0.808835434
 40
0.808835434
 40
1.000000000
 40
1.000000000
 40
1.000000000
 40
1.000000000
 10
-10.948393813
 20
-24.143983989
 30
0.000000000
 10
-10.826579210
 20
-24.203610995
 30
0.000000000
 10
-10.696958679
 20
-24.233973341
 30
0.000000000
 10
-10.559532221
 20
-24.235071026
 30
0.000000000
 10
-10.309808730
 20
-24.237470190
 30
0.000000000
 10
-10.058703139
 20
-24.134075518
 30
0.000000000
 10
-9.857092803
 20
-23.962303694
 30
0.000000000
 10
-9.703254050
 20
-23.832321190
 30
0.000000000
 10
-9.575070974
 20
-23.664467502
 30
0.000000000
 10
-9.482741242
 20
-23.478701822
 30
0.000000000
 10
-9.379328557
 20
-23.270736371
 30
0.000000000
 10
-9.320919663
 20
-23.040327623
 30
0.000000000
 10
-9.320955720
 20
-22.815985183
 30
0.000000000
  0
SPLINE
  5
10A5
330
A02
100
AcDbEntity
  8
Sketch065
100
AcDbSpline
210
0
220
0
230
1
 70
8
 71
3
 72
17
 73
13
 74
0
 40
0.000000000
 40
0.000000000
 40
0.000000000
 40
0.000000000
 40
0.191164566
 40
0.191164566
 40
0.191164566
 40
0.542261312
 40
0.542261312
 40
0.542261312
 40
0.808835434
 40
0.808835434
 40
0.808835434
 40
1.000000000
 40
1.000000000
 40
1.000000000
 40
1.000000000
 10
-10.948393813
 20
-24.143983989
 30
0.000000000
 10
-10.826579210
 20
-24.203610995
 30
0.000000000
 10
-10.696958679
 20
-24.233973341
 30
0.000000000
 10
-10.559532221
 20
-24.235071026
 30
0.000000000
 10
-10.309808730
 20
-24.237470190
 30
0.000000000
 10
-10.058703139
 20
-24.134075518
 30
0.000000000
 10
-9.857092803
 20
-23.962303694
 30
0.000000000
 10
-9.703254050
 20
-23.832321190
 30
0.000000000
 10
-9.575070974
 20
-23.664467502
 30
0.000000000
 10
-9.482741242
 20
-23.478701822
 30
0.000000000
 10
-9.379328557
 20
-23.270736371
 30
0.000000000
 10
-9.320919663
 20
-23.040327623
 30
0.000000000
 10
-9.320955720
 20
-22.815985183
 30
0.000000000
  0
ELLIPSE
  5
10A6
330
A02
100
AcDbEntity
  8
Sketch065
100
AcDbEllipse
 10
-9.961167766
 20
-23.237143986
 30
0.000000000
 11
-0.276477894
 21
-0.560522055
 31
0.000000000
 40
0.632255021
 41
2.233312867
 42
0.720606192
  0
ELLIPSE
  5
10A7
330
A02
100
AcDbEntity
  8
Sketch065
100
AcDbEllipse
 10
-9.961167766
 20
-23.237143986
 30
0.000000000
 11
-0.276477894
 21
-0.560522055
 31
0.000000000
 40
0.632255021
 41
1.820812945
 42
2.233312867
  0
ELLIPSE
  5
10A8
330
A02
100
AcDbEntity
  8
Sketch065
100
AcDbEllipse
 10
-9.945955720
 20
-22.815985183
 30
0.000000000
 11
-0.625000000
 21
0.000000000
 31
0.000000000
 40
0.476557377
 41
2.338983176
 42
3.141592654
  0
SPLINE
  5
10A9
330
A02
100
AcDbEntity
  8
Sketch065
100
AcDbSpline
210
0
220
0
230
1
 70
8
 71
3
 72
11
 73
7
 74
0
 40
0.000000000
 40
0.000000000
 40
0.000000000
 40
0.000000000
 40
0.633037083
 40
0.633037083
 40
0.633037083
 40
1.000000000
 40
1.000000000
 40
1.000000000
 40
1.000000000
 10
-9.320955720
 20
-22.815985183
 30
0.000000000
 10
-9.320119075
 20
-22.571434006
 30
0.000000000
 10
-9.393031818
 20
-22.332757154
 30
0.000000000
 10
-9.536554152
 20
-22.151139679
 30
0.000000000
 10
-9.620553975
 20
-22.044580122
 30
0.000000000
 10
-9.722530003
 20
-21.961498819
 30
0.000000000
 10
-9.842482237
 20
-21.901895769
 30
0.000000000
  0
LINE
  5
10AA
330
A02
100
AcDbEntity
  8
Sketch065
100
AcDbLine
 10
-9.842482237
 20
-21.901895769
 30
0.000000000
 11
-10.502573031
 21
-21.576305525
 31
0.000000000
  0
ELLIPSE
  5
10AB
330
A02
100
AcDbEntity
  8
Sketch065
100
AcDbEllipse
 10
-11.055528819
 20
-22.697349635
 30
0.000000000
 11
-0.552955788
 21
-1.121044110
 31
0.000000000
 40
0.632255021
 41
3.141592654
 42
4.856610653
  0
ELLIPSE
  5
10AC
330
A02
100
AcDbEntity
  8
Sketch065
100
AcDbEllipse
 10
-9.502578372
 20
-24.254572558
 30
0.000000000
 11
0.300000000
 21
0.000000000
 31
0.000000000
 40
0.476557377
 41
3.141592654
 42
0.000000000
  0
LINE
  5
10AD
330
A02
100
AcDbEntity
  8
Sketch065
100
AcDbLine
 10
-9.802578372
 20
-24.254572558
 30
0.000000000
 11
-9.802578372
 21
-24.345413107
 31
0.000000000
  0
SPLINE
  5
10AE
330
A02
100
AcDbEntity
  8
Sketch065
100
AcDbSpline
210
0
220
0
230
1
 70
8
 71
3
 72
11
 73
7
 74
0
 40
0.000000000
 40
0.000000000
 40
0.000000000
 40
0.000000000
 40
0.471144666
 40
0.471144666
 40
0.471144666
 40
1.000000000
 40
1.000000000
 40
1.000000000
 40
1.000000000
 10
-10.120069661
 20
-23.526179378
 30
0.000000000
 10
-10.039805523
 20
-23.602259192
 30
0.000000000
 10
-9.957892680
 20
-23.716677788
 30
0.000000000
 10
-9.900474780
 20
-23.842908910
 30
0.000000000
 10
-9.834794945
 20
-23.984156365
 30
0.000000000
 10
-9.801664668
 20
-24.138869392
 30
0.000000000
 10
-9.802578372
 20
-24.254572558
 30
0.000000000
  0
SPLINE
  5
10AF
330
A02
100
AcDbEntity
  8
Sketch065
100
AcDbSpline
210
0
220
0
230
1
 70
8
 71
3
 72
14
 73
10
 74
0
 40
0.134858833
 40
0.134858833
 40
0.134858833
 40
0.134858833
 40
0.379846556
 40
0.379846556
 40
0.379846556
 40
0.483540399
 40
0.483540399
 40
0.483540399
 40
0.604878506
 40
0.604878506
 40
0.604878506
 40
0.604878506
 10
-10.120069667
 20
-23.526179384
 30
0.000000000
 10
-10.183105138
 20
-23.468348349
 30
0.000000000
 10
-10.204530574
 20
-23.325359411
 30
0.000000000
 10
-10.127723539
 20
-23.169685553
 30
0.000000000
 10
-10.095917983
 20
-23.106146934
 30
0.000000000
 10
-10.046426487
 20
-23.045297378
 30
0.000000000
 10
-9.988700908
 20
-23.009593768
 30
0.000000000
 10
-9.920202192
 20
-22.966421118
 30
0.000000000
 10
-9.851811261
 20
-22.968541257
 30
0.000000000
 10
-9.809776951
 20
-23.002530924
 30
0.000000000
  0
SPLINE
  5
10B0
330
A02
100
AcDbEntity
  8
Sketch065
100
AcDbSpline
210
0
220
0
230
1
 70
8
 71
3
 72
8
 73
4
 74
0
 40
0.000000000
 40
0.000000000
 40
0.000000000
 40
0.000000000
 40
1.000000000
 40
1.000000000
 40
1.000000000
 40
1.000000000
 10
-9.809776949
 20
-23.002530923
 30
0.000000000
 10
-9.456124645
 20
-23.269080439
 30
0.000000000
 10
-9.197562743
 20
-23.802955895
 30
0.000000000
 10
-9.202578372
 20
-24.254572558
 30
0.000000000
  0
LINE
  5
10B1
330
A02
100
AcDbEntity
  8
Sketch065
100
AcDbLine
 10
-9.202578372
 20
-24.254572558
 30
0.000000000
 11
-9.202578372
 21
-24.641363525
 31
0.000000000
  0
LINE
  5
10B2
330
A02
100
AcDbEntity
  8
Sketch065
100
AcDbLine
 10
-39.750111514
 20
-25.105008314
 30
0.000000000
 11
-39.750111514
 21
-27.758161130
 31
0.000000000
  0
LINE
  5
10B3
330
A02
100
AcDbEntity
  8
Sketch065
100
AcDbLine
 10
-32.690614181
 20
-31.240263108
 30
0.000000000
 11
-39.750111514
 21
-27.758161130
 31
0.000000000
  0
LINE
  5
10B4
330
A02
100
AcDbEntity
  8
Sketch065
100
AcDbLine
 10
-31.778443944
 20
-30.820273462
 30
0.000000000
 11
-32.690614181
 21
-31.240263108
 31
0.000000000
  0
LINE
  5
10B5
330
A02
100
AcDbEntity
  8
Sketch065
100
AcDbLine
 10
-32.690614181
 20
-30.370344857
 30
0.000000000
 11
-32.690614181
 21
-31.240263108
 31
0.000000000
  0
LINE
  5
10B6
330
A02
100
AcDbEntity
  8
Sketch065
100
AcDbLine
 10
-37.817793749
 20
-18.238245578
 30
0.000000000
 11
-37.922018612
 21
-17.659350570
 31
0.000000000
  0
LINE
  5
10B7
330
A02
100
AcDbEntity
  8
Sketch065
100
AcDbLine
 10
-37.817793749
 20
-19.127162645
 30
0.000000000
 11
-37.817793749
 21
-18.238245578
 31
0.000000000
  0
LINE
  5
10B8
330
A02
100
AcDbEntity
  8
Sketch065
100
AcDbLine
 10
-37.673959412
 20
-19.095233442
 30
0.000000000
 11
-37.673959412
 21
-18.172020076
 31
0.000000000
  0
LINE
  5
10B9
330
A02
100
AcDbEntity
  8
Sketch065
100
AcDbLine
 10
-37.673959412
 20
-18.172020076
 30
0.000000000
 11
-37.778184274
 21
-17.593125067
 31
0.000000000
  0
LINE
  5
10BA
330
A02
100
AcDbEntity
  8
Sketch065
100
AcDbLine
 10
-37.778184274
 20
-17.593125067
 30
0.000000000
 11
-37.986633999
 21
-17.490307096
 31
0.000000000
  0
LINE
  5
10BB
330
A02
100
AcDbEntity
  8
Sketch065
100
AcDbLine
 10
-38.130468336
 20
-17.556532598
 30
0.000000000
 11
-37.986633999
 21
-17.490307096
 31
0.000000000
  0
LINE
  5
10BC
330
A02
100
AcDbEntity
  8
Sketch065
100
AcDbLine
 10
-38.130468336
 20
-17.556532598
 30
0.000000000
 11
-37.922018612
 21
-17.659350570
 31
0.000000000
  0
LINE
  5
10BD
330
A02
100
AcDbEntity
  8
Sketch065
100
AcDbLine
 10
-38.130468336
 20
-17.556532598
 30
0.000000000
 11
-38.234693198
 21
-18.032609635
 31
0.000000000
  0
LINE
  5
10BE
330
A02
100
AcDbEntity
  8
Sketch065
100
AcDbLine
 10
-38.234693198
 20
-18.032609635
 30
0.000000000
 11
-38.234693198
 21
-19.095233442
 31
0.000000000
  0
LINE
  5
10BF
330
A02
100
AcDbEntity
  8
Sketch065
100
AcDbLine
 10
-37.817793749
 20
-18.238245578
 30
0.000000000
 11
-37.673959412
 21
-18.172020076
 31
0.000000000
  0
LINE
  5
10C0
330
A02
100
AcDbEntity
  8
Sketch065
100
AcDbLine
 10
-37.922018612
 20
-17.659350570
 30
0.000000000
 11
-37.778184274
 21
-17.593125067
 31
0.000000000
  0
LINE
  5
10C1
330
A02
100
AcDbEntity
  8
Sketch065
100
AcDbLine
 10
-36.052919416
 20
-19.108771073
 30
0.000000000
 11
-36.157144278
 21
-18.529876064
 31
0.000000000
  0
LINE
  5
10C2
330
A02
100
AcDbEntity
  8
Sketch065
100
AcDbLine
 10
-36.052919416
 20
-19.997688139
 30
0.000000000
 11
-36.052919416
 21
-19.108771073
 31
0.000000000
  0
LINE
  5
10C3
330
A02
100
AcDbEntity
  8
Sketch065
100
AcDbLine
 10
-35.909085079
 20
-19.965758936
 30
0.000000000
 11
-35.909085079
 21
-19.042545570
 31
0.000000000
  0
LINE
  5
10C4
330
A02
100
AcDbEntity
  8
Sketch065
100
AcDbLine
 10
-35.909085079
 20
-19.042545570
 30
0.000000000
 11
-36.013309941
 21
-18.463650562
 31
0.000000000
  0
LINE
  5
10C5
330
A02
100
AcDbEntity
  8
Sketch065
100
AcDbLine
 10
-36.013309941
 20
-18.463650562
 30
0.000000000
 11
-36.221759665
 21
-18.360832590
 31
0.000000000
  0
LINE
  5
10C6
330
A02
100
AcDbEntity
  8
Sketch065
100
AcDbLine
 10
-36.365594003
 20
-18.427058092
 30
0.000000000
 11
-36.221759665
 21
-18.360832590
 31
0.000000000
  0
LINE
  5
10C7
330
A02
100
AcDbEntity
  8
Sketch065
100
AcDbLine
 10
-36.365594003
 20
-18.427058092
 30
0.000000000
 11
-36.157144278
 21
-18.529876064
 31
0.000000000
  0
LINE
  5
10C8
330
A02
100
AcDbEntity
  8
Sketch065
100
AcDbLine
 10
-36.365594003
 20
-18.427058092
 30
0.000000000
 11
-36.469818865
 21
-18.903135129
 31
0.000000000
  0
LINE
  5
10C9
330
A02
100
AcDbEntity
  8
Sketch065
100
AcDbLine
 10
-36.469818865
 20
-18.903135129
 30
0.000000000
 11
-36.469818865
 21
-19.965758936
 31
0.000000000
  0
LINE
  5
10CA
330
A02
100
AcDbEntity
  8
Sketch065
100
AcDbLine
 10
-36.052919416
 20
-19.108771073
 30
0.000000000
 11
-35.909085079
 21
-19.042545570
 31
0.000000000
  0
LINE
  5
10CB
330
A02
100
AcDbEntity
  8
Sketch065
100
AcDbLine
 10
-36.157144278
 20
-18.529876064
 30
0.000000000
 11
-36.013309941
 21
-18.463650562
 31
0.000000000
  0
LINE
  5
10CC
330
A02
100
AcDbEntity
  8
Sketch065
100
AcDbLine
 10
-34.288045083
 20
-19.979296567
 30
0.000000000
 11
-34.392269945
 21
-19.400401559
 31
0.000000000
  0
LINE
  5
10CD
330
A02
100
AcDbEntity
  8
Sketch065
100
AcDbLine
 10
-34.288045083
 20
-20.868213633
 30
0.000000000
 11
-34.288045083
 21
-19.979296567
 31
0.000000000
  0
LINE
  5
10CE
330
A02
100
AcDbEntity
  8
Sketch065
100
AcDbLine
 10
-34.144210745
 20
-20.836284431
 30
0.000000000
 11
-34.144210745
 21
-19.913071064
 31
0.000000000
  0
LINE
  5
10CF
330
A02
100
AcDbEntity
  8
Sketch065
100
AcDbLine
 10
-34.144210745
 20
-19.913071064
 30
0.000000000
 11
-34.248435608
 21
-19.334176056
 31
0.000000000
  0
LINE
  5
10D0
330
A02
100
AcDbEntity
  8
Sketch065
100
AcDbLine
 10
-34.248435608
 20
-19.334176056
 30
0.000000000
 11
-34.456885332
 21
-19.231358084
 31
0.000000000
  0
LINE
  5
10D1
330
A02
100
AcDbEntity
  8
Sketch065
100
AcDbLine
 10
-34.600719669
 20
-19.297583587
 30
0.000000000
 11
-34.456885332
 21
-19.231358084
 31
0.000000000
  0
LINE
  5
10D2
330
A02
100
AcDbEntity
  8
Sketch065
100
AcDbLine
 10
-34.600719669
 20
-19.297583587
 30
0.000000000
 11
-34.392269945
 21
-19.400401559
 31
0.000000000
  0
LINE
  5
10D3
330
A02
100
AcDbEntity
  8
Sketch065
100
AcDbLine
 10
-34.600719669
 20
-19.297583587
 30
0.000000000
 11
-34.704944532
 21
-19.773660623
 31
0.000000000
  0
LINE
  5
10D4
330
A02
100
AcDbEntity
  8
Sketch065
100
AcDbLine
 10
-34.704944532
 20
-19.773660623
 30
0.000000000
 11
-34.704944532
 21
-20.836284431
 31
0.000000000
  0
LINE
  5
10D5
330
A02
100
AcDbEntity
  8
Sketch065
100
AcDbLine
 10
-34.288045083
 20
-19.979296567
 30
0.000000000
 11
-34.144210745
 21
-19.913071064
 31
0.000000000
  0
LINE
  5
10D6
330
A02
100
AcDbEntity
  8
Sketch065
100
AcDbLine
 10
-34.392269945
 20
-19.400401559
 30
0.000000000
 11
-34.248435608
 21
-19.334176056
 31
0.000000000
  0
LINE
  5
10D7
330
A02
100
AcDbEntity
  8
Sketch065
100
AcDbLine
 10
-32.523170750
 20
-20.849822061
 30
0.000000000
 11
-32.627395612
 21
-20.270927053
 31
0.000000000
  0
LINE
  5
10D8
330
A02
100
AcDbEntity
  8
Sketch065
100
AcDbLine
 10
-32.523170750
 20
-21.738739128
 30
0.000000000
 11
-32.523170750
 21
-20.849822061
 31
0.000000000
  0
LINE
  5
10D9
330
A02
100
AcDbEntity
  8
Sketch065
100
AcDbLine
 10
-32.379336412
 20
-21.706809925
 30
0.000000000
 11
-32.379336412
 21
-20.783596559
 31
0.000000000
  0
LINE
  5
10DA
330
A02
100
AcDbEntity
  8
Sketch065
100
AcDbLine
 10
-32.379336412
 20
-20.783596559
 30
0.000000000
 11
-32.483561274
 21
-20.204701550
 31
0.000000000
  0
LINE
  5
10DB
330
A02
100
AcDbEntity
  8
Sketch065
100
AcDbLine
 10
-32.483561274
 20
-20.204701550
 30
0.000000000
 11
-32.692010999
 21
-20.101883579
 31
0.000000000
  0
LINE
  5
10DC
330
A02
100
AcDbEntity
  8
Sketch065
100
AcDbLine
 10
-32.835845336
 20
-20.168109081
 30
0.000000000
 11
-32.692010999
 21
-20.101883579
 31
0.000000000
  0
LINE
  5
10DD
330
A02
100
AcDbEntity
  8
Sketch065
100
AcDbLine
 10
-32.835845336
 20
-20.168109081
 30
0.000000000
 11
-32.627395612
 21
-20.270927053
 31
0.000000000
  0
LINE
  5
10DE
330
A02
100
AcDbEntity
  8
Sketch065
100
AcDbLine
 10
-32.835845336
 20
-20.168109081
 30
0.000000000
 11
-32.940070198
 21
-20.644186118
 31
0.000000000
  0
LINE
  5
10DF
330
A02
100
AcDbEntity
  8
Sketch065
100
AcDbLine
 10
-32.940070198
 20
-20.644186118
 30
0.000000000
 11
-32.940070198
 21
-21.706809925
 31
0.000000000
  0
LINE
  5
10E0
330
A02
100
AcDbEntity
  8
Sketch065
100
AcDbLine
 10
-32.523170750
 20
-20.849822061
 30
0.000000000
 11
-32.379336412
 21
-20.783596559
 31
0.000000000
  0
LINE
  5
10E1
330
A02
100
AcDbEntity
  8
Sketch065
100
AcDbLine
 10
-32.627395612
 20
-20.270927053
 30
0.000000000
 11
-32.483561274
 21
-20.204701550
 31
0.000000000
  0
LINE
  5
10E2
330
A02
100
AcDbEntity
  8
Sketch065
100
AcDbLine
 10
-22.744565301
 20
-14.125374699
 30
0.000000000
 11
-22.514430361
 21
-14.019413895
 31
0.000000000
  0
LINE
  5
10E3
330
A02
100
AcDbEntity
  8
Sketch065
100
AcDbLine
 10
-22.288189705
 20
-14.161932684
 30
0.000000000
 11
-22.514430361
 21
-14.019413895
 31
0.000000000
  0
LINE
  5
10E4
330
A02
100
AcDbEntity
  8
Sketch065
100
AcDbLine
 10
-22.736776734
 20
-13.909741392
 30
0.000000000
 11
-22.514430361
 21
-14.019413895
 31
0.000000000
  0
LINE
  5
10E5
330
A02
100
AcDbEntity
  8
Sketch065
100
AcDbLine
 10
-22.966911674
 20
-14.015702196
 30
0.000000000
 11
-22.736776734
 21
-13.909741392
 31
0.000000000
  0
LINE
  5
10E6
330
A02
100
AcDbEntity
  8
Sketch065
100
AcDbLine
 10
-23.193152330
 20
-14.154509285
 30
0.000000000
 11
-22.966911674
 21
-14.015702196
 31
0.000000000
  0
LINE
  5
10E7
330
A02
100
AcDbEntity
  8
Sketch065
100
AcDbLine
 10
-22.966911674
 20
-14.015702196
 30
0.000000000
 11
-22.744565301
 21
-14.125374699
 31
0.000000000
  0
LINE
  5
10E8
330
A02
100
AcDbEntity
  8
Sketch065
100
AcDbLine
 10
-22.748459585
 20
-14.373854292
 30
0.000000000
 11
-22.744565301
 21
-14.125374699
 31
0.000000000
  0
LINE
  5
10E9
330
A02
100
AcDbEntity
  8
Sketch065
100
AcDbLine
 10
-23.193152330
 20
-14.154509285
 30
0.000000000
 11
-22.748459585
 21
-14.373854292
 31
0.000000000
  0
LINE
  5
10EA
330
A02
100
AcDbEntity
  8
Sketch065
100
AcDbLine
 10
-23.193152330
 20
-14.154509285
 30
0.000000000
 11
-23.193152330
 21
-15.354139935
 31
0.000000000
  0
LINE
  5
10EB
330
A02
100
AcDbEntity
  8
Sketch065
100
AcDbLine
 10
-22.748459585
 20
-14.373854292
 30
0.000000000
 11
-22.748459585
 21
-15.491004259
 31
0.000000000
  0
LINE
  5
10EC
330
A02
100
AcDbEntity
  8
Sketch065
100
AcDbLine
 10
-22.748459585
 20
-14.373854292
 30
0.000000000
 11
-22.288189705
 21
-14.161932684
 31
0.000000000
  0
LINE
  5
10ED
330
A02
100
AcDbEntity
  8
Sketch065
100
AcDbLine
 10
-22.288189705
 20
-14.161932684
 30
0.000000000
 11
-22.288189705
 21
-15.354139935
 31
0.000000000
  0
LINE
  5
10EE
330
A02
100
AcDbEntity
  8
Sketch065
100
AcDbLine
 10
-21.202037341
 20
-14.886227690
 30
0.000000000
 11
-20.971902401
 21
-14.780266886
 31
0.000000000
  0
LINE
  5
10EF
330
A02
100
AcDbEntity
  8
Sketch065
100
AcDbLine
 10
-20.971902401
 20
-14.780266886
 30
0.000000000
 11
-20.749556028
 21
-14.889939389
 31
0.000000000
  0
LINE
  5
10F0
330
A02
100
AcDbEntity
  8
Sketch065
100
AcDbLine
 10
-20.523315372
 20
-15.032458178
 30
0.000000000
 11
-20.749556028
 21
-14.889939389
 31
0.000000000
  0
LINE
  5
10F1
330
A02
100
AcDbEntity
  8
Sketch065
100
AcDbLine
 10
-20.979690968
 20
-14.995900193
 30
0.000000000
 11
-20.749556028
 21
-14.889939389
 31
0.000000000
  0
LINE
  5
10F2
330
A02
100
AcDbEntity
  8
Sketch065
100
AcDbLine
 10
-20.983585251
 20
-15.244379786
 30
0.000000000
 11
-20.979690968
 21
-14.995900193
 31
0.000000000
  0
LINE
  5
10F3
330
A02
100
AcDbEntity
  8
Sketch065
100
AcDbLine
 10
-21.202037341
 20
-14.886227690
 30
0.000000000
 11
-20.979690968
 21
-14.995900193
 31
0.000000000
  0
LINE
  5
10F4
330
A02
100
AcDbEntity
  8
Sketch065
100
AcDbLine
 10
-21.428277997
 20
-15.025034780
 30
0.000000000
 11
-21.202037341
 21
-14.886227690
 31
0.000000000
  0
LINE
  5
10F5
330
A02
100
AcDbEntity
  8
Sketch065
100
AcDbLine
 10
-21.428277997
 20
-15.025034780
 30
0.000000000
 11
-21.428277997
 21
-15.412917724
 31
0.000000000
  0
LINE
  5
10F6
330
A02
100
AcDbEntity
  8
Sketch065
100
AcDbLine
 10
-21.428277997
 20
-15.025034780
 30
0.000000000
 11
-20.983585251
 21
-15.244379786
 31
0.000000000
  0
LINE
  5
10F7
330
A02
100
AcDbEntity
  8
Sketch065
100
AcDbLine
 10
-20.983585251
 20
-15.244379786
 30
0.000000000
 11
-20.983585251
 21
-15.432362487
 31
0.000000000
  0
LINE
  5
10F8
330
A02
100
AcDbEntity
  8
Sketch065
100
AcDbLine
 10
-20.983585251
 20
-15.244379786
 30
0.000000000
 11
-20.523315372
 21
-15.032458178
 31
0.000000000
  0
LINE
  5
10F9
330
A02
100
AcDbEntity
  8
Sketch065
100
AcDbLine
 10
-20.523315372
 20
-15.032458178
 30
0.000000000
 11
-20.523315372
 21
-15.496269571
 31
0.000000000
  0
LINE
  5
10FA
330
A02
100
AcDbEntity
  8
Sketch065
100
AcDbLine
 10
-17.898529330
 20
-16.766085768
 30
0.000000000
 11
-17.898529330
 21
-17.167629560
 31
0.000000000
  0
LINE
  5
10FB
330
A02
100
AcDbEntity
  8
Sketch065
100
AcDbLine
 10
-17.898529330
 20
-16.766085768
 30
0.000000000
 11
-17.672288674
 21
-16.627278679
 31
0.000000000
  0
LINE
  5
10FC
330
A02
100
AcDbEntity
  8
Sketch065
100
AcDbLine
 10
-17.898529330
 20
-16.766085768
 30
0.000000000
 11
-17.469731008
 21
-16.977590839
 31
0.000000000
  0
LINE
  5
10FD
330
A02
100
AcDbEntity
  8
Sketch065
100
AcDbLine
 10
-17.453619905
 20
-16.971605238
 30
0.000000000
 11
-17.449942301
 21
-16.736951182
 31
0.000000000
  0
LINE
  5
10FE
330
A02
100
AcDbEntity
  8
Sketch065
100
AcDbLine
 10
-17.326718566
 20
-16.926901950
 30
0.000000000
 11
-16.993566705
 21
-16.773509167
 31
0.000000000
  0
LINE
  5
10FF
330
A02
100
AcDbEntity
  8
Sketch065
100
AcDbLine
 10
-16.993566705
 20
-16.773509167
 30
0.000000000
 11
-16.993566705
 21
-16.827967646
 31
0.000000000
  0
LINE
  5
1100
330
A02
100
AcDbEntity
  8
Sketch065
100
AcDbLine
 10
-16.993566705
 20
-16.773509167
 30
0.000000000
 11
-17.219807361
 21
-16.630990378
 31
0.000000000
  0
LINE
  5
1101
330
A02
100
AcDbEntity
  8
Sketch065
100
AcDbLine
 10
-17.442153734
 20
-16.521317874
 30
0.000000000
 11
-17.219807361
 21
-16.630990378
 31
0.000000000
  0
LINE
  5
1102
330
A02
100
AcDbEntity
  8
Sketch065
100
AcDbLine
 10
-17.672288674
 20
-16.627278679
 30
0.000000000
 11
-17.442153734
 21
-16.521317874
 31
0.000000000
  0
LINE
  5
1103
330
A02
100
AcDbEntity
  8
Sketch065
100
AcDbLine
 10
-17.672288674
 20
-16.627278679
 30
0.000000000
 11
-17.449942301
 21
-16.736951182
 31
0.000000000
  0
LINE
  5
1104
330
A02
100
AcDbEntity
  8
Sketch065
100
AcDbLine
 10
-17.449942301
 20
-16.736951182
 30
0.000000000
 11
-17.219807361
 21
-16.630990378
 31
0.000000000
  0
LINE
  5
1105
330
A02
100
AcDbEntity
  8
Sketch065
100
AcDbLine
 10
-19.214816635
 20
-15.866425687
 30
0.000000000
 11
-18.984681695
 21
-15.760464883
 31
0.000000000
  0
LINE
  5
1106
330
A02
100
AcDbEntity
  8
Sketch065
100
AcDbLine
 10
-18.758441038
 20
-15.902983672
 30
0.000000000
 11
-18.984681695
 21
-15.760464883
 31
0.000000000
  0
LINE
  5
1107
330
A02
100
AcDbEntity
  8
Sketch065
100
AcDbLine
 10
-19.207028067
 20
-15.650792380
 30
0.000000000
 11
-18.984681695
 21
-15.760464883
 31
0.000000000
  0
LINE
  5
1108
330
A02
100
AcDbEntity
  8
Sketch065
100
AcDbLine
 10
-19.437163007
 20
-15.756753184
 30
0.000000000
 11
-19.207028067
 21
-15.650792380
 31
0.000000000
  0
LINE
  5
1109
330
A02
100
AcDbEntity
  8
Sketch065
100
AcDbLine
 10
-19.560745603
 20
-15.832575721
 30
0.000000000
 11
-19.437163007
 21
-15.756753184
 31
0.000000000
  0
LINE
  5
110A
330
A02
100
AcDbEntity
  8
Sketch065
100
AcDbLine
 10
-19.437163007
 20
-15.756753184
 30
0.000000000
 11
-19.214816635
 21
-15.866425687
 31
0.000000000
  0
LINE
  5
110B
330
A02
100
AcDbEntity
  8
Sketch065
100
AcDbLine
 10
-19.218426782
 20
-16.096775620
 30
0.000000000
 11
-19.214816635
 21
-15.866425687
 31
0.000000000
  0
LINE
  5
110C
330
A02
100
AcDbEntity
  8
Sketch065
100
AcDbLine
 10
-19.206824835
 20
-16.109432583
 30
0.000000000
 11
-18.758441038
 21
-15.902983672
 31
0.000000000
  0
LINE
  5
110D
330
A02
100
AcDbEntity
  8
Sketch065
100
AcDbLine
 10
-18.758441038
 20
-15.902983672
 30
0.000000000
 11
-18.758441038
 21
-17.095190923
 31
0.000000000
  0
ELLIPSE
  5
110E
330
A02
100
AcDbEntity
  8
Sketch065
100
AcDbEllipse
 10
0.970395013
 20
-27.358080354
 30
0.000000000
 11
-0.999999253
 21
0.000000000
 31
0.000000000
 40
0.476557377
 41
2.338982429
 42
3.141592654
  0
LINE
  5
110F
330
A02
100
AcDbEntity
  8
Sketch065
100
AcDbLine
 10
1.970394266
 20
-26.030573864
 30
0.000000000
 11
1.970394266
 21
-27.358080354
 31
0.000000000
  0
LINE
  5
1110
330
A02
100
AcDbEntity
  8
Sketch065
100
AcDbLine
 10
1.665226372
 20
-27.700806918
 30
0.000000000
 11
1.665226372
 21
-26.373300428
 31
0.000000000
  0
LINE
  5
1111
330
A02
100
AcDbEntity
  8
Sketch065
100
AcDbLine
 10
1.665226372
 20
-27.700806918
 30
0.000000000
 11
-1.617406026
 21
-29.212226125
 31
0.000000000
  0
ELLIPSE
  5
1112
330
A02
100
AcDbEntity
  8
Sketch065
100
AcDbEllipse
 10
-1.909829253
 20
-30.738425294
 30
0.000000000
 11
-0.500001334
 21
0.000000000
 31
0.000000000
 40
0.476557377
 41
2.338985843
 42
3.141592654
  0
LINE
  5
1113
330
A02
100
AcDbEntity
  8
Sketch065
100
AcDbLine
 10
-1.409827919
 20
-29.410918804
 30
0.000000000
 11
-1.409827919
 21
-30.738425294
 31
0.000000000
  0
LINE
  5
1114
330
A02
100
AcDbEntity
  8
Sketch065
100
AcDbLine
 10
-1.562411160
 20
-29.582282106
 30
0.000000000
 11
-9.473299718
 21
-33.224684746
 31
0.000000000
  0
ELLIPSE
  5
1115
330
A02
100
AcDbEntity
  8
Sketch065
100
AcDbEllipse
 10
-9.820715892
 20
-33.053320561
 30
0.000000000
 11
-0.500001334
 21
0.000000000
 31
0.000000000
 40
0.476557377
 41
0.768189516
 42
2.338980509
  0
LINE
  5
1116
330
A02
100
AcDbEntity
  8
Sketch065
100
AcDbLine
 10
-9.473299718
 20
-34.552191236
 30
0.000000000
 11
-9.473299718
 21
-33.224684746
 31
0.000000000
  0
LINE
  5
1117
330
A02
100
AcDbEntity
  8
Sketch065
100
AcDbLine
 10
-10.180301768
 20
-34.546391706
 30
0.000000000
 11
-10.180301768
 21
-33.218885216
 31
0.000000000
  0
LINE
  5
1118
330
A02
100
AcDbEntity
  8
Sketch065
100
AcDbLine
 10
-10.180301768
 20
-33.218885216
 30
0.000000000
 11
-11.639449839
 21
-32.499159414
 31
0.000000000
  0
LINE
  5
1119
330
A02
100
AcDbEntity
  8
Sketch065
100
AcDbLine
 10
-11.639449839
 20
-32.499159414
 30
0.000000000
 11
-16.314065805
 21
-34.651488247
 31
0.000000000
  0
LINE
  5
111A
330
A02
100
AcDbEntity
  8
Sketch065
100
AcDbLine
 10
-16.314065805
 20
-35.978994737
 30
0.000000000
 11
-16.314065805
 21
-34.651488247
 31
0.000000000
  0
ELLIPSE
  5
111B
330
A02
100
AcDbEntity
  8
Sketch065
100
AcDbEllipse
 10
-17.008898238
 20
-34.308762178
 30
0.000000000
 11
-0.999999253
 21
0.000000000
 31
0.000000000
 40
0.476557377
 41
0.768186102
 42
2.338983923
  0
LINE
  5
111C
330
A02
100
AcDbEntity
  8
Sketch065
100
AcDbLine
 10
-17.728069907
 20
-35.967395677
 30
0.000000000
 11
-17.728069907
 21
-34.639889187
 31
0.000000000
  0
LINE
  5
111D
330
A02
100
AcDbEntity
  8
Sketch065
100
AcDbLine
 10
-17.728069907
 20
-34.639889187
 30
0.000000000
 11
-24.676394054
 21
-31.212623461
 31
0.000000000
  0
LINE
  5
111E
330
A02
100
AcDbEntity
  8
Sketch065
100
AcDbLine
 10
-24.676394054
 20
-32.540129952
 30
0.000000000
 11
-24.676394054
 21
-31.212623461
 31
0.000000000
  0
LINE
  5
111F
330
A02
100
AcDbEntity
  8
Sketch065
100
AcDbLine
 10
-24.676394054
 20
-31.212623461
 30
0.000000000
 11
-26.186654597
 21
-31.907991238
 31
0.000000000
  0
ELLIPSE
  5
1120
330
A02
100
AcDbEntity
  8
Sketch065
100
AcDbEllipse
 10
-26.534070772
 20
-31.736627053
 30
0.000000000
 11
-0.500001334
 21
0.000000000
 31
0.000000000
 40
0.476557377
 41
0.768189516
 42
2.338980509
  0
LINE
  5
1121
330
A02
100
AcDbEntity
  8
Sketch065
100
AcDbLine
 10
-26.893656648
 20
-31.902191708
 30
0.000000000
 11
-34.536813209
 21
-28.132199410
 31
0.000000000
  0
ELLIPSE
  5
1122
330
A02
100
AcDbEntity
  8
Sketch065
100
AcDbEllipse
 10
-34.177225480
 20
-27.966635669
 30
0.000000000
 11
-0.500001334
 21
0.000000000
 31
0.000000000
 40
0.476557377
 41
0.000000000
 42
0.768184182
  0
LINE
  5
1123
330
A02
100
AcDbEntity
  8
Sketch065
100
AcDbLine
 10
-34.677226814
 20
-27.966635669
 30
0.000000000
 11
-34.677226814
 21
-29.294142159
 31
0.000000000
  0
ELLIPSE
  5
1124
330
A02
100
AcDbEntity
  8
Sketch065
100
AcDbEllipse
 10
-34.177225480
 20
-29.294142159
 30
0.000000000
 11
-0.500001334
 21
0.000000000
 31
0.000000000
 40
0.476557377
 41
0.000000000
 42
0.768184182
  0
LINE
  5
1125
330
A02
100
AcDbEntity
  8
Sketch065
100
AcDbLine
 10
-34.536813209
 20
-29.459705900
 30
0.000000000
 11
-34.536813209
 21
-28.132199410
 31
0.000000000
  0
ELLIPSE
  5
1126
330
A02
100
AcDbEntity
  8
Sketch065
100
AcDbEllipse
 10
-34.177225480
 20
-27.966635669
 30
0.000000000
 11
-0.500001334
 21
0.000000000
 31
0.000000000
 40
0.476557377
 41
5.480578497
 42
0.000000000
  0
LINE
  5
1127
330
A02
100
AcDbEntity
  8
Sketch065
100
AcDbLine
 10
-34.524643573
 20
-27.795272367
 30
0.000000000
 11
-33.014383030
 21
-27.099904591
 31
0.000000000
  0
LINE
  5
1128
330
A02
100
AcDbEntity
  8
Sketch065
100
AcDbLine
 10
-33.014383030
 20
-27.099904591
 30
0.000000000
 11
-49.690360983
 21
-18.874466849
 31
0.000000000
  0
LINE
  5
1129
330
A02
100
AcDbEntity
  8
Sketch065
100
AcDbLine
 10
-49.690360983
 20
-18.874466849
 30
0.000000000
 11
-51.200621526
 21
-19.569834626
 31
0.000000000
  0
ELLIPSE
  5
112A
330
A02
100
AcDbEntity
  8
Sketch065
100
AcDbEllipse
 10
-51.548037701
 20
-19.398470441
 30
0.000000000
 11
-0.500001334
 21
0.000000000
 31
0.000000000
 40
0.476557377
 41
0.768189516
 42
2.338980509
  0
LINE
  5
112B
330
A02
100
AcDbEntity
  8
Sketch065
100
AcDbLine
 10
-51.907623577
 20
-19.564035096
 30
0.000000000
 11
-59.550780138
 21
-15.794042798
 31
0.000000000
  0
ELLIPSE
  5
112C
330
A02
100
AcDbEntity
  8
Sketch065
100
AcDbEllipse
 10
-59.191192409
 20
-15.628479057
 30
0.000000000
 11
-0.500001334
 21
0.000000000
 31
0.000000000
 40
0.476557377
 41
0.000000000
 42
0.768184182
  0
LINE
  5
112D
330
A02
100
AcDbEntity
  8
Sketch065
100
AcDbLine
 10
-59.691193743
 20
-15.628479057
 30
0.000000000
 11
-59.691193743
 21
-16.955985547
 31
0.000000000
  0
ELLIPSE
  5
112E
330
A02
100
AcDbEntity
  8
Sketch065
100
AcDbEllipse
 10
-59.191192409
 20
-16.955985547
 30
0.000000000
 11
-0.500001334
 21
0.000000000
 31
0.000000000
 40
0.476557377
 41
0.000000000
 42
0.768184182
  0
LINE
  5
112F
330
A02
100
AcDbEntity
  8
Sketch065
100
AcDbLine
 10
-59.550780138
 20
-17.121549288
 30
0.000000000
 11
-59.550780138
 21
-15.794042798
 31
0.000000000
  0
ELLIPSE
  5
1130
330
A02
100
AcDbEntity
  8
Sketch065
100
AcDbEllipse
 10
-59.191192409
 20
-15.628479057
 30
0.000000000
 11
-0.500001334
 21
0.000000000
 31
0.000000000
 40
0.476557377
 41
5.480578497
 42
0.000000000
  0
LINE
  5
1131
330
A02
100
AcDbEntity
  8
Sketch065
100
AcDbLine
 10
-59.538610502
 20
-15.457115755
 30
0.000000000
 11
-58.028349959
 21
-14.761747978
 31
0.000000000
  0
LINE
  5
1132
330
A02
100
AcDbEntity
  8
Sketch065
100
AcDbLine
 10
-58.028349959
 20
-14.761747978
 30
0.000000000
 11
-64.976674106
 21
-11.334482253
 31
0.000000000
  0
ELLIPSE
  5
1133
330
A02
100
AcDbEntity
  8
Sketch065
100
AcDbEllipse
 10
-64.257503476
 20
-11.003354731
 30
0.000000000
 11
-0.999999253
 21
0.000000000
 31
0.000000000
 40
0.476557377
 41
0.000000000
 42
0.768187596
  0
LINE
  5
1134
330
A02
100
AcDbEntity
  8
Sketch065
100
AcDbLine
 10
-65.257502729
 20
-11.003354731
 30
0.000000000
 11
-65.257502729
 21
-12.330861222
 31
0.000000000
  0
ELLIPSE
  5
1135
330
A02
100
AcDbEntity
  8
Sketch065
100
AcDbEllipse
 10
-64.257503476
 20
-12.330861222
 30
0.000000000
 11
-0.999999253
 21
0.000000000
 31
0.000000000
 40
0.476557377
 41
0.000000000
 42
0.768187596
  0
LINE
  5
1136
330
A02
100
AcDbEntity
  8
Sketch065
100
AcDbLine
 10
-64.976674106
 20
-12.661988743
 30
0.000000000
 11
-64.976674106
 21
-11.334482253
 31
0.000000000
  0
ELLIPSE
  5
1137
330
A02
100
AcDbEntity
  8
Sketch065
100
AcDbEllipse
 10
-64.257503476
 20
-11.003354731
 30
0.000000000
 11
-0.999999253
 21
0.000000000
 31
0.000000000
 40
0.476557377
 41
5.480575082
 42
0.000000000
  0
LINE
  5
1138
330
A02
100
AcDbEntity
  8
Sketch065
100
AcDbLine
 10
-64.952334834
 20
-10.660628167
 30
0.000000000
 11
-60.746388887
 21
-8.724088611
 31
0.000000000
  0
LINE
  5
1139
330
A02
100
AcDbEntity
  8
Sketch065
100
AcDbLine
 10
-59.420333527
 20
-15.402657604
 30
0.000000000
 11
-64.976674106
 21
-12.661988743
 31
0.000000000
  0
LINE
  5
113A
330
A02
100
AcDbEntity
  8
Sketch065
100
AcDbLine
 10
-51.907623577
 20
-20.891541586
 30
0.000000000
 11
-59.550780138
 21
-17.121549288
 31
0.000000000
  0
LINE
  5
113B
330
A02
100
AcDbEntity
  8
Sketch065
100
AcDbLine
 10
-51.907623577
 20
-20.891541586
 30
0.000000000
 11
-51.907623577
 21
-19.564035096
 31
0.000000000
  0
LINE
  5
113C
330
A02
100
AcDbEntity
  8
Sketch065
100
AcDbLine
 10
-51.200621526
 20
-20.897341116
 30
0.000000000
 11
-51.200621526
 21
-19.569834626
 31
0.000000000
  0
ELLIPSE
  5
113D
330
A02
100
AcDbEntity
  8
Sketch065
100
AcDbEllipse
 10
-51.548037701
 20
-20.725976931
 30
0.000000000
 11
-0.500001334
 21
0.000000000
 31
0.000000000
 40
0.476557377
 41
0.768189516
 42
2.338980509
  0
LINE
  5
113E
330
A02
100
AcDbEntity
  8
Sketch065
100
AcDbLine
 10
-49.690360983
 20
-20.201973339
 30
0.000000000
 11
-51.200621526
 21
-20.897341116
 31
0.000000000
  0
LINE
  5
113F
330
A02
100
AcDbEntity
  8
Sketch065
100
AcDbLine
 10
-49.690360983
 20
-20.201973339
 30
0.000000000
 11
-49.690360983
 21
-18.874466849
 31
0.000000000
  0
LINE
  5
1140
330
A02
100
AcDbEntity
  8
Sketch065
100
AcDbLine
 10
-34.406366598
 20
-27.740814216
 30
0.000000000
 11
-49.690360983
 21
-20.201973339
 31
0.000000000
  0
LINE
  5
1141
330
A02
100
AcDbEntity
  8
Sketch065
100
AcDbLine
 10
-26.893656648
 20
-33.229698199
 30
0.000000000
 11
-34.536813209
 21
-29.459705900
 31
0.000000000
  0
LINE
  5
1142
330
A02
100
AcDbEntity
  8
Sketch065
100
AcDbLine
 10
-26.893656648
 20
-33.229698199
 30
0.000000000
 11
-26.893656648
 21
-31.902191708
 31
0.000000000
  0
LINE
  5
1143
330
A02
100
AcDbEntity
  8
Sketch065
100
AcDbLine
 10
-26.186654597
 20
-33.235497728
 30
0.000000000
 11
-26.186654597
 21
-31.907991238
 31
0.000000000
  0
ELLIPSE
  5
1144
330
A02
100
AcDbEntity
  8
Sketch065
100
AcDbEllipse
 10
-26.534070772
 20
-33.064133543
 30
0.000000000
 11
-0.500001334
 21
0.000000000
 31
0.000000000
 40
0.476557377
 41
0.768189516
 42
2.338980509
  0
LINE
  5
1145
330
A02
100
AcDbEntity
  8
Sketch065
100
AcDbLine
 10
-24.676394054
 20
-32.540129952
 30
0.000000000
 11
-26.186654597
 21
-33.235497728
 31
0.000000000
  0
LINE
  5
1146
330
A02
100
AcDbEntity
  8
Sketch065
100
AcDbLine
 10
-17.728069907
 20
-35.967395677
 30
0.000000000
 11
-24.676394054
 21
-32.540129952
 31
0.000000000
  0
ELLIPSE
  5
1147
330
A02
100
AcDbEntity
  8
Sketch065
100
AcDbEllipse
 10
-17.008898238
 20
-35.636268668
 30
0.000000000
 11
-0.999999253
 21
0.000000000
 31
0.000000000
 40
0.476557377
 41
0.768186102
 42
2.338983923
  0
LINE
  5
1148
330
A02
100
AcDbEntity
  8
Sketch065
100
AcDbLine
 10
-11.639449839
 20
-33.826665904
 30
0.000000000
 11
-16.314065805
 21
-35.978994737
 31
0.000000000
  0
LINE
  5
1149
330
A02
100
AcDbEntity
  8
Sketch065
100
AcDbLine
 10
-11.639449839
 20
-33.826665904
 30
0.000000000
 11
-11.639449839
 21
-32.499159414
 31
0.000000000
  0
LINE
  5
114A
330
A02
100
AcDbEntity
  8
Sketch065
100
AcDbLine
 10
-10.180301768
 20
-34.546391706
 30
0.000000000
 11
-11.639449839
 21
-33.826665904
 31
0.000000000
  0
ELLIPSE
  5
114B
330
A02
100
AcDbEntity
  8
Sketch065
100
AcDbEllipse
 10
-9.820715892
 20
-34.380827051
 30
0.000000000
 11
-0.500001334
 21
0.000000000
 31
0.000000000
 40
0.476557377
 41
0.768189516
 42
2.338980509
  0
LINE
  5
114C
330
A02
100
AcDbEntity
  8
Sketch065
100
AcDbLine
 10
-1.562411160
 20
-30.909788596
 30
0.000000000
 11
-9.473299718
 21
-34.552191236
 31
0.000000000
  0
LINE
  5
114D
330
A02
100
AcDbEntity
  8
Sketch065
100
AcDbLine
 10
-1.562411160
 20
-30.909788596
 30
0.000000000
 11
-1.562411160
 21
-29.582282106
 31
0.000000000
  0
ELLIPSE
  5
114E
330
A02
100
AcDbEntity
  8
Sketch065
100
AcDbEllipse
 10
-1.909829253
 20
-29.410918804
 30
0.000000000
 11
-0.500001334
 21
0.000000000
 31
0.000000000
 40
0.476557377
 41
2.338985843
 42
3.141592654
  0
ELLIPSE
  5
114F
330
A02
100
AcDbEntity
  8
Sketch065
100
AcDbEllipse
 10
-1.909829253
 20
-29.410918804
 30
0.000000000
 11
-0.500001334
 21
0.000000000
 31
0.000000000
 40
0.476557377
 41
3.141592654
 42
3.909776836
  0
LINE
  5
1150
330
A02
100
AcDbEntity
  8
Sketch065
100
AcDbLine
 10
-3.009389594
 20
-28.525629261
 30
0.000000000
 11
-1.550241524
 21
-29.245355063
 31
0.000000000
  0
LINE
  5
1151
330
A02
100
AcDbEntity
  8
Sketch065
100
AcDbLine
 10
1.665226372
 20
-26.373300428
 30
0.000000000
 11
-3.009389594
 21
-28.525629261
 31
0.000000000
  0
ELLIPSE
  5
1152
330
A02
100
AcDbEntity
  8
Sketch065
100
AcDbEllipse
 10
0.970395013
 20
-26.030573864
 30
0.000000000
 11
-0.999999253
 21
0.000000000
 31
0.000000000
 40
0.476557377
 41
2.338982429
 42
3.141592654
  0
ELLIPSE
  5
1153
330
A02
100
AcDbEntity
  8
Sketch065
100
AcDbEllipse
 10
0.970395013
 20
-26.030573864
 30
0.000000000
 11
-0.999999253
 21
0.000000000
 31
0.000000000
 40
0.476557377
 41
3.141592654
 42
3.909780250
  0
LINE
  5
1154
330
A02
100
AcDbEntity
  8
Sketch065
100
AcDbLine
 10
-6.812992726
 20
-21.505553503
 30
0.000000000
 11
1.689565644
 21
-25.699446342
 31
0.000000000
  0
LINE
  5
1155
330
A02
100
AcDbEntity
  8
Sketch065
100
AcDbLine
 10
-61.724697303
 20
-7.451646489
 30
0.000000000
 11
-60.727471384
 21
-6.992494740
 31
0.000000000
  0
ELLIPSE
  5
1156
330
A02
100
AcDbEntity
  8
Sketch065
100
AcDbEllipse
 10
-61.377279210
 20
-7.623009791
 30
0.000000000
 11
-0.500001334
 21
0.000000000
 31
0.000000000
 40
0.476557377
 41
5.480578497
 42
0.000000000
  0
LINE
  5
1157
330
A02
100
AcDbEntity
  8
Sketch065
100
AcDbLine
 10
-61.877280543
 20
-7.623009791
 30
0.000000000
 11
-61.877280543
 21
-8.950516281
 31
0.000000000
  0
ELLIPSE
  5
1158
330
A02
100
AcDbEntity
  8
Sketch065
100
AcDbEllipse
 10
-61.377279210
 20
-8.950516281
 30
0.000000000
 11
-0.500001334
 21
0.000000000
 31
0.000000000
 40
0.476557377
 41
0.000000000
 42
0.768184182
  0
LINE
  5
1159
330
A02
100
AcDbEntity
  8
Sketch065
100
AcDbLine
 10
-61.669702436
 20
-9.149208960
 30
0.000000000
 11
-61.736866939
 21
-9.116080022
 31
0.000000000
  0
LINE
  5
115A
330
A02
100
AcDbEntity
  8
Sketch065
100
AcDbLine
 10
-61.736866939
 20
-9.116080022
 30
0.000000000
 11
-61.736866939
 21
-7.788573532
 31
0.000000000
  0
ELLIPSE
  5
115B
330
A02
100
AcDbEntity
  8
Sketch065
100
AcDbEllipse
 10
-61.377279210
 20
-7.623009791
 30
0.000000000
 11
-0.500001334
 21
0.000000000
 31
0.000000000
 40
0.476557377
 41
0.000000000
 42
0.768184182
  0
LINE
  5
115C
330
A02
100
AcDbEntity
  8
Sketch065
100
AcDbLine
 10
-60.746388887
 20
-8.277127521
 30
0.000000000
 11
-61.736866939
 21
-7.788573532
 31
0.000000000
  0
LINE
  5
115D
330
A02
100
AcDbEntity
  8
Sketch065
100
AcDbLine
 10
-11.755441580
 20
-19.067687163
 30
0.000000000
 11
-11.755441580
 21
-19.072253977
 31
0.000000000
  0
ELLIPSE
  5
115E
330
A02
100
AcDbEntity
  8
Sketch065
100
AcDbEllipse
 10
-12.003500780
 20
-19.082503680
 30
0.000000000
 11
-0.250000000
 21
0.000000000
 31
0.000000000
 40
0.476557377
 41
3.232297830
 42
3.266278394
  0
LINE
  5
115F
330
A02
100
AcDbEntity
  8
Sketch065
100
AcDbLine
 10
-11.755441580
 20
-19.067687163
 30
0.000000000
 11
-11.751231456
 21
-19.069763810
 31
0.000000000
  0
LINE
  5
1160
330
A02
100
AcDbEntity
  8
Sketch065
100
AcDbLine
 10
-23.472005520
 20
-13.288483838
 30
0.000000000
 11
-16.507776437
 21
-16.723594685
 31
0.000000000
  0
LINE
  5
1161
330
A02
100
AcDbEntity
  8
Sketch065
100
AcDbLine
 10
-49.484882214
 20
-3.538964166
 30
0.000000000
 11
-46.973042657
 21
-2.382440348
 31
0.000000000
  0
ELLIPSE
  5
1162
330
A02
100
AcDbEntity
  8
Sketch065
100
AcDbEllipse
 10
-46.278210224
 20
-2.725166417
 30
0.000000000
 11
-0.999999253
 21
0.000000000
 31
0.000000000
 40
0.476557377
 41
3.909778756
 42
5.480576577
  0
LINE
  5
1163
330
A02
100
AcDbEntity
  8
Sketch065
100
AcDbLine
 10
-45.559038555
 20
-2.394039408
 30
0.000000000
 11
-40.656259908
 21
-4.812338391
 31
0.000000000
  0
LINE
  5
1164
330
A02
100
AcDbEntity
  8
Sketch065
100
AcDbLine
 10
-35.718021178
 20
-7.248128085
 30
0.000000000
 11
-34.768550912
 21
-7.716454955
 31
0.000000000
  0
LINE
  5
1165
330
A02
100
AcDbEntity
  8
Sketch065
100
AcDbLine
 10
-57.690583359
 20
-5.594223373
 30
0.000000000
 11
-56.484882214
 21
-5.039083580
 31
0.000000000
  0
ELLIPSE
  5
1166
330
A02
100
AcDbEntity
  8
Sketch065
100
AcDbEllipse
 10
-59.153034414
 20
-11.635023656
 30
0.000000000
 11
-0.711200000
 21
0.000000000
 31
0.000000000
 40
0.476557377
 41
5.530439077
 42
0.000000000
  0
ELLIPSE
  5
1167
330
A02
100
AcDbEntity
  8
Sketch065
100
AcDbEllipse
 10
-59.153034414
 20
-11.635023656
 30
0.000000000
 11
-0.711200000
 21
0.000000000
 31
0.000000000
 40
0.476557377
 41
0.000000000
 42
0.768186849
  0
ELLIPSE
  5
1168
330
A02
100
AcDbEntity
  8
Sketch065
100
AcDbEllipse
 10
-59.153034414
 20
-11.635023656
 30
0.000000000
 11
-0.711200000
 21
0.000000000
 31
0.000000000
 40
0.476557377
 41
0.768186849
 42
3.141592654
  0
ELLIPSE
  5
1169
330
A02
100
AcDbEntity
  8
Sketch065
100
AcDbEllipse
 10
-59.153034414
 20
-11.635023656
 30
0.000000000
 11
-0.711200000
 21
0.000000000
 31
0.000000000
 40
0.476557377
 41
3.141592654
 42
4.129384710
  0
ELLIPSE
  5
116A
330
A02
100
AcDbEntity
  8
Sketch065
100
AcDbEllipse
 10
-55.678872340
 20
-13.348656519
 30
0.000000000
 11
-0.711200000
 21
0.000000000
 31
0.000000000
 40
0.476557377
 41
5.530439077
 42
0.000000000
  0
ELLIPSE
  5
116B
330
A02
100
AcDbEntity
  8
Sketch065
100
AcDbEllipse
 10
-55.678872340
 20
-13.348656519
 30
0.000000000
 11
-0.711200000
 21
0.000000000
 31
0.000000000
 40
0.476557377
 41
0.000000000
 42
0.768186849
  0
ELLIPSE
  5
116C
330
A02
100
AcDbEntity
  8
Sketch065
100
AcDbEllipse
 10
-55.678872340
 20
-13.348656519
 30
0.000000000
 11
-0.711200000
 21
0.000000000
 31
0.000000000
 40
0.476557377
 41
0.768186849
 42
3.141592654
  0
ELLIPSE
  5
116D
330
A02
100
AcDbEntity
  8
Sketch065
100
AcDbEllipse
 10
-55.678872340
 20
-13.348656519
 30
0.000000000
 11
-0.711200000
 21
0.000000000
 31
0.000000000
 40
0.476557377
 41
3.141592654
 42
4.129384710
  0
ELLIPSE
  5
116E
330
A02
100
AcDbEntity
  8
Sketch065
100
AcDbEllipse
 10
-42.775126582
 20
-18.087951211
 30
0.000000000
 11
-0.500000000
 21
0.000000000
 31
0.000000000
 40
0.476557377
 41
5.639684198
 42
0.000000000
  0
ELLIPSE
  5
116F
330
A02
100
AcDbEntity
  8
Sketch065
100
AcDbEllipse
 10
-42.775126582
 20
-18.087951211
 30
0.000000000
 11
-0.500000000
 21
0.000000000
 31
0.000000000
 40
0.476557377
 41
0.000000000
 42
0.768186849
  0
ELLIPSE
  5
1170
330
A02
100
AcDbEntity
  8
Sketch065
100
AcDbEllipse
 10
-42.775126582
 20
-18.087951211
 30
0.000000000
 11
-0.500000000
 21
0.000000000
 31
0.000000000
 40
0.476557377
 41
0.768186849
 42
3.141592654
  0
ELLIPSE
  5
1171
330
A02
100
AcDbEntity
  8
Sketch065
100
AcDbEllipse
 10
-42.775126582
 20
-18.087951211
 30
0.000000000
 11
-0.500000000
 21
0.000000000
 31
0.000000000
 40
0.476557377
 41
3.141592654
 42
3.785093762
  0
ELLIPSE
  5
1172
330
A02
100
AcDbEntity
  8
Sketch065
100
AcDbEllipse
 10
-37.954326305
 20
-18.897939606
 30
0.000000000
 11
-0.500000000
 21
0.000000000
 31
0.000000000
 40
0.476557377
 41
5.307660734
 42
0.000000000
  0
ELLIPSE
  5
1173
330
A02
100
AcDbEntity
  8
Sketch065
100
AcDbEllipse
 10
-37.954326305
 20
-18.897939606
 30
0.000000000
 11
-0.500000000
 21
0.000000000
 31
0.000000000
 40
0.476557377
 41
0.000000000
 42
0.768186849
  0
ELLIPSE
  5
1174
330
A02
100
AcDbEntity
  8
Sketch065
100
AcDbEllipse
 10
-37.954326305
 20
-18.897939606
 30
0.000000000
 11
-0.500000000
 21
0.000000000
 31
0.000000000
 40
0.476557377
 41
0.768186849
 42
3.141592654
  0
ELLIPSE
  5
1175
330
A02
100
AcDbEntity
  8
Sketch065
100
AcDbEllipse
 10
-37.954326305
 20
-18.897939606
 30
0.000000000
 11
-0.500000000
 21
0.000000000
 31
0.000000000
 40
0.476557377
 41
3.141592654
 42
4.117117227
  0
ELLIPSE
  5
1176
330
A02
100
AcDbEntity
  8
Sketch065
100
AcDbEllipse
 10
-36.189451972
 20
-19.768465100
 30
0.000000000
 11
-0.500000000
 21
0.000000000
 31
0.000000000
 40
0.476557377
 41
5.307660734
 42
0.000000000
  0
ELLIPSE
  5
1177
330
A02
100
AcDbEntity
  8
Sketch065
100
AcDbEllipse
 10
-36.189451972
 20
-19.768465100
 30
0.000000000
 11
-0.500000000
 21
0.000000000
 31
0.000000000
 40
0.476557377
 41
0.000000000
 42
0.768186849
  0
ELLIPSE
  5
1178
330
A02
100
AcDbEntity
  8
Sketch065
100
AcDbEllipse
 10
-36.189451972
 20
-19.768465100
 30
0.000000000
 11
-0.500000000
 21
0.000000000
 31
0.000000000
 40
0.476557377
 41
0.768186849
 42
3.141592654
  0
ELLIPSE
  5
1179
330
A02
100
AcDbEntity
  8
Sketch065
100
AcDbEllipse
 10
-36.189451972
 20
-19.768465100
 30
0.000000000
 11
-0.500000000
 21
0.000000000
 31
0.000000000
 40
0.476557377
 41
3.141592654
 42
4.117117227
  0
ELLIPSE
  5
117A
330
A02
100
AcDbEntity
  8
Sketch065
100
AcDbEllipse
 10
-45.487646362
 20
-13.614249542
 30
0.000000000
 11
-0.400000000
 21
0.000000000
 31
0.000000000
 40
0.476557377
 41
5.387520513
 42
0.000000000
  0
ELLIPSE
  5
117B
330
A02
100
AcDbEntity
  8
Sketch065
100
AcDbEllipse
 10
-45.487646362
 20
-13.614249542
 30
0.000000000
 11
-0.400000000
 21
0.000000000
 31
0.000000000
 40
0.476557377
 41
0.000000000
 42
0.768186849
  0
ELLIPSE
  5
117C
330
A02
100
AcDbEntity
  8
Sketch065
100
AcDbEllipse
 10
-45.487646362
 20
-13.614249542
 30
0.000000000
 11
-0.400000000
 21
0.000000000
 31
0.000000000
 40
0.476557377
 41
0.768186849
 42
3.141592654
  0
ELLIPSE
  5
117D
330
A02
100
AcDbEntity
  8
Sketch065
100
AcDbEllipse
 10
-45.487646362
 20
-13.614249542
 30
0.000000000
 11
-0.400000000
 21
0.000000000
 31
0.000000000
 40
0.476557377
 41
3.141592654
 42
4.037257447
  0
ELLIPSE
  5
117E
330
A02
100
AcDbEntity
  8
Sketch065
100
AcDbEllipse
 10
-43.660950277
 20
-12.773185659
 30
0.000000000
 11
-0.400000000
 21
0.000000000
 31
0.000000000
 40
0.476557377
 41
5.387520513
 42
0.000000000
  0
ELLIPSE
  5
117F
330
A02
100
AcDbEntity
  8
Sketch065
100
AcDbEllipse
 10
-43.660950277
 20
-12.773185659
 30
0.000000000
 11
-0.400000000
 21
0.000000000
 31
0.000000000
 40
0.476557377
 41
0.000000000
 42
0.768186849
  0
ELLIPSE
  5
1180
330
A02
100
AcDbEntity
  8
Sketch065
100
AcDbEllipse
 10
-43.660950277
 20
-12.773185659
 30
0.000000000
 11
-0.400000000
 21
0.000000000
 31
0.000000000
 40
0.476557377
 41
0.768186849
 42
3.141592654
  0
ELLIPSE
  5
1181
330
A02
100
AcDbEntity
  8
Sketch065
100
AcDbEllipse
 10
-43.660950277
 20
-12.773185659
 30
0.000000000
 11
-0.400000000
 21
0.000000000
 31
0.000000000
 40
0.476557377
 41
3.141592654
 42
4.037257447
  0
ELLIPSE
  5
1182
330
A02
100
AcDbEntity
  8
Sketch065
100
AcDbEllipse
 10
-42.138548220
 20
-15.775102243
 30
0.000000000
 11
-0.400000000
 21
0.000000000
 31
0.000000000
 40
0.476557377
 41
5.387520513
 42
0.000000000
  0
ELLIPSE
  5
1183
330
A02
100
AcDbEntity
  8
Sketch065
100
AcDbEllipse
 10
-42.138548220
 20
-15.775102243
 30
0.000000000
 11
-0.400000000
 21
0.000000000
 31
0.000000000
 40
0.476557377
 41
0.000000000
 42
0.351630177
  0
ELLIPSE
  5
1184
330
A02
100
AcDbEntity
  8
Sketch065
100
AcDbEllipse
 10
-28.282716365
 20
-26.226723689
 30
0.000000000
 11
-0.500000000
 21
0.000000000
 31
0.000000000
 40
0.476557377
 41
5.410345366
 42
0.000000000
  0
ELLIPSE
  5
1185
330
A02
100
AcDbEntity
  8
Sketch065
100
AcDbEllipse
 10
-28.282716365
 20
-26.226723689
 30
0.000000000
 11
-0.500000000
 21
0.000000000
 31
0.000000000
 40
0.476557377
 41
0.000000000
 42
0.768186849
  0
ELLIPSE
  5
1186
330
A02
100
AcDbEntity
  8
Sketch065
100
AcDbEllipse
 10
-28.282716365
 20
-26.226723689
 30
0.000000000
 11
-0.500000000
 21
0.000000000
 31
0.000000000
 40
0.476557377
 41
0.768186849
 42
2.416970309
  0
ELLIPSE
  5
1187
330
A02
100
AcDbEntity
  8
Sketch065
100
AcDbEllipse
 10
-34.424577639
 20
-20.638990595
 30
0.000000000
 11
-0.500000000
 21
0.000000000
 31
0.000000000
 40
0.476557377
 41
5.307660734
 42
0.000000000
  0
ELLIPSE
  5
1188
330
A02
100
AcDbEntity
  8
Sketch065
100
AcDbEllipse
 10
-34.424577639
 20
-20.638990595
 30
0.000000000
 11
-0.500000000
 21
0.000000000
 31
0.000000000
 40
0.476557377
 41
0.000000000
 42
0.768186849
  0
ELLIPSE
  5
1189
330
A02
100
AcDbEntity
  8
Sketch065
100
AcDbEllipse
 10
-34.424577639
 20
-20.638990595
 30
0.000000000
 11
-0.500000000
 21
0.000000000
 31
0.000000000
 40
0.476557377
 41
0.768186849
 42
3.141592654
  0
ELLIPSE
  5
118A
330
A02
100
AcDbEntity
  8
Sketch065
100
AcDbEllipse
 10
-34.424577639
 20
-20.638990595
 30
0.000000000
 11
-0.500000000
 21
0.000000000
 31
0.000000000
 40
0.476557377
 41
3.141592654
 42
4.117117227
  0
ELLIPSE
  5
118B
330
A02
100
AcDbEntity
  8
Sketch065
100
AcDbEllipse
 10
-32.659703305
 20
-21.509516089
 30
0.000000000
 11
-0.500000000
 21
0.000000000
 31
0.000000000
 40
0.476557377
 41
5.307660734
 42
0.000000000
  0
ELLIPSE
  5
118C
330
A02
100
AcDbEntity
  8
Sketch065
100
AcDbEllipse
 10
-32.659703305
 20
-21.509516089
 30
0.000000000
 11
-0.500000000
 21
0.000000000
 31
0.000000000
 40
0.476557377
 41
0.000000000
 42
0.768186849
  0
ELLIPSE
  5
118D
330
A02
100
AcDbEntity
  8
Sketch065
100
AcDbEllipse
 10
-32.659703305
 20
-21.509516089
 30
0.000000000
 11
-0.500000000
 21
0.000000000
 31
0.000000000
 40
0.476557377
 41
0.768186849
 42
3.141592654
  0
ELLIPSE
  5
118E
330
A02
100
AcDbEntity
  8
Sketch065
100
AcDbEllipse
 10
-32.659703305
 20
-21.509516089
 30
0.000000000
 11
-0.500000000
 21
0.000000000
 31
0.000000000
 40
0.476557377
 41
3.141592654
 42
4.117117227
  0
ELLIPSE
  5
118F
330
A02
100
AcDbEntity
  8
Sketch065
100
AcDbEllipse
 10
-26.513554014
 20
-25.412150007
 30
0.000000000
 11
-0.500000000
 21
0.000000000
 31
0.000000000
 40
0.476557377
 41
0.000000000
 42
0.768186849
  0
ELLIPSE
  5
1190
330
A02
100
AcDbEntity
  8
Sketch065
100
AcDbEllipse
 10
-26.513554014
 20
-25.412150007
 30
0.000000000
 11
-0.500000000
 21
0.000000000
 31
0.000000000
 40
0.476557377
 41
0.768186849
 42
3.141592654
  0
ELLIPSE
  5
1191
330
A02
100
AcDbEntity
  8
Sketch065
100
AcDbEllipse
 10
-26.513554014
 20
-25.412150007
 30
0.000000000
 11
-0.500000000
 21
0.000000000
 31
0.000000000
 40
0.476557377
 41
3.141592654
 42
0.000000000
  0
ELLIPSE
  5
1192
330
A02
100
AcDbEntity
  8
Sketch065
100
AcDbEllipse
 10
-21.632084020
 20
-30.142258575
 30
0.000000000
 11
-0.711200000
 21
0.000000000
 31
0.000000000
 40
0.476557377
 41
5.295393251
 42
0.000000000
  0
ELLIPSE
  5
1193
330
A02
100
AcDbEntity
  8
Sketch065
100
AcDbEllipse
 10
-21.632084020
 20
-30.142258575
 30
0.000000000
 11
-0.711200000
 21
0.000000000
 31
0.000000000
 40
0.476557377
 41
0.000000000
 42
0.768186849
  0
ELLIPSE
  5
1194
330
A02
100
AcDbEntity
  8
Sketch065
100
AcDbEllipse
 10
-21.632084020
 20
-30.142258575
 30
0.000000000
 11
-0.711200000
 21
0.000000000
 31
0.000000000
 40
0.476557377
 41
0.768186849
 42
3.141592654
  0
ELLIPSE
  5
1195
330
A02
100
AcDbEntity
  8
Sketch065
100
AcDbEllipse
 10
-21.632084020
 20
-30.142258575
 30
0.000000000
 11
-0.711200000
 21
0.000000000
 31
0.000000000
 40
0.476557377
 41
3.141592654
 42
3.894338884
  0
ELLIPSE
  5
1196
330
A02
100
AcDbEntity
  8
Sketch065
100
AcDbEllipse
 10
-18.157921947
 20
-31.855891438
 30
0.000000000
 11
-0.711200000
 21
0.000000000
 31
0.000000000
 40
0.476557377
 41
5.295393251
 42
0.000000000
  0
ELLIPSE
  5
1197
330
A02
100
AcDbEntity
  8
Sketch065
100
AcDbEllipse
 10
-18.157921947
 20
-31.855891438
 30
0.000000000
 11
-0.711200000
 21
0.000000000
 31
0.000000000
 40
0.476557377
 41
0.000000000
 42
0.768186849
  0
ELLIPSE
  5
1198
330
A02
100
AcDbEntity
  8
Sketch065
100
AcDbEllipse
 10
-18.157921947
 20
-31.855891438
 30
0.000000000
 11
-0.711200000
 21
0.000000000
 31
0.000000000
 40
0.476557377
 41
0.768186849
 42
3.141592654
  0
ELLIPSE
  5
1199
330
A02
100
AcDbEntity
  8
Sketch065
100
AcDbEllipse
 10
-18.157921947
 20
-31.855891438
 30
0.000000000
 11
-0.711200000
 21
0.000000000
 31
0.000000000
 40
0.476557377
 41
3.141592654
 42
3.894338884
  0
ELLIPSE
  5
119A
330
A02
100
AcDbEntity
  8
Sketch065
100
AcDbEllipse
 10
-24.686857929
 20
-24.571086125
 30
0.000000000
 11
-0.500000000
 21
0.000000000
 31
0.000000000
 40
0.476557377
 41
4.279237430
 42
0.000000000
  0
ELLIPSE
  5
119B
330
A02
100
AcDbEntity
  8
Sketch065
100
AcDbEllipse
 10
-24.686857929
 20
-24.571086125
 30
0.000000000
 11
-0.500000000
 21
0.000000000
 31
0.000000000
 40
0.476557377
 41
0.000000000
 42
0.768186849
  0
ELLIPSE
  5
119C
330
A02
100
AcDbEntity
  8
Sketch065
100
AcDbEllipse
 10
-24.686857929
 20
-24.571086125
 30
0.000000000
 11
-0.500000000
 21
0.000000000
 31
0.000000000
 40
0.476557377
 41
0.768186849
 42
2.003947877
  0
ELLIPSE
  5
119D
330
A02
100
AcDbEntity
  8
Sketch065
100
AcDbEllipse
 10
-22.949776893
 20
-25.427902556
 30
0.000000000
 11
-0.500000000
 21
0.000000000
 31
0.000000000
 40
0.476557377
 41
6.029877661
 42
0.000000000
  0
ELLIPSE
  5
119E
330
A02
100
AcDbEntity
  8
Sketch065
100
AcDbEllipse
 10
-22.949776893
 20
-25.427902556
 30
0.000000000
 11
-0.500000000
 21
0.000000000
 31
0.000000000
 40
0.476557377
 41
0.000000000
 42
0.768186849
  0
ELLIPSE
  5
119F
330
A02
100
AcDbEntity
  8
Sketch065
100
AcDbEllipse
 10
-22.949776893
 20
-25.427902556
 30
0.000000000
 11
-0.500000000
 21
0.000000000
 31
0.000000000
 40
0.476557377
 41
0.768186849
 42
1.297116925
  0
ELLIPSE
  5
11A0
330
A02
100
AcDbEntity
  8
Sketch065
100
AcDbEllipse
 10
-35.468342241
 20
-14.723695681
 30
0.000000000
 11
-0.500000000
 21
0.000000000
 31
0.000000000
 40
0.476557377
 41
5.639684198
 42
0.000000000
  0
ELLIPSE
  5
11A1
330
A02
100
AcDbEntity
  8
Sketch065
100
AcDbEllipse
 10
-35.468342241
 20
-14.723695681
 30
0.000000000
 11
-0.500000000
 21
0.000000000
 31
0.000000000
 40
0.476557377
 41
0.000000000
 42
0.768186849
  0
ELLIPSE
  5
11A2
330
A02
100
AcDbEntity
  8
Sketch065
100
AcDbEllipse
 10
-35.468342241
 20
-14.723695681
 30
0.000000000
 11
-0.500000000
 21
0.000000000
 31
0.000000000
 40
0.476557377
 41
0.768186849
 42
1.563469703
  0
ELLIPSE
  5
11A3
330
A02
100
AcDbEntity
  8
Sketch065
100
AcDbEllipse
 10
-43.716126472
 20
-7.761143492
 30
0.000000000
 11
-0.400000000
 21
0.000000000
 31
0.000000000
 40
0.476557377
 41
5.560451059
 42
0.000000000
  0
ELLIPSE
  5
11A4
330
A02
100
AcDbEntity
  8
Sketch065
100
AcDbEllipse
 10
-43.716126472
 20
-7.761143492
 30
0.000000000
 11
-0.400000000
 21
0.000000000
 31
0.000000000
 40
0.476557377
 41
0.000000000
 42
0.768186849
  0
ELLIPSE
  5
11A5
330
A02
100
AcDbEntity
  8
Sketch065
100
AcDbEllipse
 10
-43.716126472
 20
-7.761143492
 30
0.000000000
 11
-0.400000000
 21
0.000000000
 31
0.000000000
 40
0.476557377
 41
0.768186849
 42
1.759479737
  0
ELLIPSE
  5
11A6
330
A02
100
AcDbEntity
  8
Sketch065
100
AcDbEllipse
 10
-38.421503472
 20
-10.372719975
 30
0.000000000
 11
-0.400000000
 21
0.000000000
 31
0.000000000
 40
0.476557377
 41
5.560451059
 42
0.000000000
  0
ELLIPSE
  5
11A7
330
A02
100
AcDbEntity
  8
Sketch065
100
AcDbEllipse
 10
-38.421503472
 20
-10.372719975
 30
0.000000000
 11
-0.400000000
 21
0.000000000
 31
0.000000000
 40
0.476557377
 41
0.000000000
 42
0.768186849
  0
ELLIPSE
  5
11A8
330
A02
100
AcDbEntity
  8
Sketch065
100
AcDbEllipse
 10
-38.421503472
 20
-10.372719975
 30
0.000000000
 11
-0.400000000
 21
0.000000000
 31
0.000000000
 40
0.476557377
 41
0.768186849
 42
3.141592654
  0
ELLIPSE
  5
11A9
330
A02
100
AcDbEntity
  8
Sketch065
100
AcDbEllipse
 10
-38.421503472
 20
-10.372719975
 30
0.000000000
 11
-0.400000000
 21
0.000000000
 31
0.000000000
 40
0.476557377
 41
3.141592654
 42
3.864326901
  0
ELLIPSE
  5
11AA
330
A02
100
AcDbEntity
  8
Sketch065
100
AcDbEllipse
 10
-35.890505919
 20
-9.220628211
 30
0.000000000
 11
-0.400000000
 21
0.000000000
 31
0.000000000
 40
0.476557377
 41
5.560451059
 42
0.000000000
  0
ELLIPSE
  5
11AB
330
A02
100
AcDbEntity
  8
Sketch065
100
AcDbEllipse
 10
-35.890505919
 20
-9.220628211
 30
0.000000000
 11
-0.400000000
 21
0.000000000
 31
0.000000000
 40
0.476557377
 41
0.000000000
 42
0.768186849
  0
ELLIPSE
  5
11AC
330
A02
100
AcDbEntity
  8
Sketch065
100
AcDbEllipse
 10
-35.890505919
 20
-9.220628211
 30
0.000000000
 11
-0.400000000
 21
0.000000000
 31
0.000000000
 40
0.476557377
 41
0.768186849
 42
3.141592654
  0
ELLIPSE
  5
11AD
330
A02
100
AcDbEntity
  8
Sketch065
100
AcDbEllipse
 10
-35.890505919
 20
-9.220628211
 30
0.000000000
 11
-0.400000000
 21
0.000000000
 31
0.000000000
 40
0.476557377
 41
3.141592654
 42
3.864326901
  0
ELLIPSE
  5
11AE
330
A02
100
AcDbEntity
  8
Sketch065
100
AcDbEllipse
 10
-20.512298672
 20
-22.635744959
 30
0.000000000
 11
-0.375000000
 21
0.000000000
 31
0.000000000
 40
0.476557377
 41
5.813039113
 42
0.000000000
  0
ELLIPSE
  5
11AF
330
A02
100
AcDbEntity
  8
Sketch065
100
AcDbEllipse
 10
-20.512298672
 20
-22.635744959
 30
0.000000000
 11
-0.375000000
 21
0.000000000
 31
0.000000000
 40
0.476557377
 41
0.000000000
 42
0.470146194
  0
ELLIPSE
  5
11B0
330
A02
100
AcDbEntity
  8
Sketch065
100
AcDbEllipse
 10
-20.512298672
 20
-22.635744959
 30
0.000000000
 11
-0.375000000
 21
0.000000000
 31
0.000000000
 40
0.476557377
 41
2.384220760
 42
3.141592654
  0
ELLIPSE
  5
11B1
330
A02
100
AcDbEntity
  8
Sketch065
100
AcDbEllipse
 10
-20.512298672
 20
-22.635744959
 30
0.000000000
 11
-0.375000000
 21
0.000000000
 31
0.000000000
 40
0.476557377
 41
3.141592654
 42
3.769815782
  0
ELLIPSE
  5
11B2
330
A02
100
AcDbEntity
  8
Sketch065
100
AcDbEllipse
 10
-20.543209548
 20
-23.491539648
 30
0.000000000
 11
-0.375000000
 21
0.000000000
 31
0.000000000
 40
0.476557377
 41
5.654962179
 42
0.000000000
  0
ELLIPSE
  5
11B3
330
A02
100
AcDbEntity
  8
Sketch065
100
AcDbEllipse
 10
-20.543209548
 20
-23.491539648
 30
0.000000000
 11
-0.375000000
 21
0.000000000
 31
0.000000000
 40
0.476557377
 41
0.000000000
 42
0.768186849
  0
ELLIPSE
  5
11B4
330
A02
100
AcDbEntity
  8
Sketch065
100
AcDbEllipse
 10
-20.543209548
 20
-23.491539648
 30
0.000000000
 11
-0.375000000
 21
0.000000000
 31
0.000000000
 40
0.476557377
 41
0.768186849
 42
3.141592654
  0
ELLIPSE
  5
11B5
330
A02
100
AcDbEntity
  8
Sketch065
100
AcDbEllipse
 10
-20.543209548
 20
-23.491539648
 30
0.000000000
 11
-0.375000000
 21
0.000000000
 31
0.000000000
 40
0.476557377
 41
3.141592654
 42
3.769815782
  0
ELLIPSE
  5
11B6
330
A02
100
AcDbEntity
  8
Sketch065
100
AcDbEllipse
 10
-22.740671018
 20
-15.252754481
 30
0.000000000
 11
-0.500000000
 21
0.000000000
 31
0.000000000
 40
0.476557377
 41
5.843680854
 42
0.000000000
  0
ELLIPSE
  5
11B7
330
A02
100
AcDbEntity
  8
Sketch065
100
AcDbEllipse
 10
-22.740671018
 20
-15.252754481
 30
0.000000000
 11
-0.500000000
 21
0.000000000
 31
0.000000000
 40
0.476557377
 41
0.000000000
 42
0.768186849
  0
ELLIPSE
  5
11B8
330
A02
100
AcDbEntity
  8
Sketch065
100
AcDbEllipse
 10
-22.740671018
 20
-15.252754481
 30
0.000000000
 11
-0.500000000
 21
0.000000000
 31
0.000000000
 40
0.476557377
 41
0.768186849
 42
3.141592654
  0
ELLIPSE
  5
11B9
330
A02
100
AcDbEntity
  8
Sketch065
100
AcDbEllipse
 10
-22.740671018
 20
-15.252754481
 30
0.000000000
 11
-0.500000000
 21
0.000000000
 31
0.000000000
 40
0.476557377
 41
3.141592654
 42
3.581097107
  0
ELLIPSE
  5
11BA
330
A02
100
AcDbEntity
  8
Sketch065
100
AcDbEllipse
 10
-19.210922351
 20
-16.993805470
 30
0.000000000
 11
-0.500000000
 21
0.000000000
 31
0.000000000
 40
0.476557377
 41
1.982914740
 42
3.141592654
  0
ELLIPSE
  5
11BB
330
A02
100
AcDbEntity
  8
Sketch065
100
AcDbEllipse
 10
-19.210922351
 20
-16.993805470
 30
0.000000000
 11
-0.500000000
 21
0.000000000
 31
0.000000000
 40
0.476557377
 41
3.141592654
 42
3.581097107
  0
ELLIPSE
  5
11BC
330
A02
100
AcDbEntity
  8
Sketch065
100
AcDbEllipse
 10
-9.502578372
 20
-24.636999925
 30
0.000000000
 11
-0.400000000
 21
0.000000000
 31
0.000000000
 40
0.476557377
 41
2.889905337
 42
3.141592654
  0
ELLIPSE
  5
11BD
330
A02
100
AcDbEntity
  8
Sketch065
100
AcDbEllipse
 10
-9.502578372
 20
-24.636999925
 30
0.000000000
 11
-0.400000000
 21
0.000000000
 31
0.000000000
 40
0.476557377
 41
3.141592654
 42
3.864326901
  0
ELLIPSE
  5
11BE
330
A02
100
AcDbEntity
  8
Sketch065
100
AcDbEllipse
 10
-6.985477467
 20
-23.478053630
 30
0.000000000
 11
-0.400000000
 21
0.000000000
 31
0.000000000
 40
0.476557377
 41
5.560451059
 42
0.000000000
  0
ELLIPSE
  5
11BF
330
A02
100
AcDbEntity
  8
Sketch065
100
AcDbEllipse
 10
-6.985477467
 20
-23.478053630
 30
0.000000000
 11
-0.400000000
 21
0.000000000
 31
0.000000000
 40
0.476557377
 41
0.000000000
 42
0.768186849
  0
ELLIPSE
  5
11C0
330
A02
100
AcDbEntity
  8
Sketch065
100
AcDbEllipse
 10
-6.985477467
 20
-23.478053630
 30
0.000000000
 11
-0.400000000
 21
0.000000000
 31
0.000000000
 40
0.476557377
 41
0.768186849
 42
3.141592654
  0
ELLIPSE
  5
11C1
330
A02
100
AcDbEntity
  8
Sketch065
100
AcDbEllipse
 10
-6.985477467
 20
-23.478053630
 30
0.000000000
 11
-0.400000000
 21
0.000000000
 31
0.000000000
 40
0.476557377
 41
3.141592654
 42
3.864326901
  0
SPLINE
  5
11C2
330
A02
100
AcDbEntity
  8
Sketch065
100
AcDbSpline
210
0
220
0
230
1
 70
8
 71
3
 72
14
 73
10
 74
0
 40
0.000000000
 40
0.000000000
 40
0.000000000
 40
0.000000000
 40
0.556973721
 40
0.556973721
 40
0.556973721
 40
0.778486861
 40
0.778486861
 40
0.778486861
 40
1.000000000
 40
1.000000000
 40
1.000000000
 40
1.000000000
 10
-41.485128918
 20
-6.226624362
 30
0.000000000
 10
-41.485764120
 20
-5.989253736
 30
0.000000000
 10
-41.418109338
 20
-5.778991892
 30
0.000000000
 10
-41.299498117
 20
-5.632478086
 30
0.000000000
 10
-41.233145990
 20
-5.550381693
 30
0.000000000
 10
-41.154492029
 20
-5.488201812
 30
0.000000000
 10
-41.063536235
 20
-5.445938444
 30
0.000000000
 10
-40.929255035
 20
-5.383784111
 30
0.000000000
 10
-40.782277205
 20
-5.370013849
 30
0.000000000
 10
-40.622602746
 20
-5.404627657
 30
0.000000000
  0
ELLIPSE
  5
11C3
330
A02
100
AcDbEntity
  8
Sketch065
100
AcDbEllipse
 10
-41.185128918
 20
-6.226624362
 30
0.000000000
 11
0.300000000
 21
0.000000000
 31
0.000000000
 40
0.476557377
 41
3.141592654
 42
4.179779818
  0
LINE
  5
11C4
330
A02
100
AcDbEntity
  8
Sketch065
100
AcDbLine
 10
-41.485128918
 20
-6.319749690
 30
0.000000000
 11
-41.485128918
 21
-6.226624362
 31
0.000000000
  0
LINE
  5
11C5
330
A02
100
AcDbEntity
  8
Sketch065
100
AcDbLine
 10
-42.242675318
 20
-14.852074402
 30
0.000000000
 11
-42.323449087
 21
-15.060289397
 31
0.000000000
  0
SPLINE
  5
11C6
330
A02
100
AcDbEntity
  8
Sketch065
100
AcDbSpline
210
0
220
0
230
1
 70
8
 71
2
 72
6
 73
3
 74
0
 40
0.000000000
 40
0.000000000
 40
0.000000000
 40
1.000000000
 40
1.000000000
 40
1.000000000
 10
-42.388548220
 20
-15.392674877
 30
0.000000000
 10
-42.387913167
 20
-15.227299487
 30
0.000000000
 10
-42.323449087
 20
-15.060289397
 30
0.000000000
  0
LINE
  5
11C7
330
A02
100
AcDbEntity
  8
Sketch065
100
AcDbLine
 10
-42.388548220
 20
-15.392674877
 30
0.000000000
 11
-42.388548220
 21
-15.768754575
 31
0.000000000
  0
ELLIPSE
  5
11C8
330
A02
100
AcDbEntity
  8
Sketch065
100
AcDbEllipse
 10
-42.138548220
 20
-15.392674877
 30
0.000000000
 11
0.250000000
 21
0.000000000
 31
0.000000000
 40
0.476557377
 41
3.141592654
 42
5.480575829
  0
LINE
  5
11C9
330
A02
100
AcDbEntity
  8
Sketch065
100
AcDbLine
 10
-41.964840117
 20
-15.573366831
 30
0.000000000
 11
-41.964840117
 21
-15.478356520
 31
0.000000000
  0
ELLIPSE
  5
11CA
330
A02
100
AcDbEntity
  8
Sketch065
100
AcDbEllipse
 10
-42.138548220
 20
-15.392674877
 30
0.000000000
 11
0.250000000
 21
0.000000000
 31
0.000000000
 40
0.476557377
 41
5.480575829
 42
6.009717455
  0
ELLIPSE
  5
11CB
330
A02
100
AcDbEntity
  8
Sketch065
100
AcDbEllipse
 10
-41.605254273
 20
-15.312792764
 30
0.000000000
 11
0.221182315
 21
0.448417644
 31
0.000000000
 40
0.632255021
 41
1.743279272
 42
2.233312867
  0
ELLIPSE
  5
11CC
330
A02
100
AcDbEntity
  8
Sketch065
100
AcDbEllipse
 10
-42.090372852
 20
-15.150707697
 30
0.000000000
 11
0.233076235
 21
-0.090418300
 31
0.000000000
 40
0.107282139
 41
3.141592654
 42
5.547668271
  0
SPLINE
  5
11CD
330
A02
100
AcDbEntity
  8
Sketch065
100
AcDbSpline
210
0
220
0
230
1
 70
8
 71
2
 72
6
 73
3
 74
0
 40
0.000000000
 40
0.000000000
 40
0.000000000
 40
1.000000000
 40
1.000000000
 40
1.000000000
 10
-35.866733739
 20
-13.632035850
 30
0.000000000
 10
-35.844568128
 20
-13.640698419
 30
0.000000000
 10
-35.840574398
 20
-13.639217272
 30
0.000000000
  0
SPLINE
  5
11CE
330
A02
100
AcDbEntity
  8
Sketch065
100
AcDbSpline
210
0
220
0
230
1
 70
8
 71
2
 72
6
 73
3
 74
0
 40
0.000000000
 40
0.000000000
 40
0.000000000
 40
1.000000000
 40
1.000000000
 40
1.000000000
 10
-35.840574398
 20
-13.639217272
 30
0.000000000
 10
-35.839474122
 20
-13.636464978
 30
0.000000000
 10
-35.876388704
 20
-13.650792245
 30
0.000000000
  0
LINE
  5
11CF
330
A02
100
AcDbEntity
  8
Sketch065
100
AcDbLine
 10
-36.369162091
 20
-13.877679412
 30
0.000000000
 11
-35.876388704
 21
-13.650792245
 31
0.000000000
  0
ELLIPSE
  5
11D0
330
A02
100
AcDbEntity
  8
Sketch065
100
AcDbEllipse
 10
-36.043679591
 20
-13.287455268
 30
0.000000000
 11
0.167290887
 21
-0.363336977
 31
0.000000000
 40
0.610857311
 41
0.000000000
 42
3.141592654
  0
LINE
  5
11D1
330
A02
100
AcDbEntity
  8
Sketch065
100
AcDbLine
 10
-36.703743866
 20
-13.151005457
 30
0.000000000
 11
-36.210970478
 21
-12.924118291
 31
0.000000000
  0
SPLINE
  5
11D2
330
A02
100
AcDbEntity
  8
Sketch065
100
AcDbSpline
210
0
220
0
230
1
 70
8
 71
3
 72
11
 73
7
 74
0
 40
0.000000000
 40
0.000000000
 40
0.000000000
 40
0.000000000
 40
0.568795800
 40
0.568795800
 40
0.568795800
 40
1.000000000
 40
1.000000000
 40
1.000000000
 40
1.000000000
 10
-35.068342241
 20
-13.725867955
 30
0.000000000
 10
-35.064828118
 20
-13.359537159
 30
0.000000000
 10
-35.239631442
 20
-13.045049313
 30
0.000000000
 10
-35.514121581
 20
-12.913938897
 30
0.000000000
 10
-35.719873330
 20
-12.811799605
 30
0.000000000
 10
-35.974639683
 20
-12.814015390
 30
0.000000000
 10
-36.210970478
 20
-12.924118291
 30
0.000000000
  0
LINE
  5
11D3
330
A02
100
AcDbEntity
  8
Sketch065
100
AcDbLine
 10
-35.868342241
 20
-13.725867955
 30
0.000000000
 11
-35.868342241
 21
-14.866662894
 31
0.000000000
  0
LINE
  5
11D4
330
A02
100
AcDbEntity
  8
Sketch065
100
AcDbLine
 10
-35.756010916
 20
-13.858318960
 30
0.000000000
 11
-35.756010916
 21
-14.918587684
 31
0.000000000
  0
ELLIPSE
  5
11D5
330
A02
100
AcDbEntity
  8
Sketch065
100
AcDbEllipse
 10
-36.043679591
 20
-13.990769965
 30
0.000000000
 11
0.176945852
 21
0.358734115
 31
0.000000000
 40
0.632255021
 41
5.374905521
 42
6.210022267
  0
SPLINE
  5
11D6
330
A02
100
AcDbEntity
  8
Sketch065
100
AcDbSpline
210
0
220
0
230
1
 70
8
 71
2
 72
8
 73
5
 74
0
 40
0.000000000
 40
0.000000000
 40
0.000000000
 40
0.500000000
 40
0.500000000
 40
1.000000000
 40
1.000000000
 40
1.000000000
 10
-35.868342241
 20
-13.725867955
 30
0.000000000
 10
-35.869411045
 20
-13.670153569
 30
0.000000000
 10
-35.877639316
 20
-13.643388087
 30
0.000000000
 10
-35.887334743
 20
-13.613743712
 30
0.000000000
 10
-35.888353167
 20
-13.615650360
 30
0.000000000
  0
ELLIPSE
  5
11D7
330
A02
100
AcDbEntity
  8
Sketch065
100
AcDbEllipse
 10
-35.468342241
 20
-13.725867955
 30
0.000000000
 11
0.400000000
 21
0.000000000
 31
0.000000000
 40
0.476557377
 41
3.141592654
 42
3.909779503
  0
ELLIPSE
  5
11D8
330
A02
100
AcDbEntity
  8
Sketch065
100
AcDbEllipse
 10
-35.468342241
 20
-13.725867955
 30
0.000000000
 11
0.400000000
 21
0.000000000
 31
0.000000000
 40
0.476557377
 41
3.909779503
 42
4.703230655
  0
SPLINE
  5
11D9
330
A02
100
AcDbEntity
  8
Sketch065
100
AcDbSpline
210
0
220
0
230
1
 70
8
 71
3
 72
14
 73
10
 74
0
 40
0.000000000
 40
0.000000000
 40
0.000000000
 40
0.000000000
 40
0.273383920
 40
0.273383920
 40
0.273383920
 40
0.546767839
 40
0.546767839
 40
0.546767839
 40
1.000000000
 40
1.000000000
 40
1.000000000
 40
1.000000000
 10
-43.153600299
 20
-6.556719420
 30
0.000000000
 10
-43.312302665
 20
-6.522296973
 30
0.000000000
 10
-43.458505570
 20
-6.535709263
 30
0.000000000
 10
-43.592209015
 20
-6.596956289
 30
0.000000000
 10
-43.683602992
 20
-6.638980077
 30
0.000000000
 10
-43.762659529
 20
-6.701055054
 30
0.000000000
 10
-43.829378627
 20
-6.783181222
 30
0.000000000
 10
-43.948670698
 20
-6.929770194
 30
0.000000000
 10
-44.016768996
 20
-7.140591900
 30
0.000000000
 10
-44.016126472
 20
-7.378716125
 30
0.000000000
  0
ELLIPSE
  5
11DA
330
A02
100
AcDbEntity
  8
Sketch065
100
AcDbEllipse
 10
-43.716126472
 20
-7.378716125
 30
0.000000000
 11
0.300000000
 21
0.000000000
 31
0.000000000
 40
0.476557377
 41
3.141592654
 42
4.179752086
  0
LINE
  5
11DB
330
A02
100
AcDbEntity
  8
Sketch065
100
AcDbLine
 10
-44.016126472
 20
-7.378716125
 30
0.000000000
 11
-44.016126472
 21
-7.887228722
 31
0.000000000
  0
LINE
  5
11DC
330
A02
100
AcDbEntity
  8
Sketch065
100
AcDbLine
 10
-38.250069128
 20
-8.137526558
 30
0.000000000
 11
-38.330064906
 21
-8.098068585
 31
0.000000000
  0
LINE
  5
11DD
330
A02
100
AcDbEntity
  8
Sketch065
100
AcDbLine
 10
-9.345040677
 20
-22.394951977
 30
0.000000000
 11
-9.411140037
 21
-22.362348421
 31
0.000000000
  0
LINE
  5
11DE
330
A02
100
AcDbEntity
  8
Sketch065
100
AcDbLine
 10
-45.737646362
 20
-11.842220913
 30
0.000000000
 11
-45.737646362
 21
-13.763054535
 31
0.000000000
  0
LINE
  5
11DF
330
A02
100
AcDbEntity
  8
Sketch065
100
AcDbLine
 10
-45.237646362
 20
-11.958576507
 30
0.000000000
 11
-45.237646362
 21
-13.763054535
 31
0.000000000
  0
LINE
  5
11E0
330
A02
100
AcDbEntity
  8
Sketch065
100
AcDbLine
 10
-43.910950277
 20
-11.863254898
 30
0.000000000
 11
-43.910950277
 21
-12.921990652
 31
0.000000000
  0
LINE
  5
11E1
330
A02
100
AcDbEntity
  8
Sketch065
100
AcDbLine
 10
-43.410950277
 20
-11.633040390
 30
0.000000000
 11
-43.410950277
 21
-12.921990652
 31
0.000000000
  0
LINE
  5
11E2
330
A02
100
AcDbEntity
  8
Sketch065
100
AcDbLine
 10
-41.888548220
 20
-15.470468312
 30
0.000000000
 11
-41.888548220
 21
-15.538239828
 31
0.000000000
  0
SPLINE
  5
11E3
330
A02
100
AcDbEntity
  8
Sketch065
100
AcDbSpline
210
0
220
0
230
1
 70
8
 71
1
 72
4
 73
2
 74
0
 40
0.000000000
 40
0.000000000
 40
1.000000000
 40
1.000000000
 10
-24.279786926
 20
-14.457597196
 30
0.000000000
 10
-24.288552191
 20
-14.455162085
 30
0.000000000
  0
SPLINE
  5
11E4
330
A02
100
AcDbEntity
  8
Sketch065
100
AcDbSpline
210
0
220
0
230
1
 70
8
 71
1
 72
4
 73
2
 74
0
 40
0.000000000
 40
0.000000000
 40
1.000000000
 40
1.000000000
 10
-23.804459564
 20
-13.942846220
 30
0.000000000
 10
-23.794936085
 20
-13.944423265
 30
0.000000000
  0
SPLINE
  5
11E5
330
A02
100
AcDbEntity
  8
Sketch065
100
AcDbSpline
210
0
220
0
230
1
 70
8
 71
1
 72
4
 73
2
 74
0
 40
0.000000000
 40
0.000000000
 40
1.000000000
 40
1.000000000
 10
-23.977755554
 20
-15.421869712
 30
0.000000000
 10
-23.968698919
 20
-15.423763831
 30
0.000000000
  0
SPLINE
  5
11E6
330
A02
100
AcDbEntity
  8
Sketch065
100
AcDbSpline
210
0
220
0
230
1
 70
8
 71
1
 72
4
 73
2
 74
0
 40
0.000000000
 40
0.000000000
 40
1.000000000
 40
1.000000000
 10
-23.526219346
 20
-13.832355377
 30
0.000000000
 10
-23.516274259
 20
-13.832996738
 30
0.000000000
  0
SPLINE
  5
11E7
330
A02
100
AcDbEntity
  8
Sketch065
100
AcDbSpline
210
0
220
0
230
1
 70
8
 71
1
 72
4
 73
2
 74
0
 40
0.000000000
 40
0.000000000
 40
1.000000000
 40
1.000000000
 10
-23.617118234
 20
-14.897672080
 30
0.000000000
 10
-23.607417934
 20
-14.898707773
 30
0.000000000
  0
LINE
  5
11E8
330
A02
100
AcDbEntity
  8
Sketch065
100
AcDbLine
 10
-10.866821163
 20
-21.536018874
 30
0.000000000
 11
-11.836428058
 21
-21.057759597
 31
0.000000000
  0
ENDSEC
  0
SECTION
  2
OBJECTS
  0
DICTIONARY
  5
F000
330
0
100
AcDbDictionary
  3
ACAD_GROUP
350
F001
  0
DICTIONARY
  5
F001
330
F000
100
AcDbDictionary
  0
ENDSEC
  0
EOF