999
FreeCAD v1.0 39319 (Git)
  0
SECTION
  2
HEADER
  9
$ACADVER
  1
AC1014
  9
$ACADMAINTVER
 70
     9
  9
$DWGCODEPAGE
  3
ANSI_1252
  9
$TEXTSTYLE
  7
STANDARD
  9
$DIMSTYLE
  2
STANDARD
  9
$DIMTXSTY
  7
STANDARD
  9
$CMLSTYLE
  2
STANDARD
  9
$LUNITS
 70
2
  9
$INSUNITS
 70
4
  9
$PEXTMAX
 10
50
 20
50
 30
50
  9
$PEXTMIN
 10
0
 20
0
 30
0
  9
$HANDSEED
  5
FFFF
  0
ENDSEC
  0
SECTION
  2
CLASSES
  0
CLASS
  1
ACDBDICTIONARYWDFLT
  2
AcDbDictionaryWithDefault
  3
ObjectDBX Classes
 90
        0
280
     0
281
     0
  0
CLASS
  1
XRECORD
  2
AcDbXrecord
  3
ObjectDBX Classes
 90
        0
280
     0
281
     0
  0
CLASS
  1
LWPOLYLINE
  2
AcDbPolyline
  3
ObjectDBX Classes
 90
        0
280
     0
281
     1
  0
ENDSEC
  0
SECTION
  2
TABLES
  0
TABLE
  2
VPORT
  5
20
330
0
100
AcDbSymbolTable
 70
     1
  0
VPORT
  5
21
330
20
100
AcDbSymbolTableRecord
100
AcDbViewportTableRecord
  2
*ACTIVE
 70
     0
  0
ENDTAB
  0
TABLE
  2
LTYPE
  5
22
330
0
100
AcDbSymbolTable
 70
     1
  0
LTYPE
  5
23
330
21
100
AcDbSymbolTableRecord
100
AcDbLinetypeTableRecord
  2
BYBLOCK
 70
     0
  3

 72
    65
 73
     0
 40
0.0
  0
LTYPE
  5
24
330
21
100
AcDbSymbolTableRecord
100
AcDbLinetypeTableRecord
  2
BYLAYER
 70
     0
  3

 72
    65
 73
     0
 40
0.0
  0
LTYPE
  5
25
330
21
100
AcDbSymbolTableRecord
100
AcDbLinetypeTableRecord
  2
CONTINUOUS
 70
     0
  3
Solid line
 72
    65
 73
     0
 40
0.0
  0
ENDTAB
  0
TABLE
  2
LAYER
  5
1315
330
0
100
AcDbSymbolTable
 70
16
  0
LAYER
  5
1316
330
1315
100
AcDbSymbolTableRecord
100
AcDbLayerTableRecord
  2
0
 70
   0
 62
   7
  6
CONTINUOUS
  0
LAYER
  5
1317
330
1315
100
AcDbSymbolTableRecord
100
AcDbLayerTableRecord
  2
none
 70
    0
 62
    7
  6
CONTINUOUS
  0
LAYER
  5
1318
330
1315
100
AcDbSymbolTableRecord
100
AcDbLayerTableRecord
  2
Shape2DView012
 70
    0
 62
    7
  6
CONTINUOUS
  0
LAYER
  5
1319
330
1315
100
AcDbSymbolTableRecord
100
AcDbLayerTableRecord
  2
Shape2DView011
 70
    0
 62
    7
  6
CONTINUOUS
  0
LAYER
  5
131A
330
1315
100
AcDbSymbolTableRecord
100
AcDbLayerTableRecord
  2
Shape2DView010
 70
    0
 62
    7
  6
CONTINUOUS
  0
LAYER
  5
131B
330
1315
100
AcDbSymbolTableRecord
100
AcDbLayerTableRecord
  2
Shape2DView009
 70
    0
 62
    7
  6
CONTINUOUS
  0
LAYER
  5
131C
330
1315
100
AcDbSymbolTableRecord
100
AcDbLayerTableRecord
  2
Shape2DView008
 70
    0
 62
    7
  6
CONTINUOUS
  0
LAYER
  5
131D
330
1315
100
AcDbSymbolTableRecord
100
AcDbLayerTableRecord
  2
Shape2DView007
 70
    0
 62
    7
  6
CONTINUOUS
  0
LAYER
  5
131E
330
1315
100
AcDbSymbolTableRecord
100
AcDbLayerTableRecord
  2
Shape2DView006
 70
    0
 62
    7
  6
CONTINUOUS
  0
LAYER
  5
131F
330
1315
100
AcDbSymbolTableRecord
100
AcDbLayerTableRecord
  2
Shape2DView005
 70
    0
 62
    7
  6
CONTINUOUS
  0
LAYER
  5
1320
330
1315
100
AcDbSymbolTableRecord
100
AcDbLayerTableRecord
  2
Shape2DView004
 70
    0
 62
    7
  6
CONTINUOUS
  0
LAYER
  5
1321
330
1315
100
AcDbSymbolTableRecord
100
AcDbLayerTableRecord
  2
Shape2DView003
 70
    0
 62
    7
  6
CONTINUOUS
  0
LAYER
  5
1322
330
1315
100
AcDbSymbolTableRecord
100
AcDbLayerTableRecord
  2
Sketch001
 70
    0
 62
    7
  6
CONTINUOUS
  0
LAYER
  5
1323
330
1315
100
AcDbSymbolTableRecord
100
AcDbLayerTableRecord
  2
Shape2DView001
 70
    0
 62
    7
  6
CONTINUOUS
  0
LAYER
  5
1324
330
1315
100
AcDbSymbolTableRecord
100
AcDbLayerTableRecord
  2
Shape2DView
 70
    0
 62
    7
  6
CONTINUOUS
  0
LAYER
  5
1325
330
1315
100
AcDbSymbolTableRecord
100
AcDbLayerTableRecord
  2
Sketch
 70
    0
 62
    7
  6
CONTINUOUS
  0
ENDTAB
  0
TABLE
  2
STYLE
  5
70
330
0
100
AcDbSymbolTable
 70
     2
  0
STYLE
  5
71
330
70
100
AcDbSymbolTableRecord
100
AcDbTextStyleTableRecord
  2
STANDARD
 70
     0
 40
0.0
 41
1.0
 50
0.0
 71
     0
 42
2.5
  3
arial.ttf
  4

  0
STYLE
  5
72
330
70
100
AcDbSymbolTableRecord
100
AcDbTextStyleTableRecord
  2
ANNOTATIVE
 70
     0
 40
0.0
 41
1.0
 50
0.0
 71
     0
 42
2.5
  3
arial.ttf
  4

  0
ENDTAB
  0
TABLE
  2
VIEW
  5
73
330
0
100
AcDbSymbolTable
 70
     0
  0
ENDTAB
  0
TABLE
  2
UCS
  5
74
330
0
100
AcDbSymbolTable
 70
     0
  0
ENDTAB
  0
TABLE
  2
APPID
  5
75
330
0
100
AcDbSymbolTable
 70
     2
  0
APPID
  5
76
330
75
100
AcDbSymbolTableRecord
100
AcDbRegAppTableRecord
  2
ACAD
 70
     0
  0
APPID
  5
77
330
75
100
AcDbSymbolTableRecord
100
AcDbRegAppTableRecord
  2
ACADANNOTATIVE
 70
     0
  0
ENDTAB
  0
TABLE
  2
DIMSTYLE
  5
78
330
0
100
AcDbSymbolTable
 70
     2
  0
DIMSTYLE
105
79
330
78
100
AcDbSymbolTableRecord
100
AcDbDimStyleTableRecord
  2
STANDARD
 70
     0
  3

  4

  5

  6

  7

 40
0.0
 41
2.5
 42
0.625
 43
3.75
 44
1.25
 45
0.0
 46
0.0
 47
0.0
 48
0.0
140
2.5
141
2.5
142
0.0
143
0.03937007874016
144
1.0
145
0.0
146
1.0
147
0.625
 71
     0
 72
     0
 73
     0
 74
     0
 75
     0
 76
     0
 77
     1
 78
     8
170
     0
171
     3
172
     1
173
     0
174
     0
175
     0
176
     0
177
     0
178
     0
270
     2
271
     2
272
     2
273
     2
274
     3
340
71
275
     0
280
     0
281
     0
282
     0
283
     0
284
     8
285
     0
286
     0
287
     3
288
     0
  0
ENDTAB
  0
TABLE
  2
BLOCK_RECORD
  5
A01
330
0
100
AcDbSymbolTable
  70
5
  0
BLOCK_RECORD
  5
A02
330
A01
100
AcDbSymbolTableRecord
100
AcDbBlockTableRecord
  2
*MODEL_SPACE
  0
BLOCK_RECORD
  5
A03
330
A01
100
AcDbSymbolTableRecord
100
AcDbBlockTableRecord
  2
*PAPER_SPACE
  0
ENDTAB
  0
ENDSEC
  0
SECTION
  2
BLOCKS
  0
BLOCK
  5
A04
330
A02
100
AcDbEntity
  8
0
100
AcDbBlockBegin
  2
*MODEL_SPACE
 70
   0
 10
0
 20
0
 30
0
  3
*MODEL_SPACE
  1
 
  0
ENDBLK
  5
A05
330
A02
100
AcDbEntity
  8
0
100
AcDbBlockEnd
  0
BLOCK
  5
A06
330
A03
100
AcDbEntity
 67
1
  8
0
100
AcDbBlockBegin
  2
*PAPER_SPACE
 70
   0
 10
0
 20
0
 30
0
  3
*PAPER_SPACE
  1
 
  0
ENDBLK
  5
A07
330
A03
100
AcDbEntity
 67
    1
  8
0
100
AcDbBlockEnd
  0
ENDSEC
  0
SECTION
  2
ENTITIES
  0
LINE
  5
A08
330
A02
100
AcDbEntity
  8
Shape2DView012
100
AcDbLine
 10
133.985000000
 20
121.000000000
 30
0.000000000
 11
125.316762614
 21
121.000000000
 31
0.000000000
  0
LINE
  5
A09
330
A02
100
AcDbEntity
  8
Shape2DView012
100
AcDbLine
 10
133.985000000
 20
121.000000000
 30
0.000000000
 11
134.485000000
 21
121.500000000
 31
0.000000000
  0
ARC
  5
A0A
330
A02
100
AcDbEntity
  8
Shape2DView012
100
AcDbCircle
 10
125.316762614
 20
120.600000000
 30
0.000000000
 40
0.400000000
100
AcDbArc
 50
90.000000000
 51
105.000000000
  0
LINE
  5
A0B
330
A02
100
AcDbEntity
  8
Shape2DView012
100
AcDbLine
 10
134.485000000
 20
121.500000000
 30
0.000000000
 11
134.485000000
 21
123.591339577
 31
0.000000000
  0
LINE
  5
A0C
330
A02
100
AcDbEntity
  8
Shape2DView012
100
AcDbLine
 10
125.213234996
 20
120.986370331
 30
0.000000000
 11
117.800000000
 21
119.000000000
 31
0.000000000
  0
ARC
  5
A0D
330
A02
100
AcDbEntity
  8
Shape2DView012
100
AcDbCircle
 10
134.585166667
 20
123.764833333
 30
0.000000000
 40
0.200333333
100
AcDbArc
 50
90.000000000
 51
-120.000000000
  0
LINE
  5
A0E
330
A02
100
AcDbEntity
  8
Shape2DView012
100
AcDbLine
 10
117.800000000
 20
119.000000000
 30
0.000000000
 11
117.800000000
 21
121.000000000
 31
0.000000000
  0
ARC
  5
A0F
330
A02
100
AcDbEntity
  8
Shape2DView012
100
AcDbCircle
 10
134.585166667
 20
123.764833333
 30
0.000000000
 40
0.200333333
100
AcDbArc
 50
30.000000000
 51
90.000000000
  0
LINE
  5
A10
330
A02
100
AcDbEntity
  8
Shape2DView012
100
AcDbLine
 10
117.800000000
 20
121.000000000
 30
0.000000000
 11
115.000000000
 21
121.000000000
 31
0.000000000
  0
LINE
  5
A11
330
A02
100
AcDbEntity
  8
Shape2DView012
100
AcDbLine
 10
134.758660423
 20
123.865000000
 30
0.000000000
 11
144.161339577
 21
123.865000000
 31
0.000000000
  0
LINE
  5
A12
330
A02
100
AcDbEntity
  8
Shape2DView012
100
AcDbLine
 10
115.000000000
 20
120.000000000
 30
0.000000000
 11
115.000000000
 21
121.000000000
 31
0.000000000
  0
ARC
  5
A13
330
A02
100
AcDbEntity
  8
Shape2DView012
100
AcDbCircle
 10
144.334833333
 20
123.764833333
 30
0.000000000
 40
0.200333333
100
AcDbArc
 50
90.000000000
 51
150.000000000
  0
LINE
  5
A14
330
A02
100
AcDbEntity
  8
Shape2DView012
100
AcDbLine
 10
113.221114562
 20
120.889442719
 30
0.000000000
 11
115.000000000
 21
120.000000000
 31
0.000000000
  0
ARC
  5
A15
330
A02
100
AcDbEntity
  8
Shape2DView012
100
AcDbCircle
 10
144.334833333
 20
123.764833333
 30
0.000000000
 40
0.200333333
100
AcDbArc
 50
-60.000000000
 51
90.000000000
  0
ARC
  5
A16
330
A02
100
AcDbEntity
  8
Shape2DView012
100
AcDbCircle
 10
113.400000000
 20
121.247213596
 30
0.000000000
 40
0.400000000
100
AcDbArc
 50
180.000000000
 51
-116.565051177
  0
LINE
  5
A17
330
A02
100
AcDbEntity
  8
Shape2DView012
100
AcDbLine
 10
144.435000000
 20
121.500000000
 30
0.000000000
 11
144.435000000
 21
123.591339577
 31
0.000000000
  0
LINE
  5
A18
330
A02
100
AcDbEntity
  8
Shape2DView012
100
AcDbLine
 10
113.000000000
 20
121.247213596
 30
0.000000000
 11
113.000000000
 21
123.400000000
 31
0.000000000
  0
LINE
  5
A19
330
A02
100
AcDbEntity
  8
Shape2DView012
100
AcDbLine
 10
144.435000000
 20
121.500000000
 30
0.000000000
 11
144.935000000
 21
121.000000000
 31
0.000000000
  0
ARC
  5
A1A
330
A02
100
AcDbEntity
  8
Shape2DView012
100
AcDbCircle
 10
113.400000000
 20
123.400000000
 30
0.000000000
 40
0.400000000
100
AcDbArc
 50
90.000000000
 51
180.000000000
  0
LINE
  5
A1B
330
A02
100
AcDbEntity
  8
Shape2DView012
100
AcDbLine
 10
156.665000000
 20
121.000000000
 30
0.000000000
 11
144.935000000
 21
121.000000000
 31
0.000000000
  0
LINE
  5
A1C
330
A02
100
AcDbEntity
  8
Shape2DView012
100
AcDbLine
 10
113.400000000
 20
123.800000000
 30
0.000000000
 11
127.000000000
 21
123.800000000
 31
0.000000000
  0
LINE
  5
A1D
330
A02
100
AcDbEntity
  8
Shape2DView012
100
AcDbLine
 10
156.665000000
 20
121.000000000
 30
0.000000000
 11
157.165000000
 21
121.500000000
 31
0.000000000
  0
ARC
  5
A1E
330
A02
100
AcDbEntity
  8
Shape2DView012
100
AcDbCircle
 10
127.000000000
 20
124.200000000
 30
0.000000000
 40
0.400000000
100
AcDbArc
 50
-90.000000000
 51
90.000000000
  0
LINE
  5
A1F
330
A02
100
AcDbEntity
  8
Shape2DView012
100
AcDbLine
 10
157.165000000
 20
121.500000000
 30
0.000000000
 11
157.165000000
 21
123.591339577
 31
0.000000000
  0
LINE
  5
A20
330
A02
100
AcDbEntity
  8
Shape2DView012
100
AcDbLine
 10
127.000000000
 20
124.600000000
 30
0.000000000
 11
113.400000000
 21
124.600000000
 31
0.000000000
  0
ARC
  5
A21
330
A02
100
AcDbEntity
  8
Shape2DView012
100
AcDbCircle
 10
157.265166667
 20
123.764833333
 30
0.000000000
 40
0.200333333
100
AcDbArc
 50
90.000000000
 51
-120.000000000
  0
ARC
  5
A22
330
A02
100
AcDbEntity
  8
Shape2DView012
100
AcDbCircle
 10
113.400000000
 20
125.000000000
 30
0.000000000
 40
0.400000000
100
AcDbArc
 50
180.000000000
 51
-90.000000000
  0
ARC
  5
A23
330
A02
100
AcDbEntity
  8
Shape2DView012
100
AcDbCircle
 10
157.265166667
 20
123.764833333
 30
0.000000000
 40
0.200333333
100
AcDbArc
 50
30.000000000
 51
90.000000000
  0
LINE
  5
A24
330
A02
100
AcDbEntity
  8
Shape2DView012
100
AcDbLine
 10
113.000000000
 20
125.000000000
 30
0.000000000
 11
113.000000000
 21
135.825000000
 31
0.000000000
  0
LINE
  5
A25
330
A02
100
AcDbEntity
  8
Shape2DView012
100
AcDbLine
 10
157.438660423
 20
123.865000000
 30
0.000000000
 11
166.841339577
 21
123.865000000
 31
0.000000000
  0
LINE
  5
A26
330
A02
100
AcDbEntity
  8
Shape2DView012
100
AcDbLine
 10
113.500000000
 20
136.325000000
 30
0.000000000
 11
113.000000000
 21
135.825000000
 31
0.000000000
  0
ARC
  5
A27
330
A02
100
AcDbEntity
  8
Shape2DView012
100
AcDbCircle
 10
167.014833333
 20
123.764833333
 30
0.000000000
 40
0.200333333
100
AcDbArc
 50
90.000000000
 51
150.000000000
  0
LINE
  5
A28
330
A02
100
AcDbEntity
  8
Shape2DView012
100
AcDbLine
 10
113.500000000
 20
136.325000000
 30
0.000000000
 11
115.591339577
 21
136.325000000
 31
0.000000000
  0
ARC
  5
A29
330
A02
100
AcDbEntity
  8
Shape2DView012
100
AcDbCircle
 10
167.014833333
 20
123.764833333
 30
0.000000000
 40
0.200333333
100
AcDbArc
 50
-60.000000000
 51
90.000000000
  0
ARC
  5
A2A
330
A02
100
AcDbEntity
  8
Shape2DView012
100
AcDbCircle
 10
115.764833333
 20
136.425166667
 30
0.000000000
 40
0.200333333
100
AcDbArc
 50
-150.000000000
 51
0.000000000
  0
LINE
  5
A2B
330
A02
100
AcDbEntity
  8
Shape2DView012
100
AcDbLine
 10
167.115000000
 20
121.500000000
 30
0.000000000
 11
167.115000000
 21
123.591339577
 31
0.000000000
  0
ARC
  5
A2C
330
A02
100
AcDbEntity
  8
Shape2DView012
100
AcDbCircle
 10
115.764833333
 20
136.425166667
 30
0.000000000
 40
0.200333333
100
AcDbArc
 50
0.000000000
 51
60.000000000
  0
LINE
  5
A2D
330
A02
100
AcDbEntity
  8
Shape2DView012
100
AcDbLine
 10
167.115000000
 20
121.500000000
 30
0.000000000
 11
167.615000000
 21
121.000000000
 31
0.000000000
  0
LINE
  5
A2E
330
A02
100
AcDbEntity
  8
Shape2DView012
100
AcDbLine
 10
115.865000000
 20
146.001339577
 30
0.000000000
 11
115.865000000
 21
136.598660423
 31
0.000000000
  0
LINE
  5
A2F
330
A02
100
AcDbEntity
  8
Shape2DView012
100
AcDbLine
 10
176.283237386
 20
121.000000000
 30
0.000000000
 11
167.615000000
 21
121.000000000
 31
0.000000000
  0
ARC
  5
A30
330
A02
100
AcDbEntity
  8
Shape2DView012
100
AcDbCircle
 10
115.764833333
 20
146.174833333
 30
0.000000000
 40
0.200333333
100
AcDbArc
 50
-60.000000000
 51
0.000000000
  0
ARC
  5
A31
330
A02
100
AcDbEntity
  8
Shape2DView012
100
AcDbCircle
 10
176.283237386
 20
120.600000000
 30
0.000000000
 40
0.400000000
100
AcDbArc
 50
75.000000000
 51
90.000000000
  0
ARC
  5
A32
330
A02
100
AcDbEntity
  8
Shape2DView012
100
AcDbCircle
 10
115.764833333
 20
146.174833333
 30
0.000000000
 40
0.200333333
100
AcDbArc
 50
0.000000000
 51
150.000000000
  0
LINE
  5
A33
330
A02
100
AcDbEntity
  8
Shape2DView012
100
AcDbLine
 10
183.800000000
 20
119.000000000
 30
0.000000000
 11
176.386765004
 21
120.986370331
 31
0.000000000
  0
LINE
  5
A34
330
A02
100
AcDbEntity
  8
Shape2DView012
100
AcDbLine
 10
113.500000000
 20
146.275000000
 30
0.000000000
 11
115.591339577
 21
146.275000000
 31
0.000000000
  0
LINE
  5
A35
330
A02
100
AcDbEntity
  8
Shape2DView012
100
AcDbLine
 10
183.800000000
 20
121.000000000
 30
0.000000000
 11
183.800000000
 21
119.000000000
 31
0.000000000
  0
LINE
  5
A36
330
A02
100
AcDbEntity
  8
Shape2DView012
100
AcDbLine
 10
113.000000000
 20
146.775000000
 30
0.000000000
 11
113.500000000
 21
146.275000000
 31
0.000000000
  0
LINE
  5
A37
330
A02
100
AcDbEntity
  8
Shape2DView012
100
AcDbLine
 10
186.600000000
 20
121.000000000
 30
0.000000000
 11
183.800000000
 21
121.000000000
 31
0.000000000
  0
LINE
  5
A38
330
A02
100
AcDbEntity
  8
Shape2DView012
100
AcDbLine
 10
113.000000000
 20
146.775000000
 30
0.000000000
 11
113.000000000
 21
157.600000000
 31
0.000000000
  0
LINE
  5
A39
330
A02
100
AcDbEntity
  8
Shape2DView012
100
AcDbLine
 10
186.600000000
 20
120.000000000
 30
0.000000000
 11
186.600000000
 21
121.000000000
 31
0.000000000
  0
ARC
  5
A3A
330
A02
100
AcDbEntity
  8
Shape2DView012
100
AcDbCircle
 10
113.400000000
 20
157.600000000
 30
0.000000000
 40
0.400000000
100
AcDbArc
 50
90.000000000
 51
180.000000000
  0
LINE
  5
A3B
330
A02
100
AcDbEntity
  8
Shape2DView012
100
AcDbLine
 10
188.378885438
 20
120.889442719
 30
0.000000000
 11
186.600000000
 21
120.000000000
 31
0.000000000
  0
LINE
  5
A3C
330
A02
100
AcDbEntity
  8
Shape2DView012
100
AcDbLine
 10
113.400000000
 20
158.000000000
 30
0.000000000
 11
127.000000000
 21
158.000000000
 31
0.000000000
  0
ARC
  5
A3D
330
A02
100
AcDbEntity
  8
Shape2DView012
100
AcDbCircle
 10
188.200000000
 20
121.247213596
 30
0.000000000
 40
0.400000000
100
AcDbArc
 50
-63.434948823
 51
0.000000000
  0
ARC
  5
A3E
330
A02
100
AcDbEntity
  8
Shape2DView012
100
AcDbCircle
 10
127.000000000
 20
158.400000000
 30
0.000000000
 40
0.400000000
100
AcDbArc
 50
-90.000000000
 51
90.000000000
  0
LINE
  5
A3F
330
A02
100
AcDbEntity
  8
Shape2DView012
100
AcDbLine
 10
188.600000000
 20
123.400000000
 30
0.000000000
 11
188.600000000
 21
121.247213596
 31
0.000000000
  0
LINE
  5
A40
330
A02
100
AcDbEntity
  8
Shape2DView012
100
AcDbLine
 10
127.000000000
 20
158.800000000
 30
0.000000000
 11
113.400000000
 21
158.800000000
 31
0.000000000
  0
ARC
  5
A41
330
A02
100
AcDbEntity
  8
Shape2DView012
100
AcDbCircle
 10
188.200000000
 20
123.400000000
 30
0.000000000
 40
0.400000000
100
AcDbArc
 50
0.000000000
 51
90.000000000
  0
ARC
  5
A42
330
A02
100
AcDbEntity
  8
Shape2DView012
100
AcDbCircle
 10
113.400000000
 20
159.200000000
 30
0.000000000
 40
0.400000000
100
AcDbArc
 50
180.000000000
 51
-90.000000000
  0
LINE
  5
A43
330
A02
100
AcDbEntity
  8
Shape2DView012
100
AcDbLine
 10
174.600000000
 20
123.800000000
 30
0.000000000
 11
188.200000000
 21
123.800000000
 31
0.000000000
  0
LINE
  5
A44
330
A02
100
AcDbEntity
  8
Shape2DView012
100
AcDbLine
 10
113.000000000
 20
159.200000000
 30
0.000000000
 11
113.000000000
 21
161.352786405
 31
0.000000000
  0
ARC
  5
A45
330
A02
100
AcDbEntity
  8
Shape2DView012
100
AcDbCircle
 10
174.600000000
 20
124.200000000
 30
0.000000000
 40
0.400000000
100
AcDbArc
 50
90.000000000
 51
-90.000000000
  0
ARC
  5
A46
330
A02
100
AcDbEntity
  8
Shape2DView012
100
AcDbCircle
 10
113.400000000
 20
161.352786405
 30
0.000000000
 40
0.400000000
100
AcDbArc
 50
116.565051177
 51
180.000000000
  0
LINE
  5
A47
330
A02
100
AcDbEntity
  8
Shape2DView012
100
AcDbLine
 10
188.200000000
 20
124.600000000
 30
0.000000000
 11
174.600000000
 21
124.600000000
 31
0.000000000
  0
LINE
  5
A48
330
A02
100
AcDbEntity
  8
Shape2DView012
100
AcDbLine
 10
113.221114562
 20
161.710557281
 30
0.000000000
 11
115.000000000
 21
162.600000000
 31
0.000000000
  0
ARC
  5
A49
330
A02
100
AcDbEntity
  8
Shape2DView012
100
AcDbCircle
 10
188.200000000
 20
125.000000000
 30
0.000000000
 40
0.400000000
100
AcDbArc
 50
-90.000000000
 51
0.000000000
  0
LINE
  5
A4A
330
A02
100
AcDbEntity
  8
Shape2DView012
100
AcDbLine
 10
115.000000000
 20
162.600000000
 30
0.000000000
 11
115.000000000
 21
161.600000000
 31
0.000000000
  0
LINE
  5
A4B
330
A02
100
AcDbEntity
  8
Shape2DView012
100
AcDbLine
 10
188.600000000
 20
135.825000000
 30
0.000000000
 11
188.600000000
 21
125.000000000
 31
0.000000000
  0
LINE
  5
A4C
330
A02
100
AcDbEntity
  8
Shape2DView012
100
AcDbLine
 10
115.000000000
 20
161.600000000
 30
0.000000000
 11
117.800000000
 21
161.600000000
 31
0.000000000
  0
LINE
  5
A4D
330
A02
100
AcDbEntity
  8
Shape2DView012
100
AcDbLine
 10
188.600000000
 20
135.825000000
 30
0.000000000
 11
188.100000000
 21
136.325000000
 31
0.000000000
  0
LINE
  5
A4E
330
A02
100
AcDbEntity
  8
Shape2DView012
100
AcDbLine
 10
117.800000000
 20
161.600000000
 30
0.000000000
 11
117.800000000
 21
163.600000000
 31
0.000000000
  0
LINE
  5
A4F
330
A02
100
AcDbEntity
  8
Shape2DView012
100
AcDbLine
 10
186.008660423
 20
136.325000000
 30
0.000000000
 11
188.100000000
 21
136.325000000
 31
0.000000000
  0
LINE
  5
A50
330
A02
100
AcDbEntity
  8
Shape2DView012
100
AcDbLine
 10
117.800000000
 20
163.600000000
 30
0.000000000
 11
125.213234996
 21
161.613629669
 31
0.000000000
  0
ARC
  5
A51
330
A02
100
AcDbEntity
  8
Shape2DView012
100
AcDbCircle
 10
185.835166667
 20
136.425166667
 30
0.000000000
 40
0.200333333
100
AcDbArc
 50
120.000000000
 51
-30.000000000
  0
ARC
  5
A52
330
A02
100
AcDbEntity
  8
Shape2DView012
100
AcDbCircle
 10
125.316762614
 20
162.000000000
 30
0.000000000
 40
0.400000000
100
AcDbArc
 50
-105.000000000
 51
-90.000000000
  0
LINE
  5
A53
330
A02
100
AcDbEntity
  8
Shape2DView012
100
AcDbLine
 10
185.735000000
 20
146.001339577
 30
0.000000000
 11
185.735000000
 21
136.598660423
 31
0.000000000
  0
LINE
  5
A54
330
A02
100
AcDbEntity
  8
Shape2DView012
100
AcDbLine
 10
125.316762614
 20
161.600000000
 30
0.000000000
 11
133.985000000
 21
161.600000000
 31
0.000000000
  0
ARC
  5
A55
330
A02
100
AcDbEntity
  8
Shape2DView012
100
AcDbCircle
 10
185.835166667
 20
146.174833333
 30
0.000000000
 40
0.200333333
100
AcDbArc
 50
30.000000000
 51
-120.000000000
  0
LINE
  5
A56
330
A02
100
AcDbEntity
  8
Shape2DView012
100
AcDbLine
 10
134.485000000
 20
161.100000000
 30
0.000000000
 11
133.985000000
 21
161.600000000
 31
0.000000000
  0
LINE
  5
A57
330
A02
100
AcDbEntity
  8
Shape2DView012
100
AcDbLine
 10
186.008660423
 20
146.275000000
 30
0.000000000
 11
188.100000000
 21
146.275000000
 31
0.000000000
  0
LINE
  5
A58
330
A02
100
AcDbEntity
  8
Shape2DView012
100
AcDbLine
 10
134.485000000
 20
161.100000000
 30
0.000000000
 11
134.485000000
 21
159.008660423
 31
0.000000000
  0
LINE
  5
A59
330
A02
100
AcDbEntity
  8
Shape2DView012
100
AcDbLine
 10
188.100000000
 20
146.275000000
 30
0.000000000
 11
188.600000000
 21
146.775000000
 31
0.000000000
  0
ARC
  5
A5A
330
A02
100
AcDbEntity
  8
Shape2DView012
100
AcDbCircle
 10
134.585166667
 20
158.835166667
 30
0.000000000
 40
0.200333333
100
AcDbArc
 50
120.000000000
 51
-90.000000000
  0
LINE
  5
A5B
330
A02
100
AcDbEntity
  8
Shape2DView012
100
AcDbLine
 10
188.600000000
 20
157.600000000
 30
0.000000000
 11
188.600000000
 21
146.775000000
 31
0.000000000
  0
ARC
  5
A5C
330
A02
100
AcDbEntity
  8
Shape2DView012
100
AcDbCircle
 10
134.585166667
 20
158.835166667
 30
0.000000000
 40
0.200333333
100
AcDbArc
 50
-90.000000000
 51
-30.000000000
  0
ARC
  5
A5D
330
A02
100
AcDbEntity
  8
Shape2DView012
100
AcDbCircle
 10
188.200000000
 20
157.600000000
 30
0.000000000
 40
0.400000000
100
AcDbArc
 50
0.000000000
 51
90.000000000
  0
LINE
  5
A5E
330
A02
100
AcDbEntity
  8
Shape2DView012
100
AcDbLine
 10
144.161339577
 20
158.735000000
 30
0.000000000
 11
134.758660423
 21
158.735000000
 31
0.000000000
  0
LINE
  5
A5F
330
A02
100
AcDbEntity
  8
Shape2DView012
100
AcDbLine
 10
174.600000000
 20
158.000000000
 30
0.000000000
 11
188.200000000
 21
158.000000000
 31
0.000000000
  0
ARC
  5
A60
330
A02
100
AcDbEntity
  8
Shape2DView012
100
AcDbCircle
 10
144.334833333
 20
158.835166667
 30
0.000000000
 40
0.200333333
100
AcDbArc
 50
-150.000000000
 51
-90.000000000
  0
ARC
  5
A61
330
A02
100
AcDbEntity
  8
Shape2DView012
100
AcDbCircle
 10
174.600000000
 20
158.400000000
 30
0.000000000
 40
0.400000000
100
AcDbArc
 50
90.000000000
 51
-90.000000000
  0
ARC
  5
A62
330
A02
100
AcDbEntity
  8
Shape2DView012
100
AcDbCircle
 10
144.334833333
 20
158.835166667
 30
0.000000000
 40
0.200333333
100
AcDbArc
 50
-90.000000000
 51
60.000000000
  0
LINE
  5
A63
330
A02
100
AcDbEntity
  8
Shape2DView012
100
AcDbLine
 10
188.200000000
 20
158.800000000
 30
0.000000000
 11
174.600000000
 21
158.800000000
 31
0.000000000
  0
LINE
  5
A64
330
A02
100
AcDbEntity
  8
Shape2DView012
100
AcDbLine
 10
144.435000000
 20
161.100000000
 30
0.000000000
 11
144.435000000
 21
159.008660423
 31
0.000000000
  0
ARC
  5
A65
330
A02
100
AcDbEntity
  8
Shape2DView012
100
AcDbCircle
 10
188.200000000
 20
159.200000000
 30
0.000000000
 40
0.400000000
100
AcDbArc
 50
-90.000000000
 51
0.000000000
  0
LINE
  5
A66
330
A02
100
AcDbEntity
  8
Shape2DView012
100
AcDbLine
 10
144.935000000
 20
161.600000000
 30
0.000000000
 11
144.435000000
 21
161.100000000
 31
0.000000000
  0
LINE
  5
A67
330
A02
100
AcDbEntity
  8
Shape2DView012
100
AcDbLine
 10
188.600000000
 20
161.352786405
 30
0.000000000
 11
188.600000000
 21
159.200000000
 31
0.000000000
  0
LINE
  5
A68
330
A02
100
AcDbEntity
  8
Shape2DView012
100
AcDbLine
 10
144.935000000
 20
161.600000000
 30
0.000000000
 11
156.665000000
 21
161.600000000
 31
0.000000000
  0
ARC
  5
A69
330
A02
100
AcDbEntity
  8
Shape2DView012
100
AcDbCircle
 10
188.200000000
 20
161.352786405
 30
0.000000000
 40
0.400000000
100
AcDbArc
 50
0.000000000
 51
63.434948823
  0
LINE
  5
A6A
330
A02
100
AcDbEntity
  8
Shape2DView012
100
AcDbLine
 10
157.165000000
 20
161.100000000
 30
0.000000000
 11
156.665000000
 21
161.600000000
 31
0.000000000
  0
LINE
  5
A6B
330
A02
100
AcDbEntity
  8
Shape2DView012
100
AcDbLine
 10
188.378885438
 20
161.710557281
 30
0.000000000
 11
186.600000000
 21
162.600000000
 31
0.000000000
  0
LINE
  5
A6C
330
A02
100
AcDbEntity
  8
Shape2DView012
100
AcDbLine
 10
157.165000000
 20
161.100000000
 30
0.000000000
 11
157.165000000
 21
159.008660423
 31
0.000000000
  0
LINE
  5
A6D
330
A02
100
AcDbEntity
  8
Shape2DView012
100
AcDbLine
 10
186.600000000
 20
161.600000000
 30
0.000000000
 11
186.600000000
 21
162.600000000
 31
0.000000000
  0
ARC
  5
A6E
330
A02
100
AcDbEntity
  8
Shape2DView012
100
AcDbCircle
 10
157.265166667
 20
158.835166667
 30
0.000000000
 40
0.200333333
100
AcDbArc
 50
120.000000000
 51
-90.000000000
  0
LINE
  5
A6F
330
A02
100
AcDbEntity
  8
Shape2DView012
100
AcDbLine
 10
183.800000000
 20
161.600000000
 30
0.000000000
 11
186.600000000
 21
161.600000000
 31
0.000000000
  0
ARC
  5
A70
330
A02
100
AcDbEntity
  8
Shape2DView012
100
AcDbCircle
 10
157.265166667
 20
158.835166667
 30
0.000000000
 40
0.200333333
100
AcDbArc
 50
-90.000000000
 51
-30.000000000
  0
LINE
  5
A71
330
A02
100
AcDbEntity
  8
Shape2DView012
100
AcDbLine
 10
183.800000000
 20
163.600000000
 30
0.000000000
 11
183.800000000
 21
161.600000000
 31
0.000000000
  0
LINE
  5
A72
330
A02
100
AcDbEntity
  8
Shape2DView012
100
AcDbLine
 10
166.841339577
 20
158.735000000
 30
0.000000000
 11
157.438660423
 21
158.735000000
 31
0.000000000
  0
LINE
  5
A73
330
A02
100
AcDbEntity
  8
Shape2DView012
100
AcDbLine
 10
176.386765004
 20
161.613629669
 30
0.000000000
 11
183.800000000
 21
163.600000000
 31
0.000000000
  0
ARC
  5
A74
330
A02
100
AcDbEntity
  8
Shape2DView012
100
AcDbCircle
 10
167.014833333
 20
158.835166667
 30
0.000000000
 40
0.200333333
100
AcDbArc
 50
-150.000000000
 51
-90.000000000
  0
ARC
  5
A75
330
A02
100
AcDbEntity
  8
Shape2DView012
100
AcDbCircle
 10
176.283237386
 20
162.000000000
 30
0.000000000
 40
0.400000000
100
AcDbArc
 50
-90.000000000
 51
-75.000000000
  0
ARC
  5
A76
330
A02
100
AcDbEntity
  8
Shape2DView012
100
AcDbCircle
 10
167.014833333
 20
158.835166667
 30
0.000000000
 40
0.200333333
100
AcDbArc
 50
-90.000000000
 51
60.000000000
  0
LINE
  5
A77
330
A02
100
AcDbEntity
  8
Shape2DView012
100
AcDbLine
 10
167.615000000
 20
161.600000000
 30
0.000000000
 11
176.283237386
 21
161.600000000
 31
0.000000000
  0
LINE
  5
A78
330
A02
100
AcDbEntity
  8
Shape2DView012
100
AcDbLine
 10
167.115000000
 20
161.100000000
 30
0.000000000
 11
167.115000000
 21
159.008660423
 31
0.000000000
  0
LINE
  5
A79
330
A02
100
AcDbEntity
  8
Shape2DView012
100
AcDbLine
 10
167.615000000
 20
161.600000000
 30
0.000000000
 11
167.115000000
 21
161.100000000
 31
0.000000000
  0
CIRCLE
  5
A7A
330
A02
100
AcDbEntity
  8
Shape2DView012
100
AcDbCircle
 10
138.000000000
 20
134.300000000
 30
0.000000000
 40
8.500000000
  0
LINE
  5
A7B
330
A02
100
AcDbEntity
  8
Shape2DView012
100
AcDbLine
 10
147.950000000
 20
128.700000000
 30
0.000000000
 11
153.650000000
 21
128.700000000
 31
0.000000000
  0
ARC
  5
A7C
330
A02
100
AcDbEntity
  8
Shape2DView012
100
AcDbCircle
 10
147.950000000
 20
126.200000000
 30
0.000000000
 40
2.500000000
100
AcDbArc
 50
90.000000000
 51
-90.000000000
  0
ARC
  5
A7D
330
A02
100
AcDbEntity
  8
Shape2DView012
100
AcDbCircle
 10
153.650000000
 20
126.200000000
 30
0.000000000
 40
2.500000000
100
AcDbArc
 50
-90.000000000
 51
90.000000000
  0
LINE
  5
A7E
330
A02
100
AcDbEntity
  8
Shape2DView012
100
AcDbLine
 10
147.950000000
 20
123.700000000
 30
0.000000000
 11
153.650000000
 21
123.700000000
 31
0.000000000
  0
LINE
  5
A7F
330
A02
100
AcDbEntity
  8
Shape2DView012
100
AcDbLine
 10
126.800000000
 20
153.910000000
 30
0.000000000
 11
138.800000000
 21
153.910000000
 31
0.000000000
  0
ARC
  5
A80
330
A02
100
AcDbEntity
  8
Shape2DView012
100
AcDbCircle
 10
126.800000000
 20
153.155000000
 30
0.000000000
 40
0.755000000
100
AcDbArc
 50
90.000000000
 51
-90.000000000
  0
ARC
  5
A81
330
A02
100
AcDbEntity
  8
Shape2DView012
100
AcDbCircle
 10
138.800000000
 20
153.155000000
 30
0.000000000
 40
0.755000000
100
AcDbArc
 50
-90.000000000
 51
90.000000000
  0
LINE
  5
A82
330
A02
100
AcDbEntity
  8
Shape2DView012
100
AcDbLine
 10
126.800000000
 20
152.400000000
 30
0.000000000
 11
138.800000000
 21
152.400000000
 31
0.000000000
  0
CIRCLE
  5
A83
330
A02
100
AcDbEntity
  8
Shape2DView012
100
AcDbCircle
 10
163.600000000
 20
134.300000000
 30
0.000000000
 40
8.500000000
  0
LINE
  5
A84
330
A02
100
AcDbEntity
  8
Shape2DView012
100
AcDbLine
 10
162.800000000
 20
153.910000000
 30
0.000000000
 11
174.800000000
 21
153.910000000
 31
0.000000000
  0
ARC
  5
A85
330
A02
100
AcDbEntity
  8
Shape2DView012
100
AcDbCircle
 10
162.800000000
 20
153.155000000
 30
0.000000000
 40
0.755000000
100
AcDbArc
 50
90.000000000
 51
-90.000000000
  0
ARC
  5
A86
330
A02
100
AcDbEntity
  8
Shape2DView012
100
AcDbCircle
 10
174.800000000
 20
153.155000000
 30
0.000000000
 40
0.755000000
100
AcDbArc
 50
-90.000000000
 51
90.000000000
  0
LINE
  5
A87
330
A02
100
AcDbEntity
  8
Shape2DView012
100
AcDbLine
 10
162.800000000
 20
152.400000000
 30
0.000000000
 11
174.800000000
 21
152.400000000
 31
0.000000000
  0
LINE
  5
A88
330
A02
100
AcDbEntity
  8
Shape2DView011
100
AcDbLine
 10
188.600000000
 20
285.600000000
 30
0.000000000
 11
188.600000000
 21
268.525000000
 31
0.000000000
  0
LINE
  5
A89
330
A02
100
AcDbEntity
  8
Shape2DView011
100
AcDbLine
 10
188.600000000
 20
268.525000000
 30
0.000000000
 11
188.100000000
 21
268.025000000
 31
0.000000000
  0
ARC
  5
A8A
330
A02
100
AcDbEntity
  8
Shape2DView011
100
AcDbCircle
 10
188.200000000
 20
285.600000000
 30
0.000000000
 40
0.400000000
100
AcDbArc
 50
0.000000000
 51
90.000000000
  0
LINE
  5
A8B
330
A02
100
AcDbEntity
  8
Shape2DView011
100
AcDbLine
 10
188.100000000
 20
268.025000000
 30
0.000000000
 11
186.008660423
 21
268.025000000
 31
0.000000000
  0
LINE
  5
A8C
330
A02
100
AcDbEntity
  8
Shape2DView011
100
AcDbLine
 10
174.600000000
 20
286.000000000
 30
0.000000000
 11
188.200000000
 21
286.000000000
 31
0.000000000
  0
ARC
  5
A8D
330
A02
100
AcDbEntity
  8
Shape2DView011
100
AcDbCircle
 10
185.835166667
 20
267.924833333
 30
0.000000000
 40
0.200333333
100
AcDbArc
 50
30.000000000
 51
180.000000000
  0
ARC
  5
A8E
330
A02
100
AcDbEntity
  8
Shape2DView011
100
AcDbCircle
 10
174.600000000
 20
286.400000000
 30
0.000000000
 40
0.400000000
100
AcDbArc
 50
90.000000000
 51
-90.000000000
  0
ARC
  5
A8F
330
A02
100
AcDbEntity
  8
Shape2DView011
100
AcDbCircle
 10
185.835166667
 20
267.924833333
 30
0.000000000
 40
0.200333333
100
AcDbArc
 50
180.000000000
 51
-120.000000000
  0
LINE
  5
A90
330
A02
100
AcDbEntity
  8
Shape2DView011
100
AcDbLine
 10
188.200000000
 20
286.800000000
 30
0.000000000
 11
174.600000000
 21
286.800000000
 31
0.000000000
  0
LINE
  5
A91
330
A02
100
AcDbEntity
  8
Shape2DView011
100
AcDbLine
 10
185.735000000
 20
258.348660423
 30
0.000000000
 11
185.735000000
 21
267.751339577
 31
0.000000000
  0
ARC
  5
A92
330
A02
100
AcDbEntity
  8
Shape2DView011
100
AcDbCircle
 10
188.200000000
 20
287.200000000
 30
0.000000000
 40
0.400000000
100
AcDbArc
 50
-90.000000000
 51
0.000000000
  0
ARC
  5
A93
330
A02
100
AcDbEntity
  8
Shape2DView011
100
AcDbCircle
 10
185.835166667
 20
258.175166667
 30
0.000000000
 40
0.200333333
100
AcDbArc
 50
120.000000000
 51
180.000000000
  0
LINE
  5
A94
330
A02
100
AcDbEntity
  8
Shape2DView011
100
AcDbLine
 10
188.600000000
 20
289.352786404
 30
0.000000000
 11
188.600000000
 21
287.200000000
 31
0.000000000
  0
ARC
  5
A95
330
A02
100
AcDbEntity
  8
Shape2DView011
100
AcDbCircle
 10
185.835166667
 20
258.175166667
 30
0.000000000
 40
0.200333333
100
AcDbArc
 50
180.000000000
 51
-30.000000000
  0
ARC
  5
A96
330
A02
100
AcDbEntity
  8
Shape2DView011
100
AcDbCircle
 10
188.200000000
 20
289.352786404
 30
0.000000000
 40
0.400000000
100
AcDbArc
 50
0.000000000
 51
63.434948823
  0
LINE
  5
A97
330
A02
100
AcDbEntity
  8
Shape2DView011
100
AcDbLine
 10
188.100000000
 20
258.075000000
 30
0.000000000
 11
186.008660423
 21
258.075000000
 31
0.000000000
  0
LINE
  5
A98
330
A02
100
AcDbEntity
  8
Shape2DView011
100
AcDbLine
 10
188.378885438
 20
289.710557281
 30
0.000000000
 11
186.600000000
 21
290.600000000
 31
0.000000000
  0
LINE
  5
A99
330
A02
100
AcDbEntity
  8
Shape2DView011
100
AcDbLine
 10
188.100000000
 20
258.075000000
 30
0.000000000
 11
188.600000000
 21
257.575000000
 31
0.000000000
  0
LINE
  5
A9A
330
A02
100
AcDbEntity
  8
Shape2DView011
100
AcDbLine
 10
186.600000000
 20
290.600000000
 30
0.000000000
 11
186.600000000
 21
289.600000000
 31
0.000000000
  0
LINE
  5
A9B
330
A02
100
AcDbEntity
  8
Shape2DView011
100
AcDbLine
 10
188.600000000
 20
257.575000000
 30
0.000000000
 11
188.600000000
 21
221.025000000
 31
0.000000000
  0
LINE
  5
A9C
330
A02
100
AcDbEntity
  8
Shape2DView011
100
AcDbLine
 10
186.600000000
 20
289.600000000
 30
0.000000000
 11
183.800000000
 21
289.600000000
 31
0.000000000
  0
LINE
  5
A9D
330
A02
100
AcDbEntity
  8
Shape2DView011
100
AcDbLine
 10
188.600000000
 20
221.025000000
 30
0.000000000
 11
188.100000000
 21
220.525000000
 31
0.000000000
  0
LINE
  5
A9E
330
A02
100
AcDbEntity
  8
Shape2DView011
100
AcDbLine
 10
183.800000000
 20
289.600000000
 30
0.000000000
 11
183.800000000
 21
291.600000000
 31
0.000000000
  0
LINE
  5
A9F
330
A02
100
AcDbEntity
  8
Shape2DView011
100
AcDbLine
 10
188.100000000
 20
220.525000000
 30
0.000000000
 11
186.008660423
 21
220.525000000
 31
0.000000000
  0
LINE
  5
AA0
330
A02
100
AcDbEntity
  8
Shape2DView011
100
AcDbLine
 10
183.800000000
 20
291.600000000
 30
0.000000000
 11
176.386765004
 21
289.613629669
 31
0.000000000
  0
ARC
  5
AA1
330
A02
100
AcDbEntity
  8
Shape2DView011
100
AcDbCircle
 10
185.835166667
 20
220.424833333
 30
0.000000000
 40
0.200333333
100
AcDbArc
 50
30.000000000
 51
180.000000000
  0
ARC
  5
AA2
330
A02
100
AcDbEntity
  8
Shape2DView011
100
AcDbCircle
 10
176.283237386
 20
290.000000000
 30
0.000000000
 40
0.400000000
100
AcDbArc
 50
-90.000000000
 51
-75.000000000
  0
ARC
  5
AA3
330
A02
100
AcDbEntity
  8
Shape2DView011
100
AcDbCircle
 10
185.835166667
 20
220.424833333
 30
0.000000000
 40
0.200333333
100
AcDbArc
 50
180.000000000
 51
-120.000000000
  0
LINE
  5
AA4
330
A02
100
AcDbEntity
  8
Shape2DView011
100
AcDbLine
 10
176.283237386
 20
289.600000000
 30
0.000000000
 11
156.275000000
 21
289.600000000
 31
0.000000000
  0
LINE
  5
AA5
330
A02
100
AcDbEntity
  8
Shape2DView011
100
AcDbLine
 10
185.735000000
 20
210.848660423
 30
0.000000000
 11
185.735000000
 21
220.251339577
 31
0.000000000
  0
LINE
  5
AA6
330
A02
100
AcDbEntity
  8
Shape2DView011
100
AcDbLine
 10
155.775000000
 20
289.100000000
 30
0.000000000
 11
156.275000000
 21
289.600000000
 31
0.000000000
  0
ARC
  5
AA7
330
A02
100
AcDbEntity
  8
Shape2DView011
100
AcDbCircle
 10
185.835166667
 20
210.675166667
 30
0.000000000
 40
0.200333333
100
AcDbArc
 50
120.000000000
 51
180.000000000
  0
LINE
  5
AA8
330
A02
100
AcDbEntity
  8
Shape2DView011
100
AcDbLine
 10
155.775000000
 20
289.100000000
 30
0.000000000
 11
155.775000000
 21
287.008660423
 31
0.000000000
  0
ARC
  5
AA9
330
A02
100
AcDbEntity
  8
Shape2DView011
100
AcDbCircle
 10
185.835166667
 20
210.675166667
 30
0.000000000
 40
0.200333333
100
AcDbArc
 50
180.000000000
 51
-30.000000000
  0
ARC
  5
AAA
330
A02
100
AcDbEntity
  8
Shape2DView011
100
AcDbCircle
 10
155.674833333
 20
286.835166667
 30
0.000000000
 40
0.200333333
100
AcDbArc
 50
-90.000000000
 51
60.000000000
  0
LINE
  5
AAB
330
A02
100
AcDbEntity
  8
Shape2DView011
100
AcDbLine
 10
188.100000000
 20
210.575000000
 30
0.000000000
 11
186.008660423
 21
210.575000000
 31
0.000000000
  0
ARC
  5
AAC
330
A02
100
AcDbEntity
  8
Shape2DView011
100
AcDbCircle
 10
155.674833333
 20
286.835166667
 30
0.000000000
 40
0.200333333
100
AcDbArc
 50
-150.000000000
 51
-90.000000000
  0
LINE
  5
AAD
330
A02
100
AcDbEntity
  8
Shape2DView011
100
AcDbLine
 10
188.100000000
 20
210.575000000
 30
0.000000000
 11
188.600000000
 21
210.075000000
 31
0.000000000
  0
LINE
  5
AAE
330
A02
100
AcDbEntity
  8
Shape2DView011
100
AcDbLine
 10
155.501339577
 20
286.735000000
 30
0.000000000
 11
146.098660423
 21
286.735000000
 31
0.000000000
  0
LINE
  5
AAF
330
A02
100
AcDbEntity
  8
Shape2DView011
100
AcDbLine
 10
188.600000000
 20
210.075000000
 30
0.000000000
 11
188.600000000
 21
193.000000000
 31
0.000000000
  0
ARC
  5
AB0
330
A02
100
AcDbEntity
  8
Shape2DView011
100
AcDbCircle
 10
145.925166667
 20
286.835166667
 30
0.000000000
 40
0.200333333
100
AcDbArc
 50
-90.000000000
 51
-30.000000000
  0
ARC
  5
AB1
330
A02
100
AcDbEntity
  8
Shape2DView011
100
AcDbCircle
 10
188.200000000
 20
193.000000000
 30
0.000000000
 40
0.400000000
100
AcDbArc
 50
-90.000000000
 51
0.000000000
  0
ARC
  5
AB2
330
A02
100
AcDbEntity
  8
Shape2DView011
100
AcDbCircle
 10
145.925166667
 20
286.835166667
 30
0.000000000
 40
0.200333333
100
AcDbArc
 50
120.000000000
 51
-90.000000000
  0
LINE
  5
AB3
330
A02
100
AcDbEntity
  8
Shape2DView011
100
AcDbLine
 10
188.200000000
 20
192.600000000
 30
0.000000000
 11
174.600000000
 21
192.600000000
 31
0.000000000
  0
LINE
  5
AB4
330
A02
100
AcDbEntity
  8
Shape2DView011
100
AcDbLine
 10
145.825000000
 20
289.100000000
 30
0.000000000
 11
145.825000000
 21
287.008660423
 31
0.000000000
  0
ARC
  5
AB5
330
A02
100
AcDbEntity
  8
Shape2DView011
100
AcDbCircle
 10
174.600000000
 20
192.200000000
 30
0.000000000
 40
0.400000000
100
AcDbArc
 50
90.000000000
 51
-90.000000000
  0
LINE
  5
AB6
330
A02
100
AcDbEntity
  8
Shape2DView011
100
AcDbLine
 10
145.325000000
 20
289.600000000
 30
0.000000000
 11
145.825000000
 21
289.100000000
 31
0.000000000
  0
LINE
  5
AB7
330
A02
100
AcDbEntity
  8
Shape2DView011
100
AcDbLine
 10
174.600000000
 20
191.800000000
 30
0.000000000
 11
188.200000000
 21
191.800000000
 31
0.000000000
  0
LINE
  5
AB8
330
A02
100
AcDbEntity
  8
Shape2DView011
100
AcDbLine
 10
145.325000000
 20
289.600000000
 30
0.000000000
 11
125.316762614
 21
289.600000000
 31
0.000000000
  0
ARC
  5
AB9
330
A02
100
AcDbEntity
  8
Shape2DView011
100
AcDbCircle
 10
188.200000000
 20
191.400000000
 30
0.000000000
 40
0.400000000
100
AcDbArc
 50
0.000000000
 51
90.000000000
  0
ARC
  5
ABA
330
A02
100
AcDbEntity
  8
Shape2DView011
100
AcDbCircle
 10
125.316762614
 20
290.000000000
 30
0.000000000
 40
0.400000000
100
AcDbArc
 50
-105.000000000
 51
-90.000000000
  0
LINE
  5
ABB
330
A02
100
AcDbEntity
  8
Shape2DView011
100
AcDbLine
 10
188.600000000
 20
191.400000000
 30
0.000000000
 11
188.600000000
 21
189.247213595
 31
0.000000000
  0
LINE
  5
ABC
330
A02
100
AcDbEntity
  8
Shape2DView011
100
AcDbLine
 10
125.213234996
 20
289.613629669
 30
0.000000000
 11
117.800000000
 21
291.600000000
 31
0.000000000
  0
ARC
  5
ABD
330
A02
100
AcDbEntity
  8
Shape2DView011
100
AcDbCircle
 10
188.200000000
 20
189.247213595
 30
0.000000000
 40
0.400000000
100
AcDbArc
 50
-63.434948823
 51
0.000000000
  0
LINE
  5
ABE
330
A02
100
AcDbEntity
  8
Shape2DView011
100
AcDbLine
 10
117.800000000
 20
291.600000000
 30
0.000000000
 11
117.800000000
 21
289.600000000
 31
0.000000000
  0
LINE
  5
ABF
330
A02
100
AcDbEntity
  8
Shape2DView011
100
AcDbLine
 10
188.378885438
 20
188.889442719
 30
0.000000000
 11
186.600000000
 21
188.000000000
 31
0.000000000
  0
LINE
  5
AC0
330
A02
100
AcDbEntity
  8
Shape2DView011
100
AcDbLine
 10
115.000000000
 20
289.600000000
 30
0.000000000
 11
117.800000000
 21
289.600000000
 31
0.000000000
  0
LINE
  5
AC1
330
A02
100
AcDbEntity
  8
Shape2DView011
100
AcDbLine
 10
186.600000000
 20
188.000000000
 30
0.000000000
 11
186.600000000
 21
189.000000000
 31
0.000000000
  0
LINE
  5
AC2
330
A02
100
AcDbEntity
  8
Shape2DView011
100
AcDbLine
 10
115.000000000
 20
290.600000000
 30
0.000000000
 11
115.000000000
 21
289.600000000
 31
0.000000000
  0
LINE
  5
AC3
330
A02
100
AcDbEntity
  8
Shape2DView011
100
AcDbLine
 10
186.600000000
 20
189.000000000
 30
0.000000000
 11
183.800000000
 21
189.000000000
 31
0.000000000
  0
LINE
  5
AC4
330
A02
100
AcDbEntity
  8
Shape2DView011
100
AcDbLine
 10
113.221114562
 20
289.710557281
 30
0.000000000
 11
115.000000000
 21
290.600000000
 31
0.000000000
  0
LINE
  5
AC5
330
A02
100
AcDbEntity
  8
Shape2DView011
100
AcDbLine
 10
183.800000000
 20
187.000000000
 30
0.000000000
 11
183.800000000
 21
189.000000000
 31
0.000000000
  0
ARC
  5
AC6
330
A02
100
AcDbEntity
  8
Shape2DView011
100
AcDbCircle
 10
113.400000000
 20
289.352786404
 30
0.000000000
 40
0.400000000
100
AcDbArc
 50
116.565051177
 51
180.000000000
  0
LINE
  5
AC7
330
A02
100
AcDbEntity
  8
Shape2DView011
100
AcDbLine
 10
176.386765004
 20
188.986370331
 30
0.000000000
 11
183.800000000
 21
187.000000000
 31
0.000000000
  0
LINE
  5
AC8
330
A02
100
AcDbEntity
  8
Shape2DView011
100
AcDbLine
 10
113.000000000
 20
287.200000000
 30
0.000000000
 11
113.000000000
 21
289.352786404
 31
0.000000000
  0
ARC
  5
AC9
330
A02
100
AcDbEntity
  8
Shape2DView011
100
AcDbCircle
 10
176.283237386
 20
188.600000000
 30
0.000000000
 40
0.400000000
100
AcDbArc
 50
75.000000000
 51
90.000000000
  0
ARC
  5
ACA
330
A02
100
AcDbEntity
  8
Shape2DView011
100
AcDbCircle
 10
113.400000000
 20
287.200000000
 30
0.000000000
 40
0.400000000
100
AcDbArc
 50
180.000000000
 51
-90.000000000
  0
LINE
  5
ACB
330
A02
100
AcDbEntity
  8
Shape2DView011
100
AcDbLine
 10
125.316762614
 20
189.000000000
 30
0.000000000
 11
176.283237386
 21
189.000000000
 31
0.000000000
  0
LINE
  5
ACC
330
A02
100
AcDbEntity
  8
Shape2DView011
100
AcDbLine
 10
113.400000000
 20
286.800000000
 30
0.000000000
 11
127.000000000
 21
286.800000000
 31
0.000000000
  0
ARC
  5
ACD
330
A02
100
AcDbEntity
  8
Shape2DView011
100
AcDbCircle
 10
125.316762614
 20
188.600000000
 30
0.000000000
 40
0.400000000
100
AcDbArc
 50
90.000000000
 51
105.000000000
  0
ARC
  5
ACE
330
A02
100
AcDbEntity
  8
Shape2DView011
100
AcDbCircle
 10
127.000000000
 20
286.400000000
 30
0.000000000
 40
0.400000000
100
AcDbArc
 50
-90.000000000
 51
90.000000000
  0
LINE
  5
ACF
330
A02
100
AcDbEntity
  8
Shape2DView011
100
AcDbLine
 10
117.800000000
 20
187.000000000
 30
0.000000000
 11
125.213234996
 21
188.986370331
 31
0.000000000
  0
LINE
  5
AD0
330
A02
100
AcDbEntity
  8
Shape2DView011
100
AcDbLine
 10
127.000000000
 20
286.000000000
 30
0.000000000
 11
113.400000000
 21
286.000000000
 31
0.000000000
  0
LINE
  5
AD1
330
A02
100
AcDbEntity
  8
Shape2DView011
100
AcDbLine
 10
117.800000000
 20
189.000000000
 30
0.000000000
 11
117.800000000
 21
187.000000000
 31
0.000000000
  0
ARC
  5
AD2
330
A02
100
AcDbEntity
  8
Shape2DView011
100
AcDbCircle
 10
113.400000000
 20
285.600000000
 30
0.000000000
 40
0.400000000
100
AcDbArc
 50
90.000000000
 51
180.000000000
  0
LINE
  5
AD3
330
A02
100
AcDbEntity
  8
Shape2DView011
100
AcDbLine
 10
115.000000000
 20
189.000000000
 30
0.000000000
 11
117.800000000
 21
189.000000000
 31
0.000000000
  0
LINE
  5
AD4
330
A02
100
AcDbEntity
  8
Shape2DView011
100
AcDbLine
 10
113.000000000
 20
268.525000000
 30
0.000000000
 11
113.000000000
 21
285.600000000
 31
0.000000000
  0
LINE
  5
AD5
330
A02
100
AcDbEntity
  8
Shape2DView011
100
AcDbLine
 10
115.000000000
 20
188.000000000
 30
0.000000000
 11
115.000000000
 21
189.000000000
 31
0.000000000
  0
LINE
  5
AD6
330
A02
100
AcDbEntity
  8
Shape2DView011
100
AcDbLine
 10
113.500000000
 20
268.025000000
 30
0.000000000
 11
113.000000000
 21
268.525000000
 31
0.000000000
  0
LINE
  5
AD7
330
A02
100
AcDbEntity
  8
Shape2DView011
100
AcDbLine
 10
113.221114562
 20
188.889442719
 30
0.000000000
 11
115.000000000
 21
188.000000000
 31
0.000000000
  0
LINE
  5
AD8
330
A02
100
AcDbEntity
  8
Shape2DView011
100
AcDbLine
 10
115.591339577
 20
268.025000000
 30
0.000000000
 11
113.500000000
 21
268.025000000
 31
0.000000000
  0
ARC
  5
AD9
330
A02
100
AcDbEntity
  8
Shape2DView011
100
AcDbCircle
 10
113.400000000
 20
189.247213595
 30
0.000000000
 40
0.400000000
100
AcDbArc
 50
180.000000000
 51
-116.565051177
  0
ARC
  5
ADA
330
A02
100
AcDbEntity
  8
Shape2DView011
100
AcDbCircle
 10
115.764833333
 20
267.924833333
 30
0.000000000
 40
0.200333333
100
AcDbArc
 50
-60.000000000
 51
150.000000000
  0
LINE
  5
ADB
330
A02
100
AcDbEntity
  8
Shape2DView011
100
AcDbLine
 10
113.000000000
 20
189.247213595
 30
0.000000000
 11
113.000000000
 21
191.400000000
 31
0.000000000
  0
LINE
  5
ADC
330
A02
100
AcDbEntity
  8
Shape2DView011
100
AcDbLine
 10
115.865000000
 20
258.348660423
 30
0.000000000
 11
115.865000000
 21
267.751339577
 31
0.000000000
  0
ARC
  5
ADD
330
A02
100
AcDbEntity
  8
Shape2DView011
100
AcDbCircle
 10
113.400000000
 20
191.400000000
 30
0.000000000
 40
0.400000000
100
AcDbArc
 50
90.000000000
 51
180.000000000
  0
ARC
  5
ADE
330
A02
100
AcDbEntity
  8
Shape2DView011
100
AcDbCircle
 10
115.764833333
 20
258.175166667
 30
0.000000000
 40
0.200333333
100
AcDbArc
 50
-150.000000000
 51
60.000000000
  0
LINE
  5
ADF
330
A02
100
AcDbEntity
  8
Shape2DView011
100
AcDbLine
 10
113.400000000
 20
191.800000000
 30
0.000000000
 11
127.000000000
 21
191.800000000
 31
0.000000000
  0
LINE
  5
AE0
330
A02
100
AcDbEntity
  8
Shape2DView011
100
AcDbLine
 10
115.591339577
 20
258.075000000
 30
0.000000000
 11
113.500000000
 21
258.075000000
 31
0.000000000
  0
ARC
  5
AE1
330
A02
100
AcDbEntity
  8
Shape2DView011
100
AcDbCircle
 10
127.000000000
 20
192.200000000
 30
0.000000000
 40
0.400000000
100
AcDbArc
 50
-90.000000000
 51
90.000000000
  0
LINE
  5
AE2
330
A02
100
AcDbEntity
  8
Shape2DView011
100
AcDbLine
 10
113.000000000
 20
257.575000000
 30
0.000000000
 11
113.500000000
 21
258.075000000
 31
0.000000000
  0
LINE
  5
AE3
330
A02
100
AcDbEntity
  8
Shape2DView011
100
AcDbLine
 10
127.000000000
 20
192.600000000
 30
0.000000000
 11
113.400000000
 21
192.600000000
 31
0.000000000
  0
LINE
  5
AE4
330
A02
100
AcDbEntity
  8
Shape2DView011
100
AcDbLine
 10
113.000000000
 20
221.025000000
 30
0.000000000
 11
113.000000000
 21
257.575000000
 31
0.000000000
  0
ARC
  5
AE5
330
A02
100
AcDbEntity
  8
Shape2DView011
100
AcDbCircle
 10
113.400000000
 20
193.000000000
 30
0.000000000
 40
0.400000000
100
AcDbArc
 50
180.000000000
 51
-90.000000000
  0
LINE
  5
AE6
330
A02
100
AcDbEntity
  8
Shape2DView011
100
AcDbLine
 10
113.500000000
 20
220.525000000
 30
0.000000000
 11
113.000000000
 21
221.025000000
 31
0.000000000
  0
LINE
  5
AE7
330
A02
100
AcDbEntity
  8
Shape2DView011
100
AcDbLine
 10
113.000000000
 20
193.000000000
 30
0.000000000
 11
113.000000000
 21
210.075000000
 31
0.000000000
  0
LINE
  5
AE8
330
A02
100
AcDbEntity
  8
Shape2DView011
100
AcDbLine
 10
115.591339577
 20
220.525000000
 30
0.000000000
 11
113.500000000
 21
220.525000000
 31
0.000000000
  0
LINE
  5
AE9
330
A02
100
AcDbEntity
  8
Shape2DView011
100
AcDbLine
 10
113.000000000
 20
210.075000000
 30
0.000000000
 11
113.500000000
 21
210.575000000
 31
0.000000000
  0
ARC
  5
AEA
330
A02
100
AcDbEntity
  8
Shape2DView011
100
AcDbCircle
 10
115.764833333
 20
220.424833333
 30
0.000000000
 40
0.200333333
100
AcDbArc
 50
-60.000000000
 51
150.000000000
  0
LINE
  5
AEB
330
A02
100
AcDbEntity
  8
Shape2DView011
100
AcDbLine
 10
115.591339577
 20
210.575000000
 30
0.000000000
 11
113.500000000
 21
210.575000000
 31
0.000000000
  0
LINE
  5
AEC
330
A02
100
AcDbEntity
  8
Shape2DView011
100
AcDbLine
 10
115.865000000
 20
210.848660423
 30
0.000000000
 11
115.865000000
 21
220.251339577
 31
0.000000000
  0
ARC
  5
AED
330
A02
100
AcDbEntity
  8
Shape2DView011
100
AcDbCircle
 10
115.764833333
 20
210.675166667
 30
0.000000000
 40
0.200333333
100
AcDbArc
 50
-150.000000000
 51
60.000000000
  0
ARC
  5
AEE
330
A02
100
AcDbEntity
  8
Shape2DView011
100
AcDbCircle
 10
167.190000000
 20
208.400000000
 30
0.000000000
 40
0.800000000
100
AcDbArc
 50
-18.718409075
 51
162.393976876
  0
ARC
  5
AEF
330
A02
100
AcDbEntity
  8
Shape2DView011
100
AcDbCircle
 10
190.800000000
 20
200.400000000
 30
0.000000000
 40
24.128539869
100
AcDbArc
 50
161.281590925
 51
-161.281590925
  0
ARC
  5
AF0
330
A02
100
AcDbEntity
  8
Shape2DView011
100
AcDbCircle
 10
192.400000000
 20
200.400000000
 30
0.000000000
 40
27.248896007
100
AcDbArc
 50
162.393976876
 51
-162.393976876
  0
ARC
  5
AF1
330
A02
100
AcDbEntity
  8
Shape2DView011
100
AcDbCircle
 10
167.190000000
 20
192.400000000
 30
0.000000000
 40
0.800000000
100
AcDbArc
 50
-162.393976876
 51
18.718409075
  0
ARC
  5
AF2
330
A02
100
AcDbEntity
  8
Shape2DView011
100
AcDbCircle
 10
139.410000000
 20
193.710000000
 30
0.000000000
 40
2.110000000
100
AcDbArc
 50
165.360002224
 51
-90.000000000
  0
ARC
  5
AF3
330
A02
100
AcDbEntity
  8
Shape2DView011
100
AcDbCircle
 10
113.800000000
 20
200.400000000
 30
0.000000000
 40
24.359382312
100
AcDbArc
 50
-14.639997776
 51
14.639997776
  0
LINE
  5
AF4
330
A02
100
AcDbEntity
  8
Shape2DView011
100
AcDbLine
 10
139.410000000
 20
191.600000000
 30
0.000000000
 11
162.190000000
 21
191.600000000
 31
0.000000000
  0
ARC
  5
AF5
330
A02
100
AcDbEntity
  8
Shape2DView011
100
AcDbCircle
 10
139.410000000
 20
207.090000000
 30
0.000000000
 40
2.110000000
100
AcDbArc
 50
90.000000000
 51
-165.360002224
  0
ARC
  5
AF6
330
A02
100
AcDbEntity
  8
Shape2DView011
100
AcDbCircle
 10
162.190000000
 20
193.710000000
 30
0.000000000
 40
2.110000000
100
AcDbArc
 50
-90.000000000
 51
14.639635973
  0
LINE
  5
AF7
330
A02
100
AcDbEntity
  8
Shape2DView011
100
AcDbLine
 10
162.190000000
 20
209.200000000
 30
0.000000000
 11
139.410000000
 21
209.200000000
 31
0.000000000
  0
ARC
  5
AF8
330
A02
100
AcDbEntity
  8
Shape2DView011
100
AcDbCircle
 10
187.800000000
 20
200.400000000
 30
0.000000000
 40
24.359382312
100
AcDbArc
 50
165.360002224
 51
-165.359970885
  0
ARC
  5
AF9
330
A02
100
AcDbEntity
  8
Shape2DView011
100
AcDbCircle
 10
162.190000000
 20
207.090000000
 30
0.000000000
 40
2.110000000
100
AcDbArc
 50
-14.639997776
 51
90.000000000
  0
ARC
  5
AFA
330
A02
100
AcDbEntity
  8
Shape2DView011
100
AcDbCircle
 10
134.410000000
 20
208.400000000
 30
0.000000000
 40
0.800000000
100
AcDbArc
 50
17.606023124
 51
-161.281590925
  0
ARC
  5
AFB
330
A02
100
AcDbEntity
  8
Shape2DView011
100
AcDbCircle
 10
109.200000000
 20
200.400000000
 30
0.000000000
 40
27.248896007
100
AcDbArc
 50
-17.606023124
 51
17.606023124
  0
ARC
  5
AFC
330
A02
100
AcDbEntity
  8
Shape2DView011
100
AcDbCircle
 10
110.800000000
 20
200.400000000
 30
0.000000000
 40
24.128539869
100
AcDbArc
 50
-18.718409075
 51
18.718409075
  0
ARC
  5
AFD
330
A02
100
AcDbEntity
  8
Shape2DView011
100
AcDbCircle
 10
134.410000000
 20
192.400000000
 30
0.000000000
 40
0.800000000
100
AcDbArc
 50
161.281590925
 51
-17.606023124
  0
LINE
  5
AFE
330
A02
100
AcDbEntity
  8
Shape2DView010
100
AcDbLine
 10
87.100000000
 20
177.076752306
 30
0.000000000
 11
12.500000000
 21
177.076752306
 31
0.000000000
  0
LINE
  5
AFF
330
A02
100
AcDbEntity
  8
Shape2DView010
100
AcDbLine
 10
87.600000000
 20
191.700000000
 30
0.000000000
 11
87.600000000
 21
177.576752306
 31
0.000000000
  0
LINE
  5
B00
330
A02
100
AcDbEntity
  8
Shape2DView010
100
AcDbLine
 10
87.600000000
 20
191.700000000
 30
0.000000000
 11
87.100000000
 21
192.200000000
 31
0.000000000
  0
LINE
  5
B01
330
A02
100
AcDbEntity
  8
Shape2DView010
100
AcDbLine
 10
87.100000000
 20
177.076752306
 30
0.000000000
 11
87.600000000
 21
177.576752306
 31
0.000000000
  0
LINE
  5
B02
330
A02
100
AcDbEntity
  8
Shape2DView010
100
AcDbLine
 10
73.961666667
 20
192.200000000
 30
0.000000000
 11
87.100000000
 21
192.200000000
 31
0.000000000
  0
ARC
  5
B03
330
A02
100
AcDbEntity
  8
Shape2DView010
100
AcDbCircle
 10
73.775000000
 20
192.200000000
 30
0.000000000
 40
0.186666667
100
AcDbArc
 50
180.000000000
 51
0.000000000
  0
LINE
  5
B04
330
A02
100
AcDbEntity
  8
Shape2DView010
100
AcDbLine
 10
12.500000000
 20
177.076752306
 30
0.000000000
 11
12.000000000
 21
177.576752306
 31
0.000000000
  0
ARC
  5
B05
330
A02
100
AcDbEntity
  8
Shape2DView010
100
AcDbCircle
 10
73.775000000
 20
192.200000000
 30
0.000000000
 40
0.186666667
100
AcDbArc
 50
90.000000000
 51
180.000000000
  0
LINE
  5
B06
330
A02
100
AcDbEntity
  8
Shape2DView010
100
AcDbLine
 10
12.000000000
 20
177.576752306
 30
0.000000000
 11
12.000000000
 21
191.700000000
 31
0.000000000
  0
LINE
  5
B07
330
A02
100
AcDbEntity
  8
Shape2DView010
100
AcDbLine
 10
73.775000000
 20
192.386666667
 30
0.000000000
 11
73.775000000
 21
194.500000000
 31
0.000000000
  0
LINE
  5
B08
330
A02
100
AcDbEntity
  8
Shape2DView010
100
AcDbLine
 10
12.000000000
 20
191.700000000
 30
0.000000000
 11
12.500000000
 21
192.200000000
 31
0.000000000
  0
LINE
  5
B09
330
A02
100
AcDbEntity
  8
Shape2DView010
100
AcDbLine
 10
73.775000000
 20
194.500000000
 30
0.000000000
 11
73.275000000
 21
195.000000000
 31
0.000000000
  0
LINE
  5
B0A
330
A02
100
AcDbEntity
  8
Shape2DView010
100
AcDbLine
 10
12.500000000
 20
192.200000000
 30
0.000000000
 11
25.638333333
 21
192.200000000
 31
0.000000000
  0
LINE
  5
B0B
330
A02
100
AcDbEntity
  8
Shape2DView010
100
AcDbLine
 10
73.275000000
 20
195.000000000
 30
0.000000000
 11
64.125000000
 21
195.000000000
 31
0.000000000
  0
ARC
  5
B0C
330
A02
100
AcDbEntity
  8
Shape2DView010
100
AcDbCircle
 10
25.825000000
 20
192.200000000
 30
0.000000000
 40
0.186666667
100
AcDbArc
 50
180.000000000
 51
0.000000000
  0
LINE
  5
B0D
330
A02
100
AcDbEntity
  8
Shape2DView010
100
AcDbLine
 10
64.125000000
 20
195.000000000
 30
0.000000000
 11
63.625000000
 21
194.500000000
 31
0.000000000
  0
ARC
  5
B0E
330
A02
100
AcDbEntity
  8
Shape2DView010
100
AcDbCircle
 10
25.825000000
 20
192.200000000
 30
0.000000000
 40
0.186666667
100
AcDbArc
 50
0.000000000
 51
90.000000000
  0
LINE
  5
B0F
330
A02
100
AcDbEntity
  8
Shape2DView010
100
AcDbLine
 10
63.625000000
 20
192.386666667
 30
0.000000000
 11
63.625000000
 21
194.500000000
 31
0.000000000
  0
LINE
  5
B10
330
A02
100
AcDbEntity
  8
Shape2DView010
100
AcDbLine
 10
25.825000000
 20
192.386666667
 30
0.000000000
 11
25.825000000
 21
194.500000000
 31
0.000000000
  0
ARC
  5
B11
330
A02
100
AcDbEntity
  8
Shape2DView010
100
AcDbCircle
 10
63.625000000
 20
192.200000000
 30
0.000000000
 40
0.186666667
100
AcDbArc
 50
0.000000000
 51
90.000000000
  0
LINE
  5
B12
330
A02
100
AcDbEntity
  8
Shape2DView010
100
AcDbLine
 10
25.825000000
 20
194.500000000
 30
0.000000000
 11
26.325000000
 21
195.000000000
 31
0.000000000
  0
ARC
  5
B13
330
A02
100
AcDbEntity
  8
Shape2DView010
100
AcDbCircle
 10
63.625000000
 20
192.200000000
 30
0.000000000
 40
0.186666667
100
AcDbArc
 50
180.000000000
 51
0.000000000
  0
LINE
  5
B14
330
A02
100
AcDbEntity
  8
Shape2DView010
100
AcDbLine
 10
35.475000000
 20
195.000000000
 30
0.000000000
 11
26.325000000
 21
195.000000000
 31
0.000000000
  0
LINE
  5
B15
330
A02
100
AcDbEntity
  8
Shape2DView010
100
AcDbLine
 10
36.161666667
 20
192.200000000
 30
0.000000000
 11
63.438333333
 21
192.200000000
 31
0.000000000
  0
LINE
  5
B16
330
A02
100
AcDbEntity
  8
Shape2DView010
100
AcDbLine
 10
35.975000000
 20
194.500000000
 30
0.000000000
 11
35.475000000
 21
195.000000000
 31
0.000000000
  0
ARC
  5
B17
330
A02
100
AcDbEntity
  8
Shape2DView010
100
AcDbCircle
 10
35.975000000
 20
192.200000000
 30
0.000000000
 40
0.186666667
100
AcDbArc
 50
180.000000000
 51
0.000000000
  0
LINE
  5
B18
330
A02
100
AcDbEntity
  8
Shape2DView010
100
AcDbLine
 10
35.975000000
 20
192.386666667
 30
0.000000000
 11
35.975000000
 21
194.500000000
 31
0.000000000
  0
ARC
  5
B19
330
A02
100
AcDbEntity
  8
Shape2DView010
100
AcDbCircle
 10
35.975000000
 20
192.200000000
 30
0.000000000
 40
0.186666667
100
AcDbArc
 50
90.000000000
 51
180.000000000
  0
LINE
  5
B1A
330
A02
100
AcDbEntity
  8
Shape2DView009
100
AcDbLine
 10
113.500000000
 20
305.965085478
 30
0.000000000
 11
115.591339577
 21
305.965085478
 31
0.000000000
  0
LINE
  5
B1B
330
A02
100
AcDbEntity
  8
Shape2DView009
100
AcDbLine
 10
113.500000000
 20
305.965085478
 30
0.000000000
 11
113.000000000
 21
305.465085478
 31
0.000000000
  0
ARC
  5
B1C
330
A02
100
AcDbEntity
  8
Shape2DView009
100
AcDbCircle
 10
115.764833333
 20
306.065252145
 30
0.000000000
 40
0.200333333
100
AcDbArc
 50
0.000000000
 51
60.000000000
  0
ARC
  5
B1D
330
A02
100
AcDbEntity
  8
Shape2DView009
100
AcDbCircle
 10
115.764833333
 20
306.065252145
 30
0.000000000
 40
0.200333333
100
AcDbArc
 50
-150.000000000
 51
0.000000000
  0
LINE
  5
B1E
330
A02
100
AcDbEntity
  8
Shape2DView009
100
AcDbLine
 10
113.000000000
 20
316.415085478
 30
0.000000000
 11
113.000000000
 21
325.700000000
 31
0.000000000
  0
LINE
  5
B1F
330
A02
100
AcDbEntity
  8
Shape2DView009
100
AcDbLine
 10
113.000000000
 20
316.415085478
 30
0.000000000
 11
113.500000000
 21
315.915085478
 31
0.000000000
  0
LINE
  5
B20
330
A02
100
AcDbEntity
  8
Shape2DView009
100
AcDbLine
 10
113.500000000
 20
326.200000000
 30
0.000000000
 11
113.000000000
 21
325.700000000
 31
0.000000000
  0
LINE
  5
B21
330
A02
100
AcDbEntity
  8
Shape2DView009
100
AcDbLine
 10
113.500000000
 20
315.915085478
 30
0.000000000
 11
115.591339577
 21
315.915085478
 31
0.000000000
  0
LINE
  5
B22
330
A02
100
AcDbEntity
  8
Shape2DView009
100
AcDbLine
 10
113.500000000
 20
326.200000000
 30
0.000000000
 11
134.198333333
 21
326.200000000
 31
0.000000000
  0
ARC
  5
B23
330
A02
100
AcDbEntity
  8
Shape2DView009
100
AcDbCircle
 10
115.764833333
 20
315.814918812
 30
0.000000000
 40
0.200333333
100
AcDbArc
 50
0.000000000
 51
150.000000000
  0
ARC
  5
B24
330
A02
100
AcDbEntity
  8
Shape2DView009
100
AcDbCircle
 10
134.385000000
 20
326.200000000
 30
0.000000000
 40
0.186666667
100
AcDbArc
 50
180.000000000
 51
0.000000000
  0
ARC
  5
B25
330
A02
100
AcDbEntity
  8
Shape2DView009
100
AcDbCircle
 10
115.764833333
 20
315.814918812
 30
0.000000000
 40
0.200333333
100
AcDbArc
 50
-60.000000000
 51
0.000000000
  0
ARC
  5
B26
330
A02
100
AcDbEntity
  8
Shape2DView009
100
AcDbCircle
 10
134.385000000
 20
326.200000000
 30
0.000000000
 40
0.186666667
100
AcDbArc
 50
0.000000000
 51
90.000000000
  0
LINE
  5
B27
330
A02
100
AcDbEntity
  8
Shape2DView009
100
AcDbLine
 10
115.865000000
 20
306.238745901
 30
0.000000000
 11
115.865000000
 21
315.641425056
 31
0.000000000
  0
LINE
  5
B28
330
A02
100
AcDbEntity
  8
Shape2DView009
100
AcDbLine
 10
134.385000000
 20
326.386666667
 30
0.000000000
 11
134.385000000
 21
328.500000000
 31
0.000000000
  0
LINE
  5
B29
330
A02
100
AcDbEntity
  8
Shape2DView009
100
AcDbLine
 10
134.885000000
 20
329.000000000
 30
0.000000000
 11
134.385000000
 21
328.500000000
 31
0.000000000
  0
LINE
  5
B2A
330
A02
100
AcDbEntity
  8
Shape2DView009
100
AcDbLine
 10
144.035000000
 20
329.000000000
 30
0.000000000
 11
134.885000000
 21
329.000000000
 31
0.000000000
  0
LINE
  5
B2B
330
A02
100
AcDbEntity
  8
Shape2DView009
100
AcDbLine
 10
144.535000000
 20
328.500000000
 30
0.000000000
 11
144.035000000
 21
329.000000000
 31
0.000000000
  0
LINE
  5
B2C
330
A02
100
AcDbEntity
  8
Shape2DView009
100
AcDbLine
 10
144.535000000
 20
326.386666667
 30
0.000000000
 11
144.535000000
 21
328.500000000
 31
0.000000000
  0
LINE
  5
B2D
330
A02
100
AcDbEntity
  8
Shape2DView009
100
AcDbLine
 10
113.000000000
 20
299.159868719
 30
0.000000000
 11
113.000000000
 21
305.465085478
 31
0.000000000
  0
ARC
  5
B2E
330
A02
100
AcDbEntity
  8
Shape2DView009
100
AcDbCircle
 10
144.535000000
 20
326.200000000
 30
0.000000000
 40
0.186666667
100
AcDbArc
 50
90.000000000
 51
180.000000000
  0
LINE
  5
B2F
330
A02
100
AcDbEntity
  8
Shape2DView009
100
AcDbLine
 10
113.000000000
 20
299.159868719
 30
0.000000000
 11
113.500000000
 21
298.659868719
 31
0.000000000
  0
ARC
  5
B30
330
A02
100
AcDbEntity
  8
Shape2DView009
100
AcDbCircle
 10
144.535000000
 20
326.200000000
 30
0.000000000
 40
0.186666667
100
AcDbArc
 50
180.000000000
 51
0.000000000
  0
LINE
  5
B31
330
A02
100
AcDbEntity
  8
Shape2DView009
100
AcDbLine
 10
126.638333333
 20
298.659868719
 30
0.000000000
 11
113.500000000
 21
298.659868719
 31
0.000000000
  0
LINE
  5
B32
330
A02
100
AcDbEntity
  8
Shape2DView009
100
AcDbLine
 10
144.721666667
 20
326.200000000
 30
0.000000000
 11
156.878333333
 21
326.200000000
 31
0.000000000
  0
ARC
  5
B33
330
A02
100
AcDbEntity
  8
Shape2DView009
100
AcDbCircle
 10
126.825000000
 20
298.659868719
 30
0.000000000
 40
0.186666667
100
AcDbArc
 50
0.000000000
 51
180.000000000
  0
ARC
  5
B34
330
A02
100
AcDbEntity
  8
Shape2DView009
100
AcDbCircle
 10
157.065000000
 20
326.200000000
 30
0.000000000
 40
0.186666667
100
AcDbArc
 50
180.000000000
 51
0.000000000
  0
ARC
  5
B35
330
A02
100
AcDbEntity
  8
Shape2DView009
100
AcDbCircle
 10
126.825000000
 20
298.659868719
 30
0.000000000
 40
0.186666667
100
AcDbArc
 50
-90.000000000
 51
0.000000000
  0
ARC
  5
B36
330
A02
100
AcDbEntity
  8
Shape2DView009
100
AcDbCircle
 10
157.065000000
 20
326.200000000
 30
0.000000000
 40
0.186666667
100
AcDbArc
 50
0.000000000
 51
90.000000000
  0
LINE
  5
B37
330
A02
100
AcDbEntity
  8
Shape2DView009
100
AcDbLine
 10
126.825000000
 20
298.473202053
 30
0.000000000
 11
126.825000000
 21
296.359868719
 31
0.000000000
  0
LINE
  5
B38
330
A02
100
AcDbEntity
  8
Shape2DView009
100
AcDbLine
 10
157.065000000
 20
326.386666667
 30
0.000000000
 11
157.065000000
 21
328.500000000
 31
0.000000000
  0
LINE
  5
B39
330
A02
100
AcDbEntity
  8
Shape2DView009
100
AcDbLine
 10
126.825000000
 20
296.359868719
 30
0.000000000
 11
127.325000000
 21
295.859868719
 31
0.000000000
  0
LINE
  5
B3A
330
A02
100
AcDbEntity
  8
Shape2DView009
100
AcDbLine
 10
157.565000000
 20
329.000000000
 30
0.000000000
 11
157.065000000
 21
328.500000000
 31
0.000000000
  0
LINE
  5
B3B
330
A02
100
AcDbEntity
  8
Shape2DView009
100
AcDbLine
 10
127.325000000
 20
295.859868719
 30
0.000000000
 11
136.475000000
 21
295.859868719
 31
0.000000000
  0
LINE
  5
B3C
330
A02
100
AcDbEntity
  8
Shape2DView009
100
AcDbLine
 10
166.715000000
 20
329.000000000
 30
0.000000000
 11
157.565000000
 21
329.000000000
 31
0.000000000
  0
LINE
  5
B3D
330
A02
100
AcDbEntity
  8
Shape2DView009
100
AcDbLine
 10
136.475000000
 20
295.859868719
 30
0.000000000
 11
136.975000000
 21
296.359868719
 31
0.000000000
  0
LINE
  5
B3E
330
A02
100
AcDbEntity
  8
Shape2DView009
100
AcDbLine
 10
167.215000000
 20
328.500000000
 30
0.000000000
 11
166.715000000
 21
329.000000000
 31
0.000000000
  0
LINE
  5
B3F
330
A02
100
AcDbEntity
  8
Shape2DView009
100
AcDbLine
 10
136.975000000
 20
298.473202053
 30
0.000000000
 11
136.975000000
 21
296.359868719
 31
0.000000000
  0
LINE
  5
B40
330
A02
100
AcDbEntity
  8
Shape2DView009
100
AcDbLine
 10
167.215000000
 20
326.386666667
 30
0.000000000
 11
167.215000000
 21
328.500000000
 31
0.000000000
  0
ARC
  5
B41
330
A02
100
AcDbEntity
  8
Shape2DView009
100
AcDbCircle
 10
136.975000000
 20
298.659868719
 30
0.000000000
 40
0.186666667
100
AcDbArc
 50
180.000000000
 51
-90.000000000
  0
ARC
  5
B42
330
A02
100
AcDbEntity
  8
Shape2DView009
100
AcDbCircle
 10
167.215000000
 20
326.200000000
 30
0.000000000
 40
0.186666667
100
AcDbArc
 50
90.000000000
 51
180.000000000
  0
ARC
  5
B43
330
A02
100
AcDbEntity
  8
Shape2DView009
100
AcDbCircle
 10
136.975000000
 20
298.659868719
 30
0.000000000
 40
0.186666667
100
AcDbArc
 50
0.000000000
 51
180.000000000
  0
ARC
  5
B44
330
A02
100
AcDbEntity
  8
Shape2DView009
100
AcDbCircle
 10
167.215000000
 20
326.200000000
 30
0.000000000
 40
0.186666667
100
AcDbArc
 50
180.000000000
 51
0.000000000
  0
LINE
  5
B45
330
A02
100
AcDbEntity
  8
Shape2DView009
100
AcDbLine
 10
164.438333333
 20
298.659868719
 30
0.000000000
 11
137.161666667
 21
298.659868719
 31
0.000000000
  0
LINE
  5
B46
330
A02
100
AcDbEntity
  8
Shape2DView009
100
AcDbLine
 10
167.401666667
 20
326.200000000
 30
0.000000000
 11
188.100000000
 21
326.200000000
 31
0.000000000
  0
ARC
  5
B47
330
A02
100
AcDbEntity
  8
Shape2DView009
100
AcDbCircle
 10
164.625000000
 20
298.659868719
 30
0.000000000
 40
0.186666667
100
AcDbArc
 50
0.000000000
 51
180.000000000
  0
LINE
  5
B48
330
A02
100
AcDbEntity
  8
Shape2DView009
100
AcDbLine
 10
188.600000000
 20
325.700000000
 30
0.000000000
 11
188.100000000
 21
326.200000000
 31
0.000000000
  0
ARC
  5
B49
330
A02
100
AcDbEntity
  8
Shape2DView009
100
AcDbCircle
 10
164.625000000
 20
298.659868719
 30
0.000000000
 40
0.186666667
100
AcDbArc
 50
-90.000000000
 51
0.000000000
  0
LINE
  5
B4A
330
A02
100
AcDbEntity
  8
Shape2DView009
100
AcDbLine
 10
188.600000000
 20
325.700000000
 30
0.000000000
 11
188.600000000
 21
316.415085478
 31
0.000000000
  0
LINE
  5
B4B
330
A02
100
AcDbEntity
  8
Shape2DView009
100
AcDbLine
 10
164.625000000
 20
298.473202053
 30
0.000000000
 11
164.625000000
 21
296.359868719
 31
0.000000000
  0
LINE
  5
B4C
330
A02
100
AcDbEntity
  8
Shape2DView009
100
AcDbLine
 10
188.100000000
 20
315.915085478
 30
0.000000000
 11
188.600000000
 21
316.415085478
 31
0.000000000
  0
LINE
  5
B4D
330
A02
100
AcDbEntity
  8
Shape2DView009
100
AcDbLine
 10
164.625000000
 20
296.359868719
 30
0.000000000
 11
165.125000000
 21
295.859868719
 31
0.000000000
  0
LINE
  5
B4E
330
A02
100
AcDbEntity
  8
Shape2DView009
100
AcDbLine
 10
186.008660423
 20
315.915085478
 30
0.000000000
 11
188.100000000
 21
315.915085478
 31
0.000000000
  0
LINE
  5
B4F
330
A02
100
AcDbEntity
  8
Shape2DView009
100
AcDbLine
 10
165.125000000
 20
295.859868719
 30
0.000000000
 11
174.275000000
 21
295.859868719
 31
0.000000000
  0
ARC
  5
B50
330
A02
100
AcDbEntity
  8
Shape2DView009
100
AcDbCircle
 10
185.835166667
 20
315.814918812
 30
0.000000000
 40
0.200333333
100
AcDbArc
 50
30.000000000
 51
-120.000000000
  0
LINE
  5
B51
330
A02
100
AcDbEntity
  8
Shape2DView009
100
AcDbLine
 10
174.275000000
 20
295.859868719
 30
0.000000000
 11
174.775000000
 21
296.359868719
 31
0.000000000
  0
LINE
  5
B52
330
A02
100
AcDbEntity
  8
Shape2DView009
100
AcDbLine
 10
185.735000000
 20
306.238745901
 30
0.000000000
 11
185.735000000
 21
315.641425056
 31
0.000000000
  0
LINE
  5
B53
330
A02
100
AcDbEntity
  8
Shape2DView009
100
AcDbLine
 10
174.775000000
 20
298.473202053
 30
0.000000000
 11
174.775000000
 21
296.359868719
 31
0.000000000
  0
ARC
  5
B54
330
A02
100
AcDbEntity
  8
Shape2DView009
100
AcDbCircle
 10
185.835166667
 20
306.065252145
 30
0.000000000
 40
0.200333333
100
AcDbArc
 50
120.000000000
 51
-30.000000000
  0
ARC
  5
B55
330
A02
100
AcDbEntity
  8
Shape2DView009
100
AcDbCircle
 10
174.775000000
 20
298.659868719
 30
0.000000000
 40
0.186666667
100
AcDbArc
 50
180.000000000
 51
-90.000000000
  0
LINE
  5
B56
330
A02
100
AcDbEntity
  8
Shape2DView009
100
AcDbLine
 10
186.008660423
 20
305.965085478
 30
0.000000000
 11
188.100000000
 21
305.965085478
 31
0.000000000
  0
ARC
  5
B57
330
A02
100
AcDbEntity
  8
Shape2DView009
100
AcDbCircle
 10
174.775000000
 20
298.659868719
 30
0.000000000
 40
0.186666667
100
AcDbArc
 50
0.000000000
 51
180.000000000
  0
LINE
  5
B58
330
A02
100
AcDbEntity
  8
Shape2DView009
100
AcDbLine
 10
188.600000000
 20
305.465085478
 30
0.000000000
 11
188.100000000
 21
305.965085478
 31
0.000000000
  0
LINE
  5
B59
330
A02
100
AcDbEntity
  8
Shape2DView009
100
AcDbLine
 10
188.100000000
 20
298.659868719
 30
0.000000000
 11
174.961666667
 21
298.659868719
 31
0.000000000
  0
LINE
  5
B5A
330
A02
100
AcDbEntity
  8
Shape2DView009
100
AcDbLine
 10
188.600000000
 20
305.465085478
 30
0.000000000
 11
188.600000000
 21
299.159868719
 31
0.000000000
  0
LINE
  5
B5B
330
A02
100
AcDbEntity
  8
Shape2DView009
100
AcDbLine
 10
188.100000000
 20
298.659868719
 30
0.000000000
 11
188.600000000
 21
299.159868719
 31
0.000000000
  0
CIRCLE
  5
B5C
330
A02
100
AcDbEntity
  8
Shape2DView009
100
AcDbCircle
 10
150.785010000
 20
309.466003684
 30
0.000000000
 40
7.500000000
  0
LINE
  5
B5D
330
A02
100
AcDbEntity
  8
Shape2DView009
100
AcDbLine
 10
170.364576366
 20
316.490257265
 30
0.000000000
 11
168.007669520
 21
310.490316721
 31
0.000000000
  0
ARC
  5
B5E
330
A02
100
AcDbEntity
  8
Shape2DView009
100
AcDbCircle
 10
164.750000000
 20
311.770000000
 30
0.000000000
 40
3.500000000
100
AcDbArc
 50
-159.051235851
 51
-21.445977095
  0
LINE
  5
B5F
330
A02
100
AcDbEntity
  8
Shape2DView009
100
AcDbLine
 10
161.481348187
 20
310.518634616
 30
0.000000000
 11
159.176596936
 21
316.538802229
 31
0.000000000
  0
ARC
  5
B60
330
A02
100
AcDbEntity
  8
Shape2DView009
100
AcDbCircle
 10
164.780000045
 20
318.684000030
 30
0.000000000
 40
6.000000000
100
AcDbArc
 50
-21.445977095
 51
-159.051235851
  0
CIRCLE
  5
B61
330
A02
100
AcDbEntity
  8
Shape2DView009
100
AcDbCircle
 10
123.760000000
 20
316.050000000
 30
0.000000000
 40
5.000000000
  0
CIRCLE
  5
B62
330
A02
100
AcDbEntity
  8
Shape2DView009
100
AcDbCircle
 10
177.840000000
 20
315.950000000
 30
0.000000000
 40
5.000000000
  0
CIRCLE
  5
B63
330
A02
100
AcDbEntity
  8
Shape2DView009
100
AcDbCircle
 10
133.782000000
 20
314.038000000
 30
0.000000000
 40
3.000000000
  0
ARC
  5
B64
330
A02
100
AcDbEntity
  8
Shape2DView009
100
AcDbCircle
 10
139.370000000
 20
316.050000000
 30
0.000000000
 40
1.500000000
100
AcDbArc
 50
0.000000000
 51
180.000000000
  0
LINE
  5
B65
330
A02
100
AcDbEntity
  8
Shape2DView009
100
AcDbLine
 10
140.870000000
 20
316.050000000
 30
0.000000000
 11
140.870000000
 21
313.550000000
 31
0.000000000
  0
ARC
  5
B66
330
A02
100
AcDbEntity
  8
Shape2DView009
100
AcDbCircle
 10
139.370000000
 20
313.550000000
 30
0.000000000
 40
1.500000000
100
AcDbArc
 50
180.000000000
 51
0.000000000
  0
LINE
  5
B67
330
A02
100
AcDbEntity
  8
Shape2DView009
100
AcDbLine
 10
137.870000000
 20
316.050000000
 30
0.000000000
 11
137.870000000
 21
313.550000000
 31
0.000000000
  0
LINE
  5
B68
330
A02
100
AcDbEntity
  8
Shape2DView008
100
AcDbLine
 10
87.100000000
 20
258.000000000
 30
0.000000000
 11
12.500000000
 21
258.000000000
 31
0.000000000
  0
LINE
  5
B69
330
A02
100
AcDbEntity
  8
Shape2DView008
100
AcDbLine
 10
87.100000000
 20
258.000000000
 30
0.000000000
 11
87.600000000
 21
258.500000000
 31
0.000000000
  0
LINE
  5
B6A
330
A02
100
AcDbEntity
  8
Shape2DView008
100
AcDbLine
 10
12.500000000
 20
258.000000000
 30
0.000000000
 11
12.000000000
 21
258.500000000
 31
0.000000000
  0
LINE
  5
B6B
330
A02
100
AcDbEntity
  8
Shape2DView008
100
AcDbLine
 10
87.600000000
 20
271.275000000
 30
0.000000000
 11
87.600000000
 21
258.500000000
 31
0.000000000
  0
LINE
  5
B6C
330
A02
100
AcDbEntity
  8
Shape2DView008
100
AcDbLine
 10
12.000000000
 20
258.500000000
 30
0.000000000
 11
12.000000000
 21
271.275000000
 31
0.000000000
  0
LINE
  5
B6D
330
A02
100
AcDbEntity
  8
Shape2DView008
100
AcDbLine
 10
87.600000000
 20
271.275000000
 30
0.000000000
 11
87.100000000
 21
271.775000000
 31
0.000000000
  0
LINE
  5
B6E
330
A02
100
AcDbEntity
  8
Shape2DView008
100
AcDbLine
 10
12.000000000
 20
271.275000000
 30
0.000000000
 11
12.500000000
 21
271.775000000
 31
0.000000000
  0
LINE
  5
B6F
330
A02
100
AcDbEntity
  8
Shape2DView008
100
AcDbLine
 10
87.100000000
 20
271.775000000
 30
0.000000000
 11
85.008660423
 21
271.775000000
 31
0.000000000
  0
LINE
  5
B70
330
A02
100
AcDbEntity
  8
Shape2DView008
100
AcDbLine
 10
14.591339577
 20
271.775000000
 30
0.000000000
 11
12.500000000
 21
271.775000000
 31
0.000000000
  0
ARC
  5
B71
330
A02
100
AcDbEntity
  8
Shape2DView008
100
AcDbCircle
 10
84.835166667
 20
271.875166667
 30
0.000000000
 40
0.200333333
100
AcDbArc
 50
180.000000000
 51
-30.000000000
  0
ARC
  5
B72
330
A02
100
AcDbEntity
  8
Shape2DView008
100
AcDbCircle
 10
14.764833333
 20
271.875166667
 30
0.000000000
 40
0.200333333
100
AcDbArc
 50
-150.000000000
 51
60.000000000
  0
ARC
  5
B73
330
A02
100
AcDbEntity
  8
Shape2DView008
100
AcDbCircle
 10
84.835166667
 20
271.875166667
 30
0.000000000
 40
0.200333333
100
AcDbArc
 50
120.000000000
 51
180.000000000
  0
LINE
  5
B74
330
A02
100
AcDbEntity
  8
Shape2DView008
100
AcDbLine
 10
14.865000000
 20
281.451339577
 30
0.000000000
 11
14.865000000
 21
272.048660423
 31
0.000000000
  0
LINE
  5
B75
330
A02
100
AcDbEntity
  8
Shape2DView008
100
AcDbLine
 10
84.735000000
 20
281.451339577
 30
0.000000000
 11
84.735000000
 21
272.048660423
 31
0.000000000
  0
ARC
  5
B76
330
A02
100
AcDbEntity
  8
Shape2DView008
100
AcDbCircle
 10
14.764833333
 20
281.624833333
 30
0.000000000
 40
0.200333333
100
AcDbArc
 50
-60.000000000
 51
150.000000000
  0
ARC
  5
B77
330
A02
100
AcDbEntity
  8
Shape2DView008
100
AcDbCircle
 10
84.835166667
 20
281.624833333
 30
0.000000000
 40
0.200333333
100
AcDbArc
 50
180.000000000
 51
-120.000000000
  0
LINE
  5
B78
330
A02
100
AcDbEntity
  8
Shape2DView008
100
AcDbLine
 10
14.591339577
 20
281.725000000
 30
0.000000000
 11
12.500000000
 21
281.725000000
 31
0.000000000
  0
ARC
  5
B79
330
A02
100
AcDbEntity
  8
Shape2DView008
100
AcDbCircle
 10
84.835166667
 20
281.624833333
 30
0.000000000
 40
0.200333333
100
AcDbArc
 50
30.000000000
 51
180.000000000
  0
LINE
  5
B7A
330
A02
100
AcDbEntity
  8
Shape2DView008
100
AcDbLine
 10
12.500000000
 20
281.725000000
 30
0.000000000
 11
12.000000000
 21
282.225000000
 31
0.000000000
  0
LINE
  5
B7B
330
A02
100
AcDbEntity
  8
Shape2DView008
100
AcDbLine
 10
87.100000000
 20
281.725000000
 30
0.000000000
 11
85.008660423
 21
281.725000000
 31
0.000000000
  0
LINE
  5
B7C
330
A02
100
AcDbEntity
  8
Shape2DView008
100
AcDbLine
 10
12.000000000
 20
282.225000000
 30
0.000000000
 11
12.000000000
 21
308.775000000
 31
0.000000000
  0
LINE
  5
B7D
330
A02
100
AcDbEntity
  8
Shape2DView008
100
AcDbLine
 10
87.600000000
 20
282.225000000
 30
0.000000000
 11
87.100000000
 21
281.725000000
 31
0.000000000
  0
LINE
  5
B7E
330
A02
100
AcDbEntity
  8
Shape2DView008
100
AcDbLine
 10
12.000000000
 20
308.775000000
 30
0.000000000
 11
12.500000000
 21
309.275000000
 31
0.000000000
  0
LINE
  5
B7F
330
A02
100
AcDbEntity
  8
Shape2DView008
100
AcDbLine
 10
87.600000000
 20
308.775000000
 30
0.000000000
 11
87.600000000
 21
282.225000000
 31
0.000000000
  0
LINE
  5
B80
330
A02
100
AcDbEntity
  8
Shape2DView008
100
AcDbLine
 10
14.591339577
 20
309.275000000
 30
0.000000000
 11
12.500000000
 21
309.275000000
 31
0.000000000
  0
LINE
  5
B81
330
A02
100
AcDbEntity
  8
Shape2DView008
100
AcDbLine
 10
87.100000000
 20
309.275000000
 30
0.000000000
 11
87.600000000
 21
308.775000000
 31
0.000000000
  0
ARC
  5
B82
330
A02
100
AcDbEntity
  8
Shape2DView008
100
AcDbCircle
 10
14.764833333
 20
309.375166667
 30
0.000000000
 40
0.200333333
100
AcDbArc
 50
-150.000000000
 51
60.000000000
  0
LINE
  5
B83
330
A02
100
AcDbEntity
  8
Shape2DView008
100
AcDbLine
 10
87.100000000
 20
309.275000000
 30
0.000000000
 11
85.008660423
 21
309.275000000
 31
0.000000000
  0
LINE
  5
B84
330
A02
100
AcDbEntity
  8
Shape2DView008
100
AcDbLine
 10
14.865000000
 20
318.951339577
 30
0.000000000
 11
14.865000000
 21
309.548660423
 31
0.000000000
  0
ARC
  5
B85
330
A02
100
AcDbEntity
  8
Shape2DView008
100
AcDbCircle
 10
84.835166667
 20
309.375166667
 30
0.000000000
 40
0.200333333
100
AcDbArc
 50
180.000000000
 51
-30.000000000
  0
ARC
  5
B86
330
A02
100
AcDbEntity
  8
Shape2DView008
100
AcDbCircle
 10
14.764833333
 20
319.124833333
 30
0.000000000
 40
0.200333333
100
AcDbArc
 50
-60.000000000
 51
150.000000000
  0
ARC
  5
B87
330
A02
100
AcDbEntity
  8
Shape2DView008
100
AcDbCircle
 10
84.835166667
 20
309.375166667
 30
0.000000000
 40
0.200333333
100
AcDbArc
 50
120.000000000
 51
180.000000000
  0
LINE
  5
B88
330
A02
100
AcDbEntity
  8
Shape2DView008
100
AcDbLine
 10
14.591339577
 20
319.225000000
 30
0.000000000
 11
12.500000000
 21
319.225000000
 31
0.000000000
  0
LINE
  5
B89
330
A02
100
AcDbEntity
  8
Shape2DView008
100
AcDbLine
 10
84.735000000
 20
318.951339577
 30
0.000000000
 11
84.735000000
 21
309.548660423
 31
0.000000000
  0
LINE
  5
B8A
330
A02
100
AcDbEntity
  8
Shape2DView008
100
AcDbLine
 10
12.500000000
 20
319.225000000
 30
0.000000000
 11
12.000000000
 21
319.725000000
 31
0.000000000
  0
ARC
  5
B8B
330
A02
100
AcDbEntity
  8
Shape2DView008
100
AcDbCircle
 10
84.835166667
 20
319.124833333
 30
0.000000000
 40
0.200333333
100
AcDbArc
 50
180.000000000
 51
-120.000000000
  0
LINE
  5
B8C
330
A02
100
AcDbEntity
  8
Shape2DView008
100
AcDbLine
 10
12.000000000
 20
319.725000000
 30
0.000000000
 11
12.000000000
 21
332.500000000
 31
0.000000000
  0
ARC
  5
B8D
330
A02
100
AcDbEntity
  8
Shape2DView008
100
AcDbCircle
 10
84.835166667
 20
319.124833333
 30
0.000000000
 40
0.200333333
100
AcDbArc
 50
30.000000000
 51
180.000000000
  0
LINE
  5
B8E
330
A02
100
AcDbEntity
  8
Shape2DView008
100
AcDbLine
 10
12.000000000
 20
332.500000000
 30
0.000000000
 11
12.500000000
 21
333.000000000
 31
0.000000000
  0
LINE
  5
B8F
330
A02
100
AcDbEntity
  8
Shape2DView008
100
AcDbLine
 10
87.100000000
 20
319.225000000
 30
0.000000000
 11
85.008660423
 21
319.225000000
 31
0.000000000
  0
LINE
  5
B90
330
A02
100
AcDbEntity
  8
Shape2DView008
100
AcDbLine
 10
12.500000000
 20
333.000000000
 30
0.000000000
 11
33.198333333
 21
333.000000000
 31
0.000000000
  0
LINE
  5
B91
330
A02
100
AcDbEntity
  8
Shape2DView008
100
AcDbLine
 10
87.600000000
 20
319.725000000
 30
0.000000000
 11
87.100000000
 21
319.225000000
 31
0.000000000
  0
ARC
  5
B92
330
A02
100
AcDbEntity
  8
Shape2DView008
100
AcDbCircle
 10
33.385000000
 20
333.000000000
 30
0.000000000
 40
0.186666667
100
AcDbArc
 50
180.000000000
 51
0.000000000
  0
LINE
  5
B93
330
A02
100
AcDbEntity
  8
Shape2DView008
100
AcDbLine
 10
87.600000000
 20
332.500000000
 30
0.000000000
 11
87.600000000
 21
319.725000000
 31
0.000000000
  0
ARC
  5
B94
330
A02
100
AcDbEntity
  8
Shape2DView008
100
AcDbCircle
 10
33.385000000
 20
333.000000000
 30
0.000000000
 40
0.186666667
100
AcDbArc
 50
0.000000000
 51
90.000000000
  0
LINE
  5
B95
330
A02
100
AcDbEntity
  8
Shape2DView008
100
AcDbLine
 10
87.100000000
 20
333.000000000
 30
0.000000000
 11
87.600000000
 21
332.500000000
 31
0.000000000
  0
LINE
  5
B96
330
A02
100
AcDbEntity
  8
Shape2DView008
100
AcDbLine
 10
33.385000000
 20
333.186666667
 30
0.000000000
 11
33.385000000
 21
335.300000000
 31
0.000000000
  0
LINE
  5
B97
330
A02
100
AcDbEntity
  8
Shape2DView008
100
AcDbLine
 10
66.401666667
 20
333.000000000
 30
0.000000000
 11
87.100000000
 21
333.000000000
 31
0.000000000
  0
LINE
  5
B98
330
A02
100
AcDbEntity
  8
Shape2DView008
100
AcDbLine
 10
33.385000000
 20
335.300000000
 30
0.000000000
 11
33.885000000
 21
335.800000000
 31
0.000000000
  0
ARC
  5
B99
330
A02
100
AcDbEntity
  8
Shape2DView008
100
AcDbCircle
 10
66.215000000
 20
333.000000000
 30
0.000000000
 40
0.186666667
100
AcDbArc
 50
180.000000000
 51
0.000000000
  0
LINE
  5
B9A
330
A02
100
AcDbEntity
  8
Shape2DView008
100
AcDbLine
 10
43.035000000
 20
335.800000000
 30
0.000000000
 11
33.885000000
 21
335.800000000
 31
0.000000000
  0
ARC
  5
B9B
330
A02
100
AcDbEntity
  8
Shape2DView008
100
AcDbCircle
 10
66.215000000
 20
333.000000000
 30
0.000000000
 40
0.186666667
100
AcDbArc
 50
90.000000000
 51
180.000000000
  0
LINE
  5
B9C
330
A02
100
AcDbEntity
  8
Shape2DView008
100
AcDbLine
 10
43.035000000
 20
335.800000000
 30
0.000000000
 11
43.535000000
 21
335.300000000
 31
0.000000000
  0
LINE
  5
B9D
330
A02
100
AcDbEntity
  8
Shape2DView008
100
AcDbLine
 10
66.215000000
 20
333.186666667
 30
0.000000000
 11
66.215000000
 21
335.300000000
 31
0.000000000
  0
LINE
  5
B9E
330
A02
100
AcDbEntity
  8
Shape2DView008
100
AcDbLine
 10
43.535000000
 20
333.186666667
 30
0.000000000
 11
43.535000000
 21
335.300000000
 31
0.000000000
  0
LINE
  5
B9F
330
A02
100
AcDbEntity
  8
Shape2DView008
100
AcDbLine
 10
65.715000000
 20
335.800000000
 30
0.000000000
 11
66.215000000
 21
335.300000000
 31
0.000000000
  0
ARC
  5
BA0
330
A02
100
AcDbEntity
  8
Shape2DView008
100
AcDbCircle
 10
43.535000000
 20
333.000000000
 30
0.000000000
 40
0.186666667
100
AcDbArc
 50
90.000000000
 51
180.000000000
  0
LINE
  5
BA1
330
A02
100
AcDbEntity
  8
Shape2DView008
100
AcDbLine
 10
65.715000000
 20
335.800000000
 30
0.000000000
 11
56.565000000
 21
335.800000000
 31
0.000000000
  0
ARC
  5
BA2
330
A02
100
AcDbEntity
  8
Shape2DView008
100
AcDbCircle
 10
43.535000000
 20
333.000000000
 30
0.000000000
 40
0.186666667
100
AcDbArc
 50
180.000000000
 51
0.000000000
  0
LINE
  5
BA3
330
A02
100
AcDbEntity
  8
Shape2DView008
100
AcDbLine
 10
56.065000000
 20
335.300000000
 30
0.000000000
 11
56.565000000
 21
335.800000000
 31
0.000000000
  0
LINE
  5
BA4
330
A02
100
AcDbEntity
  8
Shape2DView008
100
AcDbLine
 10
43.721666667
 20
333.000000000
 30
0.000000000
 11
55.878333333
 21
333.000000000
 31
0.000000000
  0
LINE
  5
BA5
330
A02
100
AcDbEntity
  8
Shape2DView008
100
AcDbLine
 10
56.065000000
 20
333.186666667
 30
0.000000000
 11
56.065000000
 21
335.300000000
 31
0.000000000
  0
ARC
  5
BA6
330
A02
100
AcDbEntity
  8
Shape2DView008
100
AcDbCircle
 10
56.065000000
 20
333.000000000
 30
0.000000000
 40
0.186666667
100
AcDbArc
 50
180.000000000
 51
0.000000000
  0
ARC
  5
BA7
330
A02
100
AcDbEntity
  8
Shape2DView008
100
AcDbCircle
 10
56.065000000
 20
333.000000000
 30
0.000000000
 40
0.186666667
100
AcDbArc
 50
0.000000000
 51
90.000000000
  0
LINE
  5
BA8
330
A02
100
AcDbEntity
  8
Shape2DView007
100
AcDbLine
 10
12.500000000
 20
134.025000000
 30
0.000000000
 11
14.591339577
 21
134.025000000
 31
0.000000000
  0
LINE
  5
BA9
330
A02
100
AcDbEntity
  8
Shape2DView007
100
AcDbLine
 10
12.500000000
 20
134.025000000
 30
0.000000000
 11
12.000000000
 21
133.525000000
 31
0.000000000
  0
ARC
  5
BAA
330
A02
100
AcDbEntity
  8
Shape2DView007
100
AcDbCircle
 10
14.764833333
 20
134.125166667
 30
0.000000000
 40
0.200333333
100
AcDbArc
 50
0.000000000
 51
60.000000000
  0
ARC
  5
BAB
330
A02
100
AcDbEntity
  8
Shape2DView007
100
AcDbCircle
 10
14.764833333
 20
134.125166667
 30
0.000000000
 40
0.200333333
100
AcDbArc
 50
-150.000000000
 51
0.000000000
  0
LINE
  5
BAC
330
A02
100
AcDbEntity
  8
Shape2DView007
100
AcDbLine
 10
12.000000000
 20
157.800000000
 30
0.000000000
 11
12.000000000
 21
144.475000000
 31
0.000000000
  0
LINE
  5
BAD
330
A02
100
AcDbEntity
  8
Shape2DView007
100
AcDbLine
 10
12.000000000
 20
144.475000000
 30
0.000000000
 11
12.500000000
 21
143.975000000
 31
0.000000000
  0
ARC
  5
BAE
330
A02
100
AcDbEntity
  8
Shape2DView007
100
AcDbCircle
 10
12.400000000
 20
157.800000000
 30
0.000000000
 40
0.400000000
100
AcDbArc
 50
90.000000000
 51
180.000000000
  0
LINE
  5
BAF
330
A02
100
AcDbEntity
  8
Shape2DView007
100
AcDbLine
 10
12.500000000
 20
143.975000000
 30
0.000000000
 11
14.591339577
 21
143.975000000
 31
0.000000000
  0
LINE
  5
BB0
330
A02
100
AcDbEntity
  8
Shape2DView007
100
AcDbLine
 10
26.000000000
 20
158.200000000
 30
0.000000000
 11
12.400000000
 21
158.200000000
 31
0.000000000
  0
ARC
  5
BB1
330
A02
100
AcDbEntity
  8
Shape2DView007
100
AcDbCircle
 10
14.764833333
 20
143.874833333
 30
0.000000000
 40
0.200333333
100
AcDbArc
 50
0.000000000
 51
150.000000000
  0
ARC
  5
BB2
330
A02
100
AcDbEntity
  8
Shape2DView007
100
AcDbCircle
 10
26.000000000
 20
158.600000000
 30
0.000000000
 40
0.400000000
100
AcDbArc
 50
-90.000000000
 51
90.000000000
  0
ARC
  5
BB3
330
A02
100
AcDbEntity
  8
Shape2DView007
100
AcDbCircle
 10
14.764833333
 20
143.874833333
 30
0.000000000
 40
0.200333333
100
AcDbArc
 50
-60.000000000
 51
0.000000000
  0
LINE
  5
BB4
330
A02
100
AcDbEntity
  8
Shape2DView007
100
AcDbLine
 10
12.400000000
 20
159.000000000
 30
0.000000000
 11
26.000000000
 21
159.000000000
 31
0.000000000
  0
LINE
  5
BB5
330
A02
100
AcDbEntity
  8
Shape2DView007
100
AcDbLine
 10
14.865000000
 20
134.298660423
 30
0.000000000
 11
14.865000000
 21
143.701339577
 31
0.000000000
  0
ARC
  5
BB6
330
A02
100
AcDbEntity
  8
Shape2DView007
100
AcDbCircle
 10
12.400000000
 20
159.400000000
 30
0.000000000
 40
0.400000000
100
AcDbArc
 50
180.000000000
 51
-90.000000000
  0
LINE
  5
BB7
330
A02
100
AcDbEntity
  8
Shape2DView007
100
AcDbLine
 10
12.000000000
 20
159.400000000
 30
0.000000000
 11
12.000000000
 21
161.552786405
 31
0.000000000
  0
ARC
  5
BB8
330
A02
100
AcDbEntity
  8
Shape2DView007
100
AcDbCircle
 10
12.400000000
 20
161.552786405
 30
0.000000000
 40
0.400000000
100
AcDbArc
 50
116.565051177
 51
180.000000000
  0
LINE
  5
BB9
330
A02
100
AcDbEntity
  8
Shape2DView007
100
AcDbLine
 10
12.221114562
 20
161.910557281
 30
0.000000000
 11
14.000000000
 21
162.800000000
 31
0.000000000
  0
LINE
  5
BBA
330
A02
100
AcDbEntity
  8
Shape2DView007
100
AcDbLine
 10
14.000000000
 20
162.800000000
 30
0.000000000
 11
14.000000000
 21
161.800000000
 31
0.000000000
  0
LINE
  5
BBB
330
A02
100
AcDbEntity
  8
Shape2DView007
100
AcDbLine
 10
12.000000000
 20
133.525000000
 30
0.000000000
 11
12.000000000
 21
119.500000000
 31
0.000000000
  0
LINE
  5
BBC
330
A02
100
AcDbEntity
  8
Shape2DView007
100
AcDbLine
 10
14.000000000
 20
161.800000000
 30
0.000000000
 11
16.800000000
 21
161.800000000
 31
0.000000000
  0
LINE
  5
BBD
330
A02
100
AcDbEntity
  8
Shape2DView007
100
AcDbLine
 10
12.000000000
 20
119.500000000
 30
0.000000000
 11
12.500000000
 21
119.000000000
 31
0.000000000
  0
LINE
  5
BBE
330
A02
100
AcDbEntity
  8
Shape2DView007
100
AcDbLine
 10
16.800000000
 20
163.800000000
 30
0.000000000
 11
16.800000000
 21
161.800000000
 31
0.000000000
  0
LINE
  5
BBF
330
A02
100
AcDbEntity
  8
Shape2DView007
100
AcDbLine
 10
44.538333333
 20
119.000000000
 30
0.000000000
 11
12.500000000
 21
119.000000000
 31
0.000000000
  0
LINE
  5
BC0
330
A02
100
AcDbEntity
  8
Shape2DView007
100
AcDbLine
 10
24.213234996
 20
161.813629669
 30
0.000000000
 11
16.800000000
 21
163.800000000
 31
0.000000000
  0
ARC
  5
BC1
330
A02
100
AcDbEntity
  8
Shape2DView007
100
AcDbCircle
 10
44.725000000
 20
119.000000000
 30
0.000000000
 40
0.186666667
100
AcDbArc
 50
0.000000000
 51
180.000000000
  0
ARC
  5
BC2
330
A02
100
AcDbEntity
  8
Shape2DView007
100
AcDbCircle
 10
24.316762614
 20
162.200000000
 30
0.000000000
 40
0.400000000
100
AcDbArc
 50
-105.000000000
 51
-90.000000000
  0
ARC
  5
BC3
330
A02
100
AcDbEntity
  8
Shape2DView007
100
AcDbCircle
 10
44.725000000
 20
119.000000000
 30
0.000000000
 40
0.186666667
100
AcDbArc
 50
-90.000000000
 51
0.000000000
  0
LINE
  5
BC4
330
A02
100
AcDbEntity
  8
Shape2DView007
100
AcDbLine
 10
75.283237386
 20
161.800000000
 30
0.000000000
 11
24.316762614
 21
161.800000000
 31
0.000000000
  0
LINE
  5
BC5
330
A02
100
AcDbEntity
  8
Shape2DView007
100
AcDbLine
 10
44.725000000
 20
118.813333333
 30
0.000000000
 11
44.725000000
 21
116.700000000
 31
0.000000000
  0
ARC
  5
BC6
330
A02
100
AcDbEntity
  8
Shape2DView007
100
AcDbCircle
 10
75.283237386
 20
162.200000000
 30
0.000000000
 40
0.400000000
100
AcDbArc
 50
-90.000000000
 51
-75.000000000
  0
LINE
  5
BC7
330
A02
100
AcDbEntity
  8
Shape2DView007
100
AcDbLine
 10
44.725000000
 20
116.700000000
 30
0.000000000
 11
45.225000000
 21
116.200000000
 31
0.000000000
  0
LINE
  5
BC8
330
A02
100
AcDbEntity
  8
Shape2DView007
100
AcDbLine
 10
82.800000000
 20
163.800000000
 30
0.000000000
 11
75.386765004
 21
161.813629669
 31
0.000000000
  0
LINE
  5
BC9
330
A02
100
AcDbEntity
  8
Shape2DView007
100
AcDbLine
 10
45.225000000
 20
116.200000000
 30
0.000000000
 11
54.375000000
 21
116.200000000
 31
0.000000000
  0
LINE
  5
BCA
330
A02
100
AcDbEntity
  8
Shape2DView007
100
AcDbLine
 10
82.800000000
 20
161.800000000
 30
0.000000000
 11
82.800000000
 21
163.800000000
 31
0.000000000
  0
LINE
  5
BCB
330
A02
100
AcDbEntity
  8
Shape2DView007
100
AcDbLine
 10
54.375000000
 20
116.200000000
 30
0.000000000
 11
54.875000000
 21
116.700000000
 31
0.000000000
  0
LINE
  5
BCC
330
A02
100
AcDbEntity
  8
Shape2DView007
100
AcDbLine
 10
85.600000000
 20
161.800000000
 30
0.000000000
 11
82.800000000
 21
161.800000000
 31
0.000000000
  0
LINE
  5
BCD
330
A02
100
AcDbEntity
  8
Shape2DView007
100
AcDbLine
 10
54.875000000
 20
118.813333333
 30
0.000000000
 11
54.875000000
 21
116.700000000
 31
0.000000000
  0
LINE
  5
BCE
330
A02
100
AcDbEntity
  8
Shape2DView007
100
AcDbLine
 10
85.600000000
 20
162.800000000
 30
0.000000000
 11
85.600000000
 21
161.800000000
 31
0.000000000
  0
ARC
  5
BCF
330
A02
100
AcDbEntity
  8
Shape2DView007
100
AcDbCircle
 10
54.875000000
 20
119.000000000
 30
0.000000000
 40
0.186666667
100
AcDbArc
 50
180.000000000
 51
-90.000000000
  0
LINE
  5
BD0
330
A02
100
AcDbEntity
  8
Shape2DView007
100
AcDbLine
 10
87.378885438
 20
161.910557281
 30
0.000000000
 11
85.600000000
 21
162.800000000
 31
0.000000000
  0
ARC
  5
BD1
330
A02
100
AcDbEntity
  8
Shape2DView007
100
AcDbCircle
 10
54.875000000
 20
119.000000000
 30
0.000000000
 40
0.186666667
100
AcDbArc
 50
0.000000000
 51
180.000000000
  0
ARC
  5
BD2
330
A02
100
AcDbEntity
  8
Shape2DView007
100
AcDbCircle
 10
87.200000000
 20
161.552786405
 30
0.000000000
 40
0.400000000
100
AcDbArc
 50
0.000000000
 51
63.434948823
  0
LINE
  5
BD3
330
A02
100
AcDbEntity
  8
Shape2DView007
100
AcDbLine
 10
87.100000000
 20
119.000000000
 30
0.000000000
 11
55.061666667
 21
119.000000000
 31
0.000000000
  0
LINE
  5
BD4
330
A02
100
AcDbEntity
  8
Shape2DView007
100
AcDbLine
 10
87.600000000
 20
161.552786405
 30
0.000000000
 11
87.600000000
 21
159.400000000
 31
0.000000000
  0
LINE
  5
BD5
330
A02
100
AcDbEntity
  8
Shape2DView007
100
AcDbLine
 10
87.100000000
 20
119.000000000
 30
0.000000000
 11
87.600000000
 21
119.500000000
 31
0.000000000
  0
ARC
  5
BD6
330
A02
100
AcDbEntity
  8
Shape2DView007
100
AcDbCircle
 10
87.200000000
 20
159.400000000
 30
0.000000000
 40
0.400000000
100
AcDbArc
 50
-90.000000000
 51
0.000000000
  0
LINE
  5
BD7
330
A02
100
AcDbEntity
  8
Shape2DView007
100
AcDbLine
 10
87.600000000
 20
133.525000000
 30
0.000000000
 11
87.600000000
 21
119.500000000
 31
0.000000000
  0
LINE
  5
BD8
330
A02
100
AcDbEntity
  8
Shape2DView007
100
AcDbLine
 10
87.200000000
 20
159.000000000
 30
0.000000000
 11
73.600000000
 21
159.000000000
 31
0.000000000
  0
LINE
  5
BD9
330
A02
100
AcDbEntity
  8
Shape2DView007
100
AcDbLine
 10
87.600000000
 20
133.525000000
 30
0.000000000
 11
87.100000000
 21
134.025000000
 31
0.000000000
  0
ARC
  5
BDA
330
A02
100
AcDbEntity
  8
Shape2DView007
100
AcDbCircle
 10
73.600000000
 20
158.600000000
 30
0.000000000
 40
0.400000000
100
AcDbArc
 50
90.000000000
 51
-90.000000000
  0
LINE
  5
BDB
330
A02
100
AcDbEntity
  8
Shape2DView007
100
AcDbLine
 10
85.008660423
 20
134.025000000
 30
0.000000000
 11
87.100000000
 21
134.025000000
 31
0.000000000
  0
LINE
  5
BDC
330
A02
100
AcDbEntity
  8
Shape2DView007
100
AcDbLine
 10
73.600000000
 20
158.200000000
 30
0.000000000
 11
87.200000000
 21
158.200000000
 31
0.000000000
  0
ARC
  5
BDD
330
A02
100
AcDbEntity
  8
Shape2DView007
100
AcDbCircle
 10
84.835166667
 20
134.125166667
 30
0.000000000
 40
0.200333333
100
AcDbArc
 50
120.000000000
 51
-30.000000000
  0
ARC
  5
BDE
330
A02
100
AcDbEntity
  8
Shape2DView007
100
AcDbCircle
 10
87.200000000
 20
157.800000000
 30
0.000000000
 40
0.400000000
100
AcDbArc
 50
0.000000000
 51
90.000000000
  0
LINE
  5
BDF
330
A02
100
AcDbEntity
  8
Shape2DView007
100
AcDbLine
 10
84.735000000
 20
134.298660423
 30
0.000000000
 11
84.735000000
 21
143.701339577
 31
0.000000000
  0
LINE
  5
BE0
330
A02
100
AcDbEntity
  8
Shape2DView007
100
AcDbLine
 10
87.600000000
 20
157.800000000
 30
0.000000000
 11
87.600000000
 21
144.475000000
 31
0.000000000
  0
ARC
  5
BE1
330
A02
100
AcDbEntity
  8
Shape2DView007
100
AcDbCircle
 10
84.835166667
 20
143.874833333
 30
0.000000000
 40
0.200333333
100
AcDbArc
 50
30.000000000
 51
-120.000000000
  0
LINE
  5
BE2
330
A02
100
AcDbEntity
  8
Shape2DView007
100
AcDbLine
 10
87.100000000
 20
143.975000000
 30
0.000000000
 11
87.600000000
 21
144.475000000
 31
0.000000000
  0
LINE
  5
BE3
330
A02
100
AcDbEntity
  8
Shape2DView007
100
AcDbLine
 10
85.008660423
 20
143.975000000
 30
0.000000000
 11
87.100000000
 21
143.975000000
 31
0.000000000
  0
LINE
  5
BE4
330
A02
100
AcDbEntity
  8
Shape2DView006
100
AcDbLine
 10
37.075000000
 20
106.286666667
 30
0.000000000
 11
37.075000000
 21
108.400000000
 31
0.000000000
  0
LINE
  5
BE5
330
A02
100
AcDbEntity
  8
Shape2DView006
100
AcDbLine
 10
37.075000000
 20
108.400000000
 30
0.000000000
 11
36.575000000
 21
108.900000000
 31
0.000000000
  0
ARC
  5
BE6
330
A02
100
AcDbEntity
  8
Shape2DView006
100
AcDbCircle
 10
37.075000000
 20
106.100000000
 30
0.000000000
 40
0.186666667
100
AcDbArc
 50
90.000000000
 51
180.000000000
  0
LINE
  5
BE7
330
A02
100
AcDbEntity
  8
Shape2DView006
100
AcDbLine
 10
27.425000000
 20
108.900000000
 30
0.000000000
 11
36.575000000
 21
108.900000000
 31
0.000000000
  0
ARC
  5
BE8
330
A02
100
AcDbEntity
  8
Shape2DView006
100
AcDbCircle
 10
37.075000000
 20
106.100000000
 30
0.000000000
 40
0.186666667
100
AcDbArc
 50
180.000000000
 51
0.000000000
  0
LINE
  5
BE9
330
A02
100
AcDbEntity
  8
Shape2DView006
100
AcDbLine
 10
27.425000000
 20
108.900000000
 30
0.000000000
 11
26.925000000
 21
108.400000000
 31
0.000000000
  0
LINE
  5
BEA
330
A02
100
AcDbEntity
  8
Shape2DView006
100
AcDbLine
 10
52.000000000
 20
106.100000000
 30
0.000000000
 11
37.261666667
 21
106.100000000
 31
0.000000000
  0
LINE
  5
BEB
330
A02
100
AcDbEntity
  8
Shape2DView006
100
AcDbLine
 10
26.925000000
 20
106.286666667
 30
0.000000000
 11
26.925000000
 21
108.400000000
 31
0.000000000
  0
LINE
  5
BEC
330
A02
100
AcDbEntity
  8
Shape2DView006
100
AcDbLine
 10
52.000000000
 20
105.080883344
 30
0.000000000
 11
52.000000000
 21
106.100000000
 31
0.000000000
  0
ARC
  5
BED
330
A02
100
AcDbEntity
  8
Shape2DView006
100
AcDbCircle
 10
26.925000000
 20
106.100000000
 30
0.000000000
 40
0.186666667
100
AcDbArc
 50
0.000000000
 51
90.000000000
  0
LINE
  5
BEE
330
A02
100
AcDbEntity
  8
Shape2DView006
100
AcDbLine
 10
37.000000000
 20
99.621329830
 30
0.000000000
 11
52.000000000
 21
105.080883344
 31
0.000000000
  0
ARC
  5
BEF
330
A02
100
AcDbEntity
  8
Shape2DView006
100
AcDbCircle
 10
26.925000000
 20
106.100000000
 30
0.000000000
 40
0.186666667
100
AcDbArc
 50
180.000000000
 51
0.000000000
  0
LINE
  5
BF0
330
A02
100
AcDbEntity
  8
Shape2DView006
100
AcDbLine
 10
44.940489491
 20
77.805014255
 30
0.000000000
 11
37.000000000
 21
99.621329830
 31
0.000000000
  0
LINE
  5
BF1
330
A02
100
AcDbEntity
  8
Shape2DView006
100
AcDbLine
 10
26.738333333
 20
106.100000000
 30
0.000000000
 11
12.500000000
 21
106.100000000
 31
0.000000000
  0
ARC
  5
BF2
330
A02
100
AcDbEntity
  8
Shape2DView006
100
AcDbCircle
 10
45.004333251
 20
77.629604966
 30
0.000000000
 40
0.186666667
100
AcDbArc
 50
110.000000000
 51
-70.000000000
  0
LINE
  5
BF3
330
A02
100
AcDbEntity
  8
Shape2DView006
100
AcDbLine
 10
12.500000000
 20
106.100000000
 30
0.000000000
 11
12.000000000
 21
105.600000000
 31
0.000000000
  0
ARC
  5
BF4
330
A02
100
AcDbEntity
  8
Shape2DView006
100
AcDbCircle
 10
45.004333251
 20
77.629604966
 30
0.000000000
 40
0.186666667
100
AcDbArc
 50
-70.000000000
 51
20.000000000
  0
LINE
  5
BF5
330
A02
100
AcDbEntity
  8
Shape2DView006
100
AcDbLine
 10
12.000000000
 20
105.600000000
 30
0.000000000
 11
12.000000000
 21
87.611666667
 31
0.000000000
  0
LINE
  5
BF6
330
A02
100
AcDbEntity
  8
Shape2DView006
100
AcDbLine
 10
45.179742540
 20
77.693448726
 30
0.000000000
 11
47.165626279
 21
78.416251295
 31
0.000000000
  0
ARC
  5
BF7
330
A02
100
AcDbEntity
  8
Shape2DView006
100
AcDbCircle
 10
12.000000000
 20
87.425000000
 30
0.000000000
 40
0.186666667
100
AcDbArc
 50
-90.000000000
 51
90.000000000
  0
LINE
  5
BF8
330
A02
100
AcDbEntity
  8
Shape2DView006
100
AcDbLine
 10
47.806482661
 20
78.117415056
 30
0.000000000
 11
47.165626279
 21
78.416251295
 31
0.000000000
  0
ARC
  5
BF9
330
A02
100
AcDbEntity
  8
Shape2DView006
100
AcDbCircle
 10
12.000000000
 20
87.425000000
 30
0.000000000
 40
0.186666667
100
AcDbArc
 50
180.000000000
 51
-90.000000000
  0
LINE
  5
BFA
330
A02
100
AcDbEntity
  8
Shape2DView006
100
AcDbLine
 10
47.806482661
 20
78.117415056
 30
0.000000000
 11
50.935966972
 21
69.519227576
 31
0.000000000
  0
LINE
  5
BFB
330
A02
100
AcDbEntity
  8
Shape2DView006
100
AcDbLine
 10
11.813333333
 20
87.425000000
 30
0.000000000
 11
9.700000000
 21
87.425000000
 31
0.000000000
  0
LINE
  5
BFC
330
A02
100
AcDbEntity
  8
Shape2DView006
100
AcDbLine
 10
50.637130733
 20
68.878371194
 30
0.000000000
 11
50.935966972
 21
69.519227576
 31
0.000000000
  0
LINE
  5
BFD
330
A02
100
AcDbEntity
  8
Shape2DView006
100
AcDbLine
 10
9.700000000
 20
87.425000000
 30
0.000000000
 11
9.200000000
 21
86.925000000
 31
0.000000000
  0
LINE
  5
BFE
330
A02
100
AcDbEntity
  8
Shape2DView006
100
AcDbLine
 10
48.651246995
 20
68.155568625
 30
0.000000000
 11
50.637130733
 21
68.878371194
 31
0.000000000
  0
LINE
  5
BFF
330
A02
100
AcDbEntity
  8
Shape2DView006
100
AcDbLine
 10
9.200000000
 20
77.775000000
 30
0.000000000
 11
9.200000000
 21
86.925000000
 31
0.000000000
  0
ARC
  5
C00
330
A02
100
AcDbEntity
  8
Shape2DView006
100
AcDbCircle
 10
48.475837706
 20
68.091724865
 30
0.000000000
 40
0.186666667
100
AcDbArc
 50
20.000000000
 51
110.000000000
  0
LINE
  5
C01
330
A02
100
AcDbEntity
  8
Shape2DView006
100
AcDbLine
 10
9.200000000
 20
77.775000000
 30
0.000000000
 11
9.700000000
 21
77.275000000
 31
0.000000000
  0
ARC
  5
C02
330
A02
100
AcDbEntity
  8
Shape2DView006
100
AcDbCircle
 10
48.475837706
 20
68.091724865
 30
0.000000000
 40
0.186666667
100
AcDbArc
 50
110.000000000
 51
-70.000000000
  0
LINE
  5
C03
330
A02
100
AcDbEntity
  8
Shape2DView006
100
AcDbLine
 10
11.813333333
 20
77.275000000
 30
0.000000000
 11
9.700000000
 21
77.275000000
 31
0.000000000
  0
LINE
  5
C04
330
A02
100
AcDbEntity
  8
Shape2DView006
100
AcDbLine
 10
56.480170956
 20
46.100000000
 30
0.000000000
 11
48.539681466
 21
67.916315575
 31
0.000000000
  0
ARC
  5
C05
330
A02
100
AcDbEntity
  8
Shape2DView006
100
AcDbCircle
 10
12.000000000
 20
77.275000000
 30
0.000000000
 40
0.186666667
100
AcDbArc
 50
90.000000000
 51
180.000000000
  0
LINE
  5
C06
330
A02
100
AcDbEntity
  8
Shape2DView006
100
AcDbLine
 10
66.478418812
 20
46.100000000
 30
0.000000000
 11
56.480170956
 21
46.100000000
 31
0.000000000
  0
ARC
  5
C07
330
A02
100
AcDbEntity
  8
Shape2DView006
100
AcDbCircle
 10
12.000000000
 20
77.275000000
 30
0.000000000
 40
0.186666667
100
AcDbArc
 50
-90.000000000
 51
90.000000000
  0
ARC
  5
C08
330
A02
100
AcDbEntity
  8
Shape2DView006
100
AcDbCircle
 10
66.665085478
 20
46.100000000
 30
0.000000000
 40
0.186666667
100
AcDbArc
 50
180.000000000
 51
0.000000000
  0
LINE
  5
C09
330
A02
100
AcDbEntity
  8
Shape2DView006
100
AcDbLine
 10
12.000000000
 20
77.088333333
 30
0.000000000
 11
12.000000000
 21
40.111666667
 31
0.000000000
  0
ARC
  5
C0A
330
A02
100
AcDbEntity
  8
Shape2DView006
100
AcDbCircle
 10
66.665085478
 20
46.100000000
 30
0.000000000
 40
0.186666667
100
AcDbArc
 50
0.000000000
 51
90.000000000
  0
ARC
  5
C0B
330
A02
100
AcDbEntity
  8
Shape2DView006
100
AcDbCircle
 10
12.000000000
 20
39.925000000
 30
0.000000000
 40
0.186666667
100
AcDbArc
 50
-90.000000000
 51
90.000000000
  0
LINE
  5
C0C
330
A02
100
AcDbEntity
  8
Shape2DView006
100
AcDbLine
 10
66.665085478
 20
46.286666667
 30
0.000000000
 11
66.665085478
 21
48.400000000
 31
0.000000000
  0
ARC
  5
C0D
330
A02
100
AcDbEntity
  8
Shape2DView006
100
AcDbCircle
 10
12.000000000
 20
39.925000000
 30
0.000000000
 40
0.186666667
100
AcDbArc
 50
180.000000000
 51
-90.000000000
  0
LINE
  5
C0E
330
A02
100
AcDbEntity
  8
Shape2DView006
100
AcDbLine
 10
67.165085478
 20
48.900000000
 30
0.000000000
 11
66.665085478
 21
48.400000000
 31
0.000000000
  0
LINE
  5
C0F
330
A02
100
AcDbEntity
  8
Shape2DView006
100
AcDbLine
 10
11.813333333
 20
39.925000000
 30
0.000000000
 11
9.700000000
 21
39.925000000
 31
0.000000000
  0
LINE
  5
C10
330
A02
100
AcDbEntity
  8
Shape2DView006
100
AcDbLine
 10
67.165085478
 20
48.900000000
 30
0.000000000
 11
76.315085478
 21
48.900000000
 31
0.000000000
  0
LINE
  5
C11
330
A02
100
AcDbEntity
  8
Shape2DView006
100
AcDbLine
 10
9.700000000
 20
39.925000000
 30
0.000000000
 11
9.200000000
 21
39.425000000
 31
0.000000000
  0
LINE
  5
C12
330
A02
100
AcDbEntity
  8
Shape2DView006
100
AcDbLine
 10
76.815085478
 20
48.400000000
 30
0.000000000
 11
76.315085478
 21
48.900000000
 31
0.000000000
  0
LINE
  5
C13
330
A02
100
AcDbEntity
  8
Shape2DView006
100
AcDbLine
 10
9.200000000
 20
30.275000000
 30
0.000000000
 11
9.200000000
 21
39.425000000
 31
0.000000000
  0
LINE
  5
C14
330
A02
100
AcDbEntity
  8
Shape2DView006
100
AcDbLine
 10
76.815085478
 20
46.286666667
 30
0.000000000
 11
76.815085478
 21
48.400000000
 31
0.000000000
  0
LINE
  5
C15
330
A02
100
AcDbEntity
  8
Shape2DView006
100
AcDbLine
 10
9.200000000
 20
30.275000000
 30
0.000000000
 11
9.700000000
 21
29.775000000
 31
0.000000000
  0
ARC
  5
C16
330
A02
100
AcDbEntity
  8
Shape2DView006
100
AcDbCircle
 10
76.815085478
 20
46.100000000
 30
0.000000000
 40
0.186666667
100
AcDbArc
 50
90.000000000
 51
180.000000000
  0
LINE
  5
C17
330
A02
100
AcDbEntity
  8
Shape2DView006
100
AcDbLine
 10
11.813333333
 20
29.775000000
 30
0.000000000
 11
9.700000000
 21
29.775000000
 31
0.000000000
  0
ARC
  5
C18
330
A02
100
AcDbEntity
  8
Shape2DView006
100
AcDbCircle
 10
76.815085478
 20
46.100000000
 30
0.000000000
 40
0.186666667
100
AcDbArc
 50
180.000000000
 51
0.000000000
  0
ARC
  5
C19
330
A02
100
AcDbEntity
  8
Shape2DView006
100
AcDbCircle
 10
12.000000000
 20
29.775000000
 30
0.000000000
 40
0.186666667
100
AcDbArc
 50
90.000000000
 51
180.000000000
  0
LINE
  5
C1A
330
A02
100
AcDbEntity
  8
Shape2DView006
100
AcDbLine
 10
86.500000000
 20
46.100000000
 30
0.000000000
 11
77.001752145
 21
46.100000000
 31
0.000000000
  0
ARC
  5
C1B
330
A02
100
AcDbEntity
  8
Shape2DView006
100
AcDbCircle
 10
12.000000000
 20
29.775000000
 30
0.000000000
 40
0.186666667
100
AcDbArc
 50
-90.000000000
 51
90.000000000
  0
LINE
  5
C1C
330
A02
100
AcDbEntity
  8
Shape2DView006
100
AcDbLine
 10
87.000000000
 20
45.600000000
 30
0.000000000
 11
86.500000000
 21
46.100000000
 31
0.000000000
  0
LINE
  5
C1D
330
A02
100
AcDbEntity
  8
Shape2DView006
100
AcDbLine
 10
12.000000000
 20
29.588333333
 30
0.000000000
 11
12.000000000
 21
11.600000000
 31
0.000000000
  0
LINE
  5
C1E
330
A02
100
AcDbEntity
  8
Shape2DView006
100
AcDbLine
 10
87.000000000
 20
33.861666667
 30
0.000000000
 11
87.000000000
 21
45.600000000
 31
0.000000000
  0
LINE
  5
C1F
330
A02
100
AcDbEntity
  8
Shape2DView006
100
AcDbLine
 10
12.000000000
 20
11.600000000
 30
0.000000000
 11
12.500000000
 21
11.100000000
 31
0.000000000
  0
ARC
  5
C20
330
A02
100
AcDbEntity
  8
Shape2DView006
100
AcDbCircle
 10
87.000000000
 20
33.675000000
 30
0.000000000
 40
0.186666667
100
AcDbArc
 50
90.000000000
 51
-90.000000000
  0
LINE
  5
C21
330
A02
100
AcDbEntity
  8
Shape2DView006
100
AcDbLine
 10
12.500000000
 20
11.100000000
 30
0.000000000
 11
25.488333333
 21
11.100000000
 31
0.000000000
  0
ARC
  5
C22
330
A02
100
AcDbEntity
  8
Shape2DView006
100
AcDbCircle
 10
87.000000000
 20
33.675000000
 30
0.000000000
 40
0.186666667
100
AcDbArc
 50
-90.000000000
 51
0.000000000
  0
ARC
  5
C23
330
A02
100
AcDbEntity
  8
Shape2DView006
100
AcDbCircle
 10
25.675000000
 20
11.100000000
 30
0.000000000
 40
0.186666667
100
AcDbArc
 50
-0.000000000
 51
-180.000000000
  0
LINE
  5
C24
330
A02
100
AcDbEntity
  8
Shape2DView006
100
AcDbLine
 10
87.186666667
 20
33.675000000
 30
0.000000000
 11
89.300000000
 21
33.675000000
 31
0.000000000
  0
ARC
  5
C25
330
A02
100
AcDbEntity
  8
Shape2DView006
100
AcDbCircle
 10
25.675000000
 20
11.100000000
 30
0.000000000
 40
0.186666667
100
AcDbArc
 50
-90.000000000
 51
-0.000000000
  0
LINE
  5
C26
330
A02
100
AcDbEntity
  8
Shape2DView006
100
AcDbLine
 10
89.800000000
 20
33.175000000
 30
0.000000000
 11
89.300000000
 21
33.675000000
 31
0.000000000
  0
LINE
  5
C27
330
A02
100
AcDbEntity
  8
Shape2DView006
100
AcDbLine
 10
25.675000000
 20
10.913333333
 30
0.000000000
 11
25.675000000
 21
8.800000000
 31
0.000000000
  0
LINE
  5
C28
330
A02
100
AcDbEntity
  8
Shape2DView006
100
AcDbLine
 10
89.800000000
 20
33.175000000
 30
0.000000000
 11
89.800000000
 21
24.025000000
 31
0.000000000
  0
LINE
  5
C29
330
A02
100
AcDbEntity
  8
Shape2DView006
100
AcDbLine
 10
25.675000000
 20
8.800000000
 30
0.000000000
 11
26.175000000
 21
8.300000000
 31
0.000000000
  0
LINE
  5
C2A
330
A02
100
AcDbEntity
  8
Shape2DView006
100
AcDbLine
 10
89.300000000
 20
23.525000000
 30
0.000000000
 11
89.800000000
 21
24.025000000
 31
0.000000000
  0
LINE
  5
C2B
330
A02
100
AcDbEntity
  8
Shape2DView006
100
AcDbLine
 10
35.325000000
 20
8.300000000
 30
0.000000000
 11
26.175000000
 21
8.300000000
 31
0.000000000
  0
LINE
  5
C2C
330
A02
100
AcDbEntity
  8
Shape2DView006
100
AcDbLine
 10
87.186666667
 20
23.525000000
 30
0.000000000
 11
89.300000000
 21
23.525000000
 31
0.000000000
  0
LINE
  5
C2D
330
A02
100
AcDbEntity
  8
Shape2DView006
100
AcDbLine
 10
35.325000000
 20
8.300000000
 30
0.000000000
 11
35.825000000
 21
8.800000000
 31
0.000000000
  0
ARC
  5
C2E
330
A02
100
AcDbEntity
  8
Shape2DView006
100
AcDbCircle
 10
87.000000000
 20
23.525000000
 30
0.000000000
 40
0.186666667
100
AcDbArc
 50
0.000000000
 51
90.000000000
  0
LINE
  5
C2F
330
A02
100
AcDbEntity
  8
Shape2DView006
100
AcDbLine
 10
35.825000000
 20
10.913333333
 30
0.000000000
 11
35.825000000
 21
8.800000000
 31
0.000000000
  0
ARC
  5
C30
330
A02
100
AcDbEntity
  8
Shape2DView006
100
AcDbCircle
 10
87.000000000
 20
23.525000000
 30
0.000000000
 40
0.186666667
100
AcDbArc
 50
90.000000000
 51
-90.000000000
  0
ARC
  5
C31
330
A02
100
AcDbEntity
  8
Shape2DView006
100
AcDbCircle
 10
35.825000000
 20
11.100000000
 30
0.000000000
 40
0.186666667
100
AcDbArc
 50
-180.000000000
 51
-90.000000000
  0
LINE
  5
C32
330
A02
100
AcDbEntity
  8
Shape2DView006
100
AcDbLine
 10
87.000000000
 20
11.600000000
 30
0.000000000
 11
87.000000000
 21
23.338333333
 31
0.000000000
  0
ARC
  5
C33
330
A02
100
AcDbEntity
  8
Shape2DView006
100
AcDbCircle
 10
35.825000000
 20
11.100000000
 30
0.000000000
 40
0.186666667
100
AcDbArc
 50
-0.000000000
 51
-180.000000000
  0
LINE
  5
C34
330
A02
100
AcDbEntity
  8
Shape2DView006
100
AcDbLine
 10
86.500000000
 20
11.100000000
 30
0.000000000
 11
87.000000000
 21
11.600000000
 31
0.000000000
  0
LINE
  5
C35
330
A02
100
AcDbEntity
  8
Shape2DView006
100
AcDbLine
 10
36.011666667
 20
11.100000000
 30
0.000000000
 11
62.988333333
 21
11.100000000
 31
0.000000000
  0
LINE
  5
C36
330
A02
100
AcDbEntity
  8
Shape2DView006
100
AcDbLine
 10
73.511666667
 20
11.100000000
 30
0.000000000
 11
86.500000000
 21
11.100000000
 31
0.000000000
  0
ARC
  5
C37
330
A02
100
AcDbEntity
  8
Shape2DView006
100
AcDbCircle
 10
63.175000000
 20
11.100000000
 30
0.000000000
 40
0.186666667
100
AcDbArc
 50
0.000000000
 51
180.000000000
  0
ARC
  5
C38
330
A02
100
AcDbEntity
  8
Shape2DView006
100
AcDbCircle
 10
73.325000000
 20
11.100000000
 30
0.000000000
 40
0.186666667
100
AcDbArc
 50
0.000000000
 51
180.000000000
  0
ARC
  5
C39
330
A02
100
AcDbEntity
  8
Shape2DView006
100
AcDbCircle
 10
63.175000000
 20
11.100000000
 30
0.000000000
 40
0.186666667
100
AcDbArc
 50
-90.000000000
 51
0.000000000
  0
ARC
  5
C3A
330
A02
100
AcDbEntity
  8
Shape2DView006
100
AcDbCircle
 10
73.325000000
 20
11.100000000
 30
0.000000000
 40
0.186666667
100
AcDbArc
 50
180.000000000
 51
-90.000000000
  0
LINE
  5
C3B
330
A02
100
AcDbEntity
  8
Shape2DView006
100
AcDbLine
 10
63.175000000
 20
10.913333333
 30
0.000000000
 11
63.175000000
 21
8.800000000
 31
0.000000000
  0
LINE
  5
C3C
330
A02
100
AcDbEntity
  8
Shape2DView006
100
AcDbLine
 10
73.325000000
 20
10.913333333
 30
0.000000000
 11
73.325000000
 21
8.800000000
 31
0.000000000
  0
LINE
  5
C3D
330
A02
100
AcDbEntity
  8
Shape2DView006
100
AcDbLine
 10
63.175000000
 20
8.800000000
 30
0.000000000
 11
63.675000000
 21
8.300000000
 31
0.000000000
  0
LINE
  5
C3E
330
A02
100
AcDbEntity
  8
Shape2DView006
100
AcDbLine
 10
72.825000000
 20
8.300000000
 30
0.000000000
 11
73.325000000
 21
8.800000000
 31
0.000000000
  0
LINE
  5
C3F
330
A02
100
AcDbEntity
  8
Shape2DView006
100
AcDbLine
 10
72.825000000
 20
8.300000000
 30
0.000000000
 11
63.675000000
 21
8.300000000
 31
0.000000000
  0
LINE
  5
C40
330
A02
100
AcDbEntity
  8
Shape2DView006
100
AcDbLine
 10
17.194492704
 20
80.389688074
 30
0.000000000
 11
15.775556847
 21
79.873237657
 31
0.000000000
  0
LINE
  5
C41
330
A02
100
AcDbEntity
  8
Shape2DView006
100
AcDbLine
 10
17.194492704
 20
80.389688074
 30
0.000000000
 11
21.298734424
 21
69.113376624
 31
0.000000000
  0
LINE
  5
C42
330
A02
100
AcDbEntity
  8
Shape2DView006
100
AcDbLine
 10
21.298734424
 20
69.113376624
 30
0.000000000
 11
19.879798567
 21
68.596926208
 31
0.000000000
  0
LINE
  5
C43
330
A02
100
AcDbEntity
  8
Shape2DView006
100
AcDbLine
 10
15.775556847
 20
79.873237657
 30
0.000000000
 11
19.879798567
 21
68.596926208
 31
0.000000000
  0
LINE
  5
C44
330
A02
100
AcDbEntity
  8
Shape2DView006
100
AcDbLine
 10
28.139137291
 20
50.319524209
 30
0.000000000
 11
26.720201433
 21
49.803073792
 31
0.000000000
  0
LINE
  5
C45
330
A02
100
AcDbEntity
  8
Shape2DView006
100
AcDbLine
 10
28.139137291
 20
50.319524209
 30
0.000000000
 11
32.243379011
 21
39.043212759
 31
0.000000000
  0
LINE
  5
C46
330
A02
100
AcDbEntity
  8
Shape2DView006
100
AcDbLine
 10
32.243379011
 20
39.043212759
 30
0.000000000
 11
30.824443153
 21
38.526762343
 31
0.000000000
  0
LINE
  5
C47
330
A02
100
AcDbEntity
  8
Shape2DView006
100
AcDbLine
 10
26.720201433
 20
49.803073792
 30
0.000000000
 11
30.824443153
 21
38.526762343
 31
0.000000000
  0
LINE
  5
C48
330
A02
100
AcDbEntity
  8
Shape2DView006
100
AcDbLine
 10
67.300000000
 20
41.210000000
 30
0.000000000
 11
67.300000000
 21
39.700000000
 31
0.000000000
  0
LINE
  5
C49
330
A02
100
AcDbEntity
  8
Shape2DView006
100
AcDbLine
 10
67.300000000
 20
41.210000000
 30
0.000000000
 11
79.300000000
 21
41.210000000
 31
0.000000000
  0
LINE
  5
C4A
330
A02
100
AcDbEntity
  8
Shape2DView006
100
AcDbLine
 10
79.300000000
 20
41.210000000
 30
0.000000000
 11
79.300000000
 21
39.700000000
 31
0.000000000
  0
LINE
  5
C4B
330
A02
100
AcDbEntity
  8
Shape2DView006
100
AcDbLine
 10
67.300000000
 20
39.700000000
 30
0.000000000
 11
79.300000000
 21
39.700000000
 31
0.000000000
  0
LINE
  5
C4C
330
A02
100
AcDbEntity
  8
Shape2DView005
100
AcDbLine
 10
163.525000000
 20
107.086666667
 30
0.000000000
 11
163.525000000
 21
109.200000000
 31
0.000000000
  0
LINE
  5
C4D
330
A02
100
AcDbEntity
  8
Shape2DView005
100
AcDbLine
 10
163.525000000
 20
109.200000000
 30
0.000000000
 11
164.025000000
 21
109.700000000
 31
0.000000000
  0
ARC
  5
C4E
330
A02
100
AcDbEntity
  8
Shape2DView005
100
AcDbCircle
 10
163.525000000
 20
106.900000000
 30
0.000000000
 40
0.186666667
100
AcDbArc
 50
180.000000000
 51
0.000000000
  0
ARC
  5
C4F
330
A02
100
AcDbEntity
  8
Shape2DView005
100
AcDbCircle
 10
163.525000000
 20
106.900000000
 30
0.000000000
 40
0.186666667
100
AcDbArc
 50
0.000000000
 51
90.000000000
  0
LINE
  5
C50
330
A02
100
AcDbEntity
  8
Shape2DView005
100
AcDbLine
 10
155.420257460
 20
78.493448726
 30
0.000000000
 11
153.434373721
 21
79.216251295
 31
0.000000000
  0
LINE
  5
C51
330
A02
100
AcDbEntity
  8
Shape2DView005
100
AcDbLine
 10
152.793517339
 20
78.917415056
 30
0.000000000
 11
153.434373721
 21
79.216251295
 31
0.000000000
  0
ARC
  5
C52
330
A02
100
AcDbEntity
  8
Shape2DView005
100
AcDbCircle
 10
155.595666749
 20
78.429604966
 30
0.000000000
 40
0.186666667
100
AcDbArc
 50
160.000000000
 51
-110.000000000
  0
LINE
  5
C53
330
A02
100
AcDbEntity
  8
Shape2DView005
100
AcDbLine
 10
152.793517339
 20
78.917415056
 30
0.000000000
 11
149.664033028
 21
70.319227576
 31
0.000000000
  0
ARC
  5
C54
330
A02
100
AcDbEntity
  8
Shape2DView005
100
AcDbCircle
 10
155.595666749
 20
78.429604966
 30
0.000000000
 40
0.186666667
100
AcDbArc
 50
-110.000000000
 51
70.000000000
  0
LINE
  5
C55
330
A02
100
AcDbEntity
  8
Shape2DView005
100
AcDbLine
 10
149.962869267
 20
69.678371194
 30
0.000000000
 11
149.664033028
 21
70.319227576
 31
0.000000000
  0
LINE
  5
C56
330
A02
100
AcDbEntity
  8
Shape2DView005
100
AcDbLine
 10
155.659510509
 20
78.605014255
 30
0.000000000
 11
163.600000000
 21
100.421329830
 31
0.000000000
  0
LINE
  5
C57
330
A02
100
AcDbEntity
  8
Shape2DView005
100
AcDbLine
 10
151.948753005
 20
68.955568625
 30
0.000000000
 11
149.962869267
 21
69.678371194
 31
0.000000000
  0
LINE
  5
C58
330
A02
100
AcDbEntity
  8
Shape2DView005
100
AcDbLine
 10
163.600000000
 20
100.421329830
 30
0.000000000
 11
148.600000000
 21
105.880883344
 31
0.000000000
  0
ARC
  5
C59
330
A02
100
AcDbEntity
  8
Shape2DView005
100
AcDbCircle
 10
152.124162294
 20
68.891724865
 30
0.000000000
 40
0.186666667
100
AcDbArc
 50
70.000000000
 51
160.000000000
  0
LINE
  5
C5A
330
A02
100
AcDbEntity
  8
Shape2DView005
100
AcDbLine
 10
148.600000000
 20
105.880883344
 30
0.000000000
 11
148.600000000
 21
106.900000000
 31
0.000000000
  0
ARC
  5
C5B
330
A02
100
AcDbEntity
  8
Shape2DView005
100
AcDbCircle
 10
152.124162294
 20
68.891724865
 30
0.000000000
 40
0.186666667
100
AcDbArc
 50
-110.000000000
 51
70.000000000
  0
LINE
  5
C5C
330
A02
100
AcDbEntity
  8
Shape2DView005
100
AcDbLine
 10
148.600000000
 20
106.900000000
 30
0.000000000
 11
163.338333333
 21
106.900000000
 31
0.000000000
  0
LINE
  5
C5D
330
A02
100
AcDbEntity
  8
Shape2DView005
100
AcDbLine
 10
144.119829044
 20
46.900000000
 30
0.000000000
 11
152.060318534
 21
68.716315575
 31
0.000000000
  0
LINE
  5
C5E
330
A02
100
AcDbEntity
  8
Shape2DView005
100
AcDbLine
 10
134.121581188
 20
46.900000000
 30
0.000000000
 11
144.119829044
 21
46.900000000
 31
0.000000000
  0
ARC
  5
C5F
330
A02
100
AcDbEntity
  8
Shape2DView005
100
AcDbCircle
 10
133.934914522
 20
46.900000000
 30
0.000000000
 40
0.186666667
100
AcDbArc
 50
180.000000000
 51
0.000000000
  0
ARC
  5
C60
330
A02
100
AcDbEntity
  8
Shape2DView005
100
AcDbCircle
 10
133.934914522
 20
46.900000000
 30
0.000000000
 40
0.186666667
100
AcDbArc
 50
90.000000000
 51
180.000000000
  0
LINE
  5
C61
330
A02
100
AcDbEntity
  8
Shape2DView005
100
AcDbLine
 10
133.934914522
 20
47.086666667
 30
0.000000000
 11
133.934914522
 21
49.200000000
 31
0.000000000
  0
LINE
  5
C62
330
A02
100
AcDbEntity
  8
Shape2DView005
100
AcDbLine
 10
173.175000000
 20
109.700000000
 30
0.000000000
 11
164.025000000
 21
109.700000000
 31
0.000000000
  0
LINE
  5
C63
330
A02
100
AcDbEntity
  8
Shape2DView005
100
AcDbLine
 10
133.434914522
 20
49.700000000
 30
0.000000000
 11
133.934914522
 21
49.200000000
 31
0.000000000
  0
LINE
  5
C64
330
A02
100
AcDbEntity
  8
Shape2DView005
100
AcDbLine
 10
173.175000000
 20
109.700000000
 30
0.000000000
 11
173.675000000
 21
109.200000000
 31
0.000000000
  0
LINE
  5
C65
330
A02
100
AcDbEntity
  8
Shape2DView005
100
AcDbLine
 10
133.434914522
 20
49.700000000
 30
0.000000000
 11
124.284914522
 21
49.700000000
 31
0.000000000
  0
LINE
  5
C66
330
A02
100
AcDbEntity
  8
Shape2DView005
100
AcDbLine
 10
173.675000000
 20
107.086666667
 30
0.000000000
 11
173.675000000
 21
109.200000000
 31
0.000000000
  0
LINE
  5
C67
330
A02
100
AcDbEntity
  8
Shape2DView005
100
AcDbLine
 10
123.784914522
 20
49.200000000
 30
0.000000000
 11
124.284914522
 21
49.700000000
 31
0.000000000
  0
ARC
  5
C68
330
A02
100
AcDbEntity
  8
Shape2DView005
100
AcDbCircle
 10
173.675000000
 20
106.900000000
 30
0.000000000
 40
0.186666667
100
AcDbArc
 50
90.000000000
 51
180.000000000
  0
LINE
  5
C69
330
A02
100
AcDbEntity
  8
Shape2DView005
100
AcDbLine
 10
123.784914522
 20
47.086666667
 30
0.000000000
 11
123.784914522
 21
49.200000000
 31
0.000000000
  0
ARC
  5
C6A
330
A02
100
AcDbEntity
  8
Shape2DView005
100
AcDbCircle
 10
173.675000000
 20
106.900000000
 30
0.000000000
 40
0.186666667
100
AcDbArc
 50
180.000000000
 51
0.000000000
  0
ARC
  5
C6B
330
A02
100
AcDbEntity
  8
Shape2DView005
100
AcDbCircle
 10
123.784914522
 20
46.900000000
 30
0.000000000
 40
0.186666667
100
AcDbArc
 50
0.000000000
 51
90.000000000
  0
LINE
  5
C6C
330
A02
100
AcDbEntity
  8
Shape2DView005
100
AcDbLine
 10
173.861666667
 20
106.900000000
 30
0.000000000
 11
188.100000000
 21
106.900000000
 31
0.000000000
  0
ARC
  5
C6D
330
A02
100
AcDbEntity
  8
Shape2DView005
100
AcDbCircle
 10
123.784914522
 20
46.900000000
 30
0.000000000
 40
0.186666667
100
AcDbArc
 50
180.000000000
 51
0.000000000
  0
LINE
  5
C6E
330
A02
100
AcDbEntity
  8
Shape2DView005
100
AcDbLine
 10
188.100000000
 20
106.900000000
 30
0.000000000
 11
188.600000000
 21
106.400000000
 31
0.000000000
  0
LINE
  5
C6F
330
A02
100
AcDbEntity
  8
Shape2DView005
100
AcDbLine
 10
114.100000000
 20
46.900000000
 30
0.000000000
 11
123.598247855
 21
46.900000000
 31
0.000000000
  0
LINE
  5
C70
330
A02
100
AcDbEntity
  8
Shape2DView005
100
AcDbLine
 10
188.600000000
 20
106.400000000
 30
0.000000000
 11
188.600000000
 21
88.411666667
 31
0.000000000
  0
LINE
  5
C71
330
A02
100
AcDbEntity
  8
Shape2DView005
100
AcDbLine
 10
113.600000000
 20
46.400000000
 30
0.000000000
 11
114.100000000
 21
46.900000000
 31
0.000000000
  0
ARC
  5
C72
330
A02
100
AcDbEntity
  8
Shape2DView005
100
AcDbCircle
 10
188.600000000
 20
88.225000000
 30
0.000000000
 40
0.186666667
100
AcDbArc
 50
90.000000000
 51
-90.000000000
  0
LINE
  5
C73
330
A02
100
AcDbEntity
  8
Shape2DView005
100
AcDbLine
 10
113.600000000
 20
34.661666667
 30
0.000000000
 11
113.600000000
 21
46.400000000
 31
0.000000000
  0
ARC
  5
C74
330
A02
100
AcDbEntity
  8
Shape2DView005
100
AcDbCircle
 10
188.600000000
 20
88.225000000
 30
0.000000000
 40
0.186666667
100
AcDbArc
 50
-90.000000000
 51
0.000000000
  0
ARC
  5
C75
330
A02
100
AcDbEntity
  8
Shape2DView005
100
AcDbCircle
 10
113.600000000
 20
34.475000000
 30
0.000000000
 40
0.186666667
100
AcDbArc
 50
-90.000000000
 51
90.000000000
  0
LINE
  5
C76
330
A02
100
AcDbEntity
  8
Shape2DView005
100
AcDbLine
 10
188.786666667
 20
88.225000000
 30
0.000000000
 11
190.900000000
 21
88.225000000
 31
0.000000000
  0
ARC
  5
C77
330
A02
100
AcDbEntity
  8
Shape2DView005
100
AcDbCircle
 10
113.600000000
 20
34.475000000
 30
0.000000000
 40
0.186666667
100
AcDbArc
 50
180.000000000
 51
-90.000000000
  0
LINE
  5
C78
330
A02
100
AcDbEntity
  8
Shape2DView005
100
AcDbLine
 10
190.900000000
 20
88.225000000
 30
0.000000000
 11
191.400000000
 21
87.725000000
 31
0.000000000
  0
LINE
  5
C79
330
A02
100
AcDbEntity
  8
Shape2DView005
100
AcDbLine
 10
113.413333333
 20
34.475000000
 30
0.000000000
 11
111.300000000
 21
34.475000000
 31
0.000000000
  0
LINE
  5
C7A
330
A02
100
AcDbEntity
  8
Shape2DView005
100
AcDbLine
 10
191.400000000
 20
78.575000000
 30
0.000000000
 11
191.400000000
 21
87.725000000
 31
0.000000000
  0
LINE
  5
C7B
330
A02
100
AcDbEntity
  8
Shape2DView005
100
AcDbLine
 10
110.800000000
 20
33.975000000
 30
0.000000000
 11
111.300000000
 21
34.475000000
 31
0.000000000
  0
LINE
  5
C7C
330
A02
100
AcDbEntity
  8
Shape2DView005
100
AcDbLine
 10
191.400000000
 20
78.575000000
 30
0.000000000
 11
190.900000000
 21
78.075000000
 31
0.000000000
  0
LINE
  5
C7D
330
A02
100
AcDbEntity
  8
Shape2DView005
100
AcDbLine
 10
110.800000000
 20
33.975000000
 30
0.000000000
 11
110.800000000
 21
24.825000000
 31
0.000000000
  0
LINE
  5
C7E
330
A02
100
AcDbEntity
  8
Shape2DView005
100
AcDbLine
 10
188.786666667
 20
78.075000000
 30
0.000000000
 11
190.900000000
 21
78.075000000
 31
0.000000000
  0
LINE
  5
C7F
330
A02
100
AcDbEntity
  8
Shape2DView005
100
AcDbLine
 10
111.300000000
 20
24.325000000
 30
0.000000000
 11
110.800000000
 21
24.825000000
 31
0.000000000
  0
ARC
  5
C80
330
A02
100
AcDbEntity
  8
Shape2DView005
100
AcDbCircle
 10
188.600000000
 20
78.075000000
 30
0.000000000
 40
0.186666667
100
AcDbArc
 50
0.000000000
 51
90.000000000
  0
LINE
  5
C81
330
A02
100
AcDbEntity
  8
Shape2DView005
100
AcDbLine
 10
113.413333333
 20
24.325000000
 30
0.000000000
 11
111.300000000
 21
24.325000000
 31
0.000000000
  0
ARC
  5
C82
330
A02
100
AcDbEntity
  8
Shape2DView005
100
AcDbCircle
 10
188.600000000
 20
78.075000000
 30
0.000000000
 40
0.186666667
100
AcDbArc
 50
90.000000000
 51
-90.000000000
  0
ARC
  5
C83
330
A02
100
AcDbEntity
  8
Shape2DView005
100
AcDbCircle
 10
113.600000000
 20
24.325000000
 30
0.000000000
 40
0.186666667
100
AcDbArc
 50
90.000000000
 51
180.000000000
  0
LINE
  5
C84
330
A02
100
AcDbEntity
  8
Shape2DView005
100
AcDbLine
 10
188.600000000
 20
77.888333333
 30
0.000000000
 11
188.600000000
 21
40.911666667
 31
0.000000000
  0
ARC
  5
C85
330
A02
100
AcDbEntity
  8
Shape2DView005
100
AcDbCircle
 10
113.600000000
 20
24.325000000
 30
0.000000000
 40
0.186666667
100
AcDbArc
 50
-90.000000000
 51
90.000000000
  0
ARC
  5
C86
330
A02
100
AcDbEntity
  8
Shape2DView005
100
AcDbCircle
 10
188.600000000
 20
40.725000000
 30
0.000000000
 40
0.186666667
100
AcDbArc
 50
90.000000000
 51
-90.000000000
  0
LINE
  5
C87
330
A02
100
AcDbEntity
  8
Shape2DView005
100
AcDbLine
 10
113.600000000
 20
12.400000000
 30
0.000000000
 11
113.600000000
 21
24.138333333
 31
0.000000000
  0
ARC
  5
C88
330
A02
100
AcDbEntity
  8
Shape2DView005
100
AcDbCircle
 10
188.600000000
 20
40.725000000
 30
0.000000000
 40
0.186666667
100
AcDbArc
 50
-90.000000000
 51
0.000000000
  0
LINE
  5
C89
330
A02
100
AcDbEntity
  8
Shape2DView005
100
AcDbLine
 10
114.100000000
 20
11.900000000
 30
0.000000000
 11
113.600000000
 21
12.400000000
 31
0.000000000
  0
LINE
  5
C8A
330
A02
100
AcDbEntity
  8
Shape2DView005
100
AcDbLine
 10
188.786666667
 20
40.725000000
 30
0.000000000
 11
190.900000000
 21
40.725000000
 31
0.000000000
  0
LINE
  5
C8B
330
A02
100
AcDbEntity
  8
Shape2DView005
100
AcDbLine
 10
127.088333333
 20
11.900000000
 30
0.000000000
 11
114.100000000
 21
11.900000000
 31
0.000000000
  0
LINE
  5
C8C
330
A02
100
AcDbEntity
  8
Shape2DView005
100
AcDbLine
 10
190.900000000
 20
40.725000000
 30
0.000000000
 11
191.400000000
 21
40.225000000
 31
0.000000000
  0
ARC
  5
C8D
330
A02
100
AcDbEntity
  8
Shape2DView005
100
AcDbCircle
 10
127.275000000
 20
11.900000000
 30
0.000000000
 40
0.186666667
100
AcDbArc
 50
0.000000000
 51
180.000000000
  0
LINE
  5
C8E
330
A02
100
AcDbEntity
  8
Shape2DView005
100
AcDbLine
 10
191.400000000
 20
31.075000000
 30
0.000000000
 11
191.400000000
 21
40.225000000
 31
0.000000000
  0
ARC
  5
C8F
330
A02
100
AcDbEntity
  8
Shape2DView005
100
AcDbCircle
 10
127.275000000
 20
11.900000000
 30
0.000000000
 40
0.186666667
100
AcDbArc
 50
-90.000000000
 51
0.000000000
  0
LINE
  5
C90
330
A02
100
AcDbEntity
  8
Shape2DView005
100
AcDbLine
 10
191.400000000
 20
31.075000000
 30
0.000000000
 11
190.900000000
 21
30.575000000
 31
0.000000000
  0
LINE
  5
C91
330
A02
100
AcDbEntity
  8
Shape2DView005
100
AcDbLine
 10
127.275000000
 20
11.713333333
 30
0.000000000
 11
127.275000000
 21
9.600000000
 31
0.000000000
  0
LINE
  5
C92
330
A02
100
AcDbEntity
  8
Shape2DView005
100
AcDbLine
 10
188.786666667
 20
30.575000000
 30
0.000000000
 11
190.900000000
 21
30.575000000
 31
0.000000000
  0
LINE
  5
C93
330
A02
100
AcDbEntity
  8
Shape2DView005
100
AcDbLine
 10
127.775000000
 20
9.100000000
 30
0.000000000
 11
127.275000000
 21
9.600000000
 31
0.000000000
  0
ARC
  5
C94
330
A02
100
AcDbEntity
  8
Shape2DView005
100
AcDbCircle
 10
188.600000000
 20
30.575000000
 30
0.000000000
 40
0.186666667
100
AcDbArc
 50
0.000000000
 51
90.000000000
  0
LINE
  5
C95
330
A02
100
AcDbEntity
  8
Shape2DView005
100
AcDbLine
 10
127.775000000
 20
9.100000000
 30
0.000000000
 11
136.925000000
 21
9.100000000
 31
0.000000000
  0
ARC
  5
C96
330
A02
100
AcDbEntity
  8
Shape2DView005
100
AcDbCircle
 10
188.600000000
 20
30.575000000
 30
0.000000000
 40
0.186666667
100
AcDbArc
 50
90.000000000
 51
-90.000000000
  0
LINE
  5
C97
330
A02
100
AcDbEntity
  8
Shape2DView005
100
AcDbLine
 10
137.425000000
 20
9.600000000
 30
0.000000000
 11
136.925000000
 21
9.100000000
 31
0.000000000
  0
LINE
  5
C98
330
A02
100
AcDbEntity
  8
Shape2DView005
100
AcDbLine
 10
188.600000000
 20
30.388333333
 30
0.000000000
 11
188.600000000
 21
12.400000000
 31
0.000000000
  0
LINE
  5
C99
330
A02
100
AcDbEntity
  8
Shape2DView005
100
AcDbLine
 10
137.425000000
 20
11.713333333
 30
0.000000000
 11
137.425000000
 21
9.600000000
 31
0.000000000
  0
LINE
  5
C9A
330
A02
100
AcDbEntity
  8
Shape2DView005
100
AcDbLine
 10
188.600000000
 20
12.400000000
 30
0.000000000
 11
188.100000000
 21
11.900000000
 31
0.000000000
  0
ARC
  5
C9B
330
A02
100
AcDbEntity
  8
Shape2DView005
100
AcDbCircle
 10
137.425000000
 20
11.900000000
 30
0.000000000
 40
0.186666667
100
AcDbArc
 50
180.000000000
 51
-90.000000000
  0
LINE
  5
C9C
330
A02
100
AcDbEntity
  8
Shape2DView005
100
AcDbLine
 10
188.100000000
 20
11.900000000
 30
0.000000000
 11
175.111666667
 21
11.900000000
 31
0.000000000
  0
ARC
  5
C9D
330
A02
100
AcDbEntity
  8
Shape2DView005
100
AcDbCircle
 10
137.425000000
 20
11.900000000
 30
0.000000000
 40
0.186666667
100
AcDbArc
 50
0.000000000
 51
180.000000000
  0
ARC
  5
C9E
330
A02
100
AcDbEntity
  8
Shape2DView005
100
AcDbCircle
 10
174.925000000
 20
11.900000000
 30
0.000000000
 40
0.186666667
100
AcDbArc
 50
-0.000000000
 51
-180.000000000
  0
LINE
  5
C9F
330
A02
100
AcDbEntity
  8
Shape2DView005
100
AcDbLine
 10
164.588333333
 20
11.900000000
 30
0.000000000
 11
137.611666667
 21
11.900000000
 31
0.000000000
  0
ARC
  5
CA0
330
A02
100
AcDbEntity
  8
Shape2DView005
100
AcDbCircle
 10
174.925000000
 20
11.900000000
 30
0.000000000
 40
0.186666667
100
AcDbArc
 50
-180.000000000
 51
-90.000000000
  0
ARC
  5
CA1
330
A02
100
AcDbEntity
  8
Shape2DView005
100
AcDbCircle
 10
164.775000000
 20
11.900000000
 30
0.000000000
 40
0.186666667
100
AcDbArc
 50
-0.000000000
 51
-180.000000000
  0
LINE
  5
CA2
330
A02
100
AcDbEntity
  8
Shape2DView005
100
AcDbLine
 10
174.925000000
 20
11.713333333
 30
0.000000000
 11
174.925000000
 21
9.600000000
 31
0.000000000
  0
ARC
  5
CA3
330
A02
100
AcDbEntity
  8
Shape2DView005
100
AcDbCircle
 10
164.775000000
 20
11.900000000
 30
0.000000000
 40
0.186666667
100
AcDbArc
 50
-90.000000000
 51
-0.000000000
  0
LINE
  5
CA4
330
A02
100
AcDbEntity
  8
Shape2DView005
100
AcDbLine
 10
174.925000000
 20
9.600000000
 30
0.000000000
 11
174.425000000
 21
9.100000000
 31
0.000000000
  0
LINE
  5
CA5
330
A02
100
AcDbEntity
  8
Shape2DView005
100
AcDbLine
 10
164.775000000
 20
11.713333333
 30
0.000000000
 11
164.775000000
 21
9.600000000
 31
0.000000000
  0
LINE
  5
CA6
330
A02
100
AcDbEntity
  8
Shape2DView005
100
AcDbLine
 10
165.275000000
 20
9.100000000
 30
0.000000000
 11
174.425000000
 21
9.100000000
 31
0.000000000
  0
LINE
  5
CA7
330
A02
100
AcDbEntity
  8
Shape2DView005
100
AcDbLine
 10
165.275000000
 20
9.100000000
 30
0.000000000
 11
164.775000000
 21
9.600000000
 31
0.000000000
  0
LINE
  5
CA8
330
A02
100
AcDbEntity
  8
Shape2DView005
100
AcDbLine
 10
159.581799746
 20
62.547621783
 30
0.000000000
 11
161.931031298
 21
61.692571425
 31
0.000000000
  0
ARC
  5
CA9
330
A02
100
AcDbEntity
  8
Shape2DView005
100
AcDbCircle
 10
160.391940653
 20
57.463954632
 30
0.000000000
 40
4.500000000
100
AcDbArc
 50
-20.000000000
 51
70.000000000
  0
LINE
  5
CAA
330
A02
100
AcDbEntity
  8
Shape2DView005
100
AcDbLine
 10
164.620557446
 20
55.924863987
 30
0.000000000
 11
162.397426515
 21
49.816861951
 31
0.000000000
  0
ARC
  5
CAB
330
A02
100
AcDbEntity
  8
Shape2DView005
100
AcDbCircle
 10
158.168809721
 20
51.355952596
 30
0.000000000
 40
4.500000000
100
AcDbArc
 50
-110.000000000
 51
-20.000000000
  0
LINE
  5
CAC
330
A02
100
AcDbEntity
  8
Shape2DView005
100
AcDbLine
 10
156.629719076
 20
47.127335803
 30
0.000000000
 11
154.280487524
 21
47.982386161
 31
0.000000000
  0
ARC
  5
CAD
330
A02
100
AcDbEntity
  8
Shape2DView005
100
AcDbCircle
 10
155.819578169
 20
52.211002955
 30
0.000000000
 40
4.500000000
100
AcDbArc
 50
160.000000000
 51
-110.000000000
  0
LINE
  5
CAE
330
A02
100
AcDbEntity
  8
Shape2DView005
100
AcDbLine
 10
151.590961376
 20
53.750093600
 30
0.000000000
 11
153.814092307
 21
59.858095635
 31
0.000000000
  0
ARC
  5
CAF
330
A02
100
AcDbEntity
  8
Shape2DView005
100
AcDbCircle
 10
158.042709101
 20
58.319004990
 30
0.000000000
 40
4.500000000
100
AcDbArc
 50
70.000000000
 51
160.000000000
  0
LINE
  5
CB0
330
A02
100
AcDbEntity
  8
Shape2DView005
100
AcDbLine
 10
183.405507296
 20
81.189688074
 30
0.000000000
 11
184.824443153
 21
80.673237657
 31
0.000000000
  0
LINE
  5
CB1
330
A02
100
AcDbEntity
  8
Shape2DView005
100
AcDbLine
 10
184.824443153
 20
80.673237657
 30
0.000000000
 11
180.720201433
 21
69.396926208
 31
0.000000000
  0
LINE
  5
CB2
330
A02
100
AcDbEntity
  8
Shape2DView005
100
AcDbLine
 10
179.301265576
 20
69.913376624
 30
0.000000000
 11
180.720201433
 21
69.396926208
 31
0.000000000
  0
LINE
  5
CB3
330
A02
100
AcDbEntity
  8
Shape2DView005
100
AcDbLine
 10
183.405507296
 20
81.189688074
 30
0.000000000
 11
179.301265576
 21
69.913376624
 31
0.000000000
  0
LINE
  5
CB4
330
A02
100
AcDbEntity
  8
Shape2DView005
100
AcDbLine
 10
172.460862709
 20
51.119524209
 30
0.000000000
 11
173.879798567
 21
50.603073792
 31
0.000000000
  0
LINE
  5
CB5
330
A02
100
AcDbEntity
  8
Shape2DView005
100
AcDbLine
 10
173.879798567
 20
50.603073792
 30
0.000000000
 11
169.775556847
 21
39.326762343
 31
0.000000000
  0
LINE
  5
CB6
330
A02
100
AcDbEntity
  8
Shape2DView005
100
AcDbLine
 10
168.356620989
 20
39.843212759
 30
0.000000000
 11
169.775556847
 21
39.326762343
 31
0.000000000
  0
LINE
  5
CB7
330
A02
100
AcDbEntity
  8
Shape2DView005
100
AcDbLine
 10
172.460862709
 20
51.119524209
 30
0.000000000
 11
168.356620989
 21
39.843212759
 31
0.000000000
  0
LINE
  5
CB8
330
A02
100
AcDbEntity
  8
Shape2DView005
100
AcDbLine
 10
121.300000000
 20
42.010000000
 30
0.000000000
 11
121.300000000
 21
40.500000000
 31
0.000000000
  0
LINE
  5
CB9
330
A02
100
AcDbEntity
  8
Shape2DView005
100
AcDbLine
 10
121.300000000
 20
42.010000000
 30
0.000000000
 11
133.300000000
 21
42.010000000
 31
0.000000000
  0
LINE
  5
CBA
330
A02
100
AcDbEntity
  8
Shape2DView005
100
AcDbLine
 10
133.300000000
 20
42.010000000
 30
0.000000000
 11
133.300000000
 21
40.500000000
 31
0.000000000
  0
LINE
  5
CBB
330
A02
100
AcDbEntity
  8
Shape2DView005
100
AcDbLine
 10
121.300000000
 20
40.500000000
 30
0.000000000
 11
133.300000000
 21
40.500000000
 31
0.000000000
  0
ARC
  5
CBC
330
A02
100
AcDbEntity
  8
Shape2DView005
100
AcDbCircle
 10
169.101727813
 20
53.246700430
 30
0.000000000
 40
2.500000000
100
AcDbArc
 50
-20.000000000
 51
160.000000000
  0
LINE
  5
CBD
330
A02
100
AcDbEntity
  8
Shape2DView005
100
AcDbLine
 10
171.450959365
 20
52.391650072
 30
0.000000000
 11
170.048676777
 21
48.538910327
 31
0.000000000
  0
ARC
  5
CBE
330
A02
100
AcDbEntity
  8
Shape2DView005
100
AcDbCircle
 10
167.699445225
 20
49.393960685
 30
0.000000000
 40
2.500000000
100
AcDbArc
 50
160.000000000
 51
-20.000000000
  0
LINE
  5
CBF
330
A02
100
AcDbEntity
  8
Shape2DView005
100
AcDbLine
 10
166.752496261
 20
54.101750789
 30
0.000000000
 11
165.350213673
 21
50.249011043
 31
0.000000000
  0
LINE
  5
CC0
330
A02
100
AcDbEntity
  8
Shape2DView004
100
AcDbLine
 10
57.200000000
 20
113.700000000
 30
0.000000000
 11
7.000000000
 21
113.700000000
 31
0.000000000
  0
ARC
  5
CC1
330
A02
100
AcDbEntity
  8
Shape2DView004
100
AcDbCircle
 10
57.200000000
 20
111.200000000
 30
0.000000000
 40
2.500000000
100
AcDbArc
 50
0.000000000
 51
90.000000000
  0
ARC
  5
CC2
330
A02
100
AcDbEntity
  8
Shape2DView004
100
AcDbCircle
 10
7.000000000
 20
111.200000000
 30
0.000000000
 40
2.500000000
100
AcDbArc
 50
90.000000000
 51
180.000000000
  0
LINE
  5
CC3
330
A02
100
AcDbEntity
  8
Shape2DView004
100
AcDbLine
 10
59.700000000
 20
101.830713762
 30
0.000000000
 11
59.700000000
 21
111.200000000
 31
0.000000000
  0
LINE
  5
CC4
330
A02
100
AcDbEntity
  8
Shape2DView004
100
AcDbLine
 10
4.500000000
 20
111.200000000
 30
0.000000000
 11
4.500000000
 21
6.000000000
 31
0.000000000
  0
ARC
  5
CC5
330
A02
100
AcDbEntity
  8
Shape2DView004
100
AcDbCircle
 10
57.200000000
 20
101.830713762
 30
0.000000000
 40
2.500000000
100
AcDbArc
 50
-70.000000000
 51
0.000000000
  0
ARC
  5
CC6
330
A02
100
AcDbEntity
  8
Shape2DView004
100
AcDbCircle
 10
7.000000000
 20
6.000000000
 30
0.000000000
 40
2.500000000
100
AcDbArc
 50
-180.000000000
 51
-90.000000000
  0
LINE
  5
CC7
330
A02
100
AcDbEntity
  8
Shape2DView004
100
AcDbLine
 10
49.087116867
 20
96.217421356
 30
0.000000000
 11
58.055050358
 21
99.481482210
 31
0.000000000
  0
LINE
  5
CC8
330
A02
100
AcDbEntity
  8
Shape2DView004
100
AcDbLine
 10
7.000000000
 20
3.500000000
 30
0.000000000
 11
92.200000000
 21
3.500000000
 31
0.000000000
  0
ARC
  5
CC9
330
A02
100
AcDbEntity
  8
Shape2DView004
100
AcDbCircle
 10
49.942167225
 20
93.868189804
 30
0.000000000
 40
2.500000000
100
AcDbArc
 50
110.000000000
 51
-160.000000000
  0
ARC
  5
CCA
330
A02
100
AcDbEntity
  8
Shape2DView004
100
AcDbCircle
 10
92.200000000
 20
6.000000000
 30
0.000000000
 40
2.500000000
100
AcDbArc
 50
-90.000000000
 51
0.000000000
  0
LINE
  5
CCB
330
A02
100
AcDbEntity
  8
Shape2DView004
100
AcDbLine
 10
61.303035540
 20
55.344949642
 30
0.000000000
 11
47.592935673
 21
93.013139446
 31
0.000000000
  0
LINE
  5
CCC
330
A02
100
AcDbEntity
  8
Shape2DView004
100
AcDbLine
 10
94.700000000
 20
6.000000000
 30
0.000000000
 11
94.700000000
 21
51.200000000
 31
0.000000000
  0
ARC
  5
CCD
330
A02
100
AcDbEntity
  8
Shape2DView004
100
AcDbCircle
 10
63.652267092
 20
56.200000000
 30
0.000000000
 40
2.500000000
100
AcDbArc
 50
-160.000000000
 51
-90.000000000
  0
ARC
  5
CCE
330
A02
100
AcDbEntity
  8
Shape2DView004
100
AcDbCircle
 10
92.200000000
 20
51.200000000
 30
0.000000000
 40
2.500000000
100
AcDbArc
 50
0.000000000
 51
90.000000000
  0
LINE
  5
CCF
330
A02
100
AcDbEntity
  8
Shape2DView004
100
AcDbLine
 10
92.200000000
 20
53.700000000
 30
0.000000000
 11
63.652267092
 21
53.700000000
 31
0.000000000
  0
ARC
  5
CD0
330
A02
100
AcDbEntity
  8
Shape2DView004
100
AcDbCircle
 10
54.266987298
 20
108.950000000
 30
0.000000000
 40
0.250000000
100
AcDbArc
 50
-90.000000000
 51
-30.000000000
  0
ARC
  5
CD1
330
A02
100
AcDbEntity
  8
Shape2DView004
100
AcDbCircle
 10
54.700000000
 20
108.700000000
 30
0.000000000
 40
0.250000000
100
AcDbArc
 50
-60.000000000
 51
150.000000000
  0
ARC
  5
CD2
330
A02
100
AcDbEntity
  8
Shape2DView004
100
AcDbCircle
 10
54.950000000
 20
108.266987298
 30
0.000000000
 40
0.250000000
100
AcDbArc
 50
120.000000000
 51
180.000000000
  0
LINE
  5
CD3
330
A02
100
AcDbEntity
  8
Shape2DView004
100
AcDbLine
 10
54.700000000
 20
103.693356447
 30
0.000000000
 11
54.700000000
 21
108.266987298
 31
0.000000000
  0
ARC
  5
CD4
330
A02
100
AcDbEntity
  8
Shape2DView004
100
AcDbCircle
 10
54.950000000
 20
103.693356447
 30
0.000000000
 40
0.250000000
100
AcDbArc
 50
180.000000000
 51
-120.000000000
  0
ARC
  5
CD5
330
A02
100
AcDbEntity
  8
Shape2DView004
100
AcDbCircle
 10
54.700000000
 20
103.260343745
 30
0.000000000
 40
0.250000000
100
AcDbArc
 50
-130.000000000
 51
60.000000000
  0
ARC
  5
CD6
330
A02
100
AcDbEntity
  8
Shape2DView004
100
AcDbCircle
 10
54.378606195
 20
102.877321523
 30
0.000000000
 40
0.250000000
100
AcDbArc
 50
50.000000000
 51
110.000000000
  0
LINE
  5
CD7
330
A02
100
AcDbEntity
  8
Shape2DView004
100
AcDbLine
 10
41.372145807
 20
98.409401532
 30
0.000000000
 11
54.293101159
 21
103.112244678
 31
0.000000000
  0
ARC
  5
CD8
330
A02
100
AcDbEntity
  8
Shape2DView004
100
AcDbCircle
 10
41.714165951
 20
97.469708911
 30
0.000000000
 40
1.000000000
100
AcDbArc
 50
110.000000000
 51
-160.000000000
  0
LINE
  5
CD9
330
A02
100
AcDbEntity
  8
Shape2DView004
100
AcDbLine
 10
58.161225473
 20
49.357979857
 30
0.000000000
 11
40.774473330
 21
97.127688768
 31
0.000000000
  0
ARC
  5
CDA
330
A02
100
AcDbEntity
  8
Shape2DView004
100
AcDbCircle
 10
59.100918094
 20
49.700000000
 30
0.000000000
 40
1.000000000
100
AcDbArc
 50
-160.000000000
 51
-90.000000000
  0
LINE
  5
CDB
330
A02
100
AcDbEntity
  8
Shape2DView004
100
AcDbLine
 10
89.266987298
 20
48.700000000
 30
0.000000000
 11
59.100918094
 21
48.700000000
 31
0.000000000
  0
ARC
  5
CDC
330
A02
100
AcDbEntity
  8
Shape2DView004
100
AcDbCircle
 10
89.266987298
 20
48.950000000
 30
0.000000000
 40
0.250000000
100
AcDbArc
 50
-90.000000000
 51
-30.000000000
  0
ARC
  5
CDD
330
A02
100
AcDbEntity
  8
Shape2DView004
100
AcDbCircle
 10
89.700000000
 20
48.700000000
 30
0.000000000
 40
0.250000000
100
AcDbArc
 50
-60.000000000
 51
150.000000000
  0
ARC
  5
CDE
330
A02
100
AcDbEntity
  8
Shape2DView004
100
AcDbCircle
 10
89.950000000
 20
48.266987298
 30
0.000000000
 40
0.250000000
100
AcDbArc
 50
120.000000000
 51
180.000000000
  0
LINE
  5
CDF
330
A02
100
AcDbEntity
  8
Shape2DView004
100
AcDbLine
 10
89.700000000
 20
8.933012702
 30
0.000000000
 11
89.700000000
 21
48.266987298
 31
0.000000000
  0
ARC
  5
CE0
330
A02
100
AcDbEntity
  8
Shape2DView004
100
AcDbCircle
 10
89.950000000
 20
8.933012702
 30
0.000000000
 40
0.250000000
100
AcDbArc
 50
180.000000000
 51
-120.000000000
  0
ARC
  5
CE1
330
A02
100
AcDbEntity
  8
Shape2DView004
100
AcDbCircle
 10
89.700000000
 20
8.500000000
 30
0.000000000
 40
0.250000000
100
AcDbArc
 50
-150.000000000
 51
60.000000000
  0
ARC
  5
CE2
330
A02
100
AcDbEntity
  8
Shape2DView004
100
AcDbCircle
 10
89.266987298
 20
8.250000000
 30
0.000000000
 40
0.250000000
100
AcDbArc
 50
30.000000000
 51
90.000000000
  0
LINE
  5
CE3
330
A02
100
AcDbEntity
  8
Shape2DView004
100
AcDbLine
 10
9.933012702
 20
8.500000000
 30
0.000000000
 11
89.266987298
 21
8.500000000
 31
0.000000000
  0
ARC
  5
CE4
330
A02
100
AcDbEntity
  8
Shape2DView004
100
AcDbCircle
 10
9.933012702
 20
8.250000000
 30
0.000000000
 40
0.250000000
100
AcDbArc
 50
90.000000000
 51
150.000000000
  0
ARC
  5
CE5
330
A02
100
AcDbEntity
  8
Shape2DView004
100
AcDbCircle
 10
9.500000000
 20
8.500000000
 30
0.000000000
 40
0.250000000
100
AcDbArc
 50
120.000000000
 51
-30.000000000
  0
ARC
  5
CE6
330
A02
100
AcDbEntity
  8
Shape2DView004
100
AcDbCircle
 10
9.250000000
 20
8.933012702
 30
0.000000000
 40
0.250000000
100
AcDbArc
 50
-60.000000000
 51
0.000000000
  0
LINE
  5
CE7
330
A02
100
AcDbEntity
  8
Shape2DView004
100
AcDbLine
 10
9.500000000
 20
108.266987298
 30
0.000000000
 11
9.500000000
 21
8.933012702
 31
0.000000000
  0
ARC
  5
CE8
330
A02
100
AcDbEntity
  8
Shape2DView004
100
AcDbCircle
 10
9.250000000
 20
108.266987298
 30
0.000000000
 40
0.250000000
100
AcDbArc
 50
0.000000000
 51
60.000000000
  0
ARC
  5
CE9
330
A02
100
AcDbEntity
  8
Shape2DView004
100
AcDbCircle
 10
9.500000000
 20
108.700000000
 30
0.000000000
 40
0.250000000
100
AcDbArc
 50
30.000000000
 51
-120.000000000
  0
ARC
  5
CEA
330
A02
100
AcDbEntity
  8
Shape2DView004
100
AcDbCircle
 10
9.933012702
 20
108.950000000
 30
0.000000000
 40
0.250000000
100
AcDbArc
 50
-150.000000000
 51
-90.000000000
  0
LINE
  5
CEB
330
A02
100
AcDbEntity
  8
Shape2DView004
100
AcDbLine
 10
54.266987298
 20
108.700000000
 30
0.000000000
 11
9.933012702
 21
108.700000000
 31
0.000000000
  0
LINE
  5
CEC
330
A02
100
AcDbEntity
  8
Shape2DView003
100
AcDbLine
 10
143.500000000
 20
114.500000000
 30
0.000000000
 11
193.700000000
 21
114.500000000
 31
0.000000000
  0
ARC
  5
CED
330
A02
100
AcDbEntity
  8
Shape2DView003
100
AcDbCircle
 10
143.500000000
 20
112.000000000
 30
0.000000000
 40
2.500000000
100
AcDbArc
 50
90.000000000
 51
180.000000000
  0
ARC
  5
CEE
330
A02
100
AcDbEntity
  8
Shape2DView003
100
AcDbCircle
 10
193.700000000
 20
112.000000000
 30
0.000000000
 40
2.500000000
100
AcDbArc
 50
0.000000000
 51
90.000000000
  0
LINE
  5
CEF
330
A02
100
AcDbEntity
  8
Shape2DView003
100
AcDbLine
 10
141.000000000
 20
102.630713762
 30
0.000000000
 11
141.000000000
 21
112.000000000
 31
0.000000000
  0
LINE
  5
CF0
330
A02
100
AcDbEntity
  8
Shape2DView003
100
AcDbLine
 10
196.200000000
 20
112.000000000
 30
0.000000000
 11
196.200000000
 21
6.800000000
 31
0.000000000
  0
ARC
  5
CF1
330
A02
100
AcDbEntity
  8
Shape2DView003
100
AcDbCircle
 10
143.500000000
 20
102.630713762
 30
0.000000000
 40
2.500000000
100
AcDbArc
 50
180.000000000
 51
-110.000000000
  0
ARC
  5
CF2
330
A02
100
AcDbEntity
  8
Shape2DView003
100
AcDbCircle
 10
193.700000000
 20
6.800000000
 30
0.000000000
 40
2.500000000
100
AcDbArc
 50
-90.000000000
 51
0.000000000
  0
LINE
  5
CF3
330
A02
100
AcDbEntity
  8
Shape2DView003
100
AcDbLine
 10
151.612883133
 20
97.017421356
 30
0.000000000
 11
142.644949642
 21
100.281482210
 31
0.000000000
  0
LINE
  5
CF4
330
A02
100
AcDbEntity
  8
Shape2DView003
100
AcDbLine
 10
193.700000000
 20
4.300000000
 30
0.000000000
 11
108.500000000
 21
4.300000000
 31
0.000000000
  0
ARC
  5
CF5
330
A02
100
AcDbEntity
  8
Shape2DView003
100
AcDbCircle
 10
150.757832775
 20
94.668189804
 30
0.000000000
 40
2.500000000
100
AcDbArc
 50
-20.000000000
 51
70.000000000
  0
ARC
  5
CF6
330
A02
100
AcDbEntity
  8
Shape2DView003
100
AcDbCircle
 10
108.500000000
 20
6.800000000
 30
0.000000000
 40
2.500000000
100
AcDbArc
 50
-180.000000000
 51
-90.000000000
  0
LINE
  5
CF7
330
A02
100
AcDbEntity
  8
Shape2DView003
100
AcDbLine
 10
139.396964460
 20
56.144949642
 30
0.000000000
 11
153.107064327
 21
93.813139446
 31
0.000000000
  0
LINE
  5
CF8
330
A02
100
AcDbEntity
  8
Shape2DView003
100
AcDbLine
 10
106.000000000
 20
6.800000000
 30
0.000000000
 11
106.000000000
 21
52.000000000
 31
0.000000000
  0
ARC
  5
CF9
330
A02
100
AcDbEntity
  8
Shape2DView003
100
AcDbCircle
 10
137.047732908
 20
57.000000000
 30
0.000000000
 40
2.500000000
100
AcDbArc
 50
-90.000000000
 51
-20.000000000
  0
ARC
  5
CFA
330
A02
100
AcDbEntity
  8
Shape2DView003
100
AcDbCircle
 10
108.500000000
 20
52.000000000
 30
0.000000000
 40
2.500000000
100
AcDbArc
 50
90.000000000
 51
180.000000000
  0
LINE
  5
CFB
330
A02
100
AcDbEntity
  8
Shape2DView003
100
AcDbLine
 10
108.500000000
 20
54.500000000
 30
0.000000000
 11
137.047732908
 21
54.500000000
 31
0.000000000
  0
ARC
  5
CFC
330
A02
100
AcDbEntity
  8
Shape2DView003
100
AcDbCircle
 10
146.433012702
 20
109.750000000
 30
0.000000000
 40
0.250000000
100
AcDbArc
 50
-150.000000000
 51
-90.000000000
  0
ARC
  5
CFD
330
A02
100
AcDbEntity
  8
Shape2DView003
100
AcDbCircle
 10
146.000000000
 20
109.500000000
 30
0.000000000
 40
0.250000000
100
AcDbArc
 50
30.000000000
 51
-120.000000000
  0
ARC
  5
CFE
330
A02
100
AcDbEntity
  8
Shape2DView003
100
AcDbCircle
 10
145.750000000
 20
109.066987298
 30
0.000000000
 40
0.250000000
100
AcDbArc
 50
0.000000000
 51
60.000000000
  0
LINE
  5
CFF
330
A02
100
AcDbEntity
  8
Shape2DView003
100
AcDbLine
 10
146.000000000
 20
104.493356447
 30
0.000000000
 11
146.000000000
 21
109.066987298
 31
0.000000000
  0
ARC
  5
D00
330
A02
100
AcDbEntity
  8
Shape2DView003
100
AcDbCircle
 10
145.750000000
 20
104.493356447
 30
0.000000000
 40
0.250000000
100
AcDbArc
 50
-60.000000000
 51
0.000000000
  0
ARC
  5
D01
330
A02
100
AcDbEntity
  8
Shape2DView003
100
AcDbCircle
 10
146.000000000
 20
104.060343745
 30
0.000000000
 40
0.250000000
100
AcDbArc
 50
120.000000000
 51
-50.000000000
  0
ARC
  5
D02
330
A02
100
AcDbEntity
  8
Shape2DView003
100
AcDbCircle
 10
146.321393805
 20
103.677321523
 30
0.000000000
 40
0.250000000
100
AcDbArc
 50
70.000000000
 51
130.000000000
  0
LINE
  5
D03
330
A02
100
AcDbEntity
  8
Shape2DView003
100
AcDbLine
 10
159.327854193
 20
99.209401532
 30
0.000000000
 11
146.406898841
 21
103.912244678
 31
0.000000000
  0
ARC
  5
D04
330
A02
100
AcDbEntity
  8
Shape2DView003
100
AcDbCircle
 10
158.985834049
 20
98.269708911
 30
0.000000000
 40
1.000000000
100
AcDbArc
 50
-20.000000000
 51
70.000000000
  0
LINE
  5
D05
330
A02
100
AcDbEntity
  8
Shape2DView003
100
AcDbLine
 10
142.538774527
 20
50.157979857
 30
0.000000000
 11
159.925526670
 21
97.927688768
 31
0.000000000
  0
ARC
  5
D06
330
A02
100
AcDbEntity
  8
Shape2DView003
100
AcDbCircle
 10
141.599081906
 20
50.500000000
 30
0.000000000
 40
1.000000000
100
AcDbArc
 50
-90.000000000
 51
-20.000000000
  0
LINE
  5
D07
330
A02
100
AcDbEntity
  8
Shape2DView003
100
AcDbLine
 10
111.433012702
 20
49.500000000
 30
0.000000000
 11
141.599081906
 21
49.500000000
 31
0.000000000
  0
ARC
  5
D08
330
A02
100
AcDbEntity
  8
Shape2DView003
100
AcDbCircle
 10
111.433012702
 20
49.750000000
 30
0.000000000
 40
0.250000000
100
AcDbArc
 50
-150.000000000
 51
-90.000000000
  0
ARC
  5
D09
330
A02
100
AcDbEntity
  8
Shape2DView003
100
AcDbCircle
 10
111.000000000
 20
49.500000000
 30
0.000000000
 40
0.250000000
100
AcDbArc
 50
30.000000000
 51
-120.000000000
  0
ARC
  5
D0A
330
A02
100
AcDbEntity
  8
Shape2DView003
100
AcDbCircle
 10
110.750000000
 20
49.066987298
 30
0.000000000
 40
0.250000000
100
AcDbArc
 50
0.000000000
 51
60.000000000
  0
LINE
  5
D0B
330
A02
100
AcDbEntity
  8
Shape2DView003
100
AcDbLine
 10
111.000000000
 20
9.733012702
 30
0.000000000
 11
111.000000000
 21
49.066987298
 31
0.000000000
  0
ARC
  5
D0C
330
A02
100
AcDbEntity
  8
Shape2DView003
100
AcDbCircle
 10
110.750000000
 20
9.733012702
 30
0.000000000
 40
0.250000000
100
AcDbArc
 50
-60.000000000
 51
-0.000000000
  0
ARC
  5
D0D
330
A02
100
AcDbEntity
  8
Shape2DView003
100
AcDbCircle
 10
111.000000000
 20
9.300000000
 30
0.000000000
 40
0.250000000
100
AcDbArc
 50
120.000000000
 51
-30.000000000
  0
ARC
  5
D0E
330
A02
100
AcDbEntity
  8
Shape2DView003
100
AcDbCircle
 10
111.433012702
 20
9.050000000
 30
0.000000000
 40
0.250000000
100
AcDbArc
 50
90.000000000
 51
150.000000000
  0
LINE
  5
D0F
330
A02
100
AcDbEntity
  8
Shape2DView003
100
AcDbLine
 10
190.766987298
 20
9.300000000
 30
0.000000000
 11
111.433012702
 21
9.300000000
 31
0.000000000
  0
ARC
  5
D10
330
A02
100
AcDbEntity
  8
Shape2DView003
100
AcDbCircle
 10
190.766987298
 20
9.050000000
 30
0.000000000
 40
0.250000000
100
AcDbArc
 50
30.000000000
 51
90.000000000
  0
ARC
  5
D11
330
A02
100
AcDbEntity
  8
Shape2DView003
100
AcDbCircle
 10
191.200000000
 20
9.300000000
 30
0.000000000
 40
0.250000000
100
AcDbArc
 50
-150.000000000
 51
60.000000000
  0
ARC
  5
D12
330
A02
100
AcDbEntity
  8
Shape2DView003
100
AcDbCircle
 10
191.450000000
 20
9.733012702
 30
0.000000000
 40
0.250000000
100
AcDbArc
 50
180.000000000
 51
-120.000000000
  0
LINE
  5
D13
330
A02
100
AcDbEntity
  8
Shape2DView003
100
AcDbLine
 10
191.200000000
 20
109.066987298
 30
0.000000000
 11
191.200000000
 21
9.733012702
 31
0.000000000
  0
ARC
  5
D14
330
A02
100
AcDbEntity
  8
Shape2DView003
100
AcDbCircle
 10
191.450000000
 20
109.066987298
 30
0.000000000
 40
0.250000000
100
AcDbArc
 50
120.000000000
 51
180.000000000
  0
ARC
  5
D15
330
A02
100
AcDbEntity
  8
Shape2DView003
100
AcDbCircle
 10
191.200000000
 20
109.500000000
 30
0.000000000
 40
0.250000000
100
AcDbArc
 50
-60.000000000
 51
150.000000000
  0
ARC
  5
D16
330
A02
100
AcDbEntity
  8
Shape2DView003
100
AcDbCircle
 10
190.766987298
 20
109.750000000
 30
0.000000000
 40
0.250000000
100
AcDbArc
 50
-90.000000000
 51
-30.000000000
  0
LINE
  5
D17
330
A02
100
AcDbEntity
  8
Shape2DView003
100
AcDbLine
 10
146.433012702
 20
109.500000000
 30
0.000000000
 11
190.766987298
 21
109.500000000
 31
0.000000000
  0
LINE
  5
D18
330
A02
100
AcDbEntity
  8
Sketch001
100
AcDbLine
 10
12.000000000
 20
231.792523672
 30
0.000000000
 11
12.000000000
 21
254.295628452
 31
0.000000000
  0
LINE
  5
D19
330
A02
100
AcDbEntity
  8
Sketch001
100
AcDbLine
 10
12.500000000
 20
254.795628452
 30
0.000000000
 11
12.000000000
 21
254.295628452
 31
0.000000000
  0
LINE
  5
D1A
330
A02
100
AcDbEntity
  8
Sketch001
100
AcDbLine
 10
12.500000000
 20
254.795628452
 30
0.000000000
 11
25.425000000
 21
254.795628452
 31
0.000000000
  0
LINE
  5
D1B
330
A02
100
AcDbEntity
  8
Sketch001
100
AcDbLine
 10
25.425000000
 20
254.795628452
 30
0.000000000
 11
25.925000000
 21
254.295628452
 31
0.000000000
  0
LINE
  5
D1C
330
A02
100
AcDbEntity
  8
Sketch001
100
AcDbLine
 10
25.925000000
 20
254.295628452
 30
0.000000000
 11
25.925000000
 21
252.204288874
 31
0.000000000
  0
ARC
  5
D1D
330
A02
100
AcDbEntity
  8
Sketch001
100
AcDbCircle
 10
26.025166667
 20
252.030795118
 30
0.000000000
 40
0.200333333
100
AcDbArc
 50
120.000000000
 51
-90.000000000
  0
ARC
  5
D1E
330
A02
100
AcDbEntity
  8
Sketch001
100
AcDbCircle
 10
26.025166667
 20
252.030795118
 30
0.000000000
 40
0.200333333
100
AcDbArc
 50
-90.000000000
 51
-30.000000000
  0
LINE
  5
D1F
330
A02
100
AcDbEntity
  8
Sketch001
100
AcDbLine
 10
26.198660423
 20
251.930628452
 30
0.000000000
 11
35.601339577
 21
251.930628452
 31
0.000000000
  0
ARC
  5
D20
330
A02
100
AcDbEntity
  8
Sketch001
100
AcDbCircle
 10
35.774833333
 20
252.030795118
 30
0.000000000
 40
0.200333333
100
AcDbArc
 50
-150.000000000
 51
-90.000000000
  0
ARC
  5
D21
330
A02
100
AcDbEntity
  8
Sketch001
100
AcDbCircle
 10
35.774833333
 20
252.030795118
 30
0.000000000
 40
0.200333333
100
AcDbArc
 50
-90.000000000
 51
60.000000000
  0
LINE
  5
D22
330
A02
100
AcDbEntity
  8
Sketch001
100
AcDbLine
 10
35.875000000
 20
254.295628452
 30
0.000000000
 11
35.875000000
 21
252.204288874
 31
0.000000000
  0
LINE
  5
D23
330
A02
100
AcDbEntity
  8
Sketch001
100
AcDbLine
 10
36.375000000
 20
254.795628452
 30
0.000000000
 11
35.875000000
 21
254.295628452
 31
0.000000000
  0
LINE
  5
D24
330
A02
100
AcDbEntity
  8
Sketch001
100
AcDbLine
 10
36.375000000
 20
254.795628452
 30
0.000000000
 11
63.225000000
 21
254.795628452
 31
0.000000000
  0
LINE
  5
D25
330
A02
100
AcDbEntity
  8
Sketch001
100
AcDbLine
 10
63.725000000
 20
254.295628452
 30
0.000000000
 11
63.225000000
 21
254.795628452
 31
0.000000000
  0
LINE
  5
D26
330
A02
100
AcDbEntity
  8
Sketch001
100
AcDbLine
 10
63.725000000
 20
254.295628452
 30
0.000000000
 11
63.725000000
 21
252.204288874
 31
0.000000000
  0
ARC
  5
D27
330
A02
100
AcDbEntity
  8
Sketch001
100
AcDbCircle
 10
63.825166667
 20
252.030795118
 30
0.000000000
 40
0.200333333
100
AcDbArc
 50
120.000000000
 51
-90.000000000
  0
ARC
  5
D28
330
A02
100
AcDbEntity
  8
Sketch001
100
AcDbCircle
 10
63.825166667
 20
252.030795118
 30
0.000000000
 40
0.200333333
100
AcDbArc
 50
-90.000000000
 51
-30.000000000
  0
LINE
  5
D29
330
A02
100
AcDbEntity
  8
Sketch001
100
AcDbLine
 10
63.998660423
 20
251.930628452
 30
0.000000000
 11
73.401339577
 21
251.930628452
 31
0.000000000
  0
ARC
  5
D2A
330
A02
100
AcDbEntity
  8
Sketch001
100
AcDbCircle
 10
73.574833333
 20
252.030795118
 30
0.000000000
 40
0.200333333
100
AcDbArc
 50
-150.000000000
 51
-90.000000000
  0
ARC
  5
D2B
330
A02
100
AcDbEntity
  8
Sketch001
100
AcDbCircle
 10
73.574833333
 20
252.030795118
 30
0.000000000
 40
0.200333333
100
AcDbArc
 50
-90.000000000
 51
60.000000000
  0
LINE
  5
D2C
330
A02
100
AcDbEntity
  8
Sketch001
100
AcDbLine
 10
73.675000000
 20
254.295628452
 30
0.000000000
 11
73.675000000
 21
252.204288874
 31
0.000000000
  0
LINE
  5
D2D
330
A02
100
AcDbEntity
  8
Sketch001
100
AcDbLine
 10
74.175000000
 20
254.795628452
 30
0.000000000
 11
73.675000000
 21
254.295628452
 31
0.000000000
  0
LINE
  5
D2E
330
A02
100
AcDbEntity
  8
Sketch001
100
AcDbLine
 10
74.175000000
 20
254.795628452
 30
0.000000000
 11
87.100000000
 21
254.795628452
 31
0.000000000
  0
LINE
  5
D2F
330
A02
100
AcDbEntity
  8
Sketch001
100
AcDbLine
 10
87.600000000
 20
254.295628452
 30
0.000000000
 11
87.100000000
 21
254.795628452
 31
0.000000000
  0
LINE
  5
D30
330
A02
100
AcDbEntity
  8
Sketch001
100
AcDbLine
 10
87.600000000
 20
254.295628452
 30
0.000000000
 11
87.600000000
 21
231.792523672
 31
0.000000000
  0
LINE
  5
D31
330
A02
100
AcDbEntity
  8
Sketch001
100
AcDbLine
 10
87.100000000
 20
231.292523672
 30
0.000000000
 11
87.600000000
 21
231.792523672
 31
0.000000000
  0
LINE
  5
D32
330
A02
100
AcDbEntity
  8
Sketch001
100
AcDbLine
 10
85.008660423
 20
231.292523672
 30
0.000000000
 11
87.100000000
 21
231.292523672
 31
0.000000000
  0
ARC
  5
D33
330
A02
100
AcDbEntity
  8
Sketch001
100
AcDbCircle
 10
84.835166667
 20
231.192357006
 30
0.000000000
 40
0.200333333
100
AcDbArc
 50
30.000000000
 51
-120.000000000
  0
LINE
  5
D34
330
A02
100
AcDbEntity
  8
Sketch001
100
AcDbLine
 10
84.735000000
 20
231.018863250
 30
0.000000000
 11
84.735000000
 21
221.616184095
 31
0.000000000
  0
ARC
  5
D35
330
A02
100
AcDbEntity
  8
Sketch001
100
AcDbCircle
 10
84.835166667
 20
221.442690339
 30
0.000000000
 40
0.200333333
100
AcDbArc
 50
120.000000000
 51
-30.000000000
  0
LINE
  5
D36
330
A02
100
AcDbEntity
  8
Sketch001
100
AcDbLine
 10
85.008660423
 20
221.342523672
 30
0.000000000
 11
87.100000000
 21
221.342523672
 31
0.000000000
  0
LINE
  5
D37
330
A02
100
AcDbEntity
  8
Sketch001
100
AcDbLine
 10
87.600000000
 20
220.842523672
 30
0.000000000
 11
87.100000000
 21
221.342523672
 31
0.000000000
  0
LINE
  5
D38
330
A02
100
AcDbEntity
  8
Sketch001
100
AcDbLine
 10
87.600000000
 20
220.842523672
 30
0.000000000
 11
87.600000000
 21
198.900000000
 31
0.000000000
  0
LINE
  5
D39
330
A02
100
AcDbEntity
  8
Sketch001
100
AcDbLine
 10
87.100000000
 20
198.400000000
 30
0.000000000
 11
87.600000000
 21
198.900000000
 31
0.000000000
  0
LINE
  5
D3A
330
A02
100
AcDbEntity
  8
Sketch001
100
AcDbLine
 10
87.100000000
 20
198.400000000
 30
0.000000000
 11
84.800000000
 21
198.400000000
 31
0.000000000
  0
LINE
  5
D3B
330
A02
100
AcDbEntity
  8
Sketch001
100
AcDbLine
 10
84.800000000
 20
198.400000000
 30
0.000000000
 11
84.800000000
 21
197.500000000
 31
0.000000000
  0
LINE
  5
D3C
330
A02
100
AcDbEntity
  8
Sketch001
100
AcDbLine
 10
84.300000000
 20
197.000000000
 30
0.000000000
 11
84.800000000
 21
197.500000000
 31
0.000000000
  0
LINE
  5
D3D
330
A02
100
AcDbEntity
  8
Sketch001
100
AcDbLine
 10
84.300000000
 20
197.000000000
 30
0.000000000
 11
73.717355856
 21
197.000000000
 31
0.000000000
  0
ELLIPSE
  5
D3E
330
A02
100
AcDbEntity
  8
Sketch001
100
AcDbEllipse
 10
73.577333333
 20
196.855065378
 30
0.000000000
 11
0.000000000
 21
0.207869392
 31
0.000000000
 40
0.939692621
 41
5.483927429
 42
5.759586532
  0
LINE
  5
D3F
330
A02
100
AcDbEntity
  8
Sketch001
100
AcDbLine
 10
73.675000000
 20
199.585216686
 30
0.000000000
 11
73.675000000
 21
197.035085551
 31
0.000000000
  0
ELLIPSE
  5
D40
330
A02
100
AcDbEntity
  8
Sketch001
100
AcDbEllipse
 10
73.577333333
 20
199.765236859
 30
0.000000000
 11
0.000000000
 21
0.207869392
 31
0.000000000
 40
0.939692621
 41
3.665191429
 42
4.712388980
  0
ELLIPSE
  5
D41
330
A02
100
AcDbEntity
  8
Sketch001
100
AcDbEllipse
 10
73.577333333
 20
199.765236859
 30
0.000000000
 11
0.000000000
 21
0.207869392
 31
0.000000000
 40
0.939692621
 41
4.712388980
 42
1.047197551
  0
LINE
  5
D42
330
A02
100
AcDbEntity
  8
Sketch001
100
AcDbLine
 10
73.408169704
 20
199.869171555
 30
0.000000000
 11
63.991830296
 21
199.869171555
 31
0.000000000
  0
ELLIPSE
  5
D43
330
A02
100
AcDbEntity
  8
Sketch001
100
AcDbEllipse
 10
63.822666667
 20
199.765236859
 30
0.000000000
 11
0.000000000
 21
0.207869392
 31
0.000000000
 40
0.939692621
 41
5.235987756
 42
1.570796327
  0
ELLIPSE
  5
D44
330
A02
100
AcDbEntity
  8
Sketch001
100
AcDbEllipse
 10
63.822666667
 20
199.765236859
 30
0.000000000
 11
0.000000000
 21
0.207869392
 31
0.000000000
 40
0.939692621
 41
1.570796327
 42
2.617993878
  0
LINE
  5
D45
330
A02
100
AcDbEntity
  8
Sketch001
100
AcDbLine
 10
63.725000000
 20
199.585216686
 30
0.000000000
 11
63.725000000
 21
197.035085551
 31
0.000000000
  0
ELLIPSE
  5
D46
330
A02
100
AcDbEntity
  8
Sketch001
100
AcDbEllipse
 10
63.822666667
 20
196.855065378
 30
0.000000000
 11
0.000000000
 21
0.207869392
 31
0.000000000
 40
0.939692621
 41
0.523598776
 42
0.799257878
  0
LINE
  5
D47
330
A02
100
AcDbEntity
  8
Sketch001
100
AcDbLine
 10
63.682644144
 20
197.000000000
 30
0.000000000
 11
35.917355856
 21
197.000000000
 31
0.000000000
  0
ELLIPSE
  5
D48
330
A02
100
AcDbEntity
  8
Sketch001
100
AcDbEllipse
 10
35.777333333
 20
196.855065378
 30
0.000000000
 11
0.000000000
 21
0.207869392
 31
0.000000000
 40
0.939692621
 41
5.483927429
 42
5.759586532
  0
LINE
  5
D49
330
A02
100
AcDbEntity
  8
Sketch001
100
AcDbLine
 10
35.875000000
 20
199.585216686
 30
0.000000000
 11
35.875000000
 21
197.035085551
 31
0.000000000
  0
ELLIPSE
  5
D4A
330
A02
100
AcDbEntity
  8
Sketch001
100
AcDbEllipse
 10
35.777333333
 20
199.765236859
 30
0.000000000
 11
0.000000000
 21
0.207869392
 31
0.000000000
 40
0.939692621
 41
3.665191429
 42
4.712388980
  0
ELLIPSE
  5
D4B
330
A02
100
AcDbEntity
  8
Sketch001
100
AcDbEllipse
 10
35.777333333
 20
199.765236859
 30
0.000000000
 11
0.000000000
 21
0.207869392
 31
0.000000000
 40
0.939692621
 41
4.712388980
 42
1.047197551
  0
LINE
  5
D4C
330
A02
100
AcDbEntity
  8
Sketch001
100
AcDbLine
 10
35.608169704
 20
199.869171555
 30
0.000000000
 11
26.191830296
 21
199.869171555
 31
0.000000000
  0
ELLIPSE
  5
D4D
330
A02
100
AcDbEntity
  8
Sketch001
100
AcDbEllipse
 10
26.022666667
 20
199.765236859
 30
0.000000000
 11
0.000000000
 21
0.207869392
 31
0.000000000
 40
0.939692621
 41
5.235987756
 42
1.570796327
  0
ELLIPSE
  5
D4E
330
A02
100
AcDbEntity
  8
Sketch001
100
AcDbEllipse
 10
26.022666667
 20
199.765236859
 30
0.000000000
 11
0.000000000
 21
0.207869392
 31
0.000000000
 40
0.939692621
 41
1.570796327
 42
2.617993878
  0
LINE
  5
D4F
330
A02
100
AcDbEntity
  8
Sketch001
100
AcDbLine
 10
25.925000000
 20
199.585216686
 30
0.000000000
 11
25.925000000
 21
197.035085551
 31
0.000000000
  0
ELLIPSE
  5
D50
330
A02
100
AcDbEntity
  8
Sketch001
100
AcDbEllipse
 10
26.022666667
 20
196.855065378
 30
0.000000000
 11
0.000000000
 21
0.207869392
 31
0.000000000
 40
0.939692621
 41
0.523598776
 42
0.799257878
  0
LINE
  5
D51
330
A02
100
AcDbEntity
  8
Sketch001
100
AcDbLine
 10
25.882644144
 20
197.000000000
 30
0.000000000
 11
15.300000000
 21
197.000000000
 31
0.000000000
  0
LINE
  5
D52
330
A02
100
AcDbEntity
  8
Sketch001
100
AcDbLine
 10
14.800000000
 20
197.500000000
 30
0.000000000
 11
15.300000000
 21
197.000000000
 31
0.000000000
  0
LINE
  5
D53
330
A02
100
AcDbEntity
  8
Sketch001
100
AcDbLine
 10
14.800000000
 20
197.500000000
 30
0.000000000
 11
14.800000000
 21
198.400000000
 31
0.000000000
  0
LINE
  5
D54
330
A02
100
AcDbEntity
  8
Sketch001
100
AcDbLine
 10
14.800000000
 20
198.400000000
 30
0.000000000
 11
12.500000000
 21
198.400000000
 31
0.000000000
  0
LINE
  5
D55
330
A02
100
AcDbEntity
  8
Sketch001
100
AcDbLine
 10
12.500000000
 20
198.400000000
 30
0.000000000
 11
12.000000000
 21
198.900000000
 31
0.000000000
  0
LINE
  5
D56
330
A02
100
AcDbEntity
  8
Sketch001
100
AcDbLine
 10
12.000000000
 20
198.900000000
 30
0.000000000
 11
12.000000000
 21
220.842523672
 31
0.000000000
  0
LINE
  5
D57
330
A02
100
AcDbEntity
  8
Sketch001
100
AcDbLine
 10
12.500000000
 20
221.342523672
 30
0.000000000
 11
12.000000000
 21
220.842523672
 31
0.000000000
  0
LINE
  5
D58
330
A02
100
AcDbEntity
  8
Sketch001
100
AcDbLine
 10
12.500000000
 20
221.342523672
 30
0.000000000
 11
14.591339577
 21
221.342523672
 31
0.000000000
  0
ARC
  5
D59
330
A02
100
AcDbEntity
  8
Sketch001
100
AcDbCircle
 10
14.764833333
 20
221.442690339
 30
0.000000000
 40
0.200333333
100
AcDbArc
 50
-150.000000000
 51
0.000000000
  0
ARC
  5
D5A
330
A02
100
AcDbEntity
  8
Sketch001
100
AcDbCircle
 10
14.764833333
 20
221.442690339
 30
0.000000000
 40
0.200333333
100
AcDbArc
 50
0.000000000
 51
60.000000000
  0
LINE
  5
D5B
330
A02
100
AcDbEntity
  8
Sketch001
100
AcDbLine
 10
14.865000000
 20
231.018863250
 30
0.000000000
 11
14.865000000
 21
221.616184095
 31
0.000000000
  0
ARC
  5
D5C
330
A02
100
AcDbEntity
  8
Sketch001
100
AcDbCircle
 10
14.764833333
 20
231.192357006
 30
0.000000000
 40
0.200333333
100
AcDbArc
 50
-60.000000000
 51
0.000000000
  0
ARC
  5
D5D
330
A02
100
AcDbEntity
  8
Sketch001
100
AcDbCircle
 10
14.764833333
 20
231.192357006
 30
0.000000000
 40
0.200333333
100
AcDbArc
 50
0.000000000
 51
150.000000000
  0
LINE
  5
D5E
330
A02
100
AcDbEntity
  8
Sketch001
100
AcDbLine
 10
12.500000000
 20
231.292523672
 30
0.000000000
 11
14.591339577
 21
231.292523672
 31
0.000000000
  0
LINE
  5
D5F
330
A02
100
AcDbEntity
  8
Sketch001
100
AcDbLine
 10
12.000000000
 20
231.792523672
 30
0.000000000
 11
12.500000000
 21
231.292523672
 31
0.000000000
  0
LINE
  5
D60
330
A02
100
AcDbEntity
  8
Sketch001
100
AcDbLine
 10
48.300000000
 20
212.511679051
 30
0.000000000
 11
51.300000000
 21
212.511679051
 31
0.000000000
  0
ARC
  5
D61
330
A02
100
AcDbEntity
  8
Sketch001
100
AcDbCircle
 10
51.300000000
 20
210.511679051
 30
0.000000000
 40
2.000000000
100
AcDbArc
 50
-90.000000000
 51
90.000000000
  0
LINE
  5
D62
330
A02
100
AcDbEntity
  8
Sketch001
100
AcDbLine
 10
48.300000000
 20
208.511679051
 30
0.000000000
 11
51.300000000
 21
208.511679051
 31
0.000000000
  0
ARC
  5
D63
330
A02
100
AcDbEntity
  8
Sketch001
100
AcDbCircle
 10
48.300000000
 20
210.511679051
 30
0.000000000
 40
2.000000000
100
AcDbArc
 50
90.000000000
 51
-90.000000000
  0
SPLINE
  5
D64
330
A02
100
AcDbEntity
  8
Shape2DView001
100
AcDbSpline
210
0
220
0
230
1
 70
8
 71
3
 72
8
 73
4
 74
0
 40
0.000000000
 40
0.000000000
 40
0.000000000
 40
0.000000000
 40
1.000000000
 40
1.000000000
 40
1.000000000
 40
1.000000000
 10
63.616975000
 20
158.089720000
 30
3.000000000
 10
64.615860000
 20
157.899890000
 30
3.000000000
 10
66.155137000
 20
157.003100000
 30
3.000000000
 10
66.085939000
 20
156.651300000
 30
3.000000000
  0
SPLINE
  5
D65
330
A02
100
AcDbEntity
  8
Shape2DView001
100
AcDbSpline
210
0
220
0
230
1
 70
8
 71
3
 72
8
 73
4
 74
0
 40
0.000000000
 40
0.000000000
 40
0.000000000
 40
0.000000000
 40
1.000000000
 40
1.000000000
 40
1.000000000
 40
1.000000000
 10
66.085939000
 20
156.651300000
 30
3.000000000
 10
66.022919000
 20
156.330910000
 30
3.000000000
 10
65.601159000
 20
156.330150000
 30
3.000000000
 10
65.221195000
 20
156.649300000
 30
3.000000000
  0
SPLINE
  5
D66
330
A02
100
AcDbEntity
  8
Shape2DView001
100
AcDbSpline
210
0
220
0
230
1
 70
8
 71
3
 72
8
 73
4
 74
0
 40
0.000000000
 40
0.000000000
 40
0.000000000
 40
0.000000000
 40
1.000000000
 40
1.000000000
 40
1.000000000
 40
1.000000000
 10
65.221195000
 20
156.649300000
 30
3.000000000
 10
64.552036000
 20
157.212150000
 30
3.000000000
 10
63.605497000
 20
157.520070000
 30
3.000000000
 10
62.538991000
 20
157.521840000
 30
3.000000000
  0
SPLINE
  5
D67
330
A02
100
AcDbEntity
  8
Shape2DView001
100
AcDbSpline
210
0
220
0
230
1
 70
8
 71
3
 72
8
 73
4
 74
0
 40
0.000000000
 40
0.000000000
 40
0.000000000
 40
0.000000000
 40
1.000000000
 40
1.000000000
 40
1.000000000
 40
1.000000000
 10
62.538991000
 20
157.521840000
 30
3.000000000
 10
61.517330000
 20
157.523840000
 30
3.000000000
 10
60.639852000
 20
157.237230000
 30
3.000000000
 10
59.873566000
 20
156.652130000
 30
3.000000000
  0
SPLINE
  5
D68
330
A02
100
AcDbEntity
  8
Shape2DView001
100
AcDbSpline
210
0
220
0
230
1
 70
8
 71
3
 72
8
 73
4
 74
0
 40
0.000000000
 40
0.000000000
 40
0.000000000
 40
0.000000000
 40
1.000000000
 40
1.000000000
 40
1.000000000
 40
1.000000000
 10
59.873566000
 20
156.652130000
 30
3.000000000
 10
59.502795000
 20
156.369030000
 30
3.000000000
 10
59.328829000
 20
156.335660000
 30
3.000000000
 10
59.150943000
 20
156.513550000
 30
3.000000000
  0
SPLINE
  5
D69
330
A02
100
AcDbEntity
  8
Shape2DView001
100
AcDbSpline
210
0
220
0
230
1
 70
8
 71
3
 72
8
 73
4
 74
0
 40
0.000000000
 40
0.000000000
 40
0.000000000
 40
0.000000000
 40
1.000000000
 40
1.000000000
 40
1.000000000
 40
1.000000000
 10
59.150943000
 20
156.513550000
 30
3.000000000
 10
58.976769000
 20
156.687720000
 30
3.000000000
 10
59.001878000
 20
156.765800000
 30
3.000000000
 10
59.329261000
 20
157.068040000
 30
3.000000000
  0
SPLINE
  5
D6A
330
A02
100
AcDbEntity
  8
Shape2DView001
100
AcDbSpline
210
0
220
0
230
1
 70
8
 71
3
 72
8
 73
4
 74
0
 40
0.000000000
 40
0.000000000
 40
0.000000000
 40
0.000000000
 40
1.000000000
 40
1.000000000
 40
1.000000000
 40
1.000000000
 10
59.329261000
 20
157.068040000
 30
3.000000000
 10
59.689645000
 20
157.400740000
 30
3.000000000
 10
60.563276000
 20
157.845240000
 30
3.000000000
 10
61.175114000
 20
158.007180000
 30
3.000000000
  0
SPLINE
  5
D6B
330
A02
100
AcDbEntity
  8
Shape2DView001
100
AcDbSpline
210
0
220
0
230
1
 70
8
 71
3
 72
8
 73
4
 74
0
 40
0.000000000
 40
0.000000000
 40
0.000000000
 40
0.000000000
 40
1.000000000
 40
1.000000000
 40
1.000000000
 40
1.000000000
 10
61.175114000
 20
158.007180000
 30
3.000000000
 10
61.827021000
 20
158.179740000
 30
3.000000000
 10
62.943487000
 20
158.217270000
 30
3.000000000
 10
63.616975000
 20
158.089280000
 30
3.000000000
  0
SPLINE
  5
D6C
330
A02
100
AcDbEntity
  8
Shape2DView001
100
AcDbSpline
210
0
220
0
230
1
 70
8
 71
1
 72
4
 73
2
 74
0
 40
0.000000000
 40
0.000000000
 40
0.000440000
 40
0.000440000
 10
63.616975000
 20
158.089280000
 30
3.000000000
 10
63.616975000
 20
158.089720000
 30
3.000000000
  0
SPLINE
  5
D6D
330
A02
100
AcDbEntity
  8
Shape2DView001
100
AcDbSpline
210
0
220
0
230
1
 70
8
 71
3
 72
8
 73
4
 74
0
 40
0.000000000
 40
0.000000000
 40
0.000000000
 40
0.000000000
 40
1.000000000
 40
1.000000000
 40
1.000000000
 40
1.000000000
 10
63.054317000
 20
156.920100000
 30
3.000000000
 10
63.583139000
 20
156.862500000
 30
3.000000000
 10
64.458263000
 20
156.511610000
 30
3.000000000
 10
64.847515000
 20
156.201020000
 30
3.000000000
  0
SPLINE
  5
D6E
330
A02
100
AcDbEntity
  8
Shape2DView001
100
AcDbSpline
210
0
220
0
230
1
 70
8
 71
3
 72
8
 73
4
 74
0
 40
0.000000000
 40
0.000000000
 40
0.000000000
 40
0.000000000
 40
1.000000000
 40
1.000000000
 40
1.000000000
 40
1.000000000
 10
64.847515000
 20
156.201020000
 30
3.000000000
 10
65.127117000
 20
155.977930000
 30
3.000000000
 10
65.195492000
 20
155.748320000
 30
3.000000000
 10
65.031239000
 20
155.584070000
 30
3.000000000
  0
SPLINE
  5
D6F
330
A02
100
AcDbEntity
  8
Shape2DView001
100
AcDbSpline
210
0
220
0
230
1
 70
8
 71
3
 72
8
 73
4
 74
0
 40
0.000000000
 40
0.000000000
 40
0.000000000
 40
0.000000000
 40
1.000000000
 40
1.000000000
 40
1.000000000
 40
1.000000000
 10
65.031239000
 20
155.584070000
 30
3.000000000
 10
64.883121000
 20
155.435950000
 30
3.000000000
 10
64.690885000
 20
155.479610000
 30
3.000000000
 10
64.313557000
 20
155.747090000
 30
3.000000000
  0
SPLINE
  5
D70
330
A02
100
AcDbEntity
  8
Shape2DView001
100
AcDbSpline
210
0
220
0
230
1
 70
8
 71
3
 72
8
 73
4
 74
0
 40
0.000000000
 40
0.000000000
 40
0.000000000
 40
0.000000000
 40
1.000000000
 40
1.000000000
 40
1.000000000
 40
1.000000000
 10
64.313557000
 20
155.747090000
 30
3.000000000
 10
63.244687000
 20
156.504780000
 30
3.000000000
 10
61.945463000
 20
156.514460000
 30
3.000000000
 10
60.828492000
 20
155.773090000
 30
3.000000000
  0
SPLINE
  5
D71
330
A02
100
AcDbEntity
  8
Shape2DView001
100
AcDbSpline
210
0
220
0
230
1
 70
8
 71
3
 72
8
 73
4
 74
0
 40
0.000000000
 40
0.000000000
 40
0.000000000
 40
0.000000000
 40
1.000000000
 40
1.000000000
 40
1.000000000
 40
1.000000000
 10
60.828492000
 20
155.773090000
 30
3.000000000
 10
60.380358000
 20
155.475640000
 30
3.000000000
 10
60.244044000
 20
155.440270000
 30
3.000000000
 10
60.100207000
 20
155.584100000
 30
3.000000000
  0
SPLINE
  5
D72
330
A02
100
AcDbEntity
  8
Shape2DView001
100
AcDbSpline
210
0
220
0
230
1
 70
8
 71
2
 72
6
 73
3
 74
0
 40
0.000000000
 40
0.000000000
 40
0.000000000
 40
1.000000000
 40
1.000000000
 40
1.000000000
 10
60.100207000
 20
155.584100000
 30
3.000000000
 10
59.706093000
 20
155.984590000
 30
3.000000000
 10
60.874439000
 20
156.565170000
 30
3.000000000
  0
SPLINE
  5
D73
330
A02
100
AcDbEntity
  8
Shape2DView001
100
AcDbSpline
210
0
220
0
230
1
 70
8
 71
3
 72
8
 73
4
 74
0
 40
0.000000000
 40
0.000000000
 40
0.000000000
 40
0.000000000
 40
1.000000000
 40
1.000000000
 40
1.000000000
 40
1.000000000
 10
60.874439000
 20
156.565170000
 30
3.000000000
 10
61.577939000
 20
156.913450000
 30
3.000000000
 10
62.194039000
 20
157.013770000
 30
3.000000000
 10
63.054317000
 20
156.920130000
 30
3.000000000
  0
SPLINE
  5
D74
330
A02
100
AcDbEntity
  8
Shape2DView001
100
AcDbSpline
210
0
220
0
230
1
 70
8
 71
1
 72
4
 73
2
 74
0
 40
0.000000000
 40
0.000000000
 40
0.000030000
 40
0.000030000
 10
63.054317000
 20
156.920130000
 30
3.000000000
 10
63.054317000
 20
156.920100000
 30
3.000000000
  0
SPLINE
  5
D75
330
A02
100
AcDbEntity
  8
Shape2DView001
100
AcDbSpline
210
0
220
0
230
1
 70
8
 71
3
 72
8
 73
4
 74
0
 40
0.000000000
 40
0.000000000
 40
0.000000000
 40
0.000000000
 40
1.000000000
 40
1.000000000
 40
1.000000000
 40
1.000000000
 10
47.021653000
 20
155.487780000
 30
3.000000000
 10
47.257698000
 20
155.453180000
 30
3.000000000
 10
47.586150000
 20
155.355830000
 30
3.000000000
 10
47.751551000
 20
155.271450000
 30
3.000000000
  0
SPLINE
  5
D76
330
A02
100
AcDbEntity
  8
Shape2DView001
100
AcDbSpline
210
0
220
0
230
1
 70
8
 71
3
 72
8
 73
4
 74
0
 40
0.000000000
 40
0.000000000
 40
0.000000000
 40
0.000000000
 40
1.000000000
 40
1.000000000
 40
1.000000000
 40
1.000000000
 10
47.751551000
 20
155.271450000
 30
3.000000000
 10
48.128318000
 20
155.079230000
 30
3.000000000
 10
48.223729000
 20
155.080010000
 30
3.000000000
 10
48.734780000
 20
155.279450000
 30
3.000000000
  0
SPLINE
  5
D77
330
A02
100
AcDbEntity
  8
Shape2DView001
100
AcDbSpline
210
0
220
0
230
1
 70
8
 71
3
 72
8
 73
4
 74
0
 40
0.000000000
 40
0.000000000
 40
0.000000000
 40
0.000000000
 40
1.000000000
 40
1.000000000
 40
1.000000000
 40
1.000000000
 10
48.734780000
 20
155.279450000
 30
3.000000000
 10
49.325256000
 20
155.509840000
 30
3.000000000
 10
50.701378000
 20
155.567060000
 30
3.000000000
 10
51.187446000
 20
155.381430000
 30
3.000000000
  0
SPLINE
  5
D78
330
A02
100
AcDbEntity
  8
Shape2DView001
100
AcDbSpline
210
0
220
0
230
1
 70
8
 71
3
 72
8
 73
4
 74
0
 40
0.000000000
 40
0.000000000
 40
0.000000000
 40
0.000000000
 40
1.000000000
 40
1.000000000
 40
1.000000000
 40
1.000000000
 10
51.187446000
 20
155.381430000
 30
3.000000000
 10
51.977779000
 20
155.079600000
 30
3.000000000
 10
52.353891000
 20
154.432540000
 30
3.000000000
 10
52.367299000
 20
153.351600000
 30
3.000000000
  0
SPLINE
  5
D79
330
A02
100
AcDbEntity
  8
Shape2DView001
100
AcDbSpline
210
0
220
0
230
1
 70
8
 71
3
 72
8
 73
4
 74
0
 40
0.000000000
 40
0.000000000
 40
0.000000000
 40
0.000000000
 40
1.000000000
 40
1.000000000
 40
1.000000000
 40
1.000000000
 10
52.367299000
 20
153.351600000
 30
3.000000000
 10
52.381099000
 20
152.241250000
 30
3.000000000
 10
51.971440000
 20
151.568740000
 30
3.000000000
 10
51.154559000
 20
151.360580000
 30
3.000000000
  0
SPLINE
  5
D7A
330
A02
100
AcDbEntity
  8
Shape2DView001
100
AcDbSpline
210
0
220
0
230
1
 70
8
 71
3
 72
8
 73
4
 74
0
 40
0.000000000
 40
0.000000000
 40
0.000000000
 40
0.000000000
 40
1.000000000
 40
1.000000000
 40
1.000000000
 40
1.000000000
 10
51.154559000
 20
151.360580000
 30
3.000000000
 10
50.684758000
 20
151.240870000
 30
3.000000000
 10
49.312567000
 20
151.060380000
 30
3.000000000
 10
48.866325000
 20
151.059600000
 30
3.000000000
  0
SPLINE
  5
D7B
330
A02
100
AcDbEntity
  8
Shape2DView001
100
AcDbSpline
210
0
220
0
230
1
 70
8
 71
1
 72
4
 73
2
 74
0
 40
0.000000000
 40
0.000000000
 40
0.357045408
 40
0.357045408
 10
48.866325000
 20
151.059600000
 30
3.000000000
 10
48.509280000
 20
151.059060000
 30
3.000000000
  0
SPLINE
  5
D7C
330
A02
100
AcDbEntity
  8
Shape2DView001
100
AcDbSpline
210
0
220
0
230
1
 70
8
 71
1
 72
4
 73
2
 74
0
 40
0.000000000
 40
0.000000000
 40
0.405100000
 40
0.405100000
 10
48.509280000
 20
151.059060000
 30
3.000000000
 10
48.509280000
 20
150.653960000
 30
3.000000000
  0
SPLINE
  5
D7D
330
A02
100
AcDbEntity
  8
Shape2DView001
100
AcDbSpline
210
0
220
0
230
1
 70
8
 71
3
 72
8
 73
4
 74
0
 40
0.000000000
 40
0.000000000
 40
0.000000000
 40
0.000000000
 40
1.000000000
 40
1.000000000
 40
1.000000000
 40
1.000000000
 10
48.509280000
 20
150.653960000
 30
3.000000000
 10
48.509280000
 20
150.366240000
 30
3.000000000
 10
48.551070000
 20
150.197440000
 30
3.000000000
 10
48.653584000
 20
150.071410000
 30
3.000000000
  0
SPLINE
  5
D7E
330
A02
100
AcDbEntity
  8
Shape2DView001
100
AcDbSpline
210
0
220
0
230
1
 70
8
 71
3
 72
8
 73
4
 74
0
 40
0.000000000
 40
0.000000000
 40
0.000000000
 40
0.000000000
 40
1.000000000
 40
1.000000000
 40
1.000000000
 40
1.000000000
 10
48.653584000
 20
150.071410000
 30
3.000000000
 10
48.796871000
 20
149.895210000
 30
3.000000000
 10
48.808992000
 20
149.893950000
 30
3.000000000
 10
50.363663000
 20
149.893950000
 30
3.000000000
  0
SPLINE
  5
D7F
330
A02
100
AcDbEntity
  8
Shape2DView001
100
AcDbSpline
210
0
220
0
230
1
 70
8
 71
1
 72
4
 73
2
 74
0
 40
0.000000000
 40
0.000000000
 40
1.565769000
 40
1.565769000
 10
50.363663000
 20
149.893950000
 30
3.000000000
 10
51.929432000
 20
149.893950000
 30
3.000000000
  0
SPLINE
  5
D80
330
A02
100
AcDbEntity
  8
Shape2DView001
100
AcDbSpline
210
0
220
0
230
1
 70
8
 71
1
 72
4
 73
2
 74
0
 40
0.000000000
 40
0.000000000
 40
0.613724107
 40
0.613724107
 10
51.929432000
 20
149.893950000
 30
3.000000000
 10
51.951142000
 20
149.280610000
 30
3.000000000
  0
SPLINE
  5
D81
330
A02
100
AcDbEntity
  8
Shape2DView001
100
AcDbSpline
210
0
220
0
230
1
 70
8
 71
1
 72
4
 73
2
 74
0
 40
0.000000000
 40
0.000000000
 40
0.613725878
 40
0.613725878
 10
51.951142000
 20
149.280610000
 30
3.000000000
 10
51.972902000
 20
148.667270000
 30
3.000000000
  0
SPLINE
  5
D82
330
A02
100
AcDbEntity
  8
Shape2DView001
100
AcDbSpline
210
0
220
0
230
1
 70
8
 71
1
 72
4
 73
2
 74
0
 40
0.000000000
 40
0.000000000
 40
0.258943378
 40
0.258943378
 10
51.972902000
 20
148.667270000
 30
3.000000000
 10
51.725672000
 20
148.590270000
 30
3.000000000
  0
SPLINE
  5
D83
330
A02
100
AcDbEntity
  8
Shape2DView001
100
AcDbSpline
210
0
220
0
230
1
 70
8
 71
3
 72
8
 73
4
 74
0
 40
0.000000000
 40
0.000000000
 40
0.000000000
 40
0.000000000
 40
1.000000000
 40
1.000000000
 40
1.000000000
 40
1.000000000
 10
51.725672000
 20
148.590270000
 30
3.000000000
 10
51.087190000
 20
148.391340000
 30
3.000000000
 10
50.487170000
 20
148.322110000
 30
3.000000000
 10
49.373738000
 20
148.318910000
 30
3.000000000
  0
SPLINE
  5
D84
330
A02
100
AcDbEntity
  8
Shape2DView001
100
AcDbSpline
210
0
220
0
230
1
 70
8
 71
3
 72
8
 73
4
 74
0
 40
0.000000000
 40
0.000000000
 40
0.000000000
 40
0.000000000
 40
1.000000000
 40
1.000000000
 40
1.000000000
 40
1.000000000
 10
49.373738000
 20
148.318910000
 30
3.000000000
 10
48.539151000
 20
148.316910000
 30
3.000000000
 10
48.081762000
 20
148.347010000
 30
3.000000000
 10
47.879340000
 20
148.418510000
 30
3.000000000
  0
SPLINE
  5
D85
330
A02
100
AcDbEntity
  8
Shape2DView001
100
AcDbSpline
210
0
220
0
230
1
 70
8
 71
3
 72
8
 73
4
 74
0
 40
0.000000000
 40
0.000000000
 40
0.000000000
 40
0.000000000
 40
1.000000000
 40
1.000000000
 40
1.000000000
 40
1.000000000
 10
47.879340000
 20
148.418510000
 30
3.000000000
 10
47.464149000
 20
148.565160000
 30
3.000000000
 10
47.052358000
 20
148.967040000
 30
3.000000000
 10
46.848208000
 20
149.424840000
 30
3.000000000
  0
SPLINE
  5
D86
330
A02
100
AcDbEntity
  8
Shape2DView001
100
AcDbSpline
210
0
220
0
230
1
 70
8
 71
3
 72
8
 73
4
 74
0
 40
0.000000000
 40
0.000000000
 40
0.000000000
 40
0.000000000
 40
1.000000000
 40
1.000000000
 40
1.000000000
 40
1.000000000
 10
46.848208000
 20
149.424840000
 30
3.000000000
 10
46.682288000
 20
149.796880000
 30
3.000000000
 10
46.670270000
 20
149.930870000
 30
3.000000000
 10
46.632506000
 20
151.829080000
 30
3.000000000
  0
SPLINE
  5
D87
330
A02
100
AcDbEntity
  8
Shape2DView001
100
AcDbSpline
210
0
220
0
230
1
 70
8
 71
1
 72
4
 73
2
 74
0
 40
0.000000000
 40
0.000000000
 40
2.010628124
 40
2.010628124
 10
46.632506000
 20
151.829080000
 30
3.000000000
 10
46.592496000
 20
153.839310000
 30
3.000000000
  0
SPLINE
  5
D88
330
A02
100
AcDbEntity
  8
Shape2DView001
100
AcDbSpline
210
0
220
0
230
1
 70
8
 71
1
 72
4
 73
2
 74
0
 40
0.000000000
 40
0.000000000
 40
0.281773127
 40
0.281773127
 10
46.592496000
 20
153.839310000
 30
3.000000000
 10
46.385780000
 20
154.030790000
 30
3.000000000
  0
SPLINE
  5
D89
330
A02
100
AcDbEntity
  8
Shape2DView001
100
AcDbSpline
210
0
220
0
230
1
 70
8
 71
3
 72
8
 73
4
 74
0
 40
0.000000000
 40
0.000000000
 40
0.000000000
 40
0.000000000
 40
1.000000000
 40
1.000000000
 40
1.000000000
 40
1.000000000
 10
46.385780000
 20
154.030790000
 30
3.000000000
 10
46.193778000
 20
154.208640000
 30
3.000000000
 10
46.179070000
 20
154.264650000
 30
3.000000000
 10
46.179070000
 20
154.817920000
 30
3.000000000
  0
SPLINE
  5
D8A
330
A02
100
AcDbEntity
  8
Shape2DView001
100
AcDbSpline
210
0
220
0
230
1
 70
8
 71
3
 72
8
 73
4
 74
0
 40
0.000000000
 40
0.000000000
 40
0.000000000
 40
0.000000000
 40
1.000000000
 40
1.000000000
 40
1.000000000
 40
1.000000000
 10
46.179070000
 20
154.817920000
 30
3.000000000
 10
46.179070000
 20
155.329900000
 30
3.000000000
 10
46.199480000
 20
155.424510000
 30
3.000000000
 10
46.324463000
 20
155.491390000
 30
3.000000000
  0
SPLINE
  5
D8B
330
A02
100
AcDbEntity
  8
Shape2DView001
100
AcDbSpline
210
0
220
0
230
1
 70
8
 71
3
 72
8
 73
4
 74
0
 40
0.000000000
 40
0.000000000
 40
0.000000000
 40
0.000000000
 40
1.000000000
 40
1.000000000
 40
1.000000000
 40
1.000000000
 10
46.324463000
 20
155.491390000
 30
3.000000000
 10
46.404433000
 20
155.534190000
 30
3.000000000
 10
46.497453000
 20
155.565090000
 30
3.000000000
 10
46.531173000
 20
155.560090000
 30
3.000000000
  0
SPLINE
  5
D8C
330
A02
100
AcDbEntity
  8
Shape2DView001
100
AcDbSpline
210
0
220
0
230
1
 70
8
 71
3
 72
8
 73
4
 74
0
 40
0.000000000
 40
0.000000000
 40
0.000000000
 40
0.000000000
 40
1.000000000
 40
1.000000000
 40
1.000000000
 40
1.000000000
 10
46.531173000
 20
155.560090000
 30
3.000000000
 10
46.564903000
 20
155.555090000
 30
3.000000000
 10
46.785619000
 20
155.522590000
 30
3.000000000
 10
47.021659000
 20
155.487990000
 30
3.000000000
  0
SPLINE
  5
D8D
330
A02
100
AcDbEntity
  8
Shape2DView001
100
AcDbSpline
210
0
220
0
230
1
 70
8
 71
1
 72
4
 73
2
 74
0
 40
0.000000000
 40
0.000000000
 40
0.000210086
 40
0.000210086
 10
47.021659000
 20
155.487990000
 30
3.000000000
 10
47.021653000
 20
155.487780000
 30
3.000000000
  0
SPLINE
  5
D8E
330
A02
100
AcDbEntity
  8
Shape2DView001
100
AcDbSpline
210
0
220
0
230
1
 70
8
 71
3
 72
8
 73
4
 74
0
 40
0.000000000
 40
0.000000000
 40
0.000000000
 40
0.000000000
 40
1.000000000
 40
1.000000000
 40
1.000000000
 40
1.000000000
 10
49.068050000
 20
153.985510000
 30
3.000000000
 10
48.822742000
 20
153.941410000
 30
3.000000000
 10
48.579746000
 20
153.850390000
 30
3.000000000
 10
48.528069000
 20
153.783230000
 30
3.000000000
  0
SPLINE
  5
D8F
330
A02
100
AcDbEntity
  8
Shape2DView001
100
AcDbSpline
210
0
220
0
230
1
 70
8
 71
3
 72
8
 73
4
 74
0
 40
0.000000000
 40
0.000000000
 40
0.000000000
 40
0.000000000
 40
1.000000000
 40
1.000000000
 40
1.000000000
 40
1.000000000
 10
48.528069000
 20
153.783230000
 30
3.000000000
 10
48.470169000
 20
153.707930000
 30
3.000000000
 10
48.434109000
 20
153.420460000
 30
3.000000000
 10
48.434109000
 20
153.034170000
 30
3.000000000
  0
SPLINE
  5
D90
330
A02
100
AcDbEntity
  8
Shape2DView001
100
AcDbSpline
210
0
220
0
230
1
 70
8
 71
3
 72
8
 73
4
 74
0
 40
0.000000000
 40
0.000000000
 40
0.000000000
 40
0.000000000
 40
1.000000000
 40
1.000000000
 40
1.000000000
 40
1.000000000
 10
48.434109000
 20
153.034170000
 30
3.000000000
 10
48.434109000
 20
152.515270000
 30
3.000000000
 10
48.455979000
 20
152.398860000
 30
3.000000000
 10
48.560961000
 20
152.358570000
 30
3.000000000
  0
SPLINE
  5
D91
330
A02
100
AcDbEntity
  8
Shape2DView001
100
AcDbSpline
210
0
220
0
230
1
 70
8
 71
3
 72
8
 73
4
 74
0
 40
0.000000000
 40
0.000000000
 40
0.000000000
 40
0.000000000
 40
1.000000000
 40
1.000000000
 40
1.000000000
 40
1.000000000
 10
48.560961000
 20
152.358570000
 30
3.000000000
 10
48.630731000
 20
152.331870000
 30
3.000000000
 10
49.028115000
 20
152.347670000
 30
3.000000000
 10
49.444031000
 20
152.393770000
 30
3.000000000
  0
SPLINE
  5
D92
330
A02
100
AcDbEntity
  8
Shape2DView001
100
AcDbSpline
210
0
220
0
230
1
 70
8
 71
3
 72
8
 73
4
 74
0
 40
0.000000000
 40
0.000000000
 40
0.000000000
 40
0.000000000
 40
1.000000000
 40
1.000000000
 40
1.000000000
 40
1.000000000
 10
49.444031000
 20
152.393770000
 30
3.000000000
 10
50.112763000
 20
152.467970000
 30
3.000000000
 10
50.219824000
 20
152.500470000
 30
3.000000000
 10
50.369531000
 20
152.674510000
 30
3.000000000
  0
SPLINE
  5
D93
330
A02
100
AcDbEntity
  8
Shape2DView001
100
AcDbSpline
210
0
220
0
230
1
 70
8
 71
3
 72
8
 73
4
 74
0
 40
0.000000000
 40
0.000000000
 40
0.000000000
 40
0.000000000
 40
1.000000000
 40
1.000000000
 40
1.000000000
 40
1.000000000
 10
50.369531000
 20
152.674510000
 30
3.000000000
 10
50.556845000
 20
152.892280000
 30
3.000000000
 10
50.606059000
 20
153.498870000
 30
3.000000000
 10
50.458741000
 20
153.774140000
 30
3.000000000
  0
SPLINE
  5
D94
330
A02
100
AcDbEntity
  8
Shape2DView001
100
AcDbSpline
210
0
220
0
230
1
 70
8
 71
3
 72
8
 73
4
 74
0
 40
0.000000000
 40
0.000000000
 40
0.000000000
 40
0.000000000
 40
1.000000000
 40
1.000000000
 40
1.000000000
 40
1.000000000
 10
50.458741000
 20
153.774140000
 30
3.000000000
 10
50.304713000
 20
154.061940000
 30
3.000000000
 10
49.865200000
 20
154.128730000
 30
3.000000000
 10
49.068052000
 20
153.985470000
 30
3.000000000
  0
SPLINE
  5
D95
330
A02
100
AcDbEntity
  8
Shape2DView001
100
AcDbSpline
210
0
220
0
230
1
 70
8
 71
1
 72
4
 73
2
 74
0
 40
0.000000000
 40
0.000000000
 40
0.000040050
 40
0.000040050
 10
49.068052000
 20
153.985470000
 30
3.000000000
 10
49.068050000
 20
153.985510000
 30
3.000000000
  0
SPLINE
  5
D96
330
A02
100
AcDbEntity
  8
Shape2DView001
100
AcDbSpline
210
0
220
0
230
1
 70
8
 71
3
 72
8
 73
4
 74
0
 40
0.000000000
 40
0.000000000
 40
0.000000000
 40
0.000000000
 40
1.000000000
 40
1.000000000
 40
1.000000000
 40
1.000000000
 10
43.081674000
 20
155.487830000
 30
3.000000000
 10
43.585282000
 20
155.420130000
 30
3.000000000
 10
44.009865000
 20
155.142090000
 30
3.000000000
 10
44.259054000
 20
154.716880000
 30
3.000000000
  0
SPLINE
  5
D97
330
A02
100
AcDbEntity
  8
Shape2DView001
100
AcDbSpline
210
0
220
0
230
1
 70
8
 71
3
 72
8
 73
4
 74
0
 40
0.000000000
 40
0.000000000
 40
0.000000000
 40
0.000000000
 40
1.000000000
 40
1.000000000
 40
1.000000000
 40
1.000000000
 10
44.259054000
 20
154.716880000
 30
3.000000000
 10
44.506181000
 20
154.295190000
 30
3.000000000
 10
44.595940000
 20
153.433590000
 30
3.000000000
 10
44.598593000
 20
151.457510000
 30
3.000000000
  0
SPLINE
  5
D98
330
A02
100
AcDbEntity
  8
Shape2DView001
100
AcDbSpline
210
0
220
0
230
1
 70
8
 71
1
 72
4
 73
2
 74
0
 40
0.000000000
 40
0.000000000
 40
1.443061677
 40
1.443061677
 10
44.598593000
 20
151.457510000
 30
3.000000000
 10
44.600793000
 20
150.014450000
 30
3.000000000
  0
SPLINE
  5
D99
330
A02
100
AcDbEntity
  8
Shape2DView001
100
AcDbSpline
210
0
220
0
230
1
 70
8
 71
1
 72
4
 73
2
 74
0
 40
0.000000000
 40
0.000000000
 40
0.395288328
 40
0.395288328
 10
44.600793000
 20
150.014450000
 30
3.000000000
 10
44.995429000
 20
149.991750000
 30
3.000000000
  0
SPLINE
  5
D9A
330
A02
100
AcDbEntity
  8
Shape2DView001
100
AcDbSpline
210
0
220
0
230
1
 70
8
 71
1
 72
4
 73
2
 74
0
 40
0.000000000
 40
0.000000000
 40
0.395283337
 40
0.395283337
 10
44.995429000
 20
149.991750000
 30
3.000000000
 10
45.390060000
 20
149.969050000
 30
3.000000000
  0
SPLINE
  5
D9B
330
A02
100
AcDbEntity
  8
Shape2DView001
100
AcDbSpline
210
0
220
0
230
1
 70
8
 71
1
 72
4
 73
2
 74
0
 40
0.000000000
 40
0.000000000
 40
0.766758134
 40
0.766758134
 10
45.390060000
 20
149.969050000
 30
3.000000000
 10
45.411440000
 20
149.202590000
 30
3.000000000
  0
SPLINE
  5
D9C
330
A02
100
AcDbEntity
  8
Shape2DView001
100
AcDbSpline
210
0
220
0
230
1
 70
8
 71
1
 72
4
 73
2
 74
0
 40
0.000000000
 40
0.000000000
 40
0.766758134
 40
0.766758134
 10
45.411440000
 20
149.202590000
 30
3.000000000
 10
45.432820000
 20
148.436130000
 30
3.000000000
  0
SPLINE
  5
D9D
330
A02
100
AcDbEntity
  8
Shape2DView001
100
AcDbSpline
210
0
220
0
230
1
 70
8
 71
1
 72
4
 73
2
 74
0
 40
0.000000000
 40
0.000000000
 40
0.397872811
 40
0.397872811
 10
45.432820000
 20
148.436130000
 30
3.000000000
 10
45.035601000
 20
148.413330000
 30
3.000000000
  0
SPLINE
  5
D9E
330
A02
100
AcDbEntity
  8
Shape2DView001
100
AcDbSpline
210
0
220
0
230
1
 70
8
 71
1
 72
4
 73
2
 74
0
 40
0.000000000
 40
0.000000000
 40
0.397871813
 40
0.397871813
 10
45.035601000
 20
148.413330000
 30
3.000000000
 10
44.638383000
 20
148.390530000
 30
3.000000000
  0
SPLINE
  5
D9F
330
A02
100
AcDbEntity
  8
Shape2DView001
100
AcDbSpline
210
0
220
0
230
1
 70
8
 71
1
 72
4
 73
2
 74
0
 40
0.000000000
 40
0.000000000
 40
0.949661112
 40
0.949661112
 10
44.638383000
 20
148.390530000
 30
3.000000000
 10
44.617433000
 20
147.441100000
 30
3.000000000
  0
SPLINE
  5
DA0
330
A02
100
AcDbEntity
  8
Shape2DView001
100
AcDbSpline
210
0
220
0
230
1
 70
8
 71
1
 72
4
 73
2
 74
0
 40
0.000000000
 40
0.000000000
 40
0.949661112
 40
0.949661112
 10
44.617433000
 20
147.441100000
 30
3.000000000
 10
44.596483000
 20
146.491670000
 30
3.000000000
  0
SPLINE
  5
DA1
330
A02
100
AcDbEntity
  8
Shape2DView001
100
AcDbSpline
210
0
220
0
230
1
 70
8
 71
1
 72
4
 73
2
 74
0
 40
0.000000000
 40
0.000000000
 40
0.237340734
 40
0.237340734
 10
44.596483000
 20
146.491670000
 30
3.000000000
 10
44.363762000
 20
146.445070000
 30
3.000000000
  0
SPLINE
  5
DA2
330
A02
100
AcDbEntity
  8
Shape2DView001
100
AcDbSpline
210
0
220
0
230
1
 70
8
 71
3
 72
8
 73
4
 74
0
 40
0.000000000
 40
0.000000000
 40
0.000000000
 40
0.000000000
 40
1.000000000
 40
1.000000000
 40
1.000000000
 40
1.000000000
 10
44.363762000
 20
146.445070000
 30
3.000000000
 10
44.067687000
 20
146.385870000
 30
3.000000000
 10
43.112819000
 20
146.386370000
 30
3.000000000
 10
42.890768000
 20
146.446070000
 30
3.000000000
  0
SPLINE
  5
DA3
330
A02
100
AcDbEntity
  8
Shape2DView001
100
AcDbSpline
210
0
220
0
230
1
 70
8
 71
3
 72
8
 73
4
 74
0
 40
0.000000000
 40
0.000000000
 40
0.000000000
 40
0.000000000
 40
1.000000000
 40
1.000000000
 40
1.000000000
 40
1.000000000
 10
42.890768000
 20
146.446070000
 30
3.000000000
 10
42.727613000
 20
146.489770000
 30
3.000000000
 10
42.721637000
 20
146.522370000
 30
3.000000000
 10
42.721637000
 20
147.369620000
 30
3.000000000
  0
SPLINE
  5
DA4
330
A02
100
AcDbEntity
  8
Shape2DView001
100
AcDbSpline
210
0
220
0
230
1
 70
8
 71
2
 72
6
 73
3
 74
0
 40
0.000000000
 40
0.000000000
 40
0.000000000
 40
1.000000000
 40
1.000000000
 40
1.000000000
 10
42.721637000
 20
147.369620000
 30
3.000000000
 10
42.721447000
 20
148.246050000
 30
3.000000000
 10
42.631437000
 20
148.338040000
 30
3.000000000
  0
SPLINE
  5
DA5
330
A02
100
AcDbEntity
  8
Shape2DView001
100
AcDbSpline
210
0
220
0
230
1
 70
8
 71
3
 72
8
 73
4
 74
0
 40
0.000000000
 40
0.000000000
 40
0.000000000
 40
0.000000000
 40
1.000000000
 40
1.000000000
 40
1.000000000
 40
1.000000000
 10
42.631437000
 20
148.338040000
 30
3.000000000
 10
42.572957000
 20
148.396540000
 30
3.000000000
 10
42.268962000
 20
148.428240000
 30
3.000000000
 10
41.767005000
 20
148.428240000
 30
3.000000000
  0
SPLINE
  5
DA6
330
A02
100
AcDbEntity
  8
Shape2DView001
100
AcDbSpline
210
0
220
0
230
1
 70
8
 71
1
 72
4
 73
2
 74
0
 40
0.000000000
 40
0.000000000
 40
0.774234000
 40
0.774234000
 10
41.767005000
 20
148.428240000
 30
3.000000000
 10
40.992771000
 20
148.428240000
 30
3.000000000
  0
SPLINE
  5
DA7
330
A02
100
AcDbEntity
  8
Shape2DView001
100
AcDbSpline
210
0
220
0
230
1
 70
8
 71
1
 72
4
 73
2
 74
0
 40
0.000000000
 40
0.000000000
 40
0.786800000
 40
0.786800000
 10
40.992771000
 20
148.428240000
 30
3.000000000
 10
40.992771000
 20
149.215040000
 30
3.000000000
  0
SPLINE
  5
DA8
330
A02
100
AcDbEntity
  8
Shape2DView001
100
AcDbSpline
210
0
220
0
230
1
 70
8
 71
1
 72
4
 73
2
 74
0
 40
0.000000000
 40
0.000000000
 40
0.786800000
 40
0.786800000
 10
40.992771000
 20
149.215040000
 30
3.000000000
 10
40.992771000
 20
150.001840000
 30
3.000000000
  0
SPLINE
  5
DA9
330
A02
100
AcDbEntity
  8
Shape2DView001
100
AcDbSpline
210
0
220
0
230
1
 70
8
 71
1
 72
4
 73
2
 74
0
 40
0.000000000
 40
0.000000000
 40
0.845910209
 40
0.845910209
 10
40.992771000
 20
150.001840000
 30
3.000000000
 10
41.838413000
 20
150.023140000
 30
3.000000000
  0
SPLINE
  5
DAA
330
A02
100
AcDbEntity
  8
Shape2DView001
100
AcDbSpline
210
0
220
0
230
1
 70
8
 71
1
 72
4
 73
2
 74
0
 40
0.000000000
 40
0.000000000
 40
0.845910209
 40
0.845910209
 10
41.838413000
 20
150.023140000
 30
3.000000000
 10
42.684055000
 20
150.044440000
 30
3.000000000
  0
SPLINE
  5
DAB
330
A02
100
AcDbEntity
  8
Shape2DView001
100
AcDbSpline
210
0
220
0
230
1
 70
8
 71
1
 72
4
 73
2
 74
0
 40
0.000000000
 40
0.000000000
 40
1.181840355
 40
1.181840355
 10
42.684055000
 20
150.044440000
 30
3.000000000
 10
42.749625000
 20
151.224460000
 30
3.000000000
  0
SPLINE
  5
DAC
330
A02
100
AcDbEntity
  8
Shape2DView001
100
AcDbSpline
210
0
220
0
230
1
 70
8
 71
3
 72
8
 73
4
 74
0
 40
0.000000000
 40
0.000000000
 40
0.000000000
 40
0.000000000
 40
1.000000000
 40
1.000000000
 40
1.000000000
 40
1.000000000
 10
42.749625000
 20
151.224460000
 30
3.000000000
 10
42.821115000
 20
152.510930000
 30
3.000000000
 10
42.767165000
 20
153.448730000
 30
3.000000000
 10
42.609213000
 20
153.664890000
 30
3.000000000
  0
SPLINE
  5
DAD
330
A02
100
AcDbEntity
  8
Shape2DView001
100
AcDbSpline
210
0
220
0
230
1
 70
8
 71
3
 72
8
 73
4
 74
0
 40
0.000000000
 40
0.000000000
 40
0.000000000
 40
0.000000000
 40
1.000000000
 40
1.000000000
 40
1.000000000
 40
1.000000000
 10
42.609213000
 20
153.664890000
 30
3.000000000
 10
42.526323000
 20
153.778340000
 30
3.000000000
 10
42.381212000
 20
153.807460000
 30
3.000000000
 10
41.792695000
 20
153.828750000
 30
3.000000000
  0
SPLINE
  5
DAE
330
A02
100
AcDbEntity
  8
Shape2DView001
100
AcDbSpline
210
0
220
0
230
1
 70
8
 71
1
 72
4
 73
2
 74
0
 40
0.000000000
 40
0.000000000
 40
0.716183476
 40
0.716183476
 10
41.792695000
 20
153.828750000
 30
3.000000000
 10
41.076980000
 20
153.854650000
 30
3.000000000
  0
SPLINE
  5
DAF
330
A02
100
AcDbEntity
  8
Shape2DView001
100
AcDbSpline
210
0
220
0
230
1
 70
8
 71
1
 72
4
 73
2
 74
0
 40
0.000000000
 40
0.000000000
 40
0.390453374
 40
0.390453374
 10
41.076980000
 20
153.854650000
 30
3.000000000
 10
41.029290000
 20
154.242180000
 30
3.000000000
  0
SPLINE
  5
DB0
330
A02
100
AcDbEntity
  8
Shape2DView001
100
AcDbSpline
210
0
220
0
230
1
 70
8
 71
3
 72
8
 73
4
 74
0
 40
0.000000000
 40
0.000000000
 40
0.000000000
 40
0.000000000
 40
1.000000000
 40
1.000000000
 40
1.000000000
 40
1.000000000
 10
41.029290000
 20
154.242180000
 30
3.000000000
 10
41.003090000
 20
154.455320000
 30
3.000000000
 10
40.992590000
 20
154.798530000
 30
3.000000000
 10
41.005960000
 20
155.004860000
 30
3.000000000
  0
SPLINE
  5
DB1
330
A02
100
AcDbEntity
  8
Shape2DView001
100
AcDbSpline
210
0
220
0
230
1
 70
8
 71
1
 72
4
 73
2
 74
0
 40
0.000000000
 40
0.000000000
 40
0.375950043
 40
0.375950043
 10
41.005960000
 20
155.004860000
 30
3.000000000
 10
41.030320000
 20
155.380020000
 30
3.000000000
  0
SPLINE
  5
DB2
330
A02
100
AcDbEntity
  8
Shape2DView001
100
AcDbSpline
210
0
220
0
230
1
 70
8
 71
1
 72
4
 73
2
 74
0
 40
0.000000000
 40
0.000000000
 40
0.379065569
 40
0.379065569
 10
41.030320000
 20
155.380020000
 30
3.000000000
 10
41.406166000
 20
155.429320000
 30
3.000000000
  0
SPLINE
  5
DB3
330
A02
100
AcDbEntity
  8
Shape2DView001
100
AcDbSpline
210
0
220
0
230
1
 70
8
 71
3
 72
8
 73
4
 74
0
 40
0.000000000
 40
0.000000000
 40
0.000000000
 40
0.000000000
 40
1.000000000
 40
1.000000000
 40
1.000000000
 40
1.000000000
 10
41.406166000
 20
155.429320000
 30
3.000000000
 10
42.109598000
 20
155.521620000
 30
3.000000000
 10
42.683260000
 20
155.541720000
 30
3.000000000
 10
43.081945000
 20
155.488120000
 30
3.000000000
  0
SPLINE
  5
DB4
330
A02
100
AcDbEntity
  8
Shape2DView001
100
AcDbSpline
210
0
220
0
230
1
 70
8
 71
1
 72
4
 73
2
 74
0
 40
0.000000000
 40
0.000000000
 40
0.000396914
 40
0.000396914
 10
43.081945000
 20
155.488120000
 30
3.000000000
 10
43.081674000
 20
155.487830000
 30
3.000000000
  0
SPLINE
  5
DB5
330
A02
100
AcDbEntity
  8
Shape2DView001
100
AcDbSpline
210
0
220
0
230
1
 70
8
 71
3
 72
8
 73
4
 74
0
 40
0.000000000
 40
0.000000000
 40
0.000000000
 40
0.000000000
 40
1.000000000
 40
1.000000000
 40
1.000000000
 40
1.000000000
 10
37.815080000
 20
155.489830000
 30
3.000000000
 10
38.951550000
 20
155.340100000
 30
3.000000000
 10
39.711211000
 20
154.650130000
 30
3.000000000
 10
39.975937000
 20
153.527200000
 30
3.000000000
  0
SPLINE
  5
DB6
330
A02
100
AcDbEntity
  8
Shape2DView001
100
AcDbSpline
210
0
220
0
230
1
 70
8
 71
3
 72
8
 73
4
 74
0
 40
0.000000000
 40
0.000000000
 40
0.000000000
 40
0.000000000
 40
1.000000000
 40
1.000000000
 40
1.000000000
 40
1.000000000
 10
39.975937000
 20
153.527200000
 30
3.000000000
 10
40.129845000
 20
152.874340000
 30
3.000000000
 10
40.127896000
 20
151.140520000
 30
3.000000000
 10
39.972737000
 20
150.457240000
 30
3.000000000
  0
SPLINE
  5
DB7
330
A02
100
AcDbEntity
  8
Shape2DView001
100
AcDbSpline
210
0
220
0
230
1
 70
8
 71
3
 72
8
 73
4
 74
0
 40
0.000000000
 40
0.000000000
 40
0.000000000
 40
0.000000000
 40
1.000000000
 40
1.000000000
 40
1.000000000
 40
1.000000000
 10
39.972737000
 20
150.457240000
 30
3.000000000
 10
39.758810000
 20
149.516700000
 30
3.000000000
 10
39.133218000
 20
148.779850000
 30
3.000000000
 10
38.268688000
 20
148.450160000
 30
3.000000000
  0
SPLINE
  5
DB8
330
A02
100
AcDbEntity
  8
Shape2DView001
100
AcDbSpline
210
0
220
0
230
1
 70
8
 71
3
 72
8
 73
4
 74
0
 40
0.000000000
 40
0.000000000
 40
0.000000000
 40
0.000000000
 40
1.000000000
 40
1.000000000
 40
1.000000000
 40
1.000000000
 10
38.268688000
 20
148.450160000
 30
3.000000000
 10
37.794460000
 20
148.269300000
 30
3.000000000
 10
36.274910000
 20
148.269750000
 30
3.000000000
 10
35.755710000
 20
148.451160000
 30
3.000000000
  0
SPLINE
  5
DB9
330
A02
100
AcDbEntity
  8
Shape2DView001
100
AcDbSpline
210
0
220
0
230
1
 70
8
 71
3
 72
8
 73
4
 74
0
 40
0.000000000
 40
0.000000000
 40
0.000000000
 40
0.000000000
 40
1.000000000
 40
1.000000000
 40
1.000000000
 40
1.000000000
 10
35.755710000
 20
148.451160000
 30
3.000000000
 10
34.947870000
 20
148.733010000
 30
3.000000000
 10
34.411110000
 20
149.433930000
 30
3.000000000
 10
34.190220000
 20
150.495430000
 30
3.000000000
  0
SPLINE
  5
DBA
330
A02
100
AcDbEntity
  8
Shape2DView001
100
AcDbSpline
210
0
220
0
230
1
 70
8
 71
3
 72
8
 73
4
 74
0
 40
0.000000000
 40
0.000000000
 40
0.000000000
 40
0.000000000
 40
1.000000000
 40
1.000000000
 40
1.000000000
 40
1.000000000
 10
34.190220000
 20
150.495430000
 30
3.000000000
 10
34.070140000
 20
151.072470000
 30
3.000000000
 10
34.071880000
 20
151.385030000
 30
3.000000000
 10
34.200420000
 20
152.317050000
 30
3.000000000
  0
SPLINE
  5
DBB
330
A02
100
AcDbEntity
  8
Shape2DView001
100
AcDbSpline
210
0
220
0
230
1
 70
8
 71
1
 72
4
 73
2
 74
0
 40
0.000000000
 40
0.000000000
 40
0.321263556
 40
0.321263556
 10
34.200420000
 20
152.317050000
 30
3.000000000
 10
34.244320000
 20
152.635300000
 30
3.000000000
  0
SPLINE
  5
DBC
330
A02
100
AcDbEntity
  8
Shape2DView001
100
AcDbSpline
210
0
220
0
230
1
 70
8
 71
1
 72
4
 73
2
 74
0
 40
0.000000000
 40
0.000000000
 40
2.002489878
 40
2.002489878
 10
34.244320000
 20
152.635300000
 30
3.000000000
 10
36.246710000
 20
152.655300000
 30
3.000000000
  0
SPLINE
  5
DBD
330
A02
100
AcDbEntity
  8
Shape2DView001
100
AcDbSpline
210
0
220
0
230
1
 70
8
 71
1
 72
4
 73
2
 74
0
 40
0.000000000
 40
0.000000000
 40
2.002495878
 40
2.002495878
 10
36.246710000
 20
152.655300000
 30
3.000000000
 10
38.249106000
 20
152.675300000
 30
3.000000000
  0
SPLINE
  5
DBE
330
A02
100
AcDbEntity
  8
Shape2DView001
100
AcDbSpline
210
0
220
0
230
1
 70
8
 71
1
 72
4
 73
2
 74
0
 40
0.000000000
 40
0.000000000
 40
0.280085990
 40
0.280085990
 10
38.249106000
 20
152.675300000
 30
3.000000000
 10
38.240706000
 20
152.955260000
 30
3.000000000
  0
SPLINE
  5
DBF
330
A02
100
AcDbEntity
  8
Shape2DView001
100
AcDbSpline
210
0
220
0
230
1
 70
8
 71
3
 72
8
 73
4
 74
0
 40
0.000000000
 40
0.000000000
 40
0.000000000
 40
0.000000000
 40
1.000000000
 40
1.000000000
 40
1.000000000
 40
1.000000000
 10
38.240706000
 20
152.955260000
 30
3.000000000
 10
38.228746000
 20
153.353590000
 30
3.000000000
 10
37.916340000
 20
153.737300000
 30
3.000000000
 10
37.514190000
 20
153.847600000
 30
3.000000000
  0
SPLINE
  5
DC0
330
A02
100
AcDbEntity
  8
Shape2DView001
100
AcDbSpline
210
0
220
0
230
1
 70
8
 71
3
 72
8
 73
4
 74
0
 40
0.000000000
 40
0.000000000
 40
0.000000000
 40
0.000000000
 40
1.000000000
 40
1.000000000
 40
1.000000000
 40
1.000000000
 10
37.514190000
 20
153.847600000
 30
3.000000000
 10
37.295060000
 20
153.907700000
 30
3.000000000
 10
36.782000000
 20
153.919600000
 30
3.000000000
 10
35.857540000
 20
153.885900000
 30
3.000000000
  0
SPLINE
  5
DC1
330
A02
100
AcDbEntity
  8
Shape2DView001
100
AcDbSpline
210
0
220
0
230
1
 70
8
 71
3
 72
8
 73
4
 74
0
 40
0.000000000
 40
0.000000000
 40
0.000000000
 40
0.000000000
 40
1.000000000
 40
1.000000000
 40
1.000000000
 40
1.000000000
 10
35.857540000
 20
153.885900000
 30
3.000000000
 10
35.120970000
 20
153.859100000
 30
3.000000000
 10
34.478280000
 20
153.829400000
 30
3.000000000
 10
34.429340000
 20
153.820000000
 30
3.000000000
  0
SPLINE
  5
DC2
330
A02
100
AcDbEntity
  8
Shape2DView001
100
AcDbSpline
210
0
220
0
230
1
 70
8
 71
3
 72
8
 73
4
 74
0
 40
0.000000000
 40
0.000000000
 40
0.000000000
 40
0.000000000
 40
1.000000000
 40
1.000000000
 40
1.000000000
 40
1.000000000
 10
34.429340000
 20
153.820000000
 30
3.000000000
 10
34.366140000
 20
153.807800000
 30
3.000000000
 10
34.340340000
 20
153.998670000
 30
3.000000000
 10
34.340340000
 20
154.478580000
 30
3.000000000
  0
SPLINE
  5
DC3
330
A02
100
AcDbEntity
  8
Shape2DView001
100
AcDbSpline
210
0
220
0
230
1
 70
8
 71
1
 72
4
 73
2
 74
0
 40
0.000000000
 40
0.000000000
 40
0.675720000
 40
0.675720000
 10
34.340340000
 20
154.478580000
 30
3.000000000
 10
34.340340000
 20
155.154300000
 30
3.000000000
  0
SPLINE
  5
DC4
330
A02
100
AcDbEntity
  8
Shape2DView001
100
AcDbSpline
210
0
220
0
230
1
 70
8
 71
1
 72
4
 73
2
 74
0
 40
0.000000000
 40
0.000000000
 40
0.614431559
 40
0.614431559
 10
34.340340000
 20
155.154300000
 30
3.000000000
 10
34.941680000
 20
155.280460000
 30
3.000000000
  0
SPLINE
  5
DC5
330
A02
100
AcDbEntity
  8
Shape2DView001
100
AcDbSpline
210
0
220
0
230
1
 70
8
 71
3
 72
8
 73
4
 74
0
 40
0.000000000
 40
0.000000000
 40
0.000000000
 40
0.000000000
 40
1.000000000
 40
1.000000000
 40
1.000000000
 40
1.000000000
 10
34.941680000
 20
155.280460000
 30
3.000000000
 10
35.272420000
 20
155.349860000
 30
3.000000000
 10
35.813630000
 20
155.427610000
 30
3.000000000
 10
36.144370000
 20
155.453260000
 30
3.000000000
  0
SPLINE
  5
DC6
330
A02
100
AcDbEntity
  8
Shape2DView001
100
AcDbSpline
210
0
220
0
230
1
 70
8
 71
3
 72
8
 73
4
 74
0
 40
0.000000000
 40
0.000000000
 40
0.000000000
 40
0.000000000
 40
1.000000000
 40
1.000000000
 40
1.000000000
 40
1.000000000
 10
36.144370000
 20
155.453260000
 30
3.000000000
 10
36.475110000
 20
155.478960000
 30
3.000000000
 10
36.881020000
 20
155.511560000
 30
3.000000000
 10
37.046390000
 20
155.525860000
 30
3.000000000
  0
SPLINE
  5
DC7
330
A02
100
AcDbEntity
  8
Shape2DView001
100
AcDbSpline
210
0
220
0
230
1
 70
8
 71
3
 72
8
 73
4
 74
0
 40
0.000000000
 40
0.000000000
 40
0.000000000
 40
0.000000000
 40
1.000000000
 40
1.000000000
 40
1.000000000
 40
1.000000000
 10
37.046390000
 20
155.525860000
 30
3.000000000
 10
37.211760000
 20
155.540160000
 30
3.000000000
 10
37.557780000
 20
155.523860000
 30
3.000000000
 10
37.815340000
 20
155.490160000
 30
3.000000000
  0
SPLINE
  5
DC8
330
A02
100
AcDbEntity
  8
Shape2DView001
100
AcDbSpline
210
0
220
0
230
1
 70
8
 71
1
 72
4
 73
2
 74
0
 40
0.000000000
 40
0.000000000
 40
0.000420119
 40
0.000420119
 10
37.815340000
 20
155.490160000
 30
3.000000000
 10
37.815080000
 20
155.489830000
 30
3.000000000
  0
SPLINE
  5
DC9
330
A02
100
AcDbEntity
  8
Shape2DView001
100
AcDbSpline
210
0
220
0
230
1
 70
8
 71
3
 72
8
 73
4
 74
0
 40
0.000000000
 40
0.000000000
 40
0.000000000
 40
0.000000000
 40
1.000000000
 40
1.000000000
 40
1.000000000
 40
1.000000000
 10
35.898050000
 20
150.946180000
 30
3.000000000
 10
35.873550000
 20
150.587640000
 30
3.000000000
 10
36.058580000
 20
150.192740000
 30
3.000000000
 10
36.351890000
 20
149.977660000
 30
3.000000000
  0
SPLINE
  5
DCA
330
A02
100
AcDbEntity
  8
Shape2DView001
100
AcDbSpline
210
0
220
0
230
1
 70
8
 71
3
 72
8
 73
4
 74
0
 40
0.000000000
 40
0.000000000
 40
0.000000000
 40
0.000000000
 40
1.000000000
 40
1.000000000
 40
1.000000000
 40
1.000000000
 10
36.351890000
 20
149.977660000
 30
3.000000000
 10
36.513640000
 20
149.859060000
 30
3.000000000
 10
36.675810000
 20
149.825300000
 30
3.000000000
 10
37.083710000
 20
149.825300000
 30
3.000000000
  0
SPLINE
  5
DCB
330
A02
100
AcDbEntity
  8
Shape2DView001
100
AcDbSpline
210
0
220
0
230
1
 70
8
 71
3
 72
8
 73
4
 74
0
 40
0.000000000
 40
0.000000000
 40
0.000000000
 40
0.000000000
 40
1.000000000
 40
1.000000000
 40
1.000000000
 40
1.000000000
 10
37.083710000
 20
149.825300000
 30
3.000000000
 10
37.491620000
 20
149.825300000
 30
3.000000000
 10
37.653800000
 20
149.859100000
 30
3.000000000
 10
37.815530000
 20
149.977660000
 30
3.000000000
  0
SPLINE
  5
DCC
330
A02
100
AcDbEntity
  8
Shape2DView001
100
AcDbSpline
210
0
220
0
230
1
 70
8
 71
3
 72
8
 73
4
 74
0
 40
0.000000000
 40
0.000000000
 40
0.000000000
 40
0.000000000
 40
1.000000000
 40
1.000000000
 40
1.000000000
 40
1.000000000
 10
37.815530000
 20
149.977660000
 30
3.000000000
 10
38.098135000
 20
150.184880000
 30
3.000000000
 10
38.286147000
 20
150.579970000
 30
3.000000000
 10
38.286293000
 20
150.966890000
 30
3.000000000
  0
SPLINE
  5
DCD
330
A02
100
AcDbEntity
  8
Shape2DView001
100
AcDbSpline
210
0
220
0
230
1
 70
8
 71
1
 72
4
 73
2
 74
0
 40
0.000000000
 40
0.000000000
 40
0.321370020
 40
0.321370020
 10
38.286293000
 20
150.966890000
 30
3.000000000
 10
38.286407000
 20
151.288260000
 30
3.000000000
  0
SPLINE
  5
DCE
330
A02
100
AcDbEntity
  8
Shape2DView001
100
AcDbSpline
210
0
220
0
230
1
 70
8
 71
1
 72
4
 73
2
 74
0
 40
0.000000000
 40
0.000000000
 40
1.184077952
 40
1.184077952
 10
38.286407000
 20
151.288260000
 30
3.000000000
 10
37.102510000
 20
151.267560000
 30
3.000000000
  0
SPLINE
  5
DCF
330
A02
100
AcDbEntity
  8
Shape2DView001
100
AcDbSpline
210
0
220
0
230
1
 70
8
 71
1
 72
4
 73
2
 74
0
 40
0.000000000
 40
0.000000000
 40
1.184080952
 40
1.184080952
 10
37.102510000
 20
151.267560000
 30
3.000000000
 10
35.918610000
 20
151.246860000
 30
3.000000000
  0
SPLINE
  5
DD0
330
A02
100
AcDbEntity
  8
Shape2DView001
100
AcDbSpline
210
0
220
0
230
1
 70
8
 71
1
 72
4
 73
2
 74
0
 40
0.000000000
 40
0.000000000
 40
0.301382110
 40
0.301382110
 10
35.918610000
 20
151.246860000
 30
3.000000000
 10
35.898050000
 20
150.946180000
 30
3.000000000
  0
SPLINE
  5
DD1
330
A02
100
AcDbEntity
  8
Shape2DView001
100
AcDbSpline
210
0
220
0
230
1
 70
8
 71
3
 72
8
 73
4
 74
0
 40
0.000000000
 40
0.000000000
 40
0.000000000
 40
0.000000000
 40
1.000000000
 40
1.000000000
 40
1.000000000
 40
1.000000000
 10
68.879851000
 20
155.428500000
 30
3.000000000
 10
69.708787000
 20
155.153800000
 30
3.000000000
 10
70.213548000
 20
154.633410000
 30
3.000000000
 10
70.503887000
 20
153.754170000
 30
3.000000000
  0
SPLINE
  5
DD2
330
A02
100
AcDbEntity
  8
Shape2DView001
100
AcDbSpline
210
0
220
0
230
1
 70
8
 71
3
 72
8
 73
4
 74
0
 40
0.000000000
 40
0.000000000
 40
0.000000000
 40
0.000000000
 40
1.000000000
 40
1.000000000
 40
1.000000000
 40
1.000000000
 10
70.503887000
 20
153.754170000
 30
3.000000000
 10
70.696680000
 20
153.170340000
 30
3.000000000
 10
70.711259000
 20
153.038690000
 30
3.000000000
 10
70.710803000
 20
151.885810000
 30
3.000000000
  0
SPLINE
  5
DD3
330
A02
100
AcDbEntity
  8
Shape2DView001
100
AcDbSpline
210
0
220
0
230
1
 70
8
 71
3
 72
8
 73
4
 74
0
 40
0.000000000
 40
0.000000000
 40
0.000000000
 40
0.000000000
 40
1.000000000
 40
1.000000000
 40
1.000000000
 40
1.000000000
 10
70.710803000
 20
151.885810000
 30
3.000000000
 10
70.710261000
 20
150.719930000
 30
3.000000000
 10
70.697443000
 20
150.607720000
 30
3.000000000
 10
70.495804000
 20
150.015060000
 30
3.000000000
  0
SPLINE
  5
DD4
330
A02
100
AcDbEntity
  8
Shape2DView001
100
AcDbSpline
210
0
220
0
230
1
 70
8
 71
3
 72
8
 73
4
 74
0
 40
0.000000000
 40
0.000000000
 40
0.000000000
 40
0.000000000
 40
1.000000000
 40
1.000000000
 40
1.000000000
 40
1.000000000
 10
70.495804000
 20
150.015060000
 30
3.000000000
 10
70.319923000
 20
149.498120000
 30
3.000000000
 10
70.211624000
 20
149.313220000
 30
3.000000000
 10
69.894418000
 20
148.988320000
 30
3.000000000
  0
SPLINE
  5
DD5
330
A02
100
AcDbEntity
  8
Shape2DView001
100
AcDbSpline
210
0
220
0
230
1
 70
8
 71
3
 72
8
 73
4
 74
0
 40
0.000000000
 40
0.000000000
 40
0.000000000
 40
0.000000000
 40
1.000000000
 40
1.000000000
 40
1.000000000
 40
1.000000000
 10
69.894418000
 20
148.988320000
 30
3.000000000
 10
69.431255000
 20
148.513920000
 30
3.000000000
 10
69.022012000
 20
148.364460000
 30
3.000000000
 10
68.015416000
 20
148.302080000
 30
3.000000000
  0
SPLINE
  5
DD6
330
A02
100
AcDbEntity
  8
Shape2DView001
100
AcDbSpline
210
0
220
0
230
1
 70
8
 71
3
 72
8
 73
4
 74
0
 40
0.000000000
 40
0.000000000
 40
0.000000000
 40
0.000000000
 40
1.000000000
 40
1.000000000
 40
1.000000000
 40
1.000000000
 10
68.015416000
 20
148.302080000
 30
3.000000000
 10
67.383262000
 20
148.262880000
 30
3.000000000
 10
65.834453000
 20
148.425360000
 30
3.000000000
 10
65.628904000
 20
148.552390000
 30
3.000000000
  0
SPLINE
  5
DD7
330
A02
100
AcDbEntity
  8
Shape2DView001
100
AcDbSpline
210
0
220
0
230
1
 70
8
 71
3
 72
8
 73
4
 74
0
 40
0.000000000
 40
0.000000000
 40
0.000000000
 40
0.000000000
 40
1.000000000
 40
1.000000000
 40
1.000000000
 40
1.000000000
 10
65.628904000
 20
148.552390000
 30
3.000000000
 10
65.545084000
 20
148.604190000
 30
3.000000000
 10
65.616974000
 20
149.934380000
 30
3.000000000
 10
65.707994000
 20
150.015960000
 30
3.000000000
  0
SPLINE
  5
DD8
330
A02
100
AcDbEntity
  8
Shape2DView001
100
AcDbSpline
210
0
220
0
230
1
 70
8
 71
3
 72
8
 73
4
 74
0
 40
0.000000000
 40
0.000000000
 40
0.000000000
 40
0.000000000
 40
1.000000000
 40
1.000000000
 40
1.000000000
 40
1.000000000
 10
65.707994000
 20
150.015960000
 30
3.000000000
 10
65.736804000
 20
150.041760000
 30
3.000000000
 10
66.030975000
 20
150.030860000
 30
3.000000000
 10
66.361716000
 20
149.991660000
 30
3.000000000
  0
SPLINE
  5
DD9
330
A02
100
AcDbEntity
  8
Shape2DView001
100
AcDbSpline
210
0
220
0
230
1
 70
8
 71
3
 72
8
 73
4
 74
0
 40
0.000000000
 40
0.000000000
 40
0.000000000
 40
0.000000000
 40
1.000000000
 40
1.000000000
 40
1.000000000
 40
1.000000000
 10
66.361716000
 20
149.991660000
 30
3.000000000
 10
67.529987000
 20
149.853250000
 30
3.000000000
 10
68.352279000
 20
150.005860000
 30
3.000000000
 10
68.617213000
 20
150.410170000
 30
3.000000000
  0
SPLINE
  5
DDA
330
A02
100
AcDbEntity
  8
Shape2DView001
100
AcDbSpline
210
0
220
0
230
1
 70
8
 71
3
 72
8
 73
4
 74
0
 40
0.000000000
 40
0.000000000
 40
0.000000000
 40
0.000000000
 40
1.000000000
 40
1.000000000
 40
1.000000000
 40
1.000000000
 10
68.617213000
 20
150.410170000
 30
3.000000000
 10
68.818765000
 20
150.717770000
 30
3.000000000
 10
68.919928000
 20
151.715620000
 30
3.000000000
 10
68.823001000
 20
152.440030000
 30
3.000000000
  0
SPLINE
  5
DDB
330
A02
100
AcDbEntity
  8
Shape2DView001
100
AcDbSpline
210
0
220
0
230
1
 70
8
 71
3
 72
8
 73
4
 74
0
 40
0.000000000
 40
0.000000000
 40
0.000000000
 40
0.000000000
 40
1.000000000
 40
1.000000000
 40
1.000000000
 40
1.000000000
 10
68.823001000
 20
152.440030000
 30
3.000000000
 10
68.722512000
 20
153.191080000
 30
3.000000000
 10
68.586656000
 20
153.491310000
 30
3.000000000
 10
68.256062000
 20
153.692880000
 30
3.000000000
  0
SPLINE
  5
DDC
330
A02
100
AcDbEntity
  8
Shape2DView001
100
AcDbSpline
210
0
220
0
230
1
 70
8
 71
3
 72
8
 73
4
 74
0
 40
0.000000000
 40
0.000000000
 40
0.000000000
 40
0.000000000
 40
1.000000000
 40
1.000000000
 40
1.000000000
 40
1.000000000
 10
68.256062000
 20
153.692880000
 30
3.000000000
 10
68.044340000
 20
153.821980000
 30
3.000000000
 10
67.873115000
 20
153.839650000
 30
3.000000000
 10
66.831516000
 20
153.839900000
 30
3.000000000
  0
SPLINE
  5
DDD
330
A02
100
AcDbEntity
  8
Shape2DView001
100
AcDbSpline
210
0
220
0
230
1
 70
8
 71
1
 72
4
 73
2
 74
0
 40
0.000000000
 40
0.000000000
 40
1.183899033
 40
1.183899033
 10
66.831516000
 20
153.839900000
 30
3.000000000
 10
65.647617000
 20
153.840180000
 30
3.000000000
  0
SPLINE
  5
DDE
330
A02
100
AcDbEntity
  8
Shape2DView001
100
AcDbSpline
210
0
220
0
230
1
 70
8
 71
1
 72
4
 73
2
 74
0
 40
0.000000000
 40
0.000000000
 40
0.701180000
 40
0.701180000
 10
65.647617000
 20
153.840180000
 30
3.000000000
 10
65.647617000
 20
154.541360000
 30
3.000000000
  0
SPLINE
  5
DDF
330
A02
100
AcDbEntity
  8
Shape2DView001
100
AcDbSpline
210
0
220
0
230
1
 70
8
 71
1
 72
4
 73
2
 74
0
 40
0.000000000
 40
0.000000000
 40
0.701190000
 40
0.701190000
 10
65.647617000
 20
154.541360000
 30
3.000000000
 10
65.647617000
 20
155.242550000
 30
3.000000000
  0
SPLINE
  5
DE0
330
A02
100
AcDbEntity
  8
Shape2DView001
100
AcDbSpline
210
0
220
0
230
1
 70
8
 71
1
 72
4
 73
2
 74
0
 40
0.000000000
 40
0.000000000
 40
0.406167445
 40
0.406167445
 10
65.647617000
 20
155.242550000
 30
3.000000000
 10
66.042252000
 20
155.338650000
 30
3.000000000
  0
SPLINE
  5
DE1
330
A02
100
AcDbEntity
  8
Shape2DView001
100
AcDbSpline
210
0
220
0
230
1
 70
8
 71
3
 72
8
 73
4
 74
0
 40
0.000000000
 40
0.000000000
 40
0.000000000
 40
0.000000000
 40
1.000000000
 40
1.000000000
 40
1.000000000
 40
1.000000000
 10
66.042252000
 20
155.338650000
 30
3.000000000
 10
66.507344000
 20
155.451930000
 30
3.000000000
 10
68.608389000
 20
155.518440000
 30
3.000000000
 10
68.879850000
 20
155.428450000
 30
3.000000000
  0
SPLINE
  5
DE2
330
A02
100
AcDbEntity
  8
Shape2DView001
100
AcDbSpline
210
0
220
0
230
1
 70
8
 71
1
 72
4
 73
2
 74
0
 40
0.000000000
 40
0.000000000
 40
0.000050010
 40
0.000050010
 10
68.879850000
 20
155.428450000
 30
3.000000000
 10
68.879851000
 20
155.428500000
 30
3.000000000
  0
SPLINE
  5
DE3
330
A02
100
AcDbEntity
  8
Shape2DView001
100
AcDbSpline
210
0
220
0
230
1
 70
8
 71
3
 72
8
 73
4
 74
0
 40
0.000000000
 40
0.000000000
 40
0.000000000
 40
0.000000000
 40
1.000000000
 40
1.000000000
 40
1.000000000
 40
1.000000000
 10
57.533174000
 20
155.396500000
 30
3.000000000
 10
58.821560000
 20
155.029690000
 30
3.000000000
 10
59.325258000
 20
154.075670000
 30
3.000000000
 10
59.330852000
 20
151.991660000
 30
3.000000000
  0
SPLINE
  5
DE4
330
A02
100
AcDbEntity
  8
Shape2DView001
100
AcDbSpline
210
0
220
0
230
1
 70
8
 71
3
 72
8
 73
4
 74
0
 40
0.000000000
 40
0.000000000
 40
0.000000000
 40
0.000000000
 40
1.000000000
 40
1.000000000
 40
1.000000000
 40
1.000000000
 10
59.330852000
 20
151.991660000
 30
3.000000000
 10
59.335252000
 20
150.339560000
 30
3.000000000
 10
58.954487000
 20
149.332380000
 30
3.000000000
 10
58.106869000
 20
148.754340000
 30
3.000000000
  0
SPLINE
  5
DE5
330
A02
100
AcDbEntity
  8
Shape2DView001
100
AcDbSpline
210
0
220
0
230
1
 70
8
 71
3
 72
8
 73
4
 74
0
 40
0.000000000
 40
0.000000000
 40
0.000000000
 40
0.000000000
 40
1.000000000
 40
1.000000000
 40
1.000000000
 40
1.000000000
 10
58.106869000
 20
148.754340000
 30
3.000000000
 10
57.668372000
 20
148.455300000
 30
3.000000000
 10
57.367672000
 20
148.363990000
 30
3.000000000
 10
56.622278000
 20
148.303550000
 30
3.000000000
  0
SPLINE
  5
DE6
330
A02
100
AcDbEntity
  8
Shape2DView001
100
AcDbSpline
210
0
220
0
230
1
 70
8
 71
3
 72
8
 73
4
 74
0
 40
0.000000000
 40
0.000000000
 40
0.000000000
 40
0.000000000
 40
1.000000000
 40
1.000000000
 40
1.000000000
 40
1.000000000
 10
56.622278000
 20
148.303550000
 30
3.000000000
 10
54.977654000
 20
148.170210000
 30
3.000000000
 10
53.823076000
 20
148.846980000
 30
3.000000000
 10
53.472198000
 20
150.150040000
 30
3.000000000
  0
SPLINE
  5
DE7
330
A02
100
AcDbEntity
  8
Shape2DView001
100
AcDbSpline
210
0
220
0
230
1
 70
8
 71
3
 72
8
 73
4
 74
0
 40
0.000000000
 40
0.000000000
 40
0.000000000
 40
0.000000000
 40
1.000000000
 40
1.000000000
 40
1.000000000
 40
1.000000000
 10
53.472198000
 20
150.150040000
 30
3.000000000
 10
53.379398000
 20
150.494690000
 30
3.000000000
 10
53.355524000
 20
152.114820000
 30
3.000000000
 10
53.438388000
 20
152.444970000
 30
3.000000000
  0
SPLINE
  5
DE8
330
A02
100
AcDbEntity
  8
Shape2DView001
100
AcDbSpline
210
0
220
0
230
1
 70
8
 71
1
 72
4
 73
2
 74
0
 40
0.000000000
 40
0.000000000
 40
0.195852455
 40
0.195852455
 10
53.438388000
 20
152.444970000
 30
3.000000000
 10
53.486068000
 20
152.634930000
 30
3.000000000
  0
SPLINE
  5
DE9
330
A02
100
AcDbEntity
  8
Shape2DView001
100
AcDbSpline
210
0
220
0
230
1
 70
8
 71
1
 72
4
 73
2
 74
0
 40
0.000000000
 40
0.000000000
 40
2.003002853
 40
2.003002853
 10
53.486068000
 20
152.634930000
 30
3.000000000
 10
55.488971000
 20
152.654930000
 30
3.000000000
  0
SPLINE
  5
DEA
330
A02
100
AcDbEntity
  8
Shape2DView001
100
AcDbSpline
210
0
220
0
230
1
 70
8
 71
1
 72
4
 73
2
 74
0
 40
0.000000000
 40
0.000000000
 40
2.003003853
 40
2.003003853
 10
55.488971000
 20
152.654930000
 30
3.000000000
 10
57.491875000
 20
152.674930000
 30
3.000000000
  0
SPLINE
  5
DEB
330
A02
100
AcDbEntity
  8
Shape2DView001
100
AcDbSpline
210
0
220
0
230
1
 70
8
 71
1
 72
4
 73
2
 74
0
 40
0.000000000
 40
0.000000000
 40
0.209672346
 40
0.209672346
 10
57.491875000
 20
152.674930000
 30
3.000000000
 10
57.515825000
 20
152.883230000
 30
3.000000000
  0
SPLINE
  5
DEC
330
A02
100
AcDbEntity
  8
Shape2DView001
100
AcDbSpline
210
0
220
0
230
1
 70
8
 71
3
 72
8
 73
4
 74
0
 40
0.000000000
 40
0.000000000
 40
0.000000000
 40
0.000000000
 40
1.000000000
 40
1.000000000
 40
1.000000000
 40
1.000000000
 10
57.515825000
 20
152.883230000
 30
3.000000000
 10
57.544545000
 20
153.133150000
 30
3.000000000
 10
57.306338000
 20
153.544580000
 30
3.000000000
 10
57.020763000
 20
153.738300000
 30
3.000000000
  0
SPLINE
  5
DED
330
A02
100
AcDbEntity
  8
Shape2DView001
100
AcDbSpline
210
0
220
0
230
1
 70
8
 71
3
 72
8
 73
4
 74
0
 40
0.000000000
 40
0.000000000
 40
0.000000000
 40
0.000000000
 40
1.000000000
 40
1.000000000
 40
1.000000000
 40
1.000000000
 10
57.020763000
 20
153.738300000
 30
3.000000000
 10
56.834502000
 20
153.864640000
 30
3.000000000
 10
56.663115000
 20
153.876220000
 30
3.000000000
 10
55.180465000
 20
153.862630000
 30
3.000000000
  0
SPLINE
  5
DEE
330
A02
100
AcDbEntity
  8
Shape2DView001
100
AcDbSpline
210
0
220
0
230
1
 70
8
 71
1
 72
4
 73
2
 74
0
 40
0.000000000
 40
0.000000000
 40
1.634974810
 40
1.634974810
 10
55.180465000
 20
153.862630000
 30
3.000000000
 10
53.545559000
 20
153.847630000
 30
3.000000000
  0
SPLINE
  5
DEF
330
A02
100
AcDbEntity
  8
Shape2DView001
100
AcDbSpline
210
0
220
0
230
1
 70
8
 71
1
 72
4
 73
2
 74
0
 40
0.000000000
 40
0.000000000
 40
0.630700000
 40
0.630700000
 10
53.545559000
 20
153.847630000
 30
3.000000000
 10
53.545559000
 20
154.478330000
 30
3.000000000
  0
SPLINE
  5
DF0
330
A02
100
AcDbEntity
  8
Shape2DView001
100
AcDbSpline
210
0
220
0
230
1
 70
8
 71
3
 72
8
 73
4
 74
0
 40
0.000000000
 40
0.000000000
 40
0.000000000
 40
0.000000000
 40
1.000000000
 40
1.000000000
 40
1.000000000
 40
1.000000000
 10
53.545559000
 20
154.478330000
 30
3.000000000
 10
53.545559000
 20
154.825210000
 30
3.000000000
 10
53.573399000
 20
155.126230000
 30
3.000000000
 10
53.607449000
 20
155.147270000
 30
3.000000000
  0
SPLINE
  5
DF1
330
A02
100
AcDbEntity
  8
Shape2DView001
100
AcDbSpline
210
0
220
0
230
1
 70
8
 71
3
 72
8
 73
4
 74
0
 40
0.000000000
 40
0.000000000
 40
0.000000000
 40
0.000000000
 40
1.000000000
 40
1.000000000
 40
1.000000000
 40
1.000000000
 10
53.607449000
 20
155.147270000
 30
3.000000000
 10
54.019306000
 20
155.401800000
 30
3.000000000
 10
56.877237000
 20
155.583240000
 30
3.000000000
 10
57.533191000
 20
155.396480000
 30
3.000000000
  0
SPLINE
  5
DF2
330
A02
100
AcDbEntity
  8
Shape2DView001
100
AcDbSpline
210
0
220
0
230
1
 70
8
 71
1
 72
4
 73
2
 74
0
 40
0.000000000
 40
0.000000000
 40
0.000026249
 40
0.000026249
 10
57.533191000
 20
155.396480000
 30
3.000000000
 10
57.533174000
 20
155.396500000
 30
3.000000000
  0
SPLINE
  5
DF3
330
A02
100
AcDbEntity
  8
Shape2DView001
100
AcDbSpline
210
0
220
0
230
1
 70
8
 71
3
 72
8
 73
4
 74
0
 40
0.000000000
 40
0.000000000
 40
0.000000000
 40
0.000000000
 40
1.000000000
 40
1.000000000
 40
1.000000000
 40
1.000000000
 10
55.146312000
 20
150.865080000
 30
3.000000000
 10
55.222892000
 20
150.123080000
 30
3.000000000
 10
55.556979000
 20
149.817010000
 30
3.000000000
 10
56.285875000
 20
149.821100000
 30
3.000000000
  0
SPLINE
  5
DF4
330
A02
100
AcDbEntity
  8
Shape2DView001
100
AcDbSpline
210
0
220
0
230
1
 70
8
 71
3
 72
8
 73
4
 74
0
 40
0.000000000
 40
0.000000000
 40
0.000000000
 40
0.000000000
 40
1.000000000
 40
1.000000000
 40
1.000000000
 40
1.000000000
 10
56.285875000
 20
149.821100000
 30
3.000000000
 10
57.073423000
 20
149.825100000
 30
3.000000000
 10
57.431259000
 20
150.129110000
 30
3.000000000
 10
57.506338000
 20
150.856540000
 30
3.000000000
  0
SPLINE
  5
DF5
330
A02
100
AcDbEntity
  8
Shape2DView001
100
AcDbSpline
210
0
220
0
230
1
 70
8
 71
1
 72
4
 73
2
 74
0
 40
0.000000000
 40
0.000000000
 40
0.430062212
 40
0.430062212
 10
57.506338000
 20
150.856540000
 30
3.000000000
 10
57.550488000
 20
151.284330000
 30
3.000000000
  0
SPLINE
  5
DF6
330
A02
100
AcDbEntity
  8
Shape2DView001
100
AcDbSpline
210
0
220
0
230
1
 70
8
 71
1
 72
4
 73
2
 74
0
 40
0.000000000
 40
0.000000000
 40
1.223725000
 40
1.223725000
 10
57.550488000
 20
151.284330000
 30
3.000000000
 10
56.326763000
 20
151.284330000
 30
3.000000000
  0
SPLINE
  5
DF7
330
A02
100
AcDbEntity
  8
Shape2DView001
100
AcDbSpline
210
0
220
0
230
1
 70
8
 71
1
 72
4
 73
2
 74
0
 40
0.000000000
 40
0.000000000
 40
1.223721000
 40
1.223721000
 10
56.326763000
 20
151.284330000
 30
3.000000000
 10
55.103042000
 20
151.284330000
 30
3.000000000
  0
SPLINE
  5
DF8
330
A02
100
AcDbEntity
  8
Shape2DView001
100
AcDbSpline
210
0
220
0
230
1
 70
8
 71
1
 72
4
 73
2
 74
0
 40
0.000000000
 40
0.000000000
 40
0.421476993
 40
0.421476993
 10
55.103042000
 20
151.284330000
 30
3.000000000
 10
55.146312000
 20
150.865080000
 30
3.000000000
  0
SPLINE
  5
DF9
330
A02
100
AcDbEntity
  8
Shape2DView001
100
AcDbSpline
210
0
220
0
230
1
 70
8
 71
3
 72
8
 73
4
 74
0
 40
0.000000000
 40
0.000000000
 40
0.000000000
 40
0.000000000
 40
1.000000000
 40
1.000000000
 40
1.000000000
 40
1.000000000
 10
64.093161000
 20
155.356690000
 30
3.000000000
 10
64.209213000
 20
155.334290000
 30
3.000000000
 10
64.219424000
 20
155.053220000
 30
3.000000000
 10
64.219424000
 20
151.880160000
 30
3.000000000
  0
SPLINE
  5
DFA
330
A02
100
AcDbEntity
  8
Shape2DView001
100
AcDbSpline
210
0
220
0
230
1
 70
8
 71
1
 72
4
 73
2
 74
0
 40
0.000000000
 40
0.000000000
 40
3.452220000
 40
3.452220000
 10
64.219424000
 20
151.880160000
 30
3.000000000
 10
64.219424000
 20
148.427940000
 30
3.000000000
  0
SPLINE
  5
DFB
330
A02
100
AcDbEntity
  8
Shape2DView001
100
AcDbSpline
210
0
220
0
230
1
 70
8
 71
1
 72
4
 73
2
 74
0
 40
0.000000000
 40
0.000000000
 40
0.902019000
 40
0.902019000
 10
64.219424000
 20
148.427940000
 30
3.000000000
 10
63.317405000
 20
148.427940000
 30
3.000000000
  0
SPLINE
  5
DFC
330
A02
100
AcDbEntity
  8
Shape2DView001
100
AcDbSpline
210
0
220
0
230
1
 70
8
 71
1
 72
4
 73
2
 74
0
 40
0.000000000
 40
0.000000000
 40
0.902018000
 40
0.902018000
 10
63.317405000
 20
148.427940000
 30
3.000000000
 10
62.415387000
 20
148.427940000
 30
3.000000000
  0
SPLINE
  5
DFD
330
A02
100
AcDbEntity
  8
Shape2DView001
100
AcDbSpline
210
0
220
0
230
1
 70
8
 71
1
 72
4
 73
2
 74
0
 40
0.000000000
 40
0.000000000
 40
0.225695835
 40
0.225695835
 10
62.415387000
 20
148.427940000
 30
3.000000000
 10
62.405987000
 20
148.653440000
 30
3.000000000
  0
SPLINE
  5
DFE
330
A02
100
AcDbEntity
  8
Shape2DView001
100
AcDbSpline
210
0
220
0
230
1
 70
8
 71
3
 72
8
 73
4
 74
0
 40
0.000000000
 40
0.000000000
 40
0.000000000
 40
0.000000000
 40
1.000000000
 40
1.000000000
 40
1.000000000
 40
1.000000000
 10
62.405987000
 20
148.653440000
 30
3.000000000
 10
62.393087000
 20
148.963140000
 30
3.000000000
 10
62.384657000
 20
149.009910000
 30
3.000000000
 10
62.332227000
 20
149.062330000
 30
3.000000000
  0
SPLINE
  5
DFF
330
A02
100
AcDbEntity
  8
Shape2DView001
100
AcDbSpline
210
0
220
0
230
1
 70
8
 71
3
 72
8
 73
4
 74
0
 40
0.000000000
 40
0.000000000
 40
0.000000000
 40
0.000000000
 40
1.000000000
 40
1.000000000
 40
1.000000000
 40
1.000000000
 10
62.332227000
 20
149.062330000
 30
3.000000000
 10
62.307167000
 20
149.087430000
 30
3.000000000
 10
62.002733000
 20
148.972530000
 30
3.000000000
 10
61.655714000
 20
148.807090000
 30
3.000000000
  0
SPLINE
  5
E00
330
A02
100
AcDbEntity
  8
Shape2DView001
100
AcDbSpline
210
0
220
0
230
1
 70
8
 71
3
 72
8
 73
4
 74
0
 40
0.000000000
 40
0.000000000
 40
0.000000000
 40
0.000000000
 40
1.000000000
 40
1.000000000
 40
1.000000000
 40
1.000000000
 10
61.655714000
 20
148.807090000
 30
3.000000000
 10
61.308696000
 20
148.641650000
 30
3.000000000
 10
60.838730000
 20
148.459370000
 30
3.000000000
 10
60.611344000
 20
148.402030000
 30
3.000000000
  0
SPLINE
  5
E01
330
A02
100
AcDbEntity
  8
Shape2DView001
100
AcDbSpline
210
0
220
0
230
1
 70
8
 71
1
 72
4
 73
2
 74
0
 40
0.000000000
 40
0.000000000
 40
0.426363475
 40
0.426363475
 10
60.611344000
 20
148.402030000
 30
3.000000000
 10
60.197922000
 20
148.297780000
 30
3.000000000
  0
SPLINE
  5
E02
330
A02
100
AcDbEntity
  8
Shape2DView001
100
AcDbSpline
210
0
220
0
230
1
 70
8
 71
1
 72
4
 73
2
 74
0
 40
0.000000000
 40
0.000000000
 40
0.867151146
 40
0.867151146
 10
60.197922000
 20
148.297780000
 30
3.000000000
 10
60.176642000
 20
149.164670000
 30
3.000000000
  0
SPLINE
  5
E03
330
A02
100
AcDbEntity
  8
Shape2DView001
100
AcDbSpline
210
0
220
0
230
1
 70
8
 71
3
 72
8
 73
4
 74
0
 40
0.000000000
 40
0.000000000
 40
0.000000000
 40
0.000000000
 40
1.000000000
 40
1.000000000
 40
1.000000000
 40
1.000000000
 10
60.176642000
 20
149.164670000
 30
3.000000000
 10
60.164942000
 20
149.641460000
 30
3.000000000
 10
60.181842000
 20
150.055900000
 30
3.000000000
 10
60.214222000
 20
150.085650000
 30
3.000000000
  0
SPLINE
  5
E04
330
A02
100
AcDbEntity
  8
Shape2DView001
100
AcDbSpline
210
0
220
0
230
1
 70
8
 71
3
 72
8
 73
4
 74
0
 40
0.000000000
 40
0.000000000
 40
0.000000000
 40
0.000000000
 40
1.000000000
 40
1.000000000
 40
1.000000000
 40
1.000000000
 10
60.214222000
 20
150.085650000
 30
3.000000000
 10
60.246602000
 20
150.115450000
 30
3.000000000
 10
60.658000000
 20
150.230650000
 30
3.000000000
 10
61.128445000
 20
150.341750000
 30
3.000000000
  0
SPLINE
  5
E05
330
A02
100
AcDbEntity
  8
Shape2DView001
100
AcDbSpline
210
0
220
0
230
1
 70
8
 71
3
 72
8
 73
4
 74
0
 40
0.000000000
 40
0.000000000
 40
0.000000000
 40
0.000000000
 40
1.000000000
 40
1.000000000
 40
1.000000000
 40
1.000000000
 10
61.128445000
 20
150.341750000
 30
3.000000000
 10
61.598889000
 20
150.452850000
 30
3.000000000
 10
62.063992000
 20
150.574240000
 30
3.000000000
 10
62.162007000
 20
150.611510000
 30
3.000000000
  0
SPLINE
  5
E06
330
A02
100
AcDbEntity
  8
Shape2DView001
100
AcDbSpline
210
0
220
0
230
1
 70
8
 71
1
 72
4
 73
2
 74
0
 40
0.000000000
 40
0.000000000
 40
0.190671561
 40
0.190671561
 10
62.162007000
 20
150.611510000
 30
3.000000000
 10
62.340217000
 20
150.679310000
 30
3.000000000
  0
SPLINE
  5
E07
330
A02
100
AcDbEntity
  8
Shape2DView001
100
AcDbSpline
210
0
220
0
230
1
 70
8
 71
1
 72
4
 73
2
 74
0
 40
0.000000000
 40
0.000000000
 40
2.332080000
 40
2.332080000
 10
62.340217000
 20
150.679310000
 30
3.000000000
 10
62.340217000
 20
153.011390000
 30
3.000000000
  0
SPLINE
  5
E08
330
A02
100
AcDbEntity
  8
Shape2DView001
100
AcDbSpline
210
0
220
0
230
1
 70
8
 71
1
 72
4
 73
2
 74
0
 40
0.000000000
 40
0.000000000
 40
2.332070000
 40
2.332070000
 10
62.340217000
 20
153.011390000
 30
3.000000000
 10
62.340217000
 20
155.343460000
 30
3.000000000
  0
SPLINE
  5
E09
330
A02
100
AcDbEntity
  8
Shape2DView001
100
AcDbSpline
210
0
220
0
230
1
 70
8
 71
1
 72
4
 73
2
 74
0
 40
0.000000000
 40
0.000000000
 40
0.206829489
 40
0.206829489
 10
62.340217000
 20
155.343460000
 30
3.000000000
 10
62.546928000
 20
155.350460000
 30
3.000000000
  0
SPLINE
  5
E0A
330
A02
100
AcDbEntity
  8
Shape2DView001
100
AcDbSpline
210
0
220
0
230
1
 70
8
 71
3
 72
8
 73
4
 74
0
 40
0.000000000
 40
0.000000000
 40
0.000000000
 40
0.000000000
 40
1.000000000
 40
1.000000000
 40
1.000000000
 40
1.000000000
 10
62.546928000
 20
155.350460000
 30
3.000000000
 10
63.212291000
 20
155.374360000
 30
3.000000000
 10
63.984117000
 20
155.377360000
 30
3.000000000
 10
64.093158000
 20
155.356460000
 30
3.000000000
  0
SPLINE
  5
E0B
330
A02
100
AcDbEntity
  8
Shape2DView001
100
AcDbSpline
210
0
220
0
230
1
 70
8
 71
1
 72
4
 73
2
 74
0
 40
0.000000000
 40
0.000000000
 40
0.000230020
 40
0.000230020
 10
64.093158000
 20
155.356460000
 30
3.000000000
 10
64.093161000
 20
155.356690000
 30
3.000000000
  0
SPLINE
  5
E0C
330
A02
100
AcDbEntity
  8
Shape2DView001
100
AcDbSpline
210
0
220
0
230
1
 70
8
 71
3
 72
8
 73
4
 74
0
 40
0.000000000
 40
0.000000000
 40
0.000000000
 40
0.000000000
 40
1.000000000
 40
1.000000000
 40
1.000000000
 40
1.000000000
 10
32.671600000
 20
155.295590000
 30
3.000000000
 10
32.700400000
 20
155.266790000
 30
3.000000000
 10
32.723900000
 20
154.775940000
 30
3.000000000
 10
32.723900000
 20
154.204820000
 30
3.000000000
  0
SPLINE
  5
E0D
330
A02
100
AcDbEntity
  8
Shape2DView001
100
AcDbSpline
210
0
220
0
230
1
 70
8
 71
3
 72
8
 73
4
 74
0
 40
0.000000000
 40
0.000000000
 40
0.000000000
 40
0.000000000
 40
1.000000000
 40
1.000000000
 40
1.000000000
 40
1.000000000
 10
32.723900000
 20
154.204820000
 30
3.000000000
 10
32.723900000
 20
152.982580000
 30
3.000000000
 10
32.810100000
 20
153.069620000
 30
3.000000000
 10
31.633960000
 20
153.104000000
 30
3.000000000
  0
SPLINE
  5
E0E
330
A02
100
AcDbEntity
  8
Shape2DView001
100
AcDbSpline
210
0
220
0
230
1
 70
8
 71
1
 72
4
 73
2
 74
0
 40
0.000000000
 40
0.000000000
 40
0.752001877
 40
0.752001877
 10
31.633960000
 20
153.104000000
 30
3.000000000
 10
30.882280000
 20
153.126000000
 30
3.000000000
  0
SPLINE
  5
E0F
330
A02
100
AcDbEntity
  8
Shape2DView001
100
AcDbSpline
210
0
220
0
230
1
 70
8
 71
1
 72
4
 73
2
 74
0
 40
0.000000000
 40
0.000000000
 40
1.089950000
 40
1.089950000
 10
30.882280000
 20
153.126000000
 30
3.000000000
 10
30.882280000
 20
154.215950000
 30
3.000000000
  0
SPLINE
  5
E10
330
A02
100
AcDbEntity
  8
Shape2DView001
100
AcDbSpline
210
0
220
0
230
1
 70
8
 71
1
 72
4
 73
2
 74
0
 40
0.000000000
 40
0.000000000
 40
1.089930000
 40
1.089930000
 10
30.882280000
 20
154.215950000
 30
3.000000000
 10
30.882280000
 20
155.305880000
 30
3.000000000
  0
SPLINE
  5
E11
330
A02
100
AcDbEntity
  8
Shape2DView001
100
AcDbSpline
210
0
220
0
230
1
 70
8
 71
1
 72
4
 73
2
 74
0
 40
0.000000000
 40
0.000000000
 40
0.868696290
 40
0.868696290
 10
30.882280000
 20
155.305880000
 30
3.000000000
 10
31.750720000
 20
155.326980000
 30
3.000000000
  0
SPLINE
  5
E12
330
A02
100
AcDbEntity
  8
Shape2DView001
100
AcDbSpline
210
0
220
0
230
1
 70
8
 71
3
 72
8
 73
4
 74
0
 40
0.000000000
 40
0.000000000
 40
0.000000000
 40
0.000000000
 40
1.000000000
 40
1.000000000
 40
1.000000000
 40
1.000000000
 10
31.750720000
 20
155.326980000
 30
3.000000000
 10
32.228370000
 20
155.338580000
 30
3.000000000
 10
32.642730000
 20
155.323980000
 30
3.000000000
 10
32.671530000
 20
155.295680000
 30
3.000000000
  0
SPLINE
  5
E13
330
A02
100
AcDbEntity
  8
Shape2DView001
100
AcDbSpline
210
0
220
0
230
1
 70
8
 71
1
 72
4
 73
2
 74
0
 40
0.000000000
 40
0.000000000
 40
0.000114018
 40
0.000114018
 10
32.671530000
 20
155.295680000
 30
3.000000000
 10
32.671600000
 20
155.295590000
 30
3.000000000
  0
SPLINE
  5
E14
330
A02
100
AcDbEntity
  8
Shape2DView001
100
AcDbSpline
210
0
220
0
230
1
 70
8
 71
3
 72
8
 73
4
 74
0
 40
0.000000000
 40
0.000000000
 40
0.000000000
 40
0.000000000
 40
1.000000000
 40
1.000000000
 40
1.000000000
 40
1.000000000
 10
32.222840000
 20
151.534920000
 30
3.000000000
 10
32.250440000
 20
151.507420000
 30
3.000000000
 10
32.272940000
 20
151.363600000
 30
3.000000000
 10
32.272840000
 20
151.215460000
 30
3.000000000
  0
SPLINE
  5
E15
330
A02
100
AcDbEntity
  8
Shape2DView001
100
AcDbSpline
210
0
220
0
230
1
 70
8
 71
3
 72
8
 73
4
 74
0
 40
0.000000000
 40
0.000000000
 40
0.000000000
 40
0.000000000
 40
1.000000000
 40
1.000000000
 40
1.000000000
 40
1.000000000
 10
32.272840000
 20
151.215460000
 30
3.000000000
 10
32.272790000
 20
151.067310000
 30
3.000000000
 10
32.311040000
 20
150.672260000
 30
3.000000000
 10
32.357740000
 20
150.337560000
 30
3.000000000
  0
SPLINE
  5
E16
330
A02
100
AcDbEntity
  8
Shape2DView001
100
AcDbSpline
210
0
220
0
230
1
 70
8
 71
3
 72
8
 73
4
 74
0
 40
0.000000000
 40
0.000000000
 40
0.000000000
 40
0.000000000
 40
1.000000000
 40
1.000000000
 40
1.000000000
 40
1.000000000
 10
32.357740000
 20
150.337560000
 30
3.000000000
 10
32.433040000
 20
149.798790000
 30
3.000000000
 10
32.424440000
 20
149.639340000
 30
3.000000000
 10
32.282640000
 20
148.946950000
 30
3.000000000
  0
SPLINE
  5
E17
330
A02
100
AcDbEntity
  8
Shape2DView001
100
AcDbSpline
210
0
220
0
230
1
 70
8
 71
3
 72
8
 73
4
 74
0
 40
0.000000000
 40
0.000000000
 40
0.000000000
 40
0.000000000
 40
1.000000000
 40
1.000000000
 40
1.000000000
 40
1.000000000
 10
32.282640000
 20
148.946950000
 30
3.000000000
 10
32.131250000
 20
148.207630000
 30
3.000000000
 10
32.122500000
 20
147.950230000
 30
3.000000000
 10
32.122530000
 20
144.237340000
 30
3.000000000
  0
SPLINE
  5
E18
330
A02
100
AcDbEntity
  8
Shape2DView001
100
AcDbSpline
210
0
220
0
230
1
 70
8
 71
1
 72
4
 73
2
 74
0
 40
0.000000000
 40
0.000000000
 40
3.927530000
 40
3.927530000
 10
32.122530000
 20
144.237340000
 30
3.000000000
 10
32.122560000
 20
140.309810000
 30
3.000000000
  0
SPLINE
  5
E19
330
A02
100
AcDbEntity
  8
Shape2DView001
100
AcDbSpline
210
0
220
0
230
1
 70
8
 71
1
 72
4
 73
2
 74
0
 40
0.000000000
 40
0.000000000
 40
0.381620000
 40
0.381620000
 10
32.122560000
 20
140.309810000
 30
3.000000000
 10
32.504180000
 20
140.309810000
 30
3.000000000
  0
SPLINE
  5
E1A
330
A02
100
AcDbEntity
  8
Shape2DView001
100
AcDbSpline
210
0
220
0
230
1
 70
8
 71
3
 72
8
 73
4
 74
0
 40
0.000000000
 40
0.000000000
 40
0.000000000
 40
0.000000000
 40
1.000000000
 40
1.000000000
 40
1.000000000
 40
1.000000000
 10
32.504180000
 20
140.309810000
 30
3.000000000
 10
32.828880000
 20
140.309810000
 30
3.000000000
 10
32.919800000
 20
140.275810000
 30
3.000000000
 10
33.113710000
 20
140.081910000
 30
3.000000000
  0
SPLINE
  5
E1B
330
A02
100
AcDbEntity
  8
Shape2DView001
100
AcDbSpline
210
0
220
0
230
1
 70
8
 71
3
 72
8
 73
4
 74
0
 40
0.000000000
 40
0.000000000
 40
0.000000000
 40
0.000000000
 40
1.000000000
 40
1.000000000
 40
1.000000000
 40
1.000000000
 10
33.113710000
 20
140.081910000
 30
3.000000000
 10
33.306480000
 20
139.889130000
 30
3.000000000
 10
33.333880000
 20
139.816720000
 30
3.000000000
 10
33.291430000
 20
139.612110000
 30
3.000000000
  0
SPLINE
  5
E1C
330
A02
100
AcDbEntity
  8
Shape2DView001
100
AcDbSpline
210
0
220
0
230
1
 70
8
 71
3
 72
8
 73
4
 74
0
 40
0.000000000
 40
0.000000000
 40
0.000000000
 40
0.000000000
 40
1.000000000
 40
1.000000000
 40
1.000000000
 40
1.000000000
 10
33.291430000
 20
139.612110000
 30
3.000000000
 10
33.263830000
 20
139.479060000
 30
3.000000000
 10
33.246830000
 20
139.302560000
 30
3.000000000
 10
33.253830000
 20
139.219870000
 30
3.000000000
  0
SPLINE
  5
E1D
330
A02
100
AcDbEntity
  8
Shape2DView001
100
AcDbSpline
210
0
220
0
230
1
 70
8
 71
3
 72
8
 73
4
 74
0
 40
0.000000000
 40
0.000000000
 40
0.000000000
 40
0.000000000
 40
1.000000000
 40
1.000000000
 40
1.000000000
 40
1.000000000
 10
33.253830000
 20
139.219870000
 30
3.000000000
 10
33.314430000
 20
138.494120000
 30
3.000000000
 10
33.312730000
 20
130.428760000
 30
3.000000000
 10
33.251830000
 20
130.099590000
 30
3.000000000
  0
SPLINE
  5
E1E
330
A02
100
AcDbEntity
  8
Shape2DView001
100
AcDbSpline
210
0
220
0
230
1
 70
8
 71
3
 72
8
 73
4
 74
0
 40
0.000000000
 40
0.000000000
 40
0.000000000
 40
0.000000000
 40
1.000000000
 40
1.000000000
 40
1.000000000
 40
1.000000000
 10
33.251830000
 20
130.099590000
 30
3.000000000
 10
33.208930000
 20
129.867280000
 30
3.000000000
 10
33.089830000
 20
129.576160000
 30
3.000000000
 10
32.977590000
 20
129.429010000
 30
3.000000000
  0
SPLINE
  5
E1F
330
A02
100
AcDbEntity
  8
Shape2DView001
100
AcDbSpline
210
0
220
0
230
1
 70
8
 71
3
 72
8
 73
4
 74
0
 40
0.000000000
 40
0.000000000
 40
0.000000000
 40
0.000000000
 40
1.000000000
 40
1.000000000
 40
1.000000000
 40
1.000000000
 10
32.977590000
 20
129.429010000
 30
3.000000000
 10
32.679100000
 20
129.037670000
 30
3.000000000
 10
32.363620000
 20
128.937520000
 30
3.000000000
 10
31.542470000
 20
128.973430000
 30
3.000000000
  0
SPLINE
  5
E20
330
A02
100
AcDbEntity
  8
Shape2DView001
100
AcDbSpline
210
0
220
0
230
1
 70
8
 71
3
 72
8
 73
4
 74
0
 40
0.000000000
 40
0.000000000
 40
0.000000000
 40
0.000000000
 40
1.000000000
 40
1.000000000
 40
1.000000000
 40
1.000000000
 10
31.542470000
 20
128.973430000
 30
3.000000000
 10
30.794870000
 20
129.006130000
 30
3.000000000
 10
30.603750000
 20
129.088410000
 30
3.000000000
 10
30.285580000
 20
129.514530000
 30
3.000000000
  0
SPLINE
  5
E21
330
A02
100
AcDbEntity
  8
Shape2DView001
100
AcDbSpline
210
0
220
0
230
1
 70
8
 71
3
 72
8
 73
4
 74
0
 40
0.000000000
 40
0.000000000
 40
0.000000000
 40
0.000000000
 40
1.000000000
 40
1.000000000
 40
1.000000000
 40
1.000000000
 10
30.285580000
 20
129.514530000
 30
3.000000000
 10
30.132620000
 20
129.719380000
 30
3.000000000
 10
30.130770000
 20
129.782690000
 30
3.000000000
 10
30.143690000
 20
134.358230000
 30
3.000000000
  0
SPLINE
  5
E22
330
A02
100
AcDbEntity
  8
Shape2DView001
100
AcDbSpline
210
0
220
0
230
1
 70
8
 71
3
 72
8
 73
4
 74
0
 40
0.000000000
 40
0.000000000
 40
0.000000000
 40
0.000000000
 40
1.000000000
 40
1.000000000
 40
1.000000000
 40
1.000000000
 10
30.143690000
 20
134.358230000
 30
3.000000000
 10
30.150690000
 20
136.908110000
 30
3.000000000
 10
30.170390000
 20
139.227770000
 30
3.000000000
 10
30.186990000
 20
139.513040000
 30
3.000000000
  0
SPLINE
  5
E23
330
A02
100
AcDbEntity
  8
Shape2DView001
100
AcDbSpline
210
0
220
0
230
1
 70
8
 71
3
 72
8
 73
4
 74
0
 40
0.000000000
 40
0.000000000
 40
0.000000000
 40
0.000000000
 40
1.000000000
 40
1.000000000
 40
1.000000000
 40
1.000000000
 10
30.186990000
 20
139.513040000
 30
3.000000000
 10
30.225190000
 20
140.168150000
 30
3.000000000
 10
30.364140000
 20
140.309810000
 30
3.000000000
 10
30.968640000
 20
140.309810000
 30
3.000000000
  0
SPLINE
  5
E24
330
A02
100
AcDbEntity
  8
Shape2DView001
100
AcDbSpline
210
0
220
0
230
1
 70
8
 71
1
 72
4
 73
2
 74
0
 40
0.000000000
 40
0.000000000
 40
0.407980000
 40
0.407980000
 10
30.968640000
 20
140.309810000
 30
3.000000000
 10
31.376620000
 20
140.309810000
 30
3.000000000
  0
SPLINE
  5
E25
330
A02
100
AcDbEntity
  8
Shape2DView001
100
AcDbSpline
210
0
220
0
230
1
 70
8
 71
1
 72
4
 73
2
 74
0
 40
0.000000000
 40
0.000000000
 40
4.378750157
 40
4.378750157
 10
31.376620000
 20
140.309810000
 30
3.000000000
 10
31.333720000
 20
144.688350000
 30
3.000000000
  0
SPLINE
  5
E26
330
A02
100
AcDbEntity
  8
Shape2DView001
100
AcDbSpline
210
0
220
0
230
1
 70
8
 71
3
 72
8
 73
4
 74
0
 40
0.000000000
 40
0.000000000
 40
0.000000000
 40
0.000000000
 40
1.000000000
 40
1.000000000
 40
1.000000000
 40
1.000000000
 10
31.333720000
 20
144.688350000
 30
3.000000000
 10
31.310120000
 20
147.096560000
 30
3.000000000
 10
31.284420000
 20
149.506630000
 30
3.000000000
 10
31.276620000
 20
150.044090000
 30
3.000000000
  0
SPLINE
  5
E27
330
A02
100
AcDbEntity
  8
Shape2DView001
100
AcDbSpline
210
0
220
0
230
1
 70
8
 71
3
 72
8
 73
4
 74
0
 40
0.000000000
 40
0.000000000
 40
0.000000000
 40
0.000000000
 40
1.000000000
 40
1.000000000
 40
1.000000000
 40
1.000000000
 10
31.276620000
 20
150.044090000
 30
3.000000000
 10
31.268620000
 20
150.581540000
 30
3.000000000
 10
31.288320000
 20
151.148120000
 30
3.000000000
 10
31.320020000
 20
151.303150000
 30
3.000000000
  0
SPLINE
  5
E28
330
A02
100
AcDbEntity
  8
Shape2DView001
100
AcDbSpline
210
0
220
0
230
1
 70
8
 71
1
 72
4
 73
2
 74
0
 40
0.000000000
 40
0.000000000
 40
0.287704874
 40
0.287704874
 10
31.320020000
 20
151.303150000
 30
3.000000000
 10
31.377620000
 20
151.585030000
 30
3.000000000
  0
SPLINE
  5
E29
330
A02
100
AcDbEntity
  8
Shape2DView001
100
AcDbSpline
210
0
220
0
230
1
 70
8
 71
1
 72
4
 73
2
 74
0
 40
0.000000000
 40
0.000000000
 40
0.397510000
 40
0.397510000
 10
31.377620000
 20
151.585030000
 30
3.000000000
 10
31.775130000
 20
151.585030000
 30
3.000000000
  0
SPLINE
  5
E2A
330
A02
100
AcDbEntity
  8
Shape2DView001
100
AcDbSpline
210
0
220
0
230
1
 70
8
 71
3
 72
8
 73
4
 74
0
 40
0.000000000
 40
0.000000000
 40
0.000000000
 40
0.000000000
 40
1.000000000
 40
1.000000000
 40
1.000000000
 40
1.000000000
 10
31.775130000
 20
151.585030000
 30
3.000000000
 10
31.993750000
 20
151.585030000
 30
3.000000000
 10
32.195170000
 20
151.562430000
 30
3.000000000
 10
32.222740000
 20
151.534930000
 30
3.000000000
  0
SPLINE
  5
E2B
330
A02
100
AcDbEntity
  8
Shape2DView001
100
AcDbSpline
210
0
220
0
230
1
 70
8
 71
1
 72
4
 73
2
 74
0
 40
0.000000000
 40
0.000000000
 40
0.000100499
 40
0.000100499
 10
32.222740000
 20
151.534930000
 30
3.000000000
 10
32.222840000
 20
151.534920000
 30
3.000000000
  0
SPLINE
  5
E2C
330
A02
100
AcDbEntity
  8
Shape2DView001
100
AcDbSpline
210
0
220
0
230
1
 70
8
 71
3
 72
8
 73
4
 74
0
 40
0.000000000
 40
0.000000000
 40
0.000000000
 40
0.000000000
 40
1.000000000
 40
1.000000000
 40
1.000000000
 40
1.000000000
 10
32.397530000
 20
138.347150000
 30
3.000000000
 10
32.296790000
 20
138.301250000
 30
3.000000000
 10
32.176810000
 20
138.181270000
 30
3.000000000
 10
32.130910000
 20
138.080520000
 30
3.000000000
  0
SPLINE
  5
E2D
330
A02
100
AcDbEntity
  8
Shape2DView001
100
AcDbSpline
210
0
220
0
230
1
 70
8
 71
3
 72
8
 73
4
 74
0
 40
0.000000000
 40
0.000000000
 40
0.000000000
 40
0.000000000
 40
1.000000000
 40
1.000000000
 40
1.000000000
 40
1.000000000
 10
32.130910000
 20
138.080520000
 30
3.000000000
 10
32.073710000
 20
137.955020000
 30
3.000000000
 10
32.047410000
 20
136.840960000
 30
3.000000000
 10
32.047410000
 20
134.541960000
 30
3.000000000
  0
SPLINE
  5
E2E
330
A02
100
AcDbEntity
  8
Shape2DView001
100
AcDbSpline
210
0
220
0
230
1
 70
8
 71
3
 72
8
 73
4
 74
0
 40
0.000000000
 40
0.000000000
 40
0.000000000
 40
0.000000000
 40
1.000000000
 40
1.000000000
 40
1.000000000
 40
1.000000000
 10
32.047410000
 20
134.541960000
 30
3.000000000
 10
32.047410000
 20
131.200360000
 30
3.000000000
 10
32.047950000
 20
131.185850000
 30
3.000000000
 10
32.210850000
 20
131.012600000
 30
3.000000000
  0
SPLINE
  5
E2F
330
A02
100
AcDbEntity
  8
Shape2DView001
100
AcDbSpline
210
0
220
0
230
1
 70
8
 71
2
 72
6
 73
3
 74
0
 40
0.000000000
 40
0.000000000
 40
0.000000000
 40
1.000000000
 40
1.000000000
 40
1.000000000
 10
32.210850000
 20
131.012600000
 30
3.000000000
 10
32.468815000
 20
130.733457500
 30
3.000000000
 10
32.797640000
 20
130.913000000
 30
3.000000000
  0
SPLINE
  5
E30
330
A02
100
AcDbEntity
  8
Shape2DView001
100
AcDbSpline
210
0
220
0
230
1
 70
8
 71
3
 72
8
 73
4
 74
0
 40
0.000000000
 40
0.000000000
 40
0.000000000
 40
0.000000000
 40
1.000000000
 40
1.000000000
 40
1.000000000
 40
1.000000000
 10
32.797640000
 20
130.913000000
 30
3.000000000
 10
33.056410000
 20
131.051500000
 30
3.000000000
 10
33.099770000
 20
131.619240000
 30
3.000000000
 10
33.099770000
 20
134.869590000
 30
3.000000000
  0
SPLINE
  5
E31
330
A02
100
AcDbEntity
  8
Shape2DView001
100
AcDbSpline
210
0
220
0
230
1
 70
8
 71
1
 72
4
 73
2
 74
0
 40
0.000000000
 40
0.000000000
 40
3.121560000
 40
3.121560000
 10
33.099770000
 20
134.869590000
 30
3.000000000
 10
33.099770000
 20
137.991150000
 30
3.000000000
  0
SPLINE
  5
E32
330
A02
100
AcDbEntity
  8
Shape2DView001
100
AcDbSpline
210
0
220
0
230
1
 70
8
 71
1
 72
4
 73
2
 74
0
 40
0.000000000
 40
0.000000000
 40
0.310738075
 40
0.310738075
 10
33.099770000
 20
137.991150000
 30
3.000000000
 10
32.880040000
 20
138.210870000
 30
3.000000000
  0
SPLINE
  5
E33
330
A02
100
AcDbEntity
  8
Shape2DView001
100
AcDbSpline
210
0
220
0
230
1
 70
8
 71
3
 72
8
 73
4
 74
0
 40
0.000000000
 40
0.000000000
 40
0.000000000
 40
0.000000000
 40
1.000000000
 40
1.000000000
 40
1.000000000
 40
1.000000000
 10
32.880040000
 20
138.210870000
 30
3.000000000
 10
32.629130000
 20
138.461790000
 30
3.000000000
 10
32.641470000
 20
138.458300000
 30
3.000000000
 10
32.397490000
 20
138.347140000
 30
3.000000000
  0
SPLINE
  5
E34
330
A02
100
AcDbEntity
  8
Shape2DView001
100
AcDbSpline
210
0
220
0
230
1
 70
8
 71
1
 72
4
 73
2
 74
0
 40
0.000000000
 40
0.000000000
 40
0.000041231
 40
0.000041231
 10
32.397490000
 20
138.347140000
 30
3.000000000
 10
32.397530000
 20
138.347150000
 30
3.000000000
  0
SPLINE
  5
E35
330
A02
100
AcDbEntity
  8
Shape2DView001
100
AcDbSpline
210
0
220
0
230
1
 70
8
 71
1
 72
4
 73
2
 74
0
 40
0.000000000
 40
0.000000000
 40
0.278168141
 40
0.278168141
 10
30.642240000
 20
138.249250000
 30
3.000000000
 10
30.431340000
 20
138.067870000
 30
3.000000000
  0
SPLINE
  5
E36
330
A02
100
AcDbEntity
  8
Shape2DView001
100
AcDbSpline
210
0
220
0
230
1
 70
8
 71
1
 72
4
 73
2
 74
0
 40
0.000000000
 40
0.000000000
 40
3.456340000
 40
3.456340000
 10
30.431340000
 20
138.067870000
 30
3.000000000
 10
30.431340000
 20
134.611530000
 30
3.000000000
  0
SPLINE
  5
E37
330
A02
100
AcDbEntity
  8
Shape2DView001
100
AcDbSpline
210
0
220
0
230
1
 70
8
 71
3
 72
8
 73
4
 74
0
 40
0.000000000
 40
0.000000000
 40
0.000000000
 40
0.000000000
 40
1.000000000
 40
1.000000000
 40
1.000000000
 40
1.000000000
 10
30.431340000
 20
134.611530000
 30
3.000000000
 10
30.431340000
 20
131.318170000
 30
3.000000000
 10
30.438340000
 20
131.147740000
 30
3.000000000
 10
30.574530000
 20
130.996930000
 30
3.000000000
  0
SPLINE
  5
E38
330
A02
100
AcDbEntity
  8
Shape2DView001
100
AcDbSpline
210
0
220
0
230
1
 70
8
 71
3
 72
8
 73
4
 74
0
 40
0.000000000
 40
0.000000000
 40
0.000000000
 40
0.000000000
 40
1.000000000
 40
1.000000000
 40
1.000000000
 40
1.000000000
 10
30.574530000
 20
130.996930000
 30
3.000000000
 10
30.752220000
 20
130.800520000
 30
3.000000000
 10
31.025100000
 20
130.793490000
 30
3.000000000
 10
31.212110000
 20
130.980530000
 30
3.000000000
  0
SPLINE
  5
E39
330
A02
100
AcDbEntity
  8
Shape2DView001
100
AcDbSpline
210
0
220
0
230
1
 70
8
 71
3
 72
8
 73
4
 74
0
 40
0.000000000
 40
0.000000000
 40
0.000000000
 40
0.000000000
 40
1.000000000
 40
1.000000000
 40
1.000000000
 40
1.000000000
 10
31.212110000
 20
130.980530000
 30
3.000000000
 10
31.336510000
 20
131.104930000
 30
3.000000000
 10
31.360370000
 20
131.292250000
 30
3.000000000
 10
31.405980000
 20
132.502690000
 30
3.000000000
  0
SPLINE
  5
E3A
330
A02
100
AcDbEntity
  8
Shape2DView001
100
AcDbSpline
210
0
220
0
230
1
 70
8
 71
3
 72
8
 73
4
 74
0
 40
0.000000000
 40
0.000000000
 40
0.000000000
 40
0.000000000
 40
1.000000000
 40
1.000000000
 40
1.000000000
 40
1.000000000
 10
31.405980000
 20
132.502690000
 30
3.000000000
 10
31.434580000
 20
133.261860000
 30
3.000000000
 10
31.446880000
 20
134.824630000
 30
3.000000000
 10
31.433280000
 20
135.975520000
 30
3.000000000
  0
SPLINE
  5
E3B
330
A02
100
AcDbEntity
  8
Shape2DView001
100
AcDbSpline
210
0
220
0
230
1
 70
8
 71
1
 72
4
 73
2
 74
0
 40
0.000000000
 40
0.000000000
 40
2.092675773
 40
2.092675773
 10
31.433280000
 20
135.975520000
 30
3.000000000
 10
31.408580000
 20
138.068050000
 30
3.000000000
  0
SPLINE
  5
E3C
330
A02
100
AcDbEntity
  8
Shape2DView001
100
AcDbSpline
210
0
220
0
230
1
 70
8
 71
1
 72
4
 73
2
 74
0
 40
0.000000000
 40
0.000000000
 40
0.278122502
 40
0.278122502
 10
31.408580000
 20
138.068050000
 30
3.000000000
 10
31.197680000
 20
138.249360000
 30
3.000000000
  0
SPLINE
  5
E3D
330
A02
100
AcDbEntity
  8
Shape2DView001
100
AcDbSpline
210
0
220
0
230
1
 70
8
 71
3
 72
8
 73
4
 74
0
 40
0.000000000
 40
0.000000000
 40
0.000000000
 40
0.000000000
 40
1.000000000
 40
1.000000000
 40
1.000000000
 40
1.000000000
 10
31.197680000
 20
138.249360000
 30
3.000000000
 10
30.936390000
 20
138.473980000
 30
3.000000000
 10
30.903560000
 20
138.473980000
 30
3.000000000
 10
30.642300000
 20
138.249280000
 30
3.000000000
  0
SPLINE
  5
E3E
330
A02
100
AcDbEntity
  8
Shape2DView001
100
AcDbSpline
210
0
220
0
230
1
 70
8
 71
1
 72
4
 73
2
 74
0
 40
0.000000000
 40
0.000000000
 40
0.000067082
 40
0.000067082
 10
30.642300000
 20
138.249280000
 30
3.000000000
 10
30.642240000
 20
138.249250000
 30
3.000000000
  0
SPLINE
  5
E3F
330
A02
100
AcDbEntity
  8
Shape2DView001
100
AcDbSpline
210
0
220
0
230
1
 70
8
 71
3
 72
8
 73
4
 74
0
 40
0.000000000
 40
0.000000000
 40
0.000000000
 40
0.000000000
 40
1.000000000
 40
1.000000000
 40
1.000000000
 40
1.000000000
 10
64.775143000
 20
147.858080000
 30
3.000000000
 10
64.872473000
 20
147.604450000
 30
3.000000000
 10
64.808563000
 20
147.467520000
 30
3.000000000
 10
64.484122000
 20
147.234520000
 30
3.000000000
  0
SPLINE
  5
E40
330
A02
100
AcDbEntity
  8
Shape2DView001
100
AcDbSpline
210
0
220
0
230
1
 70
8
 71
3
 72
8
 73
4
 74
0
 40
0.000000000
 40
0.000000000
 40
0.000000000
 40
0.000000000
 40
1.000000000
 40
1.000000000
 40
1.000000000
 40
1.000000000
 10
64.484122000
 20
147.234520000
 30
3.000000000
 10
63.192768000
 20
146.307150000
 30
3.000000000
 10
61.486468000
 20
146.276520000
 30
3.000000000
 10
60.167865000
 20
147.157020000
 30
3.000000000
  0
SPLINE
  5
E41
330
A02
100
AcDbEntity
  8
Shape2DView001
100
AcDbSpline
210
0
220
0
230
1
 70
8
 71
3
 72
8
 73
4
 74
0
 40
0.000000000
 40
0.000000000
 40
0.000000000
 40
0.000000000
 40
1.000000000
 40
1.000000000
 40
1.000000000
 40
1.000000000
 10
60.167865000
 20
147.157020000
 30
3.000000000
 10
59.685097000
 20
147.479400000
 30
3.000000000
 10
59.583215000
 20
147.703540000
 30
3.000000000
 10
59.827354000
 20
147.906150000
 30
3.000000000
  0
SPLINE
  5
E42
330
A02
100
AcDbEntity
  8
Shape2DView001
100
AcDbSpline
210
0
220
0
230
1
 70
8
 71
3
 72
8
 73
4
 74
0
 40
0.000000000
 40
0.000000000
 40
0.000000000
 40
0.000000000
 40
1.000000000
 40
1.000000000
 40
1.000000000
 40
1.000000000
 10
59.827354000
 20
147.906150000
 30
3.000000000
 10
59.927154000
 20
147.988950000
 30
3.000000000
 10
60.051896000
 20
147.949750000
 30
3.000000000
 10
60.635411000
 20
147.651950000
 30
3.000000000
  0
SPLINE
  5
E43
330
A02
100
AcDbEntity
  8
Shape2DView001
100
AcDbSpline
210
0
220
0
230
1
 70
8
 71
3
 72
8
 73
4
 74
0
 40
0.000000000
 40
0.000000000
 40
0.000000000
 40
0.000000000
 40
1.000000000
 40
1.000000000
 40
1.000000000
 40
1.000000000
 10
60.635411000
 20
147.651950000
 30
3.000000000
 10
61.014932000
 20
147.458270000
 30
3.000000000
 10
61.507514000
 20
147.262360000
 30
3.000000000
 10
61.730035000
 20
147.216590000
 30
3.000000000
  0
SPLINE
  5
E44
330
A02
100
AcDbEntity
  8
Shape2DView001
100
AcDbSpline
210
0
220
0
230
1
 70
8
 71
3
 72
8
 73
4
 74
0
 40
0.000000000
 40
0.000000000
 40
0.000000000
 40
0.000000000
 40
1.000000000
 40
1.000000000
 40
1.000000000
 40
1.000000000
 10
61.730035000
 20
147.216590000
 30
3.000000000
 10
62.444107000
 20
147.069720000
 30
3.000000000
 10
63.335690000
 20
147.268090000
 30
3.000000000
 10
63.992780000
 20
147.720120000
 30
3.000000000
  0
SPLINE
  5
E45
330
A02
100
AcDbEntity
  8
Shape2DView001
100
AcDbSpline
210
0
220
0
230
1
 70
8
 71
3
 72
8
 73
4
 74
0
 40
0.000000000
 40
0.000000000
 40
0.000000000
 40
0.000000000
 40
1.000000000
 40
1.000000000
 40
1.000000000
 40
1.000000000
 10
63.992780000
 20
147.720120000
 30
3.000000000
 10
64.393341000
 20
147.995670000
 30
3.000000000
 10
64.701490000
 20
148.049990000
 30
3.000000000
 10
64.775143000
 20
147.858050000
 30
3.000000000
  0
SPLINE
  5
E46
330
A02
100
AcDbEntity
  8
Shape2DView001
100
AcDbSpline
210
0
220
0
230
1
 70
8
 71
1
 72
4
 73
2
 74
0
 40
0.000000000
 40
0.000000000
 40
0.000030000
 40
0.000030000
 10
64.775143000
 20
147.858050000
 30
3.000000000
 10
64.775143000
 20
147.858080000
 30
3.000000000
  0
SPLINE
  5
E47
330
A02
100
AcDbEntity
  8
Shape2DView001
100
AcDbSpline
210
0
220
0
230
1
 70
8
 71
3
 72
8
 73
4
 74
0
 40
0.000000000
 40
0.000000000
 40
0.000000000
 40
0.000000000
 40
1.000000000
 40
1.000000000
 40
1.000000000
 40
1.000000000
 10
65.715333000
 20
146.905830000
 30
3.000000000
 10
65.804903000
 20
146.664870000
 30
3.000000000
 10
65.756243000
 20
146.586940000
 30
3.000000000
 10
65.320786000
 20
146.273970000
 30
3.000000000
  0
SPLINE
  5
E48
330
A02
100
AcDbEntity
  8
Shape2DView001
100
AcDbSpline
210
0
220
0
230
1
 70
8
 71
3
 72
8
 73
4
 74
0
 40
0.000000000
 40
0.000000000
 40
0.000000000
 40
0.000000000
 40
1.000000000
 40
1.000000000
 40
1.000000000
 40
1.000000000
 10
65.320786000
 20
146.273970000
 30
3.000000000
 10
64.846233000
 20
145.932900000
 30
3.000000000
 10
64.021644000
 20
145.549880000
 30
3.000000000
 10
63.467742000
 20
145.413230000
 30
3.000000000
  0
SPLINE
  5
E49
330
A02
100
AcDbEntity
  8
Shape2DView001
100
AcDbSpline
210
0
220
0
230
1
 70
8
 71
3
 72
8
 73
4
 74
0
 40
0.000000000
 40
0.000000000
 40
0.000000000
 40
0.000000000
 40
1.000000000
 40
1.000000000
 40
1.000000000
 40
1.000000000
 10
63.467742000
 20
145.413230000
 30
3.000000000
 10
62.931566000
 20
145.280960000
 30
3.000000000
 10
61.590397000
 20
145.282300000
 30
3.000000000
 10
61.062360000
 20
145.415230000
 30
3.000000000
  0
SPLINE
  5
E4A
330
A02
100
AcDbEntity
  8
Shape2DView001
100
AcDbSpline
210
0
220
0
230
1
 70
8
 71
3
 72
8
 73
4
 74
0
 40
0.000000000
 40
0.000000000
 40
0.000000000
 40
0.000000000
 40
1.000000000
 40
1.000000000
 40
1.000000000
 40
1.000000000
 10
61.062360000
 20
145.415230000
 30
3.000000000
 10
60.110727000
 20
145.655530000
 30
3.000000000
 10
58.807315000
 20
146.412040000
 30
3.000000000
 10
58.807315000
 20
146.724060000
 30
3.000000000
  0
SPLINE
  5
E4B
330
A02
100
AcDbEntity
  8
Shape2DView001
100
AcDbSpline
210
0
220
0
230
1
 70
8
 71
3
 72
8
 73
4
 74
0
 40
0.000000000
 40
0.000000000
 40
0.000000000
 40
0.000000000
 40
1.000000000
 40
1.000000000
 40
1.000000000
 40
1.000000000
 10
58.807315000
 20
146.724060000
 30
3.000000000
 10
58.807315000
 20
147.126250000
 30
3.000000000
 10
59.167909000
 20
147.182800000
 30
3.000000000
 10
59.577849000
 20
146.844900000
 30
3.000000000
  0
SPLINE
  5
E4C
330
A02
100
AcDbEntity
  8
Shape2DView001
100
AcDbSpline
210
0
220
0
230
1
 70
8
 71
3
 72
8
 73
4
 74
0
 40
0.000000000
 40
0.000000000
 40
0.000000000
 40
0.000000000
 40
1.000000000
 40
1.000000000
 40
1.000000000
 40
1.000000000
 10
59.577849000
 20
146.844900000
 30
3.000000000
 10
59.932179000
 20
146.552830000
 30
3.000000000
 10
60.831634000
 20
146.139090000
 30
3.000000000
 10
61.347941000
 20
146.030670000
 30
3.000000000
  0
SPLINE
  5
E4D
330
A02
100
AcDbEntity
  8
Shape2DView001
100
AcDbSpline
210
0
220
0
230
1
 70
8
 71
3
 72
8
 73
4
 74
0
 40
0.000000000
 40
0.000000000
 40
0.000000000
 40
0.000000000
 40
1.000000000
 40
1.000000000
 40
1.000000000
 40
1.000000000
 10
61.347941000
 20
146.030670000
 30
3.000000000
 10
62.571171000
 20
145.773810000
 30
3.000000000
 10
63.939389000
 20
146.092170000
 30
3.000000000
 10
65.038598000
 20
146.889320000
 30
3.000000000
  0
SPLINE
  5
E4E
330
A02
100
AcDbEntity
  8
Shape2DView001
100
AcDbSpline
210
0
220
0
230
1
 70
8
 71
3
 72
8
 73
4
 74
0
 40
0.000000000
 40
0.000000000
 40
0.000000000
 40
0.000000000
 40
1.000000000
 40
1.000000000
 40
1.000000000
 40
1.000000000
 10
65.038598000
 20
146.889320000
 30
3.000000000
 10
65.363557000
 20
147.124990000
 30
3.000000000
 10
65.631344000
 20
147.131360000
 30
3.000000000
 10
65.715333000
 20
146.905420000
 30
3.000000000
  0
SPLINE
  5
E4F
330
A02
100
AcDbEntity
  8
Shape2DView001
100
AcDbSpline
210
0
220
0
230
1
 70
8
 71
1
 72
4
 73
2
 74
0
 40
0.000000000
 40
0.000000000
 40
0.000410000
 40
0.000410000
 10
65.715333000
 20
146.905420000
 30
3.000000000
 10
65.715333000
 20
146.905830000
 30
3.000000000
  0
SPLINE
  5
E50
330
A02
100
AcDbEntity
  8
Shape2DView001
100
AcDbSpline
210
0
220
0
230
1
 70
8
 71
3
 72
8
 73
4
 74
0
 40
0.000000000
 40
0.000000000
 40
0.000000000
 40
0.000000000
 40
1.000000000
 40
1.000000000
 40
1.000000000
 40
1.000000000
 10
49.362062000
 20
146.260990000
 30
3.000000000
 10
49.451512000
 20
146.162190000
 30
3.000000000
 10
49.486461000
 20
145.983380000
 30
3.000000000
 10
49.486461000
 20
145.624700000
 30
3.000000000
  0
SPLINE
  5
E51
330
A02
100
AcDbEntity
  8
Shape2DView001
100
AcDbSpline
210
0
220
0
230
1
 70
8
 71
3
 72
8
 73
4
 74
0
 40
0.000000000
 40
0.000000000
 40
0.000000000
 40
0.000000000
 40
1.000000000
 40
1.000000000
 40
1.000000000
 40
1.000000000
 10
49.486461000
 20
145.624700000
 30
3.000000000
 10
49.486461000
 20
145.028760000
 30
3.000000000
 10
49.552351000
 20
144.970250000
 30
3.000000000
 10
50.223500000
 20
144.970250000
 30
3.000000000
  0
SPLINE
  5
E52
330
A02
100
AcDbEntity
  8
Shape2DView001
100
AcDbSpline
210
0
220
0
230
1
 70
8
 71
1
 72
4
 73
2
 74
0
 40
0.000000000
 40
0.000000000
 40
0.446242000
 40
0.446242000
 10
50.223500000
 20
144.970250000
 30
3.000000000
 10
50.669742000
 20
144.970250000
 30
3.000000000
  0
SPLINE
  5
E53
330
A02
100
AcDbEntity
  8
Shape2DView001
100
AcDbSpline
210
0
220
0
230
1
 70
8
 71
1
 72
4
 73
2
 74
0
 40
0.000000000
 40
0.000000000
 40
0.603752568
 40
0.603752568
 10
50.669742000
 20
144.970250000
 30
3.000000000
 10
50.722192000
 20
144.368780000
 30
3.000000000
  0
SPLINE
  5
E54
330
A02
100
AcDbEntity
  8
Shape2DView001
100
AcDbSpline
210
0
220
0
230
1
 70
8
 71
3
 72
8
 73
4
 74
0
 40
0.000000000
 40
0.000000000
 40
0.000000000
 40
0.000000000
 40
1.000000000
 40
1.000000000
 40
1.000000000
 40
1.000000000
 10
50.722192000
 20
144.368780000
 30
3.000000000
 10
50.783342000
 20
143.667800000
 30
3.000000000
 10
50.833665000
 20
143.617230000
 30
3.000000000
 10
51.470058000
 20
143.617230000
 30
3.000000000
  0
SPLINE
  5
E55
330
A02
100
AcDbEntity
  8
Shape2DView001
100
AcDbSpline
210
0
220
0
230
1
 70
8
 71
3
 72
8
 73
4
 74
0
 40
0.000000000
 40
0.000000000
 40
0.000000000
 40
0.000000000
 40
1.000000000
 40
1.000000000
 40
1.000000000
 40
1.000000000
 10
51.470058000
 20
143.617230000
 30
3.000000000
 10
51.879716000
 20
143.617230000
 30
3.000000000
 10
51.885541000
 20
143.614230000
 30
3.000000000
 10
51.925903000
 20
143.372930000
 30
3.000000000
  0
SPLINE
  5
E56
330
A02
100
AcDbEntity
  8
Shape2DView001
100
AcDbSpline
210
0
220
0
230
1
 70
8
 71
3
 72
8
 73
4
 74
0
 40
0.000000000
 40
0.000000000
 40
0.000000000
 40
0.000000000
 40
1.000000000
 40
1.000000000
 40
1.000000000
 40
1.000000000
 10
51.925903000
 20
143.372930000
 30
3.000000000
 10
51.948423000
 20
143.238570000
 30
3.000000000
 10
51.975273000
 20
142.959610000
 30
3.000000000
 10
51.985683000
 20
142.753030000
 30
3.000000000
  0
SPLINE
  5
E57
330
A02
100
AcDbEntity
  8
Shape2DView001
100
AcDbSpline
210
0
220
0
230
1
 70
8
 71
1
 72
4
 73
2
 74
0
 40
0.000000000
 40
0.000000000
 40
0.376084703
 40
0.376084703
 10
51.985683000
 20
142.753030000
 30
3.000000000
 10
52.004573000
 20
142.377420000
 30
3.000000000
  0
SPLINE
  5
E58
330
A02
100
AcDbEntity
  8
Shape2DView001
100
AcDbSpline
210
0
220
0
230
1
 70
8
 71
1
 72
4
 73
2
 74
0
 40
0.000000000
 40
0.000000000
 40
0.465057816
 40
0.465057816
 10
52.004573000
 20
142.377420000
 30
3.000000000
 10
52.462416000
 20
142.295820000
 30
3.000000000
  0
SPLINE
  5
E59
330
A02
100
AcDbEntity
  8
Shape2DView001
100
AcDbSpline
210
0
220
0
230
1
 70
8
 71
3
 72
8
 73
4
 74
0
 40
0.000000000
 40
0.000000000
 40
0.000000000
 40
0.000000000
 40
1.000000000
 40
1.000000000
 40
1.000000000
 40
1.000000000
 10
52.462416000
 20
142.295820000
 30
3.000000000
 10
53.157509000
 20
142.171990000
 30
3.000000000
 10
53.143403000
 20
142.184760000
 30
3.000000000
 10
53.187166000
 20
141.639580000
 30
3.000000000
  0
SPLINE
  5
E5A
330
A02
100
AcDbEntity
  8
Shape2DView001
100
AcDbSpline
210
0
220
0
230
1
 70
8
 71
3
 72
8
 73
4
 74
0
 40
0.000000000
 40
0.000000000
 40
0.000000000
 40
0.000000000
 40
1.000000000
 40
1.000000000
 40
1.000000000
 40
1.000000000
 10
53.187166000
 20
141.639580000
 30
3.000000000
 10
53.208676000
 20
141.371590000
 30
3.000000000
 10
53.247236000
 20
141.118420000
 30
3.000000000
 10
53.272846000
 20
141.076980000
 30
3.000000000
  0
SPLINE
  5
E5B
330
A02
100
AcDbEntity
  8
Shape2DView001
100
AcDbSpline
210
0
220
0
230
1
 70
8
 71
3
 72
8
 73
4
 74
0
 40
0.000000000
 40
0.000000000
 40
0.000000000
 40
0.000000000
 40
1.000000000
 40
1.000000000
 40
1.000000000
 40
1.000000000
 10
53.272846000
 20
141.076980000
 30
3.000000000
 10
53.298476000
 20
141.035480000
 30
3.000000000
 10
53.554750000
 20
140.977980000
 30
3.000000000
 10
53.842379000
 20
140.949100000
 30
3.000000000
  0
SPLINE
  5
E5C
330
A02
100
AcDbEntity
  8
Shape2DView001
100
AcDbSpline
210
0
220
0
230
1
 70
8
 71
1
 72
4
 73
2
 74
0
 40
0.000000000
 40
0.000000000
 40
0.525585648
 40
0.525585648
 10
53.842379000
 20
140.949100000
 30
3.000000000
 10
54.365336000
 20
140.896600000
 30
3.000000000
  0
SPLINE
  5
E5D
330
A02
100
AcDbEntity
  8
Shape2DView001
100
AcDbSpline
210
0
220
0
230
1
 70
8
 71
1
 72
4
 73
2
 74
0
 40
0.000000000
 40
0.000000000
 40
0.352688373
 40
0.352688373
 10
54.365336000
 20
140.896600000
 30
3.000000000
 10
54.410536000
 20
140.546820000
 30
3.000000000
  0
SPLINE
  5
E5E
330
A02
100
AcDbEntity
  8
Shape2DView001
100
AcDbSpline
210
0
220
0
230
1
 70
8
 71
3
 72
8
 73
4
 74
0
 40
0.000000000
 40
0.000000000
 40
0.000000000
 40
0.000000000
 40
1.000000000
 40
1.000000000
 40
1.000000000
 40
1.000000000
 10
54.410536000
 20
140.546820000
 30
3.000000000
 10
54.494306000
 20
139.898630000
 30
3.000000000
 10
54.504416000
 20
139.878960000
 30
3.000000000
 10
54.780557000
 20
139.827150000
 30
3.000000000
  0
SPLINE
  5
E5F
330
A02
100
AcDbEntity
  8
Shape2DView001
100
AcDbSpline
210
0
220
0
230
1
 70
8
 71
3
 72
8
 73
4
 74
0
 40
0.000000000
 40
0.000000000
 40
0.000000000
 40
0.000000000
 40
1.000000000
 40
1.000000000
 40
1.000000000
 40
1.000000000
 10
54.780557000
 20
139.827150000
 30
3.000000000
 10
54.934332000
 20
139.798250000
 30
3.000000000
 10
55.116005000
 20
139.687970000
 30
3.000000000
 10
55.227071000
 20
139.555970000
 30
3.000000000
  0
SPLINE
  5
E60
330
A02
100
AcDbEntity
  8
Shape2DView001
100
AcDbSpline
210
0
220
0
230
1
 70
8
 71
3
 72
8
 73
4
 74
0
 40
0.000000000
 40
0.000000000
 40
0.000000000
 40
0.000000000
 40
1.000000000
 40
1.000000000
 40
1.000000000
 40
1.000000000
 10
55.227071000
 20
139.555970000
 30
3.000000000
 10
55.418827000
 20
139.328090000
 30
3.000000000
 10
55.541607000
 20
139.048610000
 30
3.000000000
 10
55.477937000
 20
138.984940000
 30
3.000000000
  0
SPLINE
  5
E61
330
A02
100
AcDbEntity
  8
Shape2DView001
100
AcDbSpline
210
0
220
0
230
1
 70
8
 71
3
 72
8
 73
4
 74
0
 40
0.000000000
 40
0.000000000
 40
0.000000000
 40
0.000000000
 40
1.000000000
 40
1.000000000
 40
1.000000000
 40
1.000000000
 10
55.477937000
 20
138.984940000
 30
3.000000000
 10
55.458307000
 20
138.965340000
 30
3.000000000
 10
55.226906000
 20
139.022240000
 30
3.000000000
 10
54.963691000
 20
139.111360000
 30
3.000000000
  0
SPLINE
  5
E62
330
A02
100
AcDbEntity
  8
Shape2DView001
100
AcDbSpline
210
0
220
0
230
1
 70
8
 71
3
 72
8
 73
4
 74
0
 40
0.000000000
 40
0.000000000
 40
0.000000000
 40
0.000000000
 40
1.000000000
 40
1.000000000
 40
1.000000000
 40
1.000000000
 10
54.963691000
 20
139.111360000
 30
3.000000000
 10
54.079068000
 20
139.410970000
 30
3.000000000
 10
53.216284000
 20
139.190160000
 30
3.000000000
 10
52.312095000
 20
138.432800000
 30
3.000000000
  0
SPLINE
  5
E63
330
A02
100
AcDbEntity
  8
Shape2DView001
100
AcDbSpline
210
0
220
0
230
1
 70
8
 71
3
 72
8
 73
4
 74
0
 40
0.000000000
 40
0.000000000
 40
0.000000000
 40
0.000000000
 40
1.000000000
 40
1.000000000
 40
1.000000000
 40
1.000000000
 10
52.312095000
 20
138.432800000
 30
3.000000000
 10
52.109152000
 20
138.262810000
 30
3.000000000
 10
51.917075000
 20
138.150500000
 30
3.000000000
 10
51.885249000
 20
138.183210000
 30
3.000000000
  0
SPLINE
  5
E64
330
A02
100
AcDbEntity
  8
Shape2DView001
100
AcDbSpline
210
0
220
0
230
1
 70
8
 71
3
 72
8
 73
4
 74
0
 40
0.000000000
 40
0.000000000
 40
0.000000000
 40
0.000000000
 40
1.000000000
 40
1.000000000
 40
1.000000000
 40
1.000000000
 10
51.885249000
 20
138.183210000
 30
3.000000000
 10
51.853419000
 20
138.215910000
 30
3.000000000
 10
51.457012000
 20
138.902280000
 30
3.000000000
 10
51.004328000
 20
139.708460000
 30
3.000000000
  0
SPLINE
  5
E65
330
A02
100
AcDbEntity
  8
Shape2DView001
100
AcDbSpline
210
0
220
0
230
1
 70
8
 71
3
 72
8
 73
4
 74
0
 40
0.000000000
 40
0.000000000
 40
0.000000000
 40
0.000000000
 40
1.000000000
 40
1.000000000
 40
1.000000000
 40
1.000000000
 10
51.004328000
 20
139.708460000
 30
3.000000000
 10
50.551650000
 20
140.514640000
 30
3.000000000
 10
50.008021000
 20
141.472880000
 30
3.000000000
 10
49.796271000
 20
141.837890000
 30
3.000000000
  0
SPLINE
  5
E66
330
A02
100
AcDbEntity
  8
Shape2DView001
100
AcDbSpline
210
0
220
0
230
1
 70
8
 71
3
 72
8
 73
4
 74
0
 40
0.000000000
 40
0.000000000
 40
0.000000000
 40
0.000000000
 40
1.000000000
 40
1.000000000
 40
1.000000000
 40
1.000000000
 10
49.796271000
 20
141.837890000
 30
3.000000000
 10
49.584515000
 20
142.202900000
 30
3.000000000
 10
49.411265000
 20
142.514490000
 30
3.000000000
 10
49.411265000
 20
142.530320000
 30
3.000000000
  0
SPLINE
  5
E67
330
A02
100
AcDbEntity
  8
Shape2DView001
100
AcDbSpline
210
0
220
0
230
1
 70
8
 71
3
 72
8
 73
4
 74
0
 40
0.000000000
 40
0.000000000
 40
0.000000000
 40
0.000000000
 40
1.000000000
 40
1.000000000
 40
1.000000000
 40
1.000000000
 10
49.411265000
 20
142.530320000
 30
3.000000000
 10
49.411265000
 20
142.546120000
 30
3.000000000
 10
49.022389000
 20
143.236540000
 30
3.000000000
 10
48.547104000
 20
144.064520000
 30
3.000000000
  0
SPLINE
  5
E68
330
A02
100
AcDbEntity
  8
Shape2DView001
100
AcDbSpline
210
0
220
0
230
1
 70
8
 71
3
 72
8
 73
4
 74
0
 40
0.000000000
 40
0.000000000
 40
0.000000000
 40
0.000000000
 40
1.000000000
 40
1.000000000
 40
1.000000000
 40
1.000000000
 10
48.547104000
 20
144.064520000
 30
3.000000000
 10
48.071814000
 20
144.892500000
 30
3.000000000
 10
47.674363000
 20
145.607990000
 30
3.000000000
 10
47.663877000
 20
145.654500000
 30
3.000000000
  0
SPLINE
  5
E69
330
A02
100
AcDbEntity
  8
Shape2DView001
100
AcDbSpline
210
0
220
0
230
1
 70
8
 71
3
 72
8
 73
4
 74
0
 40
0.000000000
 40
0.000000000
 40
0.000000000
 40
0.000000000
 40
1.000000000
 40
1.000000000
 40
1.000000000
 40
1.000000000
 10
47.663877000
 20
145.654500000
 30
3.000000000
 10
47.640817000
 20
145.756810000
 30
3.000000000
 10
48.857984000
 20
146.394890000
 30
3.000000000
 10
49.080150000
 20
146.396960000
 30
3.000000000
  0
SPLINE
  5
E6A
330
A02
100
AcDbEntity
  8
Shape2DView001
100
AcDbSpline
210
0
220
0
230
1
 70
8
 71
3
 72
8
 73
4
 74
0
 40
0.000000000
 40
0.000000000
 40
0.000000000
 40
0.000000000
 40
1.000000000
 40
1.000000000
 40
1.000000000
 40
1.000000000
 10
49.080150000
 20
146.396960000
 30
3.000000000
 10
49.166760000
 20
146.397960000
 30
3.000000000
 10
49.293611000
 20
146.336560000
 30
3.000000000
 10
49.362030000
 20
146.260970000
 30
3.000000000
  0
SPLINE
  5
E6B
330
A02
100
AcDbEntity
  8
Shape2DView001
100
AcDbSpline
210
0
220
0
230
1
 70
8
 71
1
 72
4
 73
2
 74
0
 40
0.000000000
 40
0.000000000
 40
0.000037736
 40
0.000037736
 10
49.362030000
 20
146.260970000
 30
3.000000000
 10
49.362062000
 20
146.260990000
 30
3.000000000
  0
SPLINE
  5
E6C
330
A02
100
AcDbEntity
  8
Shape2DView001
100
AcDbSpline
210
0
220
0
230
1
 70
8
 71
3
 72
8
 73
4
 74
0
 40
0.000000000
 40
0.000000000
 40
0.000000000
 40
0.000000000
 40
1.000000000
 40
1.000000000
 40
1.000000000
 40
1.000000000
 10
69.590675000
 20
146.008940000
 30
3.000000000
 10
70.084987000
 20
145.971840000
 30
3.000000000
 10
70.497875000
 20
145.933040000
 30
3.000000000
 10
70.508208000
 20
145.922640000
 30
3.000000000
  0
SPLINE
  5
E6D
330
A02
100
AcDbEntity
  8
Shape2DView001
100
AcDbSpline
210
0
220
0
230
1
 70
8
 71
3
 72
8
 73
4
 74
0
 40
0.000000000
 40
0.000000000
 40
0.000000000
 40
0.000000000
 40
1.000000000
 40
1.000000000
 40
1.000000000
 40
1.000000000
 10
70.508208000
 20
145.922640000
 30
3.000000000
 10
70.556778000
 20
145.874040000
 30
3.000000000
 10
70.625890000
 20
136.779250000
 30
3.000000000
 10
70.579568000
 20
136.532340000
 30
3.000000000
  0
SPLINE
  5
E6E
330
A02
100
AcDbEntity
  8
Shape2DView001
100
AcDbSpline
210
0
220
0
230
1
 70
8
 71
1
 72
4
 73
2
 74
0
 40
0.000000000
 40
0.000000000
 40
0.286534274
 40
0.286534274
 10
70.579568000
 20
136.532340000
 30
3.000000000
 10
70.526728000
 20
136.250720000
 30
3.000000000
  0
SPLINE
  5
E6F
330
A02
100
AcDbEntity
  8
Shape2DView001
100
AcDbSpline
210
0
220
0
230
1
 70
8
 71
1
 72
4
 73
2
 74
0
 40
0.000000000
 40
0.000000000
 40
0.898611000
 40
0.898611000
 10
70.526728000
 20
136.250720000
 30
3.000000000
 10
69.628117000
 20
136.250720000
 30
3.000000000
  0
SPLINE
  5
E70
330
A02
100
AcDbEntity
  8
Shape2DView001
100
AcDbSpline
210
0
220
0
230
1
 70
8
 71
1
 72
4
 73
2
 74
0
 40
0.000000000
 40
0.000000000
 40
0.898612000
 40
0.898612000
 10
69.628117000
 20
136.250720000
 30
3.000000000
 10
68.729505000
 20
136.250720000
 30
3.000000000
  0
SPLINE
  5
E71
330
A02
100
AcDbEntity
  8
Shape2DView001
100
AcDbSpline
210
0
220
0
230
1
 70
8
 71
1
 72
4
 73
2
 74
0
 40
0.000000000
 40
0.000000000
 40
1.465770000
 40
1.465770000
 10
68.729505000
 20
136.250720000
 30
3.000000000
 10
68.729505000
 20
137.716490000
 30
3.000000000
  0
SPLINE
  5
E72
330
A02
100
AcDbEntity
  8
Shape2DView001
100
AcDbSpline
210
0
220
0
230
1
 70
8
 71
3
 72
8
 73
4
 74
0
 40
0.000000000
 40
0.000000000
 40
0.000000000
 40
0.000000000
 40
1.000000000
 40
1.000000000
 40
1.000000000
 40
1.000000000
 10
68.729505000
 20
137.716490000
 30
3.000000000
 10
68.729505000
 20
138.522670000
 30
3.000000000
 10
68.711525000
 20
139.182270000
 30
3.000000000
 10
68.689545000
 20
139.182270000
 30
3.000000000
  0
SPLINE
  5
E73
330
A02
100
AcDbEntity
  8
Shape2DView001
100
AcDbSpline
210
0
220
0
230
1
 70
8
 71
3
 72
8
 73
4
 74
0
 40
0.000000000
 40
0.000000000
 40
0.000000000
 40
0.000000000
 40
1.000000000
 40
1.000000000
 40
1.000000000
 40
1.000000000
 10
68.689545000
 20
139.182270000
 30
3.000000000
 10
68.667585000
 20
139.182270000
 30
3.000000000
 10
68.443193000
 20
139.112770000
 30
3.000000000
 10
68.190926000
 20
139.027760000
 30
3.000000000
  0
SPLINE
  5
E74
330
A02
100
AcDbEntity
  8
Shape2DView001
100
AcDbSpline
210
0
220
0
230
1
 70
8
 71
3
 72
8
 73
4
 74
0
 40
0.000000000
 40
0.000000000
 40
0.000000000
 40
0.000000000
 40
1.000000000
 40
1.000000000
 40
1.000000000
 40
1.000000000
 10
68.190926000
 20
139.027760000
 30
3.000000000
 10
67.672256000
 20
138.853030000
 30
3.000000000
 10
66.828407000
 20
138.822060000
 30
3.000000000
 10
66.310075000
 20
138.958760000
 30
3.000000000
  0
SPLINE
  5
E75
330
A02
100
AcDbEntity
  8
Shape2DView001
100
AcDbSpline
210
0
220
0
230
1
 70
8
 71
3
 72
8
 73
4
 74
0
 40
0.000000000
 40
0.000000000
 40
0.000000000
 40
0.000000000
 40
1.000000000
 40
1.000000000
 40
1.000000000
 40
1.000000000
 10
66.310075000
 20
138.958760000
 30
3.000000000
 10
65.927702000
 20
139.059580000
 30
3.000000000
 10
65.367896000
 20
139.370950000
 30
3.000000000
 10
65.174311000
 20
139.590480000
 30
3.000000000
  0
SPLINE
  5
E76
330
A02
100
AcDbEntity
  8
Shape2DView001
100
AcDbSpline
210
0
220
0
230
1
 70
8
 71
3
 72
8
 73
4
 74
0
 40
0.000000000
 40
0.000000000
 40
0.000000000
 40
0.000000000
 40
1.000000000
 40
1.000000000
 40
1.000000000
 40
1.000000000
 10
65.174311000
 20
139.590480000
 30
3.000000000
 10
64.247715000
 20
140.641250000
 30
3.000000000
 10
64.183023000
 20
143.979170000
 30
3.000000000
 10
65.066981000
 20
145.128360000
 30
3.000000000
  0
SPLINE
  5
E77
330
A02
100
AcDbEntity
  8
Shape2DView001
100
AcDbSpline
210
0
220
0
230
1
 70
8
 71
3
 72
8
 73
4
 74
0
 40
0.000000000
 40
0.000000000
 40
0.000000000
 40
0.000000000
 40
1.000000000
 40
1.000000000
 40
1.000000000
 40
1.000000000
 10
65.066981000
 20
145.128360000
 30
3.000000000
 10
65.723749000
 20
145.982200000
 30
3.000000000
 10
66.899273000
 20
146.211030000
 30
3.000000000
 10
69.590662000
 20
146.008930000
 30
3.000000000
  0
SPLINE
  5
E78
330
A02
100
AcDbEntity
  8
Shape2DView001
100
AcDbSpline
210
0
220
0
230
1
 70
8
 71
1
 72
4
 73
2
 74
0
 40
0.000000000
 40
0.000000000
 40
0.000016401
 40
0.000016401
 10
69.590662000
 20
146.008930000
 30
3.000000000
 10
69.590675000
 20
146.008940000
 30
3.000000000
  0
SPLINE
  5
E79
330
A02
100
AcDbEntity
  8
Shape2DView001
100
AcDbSpline
210
0
220
0
230
1
 70
8
 71
3
 72
8
 73
4
 74
0
 40
0.000000000
 40
0.000000000
 40
0.000000000
 40
0.000000000
 40
1.000000000
 40
1.000000000
 40
1.000000000
 40
1.000000000
 10
67.202382000
 20
144.335170000
 30
3.000000000
 10
66.838881000
 20
144.205530000
 30
3.000000000
 10
66.649173000
 20
144.033320000
 30
3.000000000
 10
66.452885000
 20
143.654810000
 30
3.000000000
  0
SPLINE
  5
E7A
330
A02
100
AcDbEntity
  8
Shape2DView001
100
AcDbSpline
210
0
220
0
230
1
 70
8
 71
3
 72
8
 73
4
 74
0
 40
0.000000000
 40
0.000000000
 40
0.000000000
 40
0.000000000
 40
1.000000000
 40
1.000000000
 40
1.000000000
 40
1.000000000
 10
66.452885000
 20
143.654810000
 30
3.000000000
 10
66.324236000
 20
143.406730000
 30
3.000000000
 10
66.297693000
 20
143.221840000
 30
3.000000000
 10
66.301125000
 20
142.597730000
 30
3.000000000
  0
SPLINE
  5
E7B
330
A02
100
AcDbEntity
  8
Shape2DView001
100
AcDbSpline
210
0
220
0
230
1
 70
8
 71
3
 72
8
 73
4
 74
0
 40
0.000000000
 40
0.000000000
 40
0.000000000
 40
0.000000000
 40
1.000000000
 40
1.000000000
 40
1.000000000
 40
1.000000000
 10
66.301125000
 20
142.597730000
 30
3.000000000
 10
66.311215000
 20
140.763030000
 30
3.000000000
 10
66.880621000
 20
140.229870000
 30
3.000000000
 10
68.410049000
 20
140.623080000
 30
3.000000000
  0
SPLINE
  5
E7C
330
A02
100
AcDbEntity
  8
Shape2DView001
100
AcDbSpline
210
0
220
0
230
1
 70
8
 71
1
 72
4
 73
2
 74
0
 40
0.000000000
 40
0.000000000
 40
0.329844899
 40
0.329844899
 10
68.410049000
 20
140.623080000
 30
3.000000000
 10
68.729513000
 20
140.705180000
 30
3.000000000
  0
SPLINE
  5
E7D
330
A02
100
AcDbEntity
  8
Shape2DView001
100
AcDbSpline
210
0
220
0
230
1
 70
8
 71
1
 72
4
 73
2
 74
0
 40
0.000000000
 40
0.000000000
 40
1.826330000
 40
1.826330000
 10
68.729513000
 20
140.705180000
 30
3.000000000
 10
68.729513000
 20
142.531510000
 30
3.000000000
  0
SPLINE
  5
E7E
330
A02
100
AcDbEntity
  8
Shape2DView001
100
AcDbSpline
210
0
220
0
230
1
 70
8
 71
3
 72
8
 73
4
 74
0
 40
0.000000000
 40
0.000000000
 40
0.000000000
 40
0.000000000
 40
1.000000000
 40
1.000000000
 40
1.000000000
 40
1.000000000
 10
68.729513000
 20
142.531510000
 30
3.000000000
 10
68.729513000
 20
144.207680000
 30
3.000000000
 10
68.718683000
 20
144.360680000
 30
3.000000000
 10
68.597969000
 20
144.392230000
 30
3.000000000
  0
SPLINE
  5
E7F
330
A02
100
AcDbEntity
  8
Shape2DView001
100
AcDbSpline
210
0
220
0
230
1
 70
8
 71
3
 72
8
 73
4
 74
0
 40
0.000000000
 40
0.000000000
 40
0.000000000
 40
0.000000000
 40
1.000000000
 40
1.000000000
 40
1.000000000
 40
1.000000000
 10
68.597969000
 20
144.392230000
 30
3.000000000
 10
68.313960000
 20
144.466430000
 30
3.000000000
 10
67.474245000
 20
144.432030000
 30
3.000000000
 10
67.202382000
 20
144.335130000
 30
3.000000000
  0
SPLINE
  5
E80
330
A02
100
AcDbEntity
  8
Shape2DView001
100
AcDbSpline
210
0
220
0
230
1
 70
8
 71
1
 72
4
 73
2
 74
0
 40
0.000000000
 40
0.000000000
 40
0.000040000
 40
0.000040000
 10
67.202382000
 20
144.335130000
 30
3.000000000
 10
67.202382000
 20
144.335170000
 30
3.000000000
  0
SPLINE
  5
E81
330
A02
100
AcDbEntity
  8
Shape2DView001
100
AcDbSpline
210
0
220
0
230
1
 70
8
 71
3
 72
8
 73
4
 74
0
 40
0.000000000
 40
0.000000000
 40
0.000000000
 40
0.000000000
 40
1.000000000
 40
1.000000000
 40
1.000000000
 40
1.000000000
 10
56.245613000
 20
145.981160000
 30
3.000000000
 10
57.238679000
 20
145.765780000
 30
3.000000000
 10
57.879526000
 20
145.005070000
 30
3.000000000
 10
58.097448000
 20
143.782970000
 30
3.000000000
  0
SPLINE
  5
E82
330
A02
100
AcDbEntity
  8
Shape2DView001
100
AcDbSpline
210
0
220
0
230
1
 70
8
 71
3
 72
8
 73
4
 74
0
 40
0.000000000
 40
0.000000000
 40
0.000000000
 40
0.000000000
 40
1.000000000
 40
1.000000000
 40
1.000000000
 40
1.000000000
 10
58.097448000
 20
143.782970000
 30
3.000000000
 10
58.382142000
 20
142.186430000
 30
3.000000000
 10
58.071458000
 20
140.526320000
 30
3.000000000
 10
57.335543000
 20
139.711750000
 30
3.000000000
  0
SPLINE
  5
E83
330
A02
100
AcDbEntity
  8
Shape2DView001
100
AcDbSpline
210
0
220
0
230
1
 70
8
 71
3
 72
8
 73
4
 74
0
 40
0.000000000
 40
0.000000000
 40
0.000000000
 40
0.000000000
 40
1.000000000
 40
1.000000000
 40
1.000000000
 40
1.000000000
 10
57.335543000
 20
139.711750000
 30
3.000000000
 10
57.067270000
 20
139.414800000
 30
3.000000000
 10
56.304771000
 20
138.956800000
 30
3.000000000
 10
56.078670000
 20
138.956800000
 30
3.000000000
  0
SPLINE
  5
E84
330
A02
100
AcDbEntity
  8
Shape2DView001
100
AcDbSpline
210
0
220
0
230
1
 70
8
 71
3
 72
8
 73
4
 74
0
 40
0.000000000
 40
0.000000000
 40
0.000000000
 40
0.000000000
 40
1.000000000
 40
1.000000000
 40
1.000000000
 40
1.000000000
 10
56.078670000
 20
138.956800000
 30
3.000000000
 10
56.022550000
 20
138.956800000
 30
3.000000000
 10
55.895970000
 20
139.129000000
 30
3.000000000
 10
55.797396000
 20
139.339460000
 30
3.000000000
  0
SPLINE
  5
E85
330
A02
100
AcDbEntity
  8
Shape2DView001
100
AcDbSpline
210
0
220
0
230
1
 70
8
 71
3
 72
8
 73
4
 74
0
 40
0.000000000
 40
0.000000000
 40
0.000000000
 40
0.000000000
 40
1.000000000
 40
1.000000000
 40
1.000000000
 40
1.000000000
 10
55.797396000
 20
139.339460000
 30
3.000000000
 10
55.603958000
 20
139.752460000
 30
3.000000000
 10
55.355899000
 20
140.001200000
 30
3.000000000
 10
54.983725000
 20
140.155350000
 30
3.000000000
  0
SPLINE
  5
E86
330
A02
100
AcDbEntity
  8
Shape2DView001
100
AcDbSpline
210
0
220
0
230
1
 70
8
 71
3
 72
8
 73
4
 74
0
 40
0.000000000
 40
0.000000000
 40
0.000000000
 40
0.000000000
 40
1.000000000
 40
1.000000000
 40
1.000000000
 40
1.000000000
 10
54.983725000
 20
140.155350000
 30
3.000000000
 10
54.633341000
 20
140.300490000
 30
3.000000000
 10
54.697520000
 20
140.384990000
 30
3.000000000
 10
55.158123000
 20
140.384990000
 30
3.000000000
  0
SPLINE
  5
E87
330
A02
100
AcDbEntity
  8
Shape2DView001
100
AcDbSpline
210
0
220
0
230
1
 70
8
 71
3
 72
8
 73
4
 74
0
 40
0.000000000
 40
0.000000000
 40
0.000000000
 40
0.000000000
 40
1.000000000
 40
1.000000000
 40
1.000000000
 40
1.000000000
 10
55.158123000
 20
140.384990000
 30
3.000000000
 10
55.383562000
 20
140.384990000
 30
3.000000000
 10
55.654997000
 20
140.424590000
 30
3.000000000
 10
55.761316000
 20
140.473090000
 30
3.000000000
  0
SPLINE
  5
E88
330
A02
100
AcDbEntity
  8
Shape2DView001
100
AcDbSpline
210
0
220
0
230
1
 70
8
 71
3
 72
8
 73
4
 74
0
 40
0.000000000
 40
0.000000000
 40
0.000000000
 40
0.000000000
 40
1.000000000
 40
1.000000000
 40
1.000000000
 40
1.000000000
 10
55.761316000
 20
140.473090000
 30
3.000000000
 10
56.056745000
 20
140.607700000
 30
3.000000000
 10
56.267585000
 20
141.009690000
 30
3.000000000
 10
56.279159000
 20
141.460430000
 30
3.000000000
  0
SPLINE
  5
E89
330
A02
100
AcDbEntity
  8
Shape2DView001
100
AcDbSpline
210
0
220
0
230
1
 70
8
 71
1
 72
4
 73
2
 74
0
 40
0.000000000
 40
0.000000000
 40
0.390488835
 40
0.390488835
 10
56.279159000
 20
141.460430000
 30
3.000000000
 10
56.289189000
 20
141.850790000
 30
3.000000000
  0
SPLINE
  5
E8A
330
A02
100
AcDbEntity
  8
Shape2DView001
100
AcDbSpline
210
0
220
0
230
1
 70
8
 71
1
 72
4
 73
2
 74
0
 40
0.000000000
 40
0.000000000
 40
1.146502883
 40
1.146502883
 10
56.289189000
 20
141.850790000
 30
3.000000000
 10
55.142873000
 20
141.871490000
 30
3.000000000
  0
SPLINE
  5
E8B
330
A02
100
AcDbEntity
  8
Shape2DView001
100
AcDbSpline
210
0
220
0
230
1
 70
8
 71
1
 72
4
 73
2
 74
0
 40
0.000000000
 40
0.000000000
 40
1.146499884
 40
1.146499884
 10
55.142873000
 20
141.871490000
 30
3.000000000
 10
53.996560000
 20
141.892190000
 30
3.000000000
  0
SPLINE
  5
E8C
330
A02
100
AcDbEntity
  8
Shape2DView001
100
AcDbSpline
210
0
220
0
230
1
 70
8
 71
1
 72
4
 73
2
 74
0
 40
0.000000000
 40
0.000000000
 40
0.302630000
 40
0.302630000
 10
53.996560000
 20
141.892190000
 30
3.000000000
 10
53.996560000
 20
141.589560000
 30
3.000000000
  0
SPLINE
  5
E8D
330
A02
100
AcDbEntity
  8
Shape2DView001
100
AcDbSpline
210
0
220
0
230
1
 70
8
 71
3
 72
8
 73
4
 74
0
 40
0.000000000
 40
0.000000000
 40
0.000000000
 40
0.000000000
 40
1.000000000
 40
1.000000000
 40
1.000000000
 40
1.000000000
 10
53.996560000
 20
141.589560000
 30
3.000000000
 10
53.996560000
 20
141.303420000
 30
3.000000000
 10
53.984290000
 20
141.286930000
 30
3.000000000
 10
53.771056000
 20
141.286930000
 30
3.000000000
  0
SPLINE
  5
E8E
330
A02
100
AcDbEntity
  8
Shape2DView001
100
AcDbSpline
210
0
220
0
230
1
 70
8
 71
3
 72
8
 73
4
 74
0
 40
0.000000000
 40
0.000000000
 40
0.000000000
 40
0.000000000
 40
1.000000000
 40
1.000000000
 40
1.000000000
 40
1.000000000
 10
53.771056000
 20
141.286930000
 30
3.000000000
 10
53.569120000
 20
141.286930000
 30
3.000000000
 10
53.544344000
 20
141.312530000
 30
3.000000000
 10
53.534000000
 20
141.531230000
 30
3.000000000
  0
SPLINE
  5
E8F
330
A02
100
AcDbEntity
  8
Shape2DView001
100
AcDbSpline
210
0
220
0
230
1
 70
8
 71
3
 72
8
 73
4
 74
0
 40
0.000000000
 40
0.000000000
 40
0.000000000
 40
0.000000000
 40
1.000000000
 40
1.000000000
 40
1.000000000
 40
1.000000000
 10
53.534000000
 20
141.531230000
 30
3.000000000
 10
53.527600000
 20
141.665590000
 30
3.000000000
 10
53.514510000
 20
141.860090000
 30
3.000000000
 10
53.504800000
 20
141.963450000
 30
3.000000000
  0
SPLINE
  5
E90
330
A02
100
AcDbEntity
  8
Shape2DView001
100
AcDbSpline
210
0
220
0
230
1
 70
8
 71
3
 72
8
 73
4
 74
0
 40
0.000000000
 40
0.000000000
 40
0.000000000
 40
0.000000000
 40
1.000000000
 40
1.000000000
 40
1.000000000
 40
1.000000000
 10
53.504800000
 20
141.963450000
 30
3.000000000
 10
53.495100000
 20
142.066800000
 30
3.000000000
 10
53.483380000
 20
142.223170000
 30
3.000000000
 10
53.478780000
 20
142.310940000
 30
3.000000000
  0
SPLINE
  5
E91
330
A02
100
AcDbEntity
  8
Shape2DView001
100
AcDbSpline
210
0
220
0
230
1
 70
8
 71
3
 72
8
 73
4
 74
0
 40
0.000000000
 40
0.000000000
 40
0.000000000
 40
0.000000000
 40
1.000000000
 40
1.000000000
 40
1.000000000
 40
1.000000000
 10
53.478780000
 20
142.310940000
 30
3.000000000
 10
53.471580000
 20
142.447880000
 30
3.000000000
 10
53.393090000
 20
142.485210000
 30
3.000000000
 10
52.925432000
 20
142.574030000
 30
3.000000000
  0
SPLINE
  5
E92
330
A02
100
AcDbEntity
  8
Shape2DView001
100
AcDbSpline
210
0
220
0
230
1
 70
8
 71
1
 72
4
 73
2
 74
0
 40
0.000000000
 40
0.000000000
 40
0.554715063
 40
0.554715063
 10
52.925432000
 20
142.574030000
 30
3.000000000
 10
52.380460000
 20
142.677540000
 30
3.000000000
  0
SPLINE
  5
E93
330
A02
100
AcDbEntity
  8
Shape2DView001
100
AcDbSpline
210
0
220
0
230
1
 70
8
 71
1
 72
4
 73
2
 74
0
 40
0.000000000
 40
0.000000000
 40
0.282843814
 40
0.282843814
 10
52.380460000
 20
142.677540000
 30
3.000000000
 10
52.357130000
 20
142.959420000
 30
3.000000000
  0
SPLINE
  5
E94
330
A02
100
AcDbEntity
  8
Shape2DView001
100
AcDbSpline
210
0
220
0
230
1
 70
8
 71
1
 72
4
 73
2
 74
0
 40
0.000000000
 40
0.000000000
 40
0.282843814
 40
0.282843814
 10
52.357130000
 20
142.959420000
 30
3.000000000
 10
52.333800000
 20
143.241300000
 30
3.000000000
  0
SPLINE
  5
E95
330
A02
100
AcDbEntity
  8
Shape2DView001
100
AcDbSpline
210
0
220
0
230
1
 70
8
 71
1
 72
4
 73
2
 74
0
 40
0.000000000
 40
0.000000000
 40
1.961268000
 40
1.961268000
 10
52.333800000
 20
143.241300000
 30
3.000000000
 10
54.295068000
 20
143.241300000
 30
3.000000000
  0
SPLINE
  5
E96
330
A02
100
AcDbEntity
  8
Shape2DView001
100
AcDbSpline
210
0
220
0
230
1
 70
8
 71
3
 72
8
 73
4
 74
0
 40
0.000000000
 40
0.000000000
 40
0.000000000
 40
0.000000000
 40
1.000000000
 40
1.000000000
 40
1.000000000
 40
1.000000000
 10
54.295068000
 20
143.241300000
 30
3.000000000
 10
56.494580000
 20
143.241300000
 30
3.000000000
 10
56.419078000
 20
143.220200000
 30
3.000000000
 10
56.240367000
 20
143.784970000
 30
3.000000000
  0
SPLINE
  5
E97
330
A02
100
AcDbEntity
  8
Shape2DView001
100
AcDbSpline
210
0
220
0
230
1
 70
8
 71
3
 72
8
 73
4
 74
0
 40
0.000000000
 40
0.000000000
 40
0.000000000
 40
0.000000000
 40
1.000000000
 40
1.000000000
 40
1.000000000
 40
1.000000000
 10
56.240367000
 20
143.784970000
 30
3.000000000
 10
56.157557000
 20
144.046690000
 30
3.000000000
 10
56.076598000
 20
144.138070000
 30
3.000000000
 10
55.800608000
 20
144.281410000
 30
3.000000000
  0
SPLINE
  5
E98
330
A02
100
AcDbEntity
  8
Shape2DView001
100
AcDbSpline
210
0
220
0
230
1
 70
8
 71
3
 72
8
 73
4
 74
0
 40
0.000000000
 40
0.000000000
 40
0.000000000
 40
0.000000000
 40
1.000000000
 40
1.000000000
 40
1.000000000
 40
1.000000000
 10
55.800608000
 20
144.281410000
 30
3.000000000
 10
55.467950000
 20
144.454170000
 30
3.000000000
 10
55.436639000
 20
144.456280000
 30
3.000000000
 10
53.908695000
 20
144.408910000
 30
3.000000000
  0
SPLINE
  5
E99
330
A02
100
AcDbEntity
  8
Shape2DView001
100
AcDbSpline
210
0
220
0
230
1
 70
8
 71
1
 72
4
 73
2
 74
0
 40
0.000000000
 40
0.000000000
 40
1.554411485
 40
1.554411485
 10
53.908695000
 20
144.408910000
 30
3.000000000
 10
52.355031000
 20
144.360710000
 30
3.000000000
  0
SPLINE
  5
E9A
330
A02
100
AcDbEntity
  8
Shape2DView001
100
AcDbSpline
210
0
220
0
230
1
 70
8
 71
1
 72
4
 73
2
 74
0
 40
0.000000000
 40
0.000000000
 40
0.574227950
 40
0.574227950
 10
52.355031000
 20
144.360710000
 30
3.000000000
 10
52.330181000
 20
144.934400000
 30
3.000000000
  0
SPLINE
  5
E9B
330
A02
100
AcDbEntity
  8
Shape2DView001
100
AcDbSpline
210
0
220
0
230
1
 70
8
 71
3
 72
8
 73
4
 74
0
 40
0.000000000
 40
0.000000000
 40
0.000000000
 40
0.000000000
 40
1.000000000
 40
1.000000000
 40
1.000000000
 40
1.000000000
 10
52.330181000
 20
144.934400000
 30
3.000000000
 10
52.290391000
 20
145.852230000
 30
3.000000000
 10
52.217691000
 20
145.797790000
 30
3.000000000
 10
53.733507000
 20
145.985040000
 30
3.000000000
  0
SPLINE
  5
E9C
330
A02
100
AcDbEntity
  8
Shape2DView001
100
AcDbSpline
210
0
220
0
230
1
 70
8
 71
3
 72
8
 73
4
 74
0
 40
0.000000000
 40
0.000000000
 40
0.000000000
 40
0.000000000
 40
1.000000000
 40
1.000000000
 40
1.000000000
 40
1.000000000
 10
53.733507000
 20
145.985040000
 30
3.000000000
 10
54.832759000
 20
146.120830000
 30
3.000000000
 10
55.606815000
 20
146.119600000
 30
3.000000000
 10
56.245657000
 20
145.981040000
 30
3.000000000
  0
SPLINE
  5
E9D
330
A02
100
AcDbEntity
  8
Shape2DView001
100
AcDbSpline
210
0
220
0
230
1
 70
8
 71
1
 72
4
 73
2
 74
0
 40
0.000000000
 40
0.000000000
 40
0.000127812
 40
0.000127812
 10
56.245657000
 20
145.981040000
 30
3.000000000
 10
56.245613000
 20
145.981160000
 30
3.000000000
  0
SPLINE
  5
E9E
330
A02
100
AcDbEntity
  8
Shape2DView001
100
AcDbSpline
210
0
220
0
230
1
 70
8
 71
3
 72
8
 73
4
 74
0
 40
0.000000000
 40
0.000000000
 40
0.000000000
 40
0.000000000
 40
1.000000000
 40
1.000000000
 40
1.000000000
 40
1.000000000
 10
46.435161000
 20
145.911660000
 30
3.000000000
 10
47.126906000
 20
145.627270000
 30
3.000000000
 10
47.617765000
 20
145.176290000
 30
3.000000000
 10
47.724484000
 20
144.727080000
 30
3.000000000
  0
SPLINE
  5
E9F
330
A02
100
AcDbEntity
  8
Shape2DView001
100
AcDbSpline
210
0
220
0
230
1
 70
8
 71
3
 72
8
 73
4
 74
0
 40
0.000000000
 40
0.000000000
 40
0.000000000
 40
0.000000000
 40
1.000000000
 40
1.000000000
 40
1.000000000
 40
1.000000000
 10
47.724484000
 20
144.727080000
 30
3.000000000
 10
47.765784000
 20
144.553200000
 30
3.000000000
 10
47.743104000
 20
144.510010000
 30
3.000000000
 10
47.577538000
 20
144.447060000
 30
3.000000000
  0
SPLINE
  5
EA0
330
A02
100
AcDbEntity
  8
Shape2DView001
100
AcDbSpline
210
0
220
0
230
1
 70
8
 71
3
 72
8
 73
4
 74
0
 40
0.000000000
 40
0.000000000
 40
0.000000000
 40
0.000000000
 40
1.000000000
 40
1.000000000
 40
1.000000000
 40
1.000000000
 10
47.577538000
 20
144.447060000
 30
3.000000000
 10
47.385341000
 20
144.373960000
 30
3.000000000
 10
47.381757000
 20
144.359360000
 30
3.000000000
 10
47.381757000
 20
143.649910000
 30
3.000000000
  0
SPLINE
  5
EA1
330
A02
100
AcDbEntity
  8
Shape2DView001
100
AcDbSpline
210
0
220
0
230
1
 70
8
 71
1
 72
4
 73
2
 74
0
 40
0.000000000
 40
0.000000000
 40
0.722700000
 40
0.722700000
 10
47.381757000
 20
143.649910000
 30
3.000000000
 10
47.381757000
 20
142.927210000
 30
3.000000000
  0
SPLINE
  5
EA2
330
A02
100
AcDbEntity
  8
Shape2DView001
100
AcDbSpline
210
0
220
0
230
1
 70
8
 71
1
 72
4
 73
2
 74
0
 40
0.000000000
 40
0.000000000
 40
0.627899235
 40
0.627899235
 10
47.381757000
 20
142.927210000
 30
3.000000000
 10
48.007491000
 20
142.979310000
 30
3.000000000
  0
SPLINE
  5
EA3
330
A02
100
AcDbEntity
  8
Shape2DView001
100
AcDbSpline
210
0
220
0
230
1
 70
8
 71
1
 72
4
 73
2
 74
0
 40
0.000000000
 40
0.000000000
 40
0.627893255
 40
0.627893255
 10
48.007491000
 20
142.979310000
 30
3.000000000
 10
48.633219000
 20
143.031410000
 30
3.000000000
  0
SPLINE
  5
EA4
330
A02
100
AcDbEntity
  8
Shape2DView001
100
AcDbSpline
210
0
220
0
230
1
 70
8
 71
1
 72
4
 73
2
 74
0
 40
0.000000000
 40
0.000000000
 40
0.614520255
 40
0.614520255
 10
48.633219000
 20
143.031410000
 30
3.000000000
 10
48.947087000
 20
142.503090000
 30
3.000000000
  0
SPLINE
  5
EA5
330
A02
100
AcDbEntity
  8
Shape2DView001
100
AcDbSpline
210
0
220
0
230
1
 70
8
 71
3
 72
8
 73
4
 74
0
 40
0.000000000
 40
0.000000000
 40
0.000000000
 40
0.000000000
 40
1.000000000
 40
1.000000000
 40
1.000000000
 40
1.000000000
 10
48.947087000
 20
142.503090000
 30
3.000000000
 10
49.119715000
 20
142.212520000
 30
3.000000000
 10
49.260956000
 20
141.941100000
 30
3.000000000
 10
49.260956000
 20
141.899930000
 30
3.000000000
  0
SPLINE
  5
EA6
330
A02
100
AcDbEntity
  8
Shape2DView001
100
AcDbSpline
210
0
220
0
230
1
 70
8
 71
3
 72
8
 73
4
 74
0
 40
0.000000000
 40
0.000000000
 40
0.000000000
 40
0.000000000
 40
1.000000000
 40
1.000000000
 40
1.000000000
 40
1.000000000
 10
49.260956000
 20
141.899930000
 30
3.000000000
 10
49.260956000
 20
141.811130000
 30
3.000000000
 10
49.033144000
 20
141.763100000
 30
3.000000000
 10
48.321354000
 20
141.701800000
 30
3.000000000
  0
SPLINE
  5
EA7
330
A02
100
AcDbEntity
  8
Shape2DView001
100
AcDbSpline
210
0
220
0
230
1
 70
8
 71
3
 72
8
 73
4
 74
0
 40
0.000000000
 40
0.000000000
 40
0.000000000
 40
0.000000000
 40
1.000000000
 40
1.000000000
 40
1.000000000
 40
1.000000000
 10
48.321354000
 20
141.701800000
 30
3.000000000
 10
47.323325000
 20
141.615800000
 30
3.000000000
 10
47.360001000
 20
141.638600000
 30
3.000000000
 10
47.396958000
 20
141.127670000
 30
3.000000000
  0
SPLINE
  5
EA8
330
A02
100
AcDbEntity
  8
Shape2DView001
100
AcDbSpline
210
0
220
0
230
1
 70
8
 71
3
 72
8
 73
4
 74
0
 40
0.000000000
 40
0.000000000
 40
0.000000000
 40
0.000000000
 40
1.000000000
 40
1.000000000
 40
1.000000000
 40
1.000000000
 10
47.396958000
 20
141.127670000
 30
3.000000000
 10
47.414608000
 20
140.883310000
 30
3.000000000
 10
47.463218000
 20
140.649250000
 30
3.000000000
 10
47.504928000
 20
140.607540000
 30
3.000000000
  0
SPLINE
  5
EA9
330
A02
100
AcDbEntity
  8
Shape2DView001
100
AcDbSpline
210
0
220
0
230
1
 70
8
 71
3
 72
8
 73
4
 74
0
 40
0.000000000
 40
0.000000000
 40
0.000000000
 40
0.000000000
 40
1.000000000
 40
1.000000000
 40
1.000000000
 40
1.000000000
 10
47.504928000
 20
140.607540000
 30
3.000000000
 10
47.649926000
 20
140.462550000
 30
3.000000000
 10
48.473286000
 20
140.381590000
 30
3.000000000
 10
49.306791000
 20
140.430370000
 30
3.000000000
  0
SPLINE
  5
EAA
330
A02
100
AcDbEntity
  8
Shape2DView001
100
AcDbSpline
210
0
220
0
230
1
 70
8
 71
1
 72
4
 73
2
 74
0
 40
0.000000000
 40
0.000000000
 40
0.836521481
 40
0.836521481
 10
49.306791000
 20
140.430370000
 30
3.000000000
 10
50.141882000
 20
140.479270000
 30
3.000000000
  0
SPLINE
  5
EAB
330
A02
100
AcDbEntity
  8
Shape2DView001
100
AcDbSpline
210
0
220
0
230
1
 70
8
 71
1
 72
4
 73
2
 74
0
 40
0.000000000
 40
0.000000000
 40
0.662066814
 40
0.662066814
 10
50.141882000
 20
140.479270000
 30
3.000000000
 10
50.461840000
 20
139.899650000
 30
3.000000000
  0
SPLINE
  5
EAC
330
A02
100
AcDbEntity
  8
Shape2DView001
100
AcDbSpline
210
0
220
0
230
1
 70
8
 71
3
 72
8
 73
4
 74
0
 40
0.000000000
 40
0.000000000
 40
0.000000000
 40
0.000000000
 40
1.000000000
 40
1.000000000
 40
1.000000000
 40
1.000000000
 10
50.461840000
 20
139.899650000
 30
3.000000000
 10
50.637824000
 20
139.580860000
 30
3.000000000
 10
50.752502000
 20
139.294570000
 30
3.000000000
 10
50.716687000
 20
139.263470000
 30
3.000000000
  0
SPLINE
  5
EAD
330
A02
100
AcDbEntity
  8
Shape2DView001
100
AcDbSpline
210
0
220
0
230
1
 70
8
 71
3
 72
8
 73
4
 74
0
 40
0.000000000
 40
0.000000000
 40
0.000000000
 40
0.000000000
 40
1.000000000
 40
1.000000000
 40
1.000000000
 40
1.000000000
 10
50.716687000
 20
139.263470000
 30
3.000000000
 10
50.589894000
 20
139.153330000
 30
3.000000000
 10
49.587508000
 20
138.961090000
 30
3.000000000
 10
48.719308000
 20
138.880400000
 30
3.000000000
  0
SPLINE
  5
EAE
330
A02
100
AcDbEntity
  8
Shape2DView001
100
AcDbSpline
210
0
220
0
230
1
 70
8
 71
3
 72
8
 73
4
 74
0
 40
0.000000000
 40
0.000000000
 40
0.000000000
 40
0.000000000
 40
1.000000000
 40
1.000000000
 40
1.000000000
 40
1.000000000
 10
48.719308000
 20
138.880400000
 30
3.000000000
 10
47.048801000
 20
138.725140000
 30
3.000000000
 10
46.092196000
 20
139.076650000
 30
3.000000000
 10
45.674033000
 20
139.999410000
 30
3.000000000
  0
SPLINE
  5
EAF
330
A02
100
AcDbEntity
  8
Shape2DView001
100
AcDbSpline
210
0
220
0
230
1
 70
8
 71
3
 72
8
 73
4
 74
0
 40
0.000000000
 40
0.000000000
 40
0.000000000
 40
0.000000000
 40
1.000000000
 40
1.000000000
 40
1.000000000
 40
1.000000000
 10
45.674033000
 20
139.999410000
 30
3.000000000
 10
45.572927000
 20
140.222520000
 30
3.000000000
 10
45.542623000
 20
140.646950000
 30
3.000000000
 10
45.507685000
 20
142.328960000
 30
3.000000000
  0
SPLINE
  5
EB0
330
A02
100
AcDbEntity
  8
Shape2DView001
100
AcDbSpline
210
0
220
0
230
1
 70
8
 71
1
 72
4
 73
2
 74
0
 40
0.000000000
 40
0.000000000
 40
2.057193405
 40
2.057193405
 10
45.507685000
 20
142.328960000
 30
3.000000000
 10
45.464975000
 20
144.385710000
 30
3.000000000
  0
SPLINE
  5
EB1
330
A02
100
AcDbEntity
  8
Shape2DView001
100
AcDbSpline
210
0
220
0
230
1
 70
8
 71
1
 72
4
 73
2
 74
0
 40
0.000000000
 40
0.000000000
 40
0.314781776
 40
0.314781776
 10
45.464975000
 20
144.385710000
 30
3.000000000
 10
45.223246000
 20
144.587340000
 30
3.000000000
  0
SPLINE
  5
EB2
330
A02
100
AcDbEntity
  8
Shape2DView001
100
AcDbSpline
210
0
220
0
230
1
 70
8
 71
1
 72
4
 73
2
 74
0
 40
0.000000000
 40
0.000000000
 40
0.314782544
 40
0.314782544
 10
45.223246000
 20
144.587340000
 30
3.000000000
 10
44.981516000
 20
144.788970000
 30
3.000000000
  0
SPLINE
  5
EB3
330
A02
100
AcDbEntity
  8
Shape2DView001
100
AcDbSpline
210
0
220
0
230
1
 70
8
 71
1
 72
4
 73
2
 74
0
 40
0.000000000
 40
0.000000000
 40
0.656017427
 40
0.656017427
 10
44.981516000
 20
144.788970000
 30
3.000000000
 10
45.027696000
 20
145.443360000
 30
3.000000000
  0
SPLINE
  5
EB4
330
A02
100
AcDbEntity
  8
Shape2DView001
100
AcDbSpline
210
0
220
0
230
1
 70
8
 71
1
 72
4
 73
2
 74
0
 40
0.000000000
 40
0.000000000
 40
0.656017427
 40
0.656017427
 10
45.027696000
 20
145.443360000
 30
3.000000000
 10
45.073876000
 20
146.097750000
 30
3.000000000
  0
SPLINE
  5
EB5
330
A02
100
AcDbEntity
  8
Shape2DView001
100
AcDbSpline
210
0
220
0
230
1
 70
8
 71
1
 72
4
 73
2
 74
0
 40
0.000000000
 40
0.000000000
 40
0.458637361
 40
0.458637361
 10
45.073876000
 20
146.097750000
 30
3.000000000
 10
45.532509000
 20
146.095750000
 30
3.000000000
  0
SPLINE
  5
EB6
330
A02
100
AcDbEntity
  8
Shape2DView001
100
AcDbSpline
210
0
220
0
230
1
 70
8
 71
3
 72
8
 73
4
 74
0
 40
0.000000000
 40
0.000000000
 40
0.000000000
 40
0.000000000
 40
1.000000000
 40
1.000000000
 40
1.000000000
 40
1.000000000
 10
45.532509000
 20
146.095750000
 30
3.000000000
 10
45.842772000
 20
146.094750000
 30
3.000000000
 10
46.134792000
 20
146.034950000
 30
3.000000000
 10
46.435165000
 20
145.911430000
 30
3.000000000
  0
SPLINE
  5
EB7
330
A02
100
AcDbEntity
  8
Shape2DView001
100
AcDbSpline
210
0
220
0
230
1
 70
8
 71
1
 72
4
 73
2
 74
0
 40
0.000000000
 40
0.000000000
 40
0.000230035
 40
0.000230035
 10
46.435165000
 20
145.911430000
 30
3.000000000
 10
46.435161000
 20
145.911660000
 30
3.000000000
  0
SPLINE
  5
EB8
330
A02
100
AcDbEntity
  8
Shape2DView001
100
AcDbSpline
210
0
220
0
230
1
 70
8
 71
1
 72
4
 73
2
 74
0
 40
0.000000000
 40
0.000000000
 40
4.848350000
 40
4.848350000
 10
43.698514000
 20
141.099090000
 30
3.000000000
 10
43.698514000
 20
136.250740000
 30
3.000000000
  0
SPLINE
  5
EB9
330
A02
100
AcDbEntity
  8
Shape2DView001
100
AcDbSpline
210
0
220
0
230
1
 70
8
 71
1
 72
4
 73
2
 74
0
 40
0.000000000
 40
0.000000000
 40
0.902017000
 40
0.902017000
 10
43.698514000
 20
136.250740000
 30
3.000000000
 10
42.796497000
 20
136.250740000
 30
3.000000000
  0
SPLINE
  5
EBA
330
A02
100
AcDbEntity
  8
Shape2DView001
100
AcDbSpline
210
0
220
0
230
1
 70
8
 71
1
 72
4
 73
2
 74
0
 40
0.000000000
 40
0.000000000
 40
0.902017000
 40
0.902017000
 10
42.796497000
 20
136.250740000
 30
3.000000000
 10
41.894480000
 20
136.250740000
 30
3.000000000
  0
SPLINE
  5
EBB
330
A02
100
AcDbEntity
  8
Shape2DView001
100
AcDbSpline
210
0
220
0
230
1
 70
8
 71
1
 72
4
 73
2
 74
0
 40
0.000000000
 40
0.000000000
 40
2.743630000
 40
2.743630000
 10
41.894480000
 20
136.250740000
 30
3.000000000
 10
41.894480000
 20
138.994370000
 30
3.000000000
  0
SPLINE
  5
EBC
330
A02
100
AcDbEntity
  8
Shape2DView001
100
AcDbSpline
210
0
220
0
230
1
 70
8
 71
1
 72
4
 73
2
 74
0
 40
0.000000000
 40
0.000000000
 40
2.743640000
 40
2.743640000
 10
41.894480000
 20
138.994370000
 30
3.000000000
 10
41.894480000
 20
141.738010000
 30
3.000000000
  0
SPLINE
  5
EBD
330
A02
100
AcDbEntity
  8
Shape2DView001
100
AcDbSpline
210
0
220
0
230
1
 70
8
 71
1
 72
4
 73
2
 74
0
 40
0.000000000
 40
0.000000000
 40
0.220612000
 40
0.220612000
 10
41.894480000
 20
141.738010000
 30
3.000000000
 10
41.673868000
 20
141.738010000
 30
3.000000000
  0
SPLINE
  5
EBE
330
A02
100
AcDbEntity
  8
Shape2DView001
100
AcDbSpline
210
0
220
0
230
1
 70
8
 71
3
 72
8
 73
4
 74
0
 40
0.000000000
 40
0.000000000
 40
0.000000000
 40
0.000000000
 40
1.000000000
 40
1.000000000
 40
1.000000000
 40
1.000000000
 10
41.673868000
 20
141.738010000
 30
3.000000000
 10
41.203071000
 20
141.738010000
 30
3.000000000
 10
41.132600000
 20
141.656810000
 30
3.000000000
 10
40.441710000
 20
140.317840000
 30
3.000000000
  0
SPLINE
  5
EBF
330
A02
100
AcDbEntity
  8
Shape2DView001
100
AcDbSpline
210
0
220
0
230
1
 70
8
 71
1
 72
4
 73
2
 74
0
 40
0.000000000
 40
0.000000000
 40
1.446970492
 40
1.446970492
 10
40.441710000
 20
140.317840000
 30
3.000000000
 10
39.778207000
 20
139.031960000
 30
3.000000000
  0
SPLINE
  5
EC0
330
A02
100
AcDbEntity
  8
Shape2DView001
100
AcDbSpline
210
0
220
0
230
1
 70
8
 71
1
 72
4
 73
2
 74
0
 40
0.000000000
 40
0.000000000
 40
1.008985000
 40
1.008985000
 10
39.778207000
 20
139.031960000
 30
3.000000000
 10
38.769222000
 20
139.031960000
 30
3.000000000
  0
SPLINE
  5
EC1
330
A02
100
AcDbEntity
  8
Shape2DView001
100
AcDbSpline
210
0
220
0
230
1
 70
8
 71
3
 72
8
 73
4
 74
0
 40
0.000000000
 40
0.000000000
 40
0.000000000
 40
0.000000000
 40
1.000000000
 40
1.000000000
 40
1.000000000
 40
1.000000000
 10
38.769222000
 20
139.031960000
 30
3.000000000
 10
38.214274000
 20
139.031960000
 30
3.000000000
 10
37.760230000
 20
139.053760000
 30
3.000000000
 10
37.760230000
 20
139.080260000
 30
3.000000000
  0
SPLINE
  5
EC2
330
A02
100
AcDbEntity
  8
Shape2DView001
100
AcDbSpline
210
0
220
0
230
1
 70
8
 71
3
 72
8
 73
4
 74
0
 40
0.000000000
 40
0.000000000
 40
0.000000000
 40
0.000000000
 40
1.000000000
 40
1.000000000
 40
1.000000000
 40
1.000000000
 10
37.760230000
 20
139.080260000
 30
3.000000000
 10
37.760230000
 20
139.141360000
 30
3.000000000
 10
38.898591000
 20
141.254190000
 30
3.000000000
 10
39.244247000
 20
141.834600000
 30
3.000000000
  0
SPLINE
  5
EC3
330
A02
100
AcDbEntity
  8
Shape2DView001
100
AcDbSpline
210
0
220
0
230
1
 70
8
 71
1
 72
4
 73
2
 74
0
 40
0.000000000
 40
0.000000000
 40
0.506177226
 40
0.506177226
 10
39.244247000
 20
141.834600000
 30
3.000000000
 10
39.503240000
 20
142.269500000
 30
3.000000000
  0
SPLINE
  5
EC4
330
A02
100
AcDbEntity
  8
Shape2DView001
100
AcDbSpline
210
0
220
0
230
1
 70
8
 71
1
 72
4
 73
2
 74
0
 40
0.000000000
 40
0.000000000
 40
0.604631223
 40
0.604631223
 10
39.503240000
 20
142.269500000
 30
3.000000000
 10
39.235824000
 20
142.811780000
 30
3.000000000
  0
SPLINE
  5
EC5
330
A02
100
AcDbEntity
  8
Shape2DView001
100
AcDbSpline
210
0
220
0
230
1
 70
8
 71
3
 72
8
 73
4
 74
0
 40
0.000000000
 40
0.000000000
 40
0.000000000
 40
0.000000000
 40
1.000000000
 40
1.000000000
 40
1.000000000
 40
1.000000000
 10
39.235824000
 20
142.811780000
 30
3.000000000
 10
39.088742000
 20
143.110040000
 30
3.000000000
 10
38.680908000
 20
143.895280000
 30
3.000000000
 10
38.329525000
 20
144.556760000
 30
3.000000000
  0
SPLINE
  5
EC6
330
A02
100
AcDbEntity
  8
Shape2DView001
100
AcDbSpline
210
0
220
0
230
1
 70
8
 71
3
 72
8
 73
4
 74
0
 40
0.000000000
 40
0.000000000
 40
0.000000000
 40
0.000000000
 40
1.000000000
 40
1.000000000
 40
1.000000000
 40
1.000000000
 10
38.329525000
 20
144.556760000
 30
3.000000000
 10
37.978150000
 20
145.218240000
 30
3.000000000
 10
37.689400000
 20
145.801730000
 30
3.000000000
 10
37.687860000
 20
145.853410000
 30
3.000000000
  0
SPLINE
  5
EC7
330
A02
100
AcDbEntity
  8
Shape2DView001
100
AcDbSpline
210
0
220
0
230
1
 70
8
 71
3
 72
8
 73
4
 74
0
 40
0.000000000
 40
0.000000000
 40
0.000000000
 40
0.000000000
 40
1.000000000
 40
1.000000000
 40
1.000000000
 40
1.000000000
 10
37.687860000
 20
145.853410000
 30
3.000000000
 10
37.685860000
 20
145.924010000
 30
3.000000000
 10
37.933140000
 20
145.947410000
 30
3.000000000
 10
38.682332000
 20
145.947410000
 30
3.000000000
  0
SPLINE
  5
EC8
330
A02
100
AcDbEntity
  8
Shape2DView001
100
AcDbSpline
210
0
220
0
230
1
 70
8
 71
1
 72
4
 73
2
 74
0
 40
0.000000000
 40
0.000000000
 40
0.997270000
 40
0.997270000
 10
38.682332000
 20
145.947410000
 30
3.000000000
 10
39.679602000
 20
145.947410000
 30
3.000000000
  0
SPLINE
  5
EC9
330
A02
100
AcDbEntity
  8
Shape2DView001
100
AcDbSpline
210
0
220
0
230
1
 70
8
 71
1
 72
4
 73
2
 74
0
 40
0.000000000
 40
0.000000000
 40
1.472995053
 40
1.472995053
 10
39.679602000
 20
145.947410000
 30
3.000000000
 10
40.348697000
 20
144.635150000
 30
3.000000000
  0
SPLINE
  5
ECA
330
A02
100
AcDbEntity
  8
Shape2DView001
100
AcDbSpline
210
0
220
0
230
1
 70
8
 71
3
 72
8
 73
4
 74
0
 40
0.000000000
 40
0.000000000
 40
0.000000000
 40
0.000000000
 40
1.000000000
 40
1.000000000
 40
1.000000000
 40
1.000000000
 10
40.348697000
 20
144.635150000
 30
3.000000000
 10
40.716700000
 20
143.913400000
 30
3.000000000
 10
41.057738000
 20
143.307560000
 30
3.000000000
 10
41.106567000
 20
143.288820000
 30
3.000000000
  0
SPLINE
  5
ECB
330
A02
100
AcDbEntity
  8
Shape2DView001
100
AcDbSpline
210
0
220
0
230
1
 70
8
 71
3
 72
8
 73
4
 74
0
 40
0.000000000
 40
0.000000000
 40
0.000000000
 40
0.000000000
 40
1.000000000
 40
1.000000000
 40
1.000000000
 40
1.000000000
 10
41.106567000
 20
143.288820000
 30
3.000000000
 10
41.155397000
 20
143.270120000
 30
3.000000000
 10
41.352648000
 20
143.288280000
 30
3.000000000
 10
41.544910000
 20
143.329320000
 30
3.000000000
  0
SPLINE
  5
ECC
330
A02
100
AcDbEntity
  8
Shape2DView001
100
AcDbSpline
210
0
220
0
230
1
 70
8
 71
1
 72
4
 73
2
 74
0
 40
0.000000000
 40
0.000000000
 40
0.357441387
 40
0.357441387
 10
41.544910000
 20
143.329320000
 30
3.000000000
 10
41.894480000
 20
143.403920000
 30
3.000000000
  0
SPLINE
  5
ECD
330
A02
100
AcDbEntity
  8
Shape2DView001
100
AcDbSpline
210
0
220
0
230
1
 70
8
 71
1
 72
4
 73
2
 74
0
 40
0.000000000
 40
0.000000000
 40
1.271770000
 40
1.271770000
 10
41.894480000
 20
143.403920000
 30
3.000000000
 10
41.894480000
 20
144.675690000
 30
3.000000000
  0
SPLINE
  5
ECE
330
A02
100
AcDbEntity
  8
Shape2DView001
100
AcDbSpline
210
0
220
0
230
1
 70
8
 71
1
 72
4
 73
2
 74
0
 40
0.000000000
 40
0.000000000
 40
1.271780000
 40
1.271780000
 10
41.894480000
 20
144.675690000
 30
3.000000000
 10
41.894480000
 20
145.947470000
 30
3.000000000
  0
SPLINE
  5
ECF
330
A02
100
AcDbEntity
  8
Shape2DView001
100
AcDbSpline
210
0
220
0
230
1
 70
8
 71
1
 72
4
 73
2
 74
0
 40
0.000000000
 40
0.000000000
 40
0.902017000
 40
0.902017000
 10
41.894480000
 20
145.947470000
 30
3.000000000
 10
42.796497000
 20
145.947470000
 30
3.000000000
  0
SPLINE
  5
ED0
330
A02
100
AcDbEntity
  8
Shape2DView001
100
AcDbSpline
210
0
220
0
230
1
 70
8
 71
1
 72
4
 73
2
 74
0
 40
0.000000000
 40
0.000000000
 40
0.902017000
 40
0.902017000
 10
42.796497000
 20
145.947470000
 30
3.000000000
 10
43.698514000
 20
145.947470000
 30
3.000000000
  0
SPLINE
  5
ED1
330
A02
100
AcDbEntity
  8
Shape2DView001
100
AcDbSpline
210
0
220
0
230
1
 70
8
 71
1
 72
4
 73
2
 74
0
 40
0.000000000
 40
0.000000000
 40
4.848380000
 40
4.848380000
 10
43.698514000
 20
145.947470000
 30
3.000000000
 10
43.698514000
 20
141.099090000
 30
3.000000000
  0
SPLINE
  5
ED2
330
A02
100
AcDbEntity
  8
Shape2DView001
100
AcDbSpline
210
0
220
0
230
1
 70
8
 71
1
 72
4
 73
2
 74
0
 40
0.000000000
 40
0.000000000
 40
1.094560000
 40
1.094560000
 10
36.557540000
 20
144.782320000
 30
3.000000000
 10
36.557540000
 20
143.687760000
 30
3.000000000
  0
SPLINE
  5
ED3
330
A02
100
AcDbEntity
  8
Shape2DView001
100
AcDbSpline
210
0
220
0
230
1
 70
8
 71
1
 72
4
 73
2
 74
0
 40
0.000000000
 40
0.000000000
 40
0.921051717
 40
0.921051717
 10
36.557540000
 20
143.687760000
 30
3.000000000
 10
35.636730000
 20
143.708860000
 30
3.000000000
  0
SPLINE
  5
ED4
330
A02
100
AcDbEntity
  8
Shape2DView001
100
AcDbSpline
210
0
220
0
230
1
 70
8
 71
1
 72
4
 73
2
 74
0
 40
0.000000000
 40
0.000000000
 40
0.921051717
 40
0.921051717
 10
35.636730000
 20
143.708860000
 30
3.000000000
 10
34.715920000
 20
143.729960000
 30
3.000000000
  0
SPLINE
  5
ED5
330
A02
100
AcDbEntity
  8
Shape2DView001
100
AcDbSpline
210
0
220
0
230
1
 70
8
 71
1
 72
4
 73
2
 74
0
 40
0.000000000
 40
0.000000000
 40
1.052350000
 40
1.052350000
 10
34.715920000
 20
143.729960000
 30
3.000000000
 10
34.715920000
 20
144.782310000
 30
3.000000000
  0
SPLINE
  5
ED6
330
A02
100
AcDbEntity
  8
Shape2DView001
100
AcDbSpline
210
0
220
0
230
1
 70
8
 71
1
 72
4
 73
2
 74
0
 40
0.000000000
 40
0.000000000
 40
1.052360000
 40
1.052360000
 10
34.715920000
 20
144.782310000
 30
3.000000000
 10
34.715920000
 20
145.834670000
 30
3.000000000
  0
SPLINE
  5
ED7
330
A02
100
AcDbEntity
  8
Shape2DView001
100
AcDbSpline
210
0
220
0
230
1
 70
8
 71
1
 72
4
 73
2
 74
0
 40
0.000000000
 40
0.000000000
 40
0.921051717
 40
0.921051717
 10
34.715920000
 20
145.834670000
 30
3.000000000
 10
35.636730000
 20
145.855770000
 30
3.000000000
  0
SPLINE
  5
ED8
330
A02
100
AcDbEntity
  8
Shape2DView001
100
AcDbSpline
210
0
220
0
230
1
 70
8
 71
1
 72
4
 73
2
 74
0
 40
0.000000000
 40
0.000000000
 40
0.921051717
 40
0.921051717
 10
35.636730000
 20
145.855770000
 30
3.000000000
 10
36.557540000
 20
145.876870000
 30
3.000000000
  0
SPLINE
  5
ED9
330
A02
100
AcDbEntity
  8
Shape2DView001
100
AcDbSpline
210
0
220
0
230
1
 70
8
 71
1
 72
4
 73
2
 74
0
 40
0.000000000
 40
0.000000000
 40
1.094550000
 40
1.094550000
 10
36.557540000
 20
145.876870000
 30
3.000000000
 10
36.557540000
 20
144.782320000
 30
3.000000000
  0
SPLINE
  5
EDA
330
A02
100
AcDbEntity
  8
Shape2DView001
100
AcDbSpline
210
0
220
0
230
1
 70
8
 71
1
 72
4
 73
2
 74
0
 40
0.000000000
 40
0.000000000
 40
2.912836550
 40
2.912836550
 10
62.998824000
 20
141.982310000
 30
3.000000000
 10
62.979134000
 20
139.069540000
 30
3.000000000
  0
SPLINE
  5
EDB
330
A02
100
AcDbEntity
  8
Shape2DView001
100
AcDbSpline
210
0
220
0
230
1
 70
8
 71
1
 72
4
 73
2
 74
0
 40
0.000000000
 40
0.000000000
 40
0.883479395
 40
0.883479395
 10
62.979134000
 20
139.069540000
 30
3.000000000
 10
62.095909000
 20
139.048340000
 30
3.000000000
  0
SPLINE
  5
EDC
330
A02
100
AcDbEntity
  8
Shape2DView001
100
AcDbSpline
210
0
220
0
230
1
 70
8
 71
1
 72
4
 73
2
 74
0
 40
0.000000000
 40
0.000000000
 40
0.883481394
 40
0.883481394
 10
62.095909000
 20
139.048340000
 30
3.000000000
 10
61.212682000
 20
139.027140000
 30
3.000000000
  0
SPLINE
  5
EDD
330
A02
100
AcDbEntity
  8
Shape2DView001
100
AcDbSpline
210
0
220
0
230
1
 70
8
 71
1
 72
4
 73
2
 74
0
 40
0.000000000
 40
0.000000000
 40
0.340640000
 40
0.340640000
 10
61.212682000
 20
139.027140000
 30
3.000000000
 10
61.212682000
 20
139.367780000
 30
3.000000000
  0
SPLINE
  5
EDE
330
A02
100
AcDbEntity
  8
Shape2DView001
100
AcDbSpline
210
0
220
0
230
1
 70
8
 71
3
 72
8
 73
4
 74
0
 40
0.000000000
 40
0.000000000
 40
0.000000000
 40
0.000000000
 40
1.000000000
 40
1.000000000
 40
1.000000000
 40
1.000000000
 10
61.212682000
 20
139.367780000
 30
3.000000000
 10
61.212682000
 20
139.750850000
 30
3.000000000
 10
61.174672000
 20
139.769630000
 30
3.000000000
 10
60.821351000
 20
139.561160000
 30
3.000000000
  0
SPLINE
  5
EDF
330
A02
100
AcDbEntity
  8
Shape2DView001
100
AcDbSpline
210
0
220
0
230
1
 70
8
 71
3
 72
8
 73
4
 74
0
 40
0.000000000
 40
0.000000000
 40
0.000000000
 40
0.000000000
 40
1.000000000
 40
1.000000000
 40
1.000000000
 40
1.000000000
 10
60.821351000
 20
139.561160000
 30
3.000000000
 10
60.465140000
 20
139.350990000
 30
3.000000000
 10
59.522689000
 20
138.970850000
 30
3.000000000
 10
59.214529000
 20
138.913040000
 30
3.000000000
  0
SPLINE
  5
EE0
330
A02
100
AcDbEntity
  8
Shape2DView001
100
AcDbSpline
210
0
220
0
230
1
 70
8
 71
1
 72
4
 73
2
 74
0
 40
0.000000000
 40
0.000000000
 40
0.266226906
 40
0.266226906
 10
59.214529000
 20
138.913040000
 30
3.000000000
 10
58.952869000
 20
138.863940000
 30
3.000000000
  0
SPLINE
  5
EE1
330
A02
100
AcDbEntity
  8
Shape2DView001
100
AcDbSpline
210
0
220
0
230
1
 70
8
 71
1
 72
4
 73
2
 74
0
 40
0.000000000
 40
0.000000000
 40
0.923282736
 40
0.923282736
 10
58.952869000
 20
138.863940000
 30
3.000000000
 10
58.974039000
 20
139.786980000
 30
3.000000000
  0
SPLINE
  5
EE2
330
A02
100
AcDbEntity
  8
Shape2DView001
100
AcDbSpline
210
0
220
0
230
1
 70
8
 71
1
 72
4
 73
2
 74
0
 40
0.000000000
 40
0.000000000
 40
0.923292733
 40
0.923292733
 10
58.974039000
 20
139.786980000
 30
3.000000000
 10
58.995209000
 20
140.710030000
 30
3.000000000
  0
SPLINE
  5
EE3
330
A02
100
AcDbEntity
  8
Shape2DView001
100
AcDbSpline
210
0
220
0
230
1
 70
8
 71
1
 72
4
 73
2
 74
0
 40
0.000000000
 40
0.000000000
 40
0.967839369
 40
0.967839369
 10
58.995209000
 20
140.710030000
 30
3.000000000
 10
59.934811000
 20
140.942110000
 30
3.000000000
  0
SPLINE
  5
EE4
330
A02
100
AcDbEntity
  8
Shape2DView001
100
AcDbSpline
210
0
220
0
230
1
 70
8
 71
3
 72
8
 73
4
 74
0
 40
0.000000000
 40
0.000000000
 40
0.000000000
 40
0.000000000
 40
1.000000000
 40
1.000000000
 40
1.000000000
 40
1.000000000
 10
59.934811000
 20
140.942110000
 30
3.000000000
 10
61.352840000
 20
141.292360000
 30
3.000000000
 10
61.212671000
 20
141.052240000
 30
3.000000000
 10
61.212671000
 20
143.131210000
 30
3.000000000
  0
SPLINE
  5
EE5
330
A02
100
AcDbEntity
  8
Shape2DView001
100
AcDbSpline
210
0
220
0
230
1
 70
8
 71
1
 72
4
 73
2
 74
0
 40
0.000000000
 40
0.000000000
 40
1.763810000
 40
1.763810000
 10
61.212671000
 20
143.131210000
 30
3.000000000
 10
61.212671000
 20
144.895020000
 30
3.000000000
  0
SPLINE
  5
EE6
330
A02
100
AcDbEntity
  8
Shape2DView001
100
AcDbSpline
210
0
220
0
230
1
 70
8
 71
1
 72
4
 73
2
 74
0
 40
0.000000000
 40
0.000000000
 40
0.902898000
 40
0.902898000
 10
61.212671000
 20
144.895020000
 30
3.000000000
 10
62.115569000
 20
144.895020000
 30
3.000000000
  0
SPLINE
  5
EE7
330
A02
100
AcDbEntity
  8
Shape2DView001
100
AcDbSpline
210
0
220
0
230
1
 70
8
 71
1
 72
4
 73
2
 74
0
 40
0.000000000
 40
0.000000000
 40
0.902899000
 40
0.902899000
 10
62.115569000
 20
144.895020000
 30
3.000000000
 10
63.018468000
 20
144.895020000
 30
3.000000000
  0
SPLINE
  5
EE8
330
A02
100
AcDbEntity
  8
Shape2DView001
100
AcDbSpline
210
0
220
0
230
1
 70
8
 71
1
 72
4
 73
2
 74
0
 40
0.000000000
 40
0.000000000
 40
2.912776241
 40
2.912776241
 10
63.018468000
 20
144.895020000
 30
3.000000000
 10
62.998824000
 20
141.982310000
 30
3.000000000
  0
SPLINE
  5
EE9
330
A02
100
AcDbEntity
  8
Shape2DView001
100
AcDbSpline
210
0
220
0
230
1
 70
8
 71
3
 72
8
 73
4
 74
0
 40
0.000000000
 40
0.000000000
 40
0.000000000
 40
0.000000000
 40
1.000000000
 40
1.000000000
 40
1.000000000
 40
1.000000000
 10
54.910237000
 20
138.920310000
 30
3.000000000
 10
55.061352000
 20
138.864710000
 30
3.000000000
 10
55.266518000
 20
138.765840000
 30
3.000000000
 10
55.366158000
 20
138.700550000
 30
3.000000000
  0
SPLINE
  5
EEA
330
A02
100
AcDbEntity
  8
Shape2DView001
100
AcDbSpline
210
0
220
0
230
1
 70
8
 71
3
 72
8
 73
4
 74
0
 40
0.000000000
 40
0.000000000
 40
0.000000000
 40
0.000000000
 40
1.000000000
 40
1.000000000
 40
1.000000000
 40
1.000000000
 10
55.366158000
 20
138.700550000
 30
3.000000000
 10
55.522390000
 20
138.598180000
 30
3.000000000
 10
57.153617000
 20
136.265410000
 30
3.000000000
 10
57.153617000
 20
136.144350000
 30
3.000000000
  0
SPLINE
  5
EEB
330
A02
100
AcDbEntity
  8
Shape2DView001
100
AcDbSpline
210
0
220
0
230
1
 70
8
 71
3
 72
8
 73
4
 74
0
 40
0.000000000
 40
0.000000000
 40
0.000000000
 40
0.000000000
 40
1.000000000
 40
1.000000000
 40
1.000000000
 40
1.000000000
 10
57.153617000
 20
136.144350000
 30
3.000000000
 10
57.153617000
 20
136.120150000
 30
3.000000000
 10
57.021135000
 20
136.100350000
 30
3.000000000
 10
56.859215000
 20
136.100350000
 30
3.000000000
  0
SPLINE
  5
EEC
330
A02
100
AcDbEntity
  8
Shape2DView001
100
AcDbSpline
210
0
220
0
230
1
 70
8
 71
3
 72
8
 73
4
 74
0
 40
0.000000000
 40
0.000000000
 40
0.000000000
 40
0.000000000
 40
1.000000000
 40
1.000000000
 40
1.000000000
 40
1.000000000
 10
56.859215000
 20
136.100350000
 30
3.000000000
 10
56.631892000
 20
136.100350000
 30
3.000000000
 10
56.375926000
 20
135.988910000
 30
3.000000000
 10
55.735815000
 20
135.611260000
 30
3.000000000
  0
SPLINE
  5
EED
330
A02
100
AcDbEntity
  8
Shape2DView001
100
AcDbSpline
210
0
220
0
230
1
 70
8
 71
3
 72
8
 73
4
 74
0
 40
0.000000000
 40
0.000000000
 40
0.000000000
 40
0.000000000
 40
1.000000000
 40
1.000000000
 40
1.000000000
 40
1.000000000
 10
55.735815000
 20
135.611260000
 30
3.000000000
 10
55.279865000
 20
135.342250000
 30
3.000000000
 10
54.879591000
 20
135.080100000
 30
3.000000000
 10
54.846317000
 20
135.028700000
 30
3.000000000
  0
SPLINE
  5
EEE
330
A02
100
AcDbEntity
  8
Shape2DView001
100
AcDbSpline
210
0
220
0
230
1
 70
8
 71
3
 72
8
 73
4
 74
0
 40
0.000000000
 40
0.000000000
 40
0.000000000
 40
0.000000000
 40
1.000000000
 40
1.000000000
 40
1.000000000
 40
1.000000000
 10
54.846317000
 20
135.028700000
 30
3.000000000
 10
54.813037000
 20
134.977300000
 30
3.000000000
 10
54.751997000
 20
134.799940000
 30
3.000000000
 10
54.710650000
 20
134.634570000
 30
3.000000000
  0
SPLINE
  5
EEF
330
A02
100
AcDbEntity
  8
Shape2DView001
100
AcDbSpline
210
0
220
0
230
1
 70
8
 71
3
 72
8
 73
4
 74
0
 40
0.000000000
 40
0.000000000
 40
0.000000000
 40
0.000000000
 40
1.000000000
 40
1.000000000
 40
1.000000000
 40
1.000000000
 10
54.710650000
 20
134.634570000
 30
3.000000000
 10
54.644310000
 20
134.369190000
 30
3.000000000
 10
54.609602000
 20
134.333900000
 30
3.000000000
 10
54.414931000
 20
134.333900000
 30
3.000000000
  0
SPLINE
  5
EF0
330
A02
100
AcDbEntity
  8
Shape2DView001
100
AcDbSpline
210
0
220
0
230
1
 70
8
 71
3
 72
8
 73
4
 74
0
 40
0.000000000
 40
0.000000000
 40
0.000000000
 40
0.000000000
 40
1.000000000
 40
1.000000000
 40
1.000000000
 40
1.000000000
 10
54.414931000
 20
134.333900000
 30
3.000000000
 10
54.214691000
 20
134.333900000
 30
3.000000000
 10
54.148246000
 20
134.410100000
 30
3.000000000
 10
53.693546000
 20
135.160750000
 30
3.000000000
  0
SPLINE
  5
EF1
330
A02
100
AcDbEntity
  8
Shape2DView001
100
AcDbSpline
210
0
220
0
230
1
 70
8
 71
3
 72
8
 73
4
 74
0
 40
0.000000000
 40
0.000000000
 40
0.000000000
 40
0.000000000
 40
1.000000000
 40
1.000000000
 40
1.000000000
 40
1.000000000
 10
53.693546000
 20
135.160750000
 30
3.000000000
 10
52.646306000
 20
136.889700000
 30
3.000000000
 10
52.029206000
 20
138.000510000
 30
3.000000000
 10
52.090919000
 20
138.045570000
 30
3.000000000
  0
SPLINE
  5
EF2
330
A02
100
AcDbEntity
  8
Shape2DView001
100
AcDbSpline
210
0
220
0
230
1
 70
8
 71
3
 72
8
 73
4
 74
0
 40
0.000000000
 40
0.000000000
 40
0.000000000
 40
0.000000000
 40
1.000000000
 40
1.000000000
 40
1.000000000
 40
1.000000000
 10
52.090919000
 20
138.045570000
 30
3.000000000
 10
52.479828000
 20
138.329530000
 30
3.000000000
 10
53.273732000
 20
138.804180000
 30
3.000000000
 10
53.528274000
 20
138.904900000
 30
3.000000000
  0
SPLINE
  5
EF3
330
A02
100
AcDbEntity
  8
Shape2DView001
100
AcDbSpline
210
0
220
0
230
1
 70
8
 71
3
 72
8
 73
4
 74
0
 40
0.000000000
 40
0.000000000
 40
0.000000000
 40
0.000000000
 40
1.000000000
 40
1.000000000
 40
1.000000000
 40
1.000000000
 10
53.528274000
 20
138.904900000
 30
3.000000000
 10
53.907465000
 20
139.054940000
 30
3.000000000
 10
54.525375000
 20
139.061810000
 30
3.000000000
 10
54.910237000
 20
138.920300000
 30
3.000000000
  0
SPLINE
  5
EF4
330
A02
100
AcDbEntity
  8
Shape2DView001
100
AcDbSpline
210
0
220
0
230
1
 70
8
 71
1
 72
4
 73
2
 74
0
 40
0.000000000
 40
0.000000000
 40
0.000010000
 40
0.000010000
 10
54.910237000
 20
138.920300000
 30
3.000000000
 10
54.910237000
 20
138.920310000
 30
3.000000000
  0
SPLINE
  5
EF5
330
A02
100
AcDbEntity
  8
Shape2DView001
100
AcDbSpline
210
0
220
0
230
1
 70
8
 71
3
 72
8
 73
4
 74
0
 40
0.000000000
 40
0.000000000
 40
0.000000000
 40
0.000000000
 40
1.000000000
 40
1.000000000
 40
1.000000000
 40
1.000000000
 10
53.268564000
 20
138.573630000
 30
3.000000000
 10
52.364928000
 20
138.097720000
 30
3.000000000
 10
52.250955000
 20
138.002140000
 30
3.000000000
 10
52.352521000
 20
137.805410000
 30
3.000000000
  0
SPLINE
  5
EF6
330
A02
100
AcDbEntity
  8
Shape2DView001
100
AcDbSpline
210
0
220
0
230
1
 70
8
 71
3
 72
8
 73
4
 74
0
 40
0.000000000
 40
0.000000000
 40
0.000000000
 40
0.000000000
 40
1.000000000
 40
1.000000000
 40
1.000000000
 40
1.000000000
 10
52.352521000
 20
137.805410000
 30
3.000000000
 10
52.707022000
 20
137.118750000
 30
3.000000000
 10
54.350440000
 20
134.446700000
 30
3.000000000
 10
54.418266000
 20
134.446700000
 30
3.000000000
  0
SPLINE
  5
EF7
330
A02
100
AcDbEntity
  8
Shape2DView001
100
AcDbSpline
210
0
220
0
230
1
 70
8
 71
3
 72
8
 73
4
 74
0
 40
0.000000000
 40
0.000000000
 40
0.000000000
 40
0.000000000
 40
1.000000000
 40
1.000000000
 40
1.000000000
 40
1.000000000
 10
54.418266000
 20
134.446700000
 30
3.000000000
 10
54.465156000
 20
134.446700000
 30
3.000000000
 10
54.524028000
 20
134.574980000
 30
3.000000000
 10
54.549100000
 20
134.731770000
 30
3.000000000
  0
SPLINE
  5
EF8
330
A02
100
AcDbEntity
  8
Shape2DView001
100
AcDbSpline
210
0
220
0
230
1
 70
8
 71
3
 72
8
 73
4
 74
0
 40
0.000000000
 40
0.000000000
 40
0.000000000
 40
0.000000000
 40
1.000000000
 40
1.000000000
 40
1.000000000
 40
1.000000000
 10
54.549100000
 20
134.731770000
 30
3.000000000
 10
54.577050000
 20
134.906610000
 30
3.000000000
 10
54.675235000
 20
135.090270000
 30
3.000000000
 10
54.803003000
 20
135.206740000
 30
3.000000000
  0
SPLINE
  5
EF9
330
A02
100
AcDbEntity
  8
Shape2DView001
100
AcDbSpline
210
0
220
0
230
1
 70
8
 71
3
 72
8
 73
4
 74
0
 40
0.000000000
 40
0.000000000
 40
0.000000000
 40
0.000000000
 40
1.000000000
 40
1.000000000
 40
1.000000000
 40
1.000000000
 10
54.803003000
 20
135.206740000
 30
3.000000000
 10
55.110579000
 20
135.487110000
 30
3.000000000
 10
56.440815000
 20
136.250740000
 30
3.000000000
 10
56.621650000
 20
136.250740000
 30
3.000000000
  0
SPLINE
  5
EFA
330
A02
100
AcDbEntity
  8
Shape2DView001
100
AcDbSpline
210
0
220
0
230
1
 70
8
 71
3
 72
8
 73
4
 74
0
 40
0.000000000
 40
0.000000000
 40
0.000000000
 40
0.000000000
 40
1.000000000
 40
1.000000000
 40
1.000000000
 40
1.000000000
 10
56.621650000
 20
136.250740000
 30
3.000000000
 10
56.707520000
 20
136.250740000
 30
3.000000000
 10
56.777775000
 20
136.294340000
 30
3.000000000
 10
56.777775000
 20
136.347640000
 30
3.000000000
  0
SPLINE
  5
EFB
330
A02
100
AcDbEntity
  8
Shape2DView001
100
AcDbSpline
210
0
220
0
230
1
 70
8
 71
3
 72
8
 73
4
 74
0
 40
0.000000000
 40
0.000000000
 40
0.000000000
 40
0.000000000
 40
1.000000000
 40
1.000000000
 40
1.000000000
 40
1.000000000
 10
56.777775000
 20
136.347640000
 30
3.000000000
 10
56.777775000
 20
136.518940000
 30
3.000000000
 10
55.421563000
 20
138.456760000
 30
3.000000000
 10
55.212843000
 20
138.583690000
 30
3.000000000
  0
SPLINE
  5
EFC
330
A02
100
AcDbEntity
  8
Shape2DView001
100
AcDbSpline
210
0
220
0
230
1
 70
8
 71
3
 72
8
 73
4
 74
0
 40
0.000000000
 40
0.000000000
 40
0.000000000
 40
0.000000000
 40
1.000000000
 40
1.000000000
 40
1.000000000
 40
1.000000000
 10
55.212843000
 20
138.583690000
 30
3.000000000
 10
54.557924000
 20
138.981970000
 30
3.000000000
 10
54.038768000
 20
138.979290000
 30
3.000000000
 10
53.268564000
 20
138.573690000
 30
3.000000000
  0
SPLINE
  5
EFD
330
A02
100
AcDbEntity
  8
Shape2DView001
100
AcDbSpline
210
0
220
0
230
1
 70
8
 71
1
 72
4
 73
2
 74
0
 40
0.000000000
 40
0.000000000
 40
0.000060000
 40
0.000060000
 10
53.268564000
 20
138.573690000
 30
3.000000000
 10
53.268564000
 20
138.573630000
 30
3.000000000
  0
SPLINE
  5
EFE
330
A02
100
AcDbEntity
  8
Shape2DView001
100
AcDbSpline
210
0
220
0
230
1
 70
8
 71
3
 72
8
 73
4
 74
0
 40
0.000000000
 40
0.000000000
 40
0.000000000
 40
0.000000000
 40
1.000000000
 40
1.000000000
 40
1.000000000
 40
1.000000000
 10
54.128098000
 20
138.681500000
 30
3.000000000
 10
54.260005000
 20
138.628300000
 30
3.000000000
 10
54.245368000
 20
138.242860000
 30
3.000000000
 10
54.107068000
 20
138.128090000
 30
3.000000000
  0
SPLINE
  5
EFF
330
A02
100
AcDbEntity
  8
Shape2DView001
100
AcDbSpline
210
0
220
0
230
1
 70
8
 71
3
 72
8
 73
4
 74
0
 40
0.000000000
 40
0.000000000
 40
0.000000000
 40
0.000000000
 40
1.000000000
 40
1.000000000
 40
1.000000000
 40
1.000000000
 10
54.107068000
 20
138.128090000
 30
3.000000000
 10
53.937130000
 20
137.987060000
 30
3.000000000
 10
53.620700000
 20
138.148590000
 30
3.000000000
 10
53.620700000
 20
138.376380000
 30
3.000000000
  0
SPLINE
  5
F00
330
A02
100
AcDbEntity
  8
Shape2DView001
100
AcDbSpline
210
0
220
0
230
1
 70
8
 71
3
 72
8
 73
4
 74
0
 40
0.000000000
 40
0.000000000
 40
0.000000000
 40
0.000000000
 40
1.000000000
 40
1.000000000
 40
1.000000000
 40
1.000000000
 10
53.620700000
 20
138.376380000
 30
3.000000000
 10
53.620700000
 20
138.665380000
 30
3.000000000
 10
53.840482000
 20
138.797560000
 30
3.000000000
 10
54.128085000
 20
138.681500000
 30
3.000000000
  0
SPLINE
  5
F01
330
A02
100
AcDbEntity
  8
Shape2DView001
100
AcDbSpline
210
0
220
0
230
1
 70
8
 71
1
 72
4
 73
2
 74
0
 40
0.000000000
 40
0.000000000
 40
0.000013000
 40
0.000013000
 10
54.128085000
 20
138.681500000
 30
3.000000000
 10
54.128098000
 20
138.681500000
 30
3.000000000
  0
SPLINE
  5
F02
330
A02
100
AcDbEntity
  8
Shape2DView001
100
AcDbSpline
210
0
220
0
230
1
 70
8
 71
3
 72
8
 73
4
 74
0
 40
0.000000000
 40
0.000000000
 40
0.000000000
 40
0.000000000
 40
1.000000000
 40
1.000000000
 40
1.000000000
 40
1.000000000
 10
53.263663000
 20
138.199090000
 30
3.000000000
 10
53.397889000
 20
138.120890000
 30
3.000000000
 10
53.431305000
 20
137.935630000
 30
3.000000000
 10
53.349583000
 20
137.722660000
 30
3.000000000
  0
SPLINE
  5
F03
330
A02
100
AcDbEntity
  8
Shape2DView001
100
AcDbSpline
210
0
220
0
230
1
 70
8
 71
3
 72
8
 73
4
 74
0
 40
0.000000000
 40
0.000000000
 40
0.000000000
 40
0.000000000
 40
1.000000000
 40
1.000000000
 40
1.000000000
 40
1.000000000
 10
53.349583000
 20
137.722660000
 30
3.000000000
 10
53.254463000
 20
137.474770000
 30
3.000000000
 10
52.718695000
 20
137.661960000
 30
3.000000000
 10
52.718695000
 20
137.943120000
 30
3.000000000
  0
SPLINE
  5
F04
330
A02
100
AcDbEntity
  8
Shape2DView001
100
AcDbSpline
210
0
220
0
230
1
 70
8
 71
3
 72
8
 73
4
 74
0
 40
0.000000000
 40
0.000000000
 40
0.000000000
 40
0.000000000
 40
1.000000000
 40
1.000000000
 40
1.000000000
 40
1.000000000
 10
52.718695000
 20
137.943120000
 30
3.000000000
 10
52.718695000
 20
138.036120000
 30
3.000000000
 10
52.994908000
 20
138.283610000
 30
3.000000000
 10
53.092469000
 20
138.277990000
 30
3.000000000
  0
SPLINE
  5
F05
330
A02
100
AcDbEntity
  8
Shape2DView001
100
AcDbSpline
210
0
220
0
230
1
 70
8
 71
3
 72
8
 73
4
 74
0
 40
0.000000000
 40
0.000000000
 40
0.000000000
 40
0.000000000
 40
1.000000000
 40
1.000000000
 40
1.000000000
 40
1.000000000
 10
53.092469000
 20
138.277990000
 30
3.000000000
 10
53.114289000
 20
138.276990000
 30
3.000000000
 10
53.191319000
 20
138.241190000
 30
3.000000000
 10
53.263665000
 20
138.199090000
 30
3.000000000
  0
SPLINE
  5
F06
330
A02
100
AcDbEntity
  8
Shape2DView001
100
AcDbSpline
210
0
220
0
230
1
 70
8
 71
1
 72
4
 73
2
 74
0
 40
0.000000000
 40
0.000000000
 40
0.000002000
 40
0.000002000
 10
53.263665000
 20
138.199090000
 30
3.000000000
 10
53.263663000
 20
138.199090000
 30
3.000000000
  0
SPLINE
  5
F07
330
A02
100
AcDbEntity
  8
Shape2DView001
100
AcDbSpline
210
0
220
0
230
1
 70
8
 71
3
 72
8
 73
4
 74
0
 40
0.000000000
 40
0.000000000
 40
0.000000000
 40
0.000000000
 40
1.000000000
 40
1.000000000
 40
1.000000000
 40
1.000000000
 10
55.512066000
 20
137.516740000
 30
3.000000000
 10
55.721393000
 20
137.442040000
 30
3.000000000
 10
55.950927000
 20
137.058470000
 30
3.000000000
 10
55.950927000
 20
136.783400000
 30
3.000000000
  0
SPLINE
  5
F08
330
A02
100
AcDbEntity
  8
Shape2DView001
100
AcDbSpline
210
0
220
0
230
1
 70
8
 71
3
 72
8
 73
4
 74
0
 40
0.000000000
 40
0.000000000
 40
0.000000000
 40
0.000000000
 40
1.000000000
 40
1.000000000
 40
1.000000000
 40
1.000000000
 10
55.950927000
 20
136.783400000
 30
3.000000000
 10
55.950927000
 20
136.663570000
 30
3.000000000
 10
55.851097000
 20
136.580530000
 30
3.000000000
 10
55.543513000
 20
136.444500000
 30
3.000000000
  0
SPLINE
  5
F09
330
A02
100
AcDbEntity
  8
Shape2DView001
100
AcDbSpline
210
0
220
0
230
1
 70
8
 71
3
 72
8
 73
4
 74
0
 40
0.000000000
 40
0.000000000
 40
0.000000000
 40
0.000000000
 40
1.000000000
 40
1.000000000
 40
1.000000000
 40
1.000000000
 10
55.543513000
 20
136.444500000
 30
3.000000000
 10
55.319435000
 20
136.345400000
 30
3.000000000
 10
55.007152000
 20
136.176710000
 30
3.000000000
 10
54.849550000
 20
136.069610000
 30
3.000000000
  0
SPLINE
  5
F0A
330
A02
100
AcDbEntity
  8
Shape2DView001
100
AcDbSpline
210
0
220
0
230
1
 70
8
 71
2
 72
6
 73
3
 74
0
 40
0.000000000
 40
0.000000000
 40
0.000000000
 40
1.000000000
 40
1.000000000
 40
1.000000000
 10
54.849550000
 20
136.069610000
 30
3.000000000
 10
54.310358000
 20
135.700535000
 30
3.000000000
 10
53.955552000
 20
136.059410000
 30
3.000000000
  0
SPLINE
  5
F0B
330
A02
100
AcDbEntity
  8
Shape2DView001
100
AcDbSpline
210
0
220
0
230
1
 70
8
 71
2
 72
6
 73
3
 74
0
 40
0.000000000
 40
0.000000000
 40
0.000000000
 40
1.000000000
 40
1.000000000
 40
1.000000000
 10
53.955552000
 20
136.059410000
 30
3.000000000
 10
53.611881000
 20
136.401622500
 30
3.000000000
 10
53.938422000
 20
136.823170000
 30
3.000000000
  0
SPLINE
  5
F0C
330
A02
100
AcDbEntity
  8
Shape2DView001
100
AcDbSpline
210
0
220
0
230
1
 70
8
 71
3
 72
8
 73
4
 74
0
 40
0.000000000
 40
0.000000000
 40
0.000000000
 40
0.000000000
 40
1.000000000
 40
1.000000000
 40
1.000000000
 40
1.000000000
 10
53.938422000
 20
136.823170000
 30
3.000000000
 10
54.168685000
 20
137.121510000
 30
3.000000000
 10
54.287047000
 20
137.214980000
 30
3.000000000
 10
54.635493000
 20
137.373600000
 30
3.000000000
  0
SPLINE
  5
F0D
330
A02
100
AcDbEntity
  8
Shape2DView001
100
AcDbSpline
210
0
220
0
230
1
 70
8
 71
3
 72
8
 73
4
 74
0
 40
0.000000000
 40
0.000000000
 40
0.000000000
 40
0.000000000
 40
1.000000000
 40
1.000000000
 40
1.000000000
 40
1.000000000
 10
54.635493000
 20
137.373600000
 30
3.000000000
 10
55.051833000
 20
137.563130000
 30
3.000000000
 10
55.278465000
 20
137.600140000
 30
3.000000000
 10
55.512075000
 20
137.516760000
 30
3.000000000
  0
SPLINE
  5
F0E
330
A02
100
AcDbEntity
  8
Shape2DView001
100
AcDbSpline
210
0
220
0
230
1
 70
8
 71
1
 72
4
 73
2
 74
0
 40
0.000000000
 40
0.000000000
 40
0.000021932
 40
0.000021932
 10
55.512075000
 20
137.516760000
 30
3.000000000
 10
55.512066000
 20
137.516740000
 30
3.000000000
  0
SPLINE
  5
F0F
330
A02
100
AcDbEntity
  8
Shape2DView001
100
AcDbSpline
210
0
220
0
230
1
 70
8
 71
3
 72
8
 73
4
 74
0
 40
0.000000000
 40
0.000000000
 40
0.000000000
 40
0.000000000
 40
1.000000000
 40
1.000000000
 40
1.000000000
 40
1.000000000
 10
54.710650000
 20
137.235750000
 30
3.000000000
 10
54.251005000
 20
137.022940000
 30
3.000000000
 10
53.980590000
 20
136.697580000
 30
3.000000000
 10
54.009912000
 20
136.392640000
 30
3.000000000
  0
SPLINE
  5
F10
330
A02
100
AcDbEntity
  8
Shape2DView001
100
AcDbSpline
210
0
220
0
230
1
 70
8
 71
3
 72
8
 73
4
 74
0
 40
0.000000000
 40
0.000000000
 40
0.000000000
 40
0.000000000
 40
1.000000000
 40
1.000000000
 40
1.000000000
 40
1.000000000
 10
54.009912000
 20
136.392640000
 30
3.000000000
 10
54.028232000
 20
136.202170000
 30
3.000000000
 10
54.080422000
 20
136.124530000
 30
3.000000000
 10
54.223831000
 20
136.074440000
 30
3.000000000
  0
SPLINE
  5
F11
330
A02
100
AcDbEntity
  8
Shape2DView001
100
AcDbSpline
210
0
220
0
230
1
 70
8
 71
3
 72
8
 73
4
 74
0
 40
0.000000000
 40
0.000000000
 40
0.000000000
 40
0.000000000
 40
1.000000000
 40
1.000000000
 40
1.000000000
 40
1.000000000
 10
54.223831000
 20
136.074440000
 30
3.000000000
 10
54.380353000
 20
136.019740000
 30
3.000000000
 10
54.527710000
 20
136.072440000
 30
3.000000000
 10
55.066554000
 20
136.373750000
 30
3.000000000
  0
SPLINE
  5
F12
330
A02
100
AcDbEntity
  8
Shape2DView001
100
AcDbSpline
210
0
220
0
230
1
 70
8
 71
3
 72
8
 73
4
 74
0
 40
0.000000000
 40
0.000000000
 40
0.000000000
 40
0.000000000
 40
1.000000000
 40
1.000000000
 40
1.000000000
 40
1.000000000
 10
55.066554000
 20
136.373750000
 30
3.000000000
 10
55.602887000
 20
136.674000000
 30
3.000000000
 10
55.720107000
 20
136.771860000
 30
3.000000000
 10
55.722504000
 20
136.921330000
 30
3.000000000
  0
SPLINE
  5
F13
330
A02
100
AcDbEntity
  8
Shape2DView001
100
AcDbSpline
210
0
220
0
230
1
 70
8
 71
3
 72
8
 73
4
 74
0
 40
0.000000000
 40
0.000000000
 40
0.000000000
 40
0.000000000
 40
1.000000000
 40
1.000000000
 40
1.000000000
 40
1.000000000
 10
55.722504000
 20
136.921330000
 30
3.000000000
 10
55.729504000
 20
137.356540000
 30
3.000000000
 10
55.275939000
 20
137.497470000
 30
3.000000000
 10
54.710650000
 20
137.235750000
 30
3.000000000
  0
SPLINE
  5
F14
330
A02
100
AcDbEntity
  8
Shape2DView001
100
AcDbSpline
210
0
220
0
230
1
 70
8
 71
3
 72
8
 73
4
 74
0
 40
0.000000000
 40
0.000000000
 40
0.000000000
 40
0.000000000
 40
1.000000000
 40
1.000000000
 40
1.000000000
 40
1.000000000
 10
57.728272000
 20
135.725970000
 30
3.000000000
 10
58.796462000
 20
135.499550000
 30
3.000000000
 10
59.323289000
 20
134.805200000
 30
3.000000000
 10
59.330193000
 20
133.614700000
 30
3.000000000
  0
SPLINE
  5
F15
330
A02
100
AcDbEntity
  8
Shape2DView001
100
AcDbSpline
210
0
220
0
230
1
 70
8
 71
3
 72
8
 73
4
 74
0
 40
0.000000000
 40
0.000000000
 40
0.000000000
 40
0.000000000
 40
1.000000000
 40
1.000000000
 40
1.000000000
 40
1.000000000
 10
59.330193000
 20
133.614700000
 30
3.000000000
 10
59.339693000
 20
131.966720000
 30
3.000000000
 10
58.693164000
 20
131.499480000
 30
3.000000000
 10
56.157638000
 20
131.322140000
 30
3.000000000
  0
SPLINE
  5
F16
330
A02
100
AcDbEntity
  8
Shape2DView001
100
AcDbSpline
210
0
220
0
230
1
 70
8
 71
1
 72
4
 73
2
 74
0
 40
0.000000000
 40
0.000000000
 40
0.659326625
 40
0.659326625
 10
56.157638000
 20
131.322140000
 30
3.000000000
 10
55.499918000
 20
131.276140000
 30
3.000000000
  0
SPLINE
  5
F17
330
A02
100
AcDbEntity
  8
Shape2DView001
100
AcDbSpline
210
0
220
0
230
1
 70
8
 71
1
 72
4
 73
2
 74
0
 40
0.000000000
 40
0.000000000
 40
0.432610000
 40
0.432610000
 10
55.499918000
 20
131.276140000
 30
3.000000000
 10
55.499918000
 20
130.843530000
 30
3.000000000
  0
SPLINE
  5
F18
330
A02
100
AcDbEntity
  8
Shape2DView001
100
AcDbSpline
210
0
220
0
230
1
 70
8
 71
3
 72
8
 73
4
 74
0
 40
0.000000000
 40
0.000000000
 40
0.000000000
 40
0.000000000
 40
1.000000000
 40
1.000000000
 40
1.000000000
 40
1.000000000
 10
55.499918000
 20
130.843530000
 30
3.000000000
 10
55.499918000
 20
130.098750000
 30
3.000000000
 10
55.691157000
 20
130.033150000
 30
3.000000000
 10
57.521927000
 20
130.150030000
 30
3.000000000
  0
SPLINE
  5
F19
330
A02
100
AcDbEntity
  8
Shape2DView001
100
AcDbSpline
210
0
220
0
230
1
 70
8
 71
3
 72
8
 73
4
 74
0
 40
0.000000000
 40
0.000000000
 40
0.000000000
 40
0.000000000
 40
1.000000000
 40
1.000000000
 40
1.000000000
 40
1.000000000
 10
57.521927000
 20
130.150030000
 30
3.000000000
 10
58.158592000
 20
130.190630000
 30
3.000000000
 10
58.725174000
 20
130.206430000
 30
3.000000000
 10
58.780993000
 20
130.185030000
 30
3.000000000
  0
SPLINE
  5
F1A
330
A02
100
AcDbEntity
  8
Shape2DView001
100
AcDbSpline
210
0
220
0
230
1
 70
8
 71
3
 72
8
 73
4
 74
0
 40
0.000000000
 40
0.000000000
 40
0.000000000
 40
0.000000000
 40
1.000000000
 40
1.000000000
 40
1.000000000
 40
1.000000000
 10
58.780993000
 20
130.185030000
 30
3.000000000
 10
58.854953000
 20
130.156630000
 30
3.000000000
 10
58.882482000
 20
129.976380000
 30
3.000000000
 10
58.882482000
 20
129.520520000
 30
3.000000000
  0
SPLINE
  5
F1B
330
A02
100
AcDbEntity
  8
Shape2DView001
100
AcDbSpline
210
0
220
0
230
1
 70
8
 71
1
 72
4
 73
2
 74
0
 40
0.000000000
 40
0.000000000
 40
0.625520000
 40
0.625520000
 10
58.882482000
 20
129.520520000
 30
3.000000000
 10
58.882482000
 20
128.895000000
 30
3.000000000
  0
SPLINE
  5
F1C
330
A02
100
AcDbEntity
  8
Shape2DView001
100
AcDbSpline
210
0
220
0
230
1
 70
8
 71
1
 72
4
 73
2
 74
0
 40
0.000000000
 40
0.000000000
 40
0.402817907
 40
0.402817907
 10
58.882482000
 20
128.895000000
 30
3.000000000
 10
58.487851000
 20
128.814200000
 30
3.000000000
  0
SPLINE
  5
F1D
330
A02
100
AcDbEntity
  8
Shape2DView001
100
AcDbSpline
210
0
220
0
230
1
 70
8
 71
3
 72
8
 73
4
 74
0
 40
0.000000000
 40
0.000000000
 40
0.000000000
 40
0.000000000
 40
1.000000000
 40
1.000000000
 40
1.000000000
 40
1.000000000
 10
58.487851000
 20
128.814200000
 30
3.000000000
 10
57.816766000
 20
128.676790000
 30
3.000000000
 10
56.533562000
 20
128.511260000
 30
3.000000000
 10
56.138845000
 20
128.511190000
 30
3.000000000
  0
SPLINE
  5
F1E
330
A02
100
AcDbEntity
  8
Shape2DView001
100
AcDbSpline
210
0
220
0
230
1
 70
8
 71
3
 72
8
 73
4
 74
0
 40
0.000000000
 40
0.000000000
 40
0.000000000
 40
0.000000000
 40
1.000000000
 40
1.000000000
 40
1.000000000
 40
1.000000000
 10
56.138845000
 20
128.511190000
 30
3.000000000
 10
55.561985000
 20
128.511080000
 30
3.000000000
 10
54.794759000
 20
128.701090000
 30
3.000000000
 10
54.449494000
 20
128.929570000
 30
3.000000000
  0
SPLINE
  5
F1F
330
A02
100
AcDbEntity
  8
Shape2DView001
100
AcDbSpline
210
0
220
0
230
1
 70
8
 71
3
 72
8
 73
4
 74
0
 40
0.000000000
 40
0.000000000
 40
0.000000000
 40
0.000000000
 40
1.000000000
 40
1.000000000
 40
1.000000000
 40
1.000000000
 10
54.449494000
 20
128.929570000
 30
3.000000000
 10
54.060880000
 20
129.186740000
 30
3.000000000
 10
53.806564000
 20
129.617020000
 30
3.000000000
 10
53.701680000
 20
130.194800000
 30
3.000000000
  0
SPLINE
  5
F20
330
A02
100
AcDbEntity
  8
Shape2DView001
100
AcDbSpline
210
0
220
0
230
1
 70
8
 71
3
 72
8
 73
4
 74
0
 40
0.000000000
 40
0.000000000
 40
0.000000000
 40
0.000000000
 40
1.000000000
 40
1.000000000
 40
1.000000000
 40
1.000000000
 10
53.701680000
 20
130.194800000
 30
3.000000000
 10
53.657150000
 20
130.440120000
 30
3.000000000
 10
53.620710000
 20
131.415940000
 30
3.000000000
 10
53.620710000
 20
132.363310000
 30
3.000000000
  0
SPLINE
  5
F21
330
A02
100
AcDbEntity
  8
Shape2DView001
100
AcDbSpline
210
0
220
0
230
1
 70
8
 71
1
 72
4
 73
2
 74
0
 40
0.000000000
 40
0.000000000
 40
1.722490000
 40
1.722490000
 10
53.620710000
 20
132.363310000
 30
3.000000000
 10
53.620710000
 20
134.085800000
 30
3.000000000
  0
SPLINE
  5
F22
330
A02
100
AcDbEntity
  8
Shape2DView001
100
AcDbSpline
210
0
220
0
230
1
 70
8
 71
1
 72
4
 73
2
 74
0
 40
0.000000000
 40
0.000000000
 40
0.308586255
 40
0.308586255
 10
53.620710000
 20
134.085800000
 30
3.000000000
 10
53.395206000
 20
134.296450000
 30
3.000000000
  0
SPLINE
  5
F23
330
A02
100
AcDbEntity
  8
Shape2DView001
100
AcDbSpline
210
0
220
0
230
1
 70
8
 71
3
 72
8
 73
4
 74
0
 40
0.000000000
 40
0.000000000
 40
0.000000000
 40
0.000000000
 40
1.000000000
 40
1.000000000
 40
1.000000000
 40
1.000000000
 10
53.395206000
 20
134.296450000
 30
3.000000000
 10
53.227811000
 20
134.452820000
 30
3.000000000
 10
53.171062000
 20
134.571970000
 30
3.000000000
 10
53.174986000
 20
134.758830000
 30
3.000000000
  0
SPLINE
  5
F24
330
A02
100
AcDbEntity
  8
Shape2DView001
100
AcDbSpline
210
0
220
0
230
1
 70
8
 71
3
 72
8
 73
4
 74
0
 40
0.000000000
 40
0.000000000
 40
0.000000000
 40
0.000000000
 40
1.000000000
 40
1.000000000
 40
1.000000000
 40
1.000000000
 10
53.174986000
 20
134.758830000
 30
3.000000000
 10
53.186526000
 20
135.308720000
 30
3.000000000
 10
53.262376000
 20
135.285370000
 30
3.000000000
 10
53.733464000
 20
134.586910000
 30
3.000000000
  0
SPLINE
  5
F25
330
A02
100
AcDbEntity
  8
Shape2DView001
100
AcDbSpline
210
0
220
0
230
1
 70
8
 71
3
 72
8
 73
4
 74
0
 40
0.000000000
 40
0.000000000
 40
0.000000000
 40
0.000000000
 40
1.000000000
 40
1.000000000
 40
1.000000000
 40
1.000000000
 10
53.733464000
 20
134.586910000
 30
3.000000000
 10
54.222759000
 20
133.861460000
 30
3.000000000
 10
54.374971000
 20
133.765180000
 30
3.000000000
 10
54.736767000
 20
133.952260000
 30
3.000000000
  0
SPLINE
  5
F26
330
A02
100
AcDbEntity
  8
Shape2DView001
100
AcDbSpline
210
0
220
0
230
1
 70
8
 71
3
 72
8
 73
4
 74
0
 40
0.000000000
 40
0.000000000
 40
0.000000000
 40
0.000000000
 40
1.000000000
 40
1.000000000
 40
1.000000000
 40
1.000000000
 10
54.736767000
 20
133.952260000
 30
3.000000000
 10
54.911503000
 20
134.042660000
 30
3.000000000
 10
54.978451000
 20
134.139220000
 30
3.000000000
 10
55.014515000
 20
134.353020000
 30
3.000000000
  0
SPLINE
  5
F27
330
A02
100
AcDbEntity
  8
Shape2DView001
100
AcDbSpline
210
0
220
0
230
1
 70
8
 71
3
 72
8
 73
4
 74
0
 40
0.000000000
 40
0.000000000
 40
0.000000000
 40
0.000000000
 40
1.000000000
 40
1.000000000
 40
1.000000000
 40
1.000000000
 10
55.014515000
 20
134.353020000
 30
3.000000000
 10
55.040655000
 20
134.507950000
 30
3.000000000
 10
55.076005000
 20
134.685450000
 30
3.000000000
 10
55.093085000
 20
134.747460000
 30
3.000000000
  0
SPLINE
  5
F28
330
A02
100
AcDbEntity
  8
Shape2DView001
100
AcDbSpline
210
0
220
0
230
1
 70
8
 71
3
 72
8
 73
4
 74
0
 40
0.000000000
 40
0.000000000
 40
0.000000000
 40
0.000000000
 40
1.000000000
 40
1.000000000
 40
1.000000000
 40
1.000000000
 10
55.093085000
 20
134.747460000
 30
3.000000000
 10
55.110155000
 20
134.809460000
 30
3.000000000
 10
55.448923000
 20
135.058230000
 30
3.000000000
 10
55.845882000
 20
135.300260000
 30
3.000000000
  0
SPLINE
  5
F29
330
A02
100
AcDbEntity
  8
Shape2DView001
100
AcDbSpline
210
0
220
0
230
1
 70
8
 71
3
 72
8
 73
4
 74
0
 40
0.000000000
 40
0.000000000
 40
0.000000000
 40
0.000000000
 40
1.000000000
 40
1.000000000
 40
1.000000000
 40
1.000000000
 10
55.845882000
 20
135.300260000
 30
3.000000000
 10
56.461363000
 20
135.675510000
 30
3.000000000
 10
56.630133000
 20
135.744110000
 30
3.000000000
 10
56.992164000
 20
135.766200000
 30
3.000000000
  0
SPLINE
  5
F2A
330
A02
100
AcDbEntity
  8
Shape2DView001
100
AcDbSpline
210
0
220
0
230
1
 70
8
 71
3
 72
8
 73
4
 74
0
 40
0.000000000
 40
0.000000000
 40
0.000000000
 40
0.000000000
 40
1.000000000
 40
1.000000000
 40
1.000000000
 40
1.000000000
 10
56.992164000
 20
135.766200000
 30
3.000000000
 10
57.225660000
 20
135.780400000
 30
3.000000000
 10
57.556907000
 20
135.762200000
 30
3.000000000
 10
57.728268000
 20
135.726000000
 30
3.000000000
  0
SPLINE
  5
F2B
330
A02
100
AcDbEntity
  8
Shape2DView001
100
AcDbSpline
210
0
220
0
230
1
 70
8
 71
1
 72
4
 73
2
 74
0
 40
0.000000000
 40
0.000000000
 40
0.000030265
 40
0.000030265
 10
57.728268000
 20
135.726000000
 30
3.000000000
 10
57.728272000
 20
135.725970000
 30
3.000000000
  0
SPLINE
  5
F2C
330
A02
100
AcDbEntity
  8
Shape2DView001
100
AcDbSpline
210
0
220
0
230
1
 70
8
 71
3
 72
8
 73
4
 74
0
 40
0.000000000
 40
0.000000000
 40
0.000000000
 40
0.000000000
 40
1.000000000
 40
1.000000000
 40
1.000000000
 40
1.000000000
 10
56.219878000
 20
134.218180000
 30
3.000000000
 10
55.933707000
 20
134.176780000
 30
3.000000000
 10
55.654644000
 20
134.105700000
 30
3.000000000
 10
55.599742000
 20
134.060130000
 30
3.000000000
  0
SPLINE
  5
F2D
330
A02
100
AcDbEntity
  8
Shape2DView001
100
AcDbSpline
210
0
220
0
230
1
 70
8
 71
3
 72
8
 73
4
 74
0
 40
0.000000000
 40
0.000000000
 40
0.000000000
 40
0.000000000
 40
1.000000000
 40
1.000000000
 40
1.000000000
 40
1.000000000
 10
55.599742000
 20
134.060130000
 30
3.000000000
 10
55.473638000
 20
133.955470000
 30
3.000000000
 10
55.457522000
 20
132.669320000
 30
3.000000000
 10
55.581782000
 20
132.627900000
 30
3.000000000
  0
SPLINE
  5
F2E
330
A02
100
AcDbEntity
  8
Shape2DView001
100
AcDbSpline
210
0
220
0
230
1
 70
8
 71
3
 72
8
 73
4
 74
0
 40
0.000000000
 40
0.000000000
 40
0.000000000
 40
0.000000000
 40
1.000000000
 40
1.000000000
 40
1.000000000
 40
1.000000000
 10
55.581782000
 20
132.627900000
 30
3.000000000
 10
55.676582000
 20
132.596300000
 30
3.000000000
 10
57.036656000
 20
132.760890000
 30
3.000000000
 10
57.200590000
 20
132.823790000
 30
3.000000000
  0
SPLINE
  5
F2F
330
A02
100
AcDbEntity
  8
Shape2DView001
100
AcDbSpline
210
0
220
0
230
1
 70
8
 71
3
 72
8
 73
4
 74
0
 40
0.000000000
 40
0.000000000
 40
0.000000000
 40
0.000000000
 40
1.000000000
 40
1.000000000
 40
1.000000000
 40
1.000000000
 10
57.200590000
 20
132.823790000
 30
3.000000000
 10
57.383159000
 20
132.893890000
 30
3.000000000
 10
57.545019000
 20
133.380380000
 30
3.000000000
 10
57.491378000
 20
133.697870000
 30
3.000000000
  0
SPLINE
  5
F30
330
A02
100
AcDbEntity
  8
Shape2DView001
100
AcDbSpline
210
0
220
0
230
1
 70
8
 71
3
 72
8
 73
4
 74
0
 40
0.000000000
 40
0.000000000
 40
0.000000000
 40
0.000000000
 40
1.000000000
 40
1.000000000
 40
1.000000000
 40
1.000000000
 10
57.491378000
 20
133.697870000
 30
3.000000000
 10
57.437418000
 20
134.017240000
 30
3.000000000
 10
57.281391000
 20
134.191070000
 30
3.000000000
 10
57.003266000
 20
134.241690000
 30
3.000000000
  0
SPLINE
  5
F31
330
A02
100
AcDbEntity
  8
Shape2DView001
100
AcDbSpline
210
0
220
0
230
1
 70
8
 71
3
 72
8
 73
4
 74
0
 40
0.000000000
 40
0.000000000
 40
0.000000000
 40
0.000000000
 40
1.000000000
 40
1.000000000
 40
1.000000000
 40
1.000000000
 10
57.003266000
 20
134.241690000
 30
3.000000000
 10
56.899910000
 20
134.260490000
 30
3.000000000
 10
56.798432000
 20
134.279790000
 30
3.000000000
 10
56.777761000
 20
134.284590000
 30
3.000000000
  0
SPLINE
  5
F32
330
A02
100
AcDbEntity
  8
Shape2DView001
100
AcDbSpline
210
0
220
0
230
1
 70
8
 71
3
 72
8
 73
4
 74
0
 40
0.000000000
 40
0.000000000
 40
0.000000000
 40
0.000000000
 40
1.000000000
 40
1.000000000
 40
1.000000000
 40
1.000000000
 10
56.777761000
 20
134.284590000
 30
3.000000000
 10
56.757081000
 20
134.289590000
 30
3.000000000
 10
56.506037000
 20
134.259490000
 30
3.000000000
 10
56.219865000
 20
134.218090000
 30
3.000000000
  0
SPLINE
  5
F33
330
A02
100
AcDbEntity
  8
Shape2DView001
100
AcDbSpline
210
0
220
0
230
1
 70
8
 71
1
 72
4
 73
2
 74
0
 40
0.000000000
 40
0.000000000
 40
0.000090934
 40
0.000090934
 10
56.219865000
 20
134.218090000
 30
3.000000000
 10
56.219878000
 20
134.218180000
 30
3.000000000
  0
SPLINE
  5
F34
330
A02
100
AcDbEntity
  8
Shape2DView001
100
AcDbSpline
210
0
220
0
230
1
 70
8
 71
3
 72
8
 73
4
 74
0
 40
0.000000000
 40
0.000000000
 40
0.000000000
 40
0.000000000
 40
1.000000000
 40
1.000000000
 40
1.000000000
 40
1.000000000
 10
42.796497000
 20
135.725370000
 30
3.000000000
 10
44.015728000
 20
135.570930000
 30
3.000000000
 10
44.746487000
 20
134.950160000
 30
3.000000000
 10
45.011672000
 20
133.843610000
 30
3.000000000
  0
SPLINE
  5
F35
330
A02
100
AcDbEntity
  8
Shape2DView001
100
AcDbSpline
210
0
220
0
230
1
 70
8
 71
3
 72
8
 73
4
 74
0
 40
0.000000000
 40
0.000000000
 40
0.000000000
 40
0.000000000
 40
1.000000000
 40
1.000000000
 40
1.000000000
 40
1.000000000
 10
45.011672000
 20
133.843610000
 30
3.000000000
 10
45.205250000
 20
133.035850000
 30
3.000000000
 10
45.240507000
 20
131.809050000
 30
3.000000000
 10
45.092632000
 20
131.026550000
 30
3.000000000
  0
SPLINE
  5
F36
330
A02
100
AcDbEntity
  8
Shape2DView001
100
AcDbSpline
210
0
220
0
230
1
 70
8
 71
3
 72
8
 73
4
 74
0
 40
0.000000000
 40
0.000000000
 40
0.000000000
 40
0.000000000
 40
1.000000000
 40
1.000000000
 40
1.000000000
 40
1.000000000
 10
45.092632000
 20
131.026550000
 30
3.000000000
 10
44.808012000
 20
129.520460000
 30
3.000000000
 10
44.069680000
 20
128.785750000
 30
3.000000000
 10
42.646159000
 20
128.592050000
 30
3.000000000
  0
SPLINE
  5
F37
330
A02
100
AcDbEntity
  8
Shape2DView001
100
AcDbSpline
210
0
220
0
230
1
 70
8
 71
3
 72
8
 73
4
 74
0
 40
0.000000000
 40
0.000000000
 40
0.000000000
 40
0.000000000
 40
1.000000000
 40
1.000000000
 40
1.000000000
 40
1.000000000
 10
42.646159000
 20
128.592050000
 30
3.000000000
 10
41.459647000
 20
128.430610000
 30
3.000000000
 10
40.439423000
 20
128.734910000
 30
3.000000000
 10
39.829453000
 20
129.432200000
 30
3.000000000
  0
SPLINE
  5
F38
330
A02
100
AcDbEntity
  8
Shape2DView001
100
AcDbSpline
210
0
220
0
230
1
 70
8
 71
3
 72
8
 73
4
 74
0
 40
0.000000000
 40
0.000000000
 40
0.000000000
 40
0.000000000
 40
1.000000000
 40
1.000000000
 40
1.000000000
 40
1.000000000
 10
39.829453000
 20
129.432200000
 30
3.000000000
 10
39.315132000
 20
130.020150000
 30
3.000000000
 10
39.224350000
 20
130.364300000
 30
3.000000000
 10
39.234727000
 20
131.686730000
 30
3.000000000
  0
SPLINE
  5
F39
330
A02
100
AcDbEntity
  8
Shape2DView001
100
AcDbSpline
210
0
220
0
230
1
 70
8
 71
3
 72
8
 73
4
 74
0
 40
0.000000000
 40
0.000000000
 40
0.000000000
 40
0.000000000
 40
1.000000000
 40
1.000000000
 40
1.000000000
 40
1.000000000
 10
39.234727000
 20
131.686730000
 30
3.000000000
 10
39.239627000
 20
132.297880000
 30
3.000000000
 10
39.264607000
 20
132.819080000
 30
3.000000000
 10
39.290487000
 20
132.844950000
 30
3.000000000
  0
SPLINE
  5
F3A
330
A02
100
AcDbEntity
  8
Shape2DView001
100
AcDbSpline
210
0
220
0
230
1
 70
8
 71
3
 72
8
 73
4
 74
0
 40
0.000000000
 40
0.000000000
 40
0.000000000
 40
0.000000000
 40
1.000000000
 40
1.000000000
 40
1.000000000
 40
1.000000000
 10
39.290487000
 20
132.844950000
 30
3.000000000
 10
39.316367000
 20
132.870850000
 30
3.000000000
 10
40.225720000
 20
132.895050000
 30
3.000000000
 10
41.311300000
 20
132.898850000
 30
3.000000000
  0
SPLINE
  5
F3B
330
A02
100
AcDbEntity
  8
Shape2DView001
100
AcDbSpline
210
0
220
0
230
1
 70
8
 71
1
 72
4
 73
2
 74
0
 40
0.000000000
 40
0.000000000
 40
1.973804413
 40
1.973804413
 10
41.311300000
 20
132.898850000
 30
3.000000000
 10
43.285092000
 20
132.905850000
 30
3.000000000
  0
SPLINE
  5
F3C
330
A02
100
AcDbEntity
  8
Shape2DView001
100
AcDbSpline
210
0
220
0
230
1
 70
8
 71
1
 72
4
 73
2
 74
0
 40
0.000000000
 40
0.000000000
 40
0.203058900
 40
0.203058900
 10
43.285092000
 20
132.905850000
 30
3.000000000
 10
43.308372000
 20
133.107570000
 30
3.000000000
  0
SPLINE
  5
F3D
330
A02
100
AcDbEntity
  8
Shape2DView001
100
AcDbSpline
210
0
220
0
230
1
 70
8
 71
3
 72
8
 73
4
 74
0
 40
0.000000000
 40
0.000000000
 40
0.000000000
 40
0.000000000
 40
1.000000000
 40
1.000000000
 40
1.000000000
 40
1.000000000
 10
43.308372000
 20
133.107570000
 30
3.000000000
 10
43.349302000
 20
133.462080000
 30
3.000000000
 10
43.125535000
 20
133.765610000
 30
3.000000000
 10
42.669159000
 20
133.974540000
 30
3.000000000
  0
SPLINE
  5
F3E
330
A02
100
AcDbEntity
  8
Shape2DView001
100
AcDbSpline
210
0
220
0
230
1
 70
8
 71
3
 72
8
 73
4
 74
0
 40
0.000000000
 40
0.000000000
 40
0.000000000
 40
0.000000000
 40
1.000000000
 40
1.000000000
 40
1.000000000
 40
1.000000000
 10
42.669159000
 20
133.974540000
 30
3.000000000
 10
42.298049000
 20
134.144440000
 30
3.000000000
 10
42.159282000
 20
134.164900000
 30
3.000000000
 10
41.415439000
 20
134.159430000
 30
3.000000000
  0
SPLINE
  5
F3F
330
A02
100
AcDbEntity
  8
Shape2DView001
100
AcDbSpline
210
0
220
0
230
1
 70
8
 71
3
 72
8
 73
4
 74
0
 40
0.000000000
 40
0.000000000
 40
0.000000000
 40
0.000000000
 40
1.000000000
 40
1.000000000
 40
1.000000000
 40
1.000000000
 10
41.415439000
 20
134.159430000
 30
3.000000000
 10
40.955404000
 20
134.156430000
 30
3.000000000
 10
40.330986000
 20
134.117630000
 30
3.000000000
 10
40.027847000
 20
134.073930000
 30
3.000000000
  0
SPLINE
  5
F40
330
A02
100
AcDbEntity
  8
Shape2DView001
100
AcDbSpline
210
0
220
0
230
1
 70
8
 71
3
 72
8
 73
4
 74
0
 40
0.000000000
 40
0.000000000
 40
0.000000000
 40
0.000000000
 40
1.000000000
 40
1.000000000
 40
1.000000000
 40
1.000000000
 10
40.027847000
 20
134.073930000
 30
3.000000000
 10
39.724708000
 20
134.030330000
 30
3.000000000
 10
39.445648000
 20
134.013730000
 30
3.000000000
 10
39.407711000
 20
134.037230000
 30
3.000000000
  0
SPLINE
  5
F41
330
A02
100
AcDbEntity
  8
Shape2DView001
100
AcDbSpline
210
0
220
0
230
1
 70
8
 71
3
 72
8
 73
4
 74
0
 40
0.000000000
 40
0.000000000
 40
0.000000000
 40
0.000000000
 40
1.000000000
 40
1.000000000
 40
1.000000000
 40
1.000000000
 10
39.407711000
 20
134.037230000
 30
3.000000000
 10
39.369761000
 20
134.060630000
 30
3.000000000
 10
39.338741000
 20
134.379320000
 30
3.000000000
 10
39.338741000
 20
134.745330000
 30
3.000000000
  0
SPLINE
  5
F42
330
A02
100
AcDbEntity
  8
Shape2DView001
100
AcDbSpline
210
0
220
0
230
1
 70
8
 71
1
 72
4
 73
2
 74
0
 40
0.000000000
 40
0.000000000
 40
0.665470000
 40
0.665470000
 10
39.338741000
 20
134.745330000
 30
3.000000000
 10
39.338741000
 20
135.410800000
 30
3.000000000
  0
SPLINE
  5
F43
330
A02
100
AcDbEntity
  8
Shape2DView001
100
AcDbSpline
210
0
220
0
230
1
 70
8
 71
1
 72
4
 73
2
 74
0
 40
0.000000000
 40
0.000000000
 40
0.323050903
 40
0.323050903
 10
39.338741000
 20
135.410800000
 30
3.000000000
 10
39.658206000
 20
135.458800000
 30
3.000000000
  0
SPLINE
  5
F44
330
A02
100
AcDbEntity
  8
Shape2DView001
100
AcDbSpline
210
0
220
0
230
1
 70
8
 71
3
 72
8
 73
4
 74
0
 40
0.000000000
 40
0.000000000
 40
0.000000000
 40
0.000000000
 40
1.000000000
 40
1.000000000
 40
1.000000000
 40
1.000000000
 10
39.658206000
 20
135.458800000
 30
3.000000000
 10
39.833909000
 20
135.485200000
 30
3.000000000
 10
40.248277000
 20
135.554000000
 30
3.000000000
 10
40.579013000
 20
135.611600000
 30
3.000000000
  0
SPLINE
  5
F45
330
A02
100
AcDbEntity
  8
Shape2DView001
100
AcDbSpline
210
0
220
0
230
1
 70
8
 71
3
 72
8
 73
4
 74
0
 40
0.000000000
 40
0.000000000
 40
0.000000000
 40
0.000000000
 40
1.000000000
 40
1.000000000
 40
1.000000000
 40
1.000000000
 10
40.579013000
 20
135.611600000
 30
3.000000000
 10
41.345495000
 20
135.745180000
 30
3.000000000
 10
42.267309000
 20
135.792520000
 30
3.000000000
 10
42.796478000
 20
135.725490000
 30
3.000000000
  0
SPLINE
  5
F46
330
A02
100
AcDbEntity
  8
Shape2DView001
100
AcDbSpline
210
0
220
0
230
1
 70
8
 71
1
 72
4
 73
2
 74
0
 40
0.000000000
 40
0.000000000
 40
0.000121495
 40
0.000121495
 10
42.796478000
 20
135.725490000
 30
3.000000000
 10
42.796497000
 20
135.725370000
 30
3.000000000
  0
SPLINE
  5
F47
330
A02
100
AcDbEntity
  8
Shape2DView001
100
AcDbSpline
210
0
220
0
230
1
 70
8
 71
3
 72
8
 73
4
 74
0
 40
0.000000000
 40
0.000000000
 40
0.000000000
 40
0.000000000
 40
1.000000000
 40
1.000000000
 40
1.000000000
 40
1.000000000
 10
40.978886000
 20
131.106690000
 30
3.000000000
 10
41.027066000
 20
130.362110000
 30
3.000000000
 10
41.371016000
 20
130.057940000
 30
3.000000000
 10
42.170850000
 20
130.052510000
 30
3.000000000
  0
SPLINE
  5
F48
330
A02
100
AcDbEntity
  8
Shape2DView001
100
AcDbSpline
210
0
220
0
230
1
 70
8
 71
3
 72
8
 73
4
 74
0
 40
0.000000000
 40
0.000000000
 40
0.000000000
 40
0.000000000
 40
1.000000000
 40
1.000000000
 40
1.000000000
 40
1.000000000
 10
42.170850000
 20
130.052510000
 30
3.000000000
 10
42.525486000
 20
130.050510000
 30
3.000000000
 10
42.685257000
 20
130.086110000
 30
3.000000000
 10
42.847361000
 20
130.205050000
 30
3.000000000
  0
SPLINE
  5
F49
330
A02
100
AcDbEntity
  8
Shape2DView001
100
AcDbSpline
210
0
220
0
230
1
 70
8
 71
3
 72
8
 73
4
 74
0
 40
0.000000000
 40
0.000000000
 40
0.000000000
 40
0.000000000
 40
1.000000000
 40
1.000000000
 40
1.000000000
 40
1.000000000
 10
42.847361000
 20
130.205050000
 30
3.000000000
 10
43.134125000
 20
130.415400000
 30
3.000000000
 10
43.322419000
 20
130.808690000
 30
3.000000000
 10
43.322559000
 20
131.197590000
 30
3.000000000
  0
SPLINE
  5
F4A
330
A02
100
AcDbEntity
  8
Shape2DView001
100
AcDbSpline
210
0
220
0
230
1
 70
8
 71
1
 72
4
 73
2
 74
0
 40
0.000000000
 40
0.000000000
 40
0.321370020
 40
0.321370020
 10
43.322559000
 20
131.197590000
 30
3.000000000
 10
43.322673000
 20
131.518960000
 30
3.000000000
  0
SPLINE
  5
F4B
330
A02
100
AcDbEntity
  8
Shape2DView001
100
AcDbSpline
210
0
220
0
230
1
 70
8
 71
1
 72
4
 73
2
 74
0
 40
0.000000000
 40
0.000000000
 40
1.184077952
 40
1.184077952
 10
43.322673000
 20
131.518960000
 30
3.000000000
 10
42.138776000
 20
131.498260000
 30
3.000000000
  0
SPLINE
  5
F4C
330
A02
100
AcDbEntity
  8
Shape2DView001
100
AcDbSpline
210
0
220
0
230
1
 70
8
 71
1
 72
4
 73
2
 74
0
 40
0.000000000
 40
0.000000000
 40
1.184078952
 40
1.184078952
 10
42.138776000
 20
131.498260000
 30
3.000000000
 10
40.954878000
 20
131.477560000
 30
3.000000000
  0
SPLINE
  5
F4D
330
A02
100
AcDbEntity
  8
Shape2DView001
100
AcDbSpline
210
0
220
0
230
1
 70
8
 71
1
 72
4
 73
2
 74
0
 40
0.000000000
 40
0.000000000
 40
0.371646258
 40
0.371646258
 10
40.954878000
 20
131.477560000
 30
3.000000000
 10
40.978886000
 20
131.106690000
 30
3.000000000
  0
SPLINE
  5
F4E
330
A02
100
AcDbEntity
  8
Shape2DView001
100
AcDbSpline
210
0
220
0
230
1
 70
8
 71
1
 72
4
 73
2
 74
0
 40
0.000000000
 40
0.000000000
 40
0.602854024
 40
0.602854024
 10
69.894619000
 20
135.579230000
 30
3.000000000
 10
70.495966000
 20
135.536630000
 30
3.000000000
  0
SPLINE
  5
F4F
330
A02
100
AcDbEntity
  8
Shape2DView001
100
AcDbSpline
210
0
220
0
230
1
 70
8
 71
1
 72
4
 73
2
 74
0
 40
0.000000000
 40
0.000000000
 40
3.269876666
 40
3.269876666
 10
70.495966000
 20
135.536630000
 30
3.000000000
 10
70.516846000
 20
132.266820000
 30
3.000000000
  0
SPLINE
  5
F50
330
A02
100
AcDbEntity
  8
Shape2DView001
100
AcDbSpline
210
0
220
0
230
1
 70
8
 71
3
 72
8
 73
4
 74
0
 40
0.000000000
 40
0.000000000
 40
0.000000000
 40
0.000000000
 40
1.000000000
 40
1.000000000
 40
1.000000000
 40
1.000000000
 10
70.516846000
 20
132.266820000
 30
3.000000000
 10
70.528326000
 20
130.468410000
 30
3.000000000
 10
70.519146000
 20
128.920890000
 30
3.000000000
 10
70.496616000
 20
128.827870000
 30
3.000000000
  0
SPLINE
  5
F51
330
A02
100
AcDbEntity
  8
Shape2DView001
100
AcDbSpline
210
0
220
0
230
1
 70
8
 71
3
 72
8
 73
4
 74
0
 40
0.000000000
 40
0.000000000
 40
0.000000000
 40
0.000000000
 40
1.000000000
 40
1.000000000
 40
1.000000000
 40
1.000000000
 10
70.496616000
 20
128.827870000
 30
3.000000000
 10
70.456966000
 20
128.664690000
 30
3.000000000
 10
70.425186000
 20
128.658740000
 30
3.000000000
 10
69.592516000
 20
128.658740000
 30
3.000000000
  0
SPLINE
  5
F52
330
A02
100
AcDbEntity
  8
Shape2DView001
100
AcDbSpline
210
0
220
0
230
1
 70
8
 71
3
 72
8
 73
4
 74
0
 40
0.000000000
 40
0.000000000
 40
0.000000000
 40
0.000000000
 40
1.000000000
 40
1.000000000
 40
1.000000000
 40
1.000000000
 10
69.592516000
 20
128.658740000
 30
3.000000000
 10
68.779626000
 20
128.658740000
 30
3.000000000
 10
68.729513000
 20
128.667740000
 30
3.000000000
 10
68.729513000
 20
128.809080000
 30
3.000000000
  0
SPLINE
  5
F53
330
A02
100
AcDbEntity
  8
Shape2DView001
100
AcDbSpline
210
0
220
0
230
1
 70
8
 71
3
 72
8
 73
4
 74
0
 40
0.000000000
 40
0.000000000
 40
0.000000000
 40
0.000000000
 40
1.000000000
 40
1.000000000
 40
1.000000000
 40
1.000000000
 10
68.729513000
 20
128.809080000
 30
3.000000000
 10
68.729513000
 20
129.004170000
 30
3.000000000
 10
68.626206000
 20
128.998670000
 30
3.000000000
 10
68.022650000
 20
128.771480000
 30
3.000000000
  0
SPLINE
  5
F54
330
A02
100
AcDbEntity
  8
Shape2DView001
100
AcDbSpline
210
0
220
0
230
1
 70
8
 71
3
 72
8
 73
4
 74
0
 40
0.000000000
 40
0.000000000
 40
0.000000000
 40
0.000000000
 40
1.000000000
 40
1.000000000
 40
1.000000000
 40
1.000000000
 10
68.022650000
 20
128.771480000
 30
3.000000000
 10
67.158247000
 20
128.446120000
 30
3.000000000
 10
66.147077000
 20
128.535120000
 30
3.000000000
 10
65.552089000
 20
128.988950000
 30
3.000000000
  0
SPLINE
  5
F55
330
A02
100
AcDbEntity
  8
Shape2DView001
100
AcDbSpline
210
0
220
0
230
1
 70
8
 71
1
 72
4
 73
2
 74
0
 40
0.000000000
 40
0.000000000
 40
0.306204437
 40
0.306204437
 10
65.552089000
 20
128.988950000
 30
3.000000000
 10
65.308621000
 20
129.174650000
 30
3.000000000
  0
SPLINE
  5
F56
330
A02
100
AcDbEntity
  8
Shape2DView001
100
AcDbSpline
210
0
220
0
230
1
 70
8
 71
1
 72
4
 73
2
 74
0
 40
0.000000000
 40
0.000000000
 40
0.541836353
 40
0.541836353
 10
65.308621000
 20
129.174650000
 30
3.000000000
 10
64.812772000
 20
128.956200000
 30
3.000000000
  0
SPLINE
  5
F57
330
A02
100
AcDbEntity
  8
Shape2DView001
100
AcDbSpline
210
0
220
0
230
1
 70
8
 71
3
 72
8
 73
4
 74
0
 40
0.000000000
 40
0.000000000
 40
0.000000000
 40
0.000000000
 40
1.000000000
 40
1.000000000
 40
1.000000000
 40
1.000000000
 10
64.812772000
 20
128.956200000
 30
3.000000000
 10
63.479740000
 20
128.368900000
 30
3.000000000
 10
61.995155000
 20
128.429130000
 30
3.000000000
 10
61.317485000
 20
129.097980000
 30
3.000000000
  0
SPLINE
  5
F58
330
A02
100
AcDbEntity
  8
Shape2DView001
100
AcDbSpline
210
0
220
0
230
1
 70
8
 71
3
 72
8
 73
4
 74
0
 40
0.000000000
 40
0.000000000
 40
0.000000000
 40
0.000000000
 40
1.000000000
 40
1.000000000
 40
1.000000000
 40
1.000000000
 10
61.317485000
 20
129.097980000
 30
3.000000000
 10
61.042269000
 20
129.369630000
 30
3.000000000
 10
60.768450000
 20
129.986990000
 30
3.000000000
 10
60.689152000
 20
130.514650000
 30
3.000000000
  0
SPLINE
  5
F59
330
A02
100
AcDbEntity
  8
Shape2DView001
100
AcDbSpline
210
0
220
0
230
1
 70
8
 71
3
 72
8
 73
4
 74
0
 40
0.000000000
 40
0.000000000
 40
0.000000000
 40
0.000000000
 40
1.000000000
 40
1.000000000
 40
1.000000000
 40
1.000000000
 10
60.689152000
 20
130.514650000
 30
3.000000000
 10
60.598922000
 20
131.115100000
 30
3.000000000
 10
60.510223000
 20
134.786000000
 30
3.000000000
 10
60.575444000
 20
135.220920000
 30
3.000000000
  0
SPLINE
  5
F5A
330
A02
100
AcDbEntity
  8
Shape2DView001
100
AcDbSpline
210
0
220
0
230
1
 70
8
 71
1
 72
4
 73
2
 74
0
 40
0.000000000
 40
0.000000000
 40
0.357220623
 40
0.357220623
 10
60.575444000
 20
135.220920000
 30
3.000000000
 10
60.628424000
 20
135.574190000
 30
3.000000000
  0
SPLINE
  5
F5B
330
A02
100
AcDbEntity
  8
Shape2DView001
100
AcDbSpline
210
0
220
0
230
1
 70
8
 71
1
 72
4
 73
2
 74
0
 40
0.000000000
 40
0.000000000
 40
0.893480000
 40
0.893480000
 10
60.628424000
 20
135.574190000
 30
3.000000000
 10
61.521904000
 20
135.574190000
 30
3.000000000
  0
SPLINE
  5
F5C
330
A02
100
AcDbEntity
  8
Shape2DView001
100
AcDbSpline
210
0
220
0
230
1
 70
8
 71
1
 72
4
 73
2
 74
0
 40
0.000000000
 40
0.000000000
 40
0.893484000
 40
0.893484000
 10
61.521904000
 20
135.574190000
 30
3.000000000
 10
62.415388000
 20
135.574190000
 30
3.000000000
  0
SPLINE
  5
F5D
330
A02
100
AcDbEntity
  8
Shape2DView001
100
AcDbSpline
210
0
220
0
230
1
 70
8
 71
1
 72
4
 73
2
 74
0
 40
0.000000000
 40
0.000000000
 40
2.101000000
 40
2.101000000
 10
62.415388000
 20
135.574190000
 30
3.000000000
 10
62.415388000
 20
133.473190000
 30
3.000000000
  0
SPLINE
  5
F5E
330
A02
100
AcDbEntity
  8
Shape2DView001
100
AcDbSpline
210
0
220
0
230
1
 70
8
 71
3
 72
8
 73
4
 74
0
 40
0.000000000
 40
0.000000000
 40
0.000000000
 40
0.000000000
 40
1.000000000
 40
1.000000000
 40
1.000000000
 40
1.000000000
 10
62.415388000
 20
133.473190000
 30
3.000000000
 10
62.415388000
 20
131.185450000
 30
3.000000000
 10
62.471228000
 20
130.700760000
 30
3.000000000
 10
62.769138000
 20
130.402850000
 30
3.000000000
  0
SPLINE
  5
F5F
330
A02
100
AcDbEntity
  8
Shape2DView001
100
AcDbSpline
210
0
220
0
230
1
 70
8
 71
3
 72
8
 73
4
 74
0
 40
0.000000000
 40
0.000000000
 40
0.000000000
 40
0.000000000
 40
1.000000000
 40
1.000000000
 40
1.000000000
 40
1.000000000
 10
62.769138000
 20
130.402850000
 30
3.000000000
 10
62.945408000
 20
130.226580000
 30
3.000000000
 10
62.987861000
 20
130.219170000
 30
3.000000000
 10
63.605918000
 20
130.256720000
 30
3.000000000
  0
SPLINE
  5
F60
330
A02
100
AcDbEntity
  8
Shape2DView001
100
AcDbSpline
210
0
220
0
230
1
 70
8
 71
3
 72
8
 73
4
 74
0
 40
0.000000000
 40
0.000000000
 40
0.000000000
 40
0.000000000
 40
1.000000000
 40
1.000000000
 40
1.000000000
 40
1.000000000
 10
63.605918000
 20
130.256720000
 30
3.000000000
 10
63.964018000
 20
130.278520000
 30
3.000000000
 10
64.352971000
 20
130.334020000
 30
3.000000000
 10
64.470259000
 20
130.380150000
 30
3.000000000
  0
SPLINE
  5
F61
330
A02
100
AcDbEntity
  8
Shape2DView001
100
AcDbSpline
210
0
220
0
230
1
 70
8
 71
1
 72
4
 73
2
 74
0
 40
0.000000000
 40
0.000000000
 40
0.229161949
 40
0.229161949
 10
64.470259000
 20
130.380150000
 30
3.000000000
 10
64.683510000
 20
130.464050000
 30
3.000000000
  0
SPLINE
  5
F62
330
A02
100
AcDbEntity
  8
Shape2DView001
100
AcDbSpline
210
0
220
0
230
1
 70
8
 71
1
 72
4
 73
2
 74
0
 40
0.000000000
 40
0.000000000
 40
2.358522082
 40
2.358522082
 10
64.683510000
 20
130.464050000
 30
3.000000000
 10
64.628910000
 20
132.821940000
 30
3.000000000
  0
SPLINE
  5
F63
330
A02
100
AcDbEntity
  8
Shape2DView001
100
AcDbSpline
210
0
220
0
230
1
 70
8
 71
3
 72
8
 73
4
 74
0
 40
0.000000000
 40
0.000000000
 40
0.000000000
 40
0.000000000
 40
1.000000000
 40
1.000000000
 40
1.000000000
 40
1.000000000
 10
64.628910000
 20
132.821940000
 30
3.000000000
 10
64.598880000
 20
134.118770000
 30
3.000000000
 10
64.596580000
 20
135.268570000
 30
3.000000000
 10
64.623810000
 20
135.377030000
 30
3.000000000
  0
SPLINE
  5
F64
330
A02
100
AcDbEntity
  8
Shape2DView001
100
AcDbSpline
210
0
220
0
230
1
 70
8
 71
1
 72
4
 73
2
 74
0
 40
0.000000000
 40
0.000000000
 40
0.203315273
 40
0.203315273
 10
64.623810000
 20
135.377030000
 30
3.000000000
 10
64.673300000
 20
135.574230000
 30
3.000000000
  0
SPLINE
  5
F65
330
A02
100
AcDbEntity
  8
Shape2DView001
100
AcDbSpline
210
0
220
0
230
1
 70
8
 71
1
 72
4
 73
2
 74
0
 40
0.000000000
 40
0.000000000
 40
0.900567000
 40
0.900567000
 10
64.673300000
 20
135.574230000
 30
3.000000000
 10
65.573867000
 20
135.574230000
 30
3.000000000
  0
SPLINE
  5
F66
330
A02
100
AcDbEntity
  8
Shape2DView001
100
AcDbSpline
210
0
220
0
230
1
 70
8
 71
1
 72
4
 73
2
 74
0
 40
0.000000000
 40
0.000000000
 40
0.900586000
 40
0.900586000
 10
65.573867000
 20
135.574230000
 30
3.000000000
 10
66.474453000
 20
135.574230000
 30
3.000000000
  0
SPLINE
  5
F67
330
A02
100
AcDbEntity
  8
Shape2DView001
100
AcDbSpline
210
0
220
0
230
1
 70
8
 71
1
 72
4
 73
2
 74
0
 40
0.000000000
 40
0.000000000
 40
2.101040000
 40
2.101040000
 10
66.474453000
 20
135.574230000
 30
3.000000000
 10
66.474453000
 20
133.473190000
 30
3.000000000
  0
SPLINE
  5
F68
330
A02
100
AcDbEntity
  8
Shape2DView001
100
AcDbSpline
210
0
220
0
230
1
 70
8
 71
3
 72
8
 73
4
 74
0
 40
0.000000000
 40
0.000000000
 40
0.000000000
 40
0.000000000
 40
1.000000000
 40
1.000000000
 40
1.000000000
 40
1.000000000
 10
66.474453000
 20
133.473190000
 30
3.000000000
 10
66.474453000
 20
130.645940000
 30
3.000000000
 10
66.561753000
 20
130.312320000
 30
3.000000000
 10
67.331814000
 20
130.196850000
 30
3.000000000
  0
SPLINE
  5
F69
330
A02
100
AcDbEntity
  8
Shape2DView001
100
AcDbSpline
210
0
220
0
230
1
 70
8
 71
3
 72
8
 73
4
 74
0
 40
0.000000000
 40
0.000000000
 40
0.000000000
 40
0.000000000
 40
1.000000000
 40
1.000000000
 40
1.000000000
 40
1.000000000
 10
67.331814000
 20
130.196850000
 30
3.000000000
 10
67.626962000
 20
130.152550000
 30
3.000000000
 10
68.532202000
 20
130.315320000
 30
3.000000000
 10
68.650289000
 20
130.433870000
 30
3.000000000
  0
SPLINE
  5
F6A
330
A02
100
AcDbEntity
  8
Shape2DView001
100
AcDbSpline
210
0
220
0
230
1
 70
8
 71
3
 72
8
 73
4
 74
0
 40
0.000000000
 40
0.000000000
 40
0.000000000
 40
0.000000000
 40
1.000000000
 40
1.000000000
 40
1.000000000
 40
1.000000000
 10
68.650289000
 20
130.433870000
 30
3.000000000
 10
68.673189000
 20
130.456870000
 30
3.000000000
 10
68.679849000
 20
131.582990000
 30
3.000000000
 10
68.665089000
 20
132.936390000
 30
3.000000000
  0
SPLINE
  5
F6B
330
A02
100
AcDbEntity
  8
Shape2DView001
100
AcDbSpline
210
0
220
0
230
1
 70
8
 71
3
 72
8
 73
4
 74
0
 40
0.000000000
 40
0.000000000
 40
0.000000000
 40
0.000000000
 40
1.000000000
 40
1.000000000
 40
1.000000000
 40
1.000000000
 10
68.665089000
 20
132.936390000
 30
3.000000000
 10
68.640849000
 20
135.161700000
 30
3.000000000
 10
68.650339000
 20
135.409200000
 30
3.000000000
 10
68.764419000
 20
135.523270000
 30
3.000000000
  0
SPLINE
  5
F6C
330
A02
100
AcDbEntity
  8
Shape2DView001
100
AcDbSpline
210
0
220
0
230
1
 70
8
 71
3
 72
8
 73
4
 74
0
 40
0.000000000
 40
0.000000000
 40
0.000000000
 40
0.000000000
 40
1.000000000
 40
1.000000000
 40
1.000000000
 40
1.000000000
 10
68.764419000
 20
135.523270000
 30
3.000000000
 10
68.833789000
 20
135.592670000
 30
3.000000000
 10
68.981162000
 20
135.643200000
 30
3.000000000
 10
69.091898000
 20
135.635620000
 30
3.000000000
  0
SPLINE
  5
F6D
330
A02
100
AcDbEntity
  8
Shape2DView001
100
AcDbSpline
210
0
220
0
230
1
 70
8
 71
3
 72
8
 73
4
 74
0
 40
0.000000000
 40
0.000000000
 40
0.000000000
 40
0.000000000
 40
1.000000000
 40
1.000000000
 40
1.000000000
 40
1.000000000
 10
69.091898000
 20
135.635620000
 30
3.000000000
 10
69.202638000
 20
135.627620000
 30
3.000000000
 10
69.563848000
 20
135.602620000
 30
3.000000000
 10
69.894589000
 20
135.579220000
 30
3.000000000
  0
SPLINE
  5
F6E
330
A02
100
AcDbEntity
  8
Shape2DView001
100
AcDbSpline
210
0
220
0
230
1
 70
8
 71
1
 72
4
 73
2
 74
0
 40
0.000000000
 40
0.000000000
 40
0.000031623
 40
0.000031623
 10
69.894589000
 20
135.579220000
 30
3.000000000
 10
69.894619000
 20
135.579230000
 30
3.000000000
  0
SPLINE
  5
F6F
330
A02
100
AcDbEntity
  8
Shape2DView001
100
AcDbSpline
210
0
220
0
230
1
 70
8
 71
1
 72
4
 73
2
 74
0
 40
0.000000000
 40
0.000000000
 40
4.815680000
 40
4.815680000
 10
51.741506000
 20
130.763460000
 30
3.000000000
 10
51.741506000
 20
125.947780000
 30
3.000000000
  0
SPLINE
  5
F70
330
A02
100
AcDbEntity
  8
Shape2DView001
100
AcDbSpline
210
0
220
0
230
1
 70
8
 71
1
 72
4
 73
2
 74
0
 40
0.000000000
 40
0.000000000
 40
0.845904211
 40
0.845904211
 10
51.741506000
 20
125.947780000
 30
3.000000000
 10
50.895870000
 20
125.969080000
 30
3.000000000
  0
SPLINE
  5
F71
330
A02
100
AcDbEntity
  8
Shape2DView001
100
AcDbSpline
210
0
220
0
230
1
 70
8
 71
1
 72
4
 73
2
 74
0
 40
0.000000000
 40
0.000000000
 40
0.845915208
 40
0.845915208
 10
50.895870000
 20
125.969080000
 30
3.000000000
 10
50.050223000
 20
125.990380000
 30
3.000000000
  0
SPLINE
  5
F72
330
A02
100
AcDbEntity
  8
Shape2DView001
100
AcDbSpline
210
0
220
0
230
1
 70
8
 71
1
 72
4
 73
2
 74
0
 40
0.000000000
 40
0.000000000
 40
2.725651265
 40
2.725651265
 10
50.050223000
 20
125.990380000
 30
3.000000000
 10
50.030513000
 20
128.715960000
 30
3.000000000
  0
SPLINE
  5
F73
330
A02
100
AcDbEntity
  8
Shape2DView001
100
AcDbSpline
210
0
220
0
230
1
 70
8
 71
1
 72
4
 73
2
 74
0
 40
0.000000000
 40
0.000000000
 40
2.725651627
 40
2.725651627
 10
50.030513000
 20
128.715960000
 30
3.000000000
 10
50.010753000
 20
131.441540000
 30
3.000000000
  0
SPLINE
  5
F74
330
A02
100
AcDbEntity
  8
Shape2DView001
100
AcDbSpline
210
0
220
0
230
1
 70
8
 71
1
 72
4
 73
2
 74
0
 40
0.000000000
 40
0.000000000
 40
0.322210333
 40
0.322210333
 10
50.010753000
 20
131.441540000
 30
3.000000000
 10
49.692229000
 20
131.392940000
 30
3.000000000
  0
SPLINE
  5
F75
330
A02
100
AcDbEntity
  8
Shape2DView001
100
AcDbSpline
210
0
220
0
230
1
 70
8
 71
3
 72
8
 73
4
 74
0
 40
0.000000000
 40
0.000000000
 40
0.000000000
 40
0.000000000
 40
1.000000000
 40
1.000000000
 40
1.000000000
 40
1.000000000
 10
49.692229000
 20
131.392940000
 30
3.000000000
 10
49.517041000
 20
131.366240000
 30
3.000000000
 10
49.337008000
 20
131.315640000
 30
3.000000000
 10
49.292153000
 20
131.280550000
 30
3.000000000
  0
SPLINE
  5
F76
330
A02
100
AcDbEntity
  8
Shape2DView001
100
AcDbSpline
210
0
220
0
230
1
 70
8
 71
3
 72
8
 73
4
 74
0
 40
0.000000000
 40
0.000000000
 40
0.000000000
 40
0.000000000
 40
1.000000000
 40
1.000000000
 40
1.000000000
 40
1.000000000
 10
49.292153000
 20
131.280550000
 30
3.000000000
 10
49.247273000
 20
131.245450000
 30
3.000000000
 10
48.930998000
 20
130.672660000
 30
3.000000000
 10
48.589256000
 20
130.007680000
 30
3.000000000
  0
SPLINE
  5
F77
330
A02
100
AcDbEntity
  8
Shape2DView001
100
AcDbSpline
210
0
220
0
230
1
 70
8
 71
3
 72
8
 73
4
 74
0
 40
0.000000000
 40
0.000000000
 40
0.000000000
 40
0.000000000
 40
1.000000000
 40
1.000000000
 40
1.000000000
 40
1.000000000
 10
48.589256000
 20
130.007680000
 30
3.000000000
 10
48.247520000
 20
129.342690000
 30
3.000000000
 10
47.927258000
 20
128.783020000
 30
3.000000000
 10
47.877569000
 20
128.763950000
 30
3.000000000
  0
SPLINE
  5
F78
330
A02
100
AcDbEntity
  8
Shape2DView001
100
AcDbSpline
210
0
220
0
230
1
 70
8
 71
3
 72
8
 73
4
 74
0
 40
0.000000000
 40
0.000000000
 40
0.000000000
 40
0.000000000
 40
1.000000000
 40
1.000000000
 40
1.000000000
 40
1.000000000
 10
47.877569000
 20
128.763950000
 30
3.000000000
 10
47.827879000
 20
128.744850000
 30
3.000000000
 10
47.359784000
 20
128.738850000
 30
3.000000000
 10
46.837370000
 20
128.750450000
 30
3.000000000
  0
SPLINE
  5
F79
330
A02
100
AcDbEntity
  8
Shape2DView001
100
AcDbSpline
210
0
220
0
230
1
 70
8
 71
1
 72
4
 73
2
 74
0
 40
0.000000000
 40
0.000000000
 40
0.950091554
 40
0.950091554
 10
46.837370000
 20
128.750450000
 30
3.000000000
 10
45.887515000
 20
128.771650000
 30
3.000000000
  0
SPLINE
  5
F7A
330
A02
100
AcDbEntity
  8
Shape2DView001
100
AcDbSpline
210
0
220
0
230
1
 70
8
 71
1
 72
4
 73
2
 74
0
 40
0.000000000
 40
0.000000000
 40
1.777939586
 40
1.777939586
 10
45.887515000
 20
128.771650000
 30
3.000000000
 10
46.747383000
 20
130.327830000
 30
3.000000000
  0
SPLINE
  5
F7B
330
A02
100
AcDbEntity
  8
Shape2DView001
100
AcDbSpline
210
0
220
0
230
1
 70
8
 71
3
 72
8
 73
4
 74
0
 40
0.000000000
 40
0.000000000
 40
0.000000000
 40
0.000000000
 40
1.000000000
 40
1.000000000
 40
1.000000000
 40
1.000000000
 10
46.747383000
 20
130.327830000
 30
3.000000000
 10
47.220308000
 20
131.183720000
 30
3.000000000
 10
47.607251000
 20
131.919980000
 30
3.000000000
 10
47.607251000
 20
131.963940000
 30
3.000000000
  0
SPLINE
  5
F7C
330
A02
100
AcDbEntity
  8
Shape2DView001
100
AcDbSpline
210
0
220
0
230
1
 70
8
 71
3
 72
8
 73
4
 74
0
 40
0.000000000
 40
0.000000000
 40
0.000000000
 40
0.000000000
 40
1.000000000
 40
1.000000000
 40
1.000000000
 40
1.000000000
 10
47.607251000
 20
131.963940000
 30
3.000000000
 10
47.607251000
 20
132.007940000
 30
3.000000000
 10
47.235941000
 20
132.753180000
 30
3.000000000
 10
46.782115000
 20
133.620090000
 30
3.000000000
  0
SPLINE
  5
F7D
330
A02
100
AcDbEntity
  8
Shape2DView001
100
AcDbSpline
210
0
220
0
230
1
 70
8
 71
3
 72
8
 73
4
 74
0
 40
0.000000000
 40
0.000000000
 40
0.000000000
 40
0.000000000
 40
1.000000000
 40
1.000000000
 40
1.000000000
 40
1.000000000
 10
46.782115000
 20
133.620090000
 30
3.000000000
 10
46.328289000
 20
134.487000000
 30
3.000000000
 10
45.935375000
 20
135.282370000
 30
3.000000000
 10
45.908968000
 20
135.387580000
 30
3.000000000
  0
SPLINE
  5
F7E
330
A02
100
AcDbEntity
  8
Shape2DView001
100
AcDbSpline
210
0
220
0
230
1
 70
8
 71
1
 72
4
 73
2
 74
0
 40
0.000000000
 40
0.000000000
 40
0.197215514
 40
0.197215514
 10
45.908968000
 20
135.387580000
 30
3.000000000
 10
45.860948000
 20
135.578860000
 30
3.000000000
  0
SPLINE
  5
F7F
330
A02
100
AcDbEntity
  8
Shape2DView001
100
AcDbSpline
210
0
220
0
230
1
 70
8
 71
1
 72
4
 73
2
 74
0
 40
0.000000000
 40
0.000000000
 40
0.993373996
 40
0.993373996
 10
45.860948000
 20
135.578860000
 30
3.000000000
 10
46.854100000
 20
135.557860000
 30
3.000000000
  0
SPLINE
  5
F80
330
A02
100
AcDbEntity
  8
Shape2DView001
100
AcDbSpline
210
0
220
0
230
1
 70
8
 71
1
 72
4
 73
2
 74
0
 40
0.000000000
 40
0.000000000
 40
0.993377995
 40
0.993377995
 10
46.854100000
 20
135.557860000
 30
3.000000000
 10
47.847256000
 20
135.536860000
 30
3.000000000
  0
SPLINE
  5
F81
330
A02
100
AcDbEntity
  8
Shape2DView001
100
AcDbSpline
210
0
220
0
230
1
 70
8
 71
1
 72
4
 73
2
 74
0
 40
0.000000000
 40
0.000000000
 40
1.439950366
 40
1.439950366
 10
47.847256000
 20
135.536860000
 30
3.000000000
 10
48.510981000
 20
134.259000000
 30
3.000000000
  0
SPLINE
  5
F82
330
A02
100
AcDbEntity
  8
Shape2DView001
100
AcDbSpline
210
0
220
0
230
1
 70
8
 71
3
 72
8
 73
4
 74
0
 40
0.000000000
 40
0.000000000
 40
0.000000000
 40
0.000000000
 40
1.000000000
 40
1.000000000
 40
1.000000000
 40
1.000000000
 10
48.510981000
 20
134.259000000
 30
3.000000000
 10
49.144840000
 20
133.038650000
 30
3.000000000
 10
49.185576000
 20
132.980050000
 30
3.000000000
 10
49.416149000
 20
132.956810000
 30
3.000000000
  0
SPLINE
  5
F83
330
A02
100
AcDbEntity
  8
Shape2DView001
100
AcDbSpline
210
0
220
0
230
1
 70
8
 71
3
 72
8
 73
4
 74
0
 40
0.000000000
 40
0.000000000
 40
0.000000000
 40
0.000000000
 40
1.000000000
 40
1.000000000
 40
1.000000000
 40
1.000000000
 10
49.416149000
 20
132.956810000
 30
3.000000000
 10
49.548934000
 20
132.943410000
 30
3.000000000
 10
49.736648000
 20
132.952810000
 30
3.000000000
 10
49.833288000
 20
132.976610000
 30
3.000000000
  0
SPLINE
  5
F84
330
A02
100
AcDbEntity
  8
Shape2DView001
100
AcDbSpline
210
0
220
0
230
1
 70
8
 71
3
 72
8
 73
4
 74
0
 40
0.000000000
 40
0.000000000
 40
0.000000000
 40
0.000000000
 40
1.000000000
 40
1.000000000
 40
1.000000000
 40
1.000000000
 10
49.833288000
 20
132.976610000
 30
3.000000000
 10
50.007626000
 20
133.020310000
 30
3.000000000
 10
50.009153000
 20
133.030510000
 30
3.000000000
 10
50.029599000
 20
134.278800000
 30
3.000000000
  0
SPLINE
  5
F85
330
A02
100
AcDbEntity
  8
Shape2DView001
100
AcDbSpline
210
0
220
0
230
1
 70
8
 71
1
 72
4
 73
2
 74
0
 40
0.000000000
 40
0.000000000
 40
1.258258150
 40
1.258258150
 10
50.029599000
 20
134.278800000
 30
3.000000000
 10
50.050169000
 20
135.536890000
 30
3.000000000
  0
SPLINE
  5
F86
330
A02
100
AcDbEntity
  8
Shape2DView001
100
AcDbSpline
210
0
220
0
230
1
 70
8
 71
1
 72
4
 73
2
 74
0
 40
0.000000000
 40
0.000000000
 40
0.845910209
 40
0.845910209
 10
50.050169000
 20
135.536890000
 30
3.000000000
 10
50.895811000
 20
135.558190000
 30
3.000000000
  0
SPLINE
  5
F87
330
A02
100
AcDbEntity
  8
Shape2DView001
100
AcDbSpline
210
0
220
0
230
1
 70
8
 71
1
 72
4
 73
2
 74
0
 40
0.000000000
 40
0.000000000
 40
0.845910209
 40
0.845910209
 10
50.895811000
 20
135.558190000
 30
3.000000000
 10
51.741453000
 20
135.579490000
 30
3.000000000
  0
SPLINE
  5
F88
330
A02
100
AcDbEntity
  8
Shape2DView001
100
AcDbSpline
210
0
220
0
230
1
 70
8
 71
1
 72
4
 73
2
 74
0
 40
0.000000000
 40
0.000000000
 40
4.816030000
 40
4.816030000
 10
51.741453000
 20
135.579490000
 30
3.000000000
 10
51.741506000
 20
130.763460000
 30
3.000000000
  0
SPLINE
  5
F89
330
A02
100
AcDbEntity
  8
Shape2DView001
100
AcDbSpline
210
0
220
0
230
1
 70
8
 71
3
 72
8
 73
4
 74
0
 40
0.000000000
 40
0.000000000
 40
0.000000000
 40
0.000000000
 40
1.000000000
 40
1.000000000
 40
1.000000000
 40
1.000000000
 10
37.785280000
 20
135.524110000
 30
3.000000000
 10
37.812880000
 20
135.496510000
 30
3.000000000
 10
37.835380000
 20
135.006080000
 30
3.000000000
 10
37.835380000
 20
134.434180000
 30
3.000000000
  0
SPLINE
  5
F8A
330
A02
100
AcDbEntity
  8
Shape2DView001
100
AcDbSpline
210
0
220
0
230
1
 70
8
 71
1
 72
4
 73
2
 74
0
 40
0.000000000
 40
0.000000000
 40
1.039830000
 40
1.039830000
 10
37.835380000
 20
134.434180000
 30
3.000000000
 10
37.835380000
 20
133.394350000
 30
3.000000000
  0
SPLINE
  5
F8B
330
A02
100
AcDbEntity
  8
Shape2DView001
100
AcDbSpline
210
0
220
0
230
1
 70
8
 71
1
 72
4
 73
2
 74
0
 40
0.000000000
 40
0.000000000
 40
0.939600000
 40
0.939600000
 10
37.835380000
 20
133.394350000
 30
3.000000000
 10
36.895780000
 20
133.394350000
 30
3.000000000
  0
SPLINE
  5
F8C
330
A02
100
AcDbEntity
  8
Shape2DView001
100
AcDbSpline
210
0
220
0
230
1
 70
8
 71
1
 72
4
 73
2
 74
0
 40
0.000000000
 40
0.000000000
 40
0.939600000
 40
0.939600000
 10
36.895780000
 20
133.394350000
 30
3.000000000
 10
35.956180000
 20
133.394350000
 30
3.000000000
  0
SPLINE
  5
F8D
330
A02
100
AcDbEntity
  8
Shape2DView001
100
AcDbSpline
210
0
220
0
230
1
 70
8
 71
1
 72
4
 73
2
 74
0
 40
0.000000000
 40
0.000000000
 40
1.089930000
 40
1.089930000
 10
35.956180000
 20
133.394350000
 30
3.000000000
 10
35.956180000
 20
134.484280000
 30
3.000000000
  0
SPLINE
  5
F8E
330
A02
100
AcDbEntity
  8
Shape2DView001
100
AcDbSpline
210
0
220
0
230
1
 70
8
 71
1
 72
4
 73
2
 74
0
 40
0.000000000
 40
0.000000000
 40
1.089940000
 40
1.089940000
 10
35.956180000
 20
134.484280000
 30
3.000000000
 10
35.956180000
 20
135.574220000
 30
3.000000000
  0
SPLINE
  5
F8F
330
A02
100
AcDbEntity
  8
Shape2DView001
100
AcDbSpline
210
0
220
0
230
1
 70
8
 71
1
 72
4
 73
2
 74
0
 40
0.000000000
 40
0.000000000
 40
0.889490000
 40
0.889490000
 10
35.956180000
 20
135.574220000
 30
3.000000000
 10
36.845670000
 20
135.574220000
 30
3.000000000
  0
SPLINE
  5
F90
330
A02
100
AcDbEntity
  8
Shape2DView001
100
AcDbSpline
210
0
220
0
230
1
 70
8
 71
3
 72
8
 73
4
 74
0
 40
0.000000000
 40
0.000000000
 40
0.000000000
 40
0.000000000
 40
1.000000000
 40
1.000000000
 40
1.000000000
 40
1.000000000
 10
36.845670000
 20
135.574220000
 30
3.000000000
 10
37.334890000
 20
135.574220000
 30
3.000000000
 10
37.757710000
 20
135.551620000
 30
3.000000000
 10
37.785270000
 20
135.524120000
 30
3.000000000
  0
SPLINE
  5
F91
330
A02
100
AcDbEntity
  8
Shape2DView001
100
AcDbSpline
210
0
220
0
230
1
 70
8
 71
1
 72
4
 73
2
 74
0
 40
0.000000000
 40
0.000000000
 40
0.000014142
 40
0.000014142
 10
37.785270000
 20
135.524120000
 30
3.000000000
 10
37.785280000
 20
135.524110000
 30
3.000000000
  0
SPLINE
  5
F92
330
A02
100
AcDbEntity
  8
Shape2DView001
100
AcDbSpline
210
0
220
0
230
1
 70
8
 71
3
 72
8
 73
4
 74
0
 40
0.000000000
 40
0.000000000
 40
0.000000000
 40
0.000000000
 40
1.000000000
 40
1.000000000
 40
1.000000000
 40
1.000000000
 10
60.085456000
 20
130.800710000
 30
3.000000000
 10
60.257141000
 20
130.593840000
 30
3.000000000
 10
60.314131000
 20
129.525090000
 30
3.000000000
 10
60.191096000
 20
128.819560000
 30
3.000000000
  0
SPLINE
  5
F93
330
A02
100
AcDbEntity
  8
Shape2DView001
100
AcDbSpline
210
0
220
0
230
1
 70
8
 71
3
 72
8
 73
4
 74
0
 40
0.000000000
 40
0.000000000
 40
0.000000000
 40
0.000000000
 40
1.000000000
 40
1.000000000
 40
1.000000000
 40
1.000000000
 10
60.191096000
 20
128.819560000
 30
3.000000000
 10
60.023477000
 20
127.858350000
 30
3.000000000
 10
59.575088000
 20
127.158310000
 30
3.000000000
 10
58.793772000
 20
126.637990000
 30
3.000000000
  0
SPLINE
  5
F94
330
A02
100
AcDbEntity
  8
Shape2DView001
100
AcDbSpline
210
0
220
0
230
1
 70
8
 71
3
 72
8
 73
4
 74
0
 40
0.000000000
 40
0.000000000
 40
0.000000000
 40
0.000000000
 40
1.000000000
 40
1.000000000
 40
1.000000000
 40
1.000000000
 10
58.793772000
 20
126.637990000
 30
3.000000000
 10
58.411717000
 20
126.383560000
 30
3.000000000
 10
58.284480000
 20
126.355260000
 30
3.000000000
 10
58.145836000
 20
126.493910000
 30
3.000000000
  0
SPLINE
  5
F95
330
A02
100
AcDbEntity
  8
Shape2DView001
100
AcDbSpline
210
0
220
0
230
1
 70
8
 71
3
 72
8
 73
4
 74
0
 40
0.000000000
 40
0.000000000
 40
0.000000000
 40
0.000000000
 40
1.000000000
 40
1.000000000
 40
1.000000000
 40
1.000000000
 10
58.145836000
 20
126.493910000
 30
3.000000000
 10
57.955103000
 20
126.684640000
 30
3.000000000
 10
58.049306000
 20
126.904040000
 30
3.000000000
 10
58.450266000
 20
127.202940000
 30
3.000000000
  0
SPLINE
  5
F96
330
A02
100
AcDbEntity
  8
Shape2DView001
100
AcDbSpline
210
0
220
0
230
1
 70
8
 71
3
 72
8
 73
4
 74
0
 40
0.000000000
 40
0.000000000
 40
0.000000000
 40
0.000000000
 40
1.000000000
 40
1.000000000
 40
1.000000000
 40
1.000000000
 10
58.450266000
 20
127.202940000
 30
3.000000000
 10
58.885878000
 20
127.527680000
 30
3.000000000
 10
59.274765000
 20
128.107390000
 30
3.000000000
 10
59.448612000
 20
128.691190000
 30
3.000000000
  0
SPLINE
  5
F97
330
A02
100
AcDbEntity
  8
Shape2DView001
100
AcDbSpline
210
0
220
0
230
1
 70
8
 71
3
 72
8
 73
4
 74
0
 40
0.000000000
 40
0.000000000
 40
0.000000000
 40
0.000000000
 40
1.000000000
 40
1.000000000
 40
1.000000000
 40
1.000000000
 10
59.448612000
 20
128.691190000
 30
3.000000000
 10
59.516832000
 20
128.920300000
 30
3.000000000
 10
59.558996000
 20
129.381100000
 30
3.000000000
 10
59.558996000
 20
129.897640000
 30
3.000000000
  0
SPLINE
  5
F98
330
A02
100
AcDbEntity
  8
Shape2DView001
100
AcDbSpline
210
0
220
0
230
1
 70
8
 71
3
 72
8
 73
4
 74
0
 40
0.000000000
 40
0.000000000
 40
0.000000000
 40
0.000000000
 40
1.000000000
 40
1.000000000
 40
1.000000000
 40
1.000000000
 10
59.558996000
 20
129.897640000
 30
3.000000000
 10
59.558996000
 20
130.752760000
 30
3.000000000
 10
59.607566000
 20
130.913800000
 30
3.000000000
 10
59.865500000
 20
130.913800000
 30
3.000000000
  0
SPLINE
  5
F99
330
A02
100
AcDbEntity
  8
Shape2DView001
100
AcDbSpline
210
0
220
0
230
1
 70
8
 71
3
 72
8
 73
4
 74
0
 40
0.000000000
 40
0.000000000
 40
0.000000000
 40
0.000000000
 40
1.000000000
 40
1.000000000
 40
1.000000000
 40
1.000000000
 10
59.865500000
 20
130.913800000
 30
3.000000000
 10
59.934860000
 20
130.913800000
 30
3.000000000
 10
60.033835000
 20
130.862900000
 30
3.000000000
 10
60.085456000
 20
130.800710000
 30
3.000000000
  0
SPLINE
  5
F9A
330
A02
100
AcDbEntity
  8
Shape2DView001
100
AcDbSpline
210
0
220
0
230
1
 70
8
 71
3
 72
8
 73
4
 74
0
 40
0.000000000
 40
0.000000000
 40
0.000000000
 40
0.000000000
 40
1.000000000
 40
1.000000000
 40
1.000000000
 40
1.000000000
 10
52.863561000
 20
130.807710000
 30
3.000000000
 10
52.923841000
 20
130.735110000
 30
3.000000000
 10
52.936191000
 20
130.527370000
 30
3.000000000
 10
52.902701000
 20
130.149990000
 30
3.000000000
  0
SPLINE
  5
F9B
330
A02
100
AcDbEntity
  8
Shape2DView001
100
AcDbSpline
210
0
220
0
230
1
 70
8
 71
3
 72
8
 73
4
 74
0
 40
0.000000000
 40
0.000000000
 40
0.000000000
 40
0.000000000
 40
1.000000000
 40
1.000000000
 40
1.000000000
 40
1.000000000
 10
52.902701000
 20
130.149990000
 30
3.000000000
 10
52.814141000
 20
129.152940000
 30
3.000000000
 10
53.250866000
 20
127.800110000
 30
3.000000000
 10
53.782429000
 20
127.424910000
 30
3.000000000
  0
SPLINE
  5
F9C
330
A02
100
AcDbEntity
  8
Shape2DView001
100
AcDbSpline
210
0
220
0
230
1
 70
8
 71
3
 72
8
 73
4
 74
0
 40
0.000000000
 40
0.000000000
 40
0.000000000
 40
0.000000000
 40
1.000000000
 40
1.000000000
 40
1.000000000
 40
1.000000000
 10
53.782429000
 20
127.424910000
 30
3.000000000
 10
53.879539000
 20
127.356310000
 30
3.000000000
 10
54.077152000
 20
127.224220000
 30
3.000000000
 10
54.221566000
 20
127.131260000
 30
3.000000000
  0
SPLINE
  5
F9D
330
A02
100
AcDbEntity
  8
Shape2DView001
100
AcDbSpline
210
0
220
0
230
1
 70
8
 71
3
 72
8
 73
4
 74
0
 40
0.000000000
 40
0.000000000
 40
0.000000000
 40
0.000000000
 40
1.000000000
 40
1.000000000
 40
1.000000000
 40
1.000000000
 10
54.221566000
 20
127.131260000
 30
3.000000000
 10
54.529325000
 20
126.933160000
 30
3.000000000
 10
54.587044000
 20
126.749740000
 30
3.000000000
 10
54.404944000
 20
126.548520000
 30
3.000000000
  0
SPLINE
  5
F9E
330
A02
100
AcDbEntity
  8
Shape2DView001
100
AcDbSpline
210
0
220
0
230
1
 70
8
 71
3
 72
8
 73
4
 74
0
 40
0.000000000
 40
0.000000000
 40
0.000000000
 40
0.000000000
 40
1.000000000
 40
1.000000000
 40
1.000000000
 40
1.000000000
 10
54.404944000
 20
126.548520000
 30
3.000000000
 10
54.221120000
 20
126.345400000
 30
3.000000000
 10
54.028806000
 20
126.367420000
 30
3.000000000
 10
53.603548000
 20
126.640320000
 30
3.000000000
  0
SPLINE
  5
F9F
330
A02
100
AcDbEntity
  8
Shape2DView001
100
AcDbSpline
210
0
220
0
230
1
 70
8
 71
3
 72
8
 73
4
 74
0
 40
0.000000000
 40
0.000000000
 40
0.000000000
 40
0.000000000
 40
1.000000000
 40
1.000000000
 40
1.000000000
 40
1.000000000
 10
53.603548000
 20
126.640320000
 30
3.000000000
 10
53.116342000
 20
126.952960000
 30
3.000000000
 10
52.777224000
 20
127.411710000
 30
3.000000000
 10
52.481030000
 20
128.158830000
 30
3.000000000
  0
SPLINE
  5
FA0
330
A02
100
AcDbEntity
  8
Shape2DView001
100
AcDbSpline
210
0
220
0
230
1
 70
8
 71
3
 72
8
 73
4
 74
0
 40
0.000000000
 40
0.000000000
 40
0.000000000
 40
0.000000000
 40
1.000000000
 40
1.000000000
 40
1.000000000
 40
1.000000000
 10
52.481030000
 20
128.158830000
 30
3.000000000
 10
52.256109000
 20
128.726180000
 30
3.000000000
 10
52.237812000
 20
128.838420000
 30
3.000000000
 10
52.234120000
 20
129.673600000
 30
3.000000000
  0
SPLINE
  5
FA1
330
A02
100
AcDbEntity
  8
Shape2DView001
100
AcDbSpline
210
0
220
0
230
1
 70
8
 71
3
 72
8
 73
4
 74
0
 40
0.000000000
 40
0.000000000
 40
0.000000000
 40
0.000000000
 40
1.000000000
 40
1.000000000
 40
1.000000000
 40
1.000000000
 10
52.234120000
 20
129.673600000
 30
3.000000000
 10
52.229820000
 20
130.665550000
 30
3.000000000
 10
52.302870000
 20
130.913870000
 30
3.000000000
 10
52.599410000
 20
130.913870000
 30
3.000000000
  0
SPLINE
  5
FA2
330
A02
100
AcDbEntity
  8
Shape2DView001
100
AcDbSpline
210
0
220
0
230
1
 70
8
 71
3
 72
8
 73
4
 74
0
 40
0.000000000
 40
0.000000000
 40
0.000000000
 40
0.000000000
 40
1.000000000
 40
1.000000000
 40
1.000000000
 40
1.000000000
 10
52.599410000
 20
130.913870000
 30
3.000000000
 10
52.696250000
 20
130.913870000
 30
3.000000000
 10
52.815129000
 20
130.866170000
 30
3.000000000
 10
52.863589000
 20
130.807720000
 30
3.000000000
  0
SPLINE
  5
FA3
330
A02
100
AcDbEntity
  8
Shape2DView001
100
AcDbSpline
210
0
220
0
230
1
 70
8
 71
1
 72
4
 73
2
 74
0
 40
0.000000000
 40
0.000000000
 40
0.000029732
 40
0.000029732
 10
52.863589000
 20
130.807720000
 30
3.000000000
 10
52.863561000
 20
130.807710000
 30
3.000000000
  0
SPLINE
  5
FA4
330
A02
100
AcDbEntity
  8
Shape2DView001
100
AcDbSpline
210
0
220
0
230
1
 70
8
 71
3
 72
8
 73
4
 74
0
 40
0.000000000
 40
0.000000000
 40
0.000000000
 40
0.000000000
 40
1.000000000
 40
1.000000000
 40
1.000000000
 40
1.000000000
 10
57.207419000
 20
127.665130000
 30
3.000000000
 10
57.249229000
 20
127.612230000
 30
3.000000000
 10
57.306659000
 20
127.416950000
 30
3.000000000
 10
57.335065000
 20
127.231260000
 30
3.000000000
  0
SPLINE
  5
FA5
330
A02
100
AcDbEntity
  8
Shape2DView001
100
AcDbSpline
210
0
220
0
230
1
 70
8
 71
3
 72
8
 73
4
 74
0
 40
0.000000000
 40
0.000000000
 40
0.000000000
 40
0.000000000
 40
1.000000000
 40
1.000000000
 40
1.000000000
 40
1.000000000
 10
57.335065000
 20
127.231260000
 30
3.000000000
 10
57.406275000
 20
126.765670000
 30
3.000000000
 10
57.658886000
 20
126.289820000
 30
3.000000000
 10
57.997002000
 20
125.984350000
 30
3.000000000
  0
SPLINE
  5
FA6
330
A02
100
AcDbEntity
  8
Shape2DView001
100
AcDbSpline
210
0
220
0
230
1
 70
8
 71
3
 72
8
 73
4
 74
0
 40
0.000000000
 40
0.000000000
 40
0.000000000
 40
0.000000000
 40
1.000000000
 40
1.000000000
 40
1.000000000
 40
1.000000000
 10
57.997002000
 20
125.984350000
 30
3.000000000
 10
58.278176000
 20
125.730330000
 30
3.000000000
 10
58.289952000
 20
125.727260000
 30
3.000000000
 10
58.983801000
 20
125.727260000
 30
3.000000000
  0
SPLINE
  5
FA7
330
A02
100
AcDbEntity
  8
Shape2DView001
100
AcDbSpline
210
0
220
0
230
1
 70
8
 71
3
 72
8
 73
4
 74
0
 40
0.000000000
 40
0.000000000
 40
0.000000000
 40
0.000000000
 40
1.000000000
 40
1.000000000
 40
1.000000000
 40
1.000000000
 10
58.983801000
 20
125.727260000
 30
3.000000000
 10
59.590571000
 20
125.727260000
 30
3.000000000
 10
59.704529000
 20
125.747760000
 30
3.000000000
 10
59.822087000
 20
125.877600000
 30
3.000000000
  0
SPLINE
  5
FA8
330
A02
100
AcDbEntity
  8
Shape2DView001
100
AcDbSpline
210
0
220
0
230
1
 70
8
 71
2
 72
6
 73
3
 74
0
 40
0.000000000
 40
0.000000000
 40
0.000000000
 40
1.000000000
 40
1.000000000
 40
1.000000000
 10
59.822087000
 20
125.877600000
 30
3.000000000
 10
60.100668000
 20
126.181865000
 30
3.000000000
 10
60.374818000
 20
125.836900000
 30
3.000000000
  0
SPLINE
  5
FA9
330
A02
100
AcDbEntity
  8
Shape2DView001
100
AcDbSpline
210
0
220
0
230
1
 70
8
 71
3
 72
8
 73
4
 74
0
 40
0.000000000
 40
0.000000000
 40
0.000000000
 40
0.000000000
 40
1.000000000
 40
1.000000000
 40
1.000000000
 40
1.000000000
 10
60.374818000
 20
125.836900000
 30
3.000000000
 10
60.636221000
 20
125.504580000
 30
3.000000000
 10
60.782331000
 20
124.500050000
 30
3.000000000
 10
60.596317000
 20
124.314040000
 30
3.000000000
  0
SPLINE
  5
FAA
330
A02
100
AcDbEntity
  8
Shape2DView001
100
AcDbSpline
210
0
220
0
230
1
 70
8
 71
3
 72
8
 73
4
 74
0
 40
0.000000000
 40
0.000000000
 40
0.000000000
 40
0.000000000
 40
1.000000000
 40
1.000000000
 40
1.000000000
 40
1.000000000
 10
60.596317000
 20
124.314040000
 30
3.000000000
 10
60.502387000
 20
124.220140000
 30
3.000000000
 10
59.884649000
 20
124.190120000
 30
3.000000000
 10
59.677898000
 20
124.269440000
 30
3.000000000
  0
SPLINE
  5
FAB
330
A02
100
AcDbEntity
  8
Shape2DView001
100
AcDbSpline
210
0
220
0
230
1
 70
8
 71
2
 72
6
 73
3
 74
0
 40
0.000000000
 40
0.000000000
 40
0.000000000
 40
1.000000000
 40
1.000000000
 40
1.000000000
 10
59.677898000
 20
124.269440000
 30
3.000000000
 10
59.557532000
 20
124.311912500
 30
3.000000000
 10
59.558996000
 20
124.618220000
 30
3.000000000
  0
SPLINE
  5
FAC
330
A02
100
AcDbEntity
  8
Shape2DView001
100
AcDbSpline
210
0
220
0
230
1
 70
8
 71
1
 72
4
 73
2
 74
0
 40
0.000000000
 40
0.000000000
 40
0.303150000
 40
0.303150000
 10
59.558996000
 20
124.618220000
 30
3.000000000
 10
59.558996000
 20
124.921370000
 30
3.000000000
  0
SPLINE
  5
FAD
330
A02
100
AcDbEntity
  8
Shape2DView001
100
AcDbSpline
210
0
220
0
230
1
 70
8
 71
1
 72
4
 73
2
 74
0
 40
0.000000000
 40
0.000000000
 40
0.410864930
 40
0.410864930
 10
59.558996000
 20
124.921370000
 30
3.000000000
 10
59.150304000
 20
124.879170000
 30
3.000000000
  0
SPLINE
  5
FAE
330
A02
100
AcDbEntity
  8
Shape2DView001
100
AcDbSpline
210
0
220
0
230
1
 70
8
 71
3
 72
8
 73
4
 74
0
 40
0.000000000
 40
0.000000000
 40
0.000000000
 40
0.000000000
 40
1.000000000
 40
1.000000000
 40
1.000000000
 40
1.000000000
 10
59.150304000
 20
124.879170000
 30
3.000000000
 10
58.925521000
 20
124.855970000
 30
3.000000000
 10
58.443505000
 20
124.712410000
 30
3.000000000
 10
58.079155000
 20
124.560160000
 30
3.000000000
  0
SPLINE
  5
FAF
330
A02
100
AcDbEntity
  8
Shape2DView001
100
AcDbSpline
210
0
220
0
230
1
 70
8
 71
3
 72
8
 73
4
 74
0
 40
0.000000000
 40
0.000000000
 40
0.000000000
 40
0.000000000
 40
1.000000000
 40
1.000000000
 40
1.000000000
 40
1.000000000
 10
58.079155000
 20
124.560160000
 30
3.000000000
 10
57.459913000
 20
124.301380000
 30
3.000000000
 10
57.352970000
 20
124.280880000
 30
3.000000000
 10
56.439519000
 20
124.245840000
 30
3.000000000
  0
SPLINE
  5
FB0
330
A02
100
AcDbEntity
  8
Shape2DView001
100
AcDbSpline
210
0
220
0
230
1
 70
8
 71
3
 72
8
 73
4
 74
0
 40
0.000000000
 40
0.000000000
 40
0.000000000
 40
0.000000000
 40
1.000000000
 40
1.000000000
 40
1.000000000
 40
1.000000000
 10
56.439519000
 20
124.245840000
 30
3.000000000
 10
55.631749000
 20
124.214840000
 30
3.000000000
 10
55.403687000
 20
124.230740000
 30
3.000000000
 10
55.124076000
 20
124.337840000
 30
3.000000000
  0
SPLINE
  5
FB1
330
A02
100
AcDbEntity
  8
Shape2DView001
100
AcDbSpline
210
0
220
0
230
1
 70
8
 71
3
 72
8
 73
4
 74
0
 40
0.000000000
 40
0.000000000
 40
0.000000000
 40
0.000000000
 40
1.000000000
 40
1.000000000
 40
1.000000000
 40
1.000000000
 10
55.124076000
 20
124.337840000
 30
3.000000000
 10
54.020705000
 20
124.760150000
 30
3.000000000
 10
53.259930000
 20
124.997370000
 30
3.000000000
 10
53.147424000
 20
124.954190000
 30
3.000000000
  0
SPLINE
  5
FB2
330
A02
100
AcDbEntity
  8
Shape2DView001
100
AcDbSpline
210
0
220
0
230
1
 70
8
 71
3
 72
8
 73
4
 74
0
 40
0.000000000
 40
0.000000000
 40
0.000000000
 40
0.000000000
 40
1.000000000
 40
1.000000000
 40
1.000000000
 40
1.000000000
 10
53.147424000
 20
124.954190000
 30
3.000000000
 10
53.052604000
 20
124.917790000
 30
3.000000000
 10
53.019368000
 20
124.815750000
 30
3.000000000
 10
53.019368000
 20
124.561000000
 30
3.000000000
  0
SPLINE
  5
FB3
330
A02
100
AcDbEntity
  8
Shape2DView001
100
AcDbSpline
210
0
220
0
230
1
 70
8
 71
1
 72
4
 73
2
 74
0
 40
0.000000000
 40
0.000000000
 40
0.344050000
 40
0.344050000
 10
53.019368000
 20
124.561000000
 30
3.000000000
 10
53.019368000
 20
124.216950000
 30
3.000000000
  0
SPLINE
  5
FB4
330
A02
100
AcDbEntity
  8
Shape2DView001
100
AcDbSpline
210
0
220
0
230
1
 70
8
 71
1
 72
4
 73
2
 74
0
 40
0.000000000
 40
0.000000000
 40
0.507870434
 40
0.507870434
 10
53.019368000
 20
124.216950000
 30
3.000000000
 10
52.511983000
 20
124.239150000
 30
3.000000000
  0
SPLINE
  5
FB5
330
A02
100
AcDbEntity
  8
Shape2DView001
100
AcDbSpline
210
0
220
0
230
1
 70
8
 71
1
 72
4
 73
2
 74
0
 40
0.000000000
 40
0.000000000
 40
0.507871434
 40
0.507871434
 10
52.511983000
 20
124.239150000
 30
3.000000000
 10
52.004597000
 20
124.261350000
 30
3.000000000
  0
SPLINE
  5
FB6
330
A02
100
AcDbEntity
  8
Shape2DView001
100
AcDbSpline
210
0
220
0
230
1
 70
8
 71
1
 72
4
 73
2
 74
0
 40
0.000000000
 40
0.000000000
 40
0.356413222
 40
0.356413222
 10
52.004597000
 20
124.261350000
 30
3.000000000
 10
51.981747000
 20
124.617030000
 30
3.000000000
  0
SPLINE
  5
FB7
330
A02
100
AcDbEntity
  8
Shape2DView001
100
AcDbSpline
210
0
220
0
230
1
 70
8
 71
3
 72
8
 73
4
 74
0
 40
0.000000000
 40
0.000000000
 40
0.000000000
 40
0.000000000
 40
1.000000000
 40
1.000000000
 40
1.000000000
 40
1.000000000
 10
51.981747000
 20
124.617030000
 30
3.000000000
 10
51.946937000
 20
125.159010000
 30
3.000000000
 10
52.089864000
 20
125.817900000
 30
3.000000000
 10
52.275570000
 20
125.971430000
 30
3.000000000
  0
SPLINE
  5
FB8
330
A02
100
AcDbEntity
  8
Shape2DView001
100
AcDbSpline
210
0
220
0
230
1
 70
8
 71
3
 72
8
 73
4
 74
0
 40
0.000000000
 40
0.000000000
 40
0.000000000
 40
0.000000000
 40
1.000000000
 40
1.000000000
 40
1.000000000
 40
1.000000000
 10
52.275570000
 20
125.971430000
 30
3.000000000
 10
52.486741000
 20
126.146010000
 30
3.000000000
 10
52.542683000
 20
126.138430000
 30
3.000000000
 10
52.758082000
 20
125.906030000
 30
3.000000000
  0
SPLINE
  5
FB9
330
A02
100
AcDbEntity
  8
Shape2DView001
100
AcDbSpline
210
0
220
0
230
1
 70
8
 71
3
 72
8
 73
4
 74
0
 40
0.000000000
 40
0.000000000
 40
0.000000000
 40
0.000000000
 40
1.000000000
 40
1.000000000
 40
1.000000000
 40
1.000000000
 10
52.758082000
 20
125.906030000
 30
3.000000000
 10
52.935522000
 20
125.714570000
 30
3.000000000
 10
52.960976000
 20
125.709960000
 30
3.000000000
 10
53.668549000
 20
125.740900000
 30
3.000000000
  0
SPLINE
  5
FBA
330
A02
100
AcDbEntity
  8
Shape2DView001
100
AcDbSpline
210
0
220
0
230
1
 70
8
 71
1
 72
4
 73
2
 74
0
 40
0.000000000
 40
0.000000000
 40
0.728618274
 40
0.728618274
 10
53.668549000
 20
125.740900000
 30
3.000000000
 10
54.396473000
 20
125.772700000
 30
3.000000000
  0
SPLINE
  5
FBB
330
A02
100
AcDbEntity
  8
Shape2DView001
100
AcDbSpline
210
0
220
0
230
1
 70
8
 71
1
 72
4
 73
2
 74
0
 40
0.000000000
 40
0.000000000
 40
0.484192910
 40
0.484192910
 10
54.396473000
 20
125.772700000
 30
3.000000000
 10
54.721442000
 20
126.131640000
 30
3.000000000
  0
SPLINE
  5
FBC
330
A02
100
AcDbEntity
  8
Shape2DView001
100
AcDbSpline
210
0
220
0
230
1
 70
8
 71
3
 72
8
 73
4
 74
0
 40
0.000000000
 40
0.000000000
 40
0.000000000
 40
0.000000000
 40
1.000000000
 40
1.000000000
 40
1.000000000
 40
1.000000000
 10
54.721442000
 20
126.131640000
 30
3.000000000
 10
54.908405000
 20
126.338150000
 30
3.000000000
 10
55.082331000
 20
126.623740000
 30
3.000000000
 10
55.131003000
 20
126.804150000
 30
3.000000000
  0
SPLINE
  5
FBD
330
A02
100
AcDbEntity
  8
Shape2DView001
100
AcDbSpline
210
0
220
0
230
1
 70
8
 71
3
 72
8
 73
4
 74
0
 40
0.000000000
 40
0.000000000
 40
0.000000000
 40
0.000000000
 40
1.000000000
 40
1.000000000
 40
1.000000000
 40
1.000000000
 10
55.131003000
 20
126.804150000
 30
3.000000000
 10
55.177533000
 20
126.976620000
 30
3.000000000
 10
55.254201000
 20
127.253030000
 30
3.000000000
 10
55.301384000
 20
127.418400000
 30
3.000000000
  0
SPLINE
  5
FBE
330
A02
100
AcDbEntity
  8
Shape2DView001
100
AcDbSpline
210
0
220
0
230
1
 70
8
 71
1
 72
4
 73
2
 74
0
 40
0.000000000
 40
0.000000000
 40
0.312679367
 40
0.312679367
 10
55.301384000
 20
127.418400000
 30
3.000000000
 10
55.387174000
 20
127.719080000
 30
3.000000000
  0
SPLINE
  5
FBF
330
A02
100
AcDbEntity
  8
Shape2DView001
100
AcDbSpline
210
0
220
0
230
1
 70
8
 71
1
 72
4
 73
2
 74
0
 40
0.000000000
 40
0.000000000
 40
0.872377208
 40
0.872377208
 10
55.387174000
 20
127.719080000
 30
3.000000000
 10
56.259296000
 20
127.740180000
 30
3.000000000
  0
SPLINE
  5
FC0
330
A02
100
AcDbEntity
  8
Shape2DView001
100
AcDbSpline
210
0
220
0
230
1
 70
8
 71
3
 72
8
 73
4
 74
0
 40
0.000000000
 40
0.000000000
 40
0.000000000
 40
0.000000000
 40
1.000000000
 40
1.000000000
 40
1.000000000
 40
1.000000000
 10
56.259296000
 20
127.740180000
 30
3.000000000
 10
56.899325000
 20
127.755680000
 30
3.000000000
 10
57.151646000
 20
127.736180000
 30
3.000000000
 10
57.207426000
 20
127.664980000
 30
3.000000000
  0
SPLINE
  5
FC1
330
A02
100
AcDbEntity
  8
Shape2DView001
100
AcDbSpline
210
0
220
0
230
1
 70
8
 71
1
 72
4
 73
2
 74
0
 40
0.000000000
 40
0.000000000
 40
0.000150163
 40
0.000150163
 10
57.207426000
 20
127.664980000
 30
3.000000000
 10
57.207419000
 20
127.665130000
 30
3.000000000
  0
SPLINE
  5
FC2
330
A02
100
AcDbEntity
  8
Shape2DView001
100
AcDbSpline
210
0
220
0
230
1
 70
8
 71
3
 72
8
 73
4
 74
0
 40
0.000000000
 40
0.000000000
 40
0.000000000
 40
0.000000000
 40
1.000000000
 40
1.000000000
 40
1.000000000
 40
1.000000000
 10
55.857634000
 20
127.040090000
 30
3.000000000
 10
55.721752000
 20
126.959290000
 30
3.000000000
 10
55.126292000
 20
125.364650000
 30
3.000000000
 10
55.124872000
 20
125.077700000
 30
3.000000000
  0
SPLINE
  5
FC3
330
A02
100
AcDbEntity
  8
Shape2DView001
100
AcDbSpline
210
0
220
0
230
1
 70
8
 71
3
 72
8
 73
4
 74
0
 40
0.000000000
 40
0.000000000
 40
0.000000000
 40
0.000000000
 40
1.000000000
 40
1.000000000
 40
1.000000000
 40
1.000000000
 10
55.124872000
 20
125.077700000
 30
3.000000000
 10
55.123172000
 20
124.725970000
 30
3.000000000
 10
56.312035000
 20
124.526350000
 30
3.000000000
 10
57.060548000
 20
124.752700000
 30
3.000000000
  0
SPLINE
  5
FC4
330
A02
100
AcDbEntity
  8
Shape2DView001
100
AcDbSpline
210
0
220
0
230
1
 70
8
 71
3
 72
8
 73
4
 74
0
 40
0.000000000
 40
0.000000000
 40
0.000000000
 40
0.000000000
 40
1.000000000
 40
1.000000000
 40
1.000000000
 40
1.000000000
 10
57.060548000
 20
124.752700000
 30
3.000000000
 10
57.577667000
 20
124.909070000
 30
3.000000000
 10
57.585264000
 20
124.949820000
 30
3.000000000
 10
57.266856000
 20
125.859680000
 30
3.000000000
  0
SPLINE
  5
FC5
330
A02
100
AcDbEntity
  8
Shape2DView001
100
AcDbSpline
210
0
220
0
230
1
 70
8
 71
3
 72
8
 73
4
 74
0
 40
0.000000000
 40
0.000000000
 40
0.000000000
 40
0.000000000
 40
1.000000000
 40
1.000000000
 40
1.000000000
 40
1.000000000
 10
57.266856000
 20
125.859680000
 30
3.000000000
 10
57.111496000
 20
126.303630000
 30
3.000000000
 10
56.930888000
 20
126.759400000
 30
3.000000000
 10
56.865505000
 20
126.872500000
 30
3.000000000
  0
SPLINE
  5
FC6
330
A02
100
AcDbEntity
  8
Shape2DView001
100
AcDbSpline
210
0
220
0
230
1
 70
8
 71
3
 72
8
 73
4
 74
0
 40
0.000000000
 40
0.000000000
 40
0.000000000
 40
0.000000000
 40
1.000000000
 40
1.000000000
 40
1.000000000
 40
1.000000000
 10
56.865505000
 20
126.872500000
 30
3.000000000
 10
56.676575000
 20
127.199330000
 30
3.000000000
 10
56.246025000
 20
127.270920000
 30
3.000000000
 10
55.857634000
 20
127.040090000
 30
3.000000000
  0
SPLINE
  5
FC7
330
A02
100
AcDbEntity
  8
Shape2DView001
100
AcDbSpline
210
0
220
0
230
1
 70
8
 71
3
 72
8
 73
4
 74
0
 40
0.000000000
 40
0.000000000
 40
0.000000000
 40
0.000000000
 40
1.000000000
 40
1.000000000
 40
1.000000000
 40
1.000000000
 10
60.235947000
 20
125.122840000
 30
3.000000000
 10
60.278977000
 20
124.819420000
 30
3.000000000
 10
60.330307000
 20
124.555050000
 30
3.000000000
 10
60.350016000
 20
124.535340000
 30
3.000000000
  0
SPLINE
  5
FC8
330
A02
100
AcDbEntity
  8
Shape2DView001
100
AcDbSpline
210
0
220
0
230
1
 70
8
 71
3
 72
8
 73
4
 74
0
 40
0.000000000
 40
0.000000000
 40
0.000000000
 40
0.000000000
 40
1.000000000
 40
1.000000000
 40
1.000000000
 40
1.000000000
 10
60.350016000
 20
124.535340000
 30
3.000000000
 10
60.418836000
 20
124.466540000
 30
3.000000000
 10
60.384336000
 20
125.165910000
 30
3.000000000
 10
60.304786000
 20
125.452420000
 30
3.000000000
  0
SPLINE
  5
FC9
330
A02
100
AcDbEntity
  8
Shape2DView001
100
AcDbSpline
210
0
220
0
230
1
 70
8
 71
3
 72
8
 73
4
 74
0
 40
0.000000000
 40
0.000000000
 40
0.000000000
 40
0.000000000
 40
1.000000000
 40
1.000000000
 40
1.000000000
 40
1.000000000
 10
60.304786000
 20
125.452420000
 30
3.000000000
 10
60.181955000
 20
125.894770000
 30
3.000000000
 10
60.148911000
 20
125.736550000
 30
3.000000000
 10
60.235946000
 20
125.122840000
 30
3.000000000
  0
SPLINE
  5
FCA
330
A02
100
AcDbEntity
  8
Shape2DView001
100
AcDbSpline
210
0
220
0
230
1
 70
8
 71
1
 72
4
 73
2
 74
0
 40
0.000000000
 40
0.000000000
 40
0.000001000
 40
0.000001000
 10
60.235946000
 20
125.122840000
 30
3.000000000
 10
60.235947000
 20
125.122840000
 30
3.000000000
  0
SPLINE
  5
FCB
330
A02
100
AcDbEntity
  8
Shape2DView001
100
AcDbSpline
210
0
220
0
230
1
 70
8
 71
1
 72
4
 73
2
 74
0
 40
0.000000000
 40
0.000000000
 40
0.413465264
 40
0.413465264
 10
52.129527000
 20
124.900410000
 30
3.000000000
 10
52.134927000
 20
124.486980000
 30
3.000000000
  0
SPLINE
  5
FCC
330
A02
100
AcDbEntity
  8
Shape2DView001
100
AcDbSpline
210
0
220
0
230
1
 70
8
 71
1
 72
4
 73
2
 74
0
 40
0.000000000
 40
0.000000000
 40
0.418452739
 40
0.418452739
 10
52.134927000
 20
124.486980000
 30
3.000000000
 10
52.199567000
 20
124.900410000
 30
3.000000000
  0
SPLINE
  5
FCD
330
A02
100
AcDbEntity
  8
Shape2DView001
100
AcDbSpline
210
0
220
0
230
1
 70
8
 71
3
 72
8
 73
4
 74
0
 40
0.000000000
 40
0.000000000
 40
0.000000000
 40
0.000000000
 40
1.000000000
 40
1.000000000
 40
1.000000000
 40
1.000000000
 10
52.199567000
 20
124.900410000
 30
3.000000000
 10
52.235137000
 20
125.127790000
 30
3.000000000
 10
52.279547000
 20
125.415310000
 30
3.000000000
 10
52.298287000
 20
125.539340000
 30
3.000000000
  0
SPLINE
  5
FCE
330
A02
100
AcDbEntity
  8
Shape2DView001
100
AcDbSpline
210
0
220
0
230
1
 70
8
 71
1
 72
4
 73
2
 74
0
 40
0.000000000
 40
0.000000000
 40
0.228063719
 40
0.228063719
 10
52.298287000
 20
125.539340000
 30
3.000000000
 10
52.332387000
 20
125.764840000
 30
3.000000000
  0
SPLINE
  5
FCF
330
A02
100
AcDbEntity
  8
Shape2DView001
100
AcDbSpline
210
0
220
0
230
1
 70
8
 71
1
 72
4
 73
2
 74
0
 40
0.000000000
 40
0.000000000
 40
0.248377601
 40
0.248377601
 10
52.332387000
 20
125.764840000
 30
3.000000000
 10
52.228266000
 20
125.539340000
 30
3.000000000
  0
SPLINE
  5
FD0
330
A02
100
AcDbEntity
  8
Shape2DView001
100
AcDbSpline
210
0
220
0
230
1
 70
8
 71
3
 72
8
 73
4
 74
0
 40
0.000000000
 40
0.000000000
 40
0.000000000
 40
0.000000000
 40
1.000000000
 40
1.000000000
 40
1.000000000
 40
1.000000000
 10
52.228266000
 20
125.539340000
 30
3.000000000
 10
52.170996000
 20
125.415310000
 30
3.000000000
 10
52.126570000
 20
125.127790000
 30
3.000000000
 10
52.129546000
 20
124.900410000
 30
3.000000000
  0
SPLINE
  5
FD1
330
A02
100
AcDbEntity
  8
Shape2DView001
100
AcDbSpline
210
0
220
0
230
1
 70
8
 71
1
 72
4
 73
2
 74
0
 40
0.000000000
 40
0.000000000
 40
0.000019000
 40
0.000019000
 10
52.129546000
 20
124.900410000
 30
3.000000000
 10
52.129527000
 20
124.900410000
 30
3.000000000
  0
SPLINE
  5
FD2
330
A02
100
AcDbEntity
  8
Shape2DView001
100
AcDbSpline
210
0
220
0
230
1
 70
8
 71
3
 72
8
 73
4
 74
0
 40
0.000000000
 40
0.000000000
 40
0.000000000
 40
0.000000000
 40
1.000000000
 40
1.000000000
 40
1.000000000
 40
1.000000000
 10
62.246260000
 20
123.798280000
 30
3.000000000
 10
62.297940000
 20
123.777480000
 30
3.000000000
 10
62.339700000
 20
123.670170000
 30
3.000000000
 10
62.339070000
 20
123.559920000
 30
3.000000000
  0
SPLINE
  5
FD3
330
A02
100
AcDbEntity
  8
Shape2DView001
100
AcDbSpline
210
0
220
0
230
1
 70
8
 71
3
 72
8
 73
4
 74
0
 40
0.000000000
 40
0.000000000
 40
0.000000000
 40
0.000000000
 40
1.000000000
 40
1.000000000
 40
1.000000000
 40
1.000000000
 10
62.339070000
 20
123.559920000
 30
3.000000000
 10
62.336570000
 20
123.129810000
 30
3.000000000
 10
62.364500000
 20
123.135690000
 30
3.000000000
 10
60.219549000
 20
123.113830000
 30
3.000000000
  0
SPLINE
  5
FD4
330
A02
100
AcDbEntity
  8
Shape2DView001
100
AcDbSpline
210
0
220
0
230
1
 70
8
 71
3
 72
8
 73
4
 74
0
 40
0.000000000
 40
0.000000000
 40
0.000000000
 40
0.000000000
 40
1.000000000
 40
1.000000000
 40
1.000000000
 40
1.000000000
 10
60.219549000
 20
123.113830000
 30
3.000000000
 10
58.098897000
 20
123.092230000
 30
3.000000000
 10
57.891458000
 20
123.122830000
 30
3.000000000
 10
57.843150000
 20
123.459450000
 30
3.000000000
  0
SPLINE
  5
FD5
330
A02
100
AcDbEntity
  8
Shape2DView001
100
AcDbSpline
210
0
220
0
230
1
 70
8
 71
3
 72
8
 73
4
 74
0
 40
0.000000000
 40
0.000000000
 40
0.000000000
 40
0.000000000
 40
1.000000000
 40
1.000000000
 40
1.000000000
 40
1.000000000
 10
57.843150000
 20
123.459450000
 30
3.000000000
 10
57.788650000
 20
123.839730000
 30
3.000000000
 10
57.839950000
 20
123.848520000
 30
3.000000000
 10
60.075587000
 20
123.842130000
 30
3.000000000
  0
SPLINE
  5
FD6
330
A02
100
AcDbEntity
  8
Shape2DView001
100
AcDbSpline
210
0
220
0
230
1
 70
8
 71
3
 72
8
 73
4
 74
0
 40
0.000000000
 40
0.000000000
 40
0.000000000
 40
0.000000000
 40
1.000000000
 40
1.000000000
 40
1.000000000
 40
1.000000000
 10
60.075587000
 20
123.842130000
 30
3.000000000
 10
61.217777000
 20
123.839130000
 30
3.000000000
 10
62.194582000
 20
123.819130000
 30
3.000000000
 10
62.246260000
 20
123.798330000
 30
3.000000000
  0
SPLINE
  5
FD7
330
A02
100
AcDbEntity
  8
Shape2DView001
100
AcDbSpline
210
0
220
0
230
1
 70
8
 71
1
 72
4
 73
2
 74
0
 40
0.000000000
 40
0.000000000
 40
0.000050000
 40
0.000050000
 10
62.246260000
 20
123.798330000
 30
3.000000000
 10
62.246260000
 20
123.798280000
 30
3.000000000
  0
SPLINE
  5
FD8
330
A02
100
AcDbEntity
  8
Shape2DView001
100
AcDbSpline
210
0
220
0
230
1
 70
8
 71
3
 72
8
 73
4
 74
0
 40
0.000000000
 40
0.000000000
 40
0.000000000
 40
0.000000000
 40
1.000000000
 40
1.000000000
 40
1.000000000
 40
1.000000000
 10
58.337573000
 20
123.509810000
 30
3.000000000
 10
58.362173000
 20
123.411710000
 30
3.000000000
 10
61.964378000
 20
123.376310000
 30
3.000000000
 10
61.964378000
 20
123.474210000
 30
3.000000000
  0
SPLINE
  5
FD9
330
A02
100
AcDbEntity
  8
Shape2DView001
100
AcDbSpline
210
0
220
0
230
1
 70
8
 71
3
 72
8
 73
4
 74
0
 40
0.000000000
 40
0.000000000
 40
0.000000000
 40
0.000000000
 40
1.000000000
 40
1.000000000
 40
1.000000000
 40
1.000000000
 10
61.964378000
 20
123.474210000
 30
3.000000000
 10
61.964378000
 20
123.514210000
 30
3.000000000
 10
61.343227000
 20
123.554410000
 30
3.000000000
 10
60.517391000
 20
123.567910000
 30
3.000000000
  0
SPLINE
  5
FDA
330
A02
100
AcDbEntity
  8
Shape2DView001
100
AcDbSpline
210
0
220
0
230
1
 70
8
 71
3
 72
8
 73
4
 74
0
 40
0.000000000
 40
0.000000000
 40
0.000000000
 40
0.000000000
 40
1.000000000
 40
1.000000000
 40
1.000000000
 40
1.000000000
 10
60.517391000
 20
123.567910000
 30
3.000000000
 10
58.509982000
 20
123.600910000
 30
3.000000000
 10
58.316032000
 20
123.595710000
 30
3.000000000
 10
58.337573000
 20
123.509810000
 30
3.000000000
  0
SPLINE
  5
FDB
330
A02
100
AcDbEntity
  8
Shape2DView001
100
AcDbSpline
210
0
220
0
230
1
 70
8
 71
3
 72
8
 73
4
 74
0
 40
0.000000000
 40
0.000000000
 40
0.000000000
 40
0.000000000
 40
1.000000000
 40
1.000000000
 40
1.000000000
 40
1.000000000
 10
54.616690000
 20
123.766870000
 30
3.000000000
 10
54.759555000
 20
123.683670000
 30
3.000000000
 10
54.788258000
 20
123.426510000
 30
3.000000000
 10
54.674740000
 20
123.246720000
 30
3.000000000
  0
SPLINE
  5
FDC
330
A02
100
AcDbEntity
  8
Shape2DView001
100
AcDbSpline
210
0
220
0
230
1
 70
8
 71
3
 72
8
 73
4
 74
0
 40
0.000000000
 40
0.000000000
 40
0.000000000
 40
0.000000000
 40
1.000000000
 40
1.000000000
 40
1.000000000
 40
1.000000000
 10
54.674740000
 20
123.246720000
 30
3.000000000
 10
54.564631000
 20
123.072320000
 30
3.000000000
 10
50.679207000
 20
123.036360000
 30
3.000000000
 10
50.418281000
 20
123.207320000
 30
3.000000000
  0
SPLINE
  5
FDD
330
A02
100
AcDbEntity
  8
Shape2DView001
100
AcDbSpline
210
0
220
0
230
1
 70
8
 71
3
 72
8
 73
4
 74
0
 40
0.000000000
 40
0.000000000
 40
0.000000000
 40
0.000000000
 40
1.000000000
 40
1.000000000
 40
1.000000000
 40
1.000000000
 10
50.418281000
 20
123.207320000
 30
3.000000000
 10
50.211095000
 20
123.343070000
 30
3.000000000
 10
50.185451000
 20
123.559130000
 30
3.000000000
 10
50.356261000
 20
123.729940000
 30
3.000000000
  0
SPLINE
  5
FDE
330
A02
100
AcDbEntity
  8
Shape2DView001
100
AcDbSpline
210
0
220
0
230
1
 70
8
 71
3
 72
8
 73
4
 74
0
 40
0.000000000
 40
0.000000000
 40
0.000000000
 40
0.000000000
 40
1.000000000
 40
1.000000000
 40
1.000000000
 40
1.000000000
 10
50.356261000
 20
123.729940000
 30
3.000000000
 10
50.457859000
 20
123.831540000
 30
3.000000000
 10
50.754859000
 20
123.847740000
 30
3.000000000
 10
52.479760000
 20
123.845780000
 30
3.000000000
  0
SPLINE
  5
FDF
330
A02
100
AcDbEntity
  8
Shape2DView001
100
AcDbSpline
210
0
220
0
230
1
 70
8
 71
3
 72
8
 73
4
 74
0
 40
0.000000000
 40
0.000000000
 40
0.000000000
 40
0.000000000
 40
1.000000000
 40
1.000000000
 40
1.000000000
 40
1.000000000
 10
52.479760000
 20
123.845780000
 30
3.000000000
 10
53.701482000
 20
123.843780000
 30
3.000000000
 10
54.536543000
 20
123.813580000
 30
3.000000000
 10
54.616682000
 20
123.766880000
 30
3.000000000
  0
SPLINE
  5
FE0
330
A02
100
AcDbEntity
  8
Shape2DView001
100
AcDbSpline
210
0
220
0
230
1
 70
8
 71
1
 72
4
 73
2
 74
0
 40
0.000000000
 40
0.000000000
 40
0.000012806
 40
0.000012806
 10
54.616682000
 20
123.766880000
 30
3.000000000
 10
54.616690000
 20
123.766870000
 30
3.000000000
  0
SPLINE
  5
FE1
330
A02
100
AcDbEntity
  8
Shape2DView001
100
AcDbSpline
210
0
220
0
230
1
 70
8
 71
3
 72
8
 73
4
 74
0
 40
0.000000000
 40
0.000000000
 40
0.000000000
 40
0.000000000
 40
1.000000000
 40
1.000000000
 40
1.000000000
 40
1.000000000
 10
50.726739000
 20
123.472220000
 30
3.000000000
 10
50.755589000
 20
123.425520000
 30
3.000000000
 10
51.454142000
 20
123.397020000
 30
3.000000000
 10
52.572792000
 20
123.397020000
 30
3.000000000
  0
SPLINE
  5
FE2
330
A02
100
AcDbEntity
  8
Shape2DView001
100
AcDbSpline
210
0
220
0
230
1
 70
8
 71
3
 72
8
 73
4
 74
0
 40
0.000000000
 40
0.000000000
 40
0.000000000
 40
0.000000000
 40
1.000000000
 40
1.000000000
 40
1.000000000
 40
1.000000000
 10
52.572792000
 20
123.397020000
 30
3.000000000
 10
53.722414000
 20
123.397020000
 30
3.000000000
 10
54.372395000
 20
123.424220000
 30
3.000000000
 10
54.372395000
 20
123.472220000
 30
3.000000000
  0
SPLINE
  5
FE3
330
A02
100
AcDbEntity
  8
Shape2DView001
100
AcDbSpline
210
0
220
0
230
1
 70
8
 71
3
 72
8
 73
4
 74
0
 40
0.000000000
 40
0.000000000
 40
0.000000000
 40
0.000000000
 40
1.000000000
 40
1.000000000
 40
1.000000000
 40
1.000000000
 10
54.372395000
 20
123.472220000
 30
3.000000000
 10
54.372395000
 20
123.520320000
 30
3.000000000
 10
53.706930000
 20
123.547420000
 30
3.000000000
 10
52.526339000
 20
123.547420000
 30
3.000000000
  0
SPLINE
  5
FE4
330
A02
100
AcDbEntity
  8
Shape2DView001
100
AcDbSpline
210
0
220
0
230
1
 70
8
 71
3
 72
8
 73
4
 74
0
 40
0.000000000
 40
0.000000000
 40
0.000000000
 40
0.000000000
 40
1.000000000
 40
1.000000000
 40
1.000000000
 40
1.000000000
 10
52.526339000
 20
123.547420000
 30
3.000000000
 10
51.314774000
 20
123.547420000
 30
3.000000000
 10
50.696251000
 20
123.521620000
 30
3.000000000
 10
50.726739000
 20
123.472220000
 30
3.000000000
  0
SPLINE
  5
FE5
330
A02
100
AcDbEntity
  8
Shape2DView001
100
AcDbSpline
210
0
220
0
230
1
 70
8
 71
3
 72
8
 73
4
 74
0
 40
0.000000000
 40
0.000000000
 40
0.000000000
 40
0.000000000
 40
1.000000000
 40
1.000000000
 40
1.000000000
 40
1.000000000
 10
60.574182000
 20
122.719870000
 30
3.000000000
 10
60.695874000
 20
122.522970000
 30
3.000000000
 10
60.370718000
 20
122.194360000
 30
3.000000000
 10
60.054191000
 20
122.194360000
 30
3.000000000
  0
SPLINE
  5
FE6
330
A02
100
AcDbEntity
  8
Shape2DView001
100
AcDbSpline
210
0
220
0
230
1
 70
8
 71
3
 72
8
 73
4
 74
0
 40
0.000000000
 40
0.000000000
 40
0.000000000
 40
0.000000000
 40
1.000000000
 40
1.000000000
 40
1.000000000
 40
1.000000000
 10
60.054191000
 20
122.194360000
 30
3.000000000
 10
59.887535000
 20
122.194360000
 30
3.000000000
 10
59.558996000
 20
122.497210000
 30
3.000000000
 10
59.558996000
 20
122.650830000
 30
3.000000000
  0
SPLINE
  5
FE7
330
A02
100
AcDbEntity
  8
Shape2DView001
100
AcDbSpline
210
0
220
0
230
1
 70
8
 71
3
 72
8
 73
4
 74
0
 40
0.000000000
 40
0.000000000
 40
0.000000000
 40
0.000000000
 40
1.000000000
 40
1.000000000
 40
1.000000000
 40
1.000000000
 10
59.558996000
 20
122.650830000
 30
3.000000000
 10
59.558996000
 20
122.778900000
 30
3.000000000
 10
59.615186000
 20
122.795710000
 30
3.000000000
 10
60.043154000
 20
122.795710000
 30
3.000000000
  0
SPLINE
  5
FE8
330
A02
100
AcDbEntity
  8
Shape2DView001
100
AcDbSpline
210
0
220
0
230
1
 70
8
 71
3
 72
8
 73
4
 74
0
 40
0.000000000
 40
0.000000000
 40
0.000000000
 40
0.000000000
 40
1.000000000
 40
1.000000000
 40
1.000000000
 40
1.000000000
 10
60.043154000
 20
122.795710000
 30
3.000000000
 10
60.309441000
 20
122.795710000
 30
3.000000000
 10
60.548403000
 20
122.761610000
 30
3.000000000
 10
60.574182000
 20
122.719910000
 30
3.000000000
  0
SPLINE
  5
FE9
330
A02
100
AcDbEntity
  8
Shape2DView001
100
AcDbSpline
210
0
220
0
230
1
 70
8
 71
1
 72
4
 73
2
 74
0
 40
0.000000000
 40
0.000000000
 40
0.000040000
 40
0.000040000
 10
60.574182000
 20
122.719910000
 30
3.000000000
 10
60.574182000
 20
122.719870000
 30
3.000000000
  0
SPLINE
  5
FEA
330
A02
100
AcDbEntity
  8
Shape2DView001
100
AcDbSpline
210
0
220
0
230
1
 70
8
 71
3
 72
8
 73
4
 74
0
 40
0.000000000
 40
0.000000000
 40
0.000000000
 40
0.000000000
 40
1.000000000
 40
1.000000000
 40
1.000000000
 40
1.000000000
 10
53.019368000
 20
122.658470000
 30
3.000000000
 10
53.019368000
 20
122.465060000
 30
3.000000000
 10
52.706936000
 20
122.194350000
 30
3.000000000
 10
52.483725000
 20
122.194350000
 30
3.000000000
  0
SPLINE
  5
FEB
330
A02
100
AcDbEntity
  8
Shape2DView001
100
AcDbSpline
210
0
220
0
230
1
 70
8
 71
3
 72
8
 73
4
 74
0
 40
0.000000000
 40
0.000000000
 40
0.000000000
 40
0.000000000
 40
1.000000000
 40
1.000000000
 40
1.000000000
 40
1.000000000
 10
52.483725000
 20
122.194350000
 30
3.000000000
 10
52.254858000
 20
122.194350000
 30
3.000000000
 10
51.967012000
 20
122.447230000
 30
3.000000000
 10
51.967012000
 20
122.648290000
 30
3.000000000
  0
SPLINE
  5
FEC
330
A02
100
AcDbEntity
  8
Shape2DView001
100
AcDbSpline
210
0
220
0
230
1
 70
8
 71
3
 72
8
 73
4
 74
0
 40
0.000000000
 40
0.000000000
 40
0.000000000
 40
0.000000000
 40
1.000000000
 40
1.000000000
 40
1.000000000
 40
1.000000000
 10
51.967012000
 20
122.648290000
 30
3.000000000
 10
51.967012000
 20
122.780680000
 30
3.000000000
 10
52.020602000
 20
122.795700000
 30
3.000000000
 10
52.493188000
 20
122.795700000
 30
3.000000000
  0
SPLINE
  5
FED
330
A02
100
AcDbEntity
  8
Shape2DView001
100
AcDbSpline
210
0
220
0
230
1
 70
8
 71
3
 72
8
 73
4
 74
0
 40
0.000000000
 40
0.000000000
 40
0.000000000
 40
0.000000000
 40
1.000000000
 40
1.000000000
 40
1.000000000
 40
1.000000000
 10
52.493188000
 20
122.795700000
 30
3.000000000
 10
52.952509000
 20
122.795700000
 30
3.000000000
 10
53.019368000
 20
122.778300000
 30
3.000000000
 10
53.019368000
 20
122.658470000
 30
3.000000000
  0
SPLINE
  5
FEE
330
A02
100
AcDbEntity
  8
Shape2DView
100
AcDbSpline
210
0
220
0
230
1
 70
8
 71
3
 72
8
 73
4
 74
0
 40
0.000000000
 40
0.000000000
 40
0.000000000
 40
0.000000000
 40
1.000000000
 40
1.000000000
 40
1.000000000
 40
1.000000000
 10
141.252074449
 20
221.736552147
 30
3.000000000
 10
141.252079956
 20
221.784076364
 30
3.000000000
 10
141.157019605
 20
221.812590894
 30
3.000000000
 10
141.014426323
 20
221.831600581
 30
3.000000000
  0
SPLINE
  5
FEF
330
A02
100
AcDbEntity
  8
Shape2DView
100
AcDbSpline
210
0
220
0
230
1
 70
8
 71
3
 72
8
 73
4
 74
0
 40
0.000000000
 40
0.000000000
 40
0.000000000
 40
0.000000000
 40
1.000000000
 40
1.000000000
 40
1.000000000
 40
1.000000000
 10
141.014426323
 20
221.831600581
 30
3.000000000
 10
140.995413592
 20
221.831600581
 30
3.000000000
 10
140.919363768
 20
221.841105425
 30
3.000000000
 10
140.890844671
 20
221.841105425
 30
3.000000000
  0
SPLINE
  5
FF0
330
A02
100
AcDbEntity
  8
Shape2DView
100
AcDbSpline
210
0
220
0
230
1
 70
8
 71
1
 72
4
 73
2
 74
0
 40
0.000000000
 40
0.000000000
 40
46.900000000
 40
46.900000000
 10
140.890844671
 20
221.841105425
 30
3.000000000
 10
140.891361256
 20
226.298876987
 30
3.000000000
  0
SPLINE
  5
FF1
330
A02
100
AcDbEntity
  8
Shape2DView
100
AcDbSpline
210
0
220
0
230
1
 70
8
 71
3
 72
8
 73
4
 74
0
 40
0.000000000
 40
0.000000000
 40
0.000000000
 40
0.000000000
 40
1.000000000
 40
1.000000000
 40
1.000000000
 40
1.000000000
 10
140.891361256
 20
226.298876987
 30
3.000000000
 10
140.891361256
 20
226.298876987
 30
3.000000000
 10
140.948415971
 20
226.441449638
 30
3.000000000
 10
140.948415971
 20
226.441449638
 30
3.000000000
  0
SPLINE
  5
FF2
330
A02
100
AcDbEntity
  8
Shape2DView
100
AcDbSpline
210
0
220
0
230
1
 70
8
 71
1
 72
4
 73
2
 74
0
 40
0.000000000
 40
0.000000000
 40
4.850773134
 40
4.850773134
 10
140.948415971
 20
226.441449638
 30
3.000000000
 10
140.881924282
 20
226.897682122
 30
3.000000000
  0
SPLINE
  5
FF3
330
A02
100
AcDbEntity
  8
Shape2DView
100
AcDbSpline
210
0
220
0
230
1
 70
8
 71
1
 72
4
 73
2
 74
0
 40
0.000000000
 40
0.000000000
 40
1.800000000
 40
1.800000000
 10
140.881924282
 20
226.897682122
 30
3.000000000
 10
140.710809701
 20
226.897682122
 30
3.000000000
  0
SPLINE
  5
FF4
330
A02
100
AcDbEntity
  8
Shape2DView
100
AcDbSpline
210
0
220
0
230
1
 70
8
 71
1
 72
4
 73
2
 74
0
 40
0.000000000
 40
0.000000000
 40
4.850773134
 40
4.850773134
 10
140.710809701
 20
226.897682122
 30
3.000000000
 10
140.644212271
 20
226.441449638
 30
3.000000000
  0
SPLINE
  5
FF5
330
A02
100
AcDbEntity
  8
Shape2DView
100
AcDbSpline
210
0
220
0
230
1
 70
8
 71
3
 72
8
 73
4
 74
0
 40
0.000000000
 40
0.000000000
 40
0.000000000
 40
0.000000000
 40
1.000000000
 40
1.000000000
 40
1.000000000
 40
1.000000000
 10
140.644212271
 20
226.441449638
 30
3.000000000
 10
140.644212271
 20
226.441449638
 30
3.000000000
 10
140.720247776
 20
226.308381830
 30
3.000000000
 10
140.720247776
 20
226.308381830
 30
3.000000000
  0
SPLINE
  5
FF6
330
A02
100
AcDbEntity
  8
Shape2DView
100
AcDbSpline
210
0
220
0
230
1
 70
8
 71
1
 72
4
 73
2
 74
0
 40
0.000000000
 40
0.000000000
 40
46.900000000
 40
46.900000000
 10
140.720247776
 20
226.308381830
 30
3.000000000
 10
140.719731191
 20
221.850610268
 30
3.000000000
  0
SPLINE
  5
FF7
330
A02
100
AcDbEntity
  8
Shape2DView
100
AcDbSpline
210
0
220
0
230
1
 70
8
 71
3
 72
8
 73
4
 74
0
 40
0.000000000
 40
0.000000000
 40
0.000000000
 40
0.000000000
 40
1.000000000
 40
1.000000000
 40
1.000000000
 40
1.000000000
 10
140.719731191
 20
221.850610268
 30
3.000000000
 10
140.700718460
 20
221.850610268
 30
3.000000000
 10
140.719731191
 20
221.850610268
 30
3.000000000
 10
140.691212095
 20
221.850610268
 30
3.000000000
  0
SPLINE
  5
FF8
330
A02
100
AcDbEntity
  8
Shape2DView
100
AcDbSpline
210
0
220
0
230
1
 70
8
 71
3
 72
8
 73
4
 74
0
 40
0.000000000
 40
0.000000000
 40
0.000000000
 40
0.000000000
 40
1.000000000
 40
1.000000000
 40
1.000000000
 40
1.000000000
 10
140.691212095
 20
221.850610268
 30
3.000000000
 10
140.548615509
 20
221.841105425
 30
3.000000000
 10
140.453548548
 20
221.812590894
 30
3.000000000
 10
140.453544142
 20
221.774571521
 30
3.000000000
  0
SPLINE
  5
FF9
330
A02
100
AcDbEntity
  8
Shape2DView
100
AcDbSpline
210
0
220
0
230
1
 70
8
 71
1
 72
4
 73
2
 74
0
 40
0.000000000
 40
0.000000000
 40
1.000000000
 40
1.000000000
 10
140.453544142
 20
221.774571521
 30
3.000000000
 10
140.453543041
 20
221.765066677
 30
3.000000000
  0
SPLINE
  5
FFA
330
A02
100
AcDbEntity
  8
Shape2DView
100
AcDbSpline
210
0
220
0
230
1
 70
8
 71
3
 72
8
 73
4
 74
0
 40
0.000000000
 40
0.000000000
 40
0.000000000
 40
0.000000000
 40
1.000000000
 40
1.000000000
 40
1.000000000
 40
1.000000000
 10
140.453543041
 20
221.765066677
 30
3.000000000
 10
140.453540838
 20
221.746056990
 30
3.000000000
 10
140.463046102
 20
221.736552147
 30
3.000000000
 10
140.491562996
 20
221.717542460
 30
3.000000000
  0
SPLINE
  5
FFB
330
A02
100
AcDbEntity
  8
Shape2DView
100
AcDbSpline
210
0
220
0
230
1
 70
8
 71
3
 72
8
 73
4
 74
0
 40
0.000000000
 40
0.000000000
 40
0.000000000
 40
0.000000000
 40
1.000000000
 40
1.000000000
 40
1.000000000
 40
1.000000000
 10
140.491562996
 20
221.717542460
 30
3.000000000
 10
140.529582951
 20
221.670018243
 30
3.000000000
 10
140.577105968
 20
221.593979496
 30
3.000000000
 10
140.577096054
 20
221.508435905
 30
3.000000000
  0
SPLINE
  5
FFC
330
A02
100
AcDbEntity
  8
Shape2DView
100
AcDbSpline
210
0
220
0
230
1
 70
8
 71
3
 72
8
 73
4
 74
0
 40
0.000000000
 40
0.000000000
 40
0.000000000
 40
0.000000000
 40
1.000000000
 40
1.000000000
 40
1.000000000
 40
1.000000000
 10
140.577096054
 20
221.508435905
 30
3.000000000
 10
140.558078917
 20
221.470416531
 30
3.000000000
 10
140.539059577
 20
221.413387471
 30
3.000000000
 10
140.529547704
 20
221.365863254
 30
3.000000000
  0
SPLINE
  5
FFD
330
A02
100
AcDbEntity
  8
Shape2DView
100
AcDbSpline
210
0
220
0
230
1
 70
8
 71
3
 72
8
 73
4
 74
0
 40
0.000000000
 40
0.000000000
 40
0.000000000
 40
0.000000000
 40
1.000000000
 40
1.000000000
 40
1.000000000
 40
1.000000000
 10
140.529547704
 20
221.365863254
 30
3.000000000
 10
140.481946484
 20
220.767058119
 30
3.000000000
 10
140.424765101
 20
219.531428474
 30
3.000000000
 10
140.377164982
 20
218.942128183
 30
3.000000000
  0
SPLINE
  5
FFE
330
A02
100
AcDbEntity
  8
Shape2DView
100
AcDbSpline
210
0
220
0
230
1
 70
8
 71
3
 72
8
 73
4
 74
0
 40
0.000000000
 40
0.000000000
 40
0.000000000
 40
0.000000000
 40
1.000000000
 40
1.000000000
 40
1.000000000
 40
1.000000000
 10
140.377164982
 20
218.942128183
 30
3.000000000
 10
140.358134628
 20
218.790050688
 30
3.000000000
 10
140.453158631
 20
218.447876325
 30
3.000000000
 10
140.690812265
 20
218.400352108
 30
3.000000000
  0
SPLINE
  5
FFF
330
A02
100
AcDbEntity
  8
Shape2DView
100
AcDbSpline
210
0
220
0
230
1
 70
8
 71
2
 72
6
 73
3
 74
0
 40
0.000000000
 40
0.000000000
 40
0.000000000
 40
1.000000000
 40
1.000000000
 40
1.000000000
 10
140.690812265
 20
218.400352108
 30
3.000000000
 10
140.745472490
 20
218.388471054
 30
3.000000000
 10
140.814393916
 20
218.390847265
 30
3.000000000
  0
SPLINE
  5
1000
330
A02
100
AcDbEntity
  8
Shape2DView
100
AcDbSpline
210
0
220
0
230
1
 70
8
 71
2
 72
6
 73
3
 74
0
 40
0.000000000
 40
0.000000000
 40
0.000000000
 40
1.000000000
 40
1.000000000
 40
1.000000000
 10
140.814393916
 20
218.390847265
 30
3.000000000
 10
140.869055243
 20
218.388471054
 30
3.000000000
 10
140.909458674
 20
218.400352108
 30
3.000000000
  0
SPLINE
  5
1001
330
A02
100
AcDbEntity
  8
Shape2DView
100
AcDbSpline
210
0
220
0
230
1
 70
8
 71
3
 72
8
 73
4
 74
0
 40
0.000000000
 40
0.000000000
 40
0.000000000
 40
0.000000000
 40
1.000000000
 40
1.000000000
 40
1.000000000
 40
1.000000000
 10
140.909458674
 20
218.400352108
 30
3.000000000
 10
141.147123322
 20
218.447876325
 30
3.000000000
 10
141.251730794
 20
218.771041001
 30
3.000000000
 10
141.242243153
 20
218.932623339
 30
3.000000000
  0
SPLINE
  5
1002
330
A02
100
AcDbEntity
  8
Shape2DView
100
AcDbSpline
210
0
220
0
230
1
 70
8
 71
3
 72
8
 73
4
 74
0
 40
0.000000000
 40
0.000000000
 40
0.000000000
 40
0.000000000
 40
1.000000000
 40
1.000000000
 40
1.000000000
 40
1.000000000
 10
141.242243153
 20
218.932623339
 30
3.000000000
 10
141.213793448
 20
219.531428474
 30
3.000000000
 10
141.185417541
 20
220.767058119
 30
3.000000000
 10
141.156967836
 20
221.365863254
 30
3.000000000
  0
SPLINE
  5
1003
330
A02
100
AcDbEntity
  8
Shape2DView
100
AcDbSpline
210
0
220
0
230
1
 70
8
 71
3
 72
8
 73
4
 74
0
 40
0.000000000
 40
0.000000000
 40
0.000000000
 40
0.000000000
 40
1.000000000
 40
1.000000000
 40
1.000000000
 40
1.000000000
 10
141.156967836
 20
221.365863254
 30
3.000000000
 10
141.156973343
 20
221.413387471
 30
3.000000000
 10
141.137967221
 20
221.470416531
 30
3.000000000
 10
141.118958895
 20
221.508435905
 30
3.000000000
  0
SPLINE
  5
1004
330
A02
100
AcDbEntity
  8
Shape2DView
100
AcDbSpline
210
0
220
0
230
1
 70
8
 71
3
 72
8
 73
4
 74
0
 40
0.000000000
 40
0.000000000
 40
0.000000000
 40
0.000000000
 40
1.000000000
 40
1.000000000
 40
1.000000000
 40
1.000000000
 10
141.118958895
 20
221.508435905
 30
3.000000000
 10
141.118968808
 20
221.593979496
 30
3.000000000
 10
141.176015814
 20
221.670018243
 30
3.000000000
 10
141.214045682
 20
221.708037617
 30
3.000000000
  0
SPLINE
  5
1005
330
A02
100
AcDbEntity
  8
Shape2DView
100
AcDbSpline
210
0
220
0
230
1
 70
8
 71
2
 72
6
 73
3
 74
0
 40
0.000000000
 40
0.000000000
 40
0.000000000
 40
1.000000000
 40
1.000000000
 40
1.000000000
 10
141.214045682
 20
221.708037617
 30
3.000000000
 10
141.254447736
 20
221.708037617
 30
3.000000000
 10
141.252074449
 20
221.736552147
 30
3.000000000
  0
SPLINE
  5
1006
330
A02
100
AcDbEntity
  8
Shape2DView
100
AcDbSpline
210
0
220
0
230
1
 70
8
 71
1
 72
4
 73
2
 74
0
 40
0.000000000
 40
0.000000000
 40
39.904009824
 40
39.904009824
 10
158.421673338
 20
231.250900407
 30
3.000000000
 10
159.485964429
 20
227.610545378
 30
3.000000000
  0
SPLINE
  5
1007
330
A02
100
AcDbEntity
  8
Shape2DView
100
AcDbSpline
210
0
220
0
230
1
 70
8
 71
1
 72
4
 73
2
 74
0
 40
0.000000000
 40
0.000000000
 40
6.100000000
 40
6.100000000
 10
159.485964429
 20
227.610545378
 30
3.000000000
 10
160.065852733
 20
227.610545378
 30
3.000000000
  0
SPLINE
  5
1008
330
A02
100
AcDbEntity
  8
Shape2DView
100
AcDbSpline
210
0
220
0
230
1
 70
8
 71
1
 72
4
 73
2
 74
0
 40
0.000000000
 40
0.000000000
 40
39.932192527
 40
39.932192527
 10
160.065852733
 20
227.610545378
 30
3.000000000
 10
161.140493908
 20
231.250900407
 30
3.000000000
  0
SPLINE
  5
1009
330
A02
100
AcDbEntity
  8
Shape2DView
100
AcDbSpline
210
0
220
0
230
1
 70
8
 71
1
 72
4
 73
2
 74
0
 40
0.000000000
 40
0.000000000
 40
0.900000000
 40
0.900000000
 10
161.140493908
 20
231.250900407
 30
3.000000000
 10
161.226051199
 20
231.250900407
 30
3.000000000
  0
SPLINE
  5
100A
330
A02
100
AcDbEntity
  8
Shape2DView
100
AcDbSpline
210
0
220
0
230
1
 70
8
 71
1
 72
4
 73
2
 74
0
 40
0.000000000
 40
0.000000000
 40
39.900000000
 40
39.900000000
 10
161.226051199
 20
231.250900407
 30
3.000000000
 10
161.225611716
 20
227.458467884
 30
3.000000000
  0
SPLINE
  5
100B
330
A02
100
AcDbEntity
  8
Shape2DView
100
AcDbSpline
210
0
220
0
230
1
 70
8
 71
1
 72
4
 73
2
 74
0
 40
0.000000000
 40
0.000000000
 40
4.700000000
 40
4.700000000
 10
161.225611716
 20
227.458467884
 30
3.000000000
 10
161.672410901
 20
227.458467884
 30
3.000000000
  0
SPLINE
  5
100C
330
A02
100
AcDbEntity
  8
Shape2DView
100
AcDbSpline
210
0
220
0
230
1
 70
8
 71
1
 72
4
 73
2
 74
0
 40
0.000000000
 40
0.000000000
 40
44.300000000
 40
44.300000000
 10
161.672410901
 20
227.458467884
 30
3.000000000
 10
161.672898847
 20
231.669113517
 30
3.000000000
  0
SPLINE
  5
100D
330
A02
100
AcDbEntity
  8
Shape2DView
100
AcDbSpline
210
0
220
0
230
1
 70
8
 71
1
 72
4
 73
2
 74
0
 40
0.000000000
 40
0.000000000
 40
8.600000000
 40
8.600000000
 10
161.672898847
 20
231.669113517
 30
3.000000000
 10
160.855351403
 20
231.669113517
 30
3.000000000
  0
SPLINE
  5
100E
330
A02
100
AcDbEntity
  8
Shape2DView
100
AcDbSpline
210
0
220
0
230
1
 70
8
 71
1
 72
4
 73
2
 74
0
 40
0.000000000
 40
0.000000000
 40
39.644545653
 40
39.644545653
 10
160.855351403
 20
231.669113517
 30
3.000000000
 10
159.780713533
 20
228.057273019
 30
3.000000000
  0
SPLINE
  5
100F
330
A02
100
AcDbEntity
  8
Shape2DView
100
AcDbSpline
210
0
220
0
230
1
 70
8
 71
1
 72
4
 73
2
 74
0
 40
0.000000000
 40
0.000000000
 40
39.644545653
 40
39.644545653
 10
159.780713533
 20
228.057273019
 30
3.000000000
 10
158.706912771
 20
231.669113517
 30
3.000000000
  0
SPLINE
  5
1010
330
A02
100
AcDbEntity
  8
Shape2DView
100
AcDbSpline
210
0
220
0
230
1
 70
8
 71
1
 72
4
 73
2
 74
0
 40
0.000000000
 40
0.000000000
 40
8.600000000
 40
8.600000000
 10
158.706912771
 20
231.669113517
 30
3.000000000
 10
157.889365327
 20
231.669113517
 30
3.000000000
  0
SPLINE
  5
1011
330
A02
100
AcDbEntity
  8
Shape2DView
100
AcDbSpline
210
0
220
0
230
1
 70
8
 71
1
 72
4
 73
2
 74
0
 40
0.000000000
 40
0.000000000
 40
44.300000000
 40
44.300000000
 10
157.889365327
 20
231.669113517
 30
3.000000000
 10
157.888877380
 20
227.458467884
 30
3.000000000
  0
SPLINE
  5
1012
330
A02
100
AcDbEntity
  8
Shape2DView
100
AcDbSpline
210
0
220
0
230
1
 70
8
 71
1
 72
4
 73
2
 74
0
 40
0.000000000
 40
0.000000000
 40
4.600000000
 40
4.600000000
 10
157.888877380
 20
227.458467884
 30
3.000000000
 10
158.326170199
 20
227.458467884
 30
3.000000000
  0
SPLINE
  5
1013
330
A02
100
AcDbEntity
  8
Shape2DView
100
AcDbSpline
210
0
220
0
230
1
 70
8
 71
1
 72
4
 73
2
 74
0
 40
0.000000000
 40
0.000000000
 40
39.900000000
 40
39.900000000
 10
158.326170199
 20
227.458467884
 30
3.000000000
 10
158.326609682
 20
231.250900407
 30
3.000000000
  0
SPLINE
  5
1014
330
A02
100
AcDbEntity
  8
Shape2DView
100
AcDbSpline
210
0
220
0
230
1
 70
8
 71
1
 72
4
 73
2
 74
0
 40
0.000000000
 40
0.000000000
 40
1.000000000
 40
1.000000000
 10
158.326609682
 20
231.250900407
 30
3.000000000
 10
158.421673338
 20
231.250900407
 30
3.000000000
  0
SPLINE
  5
1015
330
A02
100
AcDbEntity
  8
Shape2DView
100
AcDbSpline
210
0
220
0
230
1
 70
8
 71
1
 72
4
 73
2
 74
0
 40
0.000000000
 40
0.000000000
 40
1.900000000
 40
1.900000000
 10
163.735731725
 20
231.250900407
 30
3.000000000
 10
163.916352672
 20
231.250900407
 30
3.000000000
  0
SPLINE
  5
1016
330
A02
100
AcDbEntity
  8
Shape2DView
100
AcDbSpline
210
0
220
0
230
1
 70
8
 71
1
 72
4
 73
2
 74
0
 40
0.000000000
 40
0.000000000
 40
25.103386226
 40
25.103386226
 10
163.916352672
 20
231.250900407
 30
3.000000000
 10
164.514986052
 20
228.941223457
 30
3.000000000
  0
SPLINE
  5
1017
330
A02
100
AcDbEntity
  8
Shape2DView
100
AcDbSpline
210
0
220
0
230
1
 70
8
 71
1
 72
4
 73
2
 74
0
 40
0.000000000
 40
0.000000000
 40
14.600000000
 40
14.600000000
 10
164.514986052
 20
228.941223457
 30
3.000000000
 10
163.127056670
 20
228.941223457
 30
3.000000000
  0
SPLINE
  5
1018
330
A02
100
AcDbEntity
  8
Shape2DView
100
AcDbSpline
210
0
220
0
230
1
 70
8
 71
1
 72
4
 73
2
 74
0
 40
0.000000000
 40
0.000000000
 40
25.128668886
 40
25.128668886
 10
163.127056670
 20
228.941223457
 30
3.000000000
 10
163.735731725
 20
231.250900407
 30
3.000000000
  0
SPLINE
  5
1019
330
A02
100
AcDbEntity
  8
Shape2DView
100
AcDbSpline
210
0
220
0
230
1
 70
8
 71
1
 72
4
 73
2
 74
0
 40
0.000000000
 40
0.000000000
 40
4.900000000
 40
4.900000000
 10
162.271311936
 20
227.458467884
 30
3.000000000
 10
162.737123851
 20
227.458467884
 30
3.000000000
  0
SPLINE
  5
101A
330
A02
100
AcDbEntity
  8
Shape2DView
100
AcDbSpline
210
0
220
0
230
1
 70
8
 71
1
 72
4
 73
2
 74
0
 40
0.000000000
 40
0.000000000
 40
11.717508268
 40
11.717508268
 10
162.737123851
 20
227.458467884
 30
3.000000000
 10
163.031945651
 20
228.532515190
 30
3.000000000
  0
SPLINE
  5
101B
330
A02
100
AcDbEntity
  8
Shape2DView
100
AcDbSpline
210
0
220
0
230
1
 70
8
 71
1
 72
4
 73
2
 74
0
 40
0.000000000
 40
0.000000000
 40
16.600000000
 40
16.600000000
 10
163.031945651
 20
228.532515190
 30
3.000000000
 10
164.610002345
 20
228.532515190
 30
3.000000000
  0
SPLINE
  5
101C
330
A02
100
AcDbEntity
  8
Shape2DView
100
AcDbSpline
210
0
220
0
230
1
 70
8
 71
1
 72
4
 73
2
 74
0
 40
0.000000000
 40
0.000000000
 40
11.717508268
 40
11.717508268
 10
164.610002345
 20
228.532515190
 30
3.000000000
 10
164.904575215
 20
227.458467884
 30
3.000000000
  0
SPLINE
  5
101D
330
A02
100
AcDbEntity
  8
Shape2DView
100
AcDbSpline
210
0
220
0
230
1
 70
8
 71
1
 72
4
 73
2
 74
0
 40
0.000000000
 40
0.000000000
 40
4.900000000
 40
4.900000000
 10
164.904575215
 20
227.458467884
 30
3.000000000
 10
165.370387131
 20
227.458467884
 30
3.000000000
  0
SPLINE
  5
101E
330
A02
100
AcDbEntity
  8
Shape2DView
100
AcDbSpline
210
0
220
0
230
1
 70
8
 71
1
 72
4
 73
2
 74
0
 40
0.000000000
 40
0.000000000
 40
45.743305521
 40
45.743305521
 10
165.370387131
 20
227.458467884
 30
3.000000000
 10
164.287149396
 20
231.669113517
 30
3.000000000
  0
SPLINE
  5
101F
330
A02
100
AcDbEntity
  8
Shape2DView
100
AcDbSpline
210
0
220
0
230
1
 70
8
 71
1
 72
4
 73
2
 74
0
 40
0.000000000
 40
0.000000000
 40
9.700000000
 40
9.700000000
 10
164.287149396
 20
231.669113517
 30
3.000000000
 10
163.365031930
 20
231.669113517
 30
3.000000000
  0
SPLINE
  5
1020
330
A02
100
AcDbEntity
  8
Shape2DView
100
AcDbSpline
210
0
220
0
230
1
 70
8
 71
1
 72
4
 73
2
 74
0
 40
0.000000000
 40
0.000000000
 40
45.768329661
 40
45.768329661
 10
163.365031930
 20
231.669113517
 30
3.000000000
 10
162.271311936
 20
227.458467884
 30
3.000000000
  0
SPLINE
  5
1021
330
A02
100
AcDbEntity
  8
Shape2DView
100
AcDbSpline
210
0
220
0
230
1
 70
8
 71
1
 72
4
 73
2
 74
0
 40
0.000000000
 40
0.000000000
 40
5.500000000
 40
5.500000000
 10
168.546001198
 20
231.669113517
 30
3.000000000
 10
168.023151088
 20
231.669113517
 30
3.000000000
  0
SPLINE
  5
1022
330
A02
100
AcDbEntity
  8
Shape2DView
100
AcDbSpline
210
0
220
0
230
1
 70
8
 71
1
 72
4
 73
2
 74
0
 40
0.000000000
 40
0.000000000
 40
22.858915110
 40
22.858915110
 10
168.023151088
 20
231.669113517
 30
3.000000000
 10
167.005747471
 20
229.749135147
 30
3.000000000
  0
SPLINE
  5
1023
330
A02
100
AcDbEntity
  8
Shape2DView
100
AcDbSpline
210
0
220
0
230
1
 70
8
 71
1
 72
4
 73
2
 74
0
 40
0.000000000
 40
0.000000000
 40
6.007495318
 40
6.007495318
 10
167.005747471
 20
229.749135147
 30
3.000000000
 10
166.435362229
 20
229.720620617
 30
3.000000000
  0
SPLINE
  5
1024
330
A02
100
AcDbEntity
  8
Shape2DView
100
AcDbSpline
210
0
220
0
230
1
 70
8
 71
1
 72
4
 73
2
 74
0
 40
0.000000000
 40
0.000000000
 40
20.500000000
 40
20.500000000
 10
166.435362229
 20
229.720620617
 30
3.000000000
 10
166.435588028
 20
231.669113517
 30
3.000000000
  0
SPLINE
  5
1025
330
A02
100
AcDbEntity
  8
Shape2DView
100
AcDbSpline
210
0
220
0
230
1
 70
8
 71
1
 72
4
 73
2
 74
0
 40
0.000000000
 40
0.000000000
 40
4.800000000
 40
4.800000000
 10
166.435588028
 20
231.669113517
 30
3.000000000
 10
165.979282478
 20
231.669113517
 30
3.000000000
  0
SPLINE
  5
1026
330
A02
100
AcDbEntity
  8
Shape2DView
100
AcDbSpline
210
0
220
0
230
1
 70
8
 71
1
 72
4
 73
2
 74
0
 40
0.000000000
 40
0.000000000
 40
44.300000000
 40
44.300000000
 10
165.979282478
 20
231.669113517
 30
3.000000000
 10
165.978794531
 20
227.458467884
 30
3.000000000
  0
SPLINE
  5
1027
330
A02
100
AcDbEntity
  8
Shape2DView
100
AcDbSpline
210
0
220
0
230
1
 70
8
 71
1
 72
4
 73
2
 74
0
 40
0.000000000
 40
0.000000000
 40
4.800000000
 40
4.800000000
 10
165.978794531
 20
227.458467884
 30
3.000000000
 10
166.435100082
 20
227.458467884
 30
3.000000000
  0
SPLINE
  5
1028
330
A02
100
AcDbEntity
  8
Shape2DView
100
AcDbSpline
210
0
220
0
230
1
 70
8
 71
1
 72
4
 73
2
 74
0
 40
0.000000000
 40
0.000000000
 40
19.500000000
 40
19.500000000
 10
166.435100082
 20
227.458467884
 30
3.000000000
 10
166.435314866
 20
229.311912350
 30
3.000000000
  0
SPLINE
  5
1029
330
A02
100
AcDbEntity
  8
Shape2DView
100
AcDbSpline
210
0
220
0
230
1
 70
8
 71
1
 72
4
 73
2
 74
0
 40
0.000000000
 40
0.000000000
 40
6.103277808
 40
6.103277808
 10
166.435314866
 20
229.311912350
 30
3.000000000
 10
167.015205372
 20
229.330922037
 30
3.000000000
  0
SPLINE
  5
102A
330
A02
100
AcDbEntity
  8
Shape2DView
100
AcDbSpline
210
0
220
0
230
1
 70
8
 71
1
 72
4
 73
2
 74
0
 40
0.000000000
 40
0.000000000
 40
22.710790387
 40
22.710790387
 10
167.015205372
 20
229.330922037
 30
3.000000000
 10
168.089207701
 20
227.458467884
 30
3.000000000
  0
SPLINE
  5
102B
330
A02
100
AcDbEntity
  8
Shape2DView
100
AcDbSpline
210
0
220
0
230
1
 70
8
 71
1
 72
4
 73
2
 74
0
 40
0.000000000
 40
0.000000000
 40
5.500000000
 40
5.500000000
 10
168.089207701
 20
227.458467884
 30
3.000000000
 10
168.612057811
 20
227.458467884
 30
3.000000000
  0
SPLINE
  5
102C
330
A02
100
AcDbEntity
  8
Shape2DView
100
AcDbSpline
210
0
220
0
230
1
 70
8
 71
1
 72
4
 73
2
 74
0
 40
0.000000000
 40
0.000000000
 40
25.700583651
 40
25.700583651
 10
168.612057811
 20
227.458467884
 30
3.000000000
 10
167.414502468
 20
229.587552809
 30
3.000000000
  0
SPLINE
  5
102D
330
A02
100
AcDbEntity
  8
Shape2DView
100
AcDbSpline
210
0
220
0
230
1
 70
8
 71
1
 72
4
 73
2
 74
0
 40
0.000000000
 40
0.000000000
 40
24.924285346
 40
24.924285346
 10
167.414502468
 20
229.587552809
 30
3.000000000
 10
168.546001198
 20
231.669113517
 30
3.000000000
  0
SPLINE
  5
102E
330
A02
100
AcDbEntity
  8
Shape2DView
100
AcDbSpline
210
0
220
0
230
1
 70
8
 71
1
 72
4
 73
2
 74
0
 40
0.000000000
 40
0.000000000
 40
16.000000000
 40
16.000000000
 10
169.629287397
 20
227.876680994
 30
3.000000000
 10
169.629463631
 20
229.397455940
 30
3.000000000
  0
SPLINE
  5
102F
330
A02
100
AcDbEntity
  8
Shape2DView
100
AcDbSpline
210
0
220
0
230
1
 70
8
 71
1
 72
4
 73
2
 74
0
 40
0.000000000
 40
0.000000000
 40
16.300000000
 40
16.300000000
 10
169.629463631
 20
229.397455940
 30
3.000000000
 10
171.179001229
 20
229.397455940
 30
3.000000000
  0
SPLINE
  5
1030
330
A02
100
AcDbEntity
  8
Shape2DView
100
AcDbSpline
210
0
220
0
230
1
 70
8
 71
1
 72
4
 73
2
 74
0
 40
0.000000000
 40
0.000000000
 40
4.300000000
 40
4.300000000
 10
171.179001229
 20
229.397455940
 30
3.000000000
 10
171.179048591
 20
229.806164207
 30
3.000000000
  0
SPLINE
  5
1031
330
A02
100
AcDbEntity
  8
Shape2DView
100
AcDbSpline
210
0
220
0
230
1
 70
8
 71
1
 72
4
 73
2
 74
0
 40
0.000000000
 40
0.000000000
 40
16.300000000
 40
16.300000000
 10
171.179048591
 20
229.806164207
 30
3.000000000
 10
169.629510994
 20
229.806164207
 30
3.000000000
  0
SPLINE
  5
1032
330
A02
100
AcDbEntity
  8
Shape2DView
100
AcDbSpline
210
0
220
0
230
1
 70
8
 71
1
 72
4
 73
2
 74
0
 40
0.000000000
 40
0.000000000
 40
15.200000000
 40
15.200000000
 10
169.629510994
 20
229.806164207
 30
3.000000000
 10
169.629678416
 20
231.250900407
 30
3.000000000
  0
SPLINE
  5
1033
330
A02
100
AcDbEntity
  8
Shape2DView
100
AcDbSpline
210
0
220
0
230
1
 70
8
 71
1
 72
4
 73
2
 74
0
 40
0.000000000
 40
0.000000000
 40
19.900000000
 40
19.900000000
 10
169.629678416
 20
231.250900407
 30
3.000000000
 10
171.521445176
 20
231.250900407
 30
3.000000000
  0
SPLINE
  5
1034
330
A02
100
AcDbEntity
  8
Shape2DView
100
AcDbSpline
210
0
220
0
230
1
 70
8
 71
1
 72
4
 73
2
 74
0
 40
0.000000000
 40
0.000000000
 40
4.400000000
 40
4.400000000
 10
171.521445176
 20
231.250900407
 30
3.000000000
 10
171.521493640
 20
231.669113517
 30
3.000000000
  0
SPLINE
  5
1035
330
A02
100
AcDbEntity
  8
Shape2DView
100
AcDbSpline
210
0
220
0
230
1
 70
8
 71
1
 72
4
 73
2
 74
0
 40
0.000000000
 40
0.000000000
 40
24.700000000
 40
24.700000000
 10
171.521493640
 20
231.669113517
 30
3.000000000
 10
169.173421330
 20
231.669113517
 30
3.000000000
  0
SPLINE
  5
1036
330
A02
100
AcDbEntity
  8
Shape2DView
100
AcDbSpline
210
0
220
0
230
1
 70
8
 71
1
 72
4
 73
2
 74
0
 40
0.000000000
 40
0.000000000
 40
44.300000000
 40
44.300000000
 10
169.173421330
 20
231.669113517
 30
3.000000000
 10
169.172933383
 20
227.458467884
 30
3.000000000
  0
SPLINE
  5
1037
330
A02
100
AcDbEntity
  8
Shape2DView
100
AcDbSpline
210
0
220
0
230
1
 70
8
 71
1
 72
4
 73
2
 74
0
 40
0.000000000
 40
0.000000000
 40
24.700000000
 40
24.700000000
 10
169.172933383
 20
227.458467884
 30
3.000000000
 10
171.521005694
 20
227.458467884
 30
3.000000000
  0
SPLINE
  5
1038
330
A02
100
AcDbEntity
  8
Shape2DView
100
AcDbSpline
210
0
220
0
230
1
 70
8
 71
1
 72
4
 73
2
 74
0
 40
0.000000000
 40
0.000000000
 40
4.400000000
 40
4.400000000
 10
171.521005694
 20
227.458467884
 30
3.000000000
 10
171.521054158
 20
227.876680994
 30
3.000000000
  0
SPLINE
  5
1039
330
A02
100
AcDbEntity
  8
Shape2DView
100
AcDbSpline
210
0
220
0
230
1
 70
8
 71
1
 72
4
 73
2
 74
0
 40
0.000000000
 40
0.000000000
 40
19.900000000
 40
19.900000000
 10
171.521054158
 20
227.876680994
 30
3.000000000
 10
169.629287397
 20
227.876680994
 30
3.000000000
  0
SPLINE
  5
103A
330
A02
100
AcDbEntity
  8
Shape2DView
100
AcDbSpline
210
0
220
0
230
1
 70
8
 71
3
 72
8
 73
4
 74
0
 40
0.000000000
 40
0.000000000
 40
0.000000000
 40
0.000000000
 40
1.000000000
 40
1.000000000
 40
1.000000000
 40
1.000000000
 10
174.430292826
 20
230.385959656
 30
3.000000000
 10
174.430221231
 20
229.768144834
 30
3.000000000
 10
174.183021579
 20
229.473494688
 30
3.000000000
 10
173.641158738
 20
229.473494688
 30
3.000000000
  0
SPLINE
  5
103B
330
A02
100
AcDbEntity
  8
Shape2DView
100
AcDbSpline
210
0
220
0
230
1
 70
8
 71
1
 72
4
 73
2
 74
0
 40
0.000000000
 40
0.000000000
 40
9.700000000
 40
9.700000000
 10
173.641158738
 20
229.473494688
 30
3.000000000
 10
172.719041272
 20
229.473494688
 30
3.000000000
  0
SPLINE
  5
103C
330
A02
100
AcDbEntity
  8
Shape2DView
100
AcDbSpline
210
0
220
0
230
1
 70
8
 71
1
 72
4
 73
2
 74
0
 40
0.000000000
 40
0.000000000
 40
18.800000000
 40
18.800000000
 10
172.719041272
 20
229.473494688
 30
3.000000000
 10
172.719248347
 20
231.260405250
 30
3.000000000
  0
SPLINE
  5
103D
330
A02
100
AcDbEntity
  8
Shape2DView
100
AcDbSpline
210
0
220
0
230
1
 70
8
 71
1
 72
4
 73
2
 74
0
 40
0.000000000
 40
0.000000000
 40
9.700000000
 40
9.700000000
 10
172.719248347
 20
231.260405250
 30
3.000000000
 10
173.641365813
 20
231.260405250
 30
3.000000000
  0
SPLINE
  5
103E
330
A02
100
AcDbEntity
  8
Shape2DView
100
AcDbSpline
210
0
220
0
230
1
 70
8
 71
3
 72
8
 73
4
 74
0
 40
0.000000000
 40
0.000000000
 40
0.000000000
 40
0.000000000
 40
1.000000000
 40
1.000000000
 40
1.000000000
 40
1.000000000
 10
173.641365813
 20
231.260405250
 30
3.000000000
 10
174.183228654
 20
231.260405250
 30
3.000000000
 10
174.430361116
 20
230.975259948
 30
3.000000000
 10
174.430292826
 20
230.385959656
 30
3.000000000
  0
SPLINE
  5
103F
330
A02
100
AcDbEntity
  8
Shape2DView
100
AcDbSpline
210
0
220
0
230
1
 70
8
 71
1
 72
4
 73
2
 74
0
 40
0.000000000
 40
0.000000000
 40
5.300000000
 40
5.300000000
 10
174.506004501
 20
227.458467884
 30
3.000000000
 10
175.009841880
 20
227.458467884
 30
3.000000000
  0
SPLINE
  5
1040
330
A02
100
AcDbEntity
  8
Shape2DView
100
AcDbSpline
210
0
220
0
230
1
 70
8
 71
1
 72
4
 73
2
 74
0
 40
0.000000000
 40
0.000000000
 40
19.815650380
 40
19.815650380
 10
175.009841880
 20
227.458467884
 30
3.000000000
 10
174.201997962
 20
229.159834855
 30
3.000000000
  0
SPLINE
  5
1041
330
A02
100
AcDbEntity
  8
Shape2DView
100
AcDbSpline
210
0
220
0
230
1
 70
8
 71
3
 72
8
 73
4
 74
0
 40
0.000000000
 40
0.000000000
 40
0.000000000
 40
0.000000000
 40
1.000000000
 40
1.000000000
 40
1.000000000
 40
1.000000000
 10
174.201997962
 20
229.159834855
 30
3.000000000
 10
174.601281841
 20
229.302407506
 30
3.000000000
 10
174.905521889
 20
229.616067339
 30
3.000000000
 10
174.905611107
 20
230.385959656
 30
3.000000000
  0
SPLINE
  5
1042
330
A02
100
AcDbEntity
  8
Shape2DView
100
AcDbSpline
210
0
220
0
230
1
 70
8
 71
3
 72
8
 73
4
 74
0
 40
0.000000000
 40
0.000000000
 40
0.000000000
 40
0.000000000
 40
1.000000000
 40
1.000000000
 40
1.000000000
 40
1.000000000
 10
174.905611107
 20
230.385959656
 30
3.000000000
 10
174.905713543
 20
231.269910093
 30
3.000000000
 10
174.468465884
 20
231.659608674
 30
3.000000000
 10
173.641412074
 20
231.659608674
 30
3.000000000
  0
SPLINE
  5
1043
330
A02
100
AcDbEntity
  8
Shape2DView
100
AcDbSpline
210
0
220
0
230
1
 70
8
 71
1
 72
4
 73
2
 74
0
 40
0.000000000
 40
0.000000000
 40
14.600000000
 40
14.600000000
 10
173.641412074
 20
231.659608674
 30
3.000000000
 10
172.253482692
 20
231.659608674
 30
3.000000000
  0
SPLINE
  5
1044
330
A02
100
AcDbEntity
  8
Shape2DView
100
AcDbSpline
210
0
220
0
230
1
 70
8
 71
1
 72
4
 73
2
 74
0
 40
0.000000000
 40
0.000000000
 40
44.300000000
 40
44.300000000
 10
172.253482692
 20
231.659608674
 30
3.000000000
 10
172.252994746
 20
227.448963040
 30
3.000000000
  0
SPLINE
  5
1045
330
A02
100
AcDbEntity
  8
Shape2DView
100
AcDbSpline
210
0
220
0
230
1
 70
8
 71
1
 72
4
 73
2
 74
0
 40
0.000000000
 40
0.000000000
 40
4.900000000
 40
4.900000000
 10
172.252994746
 20
227.448963040
 30
3.000000000
 10
172.718806661
 20
227.448963040
 30
3.000000000
  0
SPLINE
  5
1046
330
A02
100
AcDbEntity
  8
Shape2DView
100
AcDbSpline
210
0
220
0
230
1
 70
8
 71
1
 72
4
 73
2
 74
0
 40
0.000000000
 40
0.000000000
 40
17.000000000
 40
17.000000000
 10
172.718806661
 20
227.448963040
 30
3.000000000
 10
172.718993910
 20
229.064786421
 30
3.000000000
  0
SPLINE
  5
1047
330
A02
100
AcDbEntity
  8
Shape2DView
100
AcDbSpline
210
0
220
0
230
1
 70
8
 71
1
 72
4
 73
2
 74
0
 40
0.000000000
 40
0.000000000
 40
10.900000000
 40
10.900000000
 10
172.718993910
 20
229.064786421
 30
3.000000000
 10
173.755187763
 20
229.064786421
 30
3.000000000
  0
SPLINE
  5
1048
330
A02
100
AcDbEntity
  8
Shape2DView
100
AcDbSpline
210
0
220
0
230
1
 70
8
 71
1
 72
4
 73
2
 74
0
 40
0.000000000
 40
0.000000000
 40
18.655294155
 40
18.655294155
 10
173.755187763
 20
229.064786421
 30
3.000000000
 10
174.506004501
 20
227.458467884
 30
3.000000000
  0
SPLINE
  5
1049
330
A02
100
AcDbEntity
  8
Shape2DView
100
AcDbSpline
210
0
220
0
230
1
 70
8
 71
1
 72
4
 73
2
 74
0
 40
0.000000000
 40
0.000000000
 40
4.200000000
 40
4.200000000
 10
175.628083881
 20
230.290911222
 30
3.000000000
 10
176.027351237
 20
230.290911222
 30
3.000000000
  0
SPLINE
  5
104A
330
A02
100
AcDbEntity
  8
Shape2DView
100
AcDbSpline
210
0
220
0
230
1
 70
8
 71
1
 72
4
 73
2
 74
0
 40
0.000000000
 40
0.000000000
 40
14.600342462
 40
14.600342462
 10
176.027351237
 20
230.290911222
 30
3.000000000
 10
176.037018416
 20
231.678618360
 30
3.000000000
  0
SPLINE
  5
104B
330
A02
100
AcDbEntity
  8
Shape2DView
100
AcDbSpline
210
0
220
0
230
1
 70
8
 71
1
 72
4
 73
2
 74
0
 40
0.000000000
 40
0.000000000
 40
4.500000000
 40
4.500000000
 10
176.037018416
 20
231.678618360
 30
3.000000000
 10
175.609231962
 20
231.678618360
 30
3.000000000
  0
SPLINE
  5
104C
330
A02
100
AcDbEntity
  8
Shape2DView
100
AcDbSpline
210
0
220
0
230
1
 70
8
 71
1
 72
4
 73
2
 74
0
 40
0.000000000
 40
0.000000000
 40
14.601369799
 40
14.601369799
 10
175.609231962
 20
231.678618360
 30
3.000000000
 10
175.628083881
 20
230.290911222
 30
3.000000000
  0
SPLINE
  5
104D
330
A02
100
AcDbEntity
  8
Shape2DView
100
AcDbSpline
210
0
220
0
230
1
 70
8
 71
3
 72
8
 73
4
 74
0
 40
0.000000000
 40
0.000000000
 40
0.000000000
 40
0.000000000
 40
1.000000000
 40
1.000000000
 40
1.000000000
 40
1.000000000
 10
179.098059337
 20
231.602579613
 30
3.000000000
 10
179.098059337
 20
231.602579613
 30
3.000000000
 10
178.451640793
 20
231.726142577
 30
3.000000000
 10
177.976322512
 20
231.726142577
 30
3.000000000
  0
SPLINE
  5
104E
330
A02
100
AcDbEntity
  8
Shape2DView
100
AcDbSpline
210
0
220
0
230
1
 70
8
 71
3
 72
8
 73
4
 74
0
 40
0.000000000
 40
0.000000000
 40
0.000000000
 40
0.000000000
 40
1.000000000
 40
1.000000000
 40
1.000000000
 40
1.000000000
 10
177.976322512
 20
231.726142577
 30
3.000000000
 10
177.139762336
 20
231.726142577
 30
3.000000000
 10
176.683414930
 20
231.364958528
 30
3.000000000
 10
176.683321306
 20
230.557046837
 30
3.000000000
  0
SPLINE
  5
104F
330
A02
100
AcDbEntity
  8
Shape2DView
100
AcDbSpline
210
0
220
0
230
1
 70
8
 71
3
 72
8
 73
4
 74
0
 40
0.000000000
 40
0.000000000
 40
0.000000000
 40
0.000000000
 40
1.000000000
 40
1.000000000
 40
1.000000000
 40
1.000000000
 10
176.683321306
 20
230.557046837
 30
3.000000000
 10
176.683238697
 20
229.844183581
 30
3.000000000
 10
177.101491248
 20
229.606562496
 30
3.000000000
 10
177.880991201
 20
229.416465627
 30
3.000000000
  0
SPLINE
  5
1050
330
A02
100
AcDbEntity
  8
Shape2DView
100
AcDbSpline
210
0
220
0
230
1
 70
8
 71
3
 72
8
 73
4
 74
0
 40
0.000000000
 40
0.000000000
 40
0.000000000
 40
0.000000000
 40
1.000000000
 40
1.000000000
 40
1.000000000
 40
1.000000000
 10
177.880991201
 20
229.416465627
 30
3.000000000
 10
178.451358819
 20
229.292902663
 30
3.000000000
 10
178.736533266
 20
229.150330012
 30
3.000000000
 10
178.736473788
 20
228.637068467
 30
3.000000000
  0
SPLINE
  5
1051
330
A02
100
AcDbEntity
  8
Shape2DView
100
AcDbSpline
210
0
220
0
230
1
 70
8
 71
3
 72
8
 73
4
 74
0
 40
0.000000000
 40
0.000000000
 40
0.000000000
 40
0.000000000
 40
1.000000000
 40
1.000000000
 40
1.000000000
 40
1.000000000
 10
178.736473788
 20
228.637068467
 30
3.000000000
 10
178.736409903
 20
228.085787549
 30
3.000000000
 10
178.489211353
 20
227.800642247
 30
3.000000000
 10
177.947348512
 20
227.800642247
 30
3.000000000
  0
SPLINE
  5
1052
330
A02
100
AcDbEntity
  8
Shape2DView
100
AcDbSpline
210
0
220
0
230
1
 70
8
 71
3
 72
8
 73
4
 74
0
 40
0.000000000
 40
0.000000000
 40
0.000000000
 40
0.000000000
 40
1.000000000
 40
1.000000000
 40
1.000000000
 40
1.000000000
 10
177.947348512
 20
227.800642247
 30
3.000000000
 10
177.548081155
 20
227.800642247
 30
3.000000000
 10
176.768569087
 20
227.886185837
 30
3.000000000
 10
176.768569087
 20
227.886185837
 30
3.000000000
  0
SPLINE
  5
1053
330
A02
100
AcDbEntity
  8
Shape2DView
100
AcDbSpline
210
0
220
0
230
1
 70
8
 71
1
 72
4
 73
2
 74
0
 40
0.000000000
 40
0.000000000
 40
4.011234224
 40
4.011234224
 10
176.768569087
 20
227.886185837
 30
3.000000000
 10
176.740005932
 20
227.505992101
 30
3.000000000
  0
SPLINE
  5
1054
330
A02
100
AcDbEntity
  8
Shape2DView
100
AcDbSpline
210
0
220
0
230
1
 70
8
 71
3
 72
8
 73
4
 74
0
 40
0.000000000
 40
0.000000000
 40
0.000000000
 40
0.000000000
 40
1.000000000
 40
1.000000000
 40
1.000000000
 40
1.000000000
 10
176.740005932
 20
227.505992101
 30
3.000000000
 10
176.740005932
 20
227.505992101
 30
3.000000000
 10
177.471982868
 20
227.391933980
 30
3.000000000
 10
177.947301149
 20
227.391933980
 30
3.000000000
  0
SPLINE
  5
1055
330
A02
100
AcDbEntity
  8
Shape2DView
100
AcDbSpline
210
0
220
0
230
1
 70
8
 71
3
 72
8
 73
4
 74
0
 40
0.000000000
 40
0.000000000
 40
0.000000000
 40
0.000000000
 40
1.000000000
 40
1.000000000
 40
1.000000000
 40
1.000000000
 10
177.947301149
 20
227.391933980
 30
3.000000000
 10
178.812380421
 20
227.391933980
 30
3.000000000
 10
179.211699547
 20
227.838661620
 30
3.000000000
 10
179.211797576
 20
228.684592684
 30
3.000000000
  0
SPLINE
  5
1056
330
A02
100
AcDbEntity
  8
Shape2DView
100
AcDbSpline
210
0
220
0
230
1
 70
8
 71
3
 72
8
 73
4
 74
0
 40
0.000000000
 40
0.000000000
 40
0.000000000
 40
0.000000000
 40
1.000000000
 40
1.000000000
 40
1.000000000
 40
1.000000000
 10
179.211797576
 20
228.684592684
 30
3.000000000
 10
179.211884592
 20
229.435475314
 30
3.000000000
 10
178.831654199
 20
229.644581869
 30
3.000000000
 10
178.080673343
 20
229.834678738
 30
3.000000000
  0
SPLINE
  5
1057
330
A02
100
AcDbEntity
  8
Shape2DView
100
AcDbSpline
210
0
220
0
230
1
 70
8
 71
3
 72
8
 73
4
 74
0
 40
0.000000000
 40
0.000000000
 40
0.000000000
 40
0.000000000
 40
1.000000000
 40
1.000000000
 40
1.000000000
 40
1.000000000
 10
178.080673343
 20
229.834678738
 30
3.000000000
 10
177.443765571
 20
229.996261076
 30
3.000000000
 10
177.168093083
 20
230.100814353
 30
3.000000000
 10
177.168151461
 20
230.604571054
 30
3.000000000
  0
SPLINE
  5
1058
330
A02
100
AcDbEntity
  8
Shape2DView
100
AcDbSpline
210
0
220
0
230
1
 70
8
 71
3
 72
8
 73
4
 74
0
 40
0.000000000
 40
0.000000000
 40
0.000000000
 40
0.000000000
 40
1.000000000
 40
1.000000000
 40
1.000000000
 40
1.000000000
 10
177.168151461
 20
230.604571054
 30
3.000000000
 10
177.168209838
 20
231.108327755
 30
3.000000000
 10
177.443917572
 20
231.307929467
 30
3.000000000
 10
178.004793144
 20
231.307929467
 30
3.000000000
  0
SPLINE
  5
1059
330
A02
100
AcDbEntity
  8
Shape2DView
100
AcDbSpline
210
0
220
0
230
1
 70
8
 71
3
 72
8
 73
4
 74
0
 40
0.000000000
 40
0.000000000
 40
0.000000000
 40
0.000000000
 40
1.000000000
 40
1.000000000
 40
1.000000000
 40
1.000000000
 10
178.004793144
 20
231.307929467
 30
3.000000000
 10
178.413566866
 20
231.307929467
 30
3.000000000
 10
179.079002547
 20
231.222385876
 30
3.000000000
 10
179.079002547
 20
231.222385876
 30
3.000000000
  0
SPLINE
  5
105A
330
A02
100
AcDbEntity
  8
Shape2DView
100
AcDbSpline
210
0
220
0
230
1
 70
8
 71
1
 72
4
 73
2
 74
0
 40
0.000000000
 40
0.000000000
 40
4.004996879
 40
4.004996879
 10
179.079002547
 20
231.222385876
 30
3.000000000
 10
179.098059337
 20
231.602579613
 30
3.000000000
  0
SPLINE
  5
105B
330
A02
100
AcDbEntity
  8
Shape2DView
100
AcDbSpline
210
0
220
0
230
1
 70
8
 71
1
 72
4
 73
2
 74
0
 40
0.000000000
 40
0.000000000
 40
1.900000000
 40
1.900000000
 10
159.105403598
 20
224.968198909
 30
3.000000000
 10
159.286024545
 20
224.968198909
 30
3.000000000
  0
SPLINE
  5
105C
330
A02
100
AcDbEntity
  8
Shape2DView
100
AcDbSpline
210
0
220
0
230
1
 70
8
 71
1
 72
4
 73
2
 74
0
 40
0.000000000
 40
0.000000000
 40
25.103386226
 40
25.103386226
 10
159.286024545
 20
224.968198909
 30
3.000000000
 10
159.884657925
 20
222.658521958
 30
3.000000000
  0
SPLINE
  5
105D
330
A02
100
AcDbEntity
  8
Shape2DView
100
AcDbSpline
210
0
220
0
230
1
 70
8
 71
1
 72
4
 73
2
 74
0
 40
0.000000000
 40
0.000000000
 40
14.600000000
 40
14.600000000
 10
159.884657925
 20
222.658521958
 30
3.000000000
 10
158.496728543
 20
222.658521958
 30
3.000000000
  0
SPLINE
  5
105E
330
A02
100
AcDbEntity
  8
Shape2DView
100
AcDbSpline
210
0
220
0
230
1
 70
8
 71
1
 72
4
 73
2
 74
0
 40
0.000000000
 40
0.000000000
 40
25.128668886
 40
25.128668886
 10
158.496728543
 20
222.658521958
 30
3.000000000
 10
159.105403598
 20
224.968198909
 30
3.000000000
  0
SPLINE
  5
105F
330
A02
100
AcDbEntity
  8
Shape2DView
100
AcDbSpline
210
0
220
0
230
1
 70
8
 71
1
 72
4
 73
2
 74
0
 40
0.000000000
 40
0.000000000
 40
4.900000000
 40
4.900000000
 10
157.640983809
 20
221.175766385
 30
3.000000000
 10
158.106795725
 20
221.175766385
 30
3.000000000
  0
SPLINE
  5
1060
330
A02
100
AcDbEntity
  8
Shape2DView
100
AcDbSpline
210
0
220
0
230
1
 70
8
 71
1
 72
4
 73
2
 74
0
 40
0.000000000
 40
0.000000000
 40
11.717508268
 40
11.717508268
 10
158.106795725
 20
221.175766385
 30
3.000000000
 10
158.401617524
 20
222.249813692
 30
3.000000000
  0
SPLINE
  5
1061
330
A02
100
AcDbEntity
  8
Shape2DView
100
AcDbSpline
210
0
220
0
230
1
 70
8
 71
1
 72
4
 73
2
 74
0
 40
0.000000000
 40
0.000000000
 40
16.600000000
 40
16.600000000
 10
158.401617524
 20
222.249813692
 30
3.000000000
 10
159.979674219
 20
222.249813692
 30
3.000000000
  0
SPLINE
  5
1062
330
A02
100
AcDbEntity
  8
Shape2DView
100
AcDbSpline
210
0
220
0
230
1
 70
8
 71
1
 72
4
 73
2
 74
0
 40
0.000000000
 40
0.000000000
 40
11.717508268
 40
11.717508268
 10
159.979674219
 20
222.249813692
 30
3.000000000
 10
160.274247089
 20
221.175766385
 30
3.000000000
  0
SPLINE
  5
1063
330
A02
100
AcDbEntity
  8
Shape2DView
100
AcDbSpline
210
0
220
0
230
1
 70
8
 71
1
 72
4
 73
2
 74
0
 40
0.000000000
 40
0.000000000
 40
4.900000000
 40
4.900000000
 10
160.274247089
 20
221.175766385
 30
3.000000000
 10
160.740059004
 20
221.175766385
 30
3.000000000
  0
SPLINE
  5
1064
330
A02
100
AcDbEntity
  8
Shape2DView
100
AcDbSpline
210
0
220
0
230
1
 70
8
 71
1
 72
4
 73
2
 74
0
 40
0.000000000
 40
0.000000000
 40
45.743305521
 40
45.743305521
 10
160.740059004
 20
221.175766385
 30
3.000000000
 10
159.656821269
 20
225.386412019
 30
3.000000000
  0
SPLINE
  5
1065
330
A02
100
AcDbEntity
  8
Shape2DView
100
AcDbSpline
210
0
220
0
230
1
 70
8
 71
1
 72
4
 73
2
 74
0
 40
0.000000000
 40
0.000000000
 40
9.700000000
 40
9.700000000
 10
159.656821269
 20
225.386412019
 30
3.000000000
 10
158.734703803
 20
225.386412019
 30
3.000000000
  0
SPLINE
  5
1066
330
A02
100
AcDbEntity
  8
Shape2DView
100
AcDbSpline
210
0
220
0
230
1
 70
8
 71
1
 72
4
 73
2
 74
0
 40
0.000000000
 40
0.000000000
 40
45.768329661
 40
45.768329661
 10
158.734703803
 20
225.386412019
 30
3.000000000
 10
157.640983809
 20
221.175766385
 30
3.000000000
  0
SPLINE
  5
1067
330
A02
100
AcDbEntity
  8
Shape2DView
100
AcDbSpline
210
0
220
0
230
1
 70
8
 71
3
 72
8
 73
4
 74
0
 40
0.000000000
 40
0.000000000
 40
0.000000000
 40
0.000000000
 40
1.000000000
 40
1.000000000
 40
1.000000000
 40
1.000000000
 10
163.506891639
 20
225.319878115
 30
3.000000000
 10
163.506891639
 20
225.319878115
 30
3.000000000
 10
162.860473095
 20
225.443441079
 30
3.000000000
 10
162.385154814
 20
225.443441079
 30
3.000000000
  0
SPLINE
  5
1068
330
A02
100
AcDbEntity
  8
Shape2DView
100
AcDbSpline
210
0
220
0
230
1
 70
8
 71
3
 72
8
 73
4
 74
0
 40
0.000000000
 40
0.000000000
 40
0.000000000
 40
0.000000000
 40
1.000000000
 40
1.000000000
 40
1.000000000
 40
1.000000000
 10
162.385154814
 20
225.443441079
 30
3.000000000
 10
161.548594638
 20
225.443441079
 30
3.000000000
 10
161.092247233
 20
225.082257030
 30
3.000000000
 10
161.092153609
 20
224.274345339
 30
3.000000000
  0
SPLINE
  5
1069
330
A02
100
AcDbEntity
  8
Shape2DView
100
AcDbSpline
210
0
220
0
230
1
 70
8
 71
3
 72
8
 73
4
 74
0
 40
0.000000000
 40
0.000000000
 40
0.000000000
 40
0.000000000
 40
1.000000000
 40
1.000000000
 40
1.000000000
 40
1.000000000
 10
161.092153609
 20
224.274345339
 30
3.000000000
 10
161.092070999
 20
223.561482083
 30
3.000000000
 10
161.510323550
 20
223.323860998
 30
3.000000000
 10
162.289823503
 20
223.133764129
 30
3.000000000
  0
SPLINE
  5
106A
330
A02
100
AcDbEntity
  8
Shape2DView
100
AcDbSpline
210
0
220
0
230
1
 70
8
 71
3
 72
8
 73
4
 74
0
 40
0.000000000
 40
0.000000000
 40
0.000000000
 40
0.000000000
 40
1.000000000
 40
1.000000000
 40
1.000000000
 40
1.000000000
 10
162.289823503
 20
223.133764129
 30
3.000000000
 10
162.860191122
 20
223.010201165
 30
3.000000000
 10
163.145365569
 20
222.867628514
 30
3.000000000
 10
163.145306090
 20
222.354366969
 30
3.000000000
  0
SPLINE
  5
106B
330
A02
100
AcDbEntity
  8
Shape2DView
100
AcDbSpline
210
0
220
0
230
1
 70
8
 71
3
 72
8
 73
4
 74
0
 40
0.000000000
 40
0.000000000
 40
0.000000000
 40
0.000000000
 40
1.000000000
 40
1.000000000
 40
1.000000000
 40
1.000000000
 10
163.145306090
 20
222.354366969
 30
3.000000000
 10
163.145242205
 20
221.803086051
 30
3.000000000
 10
162.898043655
 20
221.517940748
 30
3.000000000
 10
162.356180814
 20
221.517940748
 30
3.000000000
  0
SPLINE
  5
106C
330
A02
100
AcDbEntity
  8
Shape2DView
100
AcDbSpline
210
0
220
0
230
1
 70
8
 71
3
 72
8
 73
4
 74
0
 40
0.000000000
 40
0.000000000
 40
0.000000000
 40
0.000000000
 40
1.000000000
 40
1.000000000
 40
1.000000000
 40
1.000000000
 10
162.356180814
 20
221.517940748
 30
3.000000000
 10
161.956913458
 20
221.517940748
 30
3.000000000
 10
161.177401389
 20
221.603484339
 30
3.000000000
 10
161.177401389
 20
221.603484339
 30
3.000000000
  0
SPLINE
  5
106D
330
A02
100
AcDbEntity
  8
Shape2DView
100
AcDbSpline
210
0
220
0
230
1
 70
8
 71
1
 72
4
 73
2
 74
0
 40
0.000000000
 40
0.000000000
 40
4.011234224
 40
4.011234224
 10
161.177401389
 20
221.603484339
 30
3.000000000
 10
161.148838234
 20
221.223290603
 30
3.000000000
  0
SPLINE
  5
106E
330
A02
100
AcDbEntity
  8
Shape2DView
100
AcDbSpline
210
0
220
0
230
1
 70
8
 71
3
 72
8
 73
4
 74
0
 40
0.000000000
 40
0.000000000
 40
0.000000000
 40
0.000000000
 40
1.000000000
 40
1.000000000
 40
1.000000000
 40
1.000000000
 10
161.148838234
 20
221.223290603
 30
3.000000000
 10
161.148838234
 20
221.223290603
 30
3.000000000
 10
161.880815170
 20
221.109232482
 30
3.000000000
 10
162.356133451
 20
221.109232482
 30
3.000000000
  0
SPLINE
  5
106F
330
A02
100
AcDbEntity
  8
Shape2DView
100
AcDbSpline
210
0
220
0
230
1
 70
8
 71
3
 72
8
 73
4
 74
0
 40
0.000000000
 40
0.000000000
 40
0.000000000
 40
0.000000000
 40
1.000000000
 40
1.000000000
 40
1.000000000
 40
1.000000000
 10
162.356133451
 20
221.109232482
 30
3.000000000
 10
163.221212724
 20
221.109232482
 30
3.000000000
 10
163.620531849
 20
221.555960122
 30
3.000000000
 10
163.620629879
 20
222.401891186
 30
3.000000000
  0
SPLINE
  5
1070
330
A02
100
AcDbEntity
  8
Shape2DView
100
AcDbSpline
210
0
220
0
230
1
 70
8
 71
3
 72
8
 73
4
 74
0
 40
0.000000000
 40
0.000000000
 40
0.000000000
 40
0.000000000
 40
1.000000000
 40
1.000000000
 40
1.000000000
 40
1.000000000
 10
163.620629879
 20
222.401891186
 30
3.000000000
 10
163.620716894
 20
223.152773816
 30
3.000000000
 10
163.240486501
 20
223.361880371
 30
3.000000000
 10
162.489505645
 20
223.551977240
 30
3.000000000
  0
SPLINE
  5
1071
330
A02
100
AcDbEntity
  8
Shape2DView
100
AcDbSpline
210
0
220
0
230
1
 70
8
 71
3
 72
8
 73
4
 74
0
 40
0.000000000
 40
0.000000000
 40
0.000000000
 40
0.000000000
 40
1.000000000
 40
1.000000000
 40
1.000000000
 40
1.000000000
 10
162.489505645
 20
223.551977240
 30
3.000000000
 10
161.852597873
 20
223.713559578
 30
3.000000000
 10
161.576925386
 20
223.818112855
 30
3.000000000
 10
161.576983763
 20
224.321869556
 30
3.000000000
  0
SPLINE
  5
1072
330
A02
100
AcDbEntity
  8
Shape2DView
100
AcDbSpline
210
0
220
0
230
1
 70
8
 71
3
 72
8
 73
4
 74
0
 40
0.000000000
 40
0.000000000
 40
0.000000000
 40
0.000000000
 40
1.000000000
 40
1.000000000
 40
1.000000000
 40
1.000000000
 10
161.576983763
 20
224.321869556
 30
3.000000000
 10
161.577042140
 20
224.825626257
 30
3.000000000
 10
161.852749874
 20
225.025227969
 30
3.000000000
 10
162.413625446
 20
225.025227969
 30
3.000000000
  0
SPLINE
  5
1073
330
A02
100
AcDbEntity
  8
Shape2DView
100
AcDbSpline
210
0
220
0
230
1
 70
8
 71
3
 72
8
 73
4
 74
0
 40
0.000000000
 40
0.000000000
 40
0.000000000
 40
0.000000000
 40
1.000000000
 40
1.000000000
 40
1.000000000
 40
1.000000000
 10
162.413625446
 20
225.025227969
 30
3.000000000
 10
162.822399169
 20
225.025227969
 30
3.000000000
 10
163.487834849
 20
224.939684378
 30
3.000000000
 10
163.487834849
 20
224.939684378
 30
3.000000000
  0
SPLINE
  5
1074
330
A02
100
AcDbEntity
  8
Shape2DView
100
AcDbSpline
210
0
220
0
230
1
 70
8
 71
1
 72
4
 73
2
 74
0
 40
0.000000000
 40
0.000000000
 40
4.004996879
 40
4.004996879
 10
163.487834849
 20
224.939684378
 30
3.000000000
 10
163.506891639
 20
225.319878115
 30
3.000000000
  0
SPLINE
  5
1075
330
A02
100
AcDbEntity
  8
Shape2DView
100
AcDbSpline
210
0
220
0
230
1
 70
8
 71
1
 72
4
 73
2
 74
0
 40
0.000000000
 40
0.000000000
 40
5.300000000
 40
5.300000000
 10
164.352965890
 20
225.386412019
 30
3.000000000
 10
163.849128512
 20
225.386412019
 30
3.000000000
  0
SPLINE
  5
1076
330
A02
100
AcDbEntity
  8
Shape2DView
100
AcDbSpline
210
0
220
0
230
1
 70
8
 71
1
 72
4
 73
2
 74
0
 40
0.000000000
 40
0.000000000
 40
28.755868966
 40
28.755868966
 10
163.849128512
 20
225.386412019
 30
3.000000000
 10
165.075166603
 20
222.943667261
 30
3.000000000
  0
SPLINE
  5
1077
330
A02
100
AcDbEntity
  8
Shape2DView
100
AcDbSpline
210
0
220
0
230
1
 70
8
 71
1
 72
4
 73
2
 74
0
 40
0.000000000
 40
0.000000000
 40
18.600000000
 40
18.600000000
 10
165.075166603
 20
222.943667261
 30
3.000000000
 10
165.074961732
 20
221.175766385
 30
3.000000000
  0
SPLINE
  5
1078
330
A02
100
AcDbEntity
  8
Shape2DView
100
AcDbSpline
210
0
220
0
230
1
 70
8
 71
1
 72
4
 73
2
 74
0
 40
0.000000000
 40
0.000000000
 40
4.700000000
 40
4.700000000
 10
165.074961732
 20
221.175766385
 30
3.000000000
 10
165.521760916
 20
221.175766385
 30
3.000000000
  0
SPLINE
  5
1079
330
A02
100
AcDbEntity
  8
Shape2DView
100
AcDbSpline
210
0
220
0
230
1
 70
8
 71
1
 72
4
 73
2
 74
0
 40
0.000000000
 40
0.000000000
 40
18.600000000
 40
18.600000000
 10
165.521760916
 20
221.175766385
 30
3.000000000
 10
165.521965788
 20
222.943667261
 30
3.000000000
  0
SPLINE
  5
107A
330
A02
100
AcDbEntity
  8
Shape2DView
100
AcDbSpline
210
0
220
0
230
1
 70
8
 71
1
 72
4
 73
2
 74
0
 40
0.000000000
 40
0.000000000
 40
28.711147661
 40
28.711147661
 10
165.521965788
 20
222.943667261
 30
3.000000000
 10
166.739063664
 20
225.386412019
 30
3.000000000
  0
SPLINE
  5
107B
330
A02
100
AcDbEntity
  8
Shape2DView
100
AcDbSpline
210
0
220
0
230
1
 70
8
 71
1
 72
4
 73
2
 74
0
 40
0.000000000
 40
0.000000000
 40
5.200000000
 40
5.200000000
 10
166.739063664
 20
225.386412019
 30
3.000000000
 10
166.244732651
 20
225.386412019
 30
3.000000000
  0
SPLINE
  5
107C
330
A02
100
AcDbEntity
  8
Shape2DView
100
AcDbSpline
210
0
220
0
230
1
 70
8
 71
1
 72
4
 73
2
 74
0
 40
0.000000000
 40
0.000000000
 40
22.719154914
 40
22.719154914
 10
166.244732651
 20
225.386412019
 30
3.000000000
 10
165.293871390
 20
223.447423962
 30
3.000000000
  0
SPLINE
  5
107D
330
A02
100
AcDbEntity
  8
Shape2DView
100
AcDbSpline
210
0
220
0
230
1
 70
8
 71
1
 72
4
 73
2
 74
0
 40
0.000000000
 40
0.000000000
 40
22.675316977
 40
22.675316977
 10
165.293871390
 20
223.447423962
 30
3.000000000
 10
164.352965890
 20
225.386412019
 30
3.000000000
  0
SPLINE
  5
107E
330
A02
100
AcDbEntity
  8
Shape2DView
100
AcDbSpline
210
0
220
0
230
1
 70
8
 71
1
 72
4
 73
2
 74
0
 40
0.000000000
 40
0.000000000
 40
4.900000000
 40
4.900000000
 10
167.746738420
 20
225.386412019
 30
3.000000000
 10
167.280926504
 20
225.386412019
 30
3.000000000
  0
SPLINE
  5
107F
330
A02
100
AcDbEntity
  8
Shape2DView
100
AcDbSpline
210
0
220
0
230
1
 70
8
 71
1
 72
4
 73
2
 74
0
 40
0.000000000
 40
0.000000000
 40
44.300000000
 40
44.300000000
 10
167.280926504
 20
225.386412019
 30
3.000000000
 10
167.280438558
 20
221.175766385
 30
3.000000000
  0
SPLINE
  5
1080
330
A02
100
AcDbEntity
  8
Shape2DView
100
AcDbSpline
210
0
220
0
230
1
 70
8
 71
1
 72
4
 73
2
 74
0
 40
0.000000000
 40
0.000000000
 40
22.300000000
 40
22.300000000
 10
167.280438558
 20
221.175766385
 30
3.000000000
 10
169.400358093
 20
221.175766385
 30
3.000000000
  0
SPLINE
  5
1081
330
A02
100
AcDbEntity
  8
Shape2DView
100
AcDbSpline
210
0
220
0
230
1
 70
8
 71
1
 72
4
 73
2
 74
0
 40
0.000000000
 40
0.000000000
 40
4.300000000
 40
4.300000000
 10
169.400358093
 20
221.175766385
 30
3.000000000
 10
169.400405456
 20
221.584474652
 30
3.000000000
  0
SPLINE
  5
1082
330
A02
100
AcDbEntity
  8
Shape2DView
100
AcDbSpline
210
0
220
0
230
1
 70
8
 71
1
 72
4
 73
2
 74
0
 40
0.000000000
 40
0.000000000
 40
17.400000000
 40
17.400000000
 10
169.400405456
 20
221.584474652
 30
3.000000000
 10
167.746297836
 20
221.584474652
 30
3.000000000
  0
SPLINE
  5
1083
330
A02
100
AcDbEntity
  8
Shape2DView
100
AcDbSpline
210
0
220
0
230
1
 70
8
 71
1
 72
4
 73
2
 74
0
 40
0.000000000
 40
0.000000000
 40
40.000000000
 40
40.000000000
 10
167.746297836
 20
221.584474652
 30
3.000000000
 10
167.746738420
 20
225.386412019
 30
3.000000000
  0
SPLINE
  5
1084
330
A02
100
AcDbEntity
  8
Shape2DView
100
AcDbSpline
210
0
220
0
230
1
 70
8
 71
1
 72
4
 73
2
 74
0
 40
0.000000000
 40
0.000000000
 40
4.900000000
 40
4.900000000
 10
170.303950775
 20
225.386412019
 30
3.000000000
 10
169.838138859
 20
225.386412019
 30
3.000000000
  0
SPLINE
  5
1085
330
A02
100
AcDbEntity
  8
Shape2DView
100
AcDbSpline
210
0
220
0
230
1
 70
8
 71
1
 72
4
 73
2
 74
0
 40
0.000000000
 40
0.000000000
 40
30.800000000
 40
30.800000000
 10
169.838138859
 20
225.386412019
 30
3.000000000
 10
169.837799609
 20
222.458920247
 30
3.000000000
  0
SPLINE
  5
1086
330
A02
100
AcDbEntity
  8
Shape2DView
100
AcDbSpline
210
0
220
0
230
1
 70
8
 71
3
 72
8
 73
4
 74
0
 40
0.000000000
 40
0.000000000
 40
0.000000000
 40
0.000000000
 40
1.000000000
 40
1.000000000
 40
1.000000000
 40
1.000000000
 10
169.837799609
 20
222.458920247
 30
3.000000000
 10
169.837692768
 20
221.536950435
 30
3.000000000
 10
170.274937123
 20
221.118737325
 30
3.000000000
 10
171.206560954
 20
221.118737325
 30
3.000000000
  0
SPLINE
  5
1087
330
A02
100
AcDbEntity
  8
Shape2DView
100
AcDbSpline
210
0
220
0
230
1
 70
8
 71
3
 72
8
 73
4
 74
0
 40
0.000000000
 40
0.000000000
 40
0.000000000
 40
0.000000000
 40
1.000000000
 40
1.000000000
 40
1.000000000
 40
1.000000000
 10
171.206560954
 20
221.118737325
 30
3.000000000
 10
172.147691152
 20
221.118737325
 30
3.000000000
 10
172.585032435
 20
221.536950435
 30
3.000000000
 10
172.585139276
 20
222.458920247
 30
3.000000000
  0
SPLINE
  5
1088
330
A02
100
AcDbEntity
  8
Shape2DView
100
AcDbSpline
210
0
220
0
230
1
 70
8
 71
1
 72
4
 73
2
 74
0
 40
0.000000000
 40
0.000000000
 40
30.800000000
 40
30.800000000
 10
172.585139276
 20
222.458920247
 30
3.000000000
 10
172.585478526
 20
225.386412019
 30
3.000000000
  0
SPLINE
  5
1089
330
A02
100
AcDbEntity
  8
Shape2DView
100
AcDbSpline
210
0
220
0
230
1
 70
8
 71
1
 72
4
 73
2
 74
0
 40
0.000000000
 40
0.000000000
 40
4.900000000
 40
4.900000000
 10
172.585478526
 20
225.386412019
 30
3.000000000
 10
172.119666610
 20
225.386412019
 30
3.000000000
  0
SPLINE
  5
108A
330
A02
100
AcDbEntity
  8
Shape2DView
100
AcDbSpline
210
0
220
0
230
1
 70
8
 71
1
 72
4
 73
2
 74
0
 40
0.000000000
 40
0.000000000
 40
31.100000000
 40
31.100000000
 10
172.119666610
 20
225.386412019
 30
3.000000000
 10
172.119324056
 20
222.430405716
 30
3.000000000
  0
SPLINE
  5
108B
330
A02
100
AcDbEntity
  8
Shape2DView
100
AcDbSpline
210
0
220
0
230
1
 70
8
 71
3
 72
8
 73
4
 74
0
 40
0.000000000
 40
0.000000000
 40
0.000000000
 40
0.000000000
 40
1.000000000
 40
1.000000000
 40
1.000000000
 40
1.000000000
 10
172.119324056
 20
222.430405716
 30
3.000000000
 10
172.119249157
 20
221.784076364
 30
3.000000000
 10
171.843534814
 20
221.527445592
 30
3.000000000
 10
171.216114683
 20
221.527445592
 30
3.000000000
  0
SPLINE
  5
108C
330
A02
100
AcDbEntity
  8
Shape2DView
100
AcDbSpline
210
0
220
0
230
1
 70
8
 71
3
 72
8
 73
4
 74
0
 40
0.000000000
 40
0.000000000
 40
0.000000000
 40
0.000000000
 40
1.000000000
 40
1.000000000
 40
1.000000000
 40
1.000000000
 10
171.216114683
 20
221.527445592
 30
3.000000000
 10
170.598200917
 20
221.527445592
 30
3.000000000
 10
170.313039687
 20
221.784076364
 30
3.000000000
 10
170.313114586
 20
222.430405716
 30
3.000000000
  0
SPLINE
  5
108D
330
A02
100
AcDbEntity
  8
Shape2DView
100
AcDbSpline
210
0
220
0
230
1
 70
8
 71
1
 72
4
 73
2
 74
0
 40
0.000000000
 40
0.000000000
 40
31.100000000
 40
31.100000000
 10
170.313114586
 20
222.430405716
 30
3.000000000
 10
170.313457140
 20
225.386412019
 30
3.000000000
  0
SPLINE
  5
108E
330
A02
100
AcDbEntity
  8
Shape2DView
100
AcDbSpline
210
0
220
0
230
1
 70
8
 71
1
 72
4
 73
2
 74
0
 40
0.000000000
 40
0.000000000
 40
0.100000000
 40
0.100000000
 10
170.313457140
 20
225.386412019
 30
3.000000000
 10
170.303950775
 20
225.386412019
 30
3.000000000
  0
SPLINE
  5
108F
330
A02
100
AcDbEntity
  8
Shape2DView
100
AcDbSpline
210
0
220
0
230
1
 70
8
 71
1
 72
4
 73
2
 74
0
 40
0.000000000
 40
0.000000000
 40
39.932192527
 40
39.932192527
 10
174.030397637
 20
224.968198909
 30
3.000000000
 10
175.104195095
 20
221.327843880
 30
3.000000000
  0
SPLINE
  5
1090
330
A02
100
AcDbEntity
  8
Shape2DView
100
AcDbSpline
210
0
220
0
230
1
 70
8
 71
1
 72
4
 73
2
 74
0
 40
0.000000000
 40
0.000000000
 40
6.000000000
 40
6.000000000
 10
175.104195095
 20
221.327843880
 30
3.000000000
 10
175.674577032
 20
221.327843880
 30
3.000000000
  0
SPLINE
  5
1091
330
A02
100
AcDbEntity
  8
Shape2DView
100
AcDbSpline
210
0
220
0
230
1
 70
8
 71
1
 72
4
 73
2
 74
0
 40
0.000000000
 40
0.000000000
 40
39.960605601
 40
39.960605601
 10
175.674577032
 20
221.327843880
 30
3.000000000
 10
176.758724573
 20
224.968198909
 30
3.000000000
  0
SPLINE
  5
1092
330
A02
100
AcDbEntity
  8
Shape2DView
100
AcDbSpline
210
0
220
0
230
1
 70
8
 71
1
 72
4
 73
2
 74
0
 40
0.000000000
 40
0.000000000
 40
0.900000000
 40
0.900000000
 10
176.758724573
 20
224.968198909
 30
3.000000000
 10
176.844281864
 20
224.968198909
 30
3.000000000
  0
SPLINE
  5
1093
330
A02
100
AcDbEntity
  8
Shape2DView
100
AcDbSpline
210
0
220
0
230
1
 70
8
 71
1
 72
4
 73
2
 74
0
 40
0.000000000
 40
0.000000000
 40
39.900000000
 40
39.900000000
 10
176.844281864
 20
224.968198909
 30
3.000000000
 10
176.843842382
 20
221.175766385
 30
3.000000000
  0
SPLINE
  5
1094
330
A02
100
AcDbEntity
  8
Shape2DView
100
AcDbSpline
210
0
220
0
230
1
 70
8
 71
1
 72
4
 73
2
 74
0
 40
0.000000000
 40
0.000000000
 40
4.600000000
 40
4.600000000
 10
176.843842382
 20
221.175766385
 30
3.000000000
 10
177.281135201
 20
221.175766385
 30
3.000000000
  0
SPLINE
  5
1095
330
A02
100
AcDbEntity
  8
Shape2DView
100
AcDbSpline
210
0
220
0
230
1
 70
8
 71
1
 72
4
 73
2
 74
0
 40
0.000000000
 40
0.000000000
 40
44.300000000
 40
44.300000000
 10
177.281135201
 20
221.175766385
 30
3.000000000
 10
177.281623147
 20
225.386412019
 30
3.000000000
  0
SPLINE
  5
1096
330
A02
100
AcDbEntity
  8
Shape2DView
100
AcDbSpline
210
0
220
0
230
1
 70
8
 71
1
 72
4
 73
2
 74
0
 40
0.000000000
 40
0.000000000
 40
8.500000000
 40
8.500000000
 10
177.281623147
 20
225.386412019
 30
3.000000000
 10
176.473582069
 20
225.386412019
 30
3.000000000
  0
SPLINE
  5
1097
330
A02
100
AcDbEntity
  8
Shape2DView
100
AcDbSpline
210
0
220
0
230
1
 70
8
 71
1
 72
4
 73
2
 74
0
 40
0.000000000
 40
0.000000000
 40
39.673164734
 40
39.673164734
 10
176.473582069
 20
225.386412019
 30
3.000000000
 10
175.389437832
 20
221.774571521
 30
3.000000000
  0
SPLINE
  5
1098
330
A02
100
AcDbEntity
  8
Shape2DView
100
AcDbSpline
210
0
220
0
230
1
 70
8
 71
1
 72
4
 73
2
 74
0
 40
0.000000000
 40
0.000000000
 40
39.616158320
 40
39.616158320
 10
175.389437832
 20
221.774571521
 30
3.000000000
 10
174.325143436
 20
225.386412019
 30
3.000000000
  0
SPLINE
  5
1099
330
A02
100
AcDbEntity
  8
Shape2DView
100
AcDbSpline
210
0
220
0
230
1
 70
8
 71
1
 72
4
 73
2
 74
0
 40
0.000000000
 40
0.000000000
 40
8.700000000
 40
8.700000000
 10
174.325143436
 20
225.386412019
 30
3.000000000
 10
173.498089626
 20
225.386412019
 30
3.000000000
  0
SPLINE
  5
109A
330
A02
100
AcDbEntity
  8
Shape2DView
100
AcDbSpline
210
0
220
0
230
1
 70
8
 71
1
 72
4
 73
2
 74
0
 40
0.000000000
 40
0.000000000
 40
44.300000000
 40
44.300000000
 10
173.498089626
 20
225.386412019
 30
3.000000000
 10
173.497601680
 20
221.175766385
 30
3.000000000
  0
SPLINE
  5
109B
330
A02
100
AcDbEntity
  8
Shape2DView
100
AcDbSpline
210
0
220
0
230
1
 70
8
 71
1
 72
4
 73
2
 74
0
 40
0.000000000
 40
0.000000000
 40
4.600000000
 40
4.600000000
 10
173.497601680
 20
221.175766385
 30
3.000000000
 10
173.934894499
 20
221.175766385
 30
3.000000000
  0
SPLINE
  5
109C
330
A02
100
AcDbEntity
  8
Shape2DView
100
AcDbSpline
210
0
220
0
230
1
 70
8
 71
1
 72
4
 73
2
 74
0
 40
0.000000000
 40
0.000000000
 40
39.900000000
 40
39.900000000
 10
173.934894499
 20
221.175766385
 30
3.000000000
 10
173.935333981
 20
224.968198909
 30
3.000000000
  0
SPLINE
  5
109D
330
A02
100
AcDbEntity
  8
Shape2DView
100
AcDbSpline
210
0
220
0
230
1
 70
8
 71
1
 72
4
 73
2
 74
0
 40
0.000000000
 40
0.000000000
 40
1.000000000
 40
1.000000000
 10
173.935333981
 20
224.968198909
 30
3.000000000
 10
174.030397637
 20
224.968198909
 30
3.000000000
  0
SPLINE
  5
109E
330
A02
100
AcDbEntity
  8
Shape2DView
100
AcDbSpline
210
0
220
0
230
1
 70
8
 71
1
 72
4
 73
2
 74
0
 40
0.000000000
 40
0.000000000
 40
1.900000000
 40
1.900000000
 10
180.229364210
 20
232.011287880
 30
3.000000000
 10
180.409985157
 20
232.011287880
 30
3.000000000
  0
SPLINE
  5
109F
330
A02
100
AcDbEntity
  8
Shape2DView
100
AcDbSpline
210
0
220
0
230
1
 70
8
 71
1
 72
4
 73
2
 74
0
 40
0.000000000
 40
0.000000000
 40
8.100000000
 40
8.100000000
 10
180.409985157
 20
232.011287880
 30
3.000000000
 10
180.410074375
 20
232.781180197
 30
3.000000000
  0
SPLINE
  5
10A0
330
A02
100
AcDbEntity
  8
Shape2DView
100
AcDbSpline
210
0
220
0
230
1
 70
8
 71
1
 72
4
 73
2
 74
0
 40
0.000000000
 40
0.000000000
 40
7.844743463
 40
7.844743463
 10
180.410074375
 20
232.781180197
 30
3.000000000
 10
180.628638175
 20
232.068316940
 30
3.000000000
  0
SPLINE
  5
10A1
330
A02
100
AcDbEntity
  8
Shape2DView
100
AcDbSpline
210
0
220
0
230
1
 70
8
 71
1
 72
4
 73
2
 74
0
 40
0.000000000
 40
0.000000000
 40
1.500000000
 40
1.500000000
 10
180.628638175
 20
232.068316940
 30
3.000000000
 10
180.771233659
 20
232.068316940
 30
3.000000000
  0
SPLINE
  5
10A2
330
A02
100
AcDbEntity
  8
Shape2DView
100
AcDbSpline
210
0
220
0
230
1
 70
8
 71
1
 72
4
 73
2
 74
0
 40
0.000000000
 40
0.000000000
 40
7.874642849
 40
7.874642849
 10
180.771233659
 20
232.068316940
 30
3.000000000
 10
180.999469044
 20
232.781180197
 30
3.000000000
  0
SPLINE
  5
10A3
330
A02
100
AcDbEntity
  8
Shape2DView
100
AcDbSpline
210
0
220
0
230
1
 70
8
 71
1
 72
4
 73
2
 74
0
 40
0.000000000
 40
0.000000000
 40
8.100000000
 40
8.100000000
 10
180.999469044
 20
232.781180197
 30
3.000000000
 10
180.999379826
 20
232.011287880
 30
3.000000000
  0
SPLINE
  5
10A4
330
A02
100
AcDbEntity
  8
Shape2DView
100
AcDbSpline
210
0
220
0
230
1
 70
8
 71
1
 72
4
 73
2
 74
0
 40
0.000000000
 40
0.000000000
 40
1.900000000
 40
1.900000000
 10
180.999379826
 20
232.011287880
 30
3.000000000
 10
181.180000773
 20
232.011287880
 30
3.000000000
  0
SPLINE
  5
10A5
330
A02
100
AcDbEntity
  8
Shape2DView
100
AcDbSpline
210
0
220
0
230
1
 70
8
 71
1
 72
4
 73
2
 74
0
 40
0.000000000
 40
0.000000000
 40
10.800000000
 40
10.800000000
 10
181.180000773
 20
232.011287880
 30
3.000000000
 10
181.180119730
 20
233.037810969
 30
3.000000000
  0
SPLINE
  5
10A6
330
A02
100
AcDbEntity
  8
Shape2DView
100
AcDbSpline
210
0
220
0
230
1
 70
8
 71
1
 72
4
 73
2
 74
0
 40
0.000000000
 40
0.000000000
 40
2.600000000
 40
2.600000000
 10
181.180119730
 20
233.037810969
 30
3.000000000
 10
180.932954224
 20
233.037810969
 30
3.000000000
  0
SPLINE
  5
10A7
330
A02
100
AcDbEntity
  8
Shape2DView
100
AcDbSpline
210
0
220
0
230
1
 70
8
 71
1
 72
4
 73
2
 74
0
 40
0.000000000
 40
0.000000000
 40
7.905694150
 40
7.905694150
 10
180.932954224
 20
233.037810969
 30
3.000000000
 10
180.695212474
 20
232.324947713
 30
3.000000000
  0
SPLINE
  5
10A8
330
A02
100
AcDbEntity
  8
Shape2DView
100
AcDbSpline
210
0
220
0
230
1
 70
8
 71
1
 72
4
 73
2
 74
0
 40
0.000000000
 40
0.000000000
 40
7.874642849
 40
7.874642849
 10
180.695212474
 20
232.324947713
 30
3.000000000
 10
180.467142308
 20
233.037810969
 30
3.000000000
  0
SPLINE
  5
10A9
330
A02
100
AcDbEntity
  8
Shape2DView
100
AcDbSpline
210
0
220
0
230
1
 70
8
 71
1
 72
4
 73
2
 74
0
 40
0.000000000
 40
0.000000000
 40
2.600000000
 40
2.600000000
 10
180.467142308
 20
233.037810969
 30
3.000000000
 10
180.219976802
 20
233.037810969
 30
3.000000000
  0
SPLINE
  5
10AA
330
A02
100
AcDbEntity
  8
Shape2DView
100
AcDbSpline
210
0
220
0
230
1
 70
8
 71
1
 72
4
 73
2
 74
0
 40
0.000000000
 40
0.000000000
 40
10.800462953
 40
10.800462953
 10
180.219976802
 20
233.037810969
 30
3.000000000
 10
180.229364210
 20
232.011287880
 30
3.000000000
  0
SPLINE
  5
10AB
330
A02
100
AcDbEntity
  8
Shape2DView
100
AcDbSpline
210
0
220
0
230
1
 70
8
 71
1
 72
4
 73
2
 74
0
 40
0.000000000
 40
0.000000000
 40
2.800000000
 40
2.800000000
 10
179.430928628
 20
232.866723787
 30
3.000000000
 10
179.697106866
 20
232.866723787
 30
3.000000000
  0
SPLINE
  5
10AC
330
A02
100
AcDbEntity
  8
Shape2DView
100
AcDbSpline
210
0
220
0
230
1
 70
8
 71
1
 72
4
 73
2
 74
0
 40
0.000000000
 40
0.000000000
 40
8.900000000
 40
8.900000000
 10
179.697106866
 20
232.866723787
 30
3.000000000
 10
179.697008836
 20
232.020792723
 30
3.000000000
  0
SPLINE
  5
10AD
330
A02
100
AcDbEntity
  8
Shape2DView
100
AcDbSpline
210
0
220
0
230
1
 70
8
 71
1
 72
4
 73
2
 74
0
 40
0.000000000
 40
0.000000000
 40
2.000000000
 40
2.000000000
 10
179.697008836
 20
232.020792723
 30
3.000000000
 10
179.887136148
 20
232.020792723
 30
3.000000000
  0
SPLINE
  5
10AE
330
A02
100
AcDbEntity
  8
Shape2DView
100
AcDbSpline
210
0
220
0
230
1
 70
8
 71
1
 72
4
 73
2
 74
0
 40
0.000000000
 40
0.000000000
 40
8.900000000
 40
8.900000000
 10
179.887136148
 20
232.020792723
 30
3.000000000
 10
179.887234178
 20
232.866723787
 30
3.000000000
  0
SPLINE
  5
10AF
330
A02
100
AcDbEntity
  8
Shape2DView
100
AcDbSpline
210
0
220
0
230
1
 70
8
 71
1
 72
4
 73
2
 74
0
 40
0.000000000
 40
0.000000000
 40
2.400000000
 40
2.400000000
 10
179.887234178
 20
232.866723787
 30
3.000000000
 10
180.115386953
 20
232.866723787
 30
3.000000000
  0
SPLINE
  5
10B0
330
A02
100
AcDbEntity
  8
Shape2DView
100
AcDbSpline
210
0
220
0
230
1
 70
8
 71
1
 72
4
 73
2
 74
0
 40
0.000000000
 40
0.000000000
 40
1.800000000
 40
1.800000000
 10
180.115386953
 20
232.866723787
 30
3.000000000
 10
180.115406780
 20
233.037810969
 30
3.000000000
  0
SPLINE
  5
10B1
330
A02
100
AcDbEntity
  8
Shape2DView
100
AcDbSpline
210
0
220
0
230
1
 70
8
 71
1
 72
4
 73
2
 74
0
 40
0.000000000
 40
0.000000000
 40
7.200000000
 40
7.200000000
 10
180.115406780
 20
233.037810969
 30
3.000000000
 10
179.430948454
 20
233.037810969
 30
3.000000000
  0
SPLINE
  5
10B2
330
A02
100
AcDbEntity
  8
Shape2DView
100
AcDbSpline
210
0
220
0
230
1
 70
8
 71
1
 72
4
 73
2
 74
0
 40
0.000000000
 40
0.000000000
 40
1.800000000
 40
1.800000000
 10
179.430948454
 20
233.037810969
 30
3.000000000
 10
179.430928628
 20
232.866723787
 30
3.000000000
  0
SPLINE
  5
10B3
330
A02
100
AcDbEntity
  8
Shape2DView
100
AcDbSpline
210
0
220
0
230
1
 70
8
 71
1
 72
4
 73
2
 74
0
 40
0.000000000
 40
0.000000000
 40
38.118237105
 40
38.118237105
 10
155.093011267
 20
218.875594279
 30
3.000000000
 10
153.154067349
 20
221.936153859
 30
3.000000000
  0
SPLINE
  5
10B4
330
A02
100
AcDbEntity
  8
Shape2DView
100
AcDbSpline
210
0
220
0
230
1
 70
8
 71
2
 72
6
 73
3
 74
0
 40
0.000000000
 40
0.000000000
 40
0.000000000
 40
1.000000000
 40
1.000000000
 40
1.000000000
 10
153.154067349
 20
221.936153859
 30
3.000000000
 10
153.225406395
 20
222.292585487
 30
3.000000000
 10
153.268226346
 20
222.649017115
 30
3.000000000
  0
SPLINE
  5
10B5
330
A02
100
AcDbEntity
  8
Shape2DView
100
AcDbSpline
210
0
220
0
230
1
 70
8
 71
3
 72
8
 73
4
 74
0
 40
0.000000000
 40
0.000000000
 40
0.000000000
 40
0.000000000
 40
1.000000000
 40
1.000000000
 40
1.000000000
 40
1.000000000
 10
153.268226346
 20
222.649017115
 30
3.000000000
 10
153.239706147
 20
222.639512272
 30
3.000000000
 10
152.868951279
 20
222.582483211
 30
3.000000000
 10
152.754872688
 20
222.563473524
 30
3.000000000
  0
SPLINE
  5
10B6
330
A02
100
AcDbEntity
  8
Shape2DView
100
AcDbSpline
210
0
220
0
230
1
 70
8
 71
1
 72
4
 73
2
 74
0
 40
0.000000000
 40
0.000000000
 40
4.992995093
 40
4.992995093
 10
152.754872688
 20
222.563473524
 30
3.000000000
 10
152.498247078
 20
222.962676948
 30
3.000000000
  0
SPLINE
  5
10B7
330
A02
100
AcDbEntity
  8
Shape2DView
100
AcDbSpline
210
0
220
0
230
1
 70
8
 71
1
 72
4
 73
2
 74
0
 40
0.000000000
 40
0.000000000
 40
0.300000000
 40
0.300000000
 10
152.498247078
 20
222.962676948
 30
3.000000000
 10
152.526766175
 20
222.962676948
 30
3.000000000
  0
SPLINE
  5
10B8
330
A02
100
AcDbEntity
  8
Shape2DView
100
AcDbSpline
210
0
220
0
230
1
 70
8
 71
3
 72
8
 73
4
 74
0
 40
0.000000000
 40
0.000000000
 40
0.000000000
 40
0.000000000
 40
1.000000000
 40
1.000000000
 40
1.000000000
 40
1.000000000
 10
152.526766175
 20
222.962676948
 30
3.000000000
 10
152.583810977
 20
223.019706008
 30
3.000000000
 10
152.650357739
 20
223.038715695
 30
3.000000000
 10
152.650357739
 20
223.038715695
 30
3.000000000
  0
SPLINE
  5
10B9
330
A02
100
AcDbEntity
  8
Shape2DView
100
AcDbSpline
210
0
220
0
230
1
 70
8
 71
1
 72
4
 73
2
 74
0
 40
0.000000000
 40
0.000000000
 40
7.212489168
 40
7.212489168
 10
152.650357739
 20
223.038715695
 30
3.000000000
 10
153.306320099
 20
223.238317407
 30
3.000000000
  0
SPLINE
  5
10BA
330
A02
100
AcDbEntity
  8
Shape2DView
100
AcDbSpline
210
0
220
0
230
1
 70
8
 71
3
 72
8
 73
4
 74
0
 40
0.000000000
 40
0.000000000
 40
0.000000000
 40
0.000000000
 40
1.000000000
 40
1.000000000
 40
1.000000000
 40
1.000000000
 10
153.306320099
 20
223.238317407
 30
3.000000000
 10
153.315849595
 20
223.437919119
 30
3.000000000
 10
153.325377990
 20
223.628015987
 30
3.000000000
 10
153.325401120
 20
223.827617699
 30
3.000000000
  0
SPLINE
  5
10BB
330
A02
100
AcDbEntity
  8
Shape2DView
100
AcDbSpline
210
0
220
0
230
1
 70
8
 71
3
 72
8
 73
4
 74
0
 40
0.000000000
 40
0.000000000
 40
0.000000000
 40
0.000000000
 40
1.000000000
 40
1.000000000
 40
1.000000000
 40
1.000000000
 10
153.325401120
 20
223.827617699
 30
3.000000000
 10
153.325422048
 20
224.008209724
 30
3.000000000
 10
153.315935509
 20
224.179296905
 30
3.000000000
 10
153.306450071
 20
224.359888930
 30
3.000000000
  0
SPLINE
  5
10BC
330
A02
100
AcDbEntity
  8
Shape2DView
100
AcDbSpline
210
0
220
0
230
1
 70
8
 71
3
 72
8
 73
4
 74
0
 40
0.000000000
 40
0.000000000
 40
0.000000000
 40
0.000000000
 40
1.000000000
 40
1.000000000
 40
1.000000000
 40
1.000000000
 10
153.306450071
 20
224.359888930
 30
3.000000000
 10
153.268423507
 20
224.350384086
 30
3.000000000
 10
152.869138527
 20
224.198306592
 30
3.000000000
 10
152.802591765
 20
224.179296905
 30
3.000000000
  0
SPLINE
  5
10BD
330
A02
100
AcDbEntity
  8
Shape2DView
100
AcDbSpline
210
0
220
0
230
1
 70
8
 71
3
 72
8
 73
4
 74
0
 40
0.000000000
 40
0.000000000
 40
0.000000000
 40
0.000000000
 40
1.000000000
 40
1.000000000
 40
1.000000000
 40
1.000000000
 10
152.802591765
 20
224.179296905
 30
3.000000000
 10
152.726537535
 20
224.150782375
 30
3.000000000
 10
152.583940949
 20
224.141277531
 30
3.000000000
 10
152.507913155
 20
224.340879243
 30
3.000000000
  0
SPLINE
  5
10BE
330
A02
100
AcDbEntity
  8
Shape2DView
100
AcDbSpline
210
0
220
0
230
1
 70
8
 71
3
 72
8
 73
4
 74
0
 40
0.000000000
 40
0.000000000
 40
0.000000000
 40
0.000000000
 40
1.000000000
 40
1.000000000
 40
1.000000000
 40
1.000000000
 10
152.507913155
 20
224.340879243
 30
3.000000000
 10
152.431885361
 20
224.540480955
 30
3.000000000
 10
152.641036419
 20
224.635529389
 30
3.000000000
 10
152.641036419
 20
224.635529389
 30
3.000000000
  0
SPLINE
  5
10BF
330
A02
100
AcDbEntity
  8
Shape2DView
100
AcDbSpline
210
0
220
0
230
1
 70
8
 71
1
 72
4
 73
2
 74
0
 40
0.000000000
 40
0.000000000
 40
7.155417528
 40
7.155417528
 10
152.641036419
 20
224.635529389
 30
3.000000000
 10
153.249479066
 20
224.939684378
 30
3.000000000
  0
SPLINE
  5
10C0
330
A02
100
AcDbEntity
  8
Shape2DView
100
AcDbSpline
210
0
220
0
230
1
 70
8
 71
2
 72
6
 73
3
 74
0
 40
0.000000000
 40
0.000000000
 40
0.000000000
 40
1.000000000
 40
1.000000000
 40
1.000000000
 10
153.249479066
 20
224.939684378
 30
3.000000000
 10
153.190130368
 20
225.509974983
 30
3.000000000
 10
153.059480624
 20
226.051751058
 30
3.000000000
  0
SPLINE
  5
10C1
330
A02
100
AcDbEntity
  8
Shape2DView
100
AcDbSpline
210
0
220
0
230
1
 70
8
 71
3
 72
8
 73
4
 74
0
 40
0.000000000
 40
0.000000000
 40
0.000000000
 40
0.000000000
 40
1.000000000
 40
1.000000000
 40
1.000000000
 40
1.000000000
 10
153.059480624
 20
226.051751058
 30
3.000000000
 10
153.049973157
 20
226.042246215
 30
3.000000000
 10
152.660186833
 20
225.823634816
 30
3.000000000
 10
152.593637867
 20
225.785615442
 30
3.000000000
  0
SPLINE
  5
10C2
330
A02
100
AcDbEntity
  8
Shape2DView
100
AcDbSpline
210
0
220
0
230
1
 70
8
 71
3
 72
8
 73
4
 74
0
 40
0.000000000
 40
0.000000000
 40
0.000000000
 40
0.000000000
 40
1.000000000
 40
1.000000000
 40
1.000000000
 40
1.000000000
 10
152.593637867
 20
225.785615442
 30
3.000000000
 10
152.527088902
 20
225.747596069
 30
3.000000000
 10
152.384489012
 20
225.709576695
 30
3.000000000
 10
152.279939918
 20
225.890168720
 30
3.000000000
  0
SPLINE
  5
10C3
330
A02
100
AcDbEntity
  8
Shape2DView
100
AcDbSpline
210
0
220
0
230
1
 70
8
 71
3
 72
8
 73
4
 74
0
 40
0.000000000
 40
0.000000000
 40
0.000000000
 40
0.000000000
 40
1.000000000
 40
1.000000000
 40
1.000000000
 40
1.000000000
 10
152.279939918
 20
225.890168720
 30
3.000000000
 10
152.175390824
 20
226.070760745
 30
3.000000000
 10
152.365533557
 20
226.203828553
 30
3.000000000
 10
152.365533557
 20
226.203828553
 30
3.000000000
  0
SPLINE
  5
10C4
330
A02
100
AcDbEntity
  8
Shape2DView
100
AcDbSpline
210
0
220
0
230
1
 70
8
 71
1
 72
4
 73
2
 74
0
 40
0.000000000
 40
0.000000000
 40
7.220110802
 40
7.220110802
 10
152.365533557
 20
226.203828553
 30
3.000000000
 10
152.916950126
 20
226.612536820
 30
3.000000000
  0
SPLINE
  5
10C5
330
A02
100
AcDbEntity
  8
Shape2DView
100
AcDbSpline
210
0
220
0
230
1
 70
8
 71
2
 72
6
 73
3
 74
0
 40
0.000000000
 40
0.000000000
 40
0.000000000
 40
1.000000000
 40
1.000000000
 40
1.000000000
 10
152.916950126
 20
226.612536820
 30
3.000000000
 10
152.755404693
 20
227.154312894
 30
3.000000000
 10
152.536817763
 20
227.667574439
 30
3.000000000
  0
SPLINE
  5
10C6
330
A02
100
AcDbEntity
  8
Shape2DView
100
AcDbSpline
210
0
220
0
230
1
 70
8
 71
3
 72
8
 73
4
 74
0
 40
0.000000000
 40
0.000000000
 40
0.000000000
 40
0.000000000
 40
1.000000000
 40
1.000000000
 40
1.000000000
 40
1.000000000
 10
152.536817763
 20
227.667574439
 30
3.000000000
 10
152.536817763
 20
227.667574439
 30
3.000000000
 10
152.185048089
 20
227.372924293
 30
3.000000000
 10
152.118498022
 20
227.325400076
 30
3.000000000
  0
SPLINE
  5
10C7
330
A02
100
AcDbEntity
  8
Shape2DView
100
AcDbSpline
210
0
220
0
230
1
 70
8
 71
3
 72
8
 73
4
 74
0
 40
0.000000000
 40
0.000000000
 40
0.000000000
 40
0.000000000
 40
1.000000000
 40
1.000000000
 40
1.000000000
 40
1.000000000
 10
152.118498022
 20
227.325400076
 30
3.000000000
 10
152.061454321
 20
227.277875859
 30
3.000000000
 10
151.928357492
 20
227.211341955
 30
3.000000000
 10
151.785780733
 20
227.372924293
 30
3.000000000
  0
SPLINE
  5
10C8
330
A02
100
AcDbEntity
  8
Shape2DView
100
AcDbSpline
210
0
220
0
230
1
 70
8
 71
3
 72
8
 73
4
 74
0
 40
0.000000000
 40
0.000000000
 40
0.000000000
 40
0.000000000
 40
1.000000000
 40
1.000000000
 40
1.000000000
 40
1.000000000
 10
151.785780733
 20
227.372924293
 30
3.000000000
 10
151.652710339
 20
227.534506631
 30
3.000000000
 10
151.814337279
 20
227.696088969
 30
3.000000000
 10
151.814337279
 20
227.696088969
 30
3.000000000
  0
SPLINE
  5
10C9
330
A02
100
AcDbEntity
  8
Shape2DView
100
AcDbSpline
210
0
220
0
230
1
 70
8
 71
1
 72
4
 73
2
 74
0
 40
0.000000000
 40
0.000000000
 40
7.213875519
 40
7.213875519
 10
151.814337279
 20
227.696088969
 30
3.000000000
 10
152.289712837
 20
228.190340827
 30
3.000000000
  0
SPLINE
  5
10CA
330
A02
100
AcDbEntity
  8
Shape2DView
100
AcDbSpline
210
0
220
0
230
1
 70
8
 71
3
 72
8
 73
4
 74
0
 40
0.000000000
 40
0.000000000
 40
0.000000000
 40
0.000000000
 40
1.000000000
 40
1.000000000
 40
1.000000000
 40
1.000000000
 10
152.289712837
 20
228.190340827
 30
3.000000000
 10
152.118636806
 20
228.523010346
 30
3.000000000
 10
151.938054410
 20
228.855679866
 30
3.000000000
 10
151.728950715
 20
229.169339699
 30
3.000000000
  0
SPLINE
  5
10CB
330
A02
100
AcDbEntity
  8
Shape2DView
100
AcDbSpline
210
0
220
0
230
1
 70
8
 71
3
 72
8
 73
4
 74
0
 40
0.000000000
 40
0.000000000
 40
0.000000000
 40
0.000000000
 40
1.000000000
 40
1.000000000
 40
1.000000000
 40
1.000000000
 10
151.728950715
 20
229.169339699
 30
3.000000000
 10
151.719442146
 20
229.150330012
 30
3.000000000
 10
151.434212626
 20
228.817660492
 30
3.000000000
 10
151.377167824
 20
228.760631432
 30
3.000000000
  0
SPLINE
  5
10CC
330
A02
100
AcDbEntity
  8
Shape2DView
100
AcDbSpline
210
0
220
0
230
1
 70
8
 71
3
 72
8
 73
4
 74
0
 40
0.000000000
 40
0.000000000
 40
0.000000000
 40
0.000000000
 40
1.000000000
 40
1.000000000
 40
1.000000000
 40
1.000000000
 10
151.377167824
 20
228.760631432
 30
3.000000000
 10
151.329629387
 20
228.703602371
 30
3.000000000
 10
151.206036720
 20
228.618058780
 30
3.000000000
 10
151.044443925
 20
228.751126588
 30
3.000000000
  0
SPLINE
  5
10CD
330
A02
100
AcDbEntity
  8
Shape2DView
100
AcDbSpline
210
0
220
0
230
1
 70
8
 71
3
 72
8
 73
4
 74
0
 40
0.000000000
 40
0.000000000
 40
0.000000000
 40
0.000000000
 40
1.000000000
 40
1.000000000
 40
1.000000000
 40
1.000000000
 10
151.044443925
 20
228.751126588
 30
3.000000000
 10
150.882851130
 20
228.884194396
 30
3.000000000
 10
151.015962278
 20
229.074291264
 30
3.000000000
 10
151.015962278
 20
229.074291264
 30
3.000000000
  0
SPLINE
  5
10CE
330
A02
100
AcDbEntity
  8
Shape2DView
100
AcDbSpline
210
0
220
0
230
1
 70
8
 71
1
 72
4
 73
2
 74
0
 40
0.000000000
 40
0.000000000
 40
7.211102551
 40
7.211102551
 10
151.015962278
 20
229.074291264
 30
3.000000000
 10
151.396282991
 20
229.644581869
 30
3.000000000
  0
SPLINE
  5
10CF
330
A02
100
AcDbEntity
  8
Shape2DView
100
AcDbSpline
210
0
220
0
230
1
 70
8
 71
3
 72
8
 73
4
 74
0
 40
0.000000000
 40
0.000000000
 40
0.000000000
 40
0.000000000
 40
1.000000000
 40
1.000000000
 40
1.000000000
 40
1.000000000
 10
151.396282991
 20
229.644581869
 30
3.000000000
 10
151.177671828
 20
229.948736859
 30
3.000000000
 10
150.930539365
 20
230.233882161
 30
3.000000000
 10
150.683405801
 20
230.509522620
 30
3.000000000
  0
SPLINE
  5
10D0
330
A02
100
AcDbEntity
  8
Shape2DView
100
AcDbSpline
210
0
220
0
230
1
 70
8
 71
3
 72
8
 73
4
 74
0
 40
0.000000000
 40
0.000000000
 40
0.000000000
 40
0.000000000
 40
1.000000000
 40
1.000000000
 40
1.000000000
 40
1.000000000
 10
150.683405801
 20
230.509522620
 30
3.000000000
 10
150.664388664
 20
230.471503247
 30
3.000000000
 10
150.445700399
 20
230.110319197
 30
3.000000000
 10
150.407667226
 20
230.043785293
 30
3.000000000
  0
SPLINE
  5
10D1
330
A02
100
AcDbEntity
  8
Shape2DView
100
AcDbSpline
210
0
220
0
230
1
 70
8
 71
3
 72
8
 73
4
 74
0
 40
0.000000000
 40
0.000000000
 40
0.000000000
 40
0.000000000
 40
1.000000000
 40
1.000000000
 40
1.000000000
 40
1.000000000
 10
150.407667226
 20
230.043785293
 30
3.000000000
 10
150.369634054
 20
229.977251389
 30
3.000000000
 10
150.265051916
 20
229.872698111
 30
3.000000000
 10
150.084443085
 20
229.977251389
 30
3.000000000
  0
SPLINE
  5
10D2
330
A02
100
AcDbEntity
  8
Shape2DView
100
AcDbSpline
210
0
220
0
230
1
 70
8
 71
3
 72
8
 73
4
 74
0
 40
0.000000000
 40
0.000000000
 40
0.000000000
 40
0.000000000
 40
1.000000000
 40
1.000000000
 40
1.000000000
 40
1.000000000
 10
150.084443085
 20
229.977251389
 30
3.000000000
 10
149.903834254
 20
230.081804666
 30
3.000000000
 10
149.998922142
 20
230.290911222
 30
3.000000000
 10
149.998922142
 20
230.290911222
 30
3.000000000
  0
SPLINE
  5
10D3
330
A02
100
AcDbEntity
  8
Shape2DView
100
AcDbSpline
210
0
220
0
230
1
 70
8
 71
1
 72
4
 73
2
 74
0
 40
0.000000000
 40
0.000000000
 40
7.209022125
 40
7.209022125
 10
149.998922142
 20
230.290911222
 30
3.000000000
 10
150.274679442
 20
230.918230887
 30
3.000000000
  0
SPLINE
  5
10D4
330
A02
100
AcDbEntity
  8
Shape2DView
100
AcDbSpline
210
0
220
0
230
1
 70
8
 71
3
 72
8
 73
4
 74
0
 40
0.000000000
 40
0.000000000
 40
0.000000000
 40
0.000000000
 40
1.000000000
 40
1.000000000
 40
1.000000000
 40
1.000000000
 10
150.274679442
 20
230.918230887
 30
3.000000000
 10
150.008530944
 20
231.174861659
 30
3.000000000
 10
149.713862247
 20
231.421987588
 30
3.000000000
 10
149.419191348
 20
231.650103830
 30
3.000000000
  0
SPLINE
  5
10D5
330
A02
100
AcDbEntity
  8
Shape2DView
100
AcDbSpline
210
0
220
0
230
1
 70
8
 71
3
 72
8
 73
4
 74
0
 40
0.000000000
 40
0.000000000
 40
0.000000000
 40
0.000000000
 40
1.000000000
 40
1.000000000
 40
1.000000000
 40
1.000000000
 10
149.419191348
 20
231.650103830
 30
3.000000000
 10
149.409680576
 20
231.612084456
 30
3.000000000
 10
149.257532465
 20
231.212881033
 30
3.000000000
 10
149.229005658
 20
231.146347129
 30
3.000000000
  0
SPLINE
  5
10D6
330
A02
100
AcDbEntity
  8
Shape2DView
100
AcDbSpline
210
0
220
0
230
1
 70
8
 71
3
 72
8
 73
4
 74
0
 40
0.000000000
 40
0.000000000
 40
0.000000000
 40
0.000000000
 40
1.000000000
 40
1.000000000
 40
1.000000000
 40
1.000000000
 10
149.229005658
 20
231.146347129
 30
3.000000000
 10
149.200477749
 20
231.070308382
 30
3.000000000
 10
149.114907241
 20
230.956250261
 30
3.000000000
 10
148.915281273
 20
231.022784165
 30
3.000000000
  0
SPLINE
  5
10D7
330
A02
100
AcDbEntity
  8
Shape2DView
100
AcDbSpline
210
0
220
0
230
1
 70
8
 71
3
 72
8
 73
4
 74
0
 40
0.000000000
 40
0.000000000
 40
0.000000000
 40
0.000000000
 40
1.000000000
 40
1.000000000
 40
1.000000000
 40
1.000000000
 10
148.915281273
 20
231.022784165
 30
3.000000000
 10
148.715656406
 20
231.098822912
 30
3.000000000
 10
148.782226299
 20
231.317434311
 30
3.000000000
 10
148.782226299
 20
231.317434311
 30
3.000000000
  0
SPLINE
  5
10D8
330
A02
100
AcDbEntity
  8
Shape2DView
100
AcDbSpline
210
0
220
0
230
1
 70
8
 71
1
 72
4
 73
2
 74
0
 40
0.000000000
 40
0.000000000
 40
7.203471385
 40
7.203471385
 10
148.782226299
 20
231.317434311
 30
3.000000000
 10
148.943911617
 20
231.982773350
 30
3.000000000
  0
SPLINE
  5
10D9
330
A02
100
AcDbEntity
  8
Shape2DView
100
AcDbSpline
210
0
220
0
230
1
 70
8
 71
2
 72
6
 73
3
 74
0
 40
0.000000000
 40
0.000000000
 40
0.000000000
 40
1.000000000
 40
1.000000000
 40
1.000000000
 10
148.943911617
 20
231.982773350
 30
3.000000000
 10
148.473382867
 20
232.296433182
 30
3.000000000
 10
147.974328410
 20
232.553063955
 30
3.000000000
  0
SPLINE
  5
10DA
330
A02
100
AcDbEntity
  8
Shape2DView
100
AcDbSpline
210
0
220
0
230
1
 70
8
 71
3
 72
8
 73
4
 74
0
 40
0.000000000
 40
0.000000000
 40
0.000000000
 40
0.000000000
 40
1.000000000
 40
1.000000000
 40
1.000000000
 40
1.000000000
 10
147.974328410
 20
232.553063955
 30
3.000000000
 10
147.974326208
 20
232.534054268
 30
3.000000000
 10
147.888718250
 20
232.096831471
 30
3.000000000
 10
147.879203072
 20
232.020792723
 30
3.000000000
  0
SPLINE
  5
10DB
330
A02
100
AcDbEntity
  8
Shape2DView
100
AcDbSpline
210
0
220
0
230
1
 70
8
 71
3
 72
8
 73
4
 74
0
 40
0.000000000
 40
0.000000000
 40
0.000000000
 40
0.000000000
 40
1.000000000
 40
1.000000000
 40
1.000000000
 40
1.000000000
 10
147.879203072
 20
232.020792723
 30
3.000000000
 10
147.860181529
 20
231.944753976
 30
3.000000000
 10
147.803127915
 20
231.811686168
 30
3.000000000
 10
147.593992277
 20
231.849705542
 30
3.000000000
  0
SPLINE
  5
10DC
330
A02
100
AcDbEntity
  8
Shape2DView
100
AcDbSpline
210
0
220
0
230
1
 70
8
 71
3
 72
8
 73
4
 74
0
 40
0.000000000
 40
0.000000000
 40
0.000000000
 40
0.000000000
 40
1.000000000
 40
1.000000000
 40
1.000000000
 40
1.000000000
 10
147.593992277
 20
231.849705542
 30
3.000000000
 10
147.384856639
 20
231.887724916
 30
3.000000000
 10
147.413402171
 20
232.115841158
 30
3.000000000
 10
147.413402171
 20
232.115841158
 30
3.000000000
  0
SPLINE
  5
10DD
330
A02
100
AcDbEntity
  8
Shape2DView
100
AcDbSpline
210
0
220
0
230
1
 70
8
 71
1
 72
4
 73
2
 74
0
 40
0.000000000
 40
0.000000000
 40
7.217340230
 40
7.217340230
 10
147.413402171
 20
232.115841158
 30
3.000000000
 10
147.461013304
 20
232.800189883
 30
3.000000000
  0
SPLINE
  5
10DE
330
A02
100
AcDbEntity
  8
Shape2DView
100
AcDbSpline
210
0
220
0
230
1
 70
8
 71
2
 72
6
 73
3
 74
0
 40
0.000000000
 40
0.000000000
 40
0.000000000
 40
1.000000000
 40
1.000000000
 40
1.000000000
 10
147.461013304
 20
232.800189883
 30
3.000000000
 10
146.919178275
 20
233.040187180
 30
3.000000000
 10
146.348815888
 20
233.208898150
 30
3.000000000
  0
SPLINE
  5
10DF
330
A02
100
AcDbEntity
  8
Shape2DView
100
AcDbSpline
210
0
220
0
230
1
 70
8
 71
1
 72
4
 73
2
 74
0
 40
0.000000000
 40
0.000000000
 40
5.700000000
 40
5.700000000
 10
146.348815888
 20
233.208898150
 30
3.000000000
 10
146.348753105
 20
232.667122076
 30
3.000000000
  0
SPLINE
  5
10E0
330
A02
100
AcDbEntity
  8
Shape2DView
100
AcDbSpline
210
0
220
0
230
1
 70
8
 71
3
 72
8
 73
4
 74
0
 40
0.000000000
 40
0.000000000
 40
0.000000000
 40
0.000000000
 40
1.000000000
 40
1.000000000
 40
1.000000000
 40
1.000000000
 10
146.348753105
 20
232.667122076
 30
3.000000000
 10
146.348752004
 20
232.657617232
 30
3.000000000
 10
146.348729975
 20
232.467520364
 30
3.000000000
 10
146.348728873
 20
232.458015521
 30
3.000000000
  0
SPLINE
  5
10E1
330
A02
100
AcDbEntity
  8
Shape2DView
100
AcDbSpline
210
0
220
0
230
1
 70
8
 71
1
 72
4
 73
2
 74
0
 40
0.000000000
 40
0.000000000
 40
24.021656895
 40
24.021656895
 10
146.348728873
 20
232.458015521
 30
3.000000000
 10
145.113123836
 20
234.377993891
 30
3.000000000
  0
SPLINE
  5
10E2
330
A02
100
AcDbEntity
  8
Shape2DView
100
AcDbSpline
210
0
220
0
230
1
 70
8
 71
3
 72
8
 73
4
 74
0
 40
0.000000000
 40
0.000000000
 40
0.000000000
 40
0.000000000
 40
1.000000000
 40
1.000000000
 40
1.000000000
 40
1.000000000
 10
145.113123836
 20
234.377993891
 30
3.000000000
 10
144.077118332
 20
236.003322115
 30
3.000000000
 10
142.584618928
 20
236.003322115
 30
3.000000000
 10
141.548236725
 20
234.377993891
 30
3.000000000
  0
SPLINE
  5
10E3
330
A02
100
AcDbEntity
  8
Shape2DView
100
AcDbSpline
210
0
220
0
230
1
 70
8
 71
1
 72
4
 73
2
 74
0
 40
0.000000000
 40
0.000000000
 40
14.480331488
 40
14.480331488
 10
141.548236725
 20
234.377993891
 30
3.000000000
 10
140.806605828
 20
233.218402994
 30
3.000000000
  0
SPLINE
  5
10E4
330
A02
100
AcDbEntity
  8
Shape2DView
100
AcDbSpline
210
0
220
0
230
1
 70
8
 71
1
 72
4
 73
2
 74
0
 40
0.000000000
 40
0.000000000
 40
0.707106781
 40
0.707106781
 10
140.806605828
 20
233.218402994
 30
3.000000000
 10
140.740062370
 20
233.227907837
 30
3.000000000
  0
SPLINE
  5
10E5
330
A02
100
AcDbEntity
  8
Shape2DView
100
AcDbSpline
210
0
220
0
230
1
 70
8
 71
2
 72
6
 73
3
 74
0
 40
0.000000000
 40
0.000000000
 40
0.000000000
 40
1.000000000
 40
1.000000000
 40
1.000000000
 10
140.740062370
 20
233.227907837
 30
3.000000000
 10
140.198180804
 20
233.066325499
 30
3.000000000
 10
139.684811726
 20
232.847714101
 30
3.000000000
  0
SPLINE
  5
10E6
330
A02
100
AcDbEntity
  8
Shape2DView
100
AcDbSpline
210
0
220
0
230
1
 70
8
 71
3
 72
8
 73
4
 74
0
 40
0.000000000
 40
0.000000000
 40
0.000000000
 40
0.000000000
 40
1.000000000
 40
1.000000000
 40
1.000000000
 40
1.000000000
 10
139.684811726
 20
232.847714101
 30
3.000000000
 10
139.684811726
 20
232.847714101
 30
3.000000000
 10
139.979468307
 20
232.496034894
 30
3.000000000
 10
140.036498790
 20
232.429500990
 30
3.000000000
  0
SPLINE
  5
10E7
330
A02
100
AcDbEntity
  8
Shape2DView
100
AcDbSpline
210
0
220
0
230
1
 70
8
 71
3
 72
8
 73
4
 74
0
 40
0.000000000
 40
0.000000000
 40
0.000000000
 40
0.000000000
 40
1.000000000
 40
1.000000000
 40
1.000000000
 40
1.000000000
 10
140.036498790
 20
232.429500990
 30
3.000000000
 10
140.084024010
 20
232.372471930
 30
3.000000000
 10
140.150553149
 20
232.239404122
 30
3.000000000
 10
139.988928411
 20
232.096831471
 30
3.000000000
  0
SPLINE
  5
10E8
330
A02
100
AcDbEntity
  8
Shape2DView
100
AcDbSpline
210
0
220
0
230
1
 70
8
 71
3
 72
8
 73
4
 74
0
 40
0.000000000
 40
0.000000000
 40
0.000000000
 40
0.000000000
 40
1.000000000
 40
1.000000000
 40
1.000000000
 40
1.000000000
 10
139.988928411
 20
232.096831471
 30
3.000000000
 10
139.827304775
 20
231.963763663
 30
3.000000000
 10
139.665715284
 20
232.125346001
 30
3.000000000
 10
139.665715284
 20
232.125346001
 30
3.000000000
  0
SPLINE
  5
10E9
330
A02
100
AcDbEntity
  8
Shape2DView
100
AcDbSpline
210
0
220
0
230
1
 70
8
 71
1
 72
4
 73
2
 74
0
 40
0.000000000
 40
0.000000000
 40
7.213875519
 40
7.213875519
 10
139.665715284
 20
232.125346001
 30
3.000000000
 10
139.171439344
 20
232.600588172
 30
3.000000000
  0
SPLINE
  5
10EA
330
A02
100
AcDbEntity
  8
Shape2DView
100
AcDbSpline
210
0
220
0
230
1
 70
8
 71
3
 72
8
 73
4
 74
0
 40
0.000000000
 40
0.000000000
 40
0.000000000
 40
0.000000000
 40
1.000000000
 40
1.000000000
 40
1.000000000
 40
1.000000000
 10
139.171439344
 20
232.600588172
 30
3.000000000
 10
138.838696721
 20
232.429500990
 30
3.000000000
 10
138.505952996
 20
232.248908965
 30
3.000000000
 10
138.192218698
 20
232.039802410
 30
3.000000000
  0
SPLINE
  5
10EB
330
A02
100
AcDbEntity
  8
Shape2DView
100
AcDbSpline
210
0
220
0
230
1
 70
8
 71
3
 72
8
 73
4
 74
0
 40
0.000000000
 40
0.000000000
 40
0.000000000
 40
0.000000000
 40
1.000000000
 40
1.000000000
 40
1.000000000
 40
1.000000000
 10
138.192218698
 20
232.039802410
 30
3.000000000
 10
138.211230328
 20
232.030297567
 30
3.000000000
 10
138.543920082
 20
231.745152264
 30
3.000000000
 10
138.600951667
 20
231.688123204
 30
3.000000000
  0
SPLINE
  5
10EC
330
A02
100
AcDbEntity
  8
Shape2DView
100
AcDbSpline
210
0
220
0
230
1
 70
8
 71
3
 72
8
 73
4
 74
0
 40
0.000000000
 40
0.000000000
 40
0.000000000
 40
0.000000000
 40
1.000000000
 40
1.000000000
 40
1.000000000
 40
1.000000000
 10
138.600951667
 20
231.688123204
 30
3.000000000
 10
138.657984353
 20
231.640598987
 30
3.000000000
 10
138.743527325
 20
231.517036022
 30
3.000000000
 10
138.610419481
 20
231.355453684
 30
3.000000000
  0
SPLINE
  5
10ED
330
A02
100
AcDbEntity
  8
Shape2DView
100
AcDbSpline
210
0
220
0
230
1
 70
8
 71
3
 72
8
 73
4
 74
0
 40
0.000000000
 40
0.000000000
 40
0.000000000
 40
0.000000000
 40
1.000000000
 40
1.000000000
 40
1.000000000
 40
1.000000000
 10
138.610419481
 20
231.355453684
 30
3.000000000
 10
138.477311637
 20
231.193871346
 30
3.000000000
 10
138.287199745
 20
231.326939154
 30
3.000000000
 10
138.287199745
 20
231.326939154
 30
3.000000000
  0
SPLINE
  5
10EE
330
A02
100
AcDbEntity
  8
Shape2DView
100
AcDbSpline
210
0
220
0
230
1
 70
8
 71
1
 72
4
 73
2
 74
0
 40
0.000000000
 40
0.000000000
 40
7.211102551
 40
7.211102551
 10
138.287199745
 20
231.326939154
 30
3.000000000
 10
137.716861866
 20
231.707132891
 30
3.000000000
  0
SPLINE
  5
10EF
330
A02
100
AcDbEntity
  8
Shape2DView
100
AcDbSpline
210
0
220
0
230
1
 70
8
 71
3
 72
8
 73
4
 74
0
 40
0.000000000
 40
0.000000000
 40
0.000000000
 40
0.000000000
 40
1.000000000
 40
1.000000000
 40
1.000000000
 40
1.000000000
 10
137.716861866
 20
231.707132891
 30
3.000000000
 10
137.412632832
 20
231.488521492
 30
3.000000000
 10
137.127413225
 20
231.241395563
 30
3.000000000
 10
136.851699984
 20
230.994269634
 30
3.000000000
  0
SPLINE
  5
10F0
330
A02
100
AcDbEntity
  8
Shape2DView
100
AcDbSpline
210
0
220
0
230
1
 70
8
 71
3
 72
8
 73
4
 74
0
 40
0.000000000
 40
0.000000000
 40
0.000000000
 40
0.000000000
 40
1.000000000
 40
1.000000000
 40
1.000000000
 40
1.000000000
 10
136.851699984
 20
230.994269634
 30
3.000000000
 10
136.889723244
 20
230.975259948
 30
3.000000000
 10
137.250939804
 20
230.756648549
 30
3.000000000
 10
137.317479958
 20
230.718629175
 30
3.000000000
  0
SPLINE
  5
10F1
330
A02
100
AcDbEntity
  8
Shape2DView
100
AcDbSpline
210
0
220
0
230
1
 70
8
 71
3
 72
8
 73
4
 74
0
 40
0.000000000
 40
0.000000000
 40
0.000000000
 40
0.000000000
 40
1.000000000
 40
1.000000000
 40
1.000000000
 40
1.000000000
 10
137.317479958
 20
230.718629175
 30
3.000000000
 10
137.384020111
 20
230.680609802
 30
3.000000000
 10
137.488578017
 20
230.576056524
 30
3.000000000
 10
137.383987067
 20
230.395464499
 30
3.000000000
  0
SPLINE
  5
10F2
330
A02
100
AcDbEntity
  8
Shape2DView
100
AcDbSpline
210
0
220
0
230
1
 70
8
 71
3
 72
8
 73
4
 74
0
 40
0.000000000
 40
0.000000000
 40
0.000000000
 40
0.000000000
 40
1.000000000
 40
1.000000000
 40
1.000000000
 40
1.000000000
 10
137.383987067
 20
230.395464499
 30
3.000000000
 10
137.279396118
 20
230.214872474
 30
3.000000000
 10
137.070267088
 20
230.309920908
 30
3.000000000
 10
137.070267088
 20
230.309920908
 30
3.000000000
  0
SPLINE
  5
10F3
330
A02
100
AcDbEntity
  8
Shape2DView
100
AcDbSpline
210
0
220
0
230
1
 70
8
 71
1
 72
4
 73
2
 74
0
 40
0.000000000
 40
0.000000000
 40
7.209022125
 40
7.209022125
 10
137.070267088
 20
230.309920908
 30
3.000000000
 10
136.442878899
 20
230.585561368
 30
3.000000000
  0
SPLINE
  5
10F4
330
A02
100
AcDbEntity
  8
Shape2DView
100
AcDbSpline
210
0
220
0
230
1
 70
8
 71
3
 72
8
 73
4
 74
0
 40
0.000000000
 40
0.000000000
 40
0.000000000
 40
0.000000000
 40
1.000000000
 40
1.000000000
 40
1.000000000
 40
1.000000000
 10
136.442878899
 20
230.585561368
 30
3.000000000
 10
136.186176186
 20
230.319425752
 30
3.000000000
 10
135.938976535
 20
230.024775606
 30
3.000000000
 10
135.710789614
 20
229.730125460
 30
3.000000000
  0
SPLINE
  5
10F5
330
A02
100
AcDbEntity
  8
Shape2DView
100
AcDbSpline
210
0
220
0
230
1
 70
8
 71
3
 72
8
 73
4
 74
0
 40
0.000000000
 40
0.000000000
 40
0.000000000
 40
0.000000000
 40
1.000000000
 40
1.000000000
 40
1.000000000
 40
1.000000000
 10
135.710789614
 20
229.730125460
 30
3.000000000
 10
135.748813975
 20
229.720620617
 30
3.000000000
 10
136.148063709
 20
229.568543122
 30
3.000000000
 10
136.214604964
 20
229.540028592
 30
3.000000000
  0
SPLINE
  5
10F6
330
A02
100
AcDbEntity
  8
Shape2DView
100
AcDbSpline
210
0
220
0
230
1
 70
8
 71
3
 72
8
 73
4
 74
0
 40
0.000000000
 40
0.000000000
 40
0.000000000
 40
0.000000000
 40
1.000000000
 40
1.000000000
 40
1.000000000
 40
1.000000000
 10
136.214604964
 20
229.540028592
 30
3.000000000
 10
136.290652584
 20
229.511514061
 30
3.000000000
 10
136.404719059
 20
229.425970471
 30
3.000000000
 10
136.338151369
 20
229.226368759
 30
3.000000000
  0
SPLINE
  5
10F7
330
A02
100
AcDbEntity
  8
Shape2DView
100
AcDbSpline
210
0
220
0
230
1
 70
8
 71
3
 72
8
 73
4
 74
0
 40
0.000000000
 40
0.000000000
 40
0.000000000
 40
0.000000000
 40
1.000000000
 40
1.000000000
 40
1.000000000
 40
1.000000000
 10
136.338151369
 20
229.226368759
 30
3.000000000
 10
136.262077313
 20
229.026767047
 30
3.000000000
 10
136.043438614
 20
229.093300951
 30
3.000000000
 10
136.043438614
 20
229.093300951
 30
3.000000000
  0
SPLINE
  5
10F8
330
A02
100
AcDbEntity
  8
Shape2DView
100
AcDbSpline
210
0
220
0
230
1
 70
8
 71
1
 72
4
 73
2
 74
0
 40
0.000000000
 40
0.000000000
 40
7.203471385
 40
7.203471385
 10
136.043438614
 20
229.093300951
 30
3.000000000
 10
135.378011744
 20
229.254883289
 30
3.000000000
  0
SPLINE
  5
10F9
330
A02
100
AcDbEntity
  8
Shape2DView
100
AcDbSpline
210
0
220
0
230
1
 70
8
 71
2
 72
6
 73
3
 74
0
 40
0.000000000
 40
0.000000000
 40
0.000000000
 40
1.000000000
 40
1.000000000
 40
1.000000000
 10
135.378011744
 20
229.254883289
 30
3.000000000
 10
135.064247156
 20
228.784393540
 30
3.000000000
 10
134.807517458
 20
228.285389261
 30
3.000000000
  0
SPLINE
  5
10FA
330
A02
100
AcDbEntity
  8
Shape2DView
100
AcDbSpline
210
0
220
0
230
1
 70
8
 71
3
 72
8
 73
4
 74
0
 40
0.000000000
 40
0.000000000
 40
0.000000000
 40
0.000000000
 40
1.000000000
 40
1.000000000
 40
1.000000000
 40
1.000000000
 10
134.807517458
 20
228.285389261
 30
3.000000000
 10
134.817023823
 20
228.285389261
 30
3.000000000
 10
135.263813095
 20
228.199845670
 30
3.000000000
 10
135.339862918
 20
228.190340827
 30
3.000000000
  0
SPLINE
  5
10FB
330
A02
100
AcDbEntity
  8
Shape2DView
100
AcDbSpline
210
0
220
0
230
1
 70
8
 71
3
 72
8
 73
4
 74
0
 40
0.000000000
 40
0.000000000
 40
0.000000000
 40
0.000000000
 40
1.000000000
 40
1.000000000
 40
1.000000000
 40
1.000000000
 10
135.339862918
 20
228.190340827
 30
3.000000000
 10
135.415911640
 20
228.171331140
 30
3.000000000
 10
135.548994151
 20
228.114302079
 30
3.000000000
 10
135.510944456
 20
227.905195524
 30
3.000000000
  0
SPLINE
  5
10FC
330
A02
100
AcDbEntity
  8
Shape2DView
100
AcDbSpline
210
0
220
0
230
1
 70
8
 71
3
 72
8
 73
4
 74
0
 40
0.000000000
 40
0.000000000
 40
0.000000000
 40
0.000000000
 40
1.000000000
 40
1.000000000
 40
1.000000000
 40
1.000000000
 10
135.510944456
 20
227.905195524
 30
3.000000000
 10
135.472894761
 20
227.696088969
 30
3.000000000
 10
135.244745291
 20
227.724603499
 30
3.000000000
 10
135.244745291
 20
227.724603499
 30
3.000000000
  0
SPLINE
  5
10FD
330
A02
100
AcDbEntity
  8
Shape2DView
100
AcDbSpline
210
0
220
0
230
1
 70
8
 71
1
 72
4
 73
2
 74
0
 40
0.000000000
 40
0.000000000
 40
7.217340230
 40
7.217340230
 10
135.244745291
 20
227.724603499
 30
3.000000000
 10
134.560292472
 20
227.772127716
 30
3.000000000
  0
SPLINE
  5
10FE
330
A02
100
AcDbEntity
  8
Shape2DView
100
AcDbSpline
210
0
220
0
230
1
 70
8
 71
2
 72
6
 73
3
 74
0
 40
0.000000000
 40
0.000000000
 40
0.000000000
 40
1.000000000
 40
1.000000000
 40
1.000000000
 10
134.560292472
 20
227.772127716
 30
3.000000000
 10
134.320193957
 20
227.230351642
 30
3.000000000
 10
134.151389880
 20
226.660061037
 30
3.000000000
  0
SPLINE
  5
10FF
330
A02
100
AcDbEntity
  8
Shape2DView
100
AcDbSpline
210
0
220
0
230
1
 70
8
 71
1
 72
4
 73
2
 74
0
 40
0.000000000
 40
0.000000000
 40
5.700000000
 40
5.700000000
 10
134.151389880
 20
226.660061037
 30
3.000000000
 10
134.693252721
 20
226.660061037
 30
3.000000000
  0
SPLINE
  5
1100
330
A02
100
AcDbEntity
  8
Shape2DView
100
AcDbSpline
210
0
220
0
230
1
 70
8
 71
3
 72
8
 73
4
 74
0
 40
0.000000000
 40
0.000000000
 40
0.000000000
 40
0.000000000
 40
1.000000000
 40
1.000000000
 40
1.000000000
 40
1.000000000
 10
134.693252721
 20
226.660061037
 30
3.000000000
 10
134.769303646
 20
226.660061037
 30
3.000000000
 10
134.911894724
 20
226.622041663
 30
3.000000000
 10
134.911870492
 20
226.412935108
 30
3.000000000
  0
SPLINE
  5
1101
330
A02
100
AcDbEntity
  8
Shape2DView
100
AcDbSpline
210
0
220
0
230
1
 70
8
 71
3
 72
8
 73
4
 74
0
 40
0.000000000
 40
0.000000000
 40
0.000000000
 40
0.000000000
 40
1.000000000
 40
1.000000000
 40
1.000000000
 40
1.000000000
 10
134.911870492
 20
226.412935108
 30
3.000000000
 10
134.911846260
 20
226.203828553
 30
3.000000000
 10
134.683691282
 20
226.184818866
 30
3.000000000
 10
134.683691282
 20
226.184818866
 30
3.000000000
  0
SPLINE
  5
1102
330
A02
100
AcDbEntity
  8
Shape2DView
100
AcDbSpline
210
0
220
0
230
1
 70
8
 71
1
 72
4
 73
2
 74
0
 40
0.000000000
 40
0.000000000
 40
7.244308111
 40
7.244308111
 10
134.683691282
 20
226.184818866
 30
3.000000000
 10
133.999224145
 20
226.108780118
 30
3.000000000
  0
SPLINE
  5
1103
330
A02
100
AcDbEntity
  8
Shape2DView
100
AcDbSpline
210
0
220
0
230
1
 70
8
 71
2
 72
6
 73
3
 74
0
 40
0.000000000
 40
0.000000000
 40
0.000000000
 40
1.000000000
 40
1.000000000
 40
1.000000000
 10
133.999224145
 20
226.108780118
 30
3.000000000
 10
133.870825150
 20
225.564627833
 30
3.000000000
 10
133.799462697
 20
225.006218282
 30
3.000000000
  0
SPLINE
  5
1104
330
A02
100
AcDbEntity
  8
Shape2DView
100
AcDbSpline
210
0
220
0
230
1
 70
8
 71
3
 72
8
 73
4
 74
0
 40
0.000000000
 40
0.000000000
 40
0.000000000
 40
0.000000000
 40
1.000000000
 40
1.000000000
 40
1.000000000
 40
1.000000000
 10
133.799462697
 20
225.006218282
 30
3.000000000
 10
133.827982896
 20
225.015723126
 30
3.000000000
 10
134.255777059
 20
225.082257030
 30
3.000000000
 10
134.331830187
 20
225.101266716
 30
3.000000000
  0
SPLINE
  5
1105
330
A02
100
AcDbEntity
  8
Shape2DView
100
AcDbSpline
210
0
220
0
230
1
 70
8
 71
3
 72
8
 73
4
 74
0
 40
0.000000000
 40
0.000000000
 40
0.000000000
 40
0.000000000
 40
1.000000000
 40
1.000000000
 40
1.000000000
 40
1.000000000
 10
134.331830187
 20
225.101266716
 30
3.000000000
 10
134.407882214
 20
225.110771560
 30
3.000000000
 10
134.531463865
 20
225.101266716
 30
3.000000000
 10
134.578976969
 20
224.939684378
 30
3.000000000
  0
SPLINE
  5
1106
330
A02
100
AcDbEntity
  8
Shape2DView
100
AcDbSpline
210
0
220
0
230
1
 70
8
 71
1
 72
4
 73
2
 74
0
 40
0.000000000
 40
0.000000000
 40
8.956003573
 40
8.956003573
 10
134.578976969
 20
224.939684378
 30
3.000000000
 10
135.425032495
 20
224.844635944
 30
3.000000000
  0
SPLINE
  5
1107
330
A02
100
AcDbEntity
  8
Shape2DView
100
AcDbSpline
210
0
220
0
230
1
 70
8
 71
1
 72
4
 73
2
 74
0
 40
0.000000000
 40
0.000000000
 40
2.830194340
 40
2.830194340
 10
135.425032495
 20
224.844635944
 30
3.000000000
 10
135.282410576
 20
224.616519702
 30
3.000000000
  0
SPLINE
  5
1108
330
A02
100
AcDbEntity
  8
Shape2DView
100
AcDbSpline
210
0
220
0
230
1
 70
8
 71
1
 72
4
 73
2
 74
0
 40
0.000000000
 40
0.000000000
 40
8.050465825
 40
8.050465825
 10
135.282410576
 20
224.616519702
 30
3.000000000
 10
134.521911239
 20
224.702063293
 30
3.000000000
  0
SPLINE
  5
1109
330
A02
100
AcDbEntity
  8
Shape2DView
100
AcDbSpline
210
0
220
0
230
1
 70
8
 71
3
 72
8
 73
4
 74
0
 40
0.000000000
 40
0.000000000
 40
0.000000000
 40
0.000000000
 40
1.000000000
 40
1.000000000
 40
1.000000000
 40
1.000000000
 10
134.521911239
 20
224.702063293
 30
3.000000000
 10
134.464866436
 20
224.645034232
 30
3.000000000
 10
134.398319674
 20
224.626024546
 30
3.000000000
 10
134.398319674
 20
224.626024546
 30
3.000000000
  0
SPLINE
  5
110A
330
A02
100
AcDbEntity
  8
Shape2DView
100
AcDbSpline
210
0
220
0
230
1
 70
8
 71
1
 72
4
 73
2
 74
0
 40
0.000000000
 40
0.000000000
 40
7.212489168
 40
7.212489168
 10
134.398319674
 20
224.626024546
 30
3.000000000
 10
133.742357315
 20
224.426422834
 30
3.000000000
  0
SPLINE
  5
110B
330
A02
100
AcDbEntity
  8
Shape2DView
100
AcDbSpline
210
0
220
0
230
1
 70
8
 71
3
 72
8
 73
4
 74
0
 40
0.000000000
 40
0.000000000
 40
0.000000000
 40
0.000000000
 40
1.000000000
 40
1.000000000
 40
1.000000000
 40
1.000000000
 10
133.742357315
 20
224.426422834
 30
3.000000000
 10
133.732827818
 20
224.226821122
 30
3.000000000
 10
133.723299423
 20
224.036724254
 30
3.000000000
 10
133.723276293
 20
223.837122542
 30
3.000000000
  0
SPLINE
  5
110C
330
A02
100
AcDbEntity
  8
Shape2DView
100
AcDbSpline
210
0
220
0
230
1
 70
8
 71
3
 72
8
 73
4
 74
0
 40
0.000000000
 40
0.000000000
 40
0.000000000
 40
0.000000000
 40
1.000000000
 40
1.000000000
 40
1.000000000
 40
1.000000000
 10
133.723276293
 20
223.837122542
 30
3.000000000
 10
133.723255365
 20
223.656530517
 30
3.000000000
 10
133.732741904
 20
223.485443336
 30
3.000000000
 10
133.742227342
 20
223.304851311
 30
3.000000000
  0
SPLINE
  5
110D
330
A02
100
AcDbEntity
  8
Shape2DView
100
AcDbSpline
210
0
220
0
230
1
 70
8
 71
3
 72
8
 73
4
 74
0
 40
0.000000000
 40
0.000000000
 40
0.000000000
 40
0.000000000
 40
1.000000000
 40
1.000000000
 40
1.000000000
 40
1.000000000
 10
133.742227342
 20
223.304851311
 30
3.000000000
 10
133.780253906
 20
223.314356154
 30
3.000000000
 10
134.179538886
 20
223.466433649
 30
3.000000000
 10
134.246085648
 20
223.485443336
 30
3.000000000
  0
SPLINE
  5
110E
330
A02
100
AcDbEntity
  8
Shape2DView
100
AcDbSpline
210
0
220
0
230
1
 70
8
 71
3
 72
8
 73
4
 74
0
 40
0.000000000
 40
0.000000000
 40
0.000000000
 40
0.000000000
 40
1.000000000
 40
1.000000000
 40
1.000000000
 40
1.000000000
 10
134.246085648
 20
223.485443336
 30
3.000000000
 10
134.312632411
 20
223.504453022
 30
3.000000000
 10
134.426711001
 20
223.523462709
 30
3.000000000
 10
134.502746506
 20
223.390394901
 30
3.000000000
  0
SPLINE
  5
110F
330
A02
100
AcDbEntity
  8
Shape2DView
100
AcDbSpline
210
0
220
0
230
1
 70
8
 71
1
 72
4
 73
2
 74
0
 40
0.000000000
 40
0.000000000
 40
5.575840744
 40
5.575840744
 10
134.502746506
 20
223.390394901
 30
3.000000000
 10
134.217503768
 20
222.943667261
 30
3.000000000
  0
SPLINE
  5
1110
330
A02
100
AcDbEntity
  8
Shape2DView
100
AcDbSpline
210
0
220
0
230
1
 70
8
 71
1
 72
4
 73
2
 74
0
 40
0.000000000
 40
0.000000000
 40
5.142956348
 40
5.142956348
 10
134.217503768
 20
222.943667261
 30
3.000000000
 10
133.780185616
 20
222.725055862
 30
3.000000000
  0
SPLINE
  5
1111
330
A02
100
AcDbEntity
  8
Shape2DView
100
AcDbSpline
210
0
220
0
230
1
 70
8
 71
3
 72
8
 73
4
 74
0
 40
0.000000000
 40
0.000000000
 40
0.000000000
 40
0.000000000
 40
1.000000000
 40
1.000000000
 40
1.000000000
 40
1.000000000
 10
133.780185616
 20
222.725055862
 30
3.000000000
 10
133.799182927
 20
222.591988054
 30
3.000000000
 10
133.808674973
 20
222.468425090
 30
3.000000000
 10
133.837178650
 20
222.335357282
 30
3.000000000
  0
SPLINE
  5
1112
330
A02
100
AcDbEntity
  8
Shape2DView
100
AcDbSpline
210
0
220
0
230
1
 70
8
 71
1
 72
4
 73
2
 74
0
 40
0.000000000
 40
0.000000000
 40
42.973131140
 40
42.973131140
 10
133.837178650
 20
222.335357282
 30
3.000000000
 10
131.650314725
 20
218.885099122
 30
3.000000000
  0
SPLINE
  5
1113
330
A02
100
AcDbEntity
  8
Shape2DView
100
AcDbSpline
210
0
220
0
230
1
 70
8
 71
3
 72
8
 73
4
 74
0
 40
0.000000000
 40
0.000000000
 40
0.000000000
 40
0.000000000
 40
1.000000000
 40
1.000000000
 40
1.000000000
 40
1.000000000
 10
131.650314725
 20
218.885099122
 30
3.000000000
 10
130.613932522
 20
217.259770898
 30
3.000000000
 10
131.345768471
 20
215.929092820
 30
3.000000000
 10
133.275560694
 20
215.929092820
 30
3.000000000
  0
SPLINE
  5
1114
330
A02
100
AcDbEntity
  8
Shape2DView
100
AcDbSpline
210
0
220
0
230
1
 70
8
 71
1
 72
4
 73
2
 74
0
 40
0.000000000
 40
0.000000000
 40
51.200000000
 40
51.200000000
 10
133.275560694
 20
215.929092820
 30
3.000000000
 10
138.142819896
 20
215.929092820
 30
3.000000000
  0
SPLINE
  5
1115
330
A02
100
AcDbEntity
  8
Shape2DView
100
AcDbSpline
210
0
220
0
230
1
 70
8
 71
1
 72
4
 73
2
 74
0
 40
0.000000000
 40
0.000000000
 40
2.668332813
 40
2.668332813
 10
138.142819896
 20
215.929092820
 30
3.000000000
 10
138.085753065
 20
215.681966891
 30
3.000000000
  0
SPLINE
  5
1116
330
A02
100
AcDbEntity
  8
Shape2DView
100
AcDbSpline
210
0
220
0
230
1
 70
8
 71
2
 72
6
 73
3
 74
0
 40
0.000000000
 40
0.000000000
 40
0.000000000
 40
1.000000000
 40
1.000000000
 40
1.000000000
 10
138.085753065
 20
215.681966891
 30
3.000000000
 10
138.556281815
 20
215.368307058
 30
3.000000000
 10
139.055336271
 20
215.111676286
 30
3.000000000
  0
SPLINE
  5
1117
330
A02
100
AcDbEntity
  8
Shape2DView
100
AcDbSpline
210
0
220
0
230
1
 70
8
 71
3
 72
8
 73
4
 74
0
 40
0.000000000
 40
0.000000000
 40
0.000000000
 40
0.000000000
 40
1.000000000
 40
1.000000000
 40
1.000000000
 40
1.000000000
 10
139.055336271
 20
215.111676286
 30
3.000000000
 10
139.055337373
 20
215.121181129
 30
3.000000000
 10
139.140946432
 20
215.567908770
 30
3.000000000
 10
139.150461609
 20
215.643947517
 30
3.000000000
  0
SPLINE
  5
1118
330
A02
100
AcDbEntity
  8
Shape2DView
100
AcDbSpline
210
0
220
0
230
1
 70
8
 71
3
 72
8
 73
4
 74
0
 40
0.000000000
 40
0.000000000
 40
0.000000000
 40
0.000000000
 40
1.000000000
 40
1.000000000
 40
1.000000000
 40
1.000000000
 10
139.150461609
 20
215.643947517
 30
3.000000000
 10
139.159976787
 20
215.719986265
 30
3.000000000
 10
139.226536767
 20
215.853054072
 30
3.000000000
 10
139.435672405
 20
215.815034699
 30
3.000000000
  0
SPLINE
  5
1119
330
A02
100
AcDbEntity
  8
Shape2DView
100
AcDbSpline
210
0
220
0
230
1
 70
8
 71
3
 72
8
 73
4
 74
0
 40
0.000000000
 40
0.000000000
 40
0.000000000
 40
0.000000000
 40
1.000000000
 40
1.000000000
 40
1.000000000
 40
1.000000000
 10
139.435672405
 20
215.815034699
 30
3.000000000
 10
139.644808043
 20
215.777015325
 30
3.000000000
 10
139.616262511
 20
215.548899083
 30
3.000000000
 10
139.616262511
 20
215.548899083
 30
3.000000000
  0
SPLINE
  5
111A
330
A02
100
AcDbEntity
  8
Shape2DView
100
AcDbSpline
210
0
220
0
230
1
 70
8
 71
1
 72
4
 73
2
 74
0
 40
0.000000000
 40
0.000000000
 40
7.217340230
 40
7.217340230
 10
139.616262511
 20
215.548899083
 30
3.000000000
 10
139.568651377
 20
214.864550357
 30
3.000000000
  0
SPLINE
  5
111B
330
A02
100
AcDbEntity
  8
Shape2DView
100
AcDbSpline
210
0
220
0
230
1
 70
8
 71
2
 72
6
 73
3
 74
0
 40
0.000000000
 40
0.000000000
 40
0.000000000
 40
1.000000000
 40
1.000000000
 40
1.000000000
 10
139.568651377
 20
214.864550357
 30
3.000000000
 10
140.110486407
 20
214.624553061
 30
3.000000000
 10
140.680848793
 20
214.455842090
 30
3.000000000
  0
SPLINE
  5
111C
330
A02
100
AcDbEntity
  8
Shape2DView
100
AcDbSpline
210
0
220
0
230
1
 70
8
 71
1
 72
4
 73
2
 74
0
 40
0.000000000
 40
0.000000000
 40
5.700000000
 40
5.700000000
 10
140.680848793
 20
214.455842090
 30
3.000000000
 10
140.680911577
 20
214.997618165
 30
3.000000000
  0
SPLINE
  5
111D
330
A02
100
AcDbEntity
  8
Shape2DView
100
AcDbSpline
210
0
220
0
230
1
 70
8
 71
3
 72
8
 73
4
 74
0
 40
0.000000000
 40
0.000000000
 40
0.000000000
 40
0.000000000
 40
1.000000000
 40
1.000000000
 40
1.000000000
 40
1.000000000
 10
140.680911577
 20
214.997618165
 30
3.000000000
 10
140.680920388
 20
215.073656912
 30
3.000000000
 10
140.718962373
 20
215.216229564
 30
3.000000000
 10
140.928102417
 20
215.216229564
 30
3.000000000
  0
SPLINE
  5
111E
330
A02
100
AcDbEntity
  8
Shape2DView
100
AcDbSpline
210
0
220
0
230
1
 70
8
 71
3
 72
8
 73
4
 74
0
 40
0.000000000
 40
0.000000000
 40
0.000000000
 40
0.000000000
 40
1.000000000
 40
1.000000000
 40
1.000000000
 40
1.000000000
 10
140.928102417
 20
215.216229564
 30
3.000000000
 10
141.137242460
 20
215.216229564
 30
3.000000000
 10
141.156228757
 20
214.988113322
 30
3.000000000
 10
141.156228757
 20
214.988113322
 30
3.000000000
  0
SPLINE
  5
111F
330
A02
100
AcDbEntity
  8
Shape2DView
100
AcDbSpline
210
0
220
0
230
1
 70
8
 71
1
 72
4
 73
2
 74
0
 40
0.000000000
 40
0.000000000
 40
7.244308111
 40
7.244308111
 10
141.156228757
 20
214.988113322
 30
3.000000000
 10
141.232200377
 20
214.303764596
 30
3.000000000
  0
SPLINE
  5
1120
330
A02
100
AcDbEntity
  8
Shape2DView
100
AcDbSpline
210
0
220
0
230
1
 70
8
 71
2
 72
6
 73
3
 74
0
 40
0.000000000
 40
0.000000000
 40
0.000000000
 40
1.000000000
 40
1.000000000
 40
1.000000000
 10
141.232200377
 20
214.303764596
 30
3.000000000
 10
141.776424939
 20
214.175449209
 30
3.000000000
 10
142.334915659
 20
214.104162884
 30
3.000000000
  0
SPLINE
  5
1121
330
A02
100
AcDbEntity
  8
Shape2DView
100
AcDbSpline
210
0
220
0
230
1
 70
8
 71
3
 72
8
 73
4
 74
0
 40
0.000000000
 40
0.000000000
 40
0.000000000
 40
0.000000000
 40
1.000000000
 40
1.000000000
 40
1.000000000
 40
1.000000000
 10
142.334915659
 20
214.104162884
 30
3.000000000
 10
142.325412598
 20
214.132677414
 30
3.000000000
 10
142.258917604
 20
214.560395368
 30
3.000000000
 10
142.239913684
 20
214.636434115
 30
3.000000000
  0
SPLINE
  5
1122
330
A02
100
AcDbEntity
  8
Shape2DView
100
AcDbSpline
210
0
220
0
230
1
 70
8
 71
3
 72
8
 73
4
 74
0
 40
0.000000000
 40
0.000000000
 40
0.000000000
 40
0.000000000
 40
1.000000000
 40
1.000000000
 40
1.000000000
 40
1.000000000
 10
142.239913684
 20
214.636434115
 30
3.000000000
 10
142.230416131
 20
214.712472862
 30
3.000000000
 10
142.239936815
 20
214.836035827
 30
3.000000000
 10
142.401550538
 20
214.883560044
 30
3.000000000
  0
SPLINE
  5
1123
330
A02
100
AcDbEntity
  8
Shape2DView
100
AcDbSpline
210
0
220
0
230
1
 70
8
 71
1
 72
4
 73
2
 74
0
 40
0.000000000
 40
0.000000000
 40
11.065260955
 40
11.065260955
 10
142.401550538
 20
214.883560044
 30
3.000000000
 10
142.515748086
 20
215.929092820
 30
3.000000000
  0
SPLINE
  5
1124
330
A02
100
AcDbEntity
  8
Shape2DView
100
AcDbSpline
210
0
220
0
230
1
 70
8
 71
1
 72
4
 73
2
 74
0
 40
0.000000000
 40
0.000000000
 40
2.500000000
 40
2.500000000
 10
142.515748086
 20
215.929092820
 30
3.000000000
 10
142.753407227
 20
215.929092820
 30
3.000000000
  0
SPLINE
  5
1125
330
A02
100
AcDbEntity
  8
Shape2DView
100
AcDbSpline
210
0
220
0
230
1
 70
8
 71
1
 72
4
 73
2
 74
0
 40
0.000000000
 40
0.000000000
 40
11.573245007
 40
11.573245007
 10
142.753407227
 20
215.929092820
 30
3.000000000
 10
142.629697806
 20
214.836035827
 30
3.000000000
  0
SPLINE
  5
1126
330
A02
100
AcDbEntity
  8
Shape2DView
100
AcDbSpline
210
0
220
0
230
1
 70
8
 71
3
 72
8
 73
4
 74
0
 40
0.000000000
 40
0.000000000
 40
0.000000000
 40
0.000000000
 40
1.000000000
 40
1.000000000
 40
1.000000000
 40
1.000000000
 10
142.629697806
 20
214.836035827
 30
3.000000000
 10
142.686729391
 20
214.779006766
 30
3.000000000
 10
142.705734412
 20
214.712472862
 30
3.000000000
 10
142.705734412
 20
214.712472862
 30
3.000000000
  0
SPLINE
  5
1127
330
A02
100
AcDbEntity
  8
Shape2DView
100
AcDbSpline
210
0
220
0
230
1
 70
8
 71
1
 72
4
 73
2
 74
0
 40
0.000000000
 40
0.000000000
 40
7.184010022
 40
7.184010022
 10
142.705734412
 20
214.712472862
 30
3.000000000
 10
142.895785724
 20
214.056638667
 30
3.000000000
  0
SPLINE
  5
1128
330
A02
100
AcDbEntity
  8
Shape2DView
100
AcDbSpline
210
0
220
0
230
1
 70
8
 71
3
 72
8
 73
4
 74
0
 40
0.000000000
 40
0.000000000
 40
0.000000000
 40
0.000000000
 40
1.000000000
 40
1.000000000
 40
1.000000000
 40
1.000000000
 10
142.895785724
 20
214.056638667
 30
3.000000000
 10
143.095418301
 20
214.047133823
 30
3.000000000
 10
143.285544512
 20
214.037628980
 30
3.000000000
 10
143.485178190
 20
214.037628980
 30
3.000000000
  0
SPLINE
  5
1129
330
A02
100
AcDbEntity
  8
Shape2DView
100
AcDbSpline
210
0
220
0
230
1
 70
8
 71
3
 72
8
 73
4
 74
0
 40
0.000000000
 40
0.000000000
 40
0.000000000
 40
0.000000000
 40
1.000000000
 40
1.000000000
 40
1.000000000
 40
1.000000000
 10
143.485178190
 20
214.037628980
 30
3.000000000
 10
143.665799137
 20
214.037628980
 30
3.000000000
 10
143.836914820
 20
214.047133823
 30
3.000000000
 10
144.017536868
 20
214.056638667
 30
3.000000000
  0
SPLINE
  5
112A
330
A02
100
AcDbEntity
  8
Shape2DView
100
AcDbSpline
210
0
220
0
230
1
 70
8
 71
3
 72
8
 73
4
 74
0
 40
0.000000000
 40
0.000000000
 40
0.000000000
 40
0.000000000
 40
1.000000000
 40
1.000000000
 40
1.000000000
 40
1.000000000
 10
144.017536868
 20
214.056638667
 30
3.000000000
 10
144.008034908
 20
214.094658040
 30
3.000000000
 10
143.855979320
 20
214.493861464
 30
3.000000000
 10
143.836974299
 20
214.560395368
 30
3.000000000
  0
SPLINE
  5
112B
330
A02
100
AcDbEntity
  8
Shape2DView
100
AcDbSpline
210
0
220
0
230
1
 70
8
 71
3
 72
8
 73
4
 74
0
 40
0.000000000
 40
0.000000000
 40
0.000000000
 40
0.000000000
 40
1.000000000
 40
1.000000000
 40
1.000000000
 40
1.000000000
 10
143.836974299
 20
214.560395368
 30
3.000000000
 10
143.808464013
 20
214.636434115
 30
3.000000000
 10
143.798974170
 20
214.779006766
 30
3.000000000
 10
143.998616660
 20
214.855045514
 30
3.000000000
  0
SPLINE
  5
112C
330
A02
100
AcDbEntity
  8
Shape2DView
100
AcDbSpline
210
0
220
0
230
1
 70
8
 71
3
 72
8
 73
4
 74
0
 40
0.000000000
 40
0.000000000
 40
0.000000000
 40
0.000000000
 40
1.000000000
 40
1.000000000
 40
1.000000000
 40
1.000000000
 10
143.998616660
 20
214.855045514
 30
3.000000000
 10
144.198259149
 20
214.931084261
 30
3.000000000
 10
144.293298574
 20
214.721977706
 30
3.000000000
 10
144.293298574
 20
214.721977706
 30
3.000000000
  0
SPLINE
  5
112D
330
A02
100
AcDbEntity
  8
Shape2DView
100
AcDbSpline
210
0
220
0
230
1
 70
8
 71
1
 72
4
 73
2
 74
0
 40
0.000000000
 40
0.000000000
 40
7.155417528
 40
7.155417528
 10
144.293298574
 20
214.721977706
 30
3.000000000
 10
144.597431780
 20
214.113667727
 30
3.000000000
  0
SPLINE
  5
112E
330
A02
100
AcDbEntity
  8
Shape2DView
100
AcDbSpline
210
0
220
0
230
1
 70
8
 71
3
 72
8
 73
4
 74
0
 40
0.000000000
 40
0.000000000
 40
0.000000000
 40
0.000000000
 40
1.000000000
 40
1.000000000
 40
1.000000000
 40
1.000000000
 10
144.597431780
 20
214.113667727
 30
3.000000000
 10
144.977690811
 20
214.151687101
 30
3.000000000
 10
145.338940416
 20
214.218221005
 30
3.000000000
 10
145.709698588
 20
214.303764596
 30
3.000000000
  0
SPLINE
  5
112F
330
A02
100
AcDbEntity
  8
Shape2DView
100
AcDbSpline
210
0
220
0
230
1
 70
8
 71
3
 72
8
 73
4
 74
0
 40
0.000000000
 40
0.000000000
 40
0.000000000
 40
0.000000000
 40
1.000000000
 40
1.000000000
 40
1.000000000
 40
1.000000000
 10
145.709698588
 20
214.303764596
 30
3.000000000
 10
145.709699690
 20
214.313269439
 30
3.000000000
 10
145.481592074
 20
214.702968019
 30
3.000000000
 10
145.443574322
 20
214.769501923
 30
3.000000000
  0
SPLINE
  5
1130
330
A02
100
AcDbEntity
  8
Shape2DView
100
AcDbSpline
210
0
220
0
230
1
 70
8
 71
3
 72
8
 73
4
 74
0
 40
0.000000000
 40
0.000000000
 40
0.000000000
 40
0.000000000
 40
1.000000000
 40
1.000000000
 40
1.000000000
 40
1.000000000
 10
145.443574322
 20
214.769501923
 30
3.000000000
 10
145.405556570
 20
214.836035827
 30
3.000000000
 10
145.367547629
 20
214.978608478
 30
3.000000000
 10
145.548180692
 20
215.083161756
 30
3.000000000
  0
SPLINE
  5
1131
330
A02
100
AcDbEntity
  8
Shape2DView
100
AcDbSpline
210
0
220
0
230
1
 70
8
 71
3
 72
8
 73
4
 74
0
 40
0.000000000
 40
0.000000000
 40
0.000000000
 40
0.000000000
 40
1.000000000
 40
1.000000000
 40
1.000000000
 40
1.000000000
 10
145.548180692
 20
215.083161756
 30
3.000000000
 10
145.728813755
 20
215.187715033
 30
3.000000000
 10
145.861880845
 20
214.997618165
 30
3.000000000
 10
145.861880845
 20
214.997618165
 30
3.000000000
  0
SPLINE
  5
1132
330
A02
100
AcDbEntity
  8
Shape2DView
100
AcDbSpline
210
0
220
0
230
1
 70
8
 71
1
 72
4
 73
2
 74
0
 40
0.000000000
 40
0.000000000
 40
7.220110802
 40
7.220110802
 10
145.861880845
 20
214.997618165
 30
3.000000000
 10
146.270590682
 20
214.446337247
 30
3.000000000
  0
SPLINE
  5
1133
330
A02
100
AcDbEntity
  8
Shape2DView
100
AcDbSpline
210
0
220
0
230
1
 70
8
 71
2
 72
6
 73
3
 74
0
 40
0.000000000
 40
0.000000000
 40
0.000000000
 40
1.000000000
 40
1.000000000
 40
1.000000000
 10
146.270590682
 20
214.446337247
 30
3.000000000
 10
146.812472248
 20
214.607919585
 30
3.000000000
 10
147.325841326
 20
214.826530983
 30
3.000000000
  0
SPLINE
  5
1134
330
A02
100
AcDbEntity
  8
Shape2DView
100
AcDbSpline
210
0
220
0
230
1
 70
8
 71
3
 72
8
 73
4
 74
0
 40
0.000000000
 40
0.000000000
 40
0.000000000
 40
0.000000000
 40
1.000000000
 40
1.000000000
 40
1.000000000
 40
1.000000000
 10
147.325841326
 20
214.826530983
 30
3.000000000
 10
147.325841326
 20
214.826530983
 30
3.000000000
 10
147.031184745
 20
215.178210190
 30
3.000000000
 10
146.983660627
 20
215.244744094
 30
3.000000000
  0
SPLINE
  5
1135
330
A02
100
AcDbEntity
  8
Shape2DView
100
AcDbSpline
210
0
220
0
230
1
 70
8
 71
3
 72
8
 73
4
 74
0
 40
0.000000000
 40
0.000000000
 40
0.000000000
 40
0.000000000
 40
1.000000000
 40
1.000000000
 40
1.000000000
 40
1.000000000
 10
146.983660627
 20
215.244744094
 30
3.000000000
 10
146.936135408
 20
215.301773154
 30
3.000000000
 10
146.869606269
 20
215.434840962
 30
3.000000000
 10
147.031231006
 20
215.577413613
 30
3.000000000
  0
SPLINE
  5
1136
330
A02
100
AcDbEntity
  8
Shape2DView
100
AcDbSpline
210
0
220
0
230
1
 70
8
 71
3
 72
8
 73
4
 74
0
 40
0.000000000
 40
0.000000000
 40
0.000000000
 40
0.000000000
 40
1.000000000
 40
1.000000000
 40
1.000000000
 40
1.000000000
 10
147.031231006
 20
215.577413613
 30
3.000000000
 10
147.192854643
 20
215.710481421
 30
3.000000000
 10
147.354444133
 20
215.548899083
 30
3.000000000
 10
147.354444133
 20
215.548899083
 30
3.000000000
  0
SPLINE
  5
1137
330
A02
100
AcDbEntity
  8
Shape2DView
100
AcDbSpline
210
0
220
0
230
1
 70
8
 71
1
 72
4
 73
2
 74
0
 40
0.000000000
 40
0.000000000
 40
7.213875519
 40
7.213875519
 10
147.354444133
 20
215.548899083
 30
3.000000000
 10
147.848720073
 20
215.073656912
 30
3.000000000
  0
SPLINE
  5
1138
330
A02
100
AcDbEntity
  8
Shape2DView
100
AcDbSpline
210
0
220
0
230
1
 70
8
 71
3
 72
8
 73
4
 74
0
 40
0.000000000
 40
0.000000000
 40
0.000000000
 40
0.000000000
 40
1.000000000
 40
1.000000000
 40
1.000000000
 40
1.000000000
 10
147.848720073
 20
215.073656912
 30
3.000000000
 10
148.181462697
 20
215.244744094
 30
3.000000000
 10
148.514206421
 20
215.425336119
 30
3.000000000
 10
148.827940719
 20
215.634442674
 30
3.000000000
  0
SPLINE
  5
1139
330
A02
100
AcDbEntity
  8
Shape2DView
100
AcDbSpline
210
0
220
0
230
1
 70
8
 71
3
 72
8
 73
4
 74
0
 40
0.000000000
 40
0.000000000
 40
0.000000000
 40
0.000000000
 40
1.000000000
 40
1.000000000
 40
1.000000000
 40
1.000000000
 10
148.827940719
 20
215.634442674
 30
3.000000000
 10
148.818435455
 20
215.643947517
 30
3.000000000
 10
148.561788917
 20
215.862558916
 30
3.000000000
 10
148.457228808
 20
215.948102507
 30
3.000000000
  0
SPLINE
  5
113A
330
A02
100
AcDbEntity
  8
Shape2DView
100
AcDbSpline
210
0
220
0
230
1
 70
8
 71
1
 72
4
 73
2
 74
0
 40
0.000000000
 40
0.000000000
 40
52.300000000
 40
52.300000000
 10
148.457228808
 20
215.948102507
 30
3.000000000
 10
153.429058032
 20
215.948102507
 30
3.000000000
  0
SPLINE
  5
113B
330
A02
100
AcDbEntity
  8
Shape2DView
100
AcDbSpline
210
0
220
0
230
1
 70
8
 71
3
 72
8
 73
4
 74
0
 40
0.000000000
 40
0.000000000
 40
0.000000000
 40
0.000000000
 40
1.000000000
 40
1.000000000
 40
1.000000000
 40
1.000000000
 10
153.429058032
 20
215.948102507
 30
3.000000000
 10
155.396872413
 20
215.919587976
 30
3.000000000
 10
156.129016771
 20
217.250266055
 30
3.000000000
 10
155.093011267
 20
218.875594279
 30
3.000000000
  0
SPLINE
  5
113C
330
A02
100
AcDbEntity
  8
Shape2DView
100
AcDbSpline
210
0
220
0
230
1
 70
8
 71
1
 72
4
 73
2
 74
0
 40
0.000000000
 40
0.000000000
 40
212.900000000
 40
212.900000000
 10
153.505234524
 20
217.031654656
 30
3.000000000
 10
133.266182098
 20
217.031654656
 30
3.000000000
  0
SPLINE
  5
113D
330
A02
100
AcDbEntity
  8
Shape2DView
100
AcDbSpline
210
0
220
0
230
1
 70
8
 71
3
 72
8
 73
4
 74
0
 40
0.000000000
 40
0.000000000
 40
0.000000000
 40
0.000000000
 40
1.000000000
 40
1.000000000
 40
1.000000000
 40
1.000000000
 10
133.266182098
 20
217.031654656
 30
3.000000000
 10
132.439128288
 20
217.031654656
 30
3.000000000
 10
132.125484310
 20
217.601945261
 30
3.000000000
 10
132.572363901
 20
218.295798830
 30
3.000000000
  0
SPLINE
  5
113E
330
A02
100
AcDbEntity
  8
Shape2DView
100
AcDbSpline
210
0
220
0
230
1
 70
8
 71
1
 72
4
 73
2
 74
0
 40
0.000000000
 40
0.000000000
 40
194.787088895
 40
194.787088895
 10
132.572363901
 20
218.295798830
 30
3.000000000
 10
142.565360571
 20
233.883742033
 30
3.000000000
  0
SPLINE
  5
113F
330
A02
100
AcDbEntity
  8
Shape2DView
100
AcDbSpline
210
0
220
0
230
1
 70
8
 71
3
 72
8
 73
4
 74
0
 40
0.000000000
 40
0.000000000
 40
0.000000000
 40
0.000000000
 40
1.000000000
 40
1.000000000
 40
1.000000000
 40
1.000000000
 10
142.565360571
 20
233.883742033
 30
3.000000000
 10
143.012240163
 20
234.577595602
 30
3.000000000
 10
143.744230316
 20
234.577595602
 30
3.000000000
 10
144.190949094
 20
233.883742033
 30
3.000000000
  0
SPLINE
  5
1140
330
A02
100
AcDbEntity
  8
Shape2DView
100
AcDbSpline
210
0
220
0
230
1
 70
8
 71
1
 72
4
 73
2
 74
0
 40
0.000000000
 40
0.000000000
 40
194.810933985
 40
194.810933985
 10
144.190949094
 20
233.883742033
 30
3.000000000
 10
154.199346810
 20
218.305303674
 30
3.000000000
  0
SPLINE
  5
1141
330
A02
100
AcDbEntity
  8
Shape2DView
100
AcDbSpline
210
0
220
0
230
1
 70
8
 71
3
 72
8
 73
4
 74
0
 40
0.000000000
 40
0.000000000
 40
0.000000000
 40
0.000000000
 40
1.000000000
 40
1.000000000
 40
1.000000000
 40
1.000000000
 10
154.199346810
 20
218.305303674
 30
3.000000000
 10
154.646064487
 20
217.601945261
 30
3.000000000
 10
154.332288334
 20
217.031654656
 30
3.000000000
 10
153.505234524
 20
217.031654656
 30
3.000000000
  0
SPLINE
  5
1142
330
A02
100
AcDbEntity
  8
Shape2DView
100
AcDbSpline
210
0
220
0
230
1
 70
8
 71
1
 72
4
 73
2
 74
0
 40
0.000000000
 40
0.000000000
 40
0.282842712
 40
0.282842712
 10
142.858738357
 20
222.496939620
 30
3.000000000
 10
142.839723423
 20
222.477929934
 30
3.000000000
  0
SPLINE
  5
1143
330
A02
100
AcDbEntity
  8
Shape2DView
100
AcDbSpline
210
0
220
0
230
1
 70
8
 71
1
 72
4
 73
2
 74
0
 40
0.000000000
 40
0.000000000
 40
0.141421356
 40
0.141421356
 10
142.839723423
 20
222.477929934
 30
3.000000000
 10
142.830215956
 20
222.468425090
 30
3.000000000
  0
SPLINE
  5
1144
330
A02
100
AcDbEntity
  8
Shape2DView
100
AcDbSpline
210
0
220
0
230
1
 70
8
 71
1
 72
4
 73
2
 74
0
 40
0.000000000
 40
0.000000000
 40
0.141421356
 40
0.141421356
 10
142.830215956
 20
222.468425090
 30
3.000000000
 10
142.820708489
 20
222.458920247
 30
3.000000000
  0
SPLINE
  5
1145
330
A02
100
AcDbEntity
  8
Shape2DView
100
AcDbSpline
210
0
220
0
230
1
 70
8
 71
1
 72
4
 73
2
 74
0
 40
0.000000000
 40
0.000000000
 40
0.100000000
 40
0.100000000
 10
142.820708489
 20
222.458920247
 30
3.000000000
 10
142.811202123
 20
222.458920247
 30
3.000000000
  0
SPLINE
  5
1146
330
A02
100
AcDbEntity
  8
Shape2DView
100
AcDbSpline
210
0
220
0
230
1
 70
8
 71
1
 72
4
 73
2
 74
0
 40
0.000000000
 40
0.000000000
 40
0.141421356
 40
0.141421356
 10
142.811202123
 20
222.458920247
 30
3.000000000
 10
142.801694656
 20
222.449415403
 30
3.000000000
  0
SPLINE
  5
1147
330
A02
100
AcDbEntity
  8
Shape2DView
100
AcDbSpline
210
0
220
0
230
1
 70
8
 71
1
 72
4
 73
2
 74
0
 40
0.000000000
 40
0.000000000
 40
0.100000000
 40
0.100000000
 10
142.801694656
 20
222.449415403
 30
3.000000000
 10
142.792188291
 20
222.449415403
 30
3.000000000
  0
SPLINE
  5
1148
330
A02
100
AcDbEntity
  8
Shape2DView
100
AcDbSpline
210
0
220
0
230
1
 70
8
 71
1
 72
4
 73
2
 74
0
 40
0.000000000
 40
0.000000000
 40
0.141421356
 40
0.141421356
 10
142.792188291
 20
222.449415403
 30
3.000000000
 10
142.782680824
 20
222.439910560
 30
3.000000000
  0
SPLINE
  5
1149
330
A02
100
AcDbEntity
  8
Shape2DView
100
AcDbSpline
210
0
220
0
230
1
 70
8
 71
1
 72
4
 73
2
 74
0
 40
0.000000000
 40
0.000000000
 40
0.141421356
 40
0.141421356
 10
142.782680824
 20
222.439910560
 30
3.000000000
 10
142.773173357
 20
222.430405716
 30
3.000000000
  0
SPLINE
  5
114A
330
A02
100
AcDbEntity
  8
Shape2DView
100
AcDbSpline
210
0
220
0
230
1
 70
8
 71
1
 72
4
 73
2
 74
0
 40
0.000000000
 40
0.000000000
 40
0.223606798
 40
0.223606798
 10
142.773173357
 20
222.430405716
 30
3.000000000
 10
142.754159524
 20
222.420900873
 30
3.000000000
  0
SPLINE
  5
114B
330
A02
100
AcDbEntity
  8
Shape2DView
100
AcDbSpline
210
0
220
0
230
1
 70
8
 71
1
 72
4
 73
2
 74
0
 40
0.000000000
 40
0.000000000
 40
0.223606798
 40
0.223606798
 10
142.754159524
 20
222.420900873
 30
3.000000000
 10
142.735145691
 20
222.411396030
 30
3.000000000
  0
SPLINE
  5
114C
330
A02
100
AcDbEntity
  8
Shape2DView
100
AcDbSpline
210
0
220
0
230
1
 70
8
 71
1
 72
4
 73
2
 74
0
 40
0.000000000
 40
0.000000000
 40
0.141421356
 40
0.141421356
 10
142.735145691
 20
222.411396030
 30
3.000000000
 10
142.725638224
 20
222.401891186
 30
3.000000000
  0
SPLINE
  5
114D
330
A02
100
AcDbEntity
  8
Shape2DView
100
AcDbSpline
210
0
220
0
230
1
 70
8
 71
1
 72
4
 73
2
 74
0
 40
0.000000000
 40
0.000000000
 40
0.141421356
 40
0.141421356
 10
142.725638224
 20
222.401891186
 30
3.000000000
 10
142.716130757
 20
222.392386343
 30
3.000000000
  0
SPLINE
  5
114E
330
A02
100
AcDbEntity
  8
Shape2DView
100
AcDbSpline
210
0
220
0
230
1
 70
8
 71
1
 72
4
 73
2
 74
0
 40
0.000000000
 40
0.000000000
 40
0.223606798
 40
0.223606798
 10
142.716130757
 20
222.392386343
 30
3.000000000
 10
142.697116924
 20
222.382881499
 30
3.000000000
  0
SPLINE
  5
114F
330
A02
100
AcDbEntity
  8
Shape2DView
100
AcDbSpline
210
0
220
0
230
1
 70
8
 71
1
 72
4
 73
2
 74
0
 40
0.000000000
 40
0.000000000
 40
0.141421356
 40
0.141421356
 10
142.697116924
 20
222.382881499
 30
3.000000000
 10
142.687609457
 20
222.373376656
 30
3.000000000
  0
SPLINE
  5
1150
330
A02
100
AcDbEntity
  8
Shape2DView
100
AcDbSpline
210
0
220
0
230
1
 70
8
 71
1
 72
4
 73
2
 74
0
 40
0.000000000
 40
0.000000000
 40
0.223606798
 40
0.223606798
 10
142.687609457
 20
222.373376656
 30
3.000000000
 10
142.668595624
 20
222.363871813
 30
3.000000000
  0
SPLINE
  5
1151
330
A02
100
AcDbEntity
  8
Shape2DView
100
AcDbSpline
210
0
220
0
230
1
 70
8
 71
1
 72
4
 73
2
 74
0
 40
0.000000000
 40
0.000000000
 40
0.223606798
 40
0.223606798
 10
142.668595624
 20
222.363871813
 30
3.000000000
 10
142.649581792
 20
222.354366969
 30
3.000000000
  0
SPLINE
  5
1152
330
A02
100
AcDbEntity
  8
Shape2DView
100
AcDbSpline
210
0
220
0
230
1
 70
8
 71
1
 72
4
 73
2
 74
0
 40
0.000000000
 40
0.000000000
 40
0.141421356
 40
0.141421356
 10
142.649581792
 20
222.354366969
 30
3.000000000
 10
142.640074325
 20
222.344862126
 30
3.000000000
  0
SPLINE
  5
1153
330
A02
100
AcDbEntity
  8
Shape2DView
100
AcDbSpline
210
0
220
0
230
1
 70
8
 71
1
 72
4
 73
2
 74
0
 40
0.000000000
 40
0.000000000
 40
0.100000000
 40
0.100000000
 10
142.640074325
 20
222.344862126
 30
3.000000000
 10
142.630567959
 20
222.344862126
 30
3.000000000
  0
SPLINE
  5
1154
330
A02
100
AcDbEntity
  8
Shape2DView
100
AcDbSpline
210
0
220
0
230
1
 70
8
 71
1
 72
4
 73
2
 74
0
 40
0.000000000
 40
0.000000000
 40
0.100000000
 40
0.100000000
 10
142.630567959
 20
222.344862126
 30
3.000000000
 10
142.621061593
 20
222.344862126
 30
3.000000000
  0
SPLINE
  5
1155
330
A02
100
AcDbEntity
  8
Shape2DView
100
AcDbSpline
210
0
220
0
230
1
 70
8
 71
1
 72
4
 73
2
 74
0
 40
0.000000000
 40
0.000000000
 40
2.308679276
 40
2.308679276
 10
142.621061593
 20
222.344862126
 30
3.000000000
 10
142.411913839
 20
222.278328222
 30
3.000000000
  0
SPLINE
  5
1156
330
A02
100
AcDbEntity
  8
Shape2DView
100
AcDbSpline
210
0
220
0
230
1
 70
8
 71
1
 72
4
 73
2
 74
0
 40
0.000000000
 40
0.000000000
 40
0.200000000
 40
0.200000000
 10
142.411913839
 20
222.278328222
 30
3.000000000
 10
142.392901108
 20
222.278328222
 30
3.000000000
  0
SPLINE
  5
1157
330
A02
100
AcDbEntity
  8
Shape2DView
100
AcDbSpline
210
0
220
0
230
1
 70
8
 71
1
 72
4
 73
2
 74
0
 40
0.000000000
 40
0.000000000
 40
0.223606798
 40
0.223606798
 10
142.392901108
 20
222.278328222
 30
3.000000000
 10
142.373887275
 20
222.268823378
 30
3.000000000
  0
SPLINE
  5
1158
330
A02
100
AcDbEntity
  8
Shape2DView
100
AcDbSpline
210
0
220
0
230
1
 70
8
 71
1
 72
4
 73
2
 74
0
 40
0.000000000
 40
0.000000000
 40
0.141421356
 40
0.141421356
 10
142.373887275
 20
222.268823378
 30
3.000000000
 10
142.364379808
 20
222.259318535
 30
3.000000000
  0
SPLINE
  5
1159
330
A02
100
AcDbEntity
  8
Shape2DView
100
AcDbSpline
210
0
220
0
230
1
 70
8
 71
1
 72
4
 73
2
 74
0
 40
0.000000000
 40
0.000000000
 40
0.100000000
 40
0.100000000
 10
142.364379808
 20
222.259318535
 30
3.000000000
 10
142.354873443
 20
222.259318535
 30
3.000000000
  0
SPLINE
  5
115A
330
A02
100
AcDbEntity
  8
Shape2DView
100
AcDbSpline
210
0
220
0
230
1
 70
8
 71
1
 72
4
 73
2
 74
0
 40
0.000000000
 40
0.000000000
 40
0.100000000
 40
0.100000000
 10
142.354873443
 20
222.259318535
 30
3.000000000
 10
142.345367077
 20
222.259318535
 30
3.000000000
  0
SPLINE
  5
115B
330
A02
100
AcDbEntity
  8
Shape2DView
100
AcDbSpline
210
0
220
0
230
1
 70
8
 71
1
 72
4
 73
2
 74
0
 40
0.000000000
 40
0.000000000
 40
0.100000000
 40
0.100000000
 10
142.345367077
 20
222.259318535
 30
3.000000000
 10
142.335860711
 20
222.259318535
 30
3.000000000
  0
SPLINE
  5
115C
330
A02
100
AcDbEntity
  8
Shape2DView
100
AcDbSpline
210
0
220
0
230
1
 70
8
 71
1
 72
4
 73
2
 74
0
 40
0.000000000
 40
0.000000000
 40
0.100000000
 40
0.100000000
 10
142.335860711
 20
222.259318535
 30
3.000000000
 10
142.326354346
 20
222.259318535
 30
3.000000000
  0
SPLINE
  5
115D
330
A02
100
AcDbEntity
  8
Shape2DView
100
AcDbSpline
210
0
220
0
230
1
 70
8
 71
1
 72
4
 73
2
 74
0
 40
0.000000000
 40
0.000000000
 40
0.100000000
 40
0.100000000
 10
142.326354346
 20
222.259318535
 30
3.000000000
 10
142.326353244
 20
222.249813692
 30
3.000000000
  0
SPLINE
  5
115E
330
A02
100
AcDbEntity
  8
Shape2DView
100
AcDbSpline
210
0
220
0
230
1
 70
8
 71
1
 72
4
 73
2
 74
0
 40
0.000000000
 40
0.000000000
 40
0.100000000
 40
0.100000000
 10
142.326353244
 20
222.249813692
 30
3.000000000
 10
142.326352143
 20
222.240308848
 30
3.000000000
  0
SPLINE
  5
115F
330
A02
100
AcDbEntity
  8
Shape2DView
100
AcDbSpline
210
0
220
0
230
1
 70
8
 71
1
 72
4
 73
2
 74
0
 40
0.000000000
 40
0.000000000
 40
0.141421356
 40
0.141421356
 10
142.326352143
 20
222.240308848
 30
3.000000000
 10
142.316844676
 20
222.230804005
 30
3.000000000
  0
SPLINE
  5
1160
330
A02
100
AcDbEntity
  8
Shape2DView
100
AcDbSpline
210
0
220
0
230
1
 70
8
 71
1
 72
4
 73
2
 74
0
 40
0.000000000
 40
0.000000000
 40
0.100000000
 40
0.100000000
 10
142.316844676
 20
222.230804005
 30
3.000000000
 10
142.316843574
 20
222.221299161
 30
3.000000000
  0
SPLINE
  5
1161
330
A02
100
AcDbEntity
  8
Shape2DView
100
AcDbSpline
210
0
220
0
230
1
 70
8
 71
1
 72
4
 73
2
 74
0
 40
0.000000000
 40
0.000000000
 40
0.100000000
 40
0.100000000
 10
142.316843574
 20
222.221299161
 30
3.000000000
 10
142.316842473
 20
222.211794318
 30
3.000000000
  0
SPLINE
  5
1162
330
A02
100
AcDbEntity
  8
Shape2DView
100
AcDbSpline
210
0
220
0
230
1
 70
8
 71
1
 72
4
 73
2
 74
0
 40
0.000000000
 40
0.000000000
 40
0.100000000
 40
0.100000000
 10
142.316842473
 20
222.211794318
 30
3.000000000
 10
142.316841371
 20
222.202289474
 30
3.000000000
  0
SPLINE
  5
1163
330
A02
100
AcDbEntity
  8
Shape2DView
100
AcDbSpline
210
0
220
0
230
1
 70
8
 71
1
 72
4
 73
2
 74
0
 40
0.000000000
 40
0.000000000
 40
0.100000000
 40
0.100000000
 10
142.316841371
 20
222.202289474
 30
3.000000000
 10
142.316840270
 20
222.192784631
 30
3.000000000
  0
SPLINE
  5
1164
330
A02
100
AcDbEntity
  8
Shape2DView
100
AcDbSpline
210
0
220
0
230
1
 70
8
 71
1
 72
4
 73
2
 74
0
 40
0.000000000
 40
0.000000000
 40
0.100000000
 40
0.100000000
 10
142.316840270
 20
222.192784631
 30
3.000000000
 10
142.316839168
 20
222.183279788
 30
3.000000000
  0
SPLINE
  5
1165
330
A02
100
AcDbEntity
  8
Shape2DView
100
AcDbSpline
210
0
220
0
230
1
 70
8
 71
1
 72
4
 73
2
 74
0
 40
0.000000000
 40
0.000000000
 40
0.200000000
 40
0.200000000
 10
142.316839168
 20
222.183279788
 30
3.000000000
 10
142.316836965
 20
222.164270101
 30
3.000000000
  0
SPLINE
  5
1166
330
A02
100
AcDbEntity
  8
Shape2DView
100
AcDbSpline
210
0
220
0
230
1
 70
8
 71
1
 72
4
 73
2
 74
0
 40
0.000000000
 40
0.000000000
 40
0.223606798
 40
0.223606798
 10
142.316836965
 20
222.164270101
 30
3.000000000
 10
142.326341128
 20
222.145260414
 30
3.000000000
  0
SPLINE
  5
1167
330
A02
100
AcDbEntity
  8
Shape2DView
100
AcDbSpline
210
0
220
0
230
1
 70
8
 71
1
 72
4
 73
2
 74
0
 40
0.000000000
 40
0.000000000
 40
0.223606798
 40
0.223606798
 10
142.326341128
 20
222.145260414
 30
3.000000000
 10
142.335845291
 20
222.126250727
 30
3.000000000
  0
SPLINE
  5
1168
330
A02
100
AcDbEntity
  8
Shape2DView
100
AcDbSpline
210
0
220
0
230
1
 70
8
 71
1
 72
4
 73
2
 74
0
 40
0.000000000
 40
0.000000000
 40
0.223606798
 40
0.223606798
 10
142.335845291
 20
222.126250727
 30
3.000000000
 10
142.345349454
 20
222.107241040
 30
3.000000000
  0
SPLINE
  5
1169
330
A02
100
AcDbEntity
  8
Shape2DView
100
AcDbSpline
210
0
220
0
230
1
 70
8
 71
1
 72
4
 73
2
 74
0
 40
0.000000000
 40
0.000000000
 40
0.141421356
 40
0.141421356
 10
142.345349454
 20
222.107241040
 30
3.000000000
 10
142.354854718
 20
222.097736197
 30
3.000000000
  0
SPLINE
  5
116A
330
A02
100
AcDbEntity
  8
Shape2DView
100
AcDbSpline
210
0
220
0
230
1
 70
8
 71
1
 72
4
 73
2
 74
0
 40
0.000000000
 40
0.000000000
 40
0.141421356
 40
0.141421356
 10
142.354854718
 20
222.097736197
 30
3.000000000
 10
142.364359982
 20
222.088231353
 30
3.000000000
  0
SPLINE
  5
116B
330
A02
100
AcDbEntity
  8
Shape2DView
100
AcDbSpline
210
0
220
0
230
1
 70
8
 71
1
 72
4
 73
2
 74
0
 40
0.000000000
 40
0.000000000
 40
0.848528137
 40
0.848528137
 10
142.364359982
 20
222.088231353
 30
3.000000000
 10
142.421391567
 20
222.031202293
 30
3.000000000
  0
SPLINE
  5
116C
330
A02
100
AcDbEntity
  8
Shape2DView
100
AcDbSpline
210
0
220
0
230
1
 70
8
 71
1
 72
4
 73
2
 74
0
 40
0.000000000
 40
0.000000000
 40
0.848528137
 40
0.848528137
 10
142.421391567
 20
222.031202293
 30
3.000000000
 10
142.478423152
 20
221.974173232
 30
3.000000000
  0
SPLINE
  5
116D
330
A02
100
AcDbEntity
  8
Shape2DView
100
AcDbSpline
210
0
220
0
230
1
 70
8
 71
1
 72
4
 73
2
 74
0
 40
0.000000000
 40
0.000000000
 40
0.848528137
 40
0.848528137
 10
142.478423152
 20
221.974173232
 30
3.000000000
 10
142.535454737
 20
221.917144172
 30
3.000000000
  0
SPLINE
  5
116E
330
A02
100
AcDbEntity
  8
Shape2DView
100
AcDbSpline
210
0
220
0
230
1
 70
8
 71
1
 72
4
 73
2
 74
0
 40
0.000000000
 40
0.000000000
 40
0.848528137
 40
0.848528137
 10
142.535454737
 20
221.917144172
 30
3.000000000
 10
142.592486322
 20
221.860115111
 30
3.000000000
  0
SPLINE
  5
116F
330
A02
100
AcDbEntity
  8
Shape2DView
100
AcDbSpline
210
0
220
0
230
1
 70
8
 71
1
 72
4
 73
2
 74
0
 40
0.000000000
 40
0.000000000
 40
0.848528137
 40
0.848528137
 10
142.592486322
 20
221.860115111
 30
3.000000000
 10
142.649517907
 20
221.803086051
 30
3.000000000
  0
SPLINE
  5
1170
330
A02
100
AcDbEntity
  8
Shape2DView
100
AcDbSpline
210
0
220
0
230
1
 70
8
 71
1
 72
4
 73
2
 74
0
 40
0.000000000
 40
0.000000000
 40
0.424264069
 40
0.424264069
 10
142.649517907
 20
221.803086051
 30
3.000000000
 10
142.678033700
 20
221.774571521
 30
3.000000000
  0
SPLINE
  5
1171
330
A02
100
AcDbEntity
  8
Shape2DView
100
AcDbSpline
210
0
220
0
230
1
 70
8
 71
1
 72
4
 73
2
 74
0
 40
0.000000000
 40
0.000000000
 40
0.424264069
 40
0.424264069
 10
142.678033700
 20
221.774571521
 30
3.000000000
 10
142.706549492
 20
221.746056990
 30
3.000000000
  0
SPLINE
  5
1172
330
A02
100
AcDbEntity
  8
Shape2DView
100
AcDbSpline
210
0
220
0
230
1
 70
8
 71
1
 72
4
 73
2
 74
0
 40
0.000000000
 40
0.000000000
 40
0.921954446
 40
0.921954446
 10
142.706549492
 20
221.746056990
 30
3.000000000
 10
142.773087443
 20
221.689027930
 30
3.000000000
  0
SPLINE
  5
1173
330
A02
100
AcDbEntity
  8
Shape2DView
100
AcDbSpline
210
0
220
0
230
1
 70
8
 71
1
 72
4
 73
2
 74
0
 40
0.000000000
 40
0.000000000
 40
0.921954446
 40
0.921954446
 10
142.773087443
 20
221.689027930
 30
3.000000000
 10
142.839625393
 20
221.631998869
 30
3.000000000
  0
SPLINE
  5
1174
330
A02
100
AcDbEntity
  8
Shape2DView
100
AcDbSpline
210
0
220
0
230
1
 70
8
 71
1
 72
4
 73
2
 74
0
 40
0.000000000
 40
0.000000000
 40
0.948683298
 40
0.948683298
 10
142.839625393
 20
221.631998869
 30
3.000000000
 10
142.925185988
 20
221.660513400
 30
3.000000000
  0
SPLINE
  5
1175
330
A02
100
AcDbEntity
  8
Shape2DView
100
AcDbSpline
210
0
220
0
230
1
 70
8
 71
1
 72
4
 73
2
 74
0
 40
0.000000000
 40
0.000000000
 40
0.583095189
 40
0.583095189
 10
142.925185988
 20
221.660513400
 30
3.000000000
 10
142.953710593
 20
221.708037617
 30
3.000000000
  0
SPLINE
  5
1176
330
A02
100
AcDbEntity
  8
Shape2DView
100
AcDbSpline
210
0
220
0
230
1
 70
8
 71
1
 72
4
 73
2
 74
0
 40
0.000000000
 40
0.000000000
 40
0.583095189
 40
0.583095189
 10
142.953710593
 20
221.708037617
 30
3.000000000
 10
142.982235197
 20
221.755561834
 30
3.000000000
  0
SPLINE
  5
1177
330
A02
100
AcDbEntity
  8
Shape2DView
100
AcDbSpline
210
0
220
0
230
1
 70
8
 71
1
 72
4
 73
2
 74
0
 40
0.000000000
 40
0.000000000
 40
0.500000000
 40
0.500000000
 10
142.982235197
 20
221.755561834
 30
3.000000000
 10
143.010758699
 20
221.793581208
 30
3.000000000
  0
SPLINE
  5
1178
330
A02
100
AcDbEntity
  8
Shape2DView
100
AcDbSpline
210
0
220
0
230
1
 70
8
 71
1
 72
4
 73
2
 74
0
 40
0.000000000
 40
0.000000000
 40
0.500000000
 40
0.500000000
 10
143.010758699
 20
221.793581208
 30
3.000000000
 10
143.039282202
 20
221.831600581
 30
3.000000000
  0
SPLINE
  5
1179
330
A02
100
AcDbEntity
  8
Shape2DView
100
AcDbSpline
210
0
220
0
230
1
 70
8
 71
1
 72
4
 73
2
 74
0
 40
0.000000000
 40
0.000000000
 40
0.360555128
 40
0.360555128
 10
143.039282202
 20
221.831600581
 30
3.000000000
 10
143.058298238
 20
221.860115111
 30
3.000000000
  0
SPLINE
  5
117A
330
A02
100
AcDbEntity
  8
Shape2DView
100
AcDbSpline
210
0
220
0
230
1
 70
8
 71
1
 72
4
 73
2
 74
0
 40
0.000000000
 40
0.000000000
 40
0.282842712
 40
0.282842712
 10
143.058298238
 20
221.860115111
 30
3.000000000
 10
143.077313172
 20
221.879124798
 30
3.000000000
  0
SPLINE
  5
117B
330
A02
100
AcDbEntity
  8
Shape2DView
100
AcDbSpline
210
0
220
0
230
1
 70
8
 71
1
 72
4
 73
2
 74
0
 40
0.000000000
 40
0.000000000
 40
0.282842712
 40
0.282842712
 10
143.077313172
 20
221.879124798
 30
3.000000000
 10
143.096328106
 20
221.898134485
 30
3.000000000
  0
SPLINE
  5
117C
330
A02
100
AcDbEntity
  8
Shape2DView
100
AcDbSpline
210
0
220
0
230
1
 70
8
 71
1
 72
4
 73
2
 74
0
 40
0.000000000
 40
0.000000000
 40
0.282842712
 40
0.282842712
 10
143.096328106
 20
221.898134485
 30
3.000000000
 10
143.115343040
 20
221.917144172
 30
3.000000000
  0
SPLINE
  5
117D
330
A02
100
AcDbEntity
  8
Shape2DView
100
AcDbSpline
210
0
220
0
230
1
 70
8
 71
1
 72
4
 73
2
 74
0
 40
0.000000000
 40
0.000000000
 40
1.486606875
 40
1.486606875
 10
143.115343040
 20
221.917144172
 30
3.000000000
 10
143.219924077
 20
222.012192606
 30
3.000000000
  0
SPLINE
  5
117E
330
A02
100
AcDbEntity
  8
Shape2DView
100
AcDbSpline
210
0
220
0
230
1
 70
8
 71
1
 72
4
 73
2
 74
0
 40
0.000000000
 40
0.000000000
 40
0.500000000
 40
0.500000000
 10
143.219924077
 20
222.012192606
 30
3.000000000
 10
143.257952844
 20
222.040707136
 30
3.000000000
  0
SPLINE
  5
117F
330
A02
100
AcDbEntity
  8
Shape2DView
100
AcDbSpline
210
0
220
0
230
1
 70
8
 71
1
 72
4
 73
2
 74
0
 40
0.000000000
 40
0.000000000
 40
0.781024968
 40
0.781024968
 10
143.257952844
 20
222.040707136
 30
3.000000000
 10
143.314996545
 20
222.088231353
 30
3.000000000
  0
SPLINE
  5
1180
330
A02
100
AcDbEntity
  8
Shape2DView
100
AcDbSpline
210
0
220
0
230
1
 70
8
 71
1
 72
4
 73
2
 74
0
 40
0.000000000
 40
0.000000000
 40
1.000000000
 40
1.000000000
 10
143.314996545
 20
222.088231353
 30
3.000000000
 10
143.315000951
 20
222.126250727
 30
3.000000000
  0
SPLINE
  5
1181
330
A02
100
AcDbEntity
  8
Shape2DView
100
AcDbSpline
210
0
220
0
230
1
 70
8
 71
3
 72
8
 73
4
 74
0
 40
0.000000000
 40
0.000000000
 40
0.000000000
 40
0.000000000
 40
1.000000000
 40
1.000000000
 40
1.000000000
 40
1.000000000
 10
143.315000951
 20
222.126250727
 30
3.000000000
 10
143.200931172
 20
222.183279788
 30
3.000000000
 10
143.058351108
 20
222.316347595
 30
3.000000000
 10
142.858738357
 20
222.496939620
 30
3.000000000
  0
SPLINE
  5
1182
330
A02
100
AcDbEntity
  8
Shape2DView
100
AcDbSpline
210
0
220
0
230
1
 70
8
 71
1
 72
4
 73
2
 74
0
 40
0.000000000
 40
0.000000000
 40
1.204159458
 40
1.204159458
 10
145.292541989
 20
223.998704880
 30
3.000000000
 10
145.378108092
 20
224.074743627
 30
3.000000000
  0
SPLINE
  5
1183
330
A02
100
AcDbEntity
  8
Shape2DView
100
AcDbSpline
210
0
220
0
230
1
 70
8
 71
1
 72
4
 73
2
 74
0
 40
0.000000000
 40
0.000000000
 40
1.204159458
 40
1.204159458
 10
145.378108092
 20
224.074743627
 30
3.000000000
 10
145.463674194
 20
224.150782375
 30
3.000000000
  0
SPLINE
  5
1184
330
A02
100
AcDbEntity
  8
Shape2DView
100
AcDbSpline
210
0
220
0
230
1
 70
8
 71
1
 72
4
 73
2
 74
0
 40
0.000000000
 40
0.000000000
 40
1.204159458
 40
1.204159458
 10
145.463674194
 20
224.150782375
 30
3.000000000
 10
145.549240296
 20
224.226821122
 30
3.000000000
  0
SPLINE
  5
1185
330
A02
100
AcDbEntity
  8
Shape2DView
100
AcDbSpline
210
0
220
0
230
1
 70
8
 71
1
 72
4
 73
2
 74
0
 40
0.000000000
 40
0.000000000
 40
0.500000000
 40
0.500000000
 10
145.549240296
 20
224.226821122
 30
3.000000000
 10
145.587269063
 20
224.255335652
 30
3.000000000
  0
SPLINE
  5
1186
330
A02
100
AcDbEntity
  8
Shape2DView
100
AcDbSpline
210
0
220
0
230
1
 70
8
 71
3
 72
8
 73
4
 74
0
 40
0.000000000
 40
0.000000000
 40
0.000000000
 40
0.000000000
 40
1.000000000
 40
1.000000000
 40
1.000000000
 40
1.000000000
 10
145.587269063
 20
224.255335652
 30
3.000000000
 10
145.463696223
 20
224.340879243
 30
3.000000000
 10
145.368644683
 20
224.445432521
 30
3.000000000
 10
145.311623011
 20
224.588005172
 30
3.000000000
  0
SPLINE
  5
1187
330
A02
100
AcDbEntity
  8
Shape2DView
100
AcDbSpline
210
0
220
0
230
1
 70
8
 71
1
 72
4
 73
2
 74
0
 40
0.000000000
 40
0.000000000
 40
0.223606798
 40
0.223606798
 10
145.311623011
 20
224.588005172
 30
3.000000000
 10
145.292609178
 20
224.578500328
 30
3.000000000
  0
SPLINE
  5
1188
330
A02
100
AcDbEntity
  8
Shape2DView
100
AcDbSpline
210
0
220
0
230
1
 70
8
 71
1
 72
4
 73
2
 74
0
 40
0.000000000
 40
0.000000000
 40
0.282842712
 40
0.282842712
 10
145.292609178
 20
224.578500328
 30
3.000000000
 10
145.273594244
 20
224.559490642
 30
3.000000000
  0
SPLINE
  5
1189
330
A02
100
AcDbEntity
  8
Shape2DView
100
AcDbSpline
210
0
220
0
230
1
 70
8
 71
1
 72
4
 73
2
 74
0
 40
0.000000000
 40
0.000000000
 40
1.280624847
 40
1.280624847
 10
145.273594244
 20
224.559490642
 30
3.000000000
 10
145.178521776
 20
224.483451894
 30
3.000000000
  0
SPLINE
  5
118A
330
A02
100
AcDbEntity
  8
Shape2DView
100
AcDbSpline
210
0
220
0
230
1
 70
8
 71
1
 72
4
 73
2
 74
0
 40
0.000000000
 40
0.000000000
 40
1.280624847
 40
1.280624847
 10
145.178521776
 20
224.483451894
 30
3.000000000
 10
145.083449308
 20
224.407413147
 30
3.000000000
  0
SPLINE
  5
118B
330
A02
100
AcDbEntity
  8
Shape2DView
100
AcDbSpline
210
0
220
0
230
1
 70
8
 71
1
 72
4
 73
2
 74
0
 40
0.000000000
 40
0.000000000
 40
1.280624847
 40
1.280624847
 10
145.083449308
 20
224.407413147
 30
3.000000000
 10
144.988376840
 20
224.331374400
 30
3.000000000
  0
SPLINE
  5
118C
330
A02
100
AcDbEntity
  8
Shape2DView
100
AcDbSpline
210
0
220
0
230
1
 70
8
 71
1
 72
4
 73
2
 74
0
 40
0.000000000
 40
0.000000000
 40
0.640312424
 40
0.640312424
 10
144.988376840
 20
224.331374400
 30
3.000000000
 10
144.940840606
 20
224.293355026
 30
3.000000000
  0
SPLINE
  5
118D
330
A02
100
AcDbEntity
  8
Shape2DView
100
AcDbSpline
210
0
220
0
230
1
 70
8
 71
1
 72
4
 73
2
 74
0
 40
0.000000000
 40
0.000000000
 40
0.640312424
 40
0.640312424
 10
144.940840606
 20
224.293355026
 30
3.000000000
 10
144.893304372
 20
224.255335652
 30
3.000000000
  0
SPLINE
  5
118E
330
A02
100
AcDbEntity
  8
Shape2DView
100
AcDbSpline
210
0
220
0
230
1
 70
8
 71
1
 72
4
 73
2
 74
0
 40
0.000000000
 40
0.000000000
 40
0.640312424
 40
0.640312424
 10
144.893304372
 20
224.255335652
 30
3.000000000
 10
144.845768138
 20
224.217316279
 30
3.000000000
  0
SPLINE
  5
118F
330
A02
100
AcDbEntity
  8
Shape2DView
100
AcDbSpline
210
0
220
0
230
1
 70
8
 71
1
 72
4
 73
2
 74
0
 40
0.000000000
 40
0.000000000
 40
0.640312424
 40
0.640312424
 10
144.845768138
 20
224.217316279
 30
3.000000000
 10
144.798231904
 20
224.179296905
 30
3.000000000
  0
SPLINE
  5
1190
330
A02
100
AcDbEntity
  8
Shape2DView
100
AcDbSpline
210
0
220
0
230
1
 70
8
 71
1
 72
4
 73
2
 74
0
 40
0.000000000
 40
0.000000000
 40
0.640312424
 40
0.640312424
 10
144.798231904
 20
224.179296905
 30
3.000000000
 10
144.750695670
 20
224.141277531
 30
3.000000000
  0
SPLINE
  5
1191
330
A02
100
AcDbEntity
  8
Shape2DView
100
AcDbSpline
210
0
220
0
230
1
 70
8
 71
1
 72
4
 73
2
 74
0
 40
0.000000000
 40
0.000000000
 40
0.282842712
 40
0.282842712
 10
144.750695670
 20
224.141277531
 30
3.000000000
 10
144.731680736
 20
224.122267845
 30
3.000000000
  0
SPLINE
  5
1192
330
A02
100
AcDbEntity
  8
Shape2DView
100
AcDbSpline
210
0
220
0
230
1
 70
8
 71
1
 72
4
 73
2
 74
0
 40
0.000000000
 40
0.000000000
 40
0.141421356
 40
0.141421356
 10
144.731680736
 20
224.122267845
 30
3.000000000
 10
144.722173269
 20
224.112763001
 30
3.000000000
  0
SPLINE
  5
1193
330
A02
100
AcDbEntity
  8
Shape2DView
100
AcDbSpline
210
0
220
0
230
1
 70
8
 71
1
 72
4
 73
2
 74
0
 40
0.000000000
 40
0.000000000
 40
0.141421356
 40
0.141421356
 10
144.722173269
 20
224.112763001
 30
3.000000000
 10
144.712665802
 20
224.103258158
 30
3.000000000
  0
SPLINE
  5
1194
330
A02
100
AcDbEntity
  8
Shape2DView
100
AcDbSpline
210
0
220
0
230
1
 70
8
 71
1
 72
4
 73
2
 74
0
 40
0.000000000
 40
0.000000000
 40
1.140175425
 40
1.140175425
 10
144.712665802
 20
224.103258158
 30
3.000000000
 10
144.627100801
 20
224.036724254
 30
3.000000000
  0
SPLINE
  5
1195
330
A02
100
AcDbEntity
  8
Shape2DView
100
AcDbSpline
210
0
220
0
230
1
 70
8
 71
1
 72
4
 73
2
 74
0
 40
0.000000000
 40
0.000000000
 40
5.560575510
 40
5.560575510
 10
144.627100801
 20
224.036724254
 30
3.000000000
 10
144.208783264
 20
223.713559578
 30
3.000000000
  0
SPLINE
  5
1196
330
A02
100
AcDbEntity
  8
Shape2DView
100
AcDbSpline
210
0
220
0
230
1
 70
8
 71
1
 72
4
 73
2
 74
0
 40
0.000000000
 40
0.000000000
 40
1.000000000
 40
1.000000000
 10
144.208783264
 20
223.713559578
 30
3.000000000
 10
144.132725730
 20
223.656530517
 30
3.000000000
  0
SPLINE
  5
1197
330
A02
100
AcDbEntity
  8
Shape2DView
100
AcDbSpline
210
0
220
0
230
1
 70
8
 71
1
 72
4
 73
2
 74
0
 40
0.000000000
 40
0.000000000
 40
0.640312424
 40
0.640312424
 10
144.132725730
 20
223.656530517
 30
3.000000000
 10
144.085189496
 20
223.618511143
 30
3.000000000
  0
SPLINE
  5
1198
330
A02
100
AcDbEntity
  8
Shape2DView
100
AcDbSpline
210
0
220
0
230
1
 70
8
 71
1
 72
4
 73
2
 74
0
 40
0.000000000
 40
0.000000000
 40
0.640312424
 40
0.640312424
 10
144.085189496
 20
223.618511143
 30
3.000000000
 10
144.037653262
 20
223.580491770
 30
3.000000000
  0
SPLINE
  5
1199
330
A02
100
AcDbEntity
  8
Shape2DView
100
AcDbSpline
210
0
220
0
230
1
 70
8
 71
1
 72
4
 73
2
 74
0
 40
0.000000000
 40
0.000000000
 40
0.424264069
 40
0.424264069
 10
144.037653262
 20
223.580491770
 30
3.000000000
 10
144.009130861
 20
223.551977240
 30
3.000000000
  0
SPLINE
  5
119A
330
A02
100
AcDbEntity
  8
Shape2DView
100
AcDbSpline
210
0
220
0
230
1
 70
8
 71
1
 72
4
 73
2
 74
0
 40
0.000000000
 40
0.000000000
 40
0.781024968
 40
0.781024968
 10
144.009130861
 20
223.551977240
 30
3.000000000
 10
143.952087160
 20
223.504453022
 30
3.000000000
  0
SPLINE
  5
119B
330
A02
100
AcDbEntity
  8
Shape2DView
100
AcDbSpline
210
0
220
0
230
1
 70
8
 71
1
 72
4
 73
2
 74
0
 40
0.000000000
 40
0.000000000
 40
0.781024968
 40
0.781024968
 10
143.952087160
 20
223.504453022
 30
3.000000000
 10
143.895043458
 20
223.456928805
 30
3.000000000
  0
SPLINE
  5
119C
330
A02
100
AcDbEntity
  8
Shape2DView
100
AcDbSpline
210
0
220
0
230
1
 70
8
 71
1
 72
4
 73
2
 74
0
 40
0.000000000
 40
0.000000000
 40
0.223606798
 40
0.223606798
 10
143.895043458
 20
223.456928805
 30
3.000000000
 10
143.876029626
 20
223.447423962
 30
3.000000000
  0
SPLINE
  5
119D
330
A02
100
AcDbEntity
  8
Shape2DView
100
AcDbSpline
210
0
220
0
230
1
 70
8
 71
1
 72
4
 73
2
 74
0
 40
0.000000000
 40
0.000000000
 40
0.223606798
 40
0.223606798
 10
143.876029626
 20
223.447423962
 30
3.000000000
 10
143.857015793
 20
223.437919119
 30
3.000000000
  0
SPLINE
  5
119E
330
A02
100
AcDbEntity
  8
Shape2DView
100
AcDbSpline
210
0
220
0
230
1
 70
8
 71
1
 72
4
 73
2
 74
0
 40
0.000000000
 40
0.000000000
 40
0.640312424
 40
0.640312424
 10
143.857015793
 20
223.437919119
 30
3.000000000
 10
143.809479559
 20
223.399899745
 30
3.000000000
  0
SPLINE
  5
119F
330
A02
100
AcDbEntity
  8
Shape2DView
100
AcDbSpline
210
0
220
0
230
1
 70
8
 71
1
 72
4
 73
2
 74
0
 40
0.000000000
 40
0.000000000
 40
0.640312424
 40
0.640312424
 10
143.809479559
 20
223.399899745
 30
3.000000000
 10
143.761943325
 20
223.361880371
 30
3.000000000
  0
SPLINE
  5
11A0
330
A02
100
AcDbEntity
  8
Shape2DView
100
AcDbSpline
210
0
220
0
230
1
 70
8
 71
1
 72
4
 73
2
 74
0
 40
0.000000000
 40
0.000000000
 40
0.565685425
 40
0.565685425
 10
143.761943325
 20
223.361880371
 30
3.000000000
 10
143.723913457
 20
223.323860998
 30
3.000000000
  0
SPLINE
  5
11A1
330
A02
100
AcDbEntity
  8
Shape2DView
100
AcDbSpline
210
0
220
0
230
1
 70
8
 71
1
 72
4
 73
2
 74
0
 40
0.000000000
 40
0.000000000
 40
0.707106781
 40
0.707106781
 10
143.723913457
 20
223.323860998
 30
3.000000000
 10
143.676376121
 20
223.276336780
 30
3.000000000
  0
SPLINE
  5
11A2
330
A02
100
AcDbEntity
  8
Shape2DView
100
AcDbSpline
210
0
220
0
230
1
 70
8
 71
1
 72
4
 73
2
 74
0
 40
0.000000000
 40
0.000000000
 40
0.707106781
 40
0.707106781
 10
143.676376121
 20
223.276336780
 30
3.000000000
 10
143.628838786
 20
223.228812563
 30
3.000000000
  0
SPLINE
  5
11A3
330
A02
100
AcDbEntity
  8
Shape2DView
100
AcDbSpline
210
0
220
0
230
1
 70
8
 71
1
 72
4
 73
2
 74
0
 40
0.000000000
 40
0.000000000
 40
0.565685425
 40
0.565685425
 10
143.628838786
 20
223.228812563
 30
3.000000000
 10
143.590808917
 20
223.190793190
 30
3.000000000
  0
SPLINE
  5
11A4
330
A02
100
AcDbEntity
  8
Shape2DView
100
AcDbSpline
210
0
220
0
230
1
 70
8
 71
1
 72
4
 73
2
 74
0
 40
0.000000000
 40
0.000000000
 40
0.500000000
 40
0.500000000
 10
143.590808917
 20
223.190793190
 30
3.000000000
 10
143.552780151
 20
223.162278659
 30
3.000000000
  0
SPLINE
  5
11A5
330
A02
100
AcDbEntity
  8
Shape2DView
100
AcDbSpline
210
0
220
0
230
1
 70
8
 71
1
 72
4
 73
2
 74
0
 40
0.000000000
 40
0.000000000
 40
0.223606798
 40
0.223606798
 10
143.552780151
 20
223.162278659
 30
3.000000000
 10
143.533766318
 20
223.152773816
 30
3.000000000
  0
SPLINE
  5
11A6
330
A02
100
AcDbEntity
  8
Shape2DView
100
AcDbSpline
210
0
220
0
230
1
 70
8
 71
2
 72
6
 73
3
 74
0
 40
0.000000000
 40
0.000000000
 40
0.000000000
 40
1.000000000
 40
1.000000000
 40
1.000000000
 10
143.533766318
 20
223.152773816
 30
3.000000000
 10
143.828435565
 20
222.910400309
 30
3.000000000
 10
143.923494265
 20
222.867628514
 30
3.000000000
  0
SPLINE
  5
11A7
330
A02
100
AcDbEntity
  8
Shape2DView
100
AcDbSpline
210
0
220
0
230
1
 70
8
 71
1
 72
4
 73
2
 74
0
 40
0.000000000
 40
0.000000000
 40
1.000000000
 40
1.000000000
 10
143.923494265
 20
222.867628514
 30
3.000000000
 10
143.952013362
 20
222.867628514
 30
3.000000000
  0
SPLINE
  5
11A8
330
A02
100
AcDbEntity
  8
Shape2DView
100
AcDbSpline
210
0
220
0
230
1
 70
8
 71
3
 72
8
 73
4
 74
0
 40
0.000000000
 40
0.000000000
 40
0.000000000
 40
0.000000000
 40
1.000000000
 40
1.000000000
 40
1.000000000
 40
1.000000000
 10
143.952013362
 20
222.867628514
 30
3.000000000
 10
143.999545190
 20
222.867628514
 30
3.000000000
 10
144.047077018
 20
222.867628514
 30
3.000000000
 10
144.113620476
 20
222.858123670
 30
3.000000000
  0
SPLINE
  5
11A9
330
A02
100
AcDbEntity
  8
Shape2DView
100
AcDbSpline
210
0
220
0
230
1
 70
8
 71
1
 72
4
 73
2
 74
0
 40
0.000000000
 40
0.000000000
 40
0.848528137
 40
0.848528137
 10
144.113620476
 20
222.858123670
 30
3.000000000
 10
144.170665279
 20
222.915152731
 30
3.000000000
  0
SPLINE
  5
11AA
330
A02
100
AcDbEntity
  8
Shape2DView
100
AcDbSpline
210
0
220
0
230
1
 70
8
 71
1
 72
4
 73
2
 74
0
 40
0.000000000
 40
0.000000000
 40
0.500000000
 40
0.500000000
 10
144.170665279
 20
222.915152731
 30
3.000000000
 10
144.208694045
 20
222.943667261
 30
3.000000000
  0
SPLINE
  5
11AB
330
A02
100
AcDbEntity
  8
Shape2DView
100
AcDbSpline
210
0
220
0
230
1
 70
8
 71
1
 72
4
 73
2
 74
0
 40
0.000000000
 40
0.000000000
 40
1.063014581
 40
1.063014581
 10
144.208694045
 20
222.943667261
 30
3.000000000
 10
144.284752681
 20
223.010201165
 30
3.000000000
  0
SPLINE
  5
11AC
330
A02
100
AcDbEntity
  8
Shape2DView
100
AcDbSpline
210
0
220
0
230
1
 70
8
 71
1
 72
4
 73
2
 74
0
 40
0.000000000
 40
0.000000000
 40
0.424264069
 40
0.424264069
 10
144.284752681
 20
223.010201165
 30
3.000000000
 10
144.313275082
 20
223.038715695
 30
3.000000000
  0
SPLINE
  5
11AD
330
A02
100
AcDbEntity
  8
Shape2DView
100
AcDbSpline
210
0
220
0
230
1
 70
8
 71
1
 72
4
 73
2
 74
0
 40
0.000000000
 40
0.000000000
 40
1.131370850
 40
1.131370850
 10
144.313275082
 20
223.038715695
 30
3.000000000
 10
144.389334819
 20
223.114754442
 30
3.000000000
  0
SPLINE
  5
11AE
330
A02
100
AcDbEntity
  8
Shape2DView
100
AcDbSpline
210
0
220
0
230
1
 70
8
 71
1
 72
4
 73
2
 74
0
 40
0.000000000
 40
0.000000000
 40
0.424264069
 40
0.424264069
 10
144.389334819
 20
223.114754442
 30
3.000000000
 10
144.417857220
 20
223.143268973
 30
3.000000000
  0
SPLINE
  5
11AF
330
A02
100
AcDbEntity
  8
Shape2DView
100
AcDbSpline
210
0
220
0
230
1
 70
8
 71
1
 72
4
 73
2
 74
0
 40
0.000000000
 40
0.000000000
 40
0.640312424
 40
0.640312424
 10
144.417857220
 20
223.143268973
 30
3.000000000
 10
144.465393454
 20
223.181288346
 30
3.000000000
  0
SPLINE
  5
11B0
330
A02
100
AcDbEntity
  8
Shape2DView
100
AcDbSpline
210
0
220
0
230
1
 70
8
 71
1
 72
4
 73
2
 74
0
 40
0.000000000
 40
0.000000000
 40
0.565685425
 40
0.565685425
 10
144.465393454
 20
223.181288346
 30
3.000000000
 10
144.503423322
 20
223.219307720
 30
3.000000000
  0
SPLINE
  5
11B1
330
A02
100
AcDbEntity
  8
Shape2DView
100
AcDbSpline
210
0
220
0
230
1
 70
8
 71
1
 72
4
 73
2
 74
0
 40
0.000000000
 40
0.000000000
 40
1.063014581
 40
1.063014581
 10
144.503423322
 20
223.219307720
 30
3.000000000
 10
144.579481958
 20
223.285841624
 30
3.000000000
  0
SPLINE
  5
11B2
330
A02
100
AcDbEntity
  8
Shape2DView
100
AcDbSpline
210
0
220
0
230
1
 70
8
 71
1
 72
4
 73
2
 74
0
 40
0.000000000
 40
0.000000000
 40
1.063014581
 40
1.063014581
 10
144.579481958
 20
223.285841624
 30
3.000000000
 10
144.655540593
 20
223.352375528
 30
3.000000000
  0
SPLINE
  5
11B3
330
A02
100
AcDbEntity
  8
Shape2DView
100
AcDbSpline
210
0
220
0
230
1
 70
8
 71
1
 72
4
 73
2
 74
0
 40
0.000000000
 40
0.000000000
 40
1.063014581
 40
1.063014581
 10
144.655540593
 20
223.352375528
 30
3.000000000
 10
144.731599228
 20
223.418909432
 30
3.000000000
  0
SPLINE
  5
11B4
330
A02
100
AcDbEntity
  8
Shape2DView
100
AcDbSpline
210
0
220
0
230
1
 70
8
 71
1
 72
4
 73
2
 74
0
 40
0.000000000
 40
0.000000000
 40
0.989949494
 40
0.989949494
 10
144.731599228
 20
223.418909432
 30
3.000000000
 10
144.798151498
 20
223.485443336
 30
3.000000000
  0
SPLINE
  5
11B5
330
A02
100
AcDbEntity
  8
Shape2DView
100
AcDbSpline
210
0
220
0
230
1
 70
8
 71
1
 72
4
 73
2
 74
0
 40
0.000000000
 40
0.000000000
 40
2.701851217
 40
2.701851217
 10
144.798151498
 20
223.485443336
 30
3.000000000
 10
144.959782844
 20
223.685045047
 30
3.000000000
  0
SPLINE
  5
11B6
330
A02
100
AcDbEntity
  8
Shape2DView
100
AcDbSpline
210
0
220
0
230
1
 70
8
 71
1
 72
4
 73
2
 74
0
 40
0.000000000
 40
0.000000000
 40
1.131370850
 40
1.131370850
 10
144.959782844
 20
223.685045047
 30
3.000000000
 10
145.035842581
 20
223.761083795
 30
3.000000000
  0
SPLINE
  5
11B7
330
A02
100
AcDbEntity
  8
Shape2DView
100
AcDbSpline
210
0
220
0
230
1
 70
8
 71
1
 72
4
 73
2
 74
0
 40
0.000000000
 40
0.000000000
 40
1.131370850
 40
1.131370850
 10
145.035842581
 20
223.761083795
 30
3.000000000
 10
145.111902317
 20
223.837122542
 30
3.000000000
  0
SPLINE
  5
11B8
330
A02
100
AcDbEntity
  8
Shape2DView
100
AcDbSpline
210
0
220
0
230
1
 70
8
 71
1
 72
4
 73
2
 74
0
 40
0.000000000
 40
0.000000000
 40
1.131370850
 40
1.131370850
 10
145.111902317
 20
223.837122542
 30
3.000000000
 10
145.187962054
 20
223.913161289
 30
3.000000000
  0
SPLINE
  5
11B9
330
A02
100
AcDbEntity
  8
Shape2DView
100
AcDbSpline
210
0
220
0
230
1
 70
8
 71
1
 72
4
 73
2
 74
0
 40
0.000000000
 40
0.000000000
 40
1.421267040
 40
1.421267040
 10
145.187962054
 20
223.913161289
 30
3.000000000
 10
145.292541989
 20
223.998704880
 30
3.000000000
  0
SPLINE
  5
11BA
330
A02
100
AcDbEntity
  8
Shape2DView
100
AcDbSpline
210
0
220
0
230
1
 70
8
 71
1
 72
4
 73
2
 74
0
 40
0.000000000
 40
0.000000000
 40
43.600000000
 40
43.600000000
 10
146.489900170
 20
220.168252983
 30
3.000000000
 10
146.490380407
 20
224.312364713
 30
3.000000000
  0
SPLINE
  5
11BB
330
A02
100
AcDbEntity
  8
Shape2DView
100
AcDbSpline
210
0
220
0
230
1
 70
8
 71
3
 72
8
 73
4
 74
0
 40
0.000000000
 40
0.000000000
 40
0.000000000
 40
0.000000000
 40
1.000000000
 40
1.000000000
 40
1.000000000
 40
1.000000000
 10
146.490380407
 20
224.312364713
 30
3.000000000
 10
146.709042237
 20
224.445432521
 30
3.000000000
 10
146.851666359
 20
224.692558449
 30
3.000000000
 10
146.851698301
 20
224.968198909
 30
3.000000000
  0
SPLINE
  5
11BC
330
A02
100
AcDbEntity
  8
Shape2DView
100
AcDbSpline
210
0
220
0
230
1
 70
8
 71
2
 72
6
 73
3
 74
0
 40
0.000000000
 40
0.000000000
 40
0.000000000
 40
1.000000000
 40
1.000000000
 40
1.000000000
 10
146.851698301
 20
224.968198909
 30
3.000000000
 10
146.851709867
 20
225.067999764
 30
3.000000000
 10
146.823202335
 20
225.167800620
 30
3.000000000
  0
SPLINE
  5
11BD
330
A02
100
AcDbEntity
  8
Shape2DView
100
AcDbSpline
210
0
220
0
230
1
 70
8
 71
1
 72
4
 73
2
 74
0
 40
0.000000000
 40
0.000000000
 40
0.424264069
 40
0.424264069
 10
146.823202335
 20
225.167800620
 30
3.000000000
 10
146.794679934
 20
225.139286090
 30
3.000000000
  0
SPLINE
  5
11BE
330
A02
100
AcDbEntity
  8
Shape2DView
100
AcDbSpline
210
0
220
0
230
1
 70
8
 71
1
 72
4
 73
2
 74
0
 40
0.000000000
 40
0.000000000
 40
1.280624847
 40
1.280624847
 10
146.794679934
 20
225.139286090
 30
3.000000000
 10
146.699607466
 20
225.063247343
 30
3.000000000
  0
SPLINE
  5
11BF
330
A02
100
AcDbEntity
  8
Shape2DView
100
AcDbSpline
210
0
220
0
230
1
 70
8
 71
1
 72
4
 73
2
 74
0
 40
0.000000000
 40
0.000000000
 40
1.280624847
 40
1.280624847
 10
146.699607466
 20
225.063247343
 30
3.000000000
 10
146.604534998
 20
224.987208595
 30
3.000000000
  0
SPLINE
  5
11C0
330
A02
100
AcDbEntity
  8
Shape2DView
100
AcDbSpline
210
0
220
0
230
1
 70
8
 71
1
 72
4
 73
2
 74
0
 40
0.000000000
 40
0.000000000
 40
1.280624847
 40
1.280624847
 10
146.604534998
 20
224.987208595
 30
3.000000000
 10
146.509462530
 20
224.911169848
 30
3.000000000
  0
SPLINE
  5
11C1
330
A02
100
AcDbEntity
  8
Shape2DView
100
AcDbSpline
210
0
220
0
230
1
 70
8
 71
1
 72
4
 73
2
 74
0
 40
0.000000000
 40
0.000000000
 40
0.640312424
 40
0.640312424
 10
146.509462530
 20
224.911169848
 30
3.000000000
 10
146.461926296
 20
224.873150474
 30
3.000000000
  0
SPLINE
  5
11C2
330
A02
100
AcDbEntity
  8
Shape2DView
100
AcDbSpline
210
0
220
0
230
1
 70
8
 71
1
 72
4
 73
2
 74
0
 40
0.000000000
 40
0.000000000
 40
0.700000000
 40
0.700000000
 10
146.461926296
 20
224.873150474
 30
3.000000000
 10
146.461918586
 20
224.806616570
 30
3.000000000
  0
SPLINE
  5
11C3
330
A02
100
AcDbEntity
  8
Shape2DView
100
AcDbSpline
210
0
220
0
230
1
 70
8
 71
1
 72
4
 73
2
 74
0
 40
0.000000000
 40
0.000000000
 40
3.111269837
 40
3.111269837
 10
146.461918586
 20
224.806616570
 30
3.000000000
 10
146.252754310
 20
224.597510015
 30
3.000000000
  0
SPLINE
  5
11C4
330
A02
100
AcDbEntity
  8
Shape2DView
100
AcDbSpline
210
0
220
0
230
1
 70
8
 71
1
 72
4
 73
2
 74
0
 40
0.000000000
 40
0.000000000
 40
1.100000000
 40
1.100000000
 10
146.252754310
 20
224.597510015
 30
3.000000000
 10
146.148184288
 20
224.597510015
 30
3.000000000
  0
SPLINE
  5
11C5
330
A02
100
AcDbEntity
  8
Shape2DView
100
AcDbSpline
210
0
220
0
230
1
 70
8
 71
1
 72
4
 73
2
 74
0
 40
0.000000000
 40
0.000000000
 40
2.000000000
 40
2.000000000
 10
146.148184288
 20
224.597510015
 30
3.000000000
 10
145.958056975
 20
224.597510015
 30
3.000000000
  0
SPLINE
  5
11C6
330
A02
100
AcDbEntity
  8
Shape2DView
100
AcDbSpline
210
0
220
0
230
1
 70
8
 71
1
 72
4
 73
2
 74
0
 40
0.000000000
 40
0.000000000
 40
0.200000000
 40
0.200000000
 10
145.958056975
 20
224.597510015
 30
3.000000000
 10
145.939044244
 20
224.597510015
 30
3.000000000
  0
SPLINE
  5
11C7
330
A02
100
AcDbEntity
  8
Shape2DView
100
AcDbSpline
210
0
220
0
230
1
 70
8
 71
1
 72
4
 73
2
 74
0
 40
0.000000000
 40
0.000000000
 40
3.330165161
 40
3.330165161
 10
145.939044244
 20
224.597510015
 30
3.000000000
 10
145.701409335
 20
224.806616570
 30
3.000000000
  0
SPLINE
  5
11C8
330
A02
100
AcDbEntity
  8
Shape2DView
100
AcDbSpline
210
0
220
0
230
1
 70
8
 71
1
 72
4
 73
2
 74
0
 40
0.000000000
 40
0.000000000
 40
1.500000000
 40
1.500000000
 10
145.701409335
 20
224.806616570
 30
3.000000000
 10
145.701425857
 20
224.949189222
 30
3.000000000
  0
SPLINE
  5
11C9
330
A02
100
AcDbEntity
  8
Shape2DView
100
AcDbSpline
210
0
220
0
230
1
 70
8
 71
1
 72
4
 73
2
 74
0
 40
0.000000000
 40
0.000000000
 40
1.800000000
 40
1.800000000
 10
145.701425857
 20
224.949189222
 30
3.000000000
 10
145.701445684
 20
225.120276403
 30
3.000000000
  0
SPLINE
  5
11CA
330
A02
100
AcDbEntity
  8
Shape2DView
100
AcDbSpline
210
0
220
0
230
1
 70
8
 71
1
 72
4
 73
2
 74
0
 40
0.000000000
 40
0.000000000
 40
0.100000000
 40
0.100000000
 10
145.701445684
 20
225.120276403
 30
3.000000000
 10
145.701446785
 20
225.129781247
 30
3.000000000
  0
SPLINE
  5
11CB
330
A02
100
AcDbEntity
  8
Shape2DView
100
AcDbSpline
210
0
220
0
230
1
 70
8
 71
1
 72
4
 73
2
 74
0
 40
0.000000000
 40
0.000000000
 40
3.606937759
 40
3.606937759
 10
145.701446785
 20
225.129781247
 30
3.000000000
 10
145.939134564
 20
225.376907175
 30
3.000000000
  0
SPLINE
  5
11CC
330
A02
100
AcDbEntity
  8
Shape2DView
100
AcDbSpline
210
0
220
0
230
1
 70
8
 71
1
 72
4
 73
2
 74
0
 40
0.000000000
 40
0.000000000
 40
0.500000000
 40
0.500000000
 10
145.939134564
 20
225.376907175
 30
3.000000000
 10
145.986666392
 20
225.376907175
 30
3.000000000
  0
SPLINE
  5
11CD
330
A02
100
AcDbEntity
  8
Shape2DView
100
AcDbSpline
210
0
220
0
230
1
 70
8
 71
1
 72
4
 73
2
 74
0
 40
0.000000000
 40
0.000000000
 40
1.345362405
 40
1.345362405
 10
145.986666392
 20
225.376907175
 30
3.000000000
 10
146.081739961
 20
225.462450766
 30
3.000000000
  0
SPLINE
  5
11CE
330
A02
100
AcDbEntity
  8
Shape2DView
100
AcDbSpline
210
0
220
0
230
1
 70
8
 71
1
 72
4
 73
2
 74
0
 40
0.000000000
 40
0.000000000
 40
0.640312424
 40
0.640312424
 10
146.081739961
 20
225.462450766
 30
3.000000000
 10
146.129276195
 20
225.500470140
 30
3.000000000
  0
SPLINE
  5
11CF
330
A02
100
AcDbEntity
  8
Shape2DView
100
AcDbSpline
210
0
220
0
230
1
 70
8
 71
1
 72
4
 73
2
 74
0
 40
0.000000000
 40
0.000000000
 40
0.640312424
 40
0.640312424
 10
146.129276195
 20
225.500470140
 30
3.000000000
 10
146.176812429
 20
225.538489514
 30
3.000000000
  0
SPLINE
  5
11D0
330
A02
100
AcDbEntity
  8
Shape2DView
100
AcDbSpline
210
0
220
0
230
1
 70
8
 71
1
 72
4
 73
2
 74
0
 40
0.000000000
 40
0.000000000
 40
0.282842712
 40
0.282842712
 10
146.176812429
 20
225.538489514
 30
3.000000000
 10
146.195827363
 20
225.557499200
 30
3.000000000
  0
SPLINE
  5
11D1
330
A02
100
AcDbEntity
  8
Shape2DView
100
AcDbSpline
210
0
220
0
230
1
 70
8
 71
1
 72
4
 73
2
 74
0
 40
0.000000000
 40
0.000000000
 40
0.282842712
 40
0.282842712
 10
146.195827363
 20
225.557499200
 30
3.000000000
 10
146.214842298
 20
225.576508887
 30
3.000000000
  0
SPLINE
  5
11D2
330
A02
100
AcDbEntity
  8
Shape2DView
100
AcDbSpline
210
0
220
0
230
1
 70
8
 71
1
 72
4
 73
2
 74
0
 40
0.000000000
 40
0.000000000
 40
0.640312424
 40
0.640312424
 10
146.214842298
 20
225.576508887
 30
3.000000000
 10
146.262378532
 20
225.614528261
 30
3.000000000
  0
SPLINE
  5
11D3
330
A02
100
AcDbEntity
  8
Shape2DView
100
AcDbSpline
210
0
220
0
230
1
 70
8
 71
1
 72
4
 73
2
 74
0
 40
0.000000000
 40
0.000000000
 40
0.707106781
 40
0.707106781
 10
146.262378532
 20
225.614528261
 30
3.000000000
 10
146.309915867
 20
225.662052478
 30
3.000000000
  0
SPLINE
  5
11D4
330
A02
100
AcDbEntity
  8
Shape2DView
100
AcDbSpline
210
0
220
0
230
1
 70
8
 71
1
 72
4
 73
2
 74
0
 40
0.000000000
 40
0.000000000
 40
0.565685425
 40
0.565685425
 10
146.309915867
 20
225.662052478
 30
3.000000000
 10
146.347945735
 20
225.700071852
 30
3.000000000
  0
SPLINE
  5
11D5
330
A02
100
AcDbEntity
  8
Shape2DView
100
AcDbSpline
210
0
220
0
230
1
 70
8
 71
2
 72
6
 73
3
 74
0
 40
0.000000000
 40
0.000000000
 40
0.000000000
 40
1.000000000
 40
1.000000000
 40
1.000000000
 10
146.347945735
 20
225.700071852
 30
3.000000000
 10
146.231497438
 20
225.740467436
 30
3.000000000
 10
146.100784635
 20
225.738091225
 30
3.000000000
  0
SPLINE
  5
11D6
330
A02
100
AcDbEntity
  8
Shape2DView
100
AcDbSpline
210
0
220
0
230
1
 70
8
 71
3
 72
8
 73
4
 74
0
 40
0.000000000
 40
0.000000000
 40
0.000000000
 40
0.000000000
 40
1.000000000
 40
1.000000000
 40
1.000000000
 40
1.000000000
 10
146.100784635
 20
225.738091225
 30
3.000000000
 10
145.672998182
 20
225.738091225
 30
3.000000000
 10
145.330729366
 20
225.395916862
 30
3.000000000
 10
145.330679801
 20
224.968198909
 30
3.000000000
  0
SPLINE
  5
11D7
330
A02
100
AcDbEntity
  8
Shape2DView
100
AcDbSpline
210
0
220
0
230
1
 70
8
 71
2
 72
6
 73
3
 74
0
 40
0.000000000
 40
0.000000000
 40
0.000000000
 40
1.000000000
 40
1.000000000
 40
1.000000000
 10
145.330679801
 20
224.968198909
 30
3.000000000
 10
145.328283383
 20
224.797111727
 30
3.000000000
 10
145.397188012
 20
224.654539076
 30
3.000000000
  0
SPLINE
  5
11D8
330
A02
100
AcDbEntity
  8
Shape2DView
100
AcDbSpline
210
0
220
0
230
1
 70
8
 71
2
 72
6
 73
3
 74
0
 40
0.000000000
 40
0.000000000
 40
0.000000000
 40
1.000000000
 40
1.000000000
 40
1.000000000
 10
145.397188012
 20
224.654539076
 30
3.000000000
 10
145.485098488
 20
224.452561153
 30
3.000000000
 10
145.672834064
 20
224.321869556
 30
3.000000000
  0
SPLINE
  5
11D9
330
A02
100
AcDbEntity
  8
Shape2DView
100
AcDbSpline
210
0
220
0
230
1
 70
8
 71
1
 72
4
 73
2
 74
0
 40
0.000000000
 40
0.000000000
 40
1.000000000
 40
1.000000000
 10
145.672834064
 20
224.321869556
 30
3.000000000
 10
145.720362588
 20
224.293355026
 30
3.000000000
  0
SPLINE
  5
11DA
330
A02
100
AcDbEntity
  8
Shape2DView
100
AcDbSpline
210
0
220
0
230
1
 70
8
 71
1
 72
4
 73
2
 74
0
 40
0.000000000
 40
0.000000000
 40
43.400000000
 40
43.400000000
 10
145.720362588
 20
224.293355026
 30
3.000000000
 10
145.719884554
 20
220.168252983
 30
3.000000000
  0
SPLINE
  5
11DB
330
A02
100
AcDbEntity
  8
Shape2DView
100
AcDbSpline
210
0
220
0
230
1
 70
8
 71
3
 72
8
 73
4
 74
0
 40
0.000000000
 40
0.000000000
 40
0.000000000
 40
0.000000000
 40
1.000000000
 40
1.000000000
 40
1.000000000
 40
1.000000000
 10
145.719884554
 20
220.168252983
 30
3.000000000
 10
145.396651601
 20
220.025680332
 30
3.000000000
 10
145.158953909
 20
219.693010813
 30
3.000000000
 10
145.158909851
 20
219.312817076
 30
3.000000000
  0
SPLINE
  5
11DC
330
A02
100
AcDbEntity
  8
Shape2DView
100
AcDbSpline
210
0
220
0
230
1
 70
8
 71
3
 72
8
 73
4
 74
0
 40
0.000000000
 40
0.000000000
 40
0.000000000
 40
0.000000000
 40
1.000000000
 40
1.000000000
 40
1.000000000
 40
1.000000000
 10
145.158909851
 20
219.312817076
 30
3.000000000
 10
145.158875706
 20
219.018166930
 30
3.000000000
 10
145.291933984
 20
218.752031314
 30
3.000000000
 10
145.510560567
 20
218.580944133
 30
3.000000000
  0
SPLINE
  5
11DD
330
A02
100
AcDbEntity
  8
Shape2DView
100
AcDbSpline
210
0
220
0
230
1
 70
8
 71
1
 72
4
 73
2
 74
0
 40
0.000000000
 40
0.000000000
 40
0.900000000
 40
0.900000000
 10
145.510560567
 20
218.580944133
 30
3.000000000
 10
145.596117858
 20
218.580944133
 30
3.000000000
  0
SPLINE
  5
11DE
330
A02
100
AcDbEntity
  8
Shape2DView
100
AcDbSpline
210
0
220
0
230
1
 70
8
 71
1
 72
4
 73
2
 74
0
 40
0.000000000
 40
0.000000000
 40
6.200000000
 40
6.200000000
 10
145.596117858
 20
218.580944133
 30
3.000000000
 10
145.596186148
 20
219.170244425
 30
3.000000000
  0
SPLINE
  5
11DF
330
A02
100
AcDbEntity
  8
Shape2DView
100
AcDbSpline
210
0
220
0
230
1
 70
8
 71
1
 72
4
 73
2
 74
0
 40
0.000000000
 40
0.000000000
 40
6.762396025
 40
6.762396025
 10
145.596186148
 20
219.170244425
 30
3.000000000
 10
146.100069788
 20
219.569447848
 30
3.000000000
  0
SPLINE
  5
11E0
330
A02
100
AcDbEntity
  8
Shape2DView
100
AcDbSpline
210
0
220
0
230
1
 70
8
 71
1
 72
4
 73
2
 74
0
 40
0.000000000
 40
0.000000000
 40
6.841052551
 40
6.841052551
 10
146.100069788
 20
219.569447848
 30
3.000000000
 10
146.613367270
 20
219.170244425
 30
3.000000000
  0
SPLINE
  5
11E1
330
A02
100
AcDbEntity
  8
Shape2DView
100
AcDbSpline
210
0
220
0
230
1
 70
8
 71
1
 72
4
 73
2
 74
0
 40
0.000000000
 40
0.000000000
 40
6.200000000
 40
6.200000000
 10
146.613367270
 20
219.170244425
 30
3.000000000
 10
146.613298980
 20
218.580944133
 30
3.000000000
  0
SPLINE
  5
11E2
330
A02
100
AcDbEntity
  8
Shape2DView
100
AcDbSpline
210
0
220
0
230
1
 70
8
 71
1
 72
4
 73
2
 74
0
 40
0.000000000
 40
0.000000000
 40
0.800000000
 40
0.800000000
 10
146.613298980
 20
218.580944133
 30
3.000000000
 10
146.689349905
 20
218.580944133
 30
3.000000000
  0
SPLINE
  5
11E3
330
A02
100
AcDbEntity
  8
Shape2DView
100
AcDbSpline
210
0
220
0
230
1
 70
8
 71
1
 72
4
 73
2
 74
0
 40
0.000000000
 40
0.000000000
 40
0.100000000
 40
0.100000000
 10
146.689349905
 20
218.580944133
 30
3.000000000
 10
146.698856271
 20
218.580944133
 30
3.000000000
  0
SPLINE
  5
11E4
330
A02
100
AcDbEntity
  8
Shape2DView
100
AcDbSpline
210
0
220
0
230
1
 70
8
 71
3
 72
8
 73
4
 74
0
 40
0.000000000
 40
0.000000000
 40
0.000000000
 40
0.000000000
 40
1.000000000
 40
1.000000000
 40
1.000000000
 40
1.000000000
 10
146.698856271
 20
218.580944133
 30
3.000000000
 10
146.917522506
 20
218.752031314
 30
3.000000000
 10
147.050642466
 20
219.018166930
 30
3.000000000
 10
147.050676611
 20
219.312817076
 30
3.000000000
  0
SPLINE
  5
11E5
330
A02
100
AcDbEntity
  8
Shape2DView
100
AcDbSpline
210
0
220
0
230
1
 70
8
 71
3
 72
8
 73
4
 74
0
 40
0.000000000
 40
0.000000000
 40
0.000000000
 40
0.000000000
 40
1.000000000
 40
1.000000000
 40
1.000000000
 40
1.000000000
 10
147.050676611
 20
219.312817076
 30
3.000000000
 10
147.041214304
 20
219.693010813
 30
3.000000000
 10
146.813100080
 20
220.025680332
 30
3.000000000
 10
146.489900170
 20
220.168252983
 30
3.000000000
  0
SPLINE
  5
11E6
330
A02
100
AcDbEntity
  8
Shape2DView
100
AcDbSpline
210
0
220
0
230
1
 70
8
 71
3
 72
8
 73
4
 74
0
 40
0.000000000
 40
0.000000000
 40
0.000000000
 40
0.000000000
 40
1.000000000
 40
1.000000000
 40
1.000000000
 40
1.000000000
 10
146.176205525
 20
220.301320791
 30
3.000000000
 10
146.176203322
 20
220.282311104
 30
3.000000000
 10
146.166695855
 20
220.272806261
 30
3.000000000
 10
146.166693652
 20
220.253796574
 30
3.000000000
  0
SPLINE
  5
11E7
330
A02
100
AcDbEntity
  8
Shape2DView
100
AcDbSpline
210
0
220
0
230
1
 70
8
 71
2
 72
6
 73
3
 74
0
 40
0.000000000
 40
0.000000000
 40
0.000000000
 40
1.000000000
 40
1.000000000
 40
1.000000000
 10
146.166693652
 20
220.253796574
 30
3.000000000
 10
146.138169323
 20
220.208648568
 30
3.000000000
 10
146.081130854
 20
220.206272357
 30
3.000000000
  0
SPLINE
  5
11E8
330
A02
100
AcDbEntity
  8
Shape2DView
100
AcDbSpline
210
0
220
0
230
1
 70
8
 71
2
 72
6
 73
3
 74
0
 40
0.000000000
 40
0.000000000
 40
0.000000000
 40
1.000000000
 40
1.000000000
 40
1.000000000
 10
146.081130854
 20
220.206272357
 30
3.000000000
 10
146.024092936
 20
220.208648568
 30
3.000000000
 10
145.995579071
 20
220.253796574
 30
3.000000000
  0
SPLINE
  5
11E9
330
A02
100
AcDbEntity
  8
Shape2DView
100
AcDbSpline
210
0
220
0
230
1
 70
8
 71
2
 72
6
 73
3
 74
0
 40
0.000000000
 40
0.000000000
 40
0.000000000
 40
1.000000000
 40
1.000000000
 40
1.000000000
 10
145.995579071
 20
220.253796574
 30
3.000000000
 10
145.983698041
 20
220.270430050
 30
3.000000000
 10
145.986078213
 20
220.301320791
 30
3.000000000
  0
SPLINE
  5
11EA
330
A02
100
AcDbEntity
  8
Shape2DView
100
AcDbSpline
210
0
220
0
230
1
 70
8
 71
1
 72
4
 73
2
 74
0
 40
0.000000000
 40
0.000000000
 40
37.200000000
 40
37.200000000
 10
145.986078213
 20
220.301320791
 30
3.000000000
 10
145.986487955
 20
223.837122542
 30
3.000000000
  0
SPLINE
  5
11EB
330
A02
100
AcDbEntity
  8
Shape2DView
100
AcDbSpline
210
0
220
0
230
1
 70
8
 71
3
 72
8
 73
4
 74
0
 40
0.000000000
 40
0.000000000
 40
0.000000000
 40
0.000000000
 40
1.000000000
 40
1.000000000
 40
1.000000000
 40
1.000000000
 10
145.986487955
 20
223.837122542
 30
3.000000000
 10
145.986494564
 20
223.894151603
 30
3.000000000
 10
146.034030798
 20
223.932170976
 30
3.000000000
 10
146.081562626
 20
223.932170976
 30
3.000000000
  0
SPLINE
  5
11EC
330
A02
100
AcDbEntity
  8
Shape2DView
100
AcDbSpline
210
0
220
0
230
1
 70
8
 71
3
 72
8
 73
4
 74
0
 40
0.000000000
 40
0.000000000
 40
0.000000000
 40
0.000000000
 40
1.000000000
 40
1.000000000
 40
1.000000000
 40
1.000000000
 10
146.081562626
 20
223.932170976
 30
3.000000000
 10
146.138600820
 20
223.932170976
 30
3.000000000
 10
146.176620775
 20
223.884646759
 30
3.000000000
 10
146.176615268
 20
223.837122542
 30
3.000000000
  0
SPLINE
  5
11ED
330
A02
100
AcDbEntity
  8
Shape2DView
100
AcDbSpline
210
0
220
0
230
1
 70
8
 71
1
 72
4
 73
2
 74
0
 40
0.000000000
 40
0.000000000
 40
37.200000000
 40
37.200000000
 10
146.176615268
 20
223.837122542
 30
3.000000000
 10
146.176205525
 20
220.301320791
 30
3.000000000
  0
SPLINE
  5
11EE
330
A02
100
AcDbEntity
  8
Shape2DView
100
AcDbSpline
210
0
220
0
230
1
 70
8
 71
3
 72
8
 73
4
 74
0
 40
0.000000000
 40
0.000000000
 40
0.000000000
 40
0.000000000
 40
1.000000000
 40
1.000000000
 40
1.000000000
 40
1.000000000
 10
140.530037854
 20
225.595518574
 30
3.000000000
 10
140.406468318
 20
225.709576695
 30
3.000000000
 10
140.330426205
 20
225.785615442
 30
3.000000000
 10
140.330428408
 20
225.804625129
 30
3.000000000
  0
SPLINE
  5
11EF
330
A02
100
AcDbEntity
  8
Shape2DView
100
AcDbSpline
210
0
220
0
230
1
 70
8
 71
3
 72
8
 73
4
 74
0
 40
0.000000000
 40
0.000000000
 40
0.000000000
 40
0.000000000
 40
1.000000000
 40
1.000000000
 40
1.000000000
 40
1.000000000
 10
140.330428408
 20
225.804625129
 30
3.000000000
 10
140.301921427
 20
225.909178407
 30
3.000000000
 10
140.320962796
 20
226.156304336
 30
3.000000000
 10
140.130855310
 20
226.327391517
 30
3.000000000
  0
SPLINE
  5
11F0
330
A02
100
AcDbEntity
  8
Shape2DView
100
AcDbSpline
210
0
220
0
230
1
 70
8
 71
3
 72
8
 73
4
 74
0
 40
0.000000000
 40
0.000000000
 40
0.000000000
 40
0.000000000
 40
1.000000000
 40
1.000000000
 40
1.000000000
 40
1.000000000
 10
140.130855310
 20
226.327391517
 30
3.000000000
 10
139.959758352
 20
226.479469012
 30
3.000000000
 10
139.807660908
 20
226.517488385
 30
3.000000000
 10
139.712597251
 20
226.517488385
 30
3.000000000
  0
SPLINE
  5
11F1
330
A02
100
AcDbEntity
  8
Shape2DView
100
AcDbSpline
210
0
220
0
230
1
 70
8
 71
1
 72
4
 73
2
 74
0
 40
0.000000000
 40
0.000000000
 40
1.000000000
 40
1.000000000
 10
139.712597251
 20
226.517488385
 30
3.000000000
 10
139.674571789
 20
226.517488385
 30
3.000000000
  0
SPLINE
  5
11F2
330
A02
100
AcDbEntity
  8
Shape2DView
100
AcDbSpline
210
0
220
0
230
1
 70
8
 71
2
 72
6
 73
3
 74
0
 40
0.000000000
 40
0.000000000
 40
0.000000000
 40
1.000000000
 40
1.000000000
 40
1.000000000
 10
139.674571789
 20
226.517488385
 30
3.000000000
 10
139.560495126
 20
226.515112175
 30
3.000000000
 10
139.503455004
 20
226.498478699
 30
3.000000000
  0
SPLINE
  5
11F3
330
A02
100
AcDbEntity
  8
Shape2DView
100
AcDbSpline
210
0
220
0
230
1
 70
8
 71
1
 72
4
 73
2
 74
0
 40
0.000000000
 40
0.000000000
 40
1.000000000
 40
1.000000000
 10
139.503455004
 20
226.498478699
 30
3.000000000
 10
139.417894409
 20
226.469964168
 30
3.000000000
  0
SPLINE
  5
11F4
330
A02
100
AcDbEntity
  8
Shape2DView
100
AcDbSpline
210
0
220
0
230
1
 70
8
 71
2
 72
6
 73
3
 74
0
 40
0.000000000
 40
0.000000000
 40
0.000000000
 40
1.000000000
 40
1.000000000
 40
1.000000000
 10
139.417894409
 20
226.469964168
 30
3.000000000
 10
139.389373385
 20
226.453330692
 30
3.000000000
 10
139.389373110
 20
226.450954481
 30
3.000000000
  0
SPLINE
  5
11F5
330
A02
100
AcDbEntity
  8
Shape2DView
100
AcDbSpline
210
0
220
0
230
1
 70
8
 71
1
 72
4
 73
2
 74
0
 40
0.000000000
 40
0.000000000
 40
4.742362281
 40
4.742362281
 10
139.389373110
 20
226.450954481
 30
3.000000000
 10
139.722060660
 20
226.146799492
 30
3.000000000
  0
SPLINE
  5
11F6
330
A02
100
AcDbEntity
  8
Shape2DView
100
AcDbSpline
210
0
220
0
230
1
 70
8
 71
3
 72
8
 73
4
 74
0
 40
0.000000000
 40
0.000000000
 40
0.000000000
 40
0.000000000
 40
1.000000000
 40
1.000000000
 40
1.000000000
 40
1.000000000
 10
139.722060660
 20
226.146799492
 30
3.000000000
 10
139.741063478
 20
226.061255901
 30
3.000000000
 10
139.731549402
 20
225.994721997
 30
3.000000000
 10
139.712530062
 20
225.937692937
 30
3.000000000
  0
SPLINE
  5
11F7
330
A02
100
AcDbEntity
  8
Shape2DView
100
AcDbSpline
210
0
220
0
230
1
 70
8
 71
3
 72
8
 73
4
 74
0
 40
0.000000000
 40
0.000000000
 40
0.000000000
 40
0.000000000
 40
1.000000000
 40
1.000000000
 40
1.000000000
 40
1.000000000
 10
139.712530062
 20
225.937692937
 30
3.000000000
 10
139.693514027
 20
225.909178407
 30
3.000000000
 10
139.674495788
 20
225.861654190
 30
3.000000000
 10
139.645974488
 20
225.842644503
 30
3.000000000
  0
SPLINE
  5
11F8
330
A02
100
AcDbEntity
  8
Shape2DView
100
AcDbSpline
210
0
220
0
230
1
 70
8
 71
1
 72
4
 73
2
 74
0
 40
0.000000000
 40
0.000000000
 40
1.000000000
 40
1.000000000
 10
139.645974488
 20
225.842644503
 30
3.000000000
 10
139.569916954
 20
225.785615442
 30
3.000000000
  0
SPLINE
  5
11F9
330
A02
100
AcDbEntity
  8
Shape2DView
100
AcDbSpline
210
0
220
0
230
1
 70
8
 71
1
 72
4
 73
2
 74
0
 40
0.000000000
 40
0.000000000
 40
1.000000000
 40
1.000000000
 10
139.569916954
 20
225.785615442
 30
3.000000000
 10
139.503369091
 20
225.757100912
 30
3.000000000
  0
SPLINE
  5
11FA
330
A02
100
AcDbEntity
  8
Shape2DView
100
AcDbSpline
210
0
220
0
230
1
 70
8
 71
1
 72
4
 73
2
 74
0
 40
0.000000000
 40
0.000000000
 40
4.393176527
 40
4.393176527
 10
139.503369091
 20
225.757100912
 30
3.000000000
 10
139.189690967
 20
226.032741371
 30
3.000000000
  0
SPLINE
  5
11FB
330
A02
100
AcDbEntity
  8
Shape2DView
100
AcDbSpline
210
0
220
0
230
1
 70
8
 71
1
 72
4
 73
2
 74
0
 40
0.000000000
 40
0.000000000
 40
1.603121954
 40
1.603121954
 10
139.189690967
 20
226.032741371
 30
3.000000000
 10
139.037588016
 20
226.023236528
 30
3.000000000
  0
SPLINE
  5
11FC
330
A02
100
AcDbEntity
  8
Shape2DView
100
AcDbSpline
210
0
220
0
230
1
 70
8
 71
3
 72
8
 73
4
 74
0
 40
0.000000000
 40
0.000000000
 40
0.000000000
 40
0.000000000
 40
1.000000000
 40
1.000000000
 40
1.000000000
 40
1.000000000
 10
139.037588016
 20
226.023236528
 30
3.000000000
 10
139.037588016
 20
226.023236528
 30
3.000000000
 10
138.961501844
 20
225.719081538
 30
3.000000000
 10
139.265674703
 20
225.452945923
 30
3.000000000
  0
SPLINE
  5
11FD
330
A02
100
AcDbEntity
  8
Shape2DView
100
AcDbSpline
210
0
220
0
230
1
 70
8
 71
3
 72
8
 73
4
 74
0
 40
0.000000000
 40
0.000000000
 40
0.000000000
 40
0.000000000
 40
1.000000000
 40
1.000000000
 40
1.000000000
 40
1.000000000
 10
139.265674703
 20
225.452945923
 30
3.000000000
 10
139.379740076
 20
225.357897489
 30
3.000000000
 10
139.503320626
 20
225.338887802
 30
3.000000000
 10
139.607890648
 20
225.338887802
 30
3.000000000
  0
SPLINE
  5
11FE
330
A02
100
AcDbEntity
  8
Shape2DView
100
AcDbSpline
210
0
220
0
230
1
 70
8
 71
3
 72
8
 73
4
 74
0
 40
0.000000000
 40
0.000000000
 40
0.000000000
 40
0.000000000
 40
1.000000000
 40
1.000000000
 40
1.000000000
 40
1.000000000
 10
139.607890648
 20
225.338887802
 30
3.000000000
 10
139.712460670
 20
225.338887802
 30
3.000000000
 10
139.798020164
 20
225.357897489
 30
3.000000000
 10
139.836045626
 20
225.357897489
 30
3.000000000
  0
SPLINE
  5
11FF
330
A02
100
AcDbEntity
  8
Shape2DView
100
AcDbSpline
210
0
220
0
230
1
 70
8
 71
1
 72
4
 73
2
 74
0
 40
0.000000000
 40
0.000000000
 40
0.100000000
 40
0.100000000
 10
139.836045626
 20
225.357897489
 30
3.000000000
 10
139.845551992
 20
225.357897489
 30
3.000000000
  0
SPLINE
  5
1200
330
A02
100
AcDbEntity
  8
Shape2DView
100
AcDbSpline
210
0
220
0
230
1
 70
8
 71
3
 72
8
 73
4
 74
0
 40
0.000000000
 40
0.000000000
 40
0.000000000
 40
0.000000000
 40
1.000000000
 40
1.000000000
 40
1.000000000
 40
1.000000000
 10
139.845551992
 20
225.357897489
 30
3.000000000
 10
139.864564723
 20
225.357897489
 30
3.000000000
 10
140.140221790
 20
225.120276403
 30
3.000000000
 10
140.539450595
 20
224.787606884
 30
3.000000000
  0
SPLINE
  5
1201
330
A02
100
AcDbEntity
  8
Shape2DView
100
AcDbSpline
210
0
220
0
230
1
 70
8
 71
1
 72
4
 73
2
 74
0
 40
0.000000000
 40
0.000000000
 40
8.500000000
 40
8.500000000
 10
140.539450595
 20
224.787606884
 30
3.000000000
 10
140.539544220
 20
225.595518574
 30
3.000000000
  0
SPLINE
  5
1202
330
A02
100
AcDbEntity
  8
Shape2DView
100
AcDbSpline
210
0
220
0
230
1
 70
8
 71
1
 72
4
 73
2
 74
0
 40
0.000000000
 40
0.000000000
 40
0.100000000
 40
0.100000000
 10
140.539544220
 20
225.595518574
 30
3.000000000
 10
140.530037854
 20
225.595518574
 30
3.000000000
  0
SPLINE
  5
1203
330
A02
100
AcDbEntity
  8
Shape2DView
100
AcDbSpline
210
0
220
0
230
1
 70
8
 71
3
 72
8
 73
4
 74
0
 40
0.000000000
 40
0.000000000
 40
0.000000000
 40
0.000000000
 40
1.000000000
 40
1.000000000
 40
1.000000000
 40
1.000000000
 10
144.493834347
 20
222.506444464
 30
3.000000000
 10
144.256199439
 20
222.715551019
 30
3.000000000
 10
144.037548623
 20
222.677531645
 30
3.000000000
 10
143.904460606
 20
222.687036489
 30
3.000000000
  0
SPLINE
  5
1204
330
A02
100
AcDbEntity
  8
Shape2DView
100
AcDbSpline
210
0
220
0
230
1
 70
8
 71
3
 72
8
 73
4
 74
0
 40
0.000000000
 40
0.000000000
 40
0.000000000
 40
0.000000000
 40
1.000000000
 40
1.000000000
 40
1.000000000
 40
1.000000000
 10
143.904460606
 20
222.687036489
 30
3.000000000
 10
143.676316642
 20
222.763075236
 30
3.000000000
 10
142.079410233
 20
224.169792062
 30
3.000000000
 10
141.100359211
 20
225.072752186
 30
3.000000000
  0
SPLINE
  5
1205
330
A02
100
AcDbEntity
  8
Shape2DView
100
AcDbSpline
210
0
220
0
230
1
 70
8
 71
1
 72
4
 73
2
 74
0
 40
0.000000000
 40
0.000000000
 40
8.000000000
 40
8.000000000
 10
141.100359211
 20
225.072752186
 30
3.000000000
 10
141.100271095
 20
224.312364713
 30
3.000000000
  0
SPLINE
  5
1206
330
A02
100
AcDbEntity
  8
Shape2DView
100
AcDbSpline
210
0
220
0
230
1
 70
8
 71
3
 72
8
 73
4
 74
0
 40
0.000000000
 40
0.000000000
 40
0.000000000
 40
0.000000000
 40
1.000000000
 40
1.000000000
 40
1.000000000
 40
1.000000000
 10
141.100271095
 20
224.312364713
 30
3.000000000
 10
142.136360310
 20
223.409404588
 30
3.000000000
 10
143.448105490
 20
222.259318535
 30
3.000000000
 10
143.457607450
 20
222.221299161
 30
3.000000000
  0
SPLINE
  5
1207
330
A02
100
AcDbEntity
  8
Shape2DView
100
AcDbSpline
210
0
220
0
230
1
 70
8
 71
3
 72
8
 73
4
 74
0
 40
0.000000000
 40
0.000000000
 40
0.000000000
 40
0.000000000
 40
1.000000000
 40
1.000000000
 40
1.000000000
 40
1.000000000
 10
143.457607450
 20
222.221299161
 30
3.000000000
 10
143.467106105
 20
222.154765257
 30
3.000000000
 10
143.486078082
 20
221.803086051
 30
3.000000000
 10
143.666678102
 20
221.622494026
 30
3.000000000
  0
SPLINE
  5
1208
330
A02
100
AcDbEntity
  8
Shape2DView
100
AcDbSpline
210
0
220
0
230
1
 70
8
 71
3
 72
8
 73
4
 74
0
 40
0.000000000
 40
0.000000000
 40
0.000000000
 40
0.000000000
 40
1.000000000
 40
1.000000000
 40
1.000000000
 40
1.000000000
 10
143.666678102
 20
221.622494026
 30
3.000000000
 10
143.799751800
 20
221.489426218
 30
3.000000000
 10
143.923330147
 20
221.451406845
 30
3.000000000
 10
144.018393804
 20
221.451406845
 30
3.000000000
  0
SPLINE
  5
1209
330
A02
100
AcDbEntity
  8
Shape2DView
100
AcDbSpline
210
0
220
0
230
1
 70
8
 71
2
 72
6
 73
3
 74
0
 40
0.000000000
 40
0.000000000
 40
0.000000000
 40
1.000000000
 40
1.000000000
 40
1.000000000
 10
144.018393804
 20
221.451406845
 30
3.000000000
 10
144.075432273
 20
221.453783055
 30
3.000000000
 10
144.132472394
 20
221.470416531
 30
3.000000000
  0
SPLINE
  5
120A
330
A02
100
AcDbEntity
  8
Shape2DView
100
AcDbSpline
210
0
220
0
230
1
 70
8
 71
3
 72
8
 73
4
 74
0
 40
0.000000000
 40
0.000000000
 40
0.000000000
 40
0.000000000
 40
1.000000000
 40
1.000000000
 40
1.000000000
 40
1.000000000
 10
144.132472394
 20
221.470416531
 30
3.000000000
 10
144.246549883
 20
221.479921375
 30
3.000000000
 10
144.322606316
 20
221.527445592
 30
3.000000000
 10
144.322606316
 20
221.527445592
 30
3.000000000
  0
SPLINE
  5
120B
330
A02
100
AcDbEntity
  8
Shape2DView
100
AcDbSpline
210
0
220
0
230
1
 70
8
 71
1
 72
4
 73
2
 74
0
 40
0.000000000
 40
0.000000000
 40
4.596737974
 40
4.596737974
 10
144.322606316
 20
221.527445592
 30
3.000000000
 10
144.008931496
 20
221.831600581
 30
3.000000000
  0
SPLINE
  5
120C
330
A02
100
AcDbEntity
  8
Shape2DView
100
AcDbSpline
210
0
220
0
230
1
 70
8
 71
3
 72
8
 73
4
 74
0
 40
0.000000000
 40
0.000000000
 40
0.000000000
 40
0.000000000
 40
1.000000000
 40
1.000000000
 40
1.000000000
 40
1.000000000
 10
144.008931496
 20
221.831600581
 30
3.000000000
 10
144.008934801
 20
221.860115111
 30
3.000000000
 10
144.018472007
 20
222.126250727
 30
3.000000000
 10
144.265647427
 20
222.211794318
 30
3.000000000
  0
SPLINE
  5
120D
330
A02
100
AcDbEntity
  8
Shape2DView
100
AcDbSpline
210
0
220
0
230
1
 70
8
 71
1
 72
4
 73
2
 74
0
 40
0.000000000
 40
0.000000000
 40
4.601086828
 40
4.601086828
 10
144.265647427
 20
222.211794318
 30
3.000000000
 10
144.588829713
 20
221.917144172
 30
3.000000000
  0
SPLINE
  5
120E
330
A02
100
AcDbEntity
  8
Shape2DView
100
AcDbSpline
210
0
220
0
230
1
 70
8
 71
1
 72
4
 73
2
 74
0
 40
0.000000000
 40
0.000000000
 40
1.204159458
 40
1.204159458
 10
144.588829713
 20
221.917144172
 30
3.000000000
 10
144.702907202
 20
221.926649015
 30
3.000000000
  0
SPLINE
  5
120F
330
A02
100
AcDbEntity
  8
Shape2DView
100
AcDbSpline
210
0
220
0
230
1
 70
8
 71
3
 72
8
 73
4
 74
0
 40
0.000000000
 40
0.000000000
 40
0.000000000
 40
0.000000000
 40
1.000000000
 40
1.000000000
 40
1.000000000
 40
1.000000000
 10
144.702907202
 20
221.926649015
 30
3.000000000
 10
144.693399735
 20
221.917144172
 30
3.000000000
 10
144.778994475
 20
222.240308848
 30
3.000000000
 10
144.493834347
 20
222.506444464
 30
3.000000000
  0
SPLINE
  5
1210
330
A02
100
AcDbEntity
  8
Shape2DView
100
AcDbSpline
210
0
220
0
230
1
 70
8
 71
1
 72
4
 73
2
 74
0
 40
0.000000000
 40
0.000000000
 40
0.509901951
 40
0.509901951
 10
148.039992904
 20
224.958694065
 30
3.000000000
 10
148.030492045
 20
225.006218282
 30
3.000000000
  0
SPLINE
  5
1211
330
A02
100
AcDbEntity
  8
Shape2DView
100
AcDbSpline
210
0
220
0
230
1
 70
8
 71
1
 72
4
 73
2
 74
0
 40
0.000000000
 40
0.000000000
 40
0.412310563
 40
0.412310563
 10
148.030492045
 20
225.006218282
 30
3.000000000
 10
148.020990086
 20
225.044237656
 30
3.000000000
  0
SPLINE
  5
1212
330
A02
100
AcDbEntity
  8
Shape2DView
100
AcDbSpline
210
0
220
0
230
1
 70
8
 71
1
 72
4
 73
2
 74
0
 40
0.000000000
 40
0.000000000
 40
0.412310563
 40
0.412310563
 10
148.020990086
 20
225.044237656
 30
3.000000000
 10
148.011488126
 20
225.082257030
 30
3.000000000
  0
SPLINE
  5
1213
330
A02
100
AcDbEntity
  8
Shape2DView
100
AcDbSpline
210
0
220
0
230
1
 70
8
 71
1
 72
4
 73
2
 74
0
 40
0.000000000
 40
0.000000000
 40
0.538516481
 40
0.538516481
 10
148.011488126
 20
225.082257030
 30
3.000000000
 10
147.992480902
 20
225.129781247
 30
3.000000000
  0
SPLINE
  5
1214
330
A02
100
AcDbEntity
  8
Shape2DView
100
AcDbSpline
210
0
220
0
230
1
 70
8
 71
1
 72
4
 73
2
 74
0
 40
0.000000000
 40
0.000000000
 40
0.412310563
 40
0.412310563
 10
147.992480902
 20
225.129781247
 30
3.000000000
 10
147.982978942
 20
225.167800620
 30
3.000000000
  0
SPLINE
  5
1215
330
A02
100
AcDbEntity
  8
Shape2DView
100
AcDbSpline
210
0
220
0
230
1
 70
8
 71
1
 72
4
 73
2
 74
0
 40
0.000000000
 40
0.000000000
 40
0.412310563
 40
0.412310563
 10
147.982978942
 20
225.167800620
 30
3.000000000
 10
147.973476982
 20
225.205819994
 30
3.000000000
  0
SPLINE
  5
1216
330
A02
100
AcDbEntity
  8
Shape2DView
100
AcDbSpline
210
0
220
0
230
1
 70
8
 71
1
 72
4
 73
2
 74
0
 40
0.000000000
 40
0.000000000
 40
0.538516481
 40
0.538516481
 10
147.973476982
 20
225.205819994
 30
3.000000000
 10
147.954469758
 20
225.253344211
 30
3.000000000
  0
SPLINE
  5
1217
330
A02
100
AcDbEntity
  8
Shape2DView
100
AcDbSpline
210
0
220
0
230
1
 70
8
 71
1
 72
4
 73
2
 74
0
 40
0.000000000
 40
0.000000000
 40
0.412310563
 40
0.412310563
 10
147.954469758
 20
225.253344211
 30
3.000000000
 10
147.944967799
 20
225.291363585
 30
3.000000000
  0
SPLINE
  5
1218
330
A02
100
AcDbEntity
  8
Shape2DView
100
AcDbSpline
210
0
220
0
230
1
 70
8
 71
1
 72
4
 73
2
 74
0
 40
0.000000000
 40
0.000000000
 40
0.447213595
 40
0.447213595
 10
147.944967799
 20
225.291363585
 30
3.000000000
 10
147.925959473
 20
225.329382958
 30
3.000000000
  0
SPLINE
  5
1219
330
A02
100
AcDbEntity
  8
Shape2DView
100
AcDbSpline
210
0
220
0
230
1
 70
8
 71
1
 72
4
 73
2
 74
0
 40
0.000000000
 40
0.000000000
 40
0.948683298
 40
0.948683298
 10
147.925959473
 20
225.329382958
 30
3.000000000
 10
147.897450289
 20
225.414926549
 30
3.000000000
  0
SPLINE
  5
121A
330
A02
100
AcDbEntity
  8
Shape2DView
100
AcDbSpline
210
0
220
0
230
1
 70
8
 71
1
 72
4
 73
2
 74
0
 40
0.000000000
 40
0.000000000
 40
0.447213595
 40
0.447213595
 10
147.897450289
 20
225.414926549
 30
3.000000000
 10
147.878441964
 20
225.452945923
 30
3.000000000
  0
SPLINE
  5
121B
330
A02
100
AcDbEntity
  8
Shape2DView
100
AcDbSpline
210
0
220
0
230
1
 70
8
 71
1
 72
4
 73
2
 74
0
 40
0.000000000
 40
0.000000000
 40
0.538516481
 40
0.538516481
 10
147.878441964
 20
225.452945923
 30
3.000000000
 10
147.859434740
 20
225.500470140
 30
3.000000000
  0
SPLINE
  5
121C
330
A02
100
AcDbEntity
  8
Shape2DView
100
AcDbSpline
210
0
220
0
230
1
 70
8
 71
1
 72
4
 73
2
 74
0
 40
0.000000000
 40
0.000000000
 40
0.894427191
 40
0.894427191
 10
147.859434740
 20
225.500470140
 30
3.000000000
 10
147.821418089
 20
225.576508887
 30
3.000000000
  0
SPLINE
  5
121D
330
A02
100
AcDbEntity
  8
Shape2DView
100
AcDbSpline
210
0
220
0
230
1
 70
8
 71
1
 72
4
 73
2
 74
0
 40
0.000000000
 40
0.000000000
 40
0.984885780
 40
0.984885780
 10
147.821418089
 20
225.576508887
 30
3.000000000
 10
147.783402540
 20
225.662052478
 30
3.000000000
  0
SPLINE
  5
121E
330
A02
100
AcDbEntity
  8
Shape2DView
100
AcDbSpline
210
0
220
0
230
1
 70
8
 71
1
 72
4
 73
2
 74
0
 40
0.000000000
 40
0.000000000
 40
0.894427191
 40
0.894427191
 10
147.783402540
 20
225.662052478
 30
3.000000000
 10
147.745385889
 20
225.738091225
 30
3.000000000
  0
SPLINE
  5
121F
330
A02
100
AcDbEntity
  8
Shape2DView
100
AcDbSpline
210
0
220
0
230
1
 70
8
 71
1
 72
4
 73
2
 74
0
 40
0.000000000
 40
0.000000000
 40
0.984885780
 40
0.984885780
 10
147.745385889
 20
225.738091225
 30
3.000000000
 10
147.707370340
 20
225.823634816
 30
3.000000000
  0
SPLINE
  5
1220
330
A02
100
AcDbEntity
  8
Shape2DView
100
AcDbSpline
210
0
220
0
230
1
 70
8
 71
1
 72
4
 73
2
 74
0
 40
0.000000000
 40
0.000000000
 40
0.447213595
 40
0.447213595
 10
147.707370340
 20
225.823634816
 30
3.000000000
 10
147.688362014
 20
225.861654190
 30
3.000000000
  0
SPLINE
  5
1221
330
A02
100
AcDbEntity
  8
Shape2DView
100
AcDbSpline
210
0
220
0
230
1
 70
8
 71
1
 72
4
 73
2
 74
0
 40
0.000000000
 40
0.000000000
 40
0.583095189
 40
0.583095189
 10
147.688362014
 20
225.861654190
 30
3.000000000
 10
147.659848424
 20
225.909178407
 30
3.000000000
  0
SPLINE
  5
1222
330
A02
100
AcDbEntity
  8
Shape2DView
100
AcDbSpline
210
0
220
0
230
1
 70
8
 71
1
 72
4
 73
2
 74
0
 40
0.000000000
 40
0.000000000
 40
0.894427191
 40
0.894427191
 10
147.659848424
 20
225.909178407
 30
3.000000000
 10
147.621831774
 20
225.985217154
 30
3.000000000
  0
SPLINE
  5
1223
330
A02
100
AcDbEntity
  8
Shape2DView
100
AcDbSpline
210
0
220
0
230
1
 70
8
 71
1
 72
4
 73
2
 74
0
 40
0.000000000
 40
0.000000000
 40
1.029563014
 40
1.029563014
 10
147.621831774
 20
225.985217154
 30
3.000000000
 10
147.574309859
 20
226.070760745
 30
3.000000000
  0
SPLINE
  5
1224
330
A02
100
AcDbEntity
  8
Shape2DView
100
AcDbSpline
210
0
220
0
230
1
 70
8
 71
1
 72
4
 73
2
 74
0
 40
0.000000000
 40
0.000000000
 40
0.500000000
 40
0.500000000
 10
147.574309859
 20
226.070760745
 30
3.000000000
 10
147.545795168
 20
226.108780118
 30
3.000000000
  0
SPLINE
  5
1225
330
A02
100
AcDbEntity
  8
Shape2DView
100
AcDbSpline
210
0
220
0
230
1
 70
8
 71
1
 72
4
 73
2
 74
0
 40
0.000000000
 40
0.000000000
 40
0.538516481
 40
0.538516481
 10
147.545795168
 20
226.108780118
 30
3.000000000
 10
147.526787944
 20
226.156304336
 30
3.000000000
  0
SPLINE
  5
1226
330
A02
100
AcDbEntity
  8
Shape2DView
100
AcDbSpline
210
0
220
0
230
1
 70
8
 71
1
 72
4
 73
2
 74
0
 40
0.000000000
 40
0.000000000
 40
0.500000000
 40
0.500000000
 10
147.526787944
 20
226.156304336
 30
3.000000000
 10
147.498273253
 20
226.194323709
 30
3.000000000
  0
SPLINE
  5
1227
330
A02
100
AcDbEntity
  8
Shape2DView
100
AcDbSpline
210
0
220
0
230
1
 70
8
 71
1
 72
4
 73
2
 74
0
 40
0.000000000
 40
0.000000000
 40
0.424264069
 40
0.424264069
 10
147.498273253
 20
226.194323709
 30
3.000000000
 10
147.469757460
 20
226.222838239
 30
3.000000000
  0
SPLINE
  5
1228
330
A02
100
AcDbEntity
  8
Shape2DView
100
AcDbSpline
210
0
220
0
230
1
 70
8
 71
1
 72
4
 73
2
 74
0
 40
0.000000000
 40
0.000000000
 40
0.447213595
 40
0.447213595
 10
147.469757460
 20
226.222838239
 30
3.000000000
 10
147.450749135
 20
226.260857613
 30
3.000000000
  0
SPLINE
  5
1229
330
A02
100
AcDbEntity
  8
Shape2DView
100
AcDbSpline
210
0
220
0
230
1
 70
8
 71
1
 72
4
 73
2
 74
0
 40
0.000000000
 40
0.000000000
 40
0.500000000
 40
0.500000000
 10
147.450749135
 20
226.260857613
 30
3.000000000
 10
147.422234444
 20
226.298876987
 30
3.000000000
  0
SPLINE
  5
122A
330
A02
100
AcDbEntity
  8
Shape2DView
100
AcDbSpline
210
0
220
0
230
1
 70
8
 71
1
 72
4
 73
2
 74
0
 40
0.000000000
 40
0.000000000
 40
0.424264069
 40
0.424264069
 10
147.422234444
 20
226.298876987
 30
3.000000000
 10
147.393718651
 20
226.327391517
 30
3.000000000
  0
SPLINE
  5
122B
330
A02
100
AcDbEntity
  8
Shape2DView
100
AcDbSpline
210
0
220
0
230
1
 70
8
 71
1
 72
4
 73
2
 74
0
 40
0.000000000
 40
0.000000000
 40
0.424264069
 40
0.424264069
 10
147.393718651
 20
226.327391517
 30
3.000000000
 10
147.365202859
 20
226.355906047
 30
3.000000000
  0
SPLINE
  5
122C
330
A02
100
AcDbEntity
  8
Shape2DView
100
AcDbSpline
210
0
220
0
230
1
 70
8
 71
1
 72
4
 73
2
 74
0
 40
0.000000000
 40
0.000000000
 40
0.424264069
 40
0.424264069
 10
147.365202859
 20
226.355906047
 30
3.000000000
 10
147.336687066
 20
226.384420578
 30
3.000000000
  0
SPLINE
  5
122D
330
A02
100
AcDbEntity
  8
Shape2DView
100
AcDbSpline
210
0
220
0
230
1
 70
8
 71
1
 72
4
 73
2
 74
0
 40
0.000000000
 40
0.000000000
 40
0.360555128
 40
0.360555128
 10
147.336687066
 20
226.384420578
 30
3.000000000
 10
147.308170172
 20
226.403430264
 30
3.000000000
  0
SPLINE
  5
122E
330
A02
100
AcDbEntity
  8
Shape2DView
100
AcDbSpline
210
0
220
0
230
1
 70
8
 71
1
 72
4
 73
2
 74
0
 40
0.000000000
 40
0.000000000
 40
0.282842712
 40
0.282842712
 10
147.308170172
 20
226.403430264
 30
3.000000000
 10
147.289159644
 20
226.422439951
 30
3.000000000
  0
SPLINE
  5
122F
330
A02
100
AcDbEntity
  8
Shape2DView
100
AcDbSpline
210
0
220
0
230
1
 70
8
 71
1
 72
4
 73
2
 74
0
 40
0.000000000
 40
0.000000000
 40
0.500000000
 40
0.500000000
 10
147.289159644
 20
226.422439951
 30
3.000000000
 10
147.251137486
 20
226.450954481
 30
3.000000000
  0
SPLINE
  5
1230
330
A02
100
AcDbEntity
  8
Shape2DView
100
AcDbSpline
210
0
220
0
230
1
 70
8
 71
1
 72
4
 73
2
 74
0
 40
0.000000000
 40
0.000000000
 40
0.360555128
 40
0.360555128
 10
147.251137486
 20
226.450954481
 30
3.000000000
 10
147.222620592
 20
226.469964168
 30
3.000000000
  0
SPLINE
  5
1231
330
A02
100
AcDbEntity
  8
Shape2DView
100
AcDbSpline
210
0
220
0
230
1
 70
8
 71
1
 72
4
 73
2
 74
0
 40
0.000000000
 40
0.000000000
 40
0.316227766
 40
0.316227766
 10
147.222620592
 20
226.469964168
 30
3.000000000
 10
147.194102596
 20
226.479469012
 30
3.000000000
  0
SPLINE
  5
1232
330
A02
100
AcDbEntity
  8
Shape2DView
100
AcDbSpline
210
0
220
0
230
1
 70
8
 71
1
 72
4
 73
2
 74
0
 40
0.000000000
 40
0.000000000
 40
0.360555128
 40
0.360555128
 10
147.194102596
 20
226.479469012
 30
3.000000000
 10
147.165585702
 20
226.498478699
 30
3.000000000
  0
SPLINE
  5
1233
330
A02
100
AcDbEntity
  8
Shape2DView
100
AcDbSpline
210
0
220
0
230
1
 70
8
 71
1
 72
4
 73
2
 74
0
 40
0.000000000
 40
0.000000000
 40
0.316227766
 40
0.316227766
 10
147.165585702
 20
226.498478699
 30
3.000000000
 10
147.137067707
 20
226.507983542
 30
3.000000000
  0
SPLINE
  5
1234
330
A02
100
AcDbEntity
  8
Shape2DView
100
AcDbSpline
210
0
220
0
230
1
 70
8
 71
1
 72
4
 73
2
 74
0
 40
0.000000000
 40
0.000000000
 40
0.100000000
 40
0.100000000
 10
147.137067707
 20
226.507983542
 30
3.000000000
 10
147.127561341
 20
226.507983542
 30
3.000000000
  0
SPLINE
  5
1235
330
A02
100
AcDbEntity
  8
Shape2DView
100
AcDbSpline
210
0
220
0
230
1
 70
8
 71
1
 72
4
 73
2
 74
0
 40
0.000000000
 40
0.000000000
 40
0.141421356
 40
0.141421356
 10
147.127561341
 20
226.507983542
 30
3.000000000
 10
147.118053874
 20
226.498478699
 30
3.000000000
  0
SPLINE
  5
1236
330
A02
100
AcDbEntity
  8
Shape2DView
100
AcDbSpline
210
0
220
0
230
1
 70
8
 71
1
 72
4
 73
2
 74
0
 40
0.000000000
 40
0.000000000
 40
0.200000000
 40
0.200000000
 10
147.118053874
 20
226.498478699
 30
3.000000000
 10
147.099041143
 20
226.498478699
 30
3.000000000
  0
SPLINE
  5
1237
330
A02
100
AcDbEntity
  8
Shape2DView
100
AcDbSpline
210
0
220
0
230
1
 70
8
 71
1
 72
4
 73
2
 74
0
 40
0.000000000
 40
0.000000000
 40
0.100000000
 40
0.100000000
 10
147.099041143
 20
226.498478699
 30
3.000000000
 10
147.089534777
 20
226.498478699
 30
3.000000000
  0
SPLINE
  5
1238
330
A02
100
AcDbEntity
  8
Shape2DView
100
AcDbSpline
210
0
220
0
230
1
 70
8
 71
1
 72
4
 73
2
 74
0
 40
0.000000000
 40
0.000000000
 40
0.100000000
 40
0.100000000
 10
147.089534777
 20
226.498478699
 30
3.000000000
 10
147.080028412
 20
226.498478699
 30
3.000000000
  0
SPLINE
  5
1239
330
A02
100
AcDbEntity
  8
Shape2DView
100
AcDbSpline
210
0
220
0
230
1
 70
8
 71
1
 72
4
 73
2
 74
0
 40
0.000000000
 40
0.000000000
 40
0.100000000
 40
0.100000000
 10
147.080028412
 20
226.498478699
 30
3.000000000
 10
147.070522046
 20
226.498478699
 30
3.000000000
  0
SPLINE
  5
123A
330
A02
100
AcDbEntity
  8
Shape2DView
100
AcDbSpline
210
0
220
0
230
1
 70
8
 71
1
 72
4
 73
2
 74
0
 40
0.000000000
 40
0.000000000
 40
0.200000000
 40
0.200000000
 10
147.070522046
 20
226.498478699
 30
3.000000000
 10
147.051509315
 20
226.498478699
 30
3.000000000
  0
SPLINE
  5
123B
330
A02
100
AcDbEntity
  8
Shape2DView
100
AcDbSpline
210
0
220
0
230
1
 70
8
 71
1
 72
4
 73
2
 74
0
 40
0.000000000
 40
0.000000000
 40
0.100000000
 40
0.100000000
 10
147.051509315
 20
226.498478699
 30
3.000000000
 10
147.042002949
 20
226.498478699
 30
3.000000000
  0
SPLINE
  5
123C
330
A02
100
AcDbEntity
  8
Shape2DView
100
AcDbSpline
210
0
220
0
230
1
 70
8
 71
1
 72
4
 73
2
 74
0
 40
0.000000000
 40
0.000000000
 40
0.100000000
 40
0.100000000
 10
147.042002949
 20
226.498478699
 30
3.000000000
 10
147.032496583
 20
226.498478699
 30
3.000000000
  0
SPLINE
  5
123D
330
A02
100
AcDbEntity
  8
Shape2DView
100
AcDbSpline
210
0
220
0
230
1
 70
8
 71
1
 72
4
 73
2
 74
0
 40
0.000000000
 40
0.000000000
 40
0.141421356
 40
0.141421356
 10
147.032496583
 20
226.498478699
 30
3.000000000
 10
147.022991319
 20
226.507983542
 30
3.000000000
  0
SPLINE
  5
123E
330
A02
100
AcDbEntity
  8
Shape2DView
100
AcDbSpline
210
0
220
0
230
1
 70
8
 71
1
 72
4
 73
2
 74
0
 40
0.000000000
 40
0.000000000
 40
0.100000000
 40
0.100000000
 10
147.022991319
 20
226.507983542
 30
3.000000000
 10
147.013484954
 20
226.507983542
 30
3.000000000
  0
SPLINE
  5
123F
330
A02
100
AcDbEntity
  8
Shape2DView
100
AcDbSpline
210
0
220
0
230
1
 70
8
 71
1
 72
4
 73
2
 74
0
 40
0.000000000
 40
0.000000000
 40
0.100000000
 40
0.100000000
 10
147.013484954
 20
226.507983542
 30
3.000000000
 10
147.003978588
 20
226.507983542
 30
3.000000000
  0
SPLINE
  5
1240
330
A02
100
AcDbEntity
  8
Shape2DView
100
AcDbSpline
210
0
220
0
230
1
 70
8
 71
1
 72
4
 73
2
 74
0
 40
0.000000000
 40
0.000000000
 40
0.100000000
 40
0.100000000
 10
147.003978588
 20
226.507983542
 30
3.000000000
 10
147.003979689
 20
226.517488385
 30
3.000000000
  0
SPLINE
  5
1241
330
A02
100
AcDbEntity
  8
Shape2DView
100
AcDbSpline
210
0
220
0
230
1
 70
8
 71
1
 72
4
 73
2
 74
0
 40
0.000000000
 40
0.000000000
 40
0.100000000
 40
0.100000000
 10
147.003979689
 20
226.517488385
 30
3.000000000
 10
146.994473324
 20
226.517488385
 30
3.000000000
  0
SPLINE
  5
1242
330
A02
100
AcDbEntity
  8
Shape2DView
100
AcDbSpline
210
0
220
0
230
1
 70
8
 71
1
 72
4
 73
2
 74
0
 40
0.000000000
 40
0.000000000
 40
0.141421356
 40
0.141421356
 10
146.994473324
 20
226.517488385
 30
3.000000000
 10
146.984968060
 20
226.526993229
 30
3.000000000
  0
SPLINE
  5
1243
330
A02
100
AcDbEntity
  8
Shape2DView
100
AcDbSpline
210
0
220
0
230
1
 70
8
 71
1
 72
4
 73
2
 74
0
 40
0.000000000
 40
0.000000000
 40
0.141421356
 40
0.141421356
 10
146.984968060
 20
226.526993229
 30
3.000000000
 10
146.975462795
 20
226.536498072
 30
3.000000000
  0
SPLINE
  5
1244
330
A02
100
AcDbEntity
  8
Shape2DView
100
AcDbSpline
210
0
220
0
230
1
 70
8
 71
1
 72
4
 73
2
 74
0
 40
0.000000000
 40
0.000000000
 40
0.100000000
 40
0.100000000
 10
146.975462795
 20
226.536498072
 30
3.000000000
 10
146.965956430
 20
226.536498072
 30
3.000000000
  0
SPLINE
  5
1245
330
A02
100
AcDbEntity
  8
Shape2DView
100
AcDbSpline
210
0
220
0
230
1
 70
8
 71
1
 72
4
 73
2
 74
0
 40
0.000000000
 40
0.000000000
 40
0.141421356
 40
0.141421356
 10
146.965956430
 20
226.536498072
 30
3.000000000
 10
146.956451166
 20
226.546002916
 30
3.000000000
  0
SPLINE
  5
1246
330
A02
100
AcDbEntity
  8
Shape2DView
100
AcDbSpline
210
0
220
0
230
1
 70
8
 71
1
 72
4
 73
2
 74
0
 40
0.000000000
 40
0.000000000
 40
0.223606798
 40
0.223606798
 10
146.956451166
 20
226.546002916
 30
3.000000000
 10
146.946947003
 20
226.565012602
 30
3.000000000
  0
SPLINE
  5
1247
330
A02
100
AcDbEntity
  8
Shape2DView
100
AcDbSpline
210
0
220
0
230
1
 70
8
 71
1
 72
4
 73
2
 74
0
 40
0.000000000
 40
0.000000000
 40
0.141421356
 40
0.141421356
 10
146.946947003
 20
226.565012602
 30
3.000000000
 10
146.937441739
 20
226.574517446
 30
3.000000000
  0
SPLINE
  5
1248
330
A02
100
AcDbEntity
  8
Shape2DView
100
AcDbSpline
210
0
220
0
230
1
 70
8
 71
1
 72
4
 73
2
 74
0
 40
0.000000000
 40
0.000000000
 40
0.100000000
 40
0.100000000
 10
146.937441739
 20
226.574517446
 30
3.000000000
 10
146.927935373
 20
226.574517446
 30
3.000000000
  0
SPLINE
  5
1249
330
A02
100
AcDbEntity
  8
Shape2DView
100
AcDbSpline
210
0
220
0
230
1
 70
8
 71
1
 72
4
 73
2
 74
0
 40
0.000000000
 40
0.000000000
 40
0.100000000
 40
0.100000000
 10
146.927935373
 20
226.574517446
 30
3.000000000
 10
146.927936475
 20
226.584022289
 30
3.000000000
  0
SPLINE
  5
124A
330
A02
100
AcDbEntity
  8
Shape2DView
100
AcDbSpline
210
0
220
0
230
1
 70
8
 71
1
 72
4
 73
2
 74
0
 40
0.000000000
 40
0.000000000
 40
0.141421356
 40
0.141421356
 10
146.927936475
 20
226.584022289
 30
3.000000000
 10
146.918431210
 20
226.593527133
 30
3.000000000
  0
SPLINE
  5
124B
330
A02
100
AcDbEntity
  8
Shape2DView
100
AcDbSpline
210
0
220
0
230
1
 70
8
 71
1
 72
4
 73
2
 74
0
 40
0.000000000
 40
0.000000000
 40
0.223606798
 40
0.223606798
 10
146.918431210
 20
226.593527133
 30
3.000000000
 10
146.908927048
 20
226.612536820
 30
3.000000000
  0
SPLINE
  5
124C
330
A02
100
AcDbEntity
  8
Shape2DView
100
AcDbSpline
210
0
220
0
230
1
 70
8
 71
1
 72
4
 73
2
 74
0
 40
0.000000000
 40
0.000000000
 40
0.141421356
 40
0.141421356
 10
146.908927048
 20
226.612536820
 30
3.000000000
 10
146.899421784
 20
226.622041663
 30
3.000000000
  0
SPLINE
  5
124D
330
A02
100
AcDbEntity
  8
Shape2DView
100
AcDbSpline
210
0
220
0
230
1
 70
8
 71
1
 72
4
 73
2
 74
0
 40
0.000000000
 40
0.000000000
 40
0.223606798
 40
0.223606798
 10
146.899421784
 20
226.622041663
 30
3.000000000
 10
146.889917621
 20
226.641051350
 30
3.000000000
  0
SPLINE
  5
124E
330
A02
100
AcDbEntity
  8
Shape2DView
100
AcDbSpline
210
0
220
0
230
1
 70
8
 71
1
 72
4
 73
2
 74
0
 40
0.000000000
 40
0.000000000
 40
0.100000000
 40
0.100000000
 10
146.889917621
 20
226.641051350
 30
3.000000000
 10
146.889918722
 20
226.650556193
 30
3.000000000
  0
SPLINE
  5
124F
330
A02
100
AcDbEntity
  8
Shape2DView
100
AcDbSpline
210
0
220
0
230
1
 70
8
 71
1
 72
4
 73
2
 74
0
 40
0.000000000
 40
0.000000000
 40
0.223606798
 40
0.223606798
 10
146.889918722
 20
226.650556193
 30
3.000000000
 10
146.880414560
 20
226.669565880
 30
3.000000000
  0
SPLINE
  5
1250
330
A02
100
AcDbEntity
  8
Shape2DView
100
AcDbSpline
210
0
220
0
230
1
 70
8
 71
1
 72
4
 73
2
 74
0
 40
0.000000000
 40
0.000000000
 40
0.223606798
 40
0.223606798
 10
146.880414560
 20
226.669565880
 30
3.000000000
 10
146.870910397
 20
226.688575567
 30
3.000000000
  0
SPLINE
  5
1251
330
A02
100
AcDbEntity
  8
Shape2DView
100
AcDbSpline
210
0
220
0
230
1
 70
8
 71
1
 72
4
 73
2
 74
0
 40
0.000000000
 40
0.000000000
 40
0.223606798
 40
0.223606798
 10
146.870910397
 20
226.688575567
 30
3.000000000
 10
146.861406234
 20
226.707585254
 30
3.000000000
  0
SPLINE
  5
1252
330
A02
100
AcDbEntity
  8
Shape2DView
100
AcDbSpline
210
0
220
0
230
1
 70
8
 71
1
 72
4
 73
2
 74
0
 40
0.000000000
 40
0.000000000
 40
0.100000000
 40
0.100000000
 10
146.861406234
 20
226.707585254
 30
3.000000000
 10
146.861407336
 20
226.717090097
 30
3.000000000
  0
SPLINE
  5
1253
330
A02
100
AcDbEntity
  8
Shape2DView
100
AcDbSpline
210
0
220
0
230
1
 70
8
 71
1
 72
4
 73
2
 74
0
 40
0.000000000
 40
0.000000000
 40
0.100000000
 40
0.100000000
 10
146.861407336
 20
226.717090097
 30
3.000000000
 10
146.861408437
 20
226.726594941
 30
3.000000000
  0
SPLINE
  5
1254
330
A02
100
AcDbEntity
  8
Shape2DView
100
AcDbSpline
210
0
220
0
230
1
 70
8
 71
1
 72
4
 73
2
 74
0
 40
0.000000000
 40
0.000000000
 40
0.223606798
 40
0.223606798
 10
146.861408437
 20
226.726594941
 30
3.000000000
 10
146.851904274
 20
226.745604627
 30
3.000000000
  0
SPLINE
  5
1255
330
A02
100
AcDbEntity
  8
Shape2DView
100
AcDbSpline
210
0
220
0
230
1
 70
8
 71
1
 72
4
 73
2
 74
0
 40
0.000000000
 40
0.000000000
 40
0.223606798
 40
0.223606798
 10
146.851904274
 20
226.745604627
 30
3.000000000
 10
146.842400112
 20
226.764614314
 30
3.000000000
  0
SPLINE
  5
1256
330
A02
100
AcDbEntity
  8
Shape2DView
100
AcDbSpline
210
0
220
0
230
1
 70
8
 71
1
 72
4
 73
2
 74
0
 40
0.000000000
 40
0.000000000
 40
0.300000000
 40
0.300000000
 10
146.842400112
 20
226.764614314
 30
3.000000000
 10
146.842403416
 20
226.793128844
 30
3.000000000
  0
SPLINE
  5
1257
330
A02
100
AcDbEntity
  8
Shape2DView
100
AcDbSpline
210
0
220
0
230
1
 70
8
 71
1
 72
4
 73
2
 74
0
 40
0.000000000
 40
0.000000000
 40
0.223606798
 40
0.223606798
 10
146.842403416
 20
226.793128844
 30
3.000000000
 10
146.832899253
 20
226.812138531
 30
3.000000000
  0
SPLINE
  5
1258
330
A02
100
AcDbEntity
  8
Shape2DView
100
AcDbSpline
210
0
220
0
230
1
 70
8
 71
1
 72
4
 73
2
 74
0
 40
0.000000000
 40
0.000000000
 40
3.324154028
 40
3.324154028
 10
146.832899253
 20
226.812138531
 30
3.000000000
 10
146.614279279
 20
227.040254773
 30
3.000000000
  0
SPLINE
  5
1259
330
A02
100
AcDbEntity
  8
Shape2DView
100
AcDbSpline
210
0
220
0
230
1
 70
8
 71
1
 72
4
 73
2
 74
0
 40
0.000000000
 40
0.000000000
 40
0.223606798
 40
0.223606798
 10
146.614279279
 20
227.040254773
 30
3.000000000
 10
146.595265446
 20
227.030749930
 30
3.000000000
  0
SPLINE
  5
125A
330
A02
100
AcDbEntity
  8
Shape2DView
100
AcDbSpline
210
0
220
0
230
1
 70
8
 71
1
 72
4
 73
2
 74
0
 40
0.000000000
 40
0.000000000
 40
0.316227766
 40
0.316227766
 10
146.595265446
 20
227.030749930
 30
3.000000000
 10
146.566745248
 20
227.021245086
 30
3.000000000
  0
SPLINE
  5
125B
330
A02
100
AcDbEntity
  8
Shape2DView
100
AcDbSpline
210
0
220
0
230
1
 70
8
 71
1
 72
4
 73
2
 74
0
 40
0.000000000
 40
0.000000000
 40
0.223606798
 40
0.223606798
 10
146.566745248
 20
227.021245086
 30
3.000000000
 10
146.547731415
 20
227.011740243
 30
3.000000000
  0
SPLINE
  5
125C
330
A02
100
AcDbEntity
  8
Shape2DView
100
AcDbSpline
210
0
220
0
230
1
 70
8
 71
1
 72
4
 73
2
 74
0
 40
0.000000000
 40
0.000000000
 40
0.300000000
 40
0.300000000
 10
146.547731415
 20
227.011740243
 30
3.000000000
 10
146.519212318
 20
227.011740243
 30
3.000000000
  0
SPLINE
  5
125D
330
A02
100
AcDbEntity
  8
Shape2DView
100
AcDbSpline
210
0
220
0
230
1
 70
8
 71
1
 72
4
 73
2
 74
0
 40
0.000000000
 40
0.000000000
 40
0.223606798
 40
0.223606798
 10
146.519212318
 20
227.011740243
 30
3.000000000
 10
146.500198485
 20
227.002235400
 30
3.000000000
  0
SPLINE
  5
125E
330
A02
100
AcDbEntity
  8
Shape2DView
100
AcDbSpline
210
0
220
0
230
1
 70
8
 71
1
 72
4
 73
2
 74
0
 40
0.000000000
 40
0.000000000
 40
0.223606798
 40
0.223606798
 10
146.500198485
 20
227.002235400
 30
3.000000000
 10
146.481184653
 20
226.992730556
 30
3.000000000
  0
SPLINE
  5
125F
330
A02
100
AcDbEntity
  8
Shape2DView
100
AcDbSpline
210
0
220
0
230
1
 70
8
 71
1
 72
4
 73
2
 74
0
 40
0.000000000
 40
0.000000000
 40
0.223606798
 40
0.223606798
 10
146.481184653
 20
226.992730556
 30
3.000000000
 10
146.462170820
 20
226.983225713
 30
3.000000000
  0
SPLINE
  5
1260
330
A02
100
AcDbEntity
  8
Shape2DView
100
AcDbSpline
210
0
220
0
230
1
 70
8
 71
1
 72
4
 73
2
 74
0
 40
0.000000000
 40
0.000000000
 40
0.223606798
 40
0.223606798
 10
146.462170820
 20
226.983225713
 30
3.000000000
 10
146.443156987
 20
226.973720869
 30
3.000000000
  0
SPLINE
  5
1261
330
A02
100
AcDbEntity
  8
Shape2DView
100
AcDbSpline
210
0
220
0
230
1
 70
8
 71
1
 72
4
 73
2
 74
0
 40
0.000000000
 40
0.000000000
 40
0.223606798
 40
0.223606798
 10
146.443156987
 20
226.973720869
 30
3.000000000
 10
146.424143155
 20
226.964216026
 30
3.000000000
  0
SPLINE
  5
1262
330
A02
100
AcDbEntity
  8
Shape2DView
100
AcDbSpline
210
0
220
0
230
1
 70
8
 71
1
 72
4
 73
2
 74
0
 40
0.000000000
 40
0.000000000
 40
0.223606798
 40
0.223606798
 10
146.424143155
 20
226.964216026
 30
3.000000000
 10
146.405129322
 20
226.954711183
 30
3.000000000
  0
SPLINE
  5
1263
330
A02
100
AcDbEntity
  8
Shape2DView
100
AcDbSpline
210
0
220
0
230
1
 70
8
 71
1
 72
4
 73
2
 74
0
 40
0.000000000
 40
0.000000000
 40
0.141421356
 40
0.141421356
 10
146.405129322
 20
226.954711183
 30
3.000000000
 10
146.395621855
 20
226.945206339
 30
3.000000000
  0
SPLINE
  5
1264
330
A02
100
AcDbEntity
  8
Shape2DView
100
AcDbSpline
210
0
220
0
230
1
 70
8
 71
1
 72
4
 73
2
 74
0
 40
0.000000000
 40
0.000000000
 40
0.223606798
 40
0.223606798
 10
146.395621855
 20
226.945206339
 30
3.000000000
 10
146.376608022
 20
226.935701496
 30
3.000000000
  0
SPLINE
  5
1265
330
A02
100
AcDbEntity
  8
Shape2DView
100
AcDbSpline
210
0
220
0
230
1
 70
8
 71
1
 72
4
 73
2
 74
0
 40
0.000000000
 40
0.000000000
 40
0.141421356
 40
0.141421356
 10
146.376608022
 20
226.935701496
 30
3.000000000
 10
146.367100555
 20
226.926196652
 30
3.000000000
  0
SPLINE
  5
1266
330
A02
100
AcDbEntity
  8
Shape2DView
100
AcDbSpline
210
0
220
0
230
1
 70
8
 71
1
 72
4
 73
2
 74
0
 40
0.000000000
 40
0.000000000
 40
0.223606798
 40
0.223606798
 10
146.367100555
 20
226.926196652
 30
3.000000000
 10
146.357591986
 20
226.907186965
 30
3.000000000
  0
SPLINE
  5
1267
330
A02
100
AcDbEntity
  8
Shape2DView
100
AcDbSpline
210
0
220
0
230
1
 70
8
 71
1
 72
4
 73
2
 74
0
 40
0.000000000
 40
0.000000000
 40
0.223606798
 40
0.223606798
 10
146.357591986
 20
226.907186965
 30
3.000000000
 10
146.338578154
 20
226.897682122
 30
3.000000000
  0
SPLINE
  5
1268
330
A02
100
AcDbEntity
  8
Shape2DView
100
AcDbSpline
210
0
220
0
230
1
 70
8
 71
1
 72
4
 73
2
 74
0
 40
0.000000000
 40
0.000000000
 40
0.141421356
 40
0.141421356
 10
146.338578154
 20
226.897682122
 30
3.000000000
 10
146.329070687
 20
226.888177279
 30
3.000000000
  0
SPLINE
  5
1269
330
A02
100
AcDbEntity
  8
Shape2DView
100
AcDbSpline
210
0
220
0
230
1
 70
8
 71
1
 72
4
 73
2
 74
0
 40
0.000000000
 40
0.000000000
 40
0.223606798
 40
0.223606798
 10
146.329070687
 20
226.888177279
 30
3.000000000
 10
146.319562118
 20
226.869167592
 30
3.000000000
  0
SPLINE
  5
126A
330
A02
100
AcDbEntity
  8
Shape2DView
100
AcDbSpline
210
0
220
0
230
1
 70
8
 71
1
 72
4
 73
2
 74
0
 40
0.000000000
 40
0.000000000
 40
0.223606798
 40
0.223606798
 10
146.319562118
 20
226.869167592
 30
3.000000000
 10
146.310053550
 20
226.850157905
 30
3.000000000
  0
SPLINE
  5
126B
330
A02
100
AcDbEntity
  8
Shape2DView
100
AcDbSpline
210
0
220
0
230
1
 70
8
 71
1
 72
4
 73
2
 74
0
 40
0.000000000
 40
0.000000000
 40
0.141421356
 40
0.141421356
 10
146.310053550
 20
226.850157905
 30
3.000000000
 10
146.300546082
 20
226.840653062
 30
3.000000000
  0
SPLINE
  5
126C
330
A02
100
AcDbEntity
  8
Shape2DView
100
AcDbSpline
210
0
220
0
230
1
 70
8
 71
1
 72
4
 73
2
 74
0
 40
0.000000000
 40
0.000000000
 40
0.223606798
 40
0.223606798
 10
146.300546082
 20
226.840653062
 30
3.000000000
 10
146.291037514
 20
226.821643375
 30
3.000000000
  0
SPLINE
  5
126D
330
A02
100
AcDbEntity
  8
Shape2DView
100
AcDbSpline
210
0
220
0
230
1
 70
8
 71
1
 72
4
 73
2
 74
0
 40
0.000000000
 40
0.000000000
 40
0.223606798
 40
0.223606798
 10
146.291037514
 20
226.821643375
 30
3.000000000
 10
146.281528945
 20
226.802633688
 30
3.000000000
  0
SPLINE
  5
126E
330
A02
100
AcDbEntity
  8
Shape2DView
100
AcDbSpline
210
0
220
0
230
1
 70
8
 71
1
 72
4
 73
2
 74
0
 40
0.000000000
 40
0.000000000
 40
0.200000000
 40
0.200000000
 10
146.281528945
 20
226.802633688
 30
3.000000000
 10
146.281526742
 20
226.783624001
 30
3.000000000
  0
SPLINE
  5
126F
330
A02
100
AcDbEntity
  8
Shape2DView
100
AcDbSpline
210
0
220
0
230
1
 70
8
 71
1
 72
4
 73
2
 74
0
 40
0.000000000
 40
0.000000000
 40
0.223606798
 40
0.223606798
 10
146.281526742
 20
226.783624001
 30
3.000000000
 10
146.272018174
 20
226.764614314
 30
3.000000000
  0
SPLINE
  5
1270
330
A02
100
AcDbEntity
  8
Shape2DView
100
AcDbSpline
210
0
220
0
230
1
 70
8
 71
1
 72
4
 73
2
 74
0
 40
0.000000000
 40
0.000000000
 40
0.300000000
 40
0.300000000
 10
146.272018174
 20
226.764614314
 30
3.000000000
 10
146.272014869
 20
226.736099784
 30
3.000000000
  0
SPLINE
  5
1271
330
A02
100
AcDbEntity
  8
Shape2DView
100
AcDbSpline
210
0
220
0
230
1
 70
8
 71
1
 72
4
 73
2
 74
0
 40
0.000000000
 40
0.000000000
 40
3.220248438
 40
3.220248438
 10
146.272014869
 20
226.736099784
 30
3.000000000
 10
146.452607179
 20
226.488973855
 30
3.000000000
  0
SPLINE
  5
1272
330
A02
100
AcDbEntity
  8
Shape2DView
100
AcDbSpline
210
0
220
0
230
1
 70
8
 71
1
 72
4
 73
2
 74
0
 40
0.000000000
 40
0.000000000
 40
0.223606798
 40
0.223606798
 10
146.452607179
 20
226.488973855
 30
3.000000000
 10
146.471618808
 20
226.479469012
 30
3.000000000
  0
SPLINE
  5
1273
330
A02
100
AcDbEntity
  8
Shape2DView
100
AcDbSpline
210
0
220
0
230
1
 70
8
 71
1
 72
4
 73
2
 74
0
 40
0.000000000
 40
0.000000000
 40
0.300000000
 40
0.300000000
 10
146.471618808
 20
226.479469012
 30
3.000000000
 10
146.500137905
 20
226.479469012
 30
3.000000000
  0
SPLINE
  5
1274
330
A02
100
AcDbEntity
  8
Shape2DView
100
AcDbSpline
210
0
220
0
230
1
 70
8
 71
1
 72
4
 73
2
 74
0
 40
0.000000000
 40
0.000000000
 40
0.223606798
 40
0.223606798
 10
146.500137905
 20
226.479469012
 30
3.000000000
 10
146.519149535
 20
226.469964168
 30
3.000000000
  0
SPLINE
  5
1275
330
A02
100
AcDbEntity
  8
Shape2DView
100
AcDbSpline
210
0
220
0
230
1
 70
8
 71
1
 72
4
 73
2
 74
0
 40
0.000000000
 40
0.000000000
 40
0.200000000
 40
0.200000000
 10
146.519149535
 20
226.469964168
 30
3.000000000
 10
146.538162266
 20
226.469964168
 30
3.000000000
  0
SPLINE
  5
1276
330
A02
100
AcDbEntity
  8
Shape2DView
100
AcDbSpline
210
0
220
0
230
1
 70
8
 71
1
 72
4
 73
2
 74
0
 40
0.000000000
 40
0.000000000
 40
0.447213595
 40
0.447213595
 10
146.538162266
 20
226.469964168
 30
3.000000000
 10
146.576185526
 20
226.450954481
 30
3.000000000
  0
SPLINE
  5
1277
330
A02
100
AcDbEntity
  8
Shape2DView
100
AcDbSpline
210
0
220
0
230
1
 70
8
 71
1
 72
4
 73
2
 74
0
 40
0.000000000
 40
0.000000000
 40
0.447213595
 40
0.447213595
 10
146.576185526
 20
226.450954481
 30
3.000000000
 10
146.614208785
 20
226.431944795
 30
3.000000000
  0
SPLINE
  5
1278
330
A02
100
AcDbEntity
  8
Shape2DView
100
AcDbSpline
210
0
220
0
230
1
 70
8
 71
1
 72
4
 73
2
 74
0
 40
0.000000000
 40
0.000000000
 40
0.447213595
 40
0.447213595
 10
146.614208785
 20
226.431944795
 30
3.000000000
 10
146.652232045
 20
226.412935108
 30
3.000000000
  0
SPLINE
  5
1279
330
A02
100
AcDbEntity
  8
Shape2DView
100
AcDbSpline
210
0
220
0
230
1
 70
8
 71
1
 72
4
 73
2
 74
0
 40
0.000000000
 40
0.000000000
 40
0.360555128
 40
0.360555128
 10
146.652232045
 20
226.412935108
 30
3.000000000
 10
146.680748939
 20
226.393925421
 30
3.000000000
  0
SPLINE
  5
127A
330
A02
100
AcDbEntity
  8
Shape2DView
100
AcDbSpline
210
0
220
0
230
1
 70
8
 71
1
 72
4
 73
2
 74
0
 40
0.000000000
 40
0.000000000
 40
0.223606798
 40
0.223606798
 10
146.680748939
 20
226.393925421
 30
3.000000000
 10
146.690253102
 20
226.374915734
 30
3.000000000
  0
SPLINE
  5
127B
330
A02
100
AcDbEntity
  8
Shape2DView
100
AcDbSpline
210
0
220
0
230
1
 70
8
 71
1
 72
4
 73
2
 74
0
 40
0.000000000
 40
0.000000000
 40
0.141421356
 40
0.141421356
 10
146.690253102
 20
226.374915734
 30
3.000000000
 10
146.699758366
 20
226.365410891
 30
3.000000000
  0
SPLINE
  5
127C
330
A02
100
AcDbEntity
  8
Shape2DView
100
AcDbSpline
210
0
220
0
230
1
 70
8
 71
1
 72
4
 73
2
 74
0
 40
0.000000000
 40
0.000000000
 40
0.282842712
 40
0.282842712
 10
146.699758366
 20
226.365410891
 30
3.000000000
 10
146.718768894
 20
226.346401204
 30
3.000000000
  0
SPLINE
  5
127D
330
A02
100
AcDbEntity
  8
Shape2DView
100
AcDbSpline
210
0
220
0
230
1
 70
8
 71
1
 72
4
 73
2
 74
0
 40
0.000000000
 40
0.000000000
 40
0.141421356
 40
0.141421356
 10
146.718768894
 20
226.346401204
 30
3.000000000
 10
146.728274158
 20
226.336896360
 30
3.000000000
  0
SPLINE
  5
127E
330
A02
100
AcDbEntity
  8
Shape2DView
100
AcDbSpline
210
0
220
0
230
1
 70
8
 71
1
 72
4
 73
2
 74
0
 40
0.000000000
 40
0.000000000
 40
0.223606798
 40
0.223606798
 10
146.728274158
 20
226.336896360
 30
3.000000000
 10
146.737778321
 20
226.317886674
 30
3.000000000
  0
SPLINE
  5
127F
330
A02
100
AcDbEntity
  8
Shape2DView
100
AcDbSpline
210
0
220
0
230
1
 70
8
 71
1
 72
4
 73
2
 74
0
 40
0.000000000
 40
0.000000000
 40
0.223606798
 40
0.223606798
 10
146.737778321
 20
226.317886674
 30
3.000000000
 10
146.747282484
 20
226.298876987
 30
3.000000000
  0
SPLINE
  5
1280
330
A02
100
AcDbEntity
  8
Shape2DView
100
AcDbSpline
210
0
220
0
230
1
 70
8
 71
1
 72
4
 73
2
 74
0
 40
0.000000000
 40
0.000000000
 40
0.200000000
 40
0.200000000
 10
146.747282484
 20
226.298876987
 30
3.000000000
 10
146.747280281
 20
226.279867300
 30
3.000000000
  0
SPLINE
  5
1281
330
A02
100
AcDbEntity
  8
Shape2DView
100
AcDbSpline
210
0
220
0
230
1
 70
8
 71
1
 72
4
 73
2
 74
0
 40
0.000000000
 40
0.000000000
 40
0.223606798
 40
0.223606798
 10
146.747280281
 20
226.279867300
 30
3.000000000
 10
146.756784444
 20
226.260857613
 30
3.000000000
  0
SPLINE
  5
1282
330
A02
100
AcDbEntity
  8
Shape2DView
100
AcDbSpline
210
0
220
0
230
1
 70
8
 71
1
 72
4
 73
2
 74
0
 40
0.000000000
 40
0.000000000
 40
0.141421356
 40
0.141421356
 10
146.756784444
 20
226.260857613
 30
3.000000000
 10
146.766289708
 20
226.251352770
 30
3.000000000
  0
SPLINE
  5
1283
330
A02
100
AcDbEntity
  8
Shape2DView
100
AcDbSpline
210
0
220
0
230
1
 70
8
 71
1
 72
4
 73
2
 74
0
 40
0.000000000
 40
0.000000000
 40
0.300000000
 40
0.300000000
 10
146.766289708
 20
226.251352770
 30
3.000000000
 10
146.766286403
 20
226.222838239
 30
3.000000000
  0
SPLINE
  5
1284
330
A02
100
AcDbEntity
  8
Shape2DView
100
AcDbSpline
210
0
220
0
230
1
 70
8
 71
1
 72
4
 73
2
 74
0
 40
0.000000000
 40
0.000000000
 40
0.223606798
 40
0.223606798
 10
146.766286403
 20
226.222838239
 30
3.000000000
 10
146.775790566
 20
226.203828553
 30
3.000000000
  0
SPLINE
  5
1285
330
A02
100
AcDbEntity
  8
Shape2DView
100
AcDbSpline
210
0
220
0
230
1
 70
8
 71
1
 72
4
 73
2
 74
0
 40
0.000000000
 40
0.000000000
 40
0.200000000
 40
0.200000000
 10
146.775790566
 20
226.203828553
 30
3.000000000
 10
146.775788363
 20
226.184818866
 30
3.000000000
  0
SPLINE
  5
1286
330
A02
100
AcDbEntity
  8
Shape2DView
100
AcDbSpline
210
0
220
0
230
1
 70
8
 71
1
 72
4
 73
2
 74
0
 40
0.000000000
 40
0.000000000
 40
0.223606798
 40
0.223606798
 10
146.775788363
 20
226.184818866
 30
3.000000000
 10
146.785292526
 20
226.165809179
 30
3.000000000
  0
SPLINE
  5
1287
330
A02
100
AcDbEntity
  8
Shape2DView
100
AcDbSpline
210
0
220
0
230
1
 70
8
 71
1
 72
4
 73
2
 74
0
 40
0.000000000
 40
0.000000000
 40
0.300000000
 40
0.300000000
 10
146.785292526
 20
226.165809179
 30
3.000000000
 10
146.785289222
 20
226.137294649
 30
3.000000000
  0
SPLINE
  5
1288
330
A02
100
AcDbEntity
  8
Shape2DView
100
AcDbSpline
210
0
220
0
230
1
 70
8
 71
1
 72
4
 73
2
 74
0
 40
0.000000000
 40
0.000000000
 40
0.200000000
 40
0.200000000
 10
146.785289222
 20
226.137294649
 30
3.000000000
 10
146.785287019
 20
226.118284962
 30
3.000000000
  0
SPLINE
  5
1289
330
A02
100
AcDbEntity
  8
Shape2DView
100
AcDbSpline
210
0
220
0
230
1
 70
8
 71
1
 72
4
 73
2
 74
0
 40
0.000000000
 40
0.000000000
 40
0.300000000
 40
0.300000000
 10
146.785287019
 20
226.118284962
 30
3.000000000
 10
146.785283714
 20
226.089770432
 30
3.000000000
  0
SPLINE
  5
128A
330
A02
100
AcDbEntity
  8
Shape2DView
100
AcDbSpline
210
0
220
0
230
1
 70
8
 71
1
 72
4
 73
2
 74
0
 40
0.000000000
 40
0.000000000
 40
0.500000000
 40
0.500000000
 10
146.785283714
 20
226.089770432
 30
3.000000000
 10
146.785278207
 20
226.042246215
 30
3.000000000
  0
SPLINE
  5
128B
330
A02
100
AcDbEntity
  8
Shape2DView
100
AcDbSpline
210
0
220
0
230
1
 70
8
 71
1
 72
4
 73
2
 74
0
 40
0.000000000
 40
0.000000000
 40
0.608276253
 40
0.608276253
 10
146.785278207
 20
226.042246215
 30
3.000000000
 10
146.775765233
 20
225.985217154
 30
3.000000000
  0
SPLINE
  5
128C
330
A02
100
AcDbEntity
  8
Shape2DView
100
AcDbSpline
210
0
220
0
230
1
 70
8
 71
1
 72
4
 73
2
 74
0
 40
0.000000000
 40
0.000000000
 40
0.223606798
 40
0.223606798
 10
146.775765233
 20
225.985217154
 30
3.000000000
 10
146.756751400
 20
225.975712311
 30
3.000000000
  0
SPLINE
  5
128D
330
A02
100
AcDbEntity
  8
Shape2DView
100
AcDbSpline
210
0
220
0
230
1
 70
8
 71
1
 72
4
 73
2
 74
0
 40
0.000000000
 40
0.000000000
 40
0.141421356
 40
0.141421356
 10
146.756751400
 20
225.975712311
 30
3.000000000
 10
146.747243933
 20
225.966207467
 30
3.000000000
  0
SPLINE
  5
128E
330
A02
100
AcDbEntity
  8
Shape2DView
100
AcDbSpline
210
0
220
0
230
1
 70
8
 71
1
 72
4
 73
2
 74
0
 40
0.000000000
 40
0.000000000
 40
0.360555128
 40
0.360555128
 10
146.747243933
 20
225.966207467
 30
3.000000000
 10
146.718722633
 20
225.947197780
 30
3.000000000
  0
SPLINE
  5
128F
330
A02
100
AcDbEntity
  8
Shape2DView
100
AcDbSpline
210
0
220
0
230
1
 70
8
 71
1
 72
4
 73
2
 74
0
 40
0.000000000
 40
0.000000000
 40
0.223606798
 40
0.223606798
 10
146.718722633
 20
225.947197780
 30
3.000000000
 10
146.709214064
 20
225.928188094
 30
3.000000000
  0
SPLINE
  5
1290
330
A02
100
AcDbEntity
  8
Shape2DView
100
AcDbSpline
210
0
220
0
230
1
 70
8
 71
1
 72
4
 73
2
 74
0
 40
0.000000000
 40
0.000000000
 40
0.223606798
 40
0.223606798
 10
146.709214064
 20
225.928188094
 30
3.000000000
 10
146.690200232
 20
225.918683250
 30
3.000000000
  0
SPLINE
  5
1291
330
A02
100
AcDbEntity
  8
Shape2DView
100
AcDbSpline
210
0
220
0
230
1
 70
8
 71
1
 72
4
 73
2
 74
0
 40
0.000000000
 40
0.000000000
 40
0.282842712
 40
0.282842712
 10
146.690200232
 20
225.918683250
 30
3.000000000
 10
146.671185298
 20
225.899673563
 30
3.000000000
  0
SPLINE
  5
1292
330
A02
100
AcDbEntity
  8
Shape2DView
100
AcDbSpline
210
0
220
0
230
1
 70
8
 71
1
 72
4
 73
2
 74
0
 40
0.000000000
 40
0.000000000
 40
0.141421356
 40
0.141421356
 10
146.671185298
 20
225.899673563
 30
3.000000000
 10
146.661677830
 20
225.890168720
 30
3.000000000
  0
SPLINE
  5
1293
330
A02
100
AcDbEntity
  8
Shape2DView
100
AcDbSpline
210
0
220
0
230
1
 70
8
 71
1
 72
4
 73
2
 74
0
 40
0.000000000
 40
0.000000000
 40
0.141421356
 40
0.141421356
 10
146.661677830
 20
225.890168720
 30
3.000000000
 10
146.652170363
 20
225.880663877
 30
3.000000000
  0
SPLINE
  5
1294
330
A02
100
AcDbEntity
  8
Shape2DView
100
AcDbSpline
210
0
220
0
230
1
 70
8
 71
1
 72
4
 73
2
 74
0
 40
0.000000000
 40
0.000000000
 40
0.200000000
 40
0.200000000
 10
146.652170363
 20
225.880663877
 30
3.000000000
 10
146.652168160
 20
225.861654190
 30
3.000000000
  0
SPLINE
  5
1295
330
A02
100
AcDbEntity
  8
Shape2DView
100
AcDbSpline
210
0
220
0
230
1
 70
8
 71
1
 72
4
 73
2
 74
0
 40
0.000000000
 40
0.000000000
 40
0.141421356
 40
0.141421356
 10
146.652168160
 20
225.861654190
 30
3.000000000
 10
146.642660693
 20
225.852149346
 30
3.000000000
  0
SPLINE
  5
1296
330
A02
100
AcDbEntity
  8
Shape2DView
100
AcDbSpline
210
0
220
0
230
1
 70
8
 71
1
 72
4
 73
2
 74
0
 40
0.000000000
 40
0.000000000
 40
0.223606798
 40
0.223606798
 10
146.642660693
 20
225.852149346
 30
3.000000000
 10
146.633152125
 20
225.833139659
 30
3.000000000
  0
SPLINE
  5
1297
330
A02
100
AcDbEntity
  8
Shape2DView
100
AcDbSpline
210
0
220
0
230
1
 70
8
 71
1
 72
4
 73
2
 74
0
 40
0.000000000
 40
0.000000000
 40
0.200000000
 40
0.200000000
 10
146.633152125
 20
225.833139659
 30
3.000000000
 10
146.633149922
 20
225.814129973
 30
3.000000000
  0
SPLINE
  5
1298
330
A02
100
AcDbEntity
  8
Shape2DView
100
AcDbSpline
210
0
220
0
230
1
 70
8
 71
1
 72
4
 73
2
 74
0
 40
0.000000000
 40
0.000000000
 40
0.141421356
 40
0.141421356
 10
146.633149922
 20
225.814129973
 30
3.000000000
 10
146.623642455
 20
225.804625129
 30
3.000000000
  0
SPLINE
  5
1299
330
A02
100
AcDbEntity
  8
Shape2DView
100
AcDbSpline
210
0
220
0
230
1
 70
8
 71
1
 72
4
 73
2
 74
0
 40
0.000000000
 40
0.000000000
 40
1.345362405
 40
1.345362405
 10
146.623642455
 20
225.804625129
 30
3.000000000
 10
146.538074150
 20
225.709576695
 30
3.000000000
  0
SPLINE
  5
129A
330
A02
100
AcDbEntity
  8
Shape2DView
100
AcDbSpline
210
0
220
0
230
1
 70
8
 71
1
 72
4
 73
2
 74
0
 40
0.000000000
 40
0.000000000
 40
0.360555128
 40
0.360555128
 10
146.538074150
 20
225.709576695
 30
3.000000000
 10
146.509552850
 20
225.690567008
 30
3.000000000
  0
SPLINE
  5
129B
330
A02
100
AcDbEntity
  8
Shape2DView
100
AcDbSpline
210
0
220
0
230
1
 70
8
 71
1
 72
4
 73
2
 74
0
 40
0.000000000
 40
0.000000000
 40
0.141421356
 40
0.141421356
 10
146.509552850
 20
225.690567008
 30
3.000000000
 10
146.500045383
 20
225.681062165
 30
3.000000000
  0
SPLINE
  5
129C
330
A02
100
AcDbEntity
  8
Shape2DView
100
AcDbSpline
210
0
220
0
230
1
 70
8
 71
1
 72
4
 73
2
 74
0
 40
0.000000000
 40
0.000000000
 40
0.223606798
 40
0.223606798
 10
146.500045383
 20
225.681062165
 30
3.000000000
 10
146.490536814
 20
225.662052478
 30
3.000000000
  0
SPLINE
  5
129D
330
A02
100
AcDbEntity
  8
Shape2DView
100
AcDbSpline
210
0
220
0
230
1
 70
8
 71
1
 72
4
 73
2
 74
0
 40
0.000000000
 40
0.000000000
 40
0.707106781
 40
0.707106781
 10
146.490536814
 20
225.662052478
 30
3.000000000
 10
146.442999479
 20
225.614528261
 30
3.000000000
  0
SPLINE
  5
129E
330
A02
100
AcDbEntity
  8
Shape2DView
100
AcDbSpline
210
0
220
0
230
1
 70
8
 71
1
 72
4
 73
2
 74
0
 40
0.000000000
 40
0.000000000
 40
0.640312424
 40
0.640312424
 10
146.442999479
 20
225.614528261
 30
3.000000000
 10
146.395463245
 20
225.576508887
 30
3.000000000
  0
SPLINE
  5
129F
330
A02
100
AcDbEntity
  8
Shape2DView
100
AcDbSpline
210
0
220
0
230
1
 70
8
 71
1
 72
4
 73
2
 74
0
 40
0.000000000
 40
0.000000000
 40
0.707106781
 40
0.707106781
 10
146.395463245
 20
225.576508887
 30
3.000000000
 10
146.347925909
 20
225.528984670
 30
3.000000000
  0
SPLINE
  5
12A0
330
A02
100
AcDbEntity
  8
Shape2DView
100
AcDbSpline
210
0
220
0
230
1
 70
8
 71
1
 72
4
 73
2
 74
0
 40
0.000000000
 40
0.000000000
 40
0.707106781
 40
0.707106781
 10
146.347925909
 20
225.528984670
 30
3.000000000
 10
146.300388574
 20
225.481460453
 30
3.000000000
  0
SPLINE
  5
12A1
330
A02
100
AcDbEntity
  8
Shape2DView
100
AcDbSpline
210
0
220
0
230
1
 70
8
 71
1
 72
4
 73
2
 74
0
 40
0.000000000
 40
0.000000000
 40
0.282842712
 40
0.282842712
 10
146.300388574
 20
225.481460453
 30
3.000000000
 10
146.281373640
 20
225.462450766
 30
3.000000000
  0
SPLINE
  5
12A2
330
A02
100
AcDbEntity
  8
Shape2DView
100
AcDbSpline
210
0
220
0
230
1
 70
8
 71
1
 72
4
 73
2
 74
0
 40
0.000000000
 40
0.000000000
 40
0.424264069
 40
0.424264069
 10
146.281373640
 20
225.462450766
 30
3.000000000
 10
146.252851238
 20
225.433936236
 30
3.000000000
  0
SPLINE
  5
12A3
330
A02
100
AcDbEntity
  8
Shape2DView
100
AcDbSpline
210
0
220
0
230
1
 70
8
 71
1
 72
4
 73
2
 74
0
 40
0.000000000
 40
0.000000000
 40
0.565685425
 40
0.565685425
 10
146.252851238
 20
225.433936236
 30
3.000000000
 10
146.214821370
 20
225.395916862
 30
3.000000000
  0
SPLINE
  5
12A4
330
A02
100
AcDbEntity
  8
Shape2DView
100
AcDbSpline
210
0
220
0
230
1
 70
8
 71
1
 72
4
 73
2
 74
0
 40
0.000000000
 40
0.000000000
 40
0.707106781
 40
0.707106781
 10
146.214821370
 20
225.395916862
 30
3.000000000
 10
146.167284034
 20
225.348392645
 30
3.000000000
  0
SPLINE
  5
12A5
330
A02
100
AcDbEntity
  8
Shape2DView
100
AcDbSpline
210
0
220
0
230
1
 70
8
 71
1
 72
4
 73
2
 74
0
 40
0.000000000
 40
0.000000000
 40
4.252058325
 40
4.252058325
 10
146.167284034
 20
225.348392645
 30
3.000000000
 10
145.863049493
 20
225.082257030
 30
3.000000000
  0
SPLINE
  5
12A6
330
A02
100
AcDbEntity
  8
Shape2DView
100
AcDbSpline
210
0
220
0
230
1
 70
8
 71
1
 72
4
 73
2
 74
0
 40
0.000000000
 40
0.000000000
 40
1.500000000
 40
1.500000000
 10
145.863049493
 20
225.082257030
 30
3.000000000
 10
145.863032972
 20
224.939684378
 30
3.000000000
  0
SPLINE
  5
12A7
330
A02
100
AcDbEntity
  8
Shape2DView
100
AcDbSpline
210
0
220
0
230
1
 70
8
 71
1
 72
4
 73
2
 74
0
 40
0.000000000
 40
0.000000000
 40
3.330165161
 40
3.330165161
 10
145.863032972
 20
224.939684378
 30
3.000000000
 10
146.100667880
 20
224.730577823
 30
3.000000000
  0
SPLINE
  5
12A8
330
A02
100
AcDbEntity
  8
Shape2DView
100
AcDbSpline
210
0
220
0
230
1
 70
8
 71
1
 72
4
 73
2
 74
0
 40
0.000000000
 40
0.000000000
 40
0.100000000
 40
0.100000000
 10
146.100667880
 20
224.730577823
 30
3.000000000
 10
146.110174246
 20
224.730577823
 30
3.000000000
  0
SPLINE
  5
12A9
330
A02
100
AcDbEntity
  8
Shape2DView
100
AcDbSpline
210
0
220
0
230
1
 70
8
 71
1
 72
4
 73
2
 74
0
 40
0.000000000
 40
0.000000000
 40
4.468780594
 40
4.468780594
 10
146.110174246
 20
224.730577823
 30
3.000000000
 10
146.433422620
 20
225.006218282
 30
3.000000000
  0
SPLINE
  5
12AA
330
A02
100
AcDbEntity
  8
Shape2DView
100
AcDbSpline
210
0
220
0
230
1
 70
8
 71
1
 72
4
 73
2
 74
0
 40
0.000000000
 40
0.000000000
 40
1.280624847
 40
1.280624847
 10
146.433422620
 20
225.006218282
 30
3.000000000
 10
146.528495088
 20
225.082257030
 30
3.000000000
  0
SPLINE
  5
12AB
330
A02
100
AcDbEntity
  8
Shape2DView
100
AcDbSpline
210
0
220
0
230
1
 70
8
 71
1
 72
4
 73
2
 74
0
 40
0.000000000
 40
0.000000000
 40
1.280624847
 40
1.280624847
 10
146.528495088
 20
225.082257030
 30
3.000000000
 10
146.623567556
 20
225.158295777
 30
3.000000000
  0
SPLINE
  5
12AC
330
A02
100
AcDbEntity
  8
Shape2DView
100
AcDbSpline
210
0
220
0
230
1
 70
8
 71
1
 72
4
 73
2
 74
0
 40
0.000000000
 40
0.000000000
 40
1.345362405
 40
1.345362405
 10
146.623567556
 20
225.158295777
 30
3.000000000
 10
146.718641125
 20
225.243839368
 30
3.000000000
  0
SPLINE
  5
12AD
330
A02
100
AcDbEntity
  8
Shape2DView
100
AcDbSpline
210
0
220
0
230
1
 70
8
 71
1
 72
4
 73
2
 74
0
 40
0.000000000
 40
0.000000000
 40
1.360147051
 40
1.360147051
 10
146.718641125
 20
225.243839368
 30
3.000000000
 10
146.823219959
 20
225.319878115
 30
3.000000000
  0
SPLINE
  5
12AE
330
A02
100
AcDbEntity
  8
Shape2DView
100
AcDbSpline
210
0
220
0
230
1
 70
8
 71
1
 72
4
 73
2
 74
0
 40
0.000000000
 40
0.000000000
 40
1.421267040
 40
1.421267040
 10
146.823219959
 20
225.319878115
 30
3.000000000
 10
146.927799894
 20
225.405421706
 30
3.000000000
  0
SPLINE
  5
12AF
330
A02
100
AcDbEntity
  8
Shape2DView
100
AcDbSpline
210
0
220
0
230
1
 70
8
 71
1
 72
4
 73
2
 74
0
 40
0.000000000
 40
0.000000000
 40
0.100000000
 40
0.100000000
 10
146.927799894
 20
225.405421706
 30
3.000000000
 10
146.937306259
 20
225.405421706
 30
3.000000000
  0
SPLINE
  5
12B0
330
A02
100
AcDbEntity
  8
Shape2DView
100
AcDbSpline
210
0
220
0
230
1
 70
8
 71
1
 72
4
 73
2
 74
0
 40
0.000000000
 40
0.000000000
 40
0.200000000
 40
0.200000000
 10
146.937306259
 20
225.405421706
 30
3.000000000
 10
146.956318991
 20
225.405421706
 30
3.000000000
  0
SPLINE
  5
12B1
330
A02
100
AcDbEntity
  8
Shape2DView
100
AcDbSpline
210
0
220
0
230
1
 70
8
 71
1
 72
4
 73
2
 74
0
 40
0.000000000
 40
0.000000000
 40
0.100000000
 40
0.100000000
 10
146.956318991
 20
225.405421706
 30
3.000000000
 10
146.965825356
 20
225.405421706
 30
3.000000000
  0
SPLINE
  5
12B2
330
A02
100
AcDbEntity
  8
Shape2DView
100
AcDbSpline
210
0
220
0
230
1
 70
8
 71
1
 72
4
 73
2
 74
0
 40
0.000000000
 40
0.000000000
 40
0.100000000
 40
0.100000000
 10
146.965825356
 20
225.405421706
 30
3.000000000
 10
146.975331722
 20
225.405421706
 30
3.000000000
  0
SPLINE
  5
12B3
330
A02
100
AcDbEntity
  8
Shape2DView
100
AcDbSpline
210
0
220
0
230
1
 70
8
 71
1
 72
4
 73
2
 74
0
 40
0.000000000
 40
0.000000000
 40
0.200000000
 40
0.200000000
 10
146.975331722
 20
225.405421706
 30
3.000000000
 10
146.994344453
 20
225.405421706
 30
3.000000000
  0
SPLINE
  5
12B4
330
A02
100
AcDbEntity
  8
Shape2DView
100
AcDbSpline
210
0
220
0
230
1
 70
8
 71
1
 72
4
 73
2
 74
0
 40
0.000000000
 40
0.000000000
 40
0.316227766
 40
0.316227766
 10
146.994344453
 20
225.405421706
 30
3.000000000
 10
147.022864651
 20
225.414926549
 30
3.000000000
  0
SPLINE
  5
12B5
330
A02
100
AcDbEntity
  8
Shape2DView
100
AcDbSpline
210
0
220
0
230
1
 70
8
 71
1
 72
4
 73
2
 74
0
 40
0.000000000
 40
0.000000000
 40
0.200000000
 40
0.200000000
 10
147.022864651
 20
225.414926549
 30
3.000000000
 10
147.041877383
 20
225.414926549
 30
3.000000000
  0
SPLINE
  5
12B6
330
A02
100
AcDbEntity
  8
Shape2DView
100
AcDbSpline
210
0
220
0
230
1
 70
8
 71
1
 72
4
 73
2
 74
0
 40
0.000000000
 40
0.000000000
 40
0.223606798
 40
0.223606798
 10
147.041877383
 20
225.414926549
 30
3.000000000
 10
147.060891215
 20
225.424431393
 30
3.000000000
  0
SPLINE
  5
12B7
330
A02
100
AcDbEntity
  8
Shape2DView
100
AcDbSpline
210
0
220
0
230
1
 70
8
 71
1
 72
4
 73
2
 74
0
 40
0.000000000
 40
0.000000000
 40
0.200000000
 40
0.200000000
 10
147.060891215
 20
225.424431393
 30
3.000000000
 10
147.079903947
 20
225.424431393
 30
3.000000000
  0
SPLINE
  5
12B8
330
A02
100
AcDbEntity
  8
Shape2DView
100
AcDbSpline
210
0
220
0
230
1
 70
8
 71
1
 72
4
 73
2
 74
0
 40
0.000000000
 40
0.000000000
 40
0.141421356
 40
0.141421356
 10
147.079903947
 20
225.424431393
 30
3.000000000
 10
147.089411414
 20
225.433936236
 30
3.000000000
  0
SPLINE
  5
12B9
330
A02
100
AcDbEntity
  8
Shape2DView
100
AcDbSpline
210
0
220
0
230
1
 70
8
 71
1
 72
4
 73
2
 74
0
 40
0.000000000
 40
0.000000000
 40
0.100000000
 40
0.100000000
 10
147.089411414
 20
225.433936236
 30
3.000000000
 10
147.098917779
 20
225.433936236
 30
3.000000000
  0
SPLINE
  5
12BA
330
A02
100
AcDbEntity
  8
Shape2DView
100
AcDbSpline
210
0
220
0
230
1
 70
8
 71
1
 72
4
 73
2
 74
0
 40
0.000000000
 40
0.000000000
 40
0.141421356
 40
0.141421356
 10
147.098917779
 20
225.433936236
 30
3.000000000
 10
147.108425246
 20
225.443441079
 30
3.000000000
  0
SPLINE
  5
12BB
330
A02
100
AcDbEntity
  8
Shape2DView
100
AcDbSpline
210
0
220
0
230
1
 70
8
 71
1
 72
4
 73
2
 74
0
 40
0.000000000
 40
0.000000000
 40
0.316227766
 40
0.316227766
 10
147.108425246
 20
225.443441079
 30
3.000000000
 10
147.136945445
 20
225.452945923
 30
3.000000000
  0
SPLINE
  5
12BC
330
A02
100
AcDbEntity
  8
Shape2DView
100
AcDbSpline
210
0
220
0
230
1
 70
8
 71
1
 72
4
 73
2
 74
0
 40
0.000000000
 40
0.000000000
 40
0.316227766
 40
0.316227766
 10
147.136945445
 20
225.452945923
 30
3.000000000
 10
147.165465643
 20
225.462450766
 30
3.000000000
  0
SPLINE
  5
12BD
330
A02
100
AcDbEntity
  8
Shape2DView
100
AcDbSpline
210
0
220
0
230
1
 70
8
 71
1
 72
4
 73
2
 74
0
 40
0.000000000
 40
0.000000000
 40
0.316227766
 40
0.316227766
 10
147.165465643
 20
225.462450766
 30
3.000000000
 10
147.193985841
 20
225.471955610
 30
3.000000000
  0
SPLINE
  5
12BE
330
A02
100
AcDbEntity
  8
Shape2DView
100
AcDbSpline
210
0
220
0
230
1
 70
8
 71
1
 72
4
 73
2
 74
0
 40
0.000000000
 40
0.000000000
 40
0.360555128
 40
0.360555128
 10
147.193985841
 20
225.471955610
 30
3.000000000
 10
147.222507141
 20
225.490965296
 30
3.000000000
  0
SPLINE
  5
12BF
330
A02
100
AcDbEntity
  8
Shape2DView
100
AcDbSpline
210
0
220
0
230
1
 70
8
 71
1
 72
4
 73
2
 74
0
 40
0.000000000
 40
0.000000000
 40
0.200000000
 40
0.200000000
 10
147.222507141
 20
225.490965296
 30
3.000000000
 10
147.241519873
 20
225.490965296
 30
3.000000000
  0
SPLINE
  5
12C0
330
A02
100
AcDbEntity
  8
Shape2DView
100
AcDbSpline
210
0
220
0
230
1
 70
8
 71
1
 72
4
 73
2
 74
0
 40
0.000000000
 40
0.000000000
 40
0.223606798
 40
0.223606798
 10
147.241519873
 20
225.490965296
 30
3.000000000
 10
147.260533705
 20
225.500470140
 30
3.000000000
  0
SPLINE
  5
12C1
330
A02
100
AcDbEntity
  8
Shape2DView
100
AcDbSpline
210
0
220
0
230
1
 70
8
 71
1
 72
4
 73
2
 74
0
 40
0.000000000
 40
0.000000000
 40
0.360555128
 40
0.360555128
 10
147.260533705
 20
225.500470140
 30
3.000000000
 10
147.289055005
 20
225.519479827
 30
3.000000000
  0
SPLINE
  5
12C2
330
A02
100
AcDbEntity
  8
Shape2DView
100
AcDbSpline
210
0
220
0
230
1
 70
8
 71
1
 72
4
 73
2
 74
0
 40
0.000000000
 40
0.000000000
 40
0.100000000
 40
0.100000000
 10
147.289055005
 20
225.519479827
 30
3.000000000
 10
147.298561371
 20
225.519479827
 30
3.000000000
  0
SPLINE
  5
12C3
330
A02
100
AcDbEntity
  8
Shape2DView
100
AcDbSpline
210
0
220
0
230
1
 70
8
 71
1
 72
4
 73
2
 74
0
 40
0.000000000
 40
0.000000000
 40
0.141421356
 40
0.141421356
 10
147.298561371
 20
225.519479827
 30
3.000000000
 10
147.308068838
 20
225.528984670
 30
3.000000000
  0
SPLINE
  5
12C4
330
A02
100
AcDbEntity
  8
Shape2DView
100
AcDbSpline
210
0
220
0
230
1
 70
8
 71
1
 72
4
 73
2
 74
0
 40
0.000000000
 40
0.000000000
 40
0.141421356
 40
0.141421356
 10
147.308068838
 20
225.528984670
 30
3.000000000
 10
147.317576305
 20
225.538489514
 30
3.000000000
  0
SPLINE
  5
12C5
330
A02
100
AcDbEntity
  8
Shape2DView
100
AcDbSpline
210
0
220
0
230
1
 70
8
 71
1
 72
4
 73
2
 74
0
 40
0.000000000
 40
0.000000000
 40
0.200000000
 40
0.200000000
 10
147.317576305
 20
225.538489514
 30
3.000000000
 10
147.336589036
 20
225.538489514
 30
3.000000000
  0
SPLINE
  5
12C6
330
A02
100
AcDbEntity
  8
Shape2DView
100
AcDbSpline
210
0
220
0
230
1
 70
8
 71
1
 72
4
 73
2
 74
0
 40
0.000000000
 40
0.000000000
 40
0.200000000
 40
0.200000000
 10
147.336589036
 20
225.538489514
 30
3.000000000
 10
147.355601767
 20
225.538489514
 30
3.000000000
  0
SPLINE
  5
12C7
330
A02
100
AcDbEntity
  8
Shape2DView
100
AcDbSpline
210
0
220
0
230
1
 70
8
 71
1
 72
4
 73
2
 74
0
 40
0.000000000
 40
0.000000000
 40
0.100000000
 40
0.100000000
 10
147.355601767
 20
225.538489514
 30
3.000000000
 10
147.365108133
 20
225.538489514
 30
3.000000000
  0
SPLINE
  5
12C8
330
A02
100
AcDbEntity
  8
Shape2DView
100
AcDbSpline
210
0
220
0
230
1
 70
8
 71
1
 72
4
 73
2
 74
0
 40
0.000000000
 40
0.000000000
 40
0.200000000
 40
0.200000000
 10
147.365108133
 20
225.538489514
 30
3.000000000
 10
147.384120864
 20
225.538489514
 30
3.000000000
  0
SPLINE
  5
12C9
330
A02
100
AcDbEntity
  8
Shape2DView
100
AcDbSpline
210
0
220
0
230
1
 70
8
 71
1
 72
4
 73
2
 74
0
 40
0.000000000
 40
0.000000000
 40
0.100000000
 40
0.100000000
 10
147.384120864
 20
225.538489514
 30
3.000000000
 10
147.393627230
 20
225.538489514
 30
3.000000000
  0
SPLINE
  5
12CA
330
A02
100
AcDbEntity
  8
Shape2DView
100
AcDbSpline
210
0
220
0
230
1
 70
8
 71
1
 72
4
 73
2
 74
0
 40
0.000000000
 40
0.000000000
 40
0.141421356
 40
0.141421356
 10
147.393627230
 20
225.538489514
 30
3.000000000
 10
147.403132494
 20
225.528984670
 30
3.000000000
  0
SPLINE
  5
12CB
330
A02
100
AcDbEntity
  8
Shape2DView
100
AcDbSpline
210
0
220
0
230
1
 70
8
 71
1
 72
4
 73
2
 74
0
 40
0.000000000
 40
0.000000000
 40
0.223606798
 40
0.223606798
 10
147.403132494
 20
225.528984670
 30
3.000000000
 10
147.422144124
 20
225.519479827
 30
3.000000000
  0
SPLINE
  5
12CC
330
A02
100
AcDbEntity
  8
Shape2DView
100
AcDbSpline
210
0
220
0
230
1
 70
8
 71
1
 72
4
 73
2
 74
0
 40
0.000000000
 40
0.000000000
 40
0.141421356
 40
0.141421356
 10
147.422144124
 20
225.519479827
 30
3.000000000
 10
147.431649388
 20
225.509974983
 30
3.000000000
  0
SPLINE
  5
12CD
330
A02
100
AcDbEntity
  8
Shape2DView
100
AcDbSpline
210
0
220
0
230
1
 70
8
 71
1
 72
4
 73
2
 74
0
 40
0.000000000
 40
0.000000000
 40
0.141421356
 40
0.141421356
 10
147.431649388
 20
225.509974983
 30
3.000000000
 10
147.441154652
 20
225.500470140
 30
3.000000000
  0
SPLINE
  5
12CE
330
A02
100
AcDbEntity
  8
Shape2DView
100
AcDbSpline
210
0
220
0
230
1
 70
8
 71
1
 72
4
 73
2
 74
0
 40
0.000000000
 40
0.000000000
 40
0.141421356
 40
0.141421356
 10
147.441154652
 20
225.500470140
 30
3.000000000
 10
147.450659916
 20
225.490965296
 30
3.000000000
  0
SPLINE
  5
12CF
330
A02
100
AcDbEntity
  8
Shape2DView
100
AcDbSpline
210
0
220
0
230
1
 70
8
 71
1
 72
4
 73
2
 74
0
 40
0.000000000
 40
0.000000000
 40
0.223606798
 40
0.223606798
 10
147.450659916
 20
225.490965296
 30
3.000000000
 10
147.460164079
 20
225.471955610
 30
3.000000000
  0
SPLINE
  5
12D0
330
A02
100
AcDbEntity
  8
Shape2DView
100
AcDbSpline
210
0
220
0
230
1
 70
8
 71
1
 72
4
 73
2
 74
0
 40
0.000000000
 40
0.000000000
 40
0.141421356
 40
0.141421356
 10
147.460164079
 20
225.471955610
 30
3.000000000
 10
147.469669343
 20
225.462450766
 30
3.000000000
  0
SPLINE
  5
12D1
330
A02
100
AcDbEntity
  8
Shape2DView
100
AcDbSpline
210
0
220
0
230
1
 70
8
 71
1
 72
4
 73
2
 74
0
 40
0.000000000
 40
0.000000000
 40
0.223606798
 40
0.223606798
 10
147.469669343
 20
225.462450766
 30
3.000000000
 10
147.479173506
 20
225.443441079
 30
3.000000000
  0
SPLINE
  5
12D2
330
A02
100
AcDbEntity
  8
Shape2DView
100
AcDbSpline
210
0
220
0
230
1
 70
8
 71
1
 72
4
 73
2
 74
0
 40
0.000000000
 40
0.000000000
 40
0.200000000
 40
0.200000000
 10
147.479173506
 20
225.443441079
 30
3.000000000
 10
147.479171303
 20
225.424431393
 30
3.000000000
  0
SPLINE
  5
12D3
330
A02
100
AcDbEntity
  8
Shape2DView
100
AcDbSpline
210
0
220
0
230
1
 70
8
 71
1
 72
4
 73
2
 74
0
 40
0.000000000
 40
0.000000000
 40
0.316227766
 40
0.316227766
 10
147.479171303
 20
225.424431393
 30
3.000000000
 10
147.488674364
 20
225.395916862
 30
3.000000000
  0
SPLINE
  5
12D4
330
A02
100
AcDbEntity
  8
Shape2DView
100
AcDbSpline
210
0
220
0
230
1
 70
8
 71
1
 72
4
 73
2
 74
0
 40
0.000000000
 40
0.000000000
 40
0.223606798
 40
0.223606798
 10
147.488674364
 20
225.395916862
 30
3.000000000
 10
147.498178527
 20
225.376907175
 30
3.000000000
  0
SPLINE
  5
12D5
330
A02
100
AcDbEntity
  8
Shape2DView
100
AcDbSpline
210
0
220
0
230
1
 70
8
 71
1
 72
4
 73
2
 74
0
 40
0.000000000
 40
0.000000000
 40
0.500000000
 40
0.500000000
 10
147.498178527
 20
225.376907175
 30
3.000000000
 10
147.536200685
 20
225.348392645
 30
3.000000000
  0
SPLINE
  5
12D6
330
A02
100
AcDbEntity
  8
Shape2DView
100
AcDbSpline
210
0
220
0
230
1
 70
8
 71
1
 72
4
 73
2
 74
0
 40
0.000000000
 40
0.000000000
 40
0.223606798
 40
0.223606798
 10
147.536200685
 20
225.348392645
 30
3.000000000
 10
147.545704848
 20
225.329382958
 30
3.000000000
  0
SPLINE
  5
12D7
330
A02
100
AcDbEntity
  8
Shape2DView
100
AcDbSpline
210
0
220
0
230
1
 70
8
 71
1
 72
4
 73
2
 74
0
 40
0.000000000
 40
0.000000000
 40
0.282842712
 40
0.282842712
 10
147.545704848
 20
225.329382958
 30
3.000000000
 10
147.564715376
 20
225.310373272
 30
3.000000000
  0
SPLINE
  5
12D8
330
A02
100
AcDbEntity
  8
Shape2DView
100
AcDbSpline
210
0
220
0
230
1
 70
8
 71
1
 72
4
 73
2
 74
0
 40
0.000000000
 40
0.000000000
 40
0.565685425
 40
0.565685425
 10
147.564715376
 20
225.310373272
 30
3.000000000
 10
147.602736433
 20
225.272353898
 30
3.000000000
  0
SPLINE
  5
12D9
330
A02
100
AcDbEntity
  8
Shape2DView
100
AcDbSpline
210
0
220
0
230
1
 70
8
 71
1
 72
4
 73
2
 74
0
 40
0.000000000
 40
0.000000000
 40
0.500000000
 40
0.500000000
 10
147.602736433
 20
225.272353898
 30
3.000000000
 10
147.631251124
 20
225.234334524
 30
3.000000000
  0
SPLINE
  5
12DA
330
A02
100
AcDbEntity
  8
Shape2DView
100
AcDbSpline
210
0
220
0
230
1
 70
8
 71
1
 72
4
 73
2
 74
0
 40
0.000000000
 40
0.000000000
 40
0.565685425
 40
0.565685425
 10
147.631251124
 20
225.234334524
 30
3.000000000
 10
147.669272181
 20
225.196315151
 30
3.000000000
  0
SPLINE
  5
12DB
330
A02
100
AcDbEntity
  8
Shape2DView
100
AcDbSpline
210
0
220
0
230
1
 70
8
 71
1
 72
4
 73
2
 74
0
 40
0.000000000
 40
0.000000000
 40
0.500000000
 40
0.500000000
 10
147.669272181
 20
225.196315151
 30
3.000000000
 10
147.697786872
 20
225.158295777
 30
3.000000000
  0
SPLINE
  5
12DC
330
A02
100
AcDbEntity
  8
Shape2DView
100
AcDbSpline
210
0
220
0
230
1
 70
8
 71
1
 72
4
 73
2
 74
0
 40
0.000000000
 40
0.000000000
 40
0.583095189
 40
0.583095189
 10
147.697786872
 20
225.158295777
 30
3.000000000
 10
147.726300461
 20
225.110771560
 30
3.000000000
  0
SPLINE
  5
12DD
330
A02
100
AcDbEntity
  8
Shape2DView
100
AcDbSpline
210
0
220
0
230
1
 70
8
 71
1
 72
4
 73
2
 74
0
 40
0.000000000
 40
0.000000000
 40
0.282842712
 40
0.282842712
 10
147.726300461
 20
225.110771560
 30
3.000000000
 10
147.745310990
 20
225.091761873
 30
3.000000000
  0
SPLINE
  5
12DE
330
A02
100
AcDbEntity
  8
Shape2DView
100
AcDbSpline
210
0
220
0
230
1
 70
8
 71
1
 72
4
 73
2
 74
0
 40
0.000000000
 40
0.000000000
 40
0.316227766
 40
0.316227766
 10
147.745310990
 20
225.091761873
 30
3.000000000
 10
147.754814051
 20
225.063247343
 30
3.000000000
  0
SPLINE
  5
12DF
330
A02
100
AcDbEntity
  8
Shape2DView
100
AcDbSpline
210
0
220
0
230
1
 70
8
 71
1
 72
4
 73
2
 74
0
 40
0.000000000
 40
0.000000000
 40
0.583095189
 40
0.583095189
 10
147.754814051
 20
225.063247343
 30
3.000000000
 10
147.783327640
 20
225.015723126
 30
3.000000000
  0
SPLINE
  5
12E0
330
A02
100
AcDbEntity
  8
Shape2DView
100
AcDbSpline
210
0
220
0
230
1
 70
8
 71
1
 72
4
 73
2
 74
0
 40
0.000000000
 40
0.000000000
 40
0.583095189
 40
0.583095189
 10
147.783327640
 20
225.015723126
 30
3.000000000
 10
147.811841230
 20
224.968198909
 30
3.000000000
  0
SPLINE
  5
12E1
330
A02
100
AcDbEntity
  8
Shape2DView
100
AcDbSpline
210
0
220
0
230
1
 70
8
 71
1
 72
4
 73
2
 74
0
 40
0.000000000
 40
0.000000000
 40
0.583095189
 40
0.583095189
 10
147.811841230
 20
224.968198909
 30
3.000000000
 10
147.840354820
 20
224.920674691
 30
3.000000000
  0
SPLINE
  5
12E2
330
A02
100
AcDbEntity
  8
Shape2DView
100
AcDbSpline
210
0
220
0
230
1
 70
8
 71
1
 72
4
 73
2
 74
0
 40
0.000000000
 40
0.000000000
 40
0.360555128
 40
0.360555128
 10
147.840354820
 20
224.920674691
 30
3.000000000
 10
147.859364247
 20
224.892160161
 30
3.000000000
  0
SPLINE
  5
12E3
330
A02
100
AcDbEntity
  8
Shape2DView
100
AcDbSpline
210
0
220
0
230
1
 70
8
 71
1
 72
4
 73
2
 74
0
 40
0.000000000
 40
0.000000000
 40
0.316227766
 40
0.316227766
 10
147.859364247
 20
224.892160161
 30
3.000000000
 10
147.868867308
 20
224.863645631
 30
3.000000000
  0
SPLINE
  5
12E4
330
A02
100
AcDbEntity
  8
Shape2DView
100
AcDbSpline
210
0
220
0
230
1
 70
8
 71
1
 72
4
 73
2
 74
0
 40
0.000000000
 40
0.000000000
 40
0.632455532
 40
0.632455532
 10
147.868867308
 20
224.863645631
 30
3.000000000
 10
147.887873430
 20
224.806616570
 30
3.000000000
  0
SPLINE
  5
12E5
330
A02
100
AcDbEntity
  8
Shape2DView
100
AcDbSpline
210
0
220
0
230
1
 70
8
 71
1
 72
4
 73
2
 74
0
 40
0.000000000
 40
0.000000000
 40
0.670820393
 40
0.670820393
 10
147.887873430
 20
224.806616570
 30
3.000000000
 10
147.916385918
 20
224.749587510
 30
3.000000000
  0
SPLINE
  5
12E6
330
A02
100
AcDbEntity
  8
Shape2DView
100
AcDbSpline
210
0
220
0
230
1
 70
8
 71
1
 72
4
 73
2
 74
0
 40
0.000000000
 40
0.000000000
 40
0.632455532
 40
0.632455532
 10
147.916385918
 20
224.749587510
 30
3.000000000
 10
147.935392041
 20
224.692558449
 30
3.000000000
  0
SPLINE
  5
12E7
330
A02
100
AcDbEntity
  8
Shape2DView
100
AcDbSpline
210
0
220
0
230
1
 70
8
 71
1
 72
4
 73
2
 74
0
 40
0.000000000
 40
0.000000000
 40
0.670820393
 40
0.670820393
 10
147.935392041
 20
224.692558449
 30
3.000000000
 10
147.963904529
 20
224.635529389
 30
3.000000000
  0
SPLINE
  5
12E8
330
A02
100
AcDbEntity
  8
Shape2DView
100
AcDbSpline
210
0
220
0
230
1
 70
8
 71
1
 72
4
 73
2
 74
0
 40
0.000000000
 40
0.000000000
 40
0.223606798
 40
0.223606798
 10
147.963904529
 20
224.635529389
 30
3.000000000
 10
147.982916159
 20
224.626024546
 30
3.000000000
  0
SPLINE
  5
12E9
330
A02
100
AcDbEntity
  8
Shape2DView
100
AcDbSpline
210
0
220
0
230
1
 70
8
 71
1
 72
4
 73
2
 74
0
 40
0.000000000
 40
0.000000000
 40
0.300000000
 40
0.300000000
 10
147.982916159
 20
224.626024546
 30
3.000000000
 10
148.011435256
 20
224.626024546
 30
3.000000000
  0
SPLINE
  5
12EA
330
A02
100
AcDbEntity
  8
Shape2DView
100
AcDbSpline
210
0
220
0
230
1
 70
8
 71
1
 72
4
 73
2
 74
0
 40
0.000000000
 40
0.000000000
 40
0.200000000
 40
0.200000000
 10
148.011435256
 20
224.626024546
 30
3.000000000
 10
148.030447987
 20
224.626024546
 30
3.000000000
  0
SPLINE
  5
12EB
330
A02
100
AcDbEntity
  8
Shape2DView
100
AcDbSpline
210
0
220
0
230
1
 70
8
 71
1
 72
4
 73
2
 74
0
 40
0.000000000
 40
0.000000000
 40
0.300000000
 40
0.300000000
 10
148.030447987
 20
224.626024546
 30
3.000000000
 10
148.058967084
 20
224.626024546
 30
3.000000000
  0
SPLINE
  5
12EC
330
A02
100
AcDbEntity
  8
Shape2DView
100
AcDbSpline
210
0
220
0
230
1
 70
8
 71
1
 72
4
 73
2
 74
0
 40
0.000000000
 40
0.000000000
 40
0.223606798
 40
0.223606798
 10
148.058967084
 20
224.626024546
 30
3.000000000
 10
148.077980917
 20
224.635529389
 30
3.000000000
  0
SPLINE
  5
12ED
330
A02
100
AcDbEntity
  8
Shape2DView
100
AcDbSpline
210
0
220
0
230
1
 70
8
 71
1
 72
4
 73
2
 74
0
 40
0.000000000
 40
0.000000000
 40
0.200000000
 40
0.200000000
 10
148.077980917
 20
224.635529389
 30
3.000000000
 10
148.096993648
 20
224.635529389
 30
3.000000000
  0
SPLINE
  5
12EE
330
A02
100
AcDbEntity
  8
Shape2DView
100
AcDbSpline
210
0
220
0
230
1
 70
8
 71
1
 72
4
 73
2
 74
0
 40
0.000000000
 40
0.000000000
 40
0.141421356
 40
0.141421356
 10
148.096993648
 20
224.635529389
 30
3.000000000
 10
148.106501115
 20
224.645034232
 30
3.000000000
  0
SPLINE
  5
12EF
330
A02
100
AcDbEntity
  8
Shape2DView
100
AcDbSpline
210
0
220
0
230
1
 70
8
 71
1
 72
4
 73
2
 74
0
 40
0.000000000
 40
0.000000000
 40
0.223606798
 40
0.223606798
 10
148.106501115
 20
224.645034232
 30
3.000000000
 10
148.125514948
 20
224.654539076
 30
3.000000000
  0
SPLINE
  5
12F0
330
A02
100
AcDbEntity
  8
Shape2DView
100
AcDbSpline
210
0
220
0
230
1
 70
8
 71
1
 72
4
 73
2
 74
0
 40
0.000000000
 40
0.000000000
 40
1.170469991
 40
1.170469991
 10
148.125514948
 20
224.654539076
 30
3.000000000
 10
148.087501601
 20
224.759092353
 30
3.000000000
  0
SPLINE
  5
12F1
330
A02
100
AcDbEntity
  8
Shape2DView
100
AcDbSpline
210
0
220
0
230
1
 70
8
 71
1
 72
4
 73
2
 74
0
 40
0.000000000
 40
0.000000000
 40
0.824621125
 40
0.824621125
 10
148.087501601
 20
224.759092353
 30
3.000000000
 10
148.068497682
 20
224.835131101
 30
3.000000000
  0
SPLINE
  5
12F2
330
A02
100
AcDbEntity
  8
Shape2DView
100
AcDbSpline
210
0
220
0
230
1
 70
8
 71
1
 72
4
 73
2
 74
0
 40
0.000000000
 40
0.000000000
 40
0.509901951
 40
0.509901951
 10
148.068497682
 20
224.835131101
 30
3.000000000
 10
148.058996823
 20
224.882655318
 30
3.000000000
  0
SPLINE
  5
12F3
330
A02
100
AcDbEntity
  8
Shape2DView
100
AcDbSpline
210
0
220
0
230
1
 70
8
 71
1
 72
4
 73
2
 74
0
 40
0.000000000
 40
0.000000000
 40
0.412310563
 40
0.412310563
 10
148.058996823
 20
224.882655318
 30
3.000000000
 10
148.049494864
 20
224.920674691
 30
3.000000000
  0
SPLINE
  5
12F4
330
A02
100
AcDbEntity
  8
Shape2DView
100
AcDbSpline
210
0
220
0
230
1
 70
8
 71
1
 72
4
 73
2
 74
0
 40
0.000000000
 40
0.000000000
 40
0.412310563
 40
0.412310563
 10
148.049494864
 20
224.920674691
 30
3.000000000
 10
148.039992904
 20
224.958694065
 30
3.000000000
  0
LINE
  5
12F5
330
A02
100
AcDbEntity
  8
Sketch
100
AcDbLine
 10
5.000000000
 20
0.000000000
 30
0.000000000
 11
95.000000000
 21
0.000000000
 31
0.000000000
  0
ARC
  5
12F6
330
A02
100
AcDbEntity
  8
Sketch
100
AcDbCircle
 10
95.000000000
 20
5.000000000
 30
0.000000000
 40
5.000000000
100
AcDbArc
 50
-90.000000000
 51
-0.000000000
  0
LINE
  5
12F7
330
A02
100
AcDbEntity
  8
Sketch
100
AcDbLine
 10
100.000000000
 20
5.000000000
 30
0.000000000
 11
100.000000000
 21
165.000000000
 31
0.000000000
  0
ARC
  5
12F8
330
A02
100
AcDbEntity
  8
Sketch
100
AcDbCircle
 10
95.000000000
 20
165.000000000
 30
0.000000000
 40
5.000000000
100
AcDbArc
 50
0.000000000
 51
90.000000000
  0
LINE
  5
12F9
330
A02
100
AcDbEntity
  8
Sketch
100
AcDbLine
 10
95.000000000
 20
170.000000000
 30
0.000000000
 11
5.000000000
 21
170.000000000
 31
0.000000000
  0
ARC
  5
12FA
330
A02
100
AcDbEntity
  8
Sketch
100
AcDbCircle
 10
5.000000000
 20
165.000000000
 30
0.000000000
 40
5.000000000
100
AcDbArc
 50
90.000000000
 51
180.000000000
  0
LINE
  5
12FB
330
A02
100
AcDbEntity
  8
Sketch
100
AcDbLine
 10
0.000000000
 20
165.000000000
 30
0.000000000
 11
0.000000000
 21
5.000000000
 31
0.000000000
  0
ARC
  5
12FC
330
A02
100
AcDbEntity
  8
Sketch
100
AcDbCircle
 10
5.000000000
 20
5.000000000
 30
0.000000000
 40
5.000000000
100
AcDbArc
 50
180.000000000
 51
-90.000000000
  0
LINE
  5
12FD
330
A02
100
AcDbEntity
  8
Sketch
100
AcDbLine
 10
5.000000000
 20
171.000000000
 30
0.000000000
 11
95.000000000
 21
171.000000000
 31
0.000000000
  0
ARC
  5
12FE
330
A02
100
AcDbEntity
  8
Sketch
100
AcDbCircle
 10
95.000000000
 20
176.000000000
 30
0.000000000
 40
5.000000000
100
AcDbArc
 50
-90.000000000
 51
0.000000000
  0
LINE
  5
12FF
330
A02
100
AcDbEntity
  8
Sketch
100
AcDbLine
 10
100.000000000
 20
176.000000000
 30
0.000000000
 11
100.000000000
 21
336.000000000
 31
0.000000000
  0
ARC
  5
1300
330
A02
100
AcDbEntity
  8
Sketch
100
AcDbCircle
 10
95.000000000
 20
336.000000000
 30
0.000000000
 40
5.000000000
100
AcDbArc
 50
0.000000000
 51
90.000000000
  0
LINE
  5
1301
330
A02
100
AcDbEntity
  8
Sketch
100
AcDbLine
 10
95.000000000
 20
341.000000000
 30
0.000000000
 11
5.000000000
 21
341.000000000
 31
0.000000000
  0
ARC
  5
1302
330
A02
100
AcDbEntity
  8
Sketch
100
AcDbCircle
 10
5.000000000
 20
336.000000000
 30
0.000000000
 40
5.000000000
100
AcDbArc
 50
90.000000000
 51
180.000000000
  0
LINE
  5
1303
330
A02
100
AcDbEntity
  8
Sketch
100
AcDbLine
 10
0.000000000
 20
336.000000000
 30
0.000000000
 11
0.000000000
 21
176.000000000
 31
0.000000000
  0
ARC
  5
1304
330
A02
100
AcDbEntity
  8
Sketch
100
AcDbCircle
 10
5.000000000
 20
176.000000000
 30
0.000000000
 40
5.000000000
100
AcDbArc
 50
180.000000000
 51
-90.000000000
  0
LINE
  5
1305
330
A02
100
AcDbEntity
  8
Sketch
100
AcDbLine
 10
106.000000000
 20
171.000000000
 30
0.000000000
 11
196.000000000
 21
171.000000000
 31
0.000000000
  0
ARC
  5
1306
330
A02
100
AcDbEntity
  8
Sketch
100
AcDbCircle
 10
196.000000000
 20
176.000000000
 30
0.000000000
 40
5.000000000
100
AcDbArc
 50
-90.000000000
 51
0.000000000
  0
LINE
  5
1307
330
A02
100
AcDbEntity
  8
Sketch
100
AcDbLine
 10
201.000000000
 20
176.000000000
 30
0.000000000
 11
201.000000000
 21
336.000000000
 31
0.000000000
  0
ARC
  5
1308
330
A02
100
AcDbEntity
  8
Sketch
100
AcDbCircle
 10
196.000000000
 20
336.000000000
 30
0.000000000
 40
5.000000000
100
AcDbArc
 50
0.000000000
 51
90.000000000
  0
LINE
  5
1309
330
A02
100
AcDbEntity
  8
Sketch
100
AcDbLine
 10
196.000000000
 20
341.000000000
 30
0.000000000
 11
106.000000000
 21
341.000000000
 31
0.000000000
  0
ARC
  5
130A
330
A02
100
AcDbEntity
  8
Sketch
100
AcDbCircle
 10
106.000000000
 20
336.000000000
 30
0.000000000
 40
5.000000000
100
AcDbArc
 50
90.000000000
 51
180.000000000
  0
LINE
  5
130B
330
A02
100
AcDbEntity
  8
Sketch
100
AcDbLine
 10
101.000000000
 20
336.000000000
 30
0.000000000
 11
101.000000000
 21
176.000000000
 31
0.000000000
  0
ARC
  5
130C
330
A02
100
AcDbEntity
  8
Sketch
100
AcDbCircle
 10
106.000000000
 20
176.000000000
 30
0.000000000
 40
5.000000000
100
AcDbArc
 50
180.000000000
 51
-90.000000000
  0
LINE
  5
130D
330
A02
100
AcDbEntity
  8
Sketch
100
AcDbLine
 10
106.000000000
 20
-0.000000000
 30
0.000000000
 11
196.000000000
 21
-0.000000000
 31
0.000000000
  0
ARC
  5
130E
330
A02
100
AcDbEntity
  8
Sketch
100
AcDbCircle
 10
196.000000000
 20
5.000000000
 30
0.000000000
 40
5.000000000
100
AcDbArc
 50
-90.000000000
 51
-0.000000000
  0
LINE
  5
130F
330
A02
100
AcDbEntity
  8
Sketch
100
AcDbLine
 10
201.000000000
 20
5.000000000
 30
0.000000000
 11
201.000000000
 21
165.000000000
 31
0.000000000
  0
ARC
  5
1310
330
A02
100
AcDbEntity
  8
Sketch
100
AcDbCircle
 10
196.000000000
 20
165.000000000
 30
0.000000000
 40
5.000000000
100
AcDbArc
 50
0.000000000
 51
90.000000000
  0
LINE
  5
1311
330
A02
100
AcDbEntity
  8
Sketch
100
AcDbLine
 10
196.000000000
 20
170.000000000
 30
0.000000000
 11
106.000000000
 21
170.000000000
 31
0.000000000
  0
ARC
  5
1312
330
A02
100
AcDbEntity
  8
Sketch
100
AcDbCircle
 10
106.000000000
 20
165.000000000
 30
0.000000000
 40
5.000000000
100
AcDbArc
 50
90.000000000
 51
180.000000000
  0
LINE
  5
1313
330
A02
100
AcDbEntity
  8
Sketch
100
AcDbLine
 10
101.000000000
 20
165.000000000
 30
0.000000000
 11
101.000000000
 21
5.000000000
 31
0.000000000
  0
ARC
  5
1314
330
A02
100
AcDbEntity
  8
Sketch
100
AcDbCircle
 10
106.000000000
 20
5.000000000
 30
0.000000000
 40
5.000000000
100
AcDbArc
 50
180.000000000
 51
-90.000000000
  0
ENDSEC
  0
SECTION
  2
OBJECTS
  0
DICTIONARY
  5
F000
330
0
100
AcDbDictionary
  3
ACAD_GROUP
350
F001
  0
DICTIONARY
  5
F001
330
F000
100
AcDbDictionary
  0
ENDSEC
  0
EOF