999
dxfrw 0.6.3
  0
SECTION
  2
HEADER
  9
$ACADVER
  1
AC1021
  9
$DWGCODEPAGE
  3
ANSI_1252
  9
$INSBASE
 10
0
 20
0
 30
0
  9
$EXTMIN
 10
0
 20
0
 30
0
  9
$EXTMAX
 10
201
 20
341
 30
0
  9
$LIMMIN
 10
0
 20
0
  9
$LIMMAX
 10
420
 20
297
  9
$ORTHOMODE
 70
    0
  9
$REGENMODE
 70
    1
  9
$FILLMODE
 70
    1
  9
$QTEXTMODE
 70
    0
  9
$MIRRTEXT
 70
    0
  9
$LTSCALE
 40
1
  9
$ATTMODE
 70
    0
  9
$TEXTSIZE
 40
2.5
  9
$TRACEWID
 40
15.68
  9
$TEXTSTYLE
  7
STANDARD
  9
$CLAYER
  8
0
  9
$CELTYPE
  6
BYLAYER
  9
$CECOLOR
 62
  256
  9
$CELTSCALE
 40
1
  9
$DISPSILH
 70
    0
  9
$DIMSCALE
 40
2.5
  9
$DIMASZ
 40
2.5
  9
$DIMEXO
 40
0.625
  9
$DIMDLI
 40
3.75
  9
$DIMRND
 40
0
  9
$DIMDLE
 40
0
  9
$DIMEXE
 40
1.25
  9
$DIMTP
 40
0
  9
$DIMTM
 40
0
  9
$DIMTXT
 40
2.5
  9
$DIMCEN
 40
2.5
  9
$DIMTSZ
 40
0
  9
$DIMTOL
 70
    0
  9
$DIMLIM
 70
    0
  9
$DIMTIH
 70
    0
  9
$DIMTOH
 70
    0
  9
$DIMSE1
 70
    0
  9
$DIMSE2
 70
    0
  9
$DIMTAD
 70
    1
  9
$DIMZIN
 70
    8
  9
$DIMBLK
  1

  9
$DIMASO
 70
    1
  9
$DIMSHO
 70
    1
  9
$DIMPOST
  1

  9
$DIMAPOST
  1

  9
$DIMALT
 70
    0
  9
$DIMALTD
 70
    3
  9
$DIMALTF
 40
0.03937
  9
$DIMLFAC
 40
1
  9
$DIMTOFL
 70
    1
  9
$DIMTVP
 40
0
  9
$DIMTIX
 70
    0
  9
$DIMSOXD
 70
    0
  9
$DIMSAH
 70
    0
  9
$DIMBLK1
  1

  9
$DIMBLK2
  1

  9
$DIMSTYLE
  2
STANDARD
  9
$DIMCLRD
 70
    0
  9
$DIMCLRE
 70
    0
  9
$DIMCLRT
 70
    0
  9
$DIMTFAC
 40
1
  9
$DIMGAP
 40
0.625
  9
$DIMJUST
 70
    0
  9
$DIMSD1
 70
    0
  9
$DIMSD2
 70
    0
  9
$DIMTOLJ
 70
    0
  9
$DIMTZIN
 70
    8
  9
$DIMALTZ
 70
    0
  9
$DIMALTTZ
 70
    0
  9
$DIMUPT
 70
    0
  9
$DIMDEC
 70
    2
  9
$DIMTDEC
 70
    2
  9
$DIMALTU
 70
    2
  9
$DIMALTTD
 70
    3
  9
$DIMTXSTY
  7
STANDARD
  9
$DIMAUNIT
 70
    0
  9
$DIMADEC
 70
    0
  9
$DIMALTRND
 40
0
  9
$DIMAZIN
 70
    0
  9
$DIMDSEP
 70
   44
  9
$DIMATFIT
 70
    3
  9
$DIMFRAC
 70
    0
  9
$DIMLDRBLK
  1
STANDARD
  9
$DIMLUNIT
 70
    2
  9
$DIMLWD
 70
   -2
  9
$DIMLWE
 70
   -2
  9
$DIMTMOVE
 70
    0
  9
$DIMFXL
 40
1
  9
$DIMFXLON
 70
    0
  9
$DIMJOGANG
 40
0.7854
  9
$DIMTFILL
 70
    0
  9
$DIMTFILLCLR
 70
    0
  9
$DIMARCSYM
 70
    0
  9
$DIMLTYPE
  6

  9
$DIMLTEX1
  6

  9
$DIMLTEX2
  6

  9
$LUNITS
 70
    2
  9
$LUPREC
 70
    4
  9
$SKETCHINC
 40
1
  9
$FILLETRAD
 40
0
  9
$AUNITS
 70
    0
  9
$AUPREC
 70
    2
  9
$MENU
  1
.
  9
$ELEVATION
 40
0
  9
$PELEVATION
 40
0
  9
$THICKNESS
 40
0
  9
$LIMCHECK
 70
    0
  9
$CHAMFERA
 40
0
  9
$CHAMFERB
 40
0
  9
$CHAMFERC
 40
0
  9
$CHAMFERD
 40
0
  9
$SKPOLY
 70
    0
  9
$USRTIMER
 70
    1
  9
$ANGBASE
 50
0
  9
$ANGDIR
 70
    0
  9
$PDMODE
 70
   34
  9
$PDSIZE
 40
0
  9
$PLINEWID
 40
0
  9
$SPLFRAME
 70
    0
  9
$SPLINETYPE
 70
    2
  9
$SPLINESEGS
 70
    8
  9
$HANDSEED
  5
20000
  9
$SURFTAB1
 70
    6
  9
$SURFTAB2
 70
    6
  9
$SURFTYPE
 70
    6
  9
$SURFU
 70
    6
  9
$SURFV
 70
    6
  9
$UCSBASE
  2

  9
$UCSNAME
  2

  9
$UCSORG
 10
0
 20
0
 30
0
  9
$UCSXDIR
 10
1
 20
0
 30
0
  9
$UCSYDIR
 10
0
 20
1
 30
0
  9
$UCSORTHOREF
  2

  9
$UCSORTHOVIEW
 70
    0
  9
$UCSORGTOP
 10
0
 20
0
 30
0
  9
$UCSORGBOTTOM
 10
0
 20
0
 30
0
  9
$UCSORGLEFT
 10
0
 20
0
 30
0
  9
$UCSORGRIGHT
 10
0
 20
0
 30
0
  9
$UCSORGFRONT
 10
0
 20
0
 30
0
  9
$UCSORGBACK
 10
0
 20
0
 30
0
  9
$PUCSBASE
  2

  9
$PUCSNAME
  2

  9
$PUCSORG
 10
0
 20
0
 30
0
  9
$PUCSXDIR
 10
1
 20
0
 30
0
  9
$PUCSYDIR
 10
0
 20
1
 30
0
  9
$PUCSORTHOREF
  2

  9
$PUCSORTHOVIEW
 70
    0
  9
$PUCSORGTOP
 10
0
 20
0
 30
0
  9
$PUCSORGBOTTOM
 10
0
 20
0
 30
0
  9
$PUCSORGLEFT
 10
0
 20
0
 30
0
  9
$PUCSORGRIGHT
 10
0
 20
0
 30
0
  9
$PUCSORGFRONT
 10
0
 20
0
 30
0
  9
$PUCSORGBACK
 10
0
 20
0
 30
0
  9
$USERI1
 70
    0
  9
$USERI2
 70
    0
  9
$USERI3
 70
    0
  9
$USERI4
 70
    0
  9
$USERI5
 70
    0
  9
$USERR1
 40
0
  9
$USERR2
 40
0
  9
$USERR3
 40
0
  9
$USERR4
 40
0
  9
$USERR5
 40
0
  9
$WORLDVIEW
 70
    1
  9
$SHADEDGE
 70
    3
  9
$SHADEDIF
 70
   70
  9
$TILEMODE
 70
    1
  9
$MAXACTVP
 70
   64
  9
$PINSBASE
 10
0
 20
0
 30
0
  9
$PLIMCHECK
 70
    0
  9
$PEXTMIN
 10
0
 20
0
 30
0
  9
$PEXTMAX
 10
50
 20
50
 30
50
  9
$GRIDMODE
 70
    0
  9
$SNAPSTYLE
 70
    0
  9
$PLIMMIN
 10
0
 20
0
  9
$PLIMMAX
 10
120
 20
90
  9
$UNITMODE
 70
    0
  9
$VISRETAIN
 70
    1
  9
$PLINEGEN
 70
    0
  9
$PSLTSCALE
 70
    1
  9
$TREEDEPTH
 70
 3020
  9
$CMLSTYLE
  2
STANDARD
  9
$CMLJUST
 70
    0
  9
$CMLSCALE
 40
20
  9
$PROXYGRAPHICS
 70
    1
  9
$MEASUREMENT
 70
    1
  9
$CELWEIGHT
370
   -1
  9
$ENDCAPS
280
    0
  9
$JOINSTYLE
280
    0
  9
$LWDISPLAY
290
    0
  9
$INSUNITS
 70
    4
  9
$HYPERLINKBASE
  1

  9
$STYLESHEET
  1

  9
$XEDIT
290
    1
  9
$CEPSNTYPE
380
    0
  9
$PSTYLEMODE
290
    1
  9
$EXTNAMES
290
    1
  9
$PSVPSCALE
 40
1
  9
$OLESTARTUP
290
    0
  9
$SORTENTS
280
  127
  9
$INDEXCTL
280
    0
  9
$HIDETEXT
280
    1
  9
$XCLIPFRAME
290
    0
  9
$HALOGAP
280
    0
  9
$OBSCOLOR
 70
  257
  9
$OBSLTYPE
280
    0
  9
$INTERSECTIONDISPLAY
280
    0
  9
$INTERSECTIONCOLOR
 70
  257
  9
$DIMASSOC
280
    1
  9
$PROJECTNAME
  1

  9
$CAMERADISPLAY
290
    0
  9
$LENSLENGTH
 40
50
  9
$CAMERAHEIGHT
 40
0
  9
$STEPSPERSEC
 40
2
  9
$STEPSIZE
 40
50
  9
$3DDWFPREC
 40
2
  9
$PSOLWIDTH
 40
5
  9
$PSOLHEIGHT
 40
80
  9
$LOFTANG1
 40
1.570796326794897
  9
$LOFTANG2
 40
1.570796326794897
  9
$LOFTMAG1
 40
0
  9
$LOFTMAG2
 40
0
  9
$LOFTPARAM
 70
    7
  9
$LOFTNORMALS
280
    1
  9
$LATITUDE
 40
1
  9
$LONGITUDE
 40
1
  9
$NORTHDIRECTION
 40
0
  9
$TIMEZONE
 70
-8000
  9
$LIGHTGLYPHDISPLAY
280
    1
  9
$TILEMODELIGHTSYNCH
280
    1
  9
$SOLIDHIST
280
    1
  9
$SHOWHIST
280
    1
  9
$DWFFRAME
280
    2
  9
$DGNFRAME
280
    0
  9
$REALWORLDSCALE
290
    1
  9
$INTERFERECOLOR
 62
    1
  9
$CSHADOW
280
    0
  9
$SHADOWPLANELOCATION
 40
0
  0
ENDSEC
  0
SECTION
  2
CLASSES
  0
ENDSEC
  0
SECTION
  2
TABLES
  0
TABLE
  2
VPORT
  5
8
330
0
100
AcDbSymbolTable
 70
    1
  0
VPORT
  5
31
330
2
100
AcDbSymbolTableRecord
100
AcDbViewportTableRecord
  2
*ACTIVE
 70
    0
 10
0
 20
0
 11
1
 21
1
 12
134.9812489080783
 22
183.5364160309686
 13
0
 23
0
 14
10
 24
10
 15
10
 25
10
 16
0
 26
0
 36
1
 17
0
 27
0
 37
0
 40
162.0621264319561
 41
1.972584856396867
 42
50
 43
0
 44
0
 50
0
 51
0
 71
    0
 72
  100
 73
    1
 74
    3
 75
    0
 76
    0
 77
    0
 78
    0
281
    0
 65
    1
110
0
120
0
130
0
111
1
121
0
131
0
112
0
122
1
132
0
 79
    0
146
0
348
10020
 60
    7
 61
    5
292
1
282
    1
141
0
142
0
 63
  250
421
3358443
  0
ENDTAB
  0
TABLE
  2
LTYPE
  5
5
330
0
100
AcDbSymbolTable
 70
    4
  0
LTYPE
  5
14
330
5
100
AcDbSymbolTableRecord
100
AcDbLinetypeTableRecord
  2
ByBlock
 70
    0
  3

 72
   65
 73
    0
 40
0
  0
LTYPE
  5
15
330
5
100
AcDbSymbolTableRecord
100
AcDbLinetypeTableRecord
  2
ByLayer
 70
    0
  3

 72
   65
 73
    0
 40
0
  0
LTYPE
  5
16
330
5
100
AcDbSymbolTableRecord
100
AcDbLinetypeTableRecord
  2
Continuous
 70
    0
  3
Solid line
 72
   65
 73
    0
 40
0
  0
LTYPE
  5
32
330
5
100
AcDbSymbolTableRecord
100
AcDbLinetypeTableRecord
  2
DOT
 70
    0
  3
Dot . . . . . . . . . . . . . . . . . . . . . .
 72
   65
 73
    2
 40
6.35
 49
0
 74
    0
 49
-6.35
 74
    0
  0
LTYPE
  5
33
330
5
100
AcDbSymbolTableRecord
100
AcDbLinetypeTableRecord
  2
DOTTINY
 70
    0
  3
Dot (.15x) .....................................
 72
   65
 73
    2
 40
0.9525
 49
0
 74
    0
 49
-0.9525
 74
    0
  0
LTYPE
  5
34
330
5
100
AcDbSymbolTableRecord
100
AcDbLinetypeTableRecord
  2
DOT2
 70
    0
  3
Dot (.5x) .....................................
 72
   65
 73
    2
 40
3.175
 49
0
 74
    0
 49
-3.175
 74
    0
  0
LTYPE
  5
35
330
5
100
AcDbSymbolTableRecord
100
AcDbLinetypeTableRecord
  2
DOTX2
 70
    0
  3
Dot (2x) .  .  .  .  .  .  .  .  .  .  .  .  .
 72
   65
 73
    2
 40
12.7
 49
0
 74
    0
 49
-12.7
 74
    0
  0
LTYPE
  5
36
330
5
100
AcDbSymbolTableRecord
100
AcDbLinetypeTableRecord
  2
DASHED
 70
    0
  3
Dashed _ _ _ _ _ _ _ _ _ _ _ _ _ _ _ _ _
 72
   65
 73
    2
 40
19.05
 49
12.7
 74
    0
 49
-6.35
 74
    0
  0
LTYPE
  5
37
330
5
100
AcDbSymbolTableRecord
100
AcDbLinetypeTableRecord
  2
DASHEDTINY
 70
    0
  3
Dashed (.15x) _ _ _ _ _ _ _ _ _ _ _ _ _ _ _ _ _
 72
   65
 73
    2
 40
2.8575
 49
1.905
 74
    0
 49
-0.9525
 74
    0
  0
LTYPE
  5
38
330
5
100
AcDbSymbolTableRecord
100
AcDbLinetypeTableRecord
  2
DASHED2
 70
    0
  3
Dashed (.5x) _ _ _ _ _ _ _ _ _ _ _ _ _ _ _ _ _
 72
   65
 73
    2
 40
9.524999999999999
 49
6.35
 74
    0
 49
-3.175
 74
    0
  0
LTYPE
  5
39
330
5
100
AcDbSymbolTableRecord
100
AcDbLinetypeTableRecord
  2
DASHEDX2
 70
    0
  3
Dashed (2x) ____  ____  ____  ____  ____  ___
 72
   65
 73
    2
 40
38.09999999999999
 49
25.4
 74
    0
 49
-12.7
 74
    0
  0
LTYPE
  5
3A
330
5
100
AcDbSymbolTableRecord
100
AcDbLinetypeTableRecord
  2
DASHDOT
 70
    0
  3
Dash dot __ . __ . __ . __ . __ . __ . __ . __
 72
   65
 73
    4
 40
25.4
 49
12.7
 74
    0
 49
-6.35
 74
    0
 49
0
 74
    0
 49
-6.35
 74
    0
  0
LTYPE
  5
3B
330
5
100
AcDbSymbolTableRecord
100
AcDbLinetypeTableRecord
  2
DASHDOTTINY
 70
    0
  3
Dash dot (.15x) _._._._._._._._._._._._._._._.
 72
   65
 73
    4
 40
3.81
 49
1.905
 74
    0
 49
-0.9525
 74
    0
 49
0
 74
    0
 49
-0.9525
 74
    0
  0
LTYPE
  5
3C
330
5
100
AcDbSymbolTableRecord
100
AcDbLinetypeTableRecord
  2
DASHDOT2
 70
    0
  3
Dash dot (.5x) _._._._._._._._._._._._._._._.
 72
   65
 73
    4
 40
12.7
 49
6.35
 74
    0
 49
-3.175
 74
    0
 49
0
 74
    0
 49
-3.175
 74
    0
  0
LTYPE
  5
3D
330
5
100
AcDbSymbolTableRecord
100
AcDbLinetypeTableRecord
  2
DASHDOTX2
 70
    0
  3
Dash dot (2x) ____  .  ____  .  ____  .  ___
 72
   65
 73
    4
 40
50.8
 49
25.4
 74
    0
 49
-12.7
 74
    0
 49
0
 74
    0
 49
-12.7
 74
    0
  0
LTYPE
  5
3E
330
5
100
AcDbSymbolTableRecord
100
AcDbLinetypeTableRecord
  2
DIVIDE
 70
    0
  3
Divide ____ . . ____ . . ____ . . ____ . . ____
 72
   65
 73
    6
 40
31.75
 49
12.7
 74
    0
 49
-6.35
 74
    0
 49
0
 74
    0
 49
-6.35
 74
    0
 49
0
 74
    0
 49
-6.35
 74
    0
  0
LTYPE
  5
3F
330
5
100
AcDbSymbolTableRecord
100
AcDbLinetypeTableRecord
  2
DIVIDETINY
 70
    0
  3
Divide (.15x) __..__..__..__..__..__..__..__.._
 72
   65
 73
    6
 40
4.7625
 49
1.905
 74
    0
 49
-0.9525
 74
    0
 49
0
 74
    0
 49
-0.9525
 74
    0
 49
0
 74
    0
 49
-0.9525
 74
    0
  0
LTYPE
  5
40
330
5
100
AcDbSymbolTableRecord
100
AcDbLinetypeTableRecord
  2
DIVIDE2
 70
    0
  3
Divide (.5x) __..__..__..__..__..__..__..__.._
 72
   65
 73
    6
 40
15.875
 49
6.35
 74
    0
 49
-3.175
 74
    0
 49
0
 74
    0
 49
-3.175
 74
    0
 49
0
 74
    0
 49
-3.175
 74
    0
  0
LTYPE
  5
41
330
5
100
AcDbSymbolTableRecord
100
AcDbLinetypeTableRecord
  2
DIVIDEX2
 70
    0
  3
Divide (2x) ________  .  .  ________  .  .  _
 72
   65
 73
    6
 40
63.5
 49
25.4
 74
    0
 49
-12.7
 74
    0
 49
0
 74
    0
 49
-12.7
 74
    0
 49
0
 74
    0
 49
-12.7
 74
    0
  0
LTYPE
  5
42
330
5
100
AcDbSymbolTableRecord
100
AcDbLinetypeTableRecord
  2
BORDER
 70
    0
  3
Border __ __ . __ __ . __ __ . __ __ . __ __ .
 72
   65
 73
    6
 40
44.45
 49
12.7
 74
    0
 49
-6.35
 74
    0
 49
12.7
 74
    0
 49
-6.35
 74
    0
 49
0
 74
    0
 49
-6.35
 74
    0
  0
LTYPE
  5
43
330
5
100
AcDbSymbolTableRecord
100
AcDbLinetypeTableRecord
  2
BORDERTINY
 70
    0
  3
Border (.15x) __.__.__.__.__.__.__.__.__.__.__.
 72
   65
 73
    6
 40
6.6675
 49
1.905
 74
    0
 49
-0.9525
 74
    0
 49
1.905
 74
    0
 49
-0.9525
 74
    0
 49
0
 74
    0
 49
-0.9525
 74
    0
  0
LTYPE
  5
44
330
5
100
AcDbSymbolTableRecord
100
AcDbLinetypeTableRecord
  2
BORDER2
 70
    0
  3
Border (.5x) __.__.__.__.__.__.__.__.__.__.__.
 72
   65
 73
    6
 40
22.225
 49
6.35
 74
    0
 49
-3.175
 74
    0
 49
6.35
 74
    0
 49
-3.175
 74
    0
 49
0
 74
    0
 49
-3.175
 74
    0
  0
LTYPE
  5
45
330
5
100
AcDbSymbolTableRecord
100
AcDbLinetypeTableRecord
  2
BORDERX2
 70
    0
  3
Border (2x) ____  ____  .  ____  ____  .  ___
 72
   65
 73
    6
 40
88.89999999999999
 49
25.4
 74
    0
 49
-12.7
 74
    0
 49
25.4
 74
    0
 49
-12.7
 74
    0
 49
0
 74
    0
 49
-12.7
 74
    0
  0
LTYPE
  5
46
330
5
100
AcDbSymbolTableRecord
100
AcDbLinetypeTableRecord
  2
CENTER
 70
    0
  3
Center ____ _ ____ _ ____ _ ____ _ ____ _ ____
 72
   65
 73
    4
 40
50.8
 49
31.75
 74
    0
 49
-6.35
 74
    0
 49
6.35
 74
    0
 49
-6.35
 74
    0
  0
LTYPE
  5
47
330
5
100
AcDbSymbolTableRecord
100
AcDbLinetypeTableRecord
  2
CENTERTINY
 70
    0
  3
Center (.15x) ___ _ ___ _ ___ _ ___ _ ___ _ ___
 72
   65
 73
    4
 40
7.619999999999999
 49
4.7625
 74
    0
 49
-0.9525
 74
    0
 49
0.9525
 74
    0
 49
-0.9525
 74
    0
  0
LTYPE
  5
48
330
5
100
AcDbSymbolTableRecord
100
AcDbLinetypeTableRecord
  2
CENTER2
 70
    0
  3
Center (.5x) ___ _ ___ _ ___ _ ___ _ ___ _ ___
 72
   65
 73
    4
 40
28.575
 49
19.05
 74
    0
 49
-3.175
 74
    0
 49
3.175
 74
    0
 49
-3.175
 74
    0
  0
LTYPE
  5
49
330
5
100
AcDbSymbolTableRecord
100
AcDbLinetypeTableRecord
  2
CENTERX2
 70
    0
  3
Center (2x) ________  __  ________  __  _____
 72
   65
 73
    4
 40
101.6
 49
63.5
 74
    0
 49
-12.7
 74
    0
 49
12.7
 74
    0
 49
-12.7
 74
    0
  0
ENDTAB
  0
TABLE
  2
LAYER
  5
2
330
0
100
AcDbSymbolTable
 70
    1
  0
LAYER
  5
10
330
2
100
AcDbSymbolTableRecord
100
AcDbLayerTableRecord
  2
0
 70
    0
 62
    7
  6
CONTINUOUS
370
   -3
390
F
  0
LAYER
  5
4A
330
2
100
AcDbSymbolTableRecord
100
AcDbLayerTableRecord
  2
Shape2DView
 70
    0
 62
    7
  6
CONTINUOUS
370
   -3
390
F
  0
LAYER
  5
4B
330
2
100
AcDbSymbolTableRecord
100
AcDbLayerTableRecord
  2
Shape2DView001
 70
    0
 62
    7
  6
CONTINUOUS
370
   -3
390
F
  0
LAYER
  5
4C
330
2
100
AcDbSymbolTableRecord
100
AcDbLayerTableRecord
  2
ShapeString
 70
    0
 62
    7
  6
CONTINUOUS
370
   -3
390
F
  0
LAYER
  5
4D
330
2
100
AcDbSymbolTableRecord
100
AcDbLayerTableRecord
  2
ShapeString001
 70
    0
 62
    7
  6
CONTINUOUS
370
   -3
390
F
  0
LAYER
  5
4E
330
2
100
AcDbSymbolTableRecord
100
AcDbLayerTableRecord
  2
ShapeString002
 70
    0
 62
    7
  6
CONTINUOUS
370
   -3
390
F
  0
LAYER
  5
4F
330
2
100
AcDbSymbolTableRecord
100
AcDbLayerTableRecord
  2
ShapeString003
 70
    0
 62
    7
  6
CONTINUOUS
370
   -3
390
F
  0
LAYER
  5
50
330
2
100
AcDbSymbolTableRecord
100
AcDbLayerTableRecord
  2
ShapeString004
 70
    0
 62
    7
  6
CONTINUOUS
370
   -3
390
F
  0
LAYER
  5
51
330
2
100
AcDbSymbolTableRecord
100
AcDbLayerTableRecord
  2
ShapeString005
 70
    0
 62
    7
  6
CONTINUOUS
370
   -3
390
F
  0
LAYER
  5
52
330
2
100
AcDbSymbolTableRecord
100
AcDbLayerTableRecord
  2
ShapeString006
 70
    0
 62
    7
  6
CONTINUOUS
370
   -3
390
F
  0
LAYER
  5
53
330
2
100
AcDbSymbolTableRecord
100
AcDbLayerTableRecord
  2
ShapeString007
 70
    0
 62
    7
  6
CONTINUOUS
370
   -3
390
F
  0
LAYER
  5
54
330
2
100
AcDbSymbolTableRecord
100
AcDbLayerTableRecord
  2
ShapeString008
 70
    0
 62
    7
  6
CONTINUOUS
370
   -3
390
F
  0
LAYER
  5
55
330
2
100
AcDbSymbolTableRecord
100
AcDbLayerTableRecord
  2
ShapeString009
 70
    0
 62
    7
  6
CONTINUOUS
370
   -3
390
F
  0
LAYER
  5
56
330
2
100
AcDbSymbolTableRecord
100
AcDbLayerTableRecord
  2
ShapeString010
 70
    0
 62
    7
  6
CONTINUOUS
370
   -3
390
F
  0
LAYER
  5
57
330
2
100
AcDbSymbolTableRecord
100
AcDbLayerTableRecord
  2
Sketch
 70
    0
 62
    7
  6
CONTINUOUS
370
   -3
390
F
  0
LAYER
  5
58
330
2
100
AcDbSymbolTableRecord
100
AcDbLayerTableRecord
  2
Sketch001
 70
    0
 62
    7
  6
CONTINUOUS
370
   -3
390
F
  0
LAYER
  5
59
330
2
100
AcDbSymbolTableRecord
100
AcDbLayerTableRecord
  2
Sketch002
 70
    0
 62
    7
  6
CONTINUOUS
370
   -3
390
F
  0
LAYER
  5
5A
330
2
100
AcDbSymbolTableRecord
100
AcDbLayerTableRecord
  2
Sketch003
 70
    0
 62
    7
  6
CONTINUOUS
370
   -3
390
F
  0
LAYER
  5
5B
330
2
100
AcDbSymbolTableRecord
100
AcDbLayerTableRecord
  2
Sketch004
 70
    0
 62
    7
  6
CONTINUOUS
370
   -3
390
F
  0
LAYER
  5
5C
330
2
100
AcDbSymbolTableRecord
100
AcDbLayerTableRecord
  2
Sketch005
 70
    0
 62
    7
  6
CONTINUOUS
370
   -3
390
F
  0
LAYER
  5
5D
330
2
100
AcDbSymbolTableRecord
100
AcDbLayerTableRecord
  2
Sketch006
 70
    0
 62
    7
  6
CONTINUOUS
370
   -3
390
F
  0
LAYER
  5
5E
330
2
100
AcDbSymbolTableRecord
100
AcDbLayerTableRecord
  2
Sketch007
 70
    0
 62
    7
  6
CONTINUOUS
370
   -3
390
F
  0
LAYER
  5
5F
330
2
100
AcDbSymbolTableRecord
100
AcDbLayerTableRecord
  2
Sketch008
 70
    0
 62
    7
  6
CONTINUOUS
370
   -3
390
F
  0
LAYER
  5
60
330
2
100
AcDbSymbolTableRecord
100
AcDbLayerTableRecord
  2
Sketch009
 70
    0
 62
    7
  6
CONTINUOUS
370
   -3
390
F
  0
LAYER
  5
61
330
2
100
AcDbSymbolTableRecord
100
AcDbLayerTableRecord
  2
none
 70
    0
 62
    7
  6
CONTINUOUS
370
   -3
390
F
  0
ENDTAB
  0
TABLE
  2
STYLE
  5
3
330
0
100
AcDbSymbolTable
 70
    3
  0
STYLE
  5
62
330
2
100
AcDbSymbolTableRecord
100
AcDbTextStyleTableRecord
  2
Standard
 70
    0
 40
0
 41
1
 50
0
 71
    0
 42
1
  3
txt
  4

  0
ENDTAB
  0
TABLE
  2
VIEW
  5
6
330
0
100
AcDbSymbolTable
 70
    0
  0
ENDTAB
  0
TABLE
  2
UCS
  5
7
330
0
100
AcDbSymbolTable
 70
    0
  0
ENDTAB
  0
TABLE
  2
APPID
  5
9
330
0
100
AcDbSymbolTable
 70
    1
  0
APPID
  5
12
330
9
100
AcDbSymbolTableRecord
100
AcDbRegAppTableRecord
  2
ACAD
 70
    0
  0
APPID
  5
63
330
9
100
AcDbSymbolTableRecord
100
AcDbRegAppTableRecord
  2
LibreCad
 70
    0
  0
ENDTAB
  0
TABLE
  2
DIMSTYLE
  5
A
330
0
100
AcDbSymbolTable
 70
    1
100
AcDbDimStyleTable
 71
    1
  0
DIMSTYLE
105
64
330
A
100
AcDbSymbolTableRecord
100
AcDbDimStyleTableRecord
  2
Standard
 70
    0
 40
1
 41
2.5
 42
0.625
 43
0.38
 44
1.25
 45
0
 46
0
 47
0
 48
0
 49
1
140
2.5
141
0.09
142
2.5
143
25.4
144
1
145
0
146
1
147
0.625
148
0
 71
    0
 72
    0
 73
    0
 74
    1
 75
    0
 76
    0
 77
    0
 78
    1
 79
    0
170
    0
171
    2
172
    0
173
    0
174
    0
175
    0
176
    0
177
    0
178
    0
179
    0
271
    2
272
    4
273
    2
274
    2
275
    0
276
    0
277
    2
278
    0
279
    0
280
    0
281
    0
282
    0
283
    1
284
    0
285
    0
286
    0
288
    0
289
    3
340
STANDARD
341

371
   -2
372
   -2
  0
ENDTAB
  0
TABLE
  2
BLOCK_RECORD
  5
1
330
0
100
AcDbSymbolTable
 70
    2
  0
BLOCK_RECORD
  5
1F
330
1
100
AcDbSymbolTableRecord
100
AcDbBlockTableRecord
  2
*Model_Space
 70
    0
280
    1
281
    0
  0
BLOCK_RECORD
  5
1E
330
1
100
AcDbSymbolTableRecord
100
AcDbBlockTableRecord
  2
*Paper_Space
 70
    0
280
    1
281
    0
  0
ENDTAB
  0
ENDSEC
  0
SECTION
  2
BLOCKS
  0
BLOCK
  5
20
330
1F
100
AcDbEntity
  8
0
100
AcDbBlockBegin
  2
*Model_Space
 70
    0
 10
0
 20
0
 30
0
  3
*Model_Space
  1

  0
ENDBLK
  5
21
330
1F
100
AcDbEntity
  8
0
100
AcDbBlockEnd
  0
BLOCK
  5
1C
330
1B
100
AcDbEntity
  8
0
100
AcDbBlockBegin
  2
*Paper_Space
 70
    0
 10
0
 20
0
 30
0
  3
*Paper_Space
  1

  0
ENDBLK
  5
1D
330
1F
100
AcDbEntity
  8
0
100
AcDbBlockEnd
  0
ENDSEC
  0
SECTION
  2
ENTITIES
  0
LINE
  5
65
100
AcDbEntity
  8
Sketch
  6
ByLayer
 62
  256
370
   -1
100
AcDbLine
 10
5
 20
0
 11
95
 21
0
  0
ARC
  5
66
100
AcDbEntity
  8
Sketch
  6
ByLayer
 62
  256
370
   -1
100
AcDbCircle
 10
95
 20
5
 40
5
100
AcDbArc
 50
-90
 51
-0
  0
LINE
  5
67
100
AcDbEntity
  8
Sketch
  6
ByLayer
 62
  256
370
   -1
100
AcDbLine
 10
100
 20
5
 11
100
 21
165
  0
ARC
  5
68
100
AcDbEntity
  8
Sketch
  6
ByLayer
 62
  256
370
   -1
100
AcDbCircle
 10
95
 20
165
 40
5
100
AcDbArc
 50
0
 51
90
  0
LINE
  5
69
100
AcDbEntity
  8
Sketch
  6
ByLayer
 62
  256
370
   -1
100
AcDbLine
 10
95
 20
170
 11
5
 21
170
  0
ARC
  5
6A
100
AcDbEntity
  8
Sketch
  6
ByLayer
 62
  256
370
   -1
100
AcDbCircle
 10
5
 20
165
 40
5
100
AcDbArc
 50
90
 51
180
  0
LINE
  5
6B
100
AcDbEntity
  8
Sketch
  6
ByLayer
 62
  256
370
   -1
100
AcDbLine
 10
0
 20
165
 11
0
 21
5
  0
ARC
  5
6C
100
AcDbEntity
  8
Sketch
  6
ByLayer
 62
  256
370
   -1
100
AcDbCircle
 10
5
 20
5
 40
5
100
AcDbArc
 50
180
 51
-90
  0
LINE
  5
6D
100
AcDbEntity
  8
Sketch
  6
ByLayer
 62
  256
370
   -1
100
AcDbLine
 10
5
 20
171
 11
95
 21
171
  0
ARC
  5
6E
100
AcDbEntity
  8
Sketch
  6
ByLayer
 62
  256
370
   -1
100
AcDbCircle
 10
95
 20
176
 40
5
100
AcDbArc
 50
-90
 51
0
  0
LINE
  5
6F
100
AcDbEntity
  8
Sketch
  6
ByLayer
 62
  256
370
   -1
100
AcDbLine
 10
100
 20
176
 11
100
 21
336
  0
ARC
  5
70
100
AcDbEntity
  8
Sketch
  6
ByLayer
 62
  256
370
   -1
100
AcDbCircle
 10
95
 20
336
 40
5
100
AcDbArc
 50
0
 51
90
  0
LINE
  5
71
100
AcDbEntity
  8
Sketch
  6
ByLayer
 62
  256
370
   -1
100
AcDbLine
 10
95
 20
341
 11
5
 21
341
  0
ARC
  5
72
100
AcDbEntity
  8
Sketch
  6
ByLayer
 62
  256
370
   -1
100
AcDbCircle
 10
5
 20
336
 40
5
100
AcDbArc
 50
90
 51
180
  0
LINE
  5
73
100
AcDbEntity
  8
Sketch
  6
ByLayer
 62
  256
370
   -1
100
AcDbLine
 10
0
 20
336
 11
0
 21
176
  0
ARC
  5
74
100
AcDbEntity
  8
Sketch
  6
ByLayer
 62
  256
370
   -1
100
AcDbCircle
 10
5
 20
176
 40
5
100
AcDbArc
 50
180
 51
-90
  0
LINE
  5
75
100
AcDbEntity
  8
Sketch
  6
ByLayer
 62
  256
370
   -1
100
AcDbLine
 10
106
 20
171
 11
196
 21
171
  0
ARC
  5
76
100
AcDbEntity
  8
Sketch
  6
ByLayer
 62
  256
370
   -1
100
AcDbCircle
 10
196
 20
176
 40
5
100
AcDbArc
 50
-90
 51
0
  0
LINE
  5
77
100
AcDbEntity
  8
Sketch
  6
ByLayer
 62
  256
370
   -1
100
AcDbLine
 10
201
 20
176
 11
201
 21
336
  0
ARC
  5
78
100
AcDbEntity
  8
Sketch
  6
ByLayer
 62
  256
370
   -1
100
AcDbCircle
 10
196
 20
336
 40
5
100
AcDbArc
 50
0
 51
90
  0
LINE
  5
79
100
AcDbEntity
  8
Sketch
  6
ByLayer
 62
  256
370
   -1
100
AcDbLine
 10
196
 20
341
 11
106
 21
341
  0
ARC
  5
7A
100
AcDbEntity
  8
Sketch
  6
ByLayer
 62
  256
370
   -1
100
AcDbCircle
 10
106
 20
336
 40
5
100
AcDbArc
 50
90
 51
180
  0
LINE
  5
7B
100
AcDbEntity
  8
Sketch
  6
ByLayer
 62
  256
370
   -1
100
AcDbLine
 10
101
 20
336
 11
101
 21
176
  0
ARC
  5
7C
100
AcDbEntity
  8
Sketch
  6
ByLayer
 62
  256
370
   -1
100
AcDbCircle
 10
106
 20
176
 40
5
100
AcDbArc
 50
180
 51
-90
  0
LINE
  5
7D
100
AcDbEntity
  8
Sketch
  6
ByLayer
 62
  256
370
   -1
100
AcDbLine
 10
106
 20
0
 11
196
 21
0
  0
ARC
  5
7E
100
AcDbEntity
  8
Sketch
  6
ByLayer
 62
  256
370
   -1
100
AcDbCircle
 10
196
 20
5
 40
5
100
AcDbArc
 50
-90
 51
-0
  0
LINE
  5
7F
100
AcDbEntity
  8
Sketch
  6
ByLayer
 62
  256
370
   -1
100
AcDbLine
 10
201
 20
5
 11
201
 21
165
  0
ARC
  5
80
100
AcDbEntity
  8
Sketch
  6
ByLayer
 62
  256
370
   -1
100
AcDbCircle
 10
196
 20
165
 40
5
100
AcDbArc
 50
0
 51
90
  0
LINE
  5
81
100
AcDbEntity
  8
Sketch
  6
ByLayer
 62
  256
370
   -1
100
AcDbLine
 10
196
 20
170
 11
106
 21
170
  0
ARC
  5
82
100
AcDbEntity
  8
Sketch
  6
ByLayer
 62
  256
370
   -1
100
AcDbCircle
 10
106
 20
165
 40
5
100
AcDbArc
 50
90
 51
180
  0
LINE
  5
83
100
AcDbEntity
  8
Sketch
  6
ByLayer
 62
  256
370
   -1
100
AcDbLine
 10
101
 20
165
 11
101
 21
5
  0
ARC
  5
84
100
AcDbEntity
  8
Sketch
  6
ByLayer
 62
  256
370
   -1
100
AcDbCircle
 10
106
 20
5
 40
5
100
AcDbArc
 50
180
 51
-90
  0
SPLINE
  5
85
100
AcDbEntity
  8
Shape2DView
  6
ByLayer
 62
  256
370
   -1
100
AcDbSpline
210
0
220
0
230
0
 70
    8
 71
    3
 72
    8
 73
    4
 74
    0
 42
1e-07
 43
1e-07
 40
0
 40
0
 40
0
 40
0
 40
1
 40
1
 40
1
 40
1
 10
141.252074449
 20
221.736552147
 30
0
 10
141.252079956
 20
221.784076364
 30
0
 10
141.157019605
 20
221.812590894
 30
0
 10
141.014426323
 20
221.831600581
 30
0
  0
SPLINE
  5
86
100
AcDbEntity
  8
Shape2DView
  6
ByLayer
 62
  256
370
   -1
100
AcDbSpline
210
0
220
0
230
0
 70
    8
 71
    3
 72
    8
 73
    4
 74
    0
 42
1e-07
 43
1e-07
 40
0
 40
0
 40
0
 40
0
 40
1
 40
1
 40
1
 40
1
 10
141.014426323
 20
221.831600581
 30
0
 10
140.995413592
 20
221.831600581
 30
0
 10
140.919363768
 20
221.841105425
 30
0
 10
140.890844671
 20
221.841105425
 30
0
  0
SPLINE
  5
87
100
AcDbEntity
  8
Shape2DView
  6
ByLayer
 62
  256
370
   -1
100
AcDbSpline
210
0
220
0
230
0
 70
    8
 71
    1
 72
    4
 73
    2
 74
    0
 42
1e-07
 43
1e-07
 40
0
 40
0
 40
46.9
 40
46.9
 10
140.890844671
 20
221.841105425
 30
0
 10
140.891361256
 20
226.298876987
 30
0
  0
SPLINE
  5
88
100
AcDbEntity
  8
Shape2DView
  6
ByLayer
 62
  256
370
   -1
100
AcDbSpline
210
0
220
0
230
0
 70
    8
 71
    3
 72
    8
 73
    4
 74
    0
 42
1e-07
 43
1e-07
 40
0
 40
0
 40
0
 40
0
 40
1
 40
1
 40
1
 40
1
 10
140.891361256
 20
226.298876987
 30
0
 10
140.891361256
 20
226.298876987
 30
0
 10
140.948415971
 20
226.441449638
 30
0
 10
140.948415971
 20
226.441449638
 30
0
  0
SPLINE
  5
89
100
AcDbEntity
  8
Shape2DView
  6
ByLayer
 62
  256
370
   -1
100
AcDbSpline
210
0
220
0
230
0
 70
    8
 71
    1
 72
    4
 73
    2
 74
    0
 42
1e-07
 43
1e-07
 40
0
 40
0
 40
4.8507731
 40
4.8507731
 10
140.948415971
 20
226.441449638
 30
0
 10
140.881924282
 20
226.897682122
 30
0
  0
SPLINE
  5
8A
100
AcDbEntity
  8
Shape2DView
  6
ByLayer
 62
  256
370
   -1
100
AcDbSpline
210
0
220
0
230
0
 70
    8
 71
    1
 72
    4
 73
    2
 74
    0
 42
1e-07
 43
1e-07
 40
0
 40
0
 40
1.8
 40
1.8
 10
140.881924282
 20
226.897682122
 30
0
 10
140.710809701
 20
226.897682122
 30
0
  0
SPLINE
  5
8B
100
AcDbEntity
  8
Shape2DView
  6
ByLayer
 62
  256
370
   -1
100
AcDbSpline
210
0
220
0
230
0
 70
    8
 71
    1
 72
    4
 73
    2
 74
    0
 42
1e-07
 43
1e-07
 40
0
 40
0
 40
4.8507731
 40
4.8507731
 10
140.710809701
 20
226.897682122
 30
0
 10
140.644212271
 20
226.441449638
 30
0
  0
SPLINE
  5
8C
100
AcDbEntity
  8
Shape2DView
  6
ByLayer
 62
  256
370
   -1
100
AcDbSpline
210
0
220
0
230
0
 70
    8
 71
    3
 72
    8
 73
    4
 74
    0
 42
1e-07
 43
1e-07
 40
0
 40
0
 40
0
 40
0
 40
1
 40
1
 40
1
 40
1
 10
140.644212271
 20
226.441449638
 30
0
 10
140.644212271
 20
226.441449638
 30
0
 10
140.720247776
 20
226.30838183
 30
0
 10
140.720247776
 20
226.30838183
 30
0
  0
SPLINE
  5
8D
100
AcDbEntity
  8
Shape2DView
  6
ByLayer
 62
  256
370
   -1
100
AcDbSpline
210
0
220
0
230
0
 70
    8
 71
    1
 72
    4
 73
    2
 74
    0
 42
1e-07
 43
1e-07
 40
0
 40
0
 40
46.9
 40
46.9
 10
140.720247776
 20
226.30838183
 30
0
 10
140.719731191
 20
221.850610268
 30
0
  0
SPLINE
  5
8E
100
AcDbEntity
  8
Shape2DView
  6
ByLayer
 62
  256
370
   -1
100
AcDbSpline
210
0
220
0
230
0
 70
    8
 71
    3
 72
    8
 73
    4
 74
    0
 42
1e-07
 43
1e-07
 40
0
 40
0
 40
0
 40
0
 40
1
 40
1
 40
1
 40
1
 10
140.719731191
 20
221.850610268
 30
0
 10
140.70071846
 20
221.850610268
 30
0
 10
140.719731191
 20
221.850610268
 30
0
 10
140.691212095
 20
221.850610268
 30
0
  0
SPLINE
  5
8F
100
AcDbEntity
  8
Shape2DView
  6
ByLayer
 62
  256
370
   -1
100
AcDbSpline
210
0
220
0
230
0
 70
    8
 71
    3
 72
    8
 73
    4
 74
    0
 42
1e-07
 43
1e-07
 40
0
 40
0
 40
0
 40
0
 40
1
 40
1
 40
1
 40
1
 10
140.691212095
 20
221.850610268
 30
0
 10
140.548615509
 20
221.841105425
 30
0
 10
140.453548548
 20
221.812590894
 30
0
 10
140.453544142
 20
221.774571521
 30
0
  0
SPLINE
  5
90
100
AcDbEntity
  8
Shape2DView
  6
ByLayer
 62
  256
370
   -1
100
AcDbSpline
210
0
220
0
230
0
 70
    8
 71
    1
 72
    4
 73
    2
 74
    0
 42
1e-07
 43
1e-07
 40
0
 40
0
 40
1
 40
1
 10
140.453544142
 20
221.774571521
 30
0
 10
140.453543041
 20
221.765066677
 30
0
  0
SPLINE
  5
91
100
AcDbEntity
  8
Shape2DView
  6
ByLayer
 62
  256
370
   -1
100
AcDbSpline
210
0
220
0
230
0
 70
    8
 71
    3
 72
    8
 73
    4
 74
    0
 42
1e-07
 43
1e-07
 40
0
 40
0
 40
0
 40
0
 40
1
 40
1
 40
1
 40
1
 10
140.453543041
 20
221.765066677
 30
0
 10
140.453540838
 20
221.74605699
 30
0
 10
140.463046102
 20
221.736552147
 30
0
 10
140.491562996
 20
221.71754246
 30
0
  0
SPLINE
  5
92
100
AcDbEntity
  8
Shape2DView
  6
ByLayer
 62
  256
370
   -1
100
AcDbSpline
210
0
220
0
230
0
 70
    8
 71
    3
 72
    8
 73
    4
 74
    0
 42
1e-07
 43
1e-07
 40
0
 40
0
 40
0
 40
0
 40
1
 40
1
 40
1
 40
1
 10
140.491562996
 20
221.71754246
 30
0
 10
140.529582951
 20
221.670018243
 30
0
 10
140.577105968
 20
221.593979496
 30
0
 10
140.577096054
 20
221.508435905
 30
0
  0
SPLINE
  5
93
100
AcDbEntity
  8
Shape2DView
  6
ByLayer
 62
  256
370
   -1
100
AcDbSpline
210
0
220
0
230
0
 70
    8
 71
    3
 72
    8
 73
    4
 74
    0
 42
1e-07
 43
1e-07
 40
0
 40
0
 40
0
 40
0
 40
1
 40
1
 40
1
 40
1
 10
140.577096054
 20
221.508435905
 30
0
 10
140.558078917
 20
221.470416531
 30
0
 10
140.539059577
 20
221.413387471
 30
0
 10
140.529547704
 20
221.365863254
 30
0
  0
SPLINE
  5
94
100
AcDbEntity
  8
Shape2DView
  6
ByLayer
 62
  256
370
   -1
100
AcDbSpline
210
0
220
0
230
0
 70
    8
 71
    3
 72
    8
 73
    4
 74
    0
 42
1e-07
 43
1e-07
 40
0
 40
0
 40
0
 40
0
 40
1
 40
1
 40
1
 40
1
 10
140.529547704
 20
221.365863254
 30
0
 10
140.481946484
 20
220.767058119
 30
0
 10
140.424765101
 20
219.531428474
 30
0
 10
140.377164982
 20
218.942128183
 30
0
  0
SPLINE
  5
95
100
AcDbEntity
  8
Shape2DView
  6
ByLayer
 62
  256
370
   -1
100
AcDbSpline
210
0
220
0
230
0
 70
    8
 71
    3
 72
    8
 73
    4
 74
    0
 42
1e-07
 43
1e-07
 40
0
 40
0
 40
0
 40
0
 40
1
 40
1
 40
1
 40
1
 10
140.377164982
 20
218.942128183
 30
0
 10
140.358134628
 20
218.790050688
 30
0
 10
140.453158631
 20
218.447876325
 30
0
 10
140.690812265
 20
218.400352108
 30
0
  0
SPLINE
  5
96
100
AcDbEntity
  8
Shape2DView
  6
ByLayer
 62
  256
370
   -1
100
AcDbSpline
210
0
220
0
230
0
 70
    8
 71
    2
 72
    6
 73
    3
 74
    0
 42
1e-07
 43
1e-07
 40
0
 40
0
 40
0
 40
1
 40
1
 40
1
 10
140.690812265
 20
218.400352108
 30
0
 10
140.74547249
 20
218.388471054
 30
0
 10
140.814393916
 20
218.390847265
 30
0
  0
SPLINE
  5
97
100
AcDbEntity
  8
Shape2DView
  6
ByLayer
 62
  256
370
   -1
100
AcDbSpline
210
0
220
0
230
0
 70
    8
 71
    2
 72
    6
 73
    3
 74
    0
 42
1e-07
 43
1e-07
 40
0
 40
0
 40
0
 40
1
 40
1
 40
1
 10
140.814393916
 20
218.390847265
 30
0
 10
140.869055243
 20
218.388471054
 30
0
 10
140.909458674
 20
218.400352108
 30
0
  0
SPLINE
  5
98
100
AcDbEntity
  8
Shape2DView
  6
ByLayer
 62
  256
370
   -1
100
AcDbSpline
210
0
220
0
230
0
 70
    8
 71
    3
 72
    8
 73
    4
 74
    0
 42
1e-07
 43
1e-07
 40
0
 40
0
 40
0
 40
0
 40
1
 40
1
 40
1
 40
1
 10
140.909458674
 20
218.400352108
 30
0
 10
141.147123322
 20
218.447876325
 30
0
 10
141.251730794
 20
218.771041001
 30
0
 10
141.242243153
 20
218.932623339
 30
0
  0
SPLINE
  5
99
100
AcDbEntity
  8
Shape2DView
  6
ByLayer
 62
  256
370
   -1
100
AcDbSpline
210
0
220
0
230
0
 70
    8
 71
    3
 72
    8
 73
    4
 74
    0
 42
1e-07
 43
1e-07
 40
0
 40
0
 40
0
 40
0
 40
1
 40
1
 40
1
 40
1
 10
141.242243153
 20
218.932623339
 30
0
 10
141.213793448
 20
219.531428474
 30
0
 10
141.185417541
 20
220.767058119
 30
0
 10
141.156967836
 20
221.365863254
 30
0
  0
SPLINE
  5
9A
100
AcDbEntity
  8
Shape2DView
  6
ByLayer
 62
  256
370
   -1
100
AcDbSpline
210
0
220
0
230
0
 70
    8
 71
    3
 72
    8
 73
    4
 74
    0
 42
1e-07
 43
1e-07
 40
0
 40
0
 40
0
 40
0
 40
1
 40
1
 40
1
 40
1
 10
141.156967836
 20
221.365863254
 30
0
 10
141.156973343
 20
221.413387471
 30
0
 10
141.137967221
 20
221.470416531
 30
0
 10
141.118958895
 20
221.508435905
 30
0
  0
SPLINE
  5
9B
100
AcDbEntity
  8
Shape2DView
  6
ByLayer
 62
  256
370
   -1
100
AcDbSpline
210
0
220
0
230
0
 70
    8
 71
    3
 72
    8
 73
    4
 74
    0
 42
1e-07
 43
1e-07
 40
0
 40
0
 40
0
 40
0
 40
1
 40
1
 40
1
 40
1
 10
141.118958895
 20
221.508435905
 30
0
 10
141.118968808
 20
221.593979496
 30
0
 10
141.176015814
 20
221.670018243
 30
0
 10
141.214045682
 20
221.708037617
 30
0
  0
SPLINE
  5
9C
100
AcDbEntity
  8
Shape2DView
  6
ByLayer
 62
  256
370
   -1
100
AcDbSpline
210
0
220
0
230
0
 70
    8
 71
    2
 72
    6
 73
    3
 74
    0
 42
1e-07
 43
1e-07
 40
0
 40
0
 40
0
 40
1
 40
1
 40
1
 10
141.214045682
 20
221.708037617
 30
0
 10
141.254447736
 20
221.708037617
 30
0
 10
141.252074449
 20
221.736552147
 30
0
  0
SPLINE
  5
9D
100
AcDbEntity
  8
Shape2DView
  6
ByLayer
 62
  256
370
   -1
100
AcDbSpline
210
0
220
0
230
0
 70
    8
 71
    1
 72
    4
 73
    2
 74
    0
 42
1e-07
 43
1e-07
 40
0
 40
0
 40
39.9040098
 40
39.9040098
 10
158.421673338
 20
231.250900407
 30
0
 10
159.485964429
 20
227.610545378
 30
0
  0
SPLINE
  5
9E
100
AcDbEntity
  8
Shape2DView
  6
ByLayer
 62
  256
370
   -1
100
AcDbSpline
210
0
220
0
230
0
 70
    8
 71
    1
 72
    4
 73
    2
 74
    0
 42
1e-07
 43
1e-07
 40
0
 40
0
 40
6.1
 40
6.1
 10
159.485964429
 20
227.610545378
 30
0
 10
160.065852733
 20
227.610545378
 30
0
  0
SPLINE
  5
9F
100
AcDbEntity
  8
Shape2DView
  6
ByLayer
 62
  256
370
   -1
100
AcDbSpline
210
0
220
0
230
0
 70
    8
 71
    1
 72
    4
 73
    2
 74
    0
 42
1e-07
 43
1e-07
 40
0
 40
0
 40
39.9321925
 40
39.9321925
 10
160.065852733
 20
227.610545378
 30
0
 10
161.140493908
 20
231.250900407
 30
0
  0
SPLINE
  5
A0
100
AcDbEntity
  8
Shape2DView
  6
ByLayer
 62
  256
370
   -1
100
AcDbSpline
210
0
220
0
230
0
 70
    8
 71
    1
 72
    4
 73
    2
 74
    0
 42
1e-07
 43
1e-07
 40
0
 40
0
 40
0.8999999999999999
 40
0.8999999999999999
 10
161.140493908
 20
231.250900407
 30
0
 10
161.226051199
 20
231.250900407
 30
0
  0
SPLINE
  5
A1
100
AcDbEntity
  8
Shape2DView
  6
ByLayer
 62
  256
370
   -1
100
AcDbSpline
210
0
220
0
230
0
 70
    8
 71
    1
 72
    4
 73
    2
 74
    0
 42
1e-07
 43
1e-07
 40
0
 40
0
 40
39.9
 40
39.9
 10
161.226051199
 20
231.250900407
 30
0
 10
161.225611716
 20
227.458467884
 30
0
  0
SPLINE
  5
A2
100
AcDbEntity
  8
Shape2DView
  6
ByLayer
 62
  256
370
   -1
100
AcDbSpline
210
0
220
0
230
0
 70
    8
 71
    1
 72
    4
 73
    2
 74
    0
 42
1e-07
 43
1e-07
 40
0
 40
0
 40
4.7
 40
4.7
 10
161.225611716
 20
227.458467884
 30
0
 10
161.672410901
 20
227.458467884
 30
0
  0
SPLINE
  5
A3
100
AcDbEntity
  8
Shape2DView
  6
ByLayer
 62
  256
370
   -1
100
AcDbSpline
210
0
220
0
230
0
 70
    8
 71
    1
 72
    4
 73
    2
 74
    0
 42
1e-07
 43
1e-07
 40
0
 40
0
 40
44.3
 40
44.3
 10
161.672410901
 20
227.458467884
 30
0
 10
161.672898847
 20
231.669113517
 30
0
  0
SPLINE
  5
A4
100
AcDbEntity
  8
Shape2DView
  6
ByLayer
 62
  256
370
   -1
100
AcDbSpline
210
0
220
0
230
0
 70
    8
 71
    1
 72
    4
 73
    2
 74
    0
 42
1e-07
 43
1e-07
 40
0
 40
0
 40
8.6
 40
8.6
 10
161.672898847
 20
231.669113517
 30
0
 10
160.855351403
 20
231.669113517
 30
0
  0
SPLINE
  5
A5
100
AcDbEntity
  8
Shape2DView
  6
ByLayer
 62
  256
370
   -1
100
AcDbSpline
210
0
220
0
230
0
 70
    8
 71
    1
 72
    4
 73
    2
 74
    0
 42
1e-07
 43
1e-07
 40
0
 40
0
 40
39.64454569999999
 40
39.64454569999999
 10
160.855351403
 20
231.669113517
 30
0
 10
159.780713533
 20
228.057273019
 30
0
  0
SPLINE
  5
A6
100
AcDbEntity
  8
Shape2DView
  6
ByLayer
 62
  256
370
   -1
100
AcDbSpline
210
0
220
0
230
0
 70
    8
 71
    1
 72
    4
 73
    2
 74
    0
 42
1e-07
 43
1e-07
 40
0
 40
0
 40
39.64454569999999
 40
39.64454569999999
 10
159.780713533
 20
228.057273019
 30
0
 10
158.706912771
 20
231.669113517
 30
0
  0
SPLINE
  5
A7
100
AcDbEntity
  8
Shape2DView
  6
ByLayer
 62
  256
370
   -1
100
AcDbSpline
210
0
220
0
230
0
 70
    8
 71
    1
 72
    4
 73
    2
 74
    0
 42
1e-07
 43
1e-07
 40
0
 40
0
 40
8.6
 40
8.6
 10
158.706912771
 20
231.669113517
 30
0
 10
157.889365327
 20
231.669113517
 30
0
  0
SPLINE
  5
A8
100
AcDbEntity
  8
Shape2DView
  6
ByLayer
 62
  256
370
   -1
100
AcDbSpline
210
0
220
0
230
0
 70
    8
 71
    1
 72
    4
 73
    2
 74
    0
 42
1e-07
 43
1e-07
 40
0
 40
0
 40
44.3
 40
44.3
 10
157.889365327
 20
231.669113517
 30
0
 10
157.88887738
 20
227.458467884
 30
0
  0
SPLINE
  5
A9
100
AcDbEntity
  8
Shape2DView
  6
ByLayer
 62
  256
370
   -1
100
AcDbSpline
210
0
220
0
230
0
 70
    8
 71
    1
 72
    4
 73
    2
 74
    0
 42
1e-07
 43
1e-07
 40
0
 40
0
 40
4.6
 40
4.6
 10
157.88887738
 20
227.458467884
 30
0
 10
158.326170199
 20
227.458467884
 30
0
  0
SPLINE
  5
AA
100
AcDbEntity
  8
Shape2DView
  6
ByLayer
 62
  256
370
   -1
100
AcDbSpline
210
0
220
0
230
0
 70
    8
 71
    1
 72
    4
 73
    2
 74
    0
 42
1e-07
 43
1e-07
 40
0
 40
0
 40
39.9
 40
39.9
 10
158.326170199
 20
227.458467884
 30
0
 10
158.326609682
 20
231.250900407
 30
0
  0
SPLINE
  5
AB
100
AcDbEntity
  8
Shape2DView
  6
ByLayer
 62
  256
370
   -1
100
AcDbSpline
210
0
220
0
230
0
 70
    8
 71
    1
 72
    4
 73
    2
 74
    0
 42
1e-07
 43
1e-07
 40
0
 40
0
 40
1
 40
1
 10
158.326609682
 20
231.250900407
 30
0
 10
158.421673338
 20
231.250900407
 30
0
  0
SPLINE
  5
AC
100
AcDbEntity
  8
Shape2DView
  6
ByLayer
 62
  256
370
   -1
100
AcDbSpline
210
0
220
0
230
0
 70
    8
 71
    1
 72
    4
 73
    2
 74
    0
 42
1e-07
 43
1e-07
 40
0
 40
0
 40
1.9
 40
1.9
 10
163.735731725
 20
231.250900407
 30
0
 10
163.916352672
 20
231.250900407
 30
0
  0
SPLINE
  5
AD
100
AcDbEntity
  8
Shape2DView
  6
ByLayer
 62
  256
370
   -1
100
AcDbSpline
210
0
220
0
230
0
 70
    8
 71
    1
 72
    4
 73
    2
 74
    0
 42
1e-07
 43
1e-07
 40
0
 40
0
 40
25.1033862
 40
25.1033862
 10
163.916352672
 20
231.250900407
 30
0
 10
164.514986052
 20
228.941223457
 30
0
  0
SPLINE
  5
AE
100
AcDbEntity
  8
Shape2DView
  6
ByLayer
 62
  256
370
   -1
100
AcDbSpline
210
0
220
0
230
0
 70
    8
 71
    1
 72
    4
 73
    2
 74
    0
 42
1e-07
 43
1e-07
 40
0
 40
0
 40
14.6
 40
14.6
 10
164.514986052
 20
228.941223457
 30
0
 10
163.12705667
 20
228.941223457
 30
0
  0
SPLINE
  5
AF
100
AcDbEntity
  8
Shape2DView
  6
ByLayer
 62
  256
370
   -1
100
AcDbSpline
210
0
220
0
230
0
 70
    8
 71
    1
 72
    4
 73
    2
 74
    0
 42
1e-07
 43
1e-07
 40
0
 40
0
 40
25.1286689
 40
25.1286689
 10
163.12705667
 20
228.941223457
 30
0
 10
163.735731725
 20
231.250900407
 30
0
  0
SPLINE
  5
B0
100
AcDbEntity
  8
Shape2DView
  6
ByLayer
 62
  256
370
   -1
100
AcDbSpline
210
0
220
0
230
0
 70
    8
 71
    1
 72
    4
 73
    2
 74
    0
 42
1e-07
 43
1e-07
 40
0
 40
0
 40
4.899999999999999
 40
4.899999999999999
 10
162.271311936
 20
227.458467884
 30
0
 10
162.737123851
 20
227.458467884
 30
0
  0
SPLINE
  5
B1
100
AcDbEntity
  8
Shape2DView
  6
ByLayer
 62
  256
370
   -1
100
AcDbSpline
210
0
220
0
230
0
 70
    8
 71
    1
 72
    4
 73
    2
 74
    0
 42
1e-07
 43
1e-07
 40
0
 40
0
 40
11.7175083
 40
11.7175083
 10
162.737123851
 20
227.458467884
 30
0
 10
163.031945651
 20
228.53251519
 30
0
  0
SPLINE
  5
B2
100
AcDbEntity
  8
Shape2DView
  6
ByLayer
 62
  256
370
   -1
100
AcDbSpline
210
0
220
0
230
0
 70
    8
 71
    1
 72
    4
 73
    2
 74
    0
 42
1e-07
 43
1e-07
 40
0
 40
0
 40
16.6
 40
16.6
 10
163.031945651
 20
228.53251519
 30
0
 10
164.610002345
 20
228.53251519
 30
0
  0
SPLINE
  5
B3
100
AcDbEntity
  8
Shape2DView
  6
ByLayer
 62
  256
370
   -1
100
AcDbSpline
210
0
220
0
230
0
 70
    8
 71
    1
 72
    4
 73
    2
 74
    0
 42
1e-07
 43
1e-07
 40
0
 40
0
 40
11.7175083
 40
11.7175083
 10
164.610002345
 20
228.53251519
 30
0
 10
164.904575215
 20
227.458467884
 30
0
  0
SPLINE
  5
B4
100
AcDbEntity
  8
Shape2DView
  6
ByLayer
 62
  256
370
   -1
100
AcDbSpline
210
0
220
0
230
0
 70
    8
 71
    1
 72
    4
 73
    2
 74
    0
 42
1e-07
 43
1e-07
 40
0
 40
0
 40
4.899999999999999
 40
4.899999999999999
 10
164.904575215
 20
227.458467884
 30
0
 10
165.370387131
 20
227.458467884
 30
0
  0
SPLINE
  5
B5
100
AcDbEntity
  8
Shape2DView
  6
ByLayer
 62
  256
370
   -1
100
AcDbSpline
210
0
220
0
230
0
 70
    8
 71
    1
 72
    4
 73
    2
 74
    0
 42
1e-07
 43
1e-07
 40
0
 40
0
 40
45.7433055
 40
45.7433055
 10
165.370387131
 20
227.458467884
 30
0
 10
164.287149396
 20
231.669113517
 30
0
  0
SPLINE
  5
B6
100
AcDbEntity
  8
Shape2DView
  6
ByLayer
 62
  256
370
   -1
100
AcDbSpline
210
0
220
0
230
0
 70
    8
 71
    1
 72
    4
 73
    2
 74
    0
 42
1e-07
 43
1e-07
 40
0
 40
0
 40
9.699999999999999
 40
9.699999999999999
 10
164.287149396
 20
231.669113517
 30
0
 10
163.36503193
 20
231.669113517
 30
0
  0
SPLINE
  5
B7
100
AcDbEntity
  8
Shape2DView
  6
ByLayer
 62
  256
370
   -1
100
AcDbSpline
210
0
220
0
230
0
 70
    8
 71
    1
 72
    4
 73
    2
 74
    0
 42
1e-07
 43
1e-07
 40
0
 40
0
 40
45.7683297
 40
45.7683297
 10
163.36503193
 20
231.669113517
 30
0
 10
162.271311936
 20
227.458467884
 30
0
  0
SPLINE
  5
B8
100
AcDbEntity
  8
Shape2DView
  6
ByLayer
 62
  256
370
   -1
100
AcDbSpline
210
0
220
0
230
0
 70
    8
 71
    1
 72
    4
 73
    2
 74
    0
 42
1e-07
 43
1e-07
 40
0
 40
0
 40
5.5
 40
5.5
 10
168.546001198
 20
231.669113517
 30
0
 10
168.023151088
 20
231.669113517
 30
0
  0
SPLINE
  5
B9
100
AcDbEntity
  8
Shape2DView
  6
ByLayer
 62
  256
370
   -1
100
AcDbSpline
210
0
220
0
230
0
 70
    8
 71
    1
 72
    4
 73
    2
 74
    0
 42
1e-07
 43
1e-07
 40
0
 40
0
 40
22.8589151
 40
22.8589151
 10
168.023151088
 20
231.669113517
 30
0
 10
167.005747471
 20
229.749135147
 30
0
  0
SPLINE
  5
BA
100
AcDbEntity
  8
Shape2DView
  6
ByLayer
 62
  256
370
   -1
100
AcDbSpline
210
0
220
0
230
0
 70
    8
 71
    1
 72
    4
 73
    2
 74
    0
 42
1e-07
 43
1e-07
 40
0
 40
0
 40
6.0074953
 40
6.0074953
 10
167.005747471
 20
229.749135147
 30
0
 10
166.435362229
 20
229.720620617
 30
0
  0
SPLINE
  5
BB
100
AcDbEntity
  8
Shape2DView
  6
ByLayer
 62
  256
370
   -1
100
AcDbSpline
210
0
220
0
230
0
 70
    8
 71
    1
 72
    4
 73
    2
 74
    0
 42
1e-07
 43
1e-07
 40
0
 40
0
 40
20.5
 40
20.5
 10
166.435362229
 20
229.720620617
 30
0
 10
166.435588028
 20
231.669113517
 30
0
  0
SPLINE
  5
BC
100
AcDbEntity
  8
Shape2DView
  6
ByLayer
 62
  256
370
   -1
100
AcDbSpline
210
0
220
0
230
0
 70
    8
 71
    1
 72
    4
 73
    2
 74
    0
 42
1e-07
 43
1e-07
 40
0
 40
0
 40
4.8
 40
4.8
 10
166.435588028
 20
231.669113517
 30
0
 10
165.979282478
 20
231.669113517
 30
0
  0
SPLINE
  5
BD
100
AcDbEntity
  8
Shape2DView
  6
ByLayer
 62
  256
370
   -1
100
AcDbSpline
210
0
220
0
230
0
 70
    8
 71
    1
 72
    4
 73
    2
 74
    0
 42
1e-07
 43
1e-07
 40
0
 40
0
 40
44.3
 40
44.3
 10
165.979282478
 20
231.669113517
 30
0
 10
165.978794531
 20
227.458467884
 30
0
  0
SPLINE
  5
BE
100
AcDbEntity
  8
Shape2DView
  6
ByLayer
 62
  256
370
   -1
100
AcDbSpline
210
0
220
0
230
0
 70
    8
 71
    1
 72
    4
 73
    2
 74
    0
 42
1e-07
 43
1e-07
 40
0
 40
0
 40
4.8
 40
4.8
 10
165.978794531
 20
227.458467884
 30
0
 10
166.435100082
 20
227.458467884
 30
0
  0
SPLINE
  5
BF
100
AcDbEntity
  8
Shape2DView
  6
ByLayer
 62
  256
370
   -1
100
AcDbSpline
210
0
220
0
230
0
 70
    8
 71
    1
 72
    4
 73
    2
 74
    0
 42
1e-07
 43
1e-07
 40
0
 40
0
 40
19.5
 40
19.5
 10
166.435100082
 20
227.458467884
 30
0
 10
166.435314866
 20
229.31191235
 30
0
  0
SPLINE
  5
C0
100
AcDbEntity
  8
Shape2DView
  6
ByLayer
 62
  256
370
   -1
100
AcDbSpline
210
0
220
0
230
0
 70
    8
 71
    1
 72
    4
 73
    2
 74
    0
 42
1e-07
 43
1e-07
 40
0
 40
0
 40
6.1032778
 40
6.1032778
 10
166.435314866
 20
229.31191235
 30
0
 10
167.015205372
 20
229.330922037
 30
0
  0
SPLINE
  5
C1
100
AcDbEntity
  8
Shape2DView
  6
ByLayer
 62
  256
370
   -1
100
AcDbSpline
210
0
220
0
230
0
 70
    8
 71
    1
 72
    4
 73
    2
 74
    0
 42
1e-07
 43
1e-07
 40
0
 40
0
 40
22.7107904
 40
22.7107904
 10
167.015205372
 20
229.330922037
 30
0
 10
168.089207701
 20
227.458467884
 30
0
  0
SPLINE
  5
C2
100
AcDbEntity
  8
Shape2DView
  6
ByLayer
 62
  256
370
   -1
100
AcDbSpline
210
0
220
0
230
0
 70
    8
 71
    1
 72
    4
 73
    2
 74
    0
 42
1e-07
 43
1e-07
 40
0
 40
0
 40
5.5
 40
5.5
 10
168.089207701
 20
227.458467884
 30
0
 10
168.612057811
 20
227.458467884
 30
0
  0
SPLINE
  5
C3
100
AcDbEntity
  8
Shape2DView
  6
ByLayer
 62
  256
370
   -1
100
AcDbSpline
210
0
220
0
230
0
 70
    8
 71
    1
 72
    4
 73
    2
 74
    0
 42
1e-07
 43
1e-07
 40
0
 40
0
 40
25.7005837
 40
25.7005837
 10
168.612057811
 20
227.458467884
 30
0
 10
167.414502468
 20
229.587552809
 30
0
  0
SPLINE
  5
C4
100
AcDbEntity
  8
Shape2DView
  6
ByLayer
 62
  256
370
   -1
100
AcDbSpline
210
0
220
0
230
0
 70
    8
 71
    1
 72
    4
 73
    2
 74
    0
 42
1e-07
 43
1e-07
 40
0
 40
0
 40
24.9242853
 40
24.9242853
 10
167.414502468
 20
229.587552809
 30
0
 10
168.546001198
 20
231.669113517
 30
0
  0
SPLINE
  5
C5
100
AcDbEntity
  8
Shape2DView
  6
ByLayer
 62
  256
370
   -1
100
AcDbSpline
210
0
220
0
230
0
 70
    8
 71
    1
 72
    4
 73
    2
 74
    0
 42
1e-07
 43
1e-07
 40
0
 40
0
 40
16
 40
16
 10
169.629287397
 20
227.876680994
 30
0
 10
169.629463631
 20
229.39745594
 30
0
  0
SPLINE
  5
C6
100
AcDbEntity
  8
Shape2DView
  6
ByLayer
 62
  256
370
   -1
100
AcDbSpline
210
0
220
0
230
0
 70
    8
 71
    1
 72
    4
 73
    2
 74
    0
 42
1e-07
 43
1e-07
 40
0
 40
0
 40
16.3
 40
16.3
 10
169.629463631
 20
229.39745594
 30
0
 10
171.179001229
 20
229.39745594
 30
0
  0
SPLINE
  5
C7
100
AcDbEntity
  8
Shape2DView
  6
ByLayer
 62
  256
370
   -1
100
AcDbSpline
210
0
220
0
230
0
 70
    8
 71
    1
 72
    4
 73
    2
 74
    0
 42
1e-07
 43
1e-07
 40
0
 40
0
 40
4.3
 40
4.3
 10
171.179001229
 20
229.39745594
 30
0
 10
171.179048591
 20
229.806164207
 30
0
  0
SPLINE
  5
C8
100
AcDbEntity
  8
Shape2DView
  6
ByLayer
 62
  256
370
   -1
100
AcDbSpline
210
0
220
0
230
0
 70
    8
 71
    1
 72
    4
 73
    2
 74
    0
 42
1e-07
 43
1e-07
 40
0
 40
0
 40
16.3
 40
16.3
 10
171.179048591
 20
229.806164207
 30
0
 10
169.629510994
 20
229.806164207
 30
0
  0
SPLINE
  5
C9
100
AcDbEntity
  8
Shape2DView
  6
ByLayer
 62
  256
370
   -1
100
AcDbSpline
210
0
220
0
230
0
 70
    8
 71
    1
 72
    4
 73
    2
 74
    0
 42
1e-07
 43
1e-07
 40
0
 40
0
 40
15.2
 40
15.2
 10
169.629510994
 20
229.806164207
 30
0
 10
169.629678416
 20
231.250900407
 30
0
  0
SPLINE
  5
CA
100
AcDbEntity
  8
Shape2DView
  6
ByLayer
 62
  256
370
   -1
100
AcDbSpline
210
0
220
0
230
0
 70
    8
 71
    1
 72
    4
 73
    2
 74
    0
 42
1e-07
 43
1e-07
 40
0
 40
0
 40
19.9
 40
19.9
 10
169.629678416
 20
231.250900407
 30
0
 10
171.521445176
 20
231.250900407
 30
0
  0
SPLINE
  5
CB
100
AcDbEntity
  8
Shape2DView
  6
ByLayer
 62
  256
370
   -1
100
AcDbSpline
210
0
220
0
230
0
 70
    8
 71
    1
 72
    4
 73
    2
 74
    0
 42
1e-07
 43
1e-07
 40
0
 40
0
 40
4.399999999999999
 40
4.399999999999999
 10
171.521445176
 20
231.250900407
 30
0
 10
171.52149364
 20
231.669113517
 30
0
  0
SPLINE
  5
CC
100
AcDbEntity
  8
Shape2DView
  6
ByLayer
 62
  256
370
   -1
100
AcDbSpline
210
0
220
0
230
0
 70
    8
 71
    1
 72
    4
 73
    2
 74
    0
 42
1e-07
 43
1e-07
 40
0
 40
0
 40
24.7
 40
24.7
 10
171.52149364
 20
231.669113517
 30
0
 10
169.17342133
 20
231.669113517
 30
0
  0
SPLINE
  5
CD
100
AcDbEntity
  8
Shape2DView
  6
ByLayer
 62
  256
370
   -1
100
AcDbSpline
210
0
220
0
230
0
 70
    8
 71
    1
 72
    4
 73
    2
 74
    0
 42
1e-07
 43
1e-07
 40
0
 40
0
 40
44.3
 40
44.3
 10
169.17342133
 20
231.669113517
 30
0
 10
169.172933383
 20
227.458467884
 30
0
  0
SPLINE
  5
CE
100
AcDbEntity
  8
Shape2DView
  6
ByLayer
 62
  256
370
   -1
100
AcDbSpline
210
0
220
0
230
0
 70
    8
 71
    1
 72
    4
 73
    2
 74
    0
 42
1e-07
 43
1e-07
 40
0
 40
0
 40
24.7
 40
24.7
 10
169.172933383
 20
227.458467884
 30
0
 10
171.521005694
 20
227.458467884
 30
0
  0
SPLINE
  5
CF
100
AcDbEntity
  8
Shape2DView
  6
ByLayer
 62
  256
370
   -1
100
AcDbSpline
210
0
220
0
230
0
 70
    8
 71
    1
 72
    4
 73
    2
 74
    0
 42
1e-07
 43
1e-07
 40
0
 40
0
 40
4.399999999999999
 40
4.399999999999999
 10
171.521005694
 20
227.458467884
 30
0
 10
171.521054158
 20
227.876680994
 30
0
  0
SPLINE
  5
D0
100
AcDbEntity
  8
Shape2DView
  6
ByLayer
 62
  256
370
   -1
100
AcDbSpline
210
0
220
0
230
0
 70
    8
 71
    1
 72
    4
 73
    2
 74
    0
 42
1e-07
 43
1e-07
 40
0
 40
0
 40
19.9
 40
19.9
 10
171.521054158
 20
227.876680994
 30
0
 10
169.629287397
 20
227.876680994
 30
0
  0
SPLINE
  5
D1
100
AcDbEntity
  8
Shape2DView
  6
ByLayer
 62
  256
370
   -1
100
AcDbSpline
210
0
220
0
230
0
 70
    8
 71
    3
 72
    8
 73
    4
 74
    0
 42
1e-07
 43
1e-07
 40
0
 40
0
 40
0
 40
0
 40
1
 40
1
 40
1
 40
1
 10
174.430292826
 20
230.385959656
 30
0
 10
174.430221231
 20
229.768144834
 30
0
 10
174.183021579
 20
229.473494688
 30
0
 10
173.641158738
 20
229.473494688
 30
0
  0
SPLINE
  5
D2
100
AcDbEntity
  8
Shape2DView
  6
ByLayer
 62
  256
370
   -1
100
AcDbSpline
210
0
220
0
230
0
 70
    8
 71
    1
 72
    4
 73
    2
 74
    0
 42
1e-07
 43
1e-07
 40
0
 40
0
 40
9.699999999999999
 40
9.699999999999999
 10
173.641158738
 20
229.473494688
 30
0
 10
172.719041272
 20
229.473494688
 30
0
  0
SPLINE
  5
D3
100
AcDbEntity
  8
Shape2DView
  6
ByLayer
 62
  256
370
   -1
100
AcDbSpline
210
0
220
0
230
0
 70
    8
 71
    1
 72
    4
 73
    2
 74
    0
 42
1e-07
 43
1e-07
 40
0
 40
0
 40
18.8
 40
18.8
 10
172.719041272
 20
229.473494688
 30
0
 10
172.719248347
 20
231.26040525
 30
0
  0
SPLINE
  5
D4
100
AcDbEntity
  8
Shape2DView
  6
ByLayer
 62
  256
370
   -1
100
AcDbSpline
210
0
220
0
230
0
 70
    8
 71
    1
 72
    4
 73
    2
 74
    0
 42
1e-07
 43
1e-07
 40
0
 40
0
 40
9.699999999999999
 40
9.699999999999999
 10
172.719248347
 20
231.26040525
 30
0
 10
173.641365813
 20
231.26040525
 30
0
  0
SPLINE
  5
D5
100
AcDbEntity
  8
Shape2DView
  6
ByLayer
 62
  256
370
   -1
100
AcDbSpline
210
0
220
0
230
0
 70
    8
 71
    3
 72
    8
 73
    4
 74
    0
 42
1e-07
 43
1e-07
 40
0
 40
0
 40
0
 40
0
 40
1
 40
1
 40
1
 40
1
 10
173.641365813
 20
231.26040525
 30
0
 10
174.183228654
 20
231.26040525
 30
0
 10
174.430361116
 20
230.975259948
 30
0
 10
174.430292826
 20
230.385959656
 30
0
  0
SPLINE
  5
D6
100
AcDbEntity
  8
Shape2DView
  6
ByLayer
 62
  256
370
   -1
100
AcDbSpline
210
0
220
0
230
0
 70
    8
 71
    1
 72
    4
 73
    2
 74
    0
 42
1e-07
 43
1e-07
 40
0
 40
0
 40
5.3
 40
5.3
 10
174.506004501
 20
227.458467884
 30
0
 10
175.00984188
 20
227.458467884
 30
0
  0
SPLINE
  5
D7
100
AcDbEntity
  8
Shape2DView
  6
ByLayer
 62
  256
370
   -1
100
AcDbSpline
210
0
220
0
230
0
 70
    8
 71
    1
 72
    4
 73
    2
 74
    0
 42
1e-07
 43
1e-07
 40
0
 40
0
 40
19.8156504
 40
19.8156504
 10
175.00984188
 20
227.458467884
 30
0
 10
174.201997962
 20
229.159834855
 30
0
  0
SPLINE
  5
D8
100
AcDbEntity
  8
Shape2DView
  6
ByLayer
 62
  256
370
   -1
100
AcDbSpline
210
0
220
0
230
0
 70
    8
 71
    3
 72
    8
 73
    4
 74
    0
 42
1e-07
 43
1e-07
 40
0
 40
0
 40
0
 40
0
 40
1
 40
1
 40
1
 40
1
 10
174.201997962
 20
229.159834855
 30
0
 10
174.601281841
 20
229.302407506
 30
0
 10
174.905521889
 20
229.616067339
 30
0
 10
174.905611107
 20
230.385959656
 30
0
  0
SPLINE
  5
D9
100
AcDbEntity
  8
Shape2DView
  6
ByLayer
 62
  256
370
   -1
100
AcDbSpline
210
0
220
0
230
0
 70
    8
 71
    3
 72
    8
 73
    4
 74
    0
 42
1e-07
 43
1e-07
 40
0
 40
0
 40
0
 40
0
 40
1
 40
1
 40
1
 40
1
 10
174.905611107
 20
230.385959656
 30
0
 10
174.905713543
 20
231.269910093
 30
0
 10
174.468465884
 20
231.659608674
 30
0
 10
173.641412074
 20
231.659608674
 30
0
  0
SPLINE
  5
DA
100
AcDbEntity
  8
Shape2DView
  6
ByLayer
 62
  256
370
   -1
100
AcDbSpline
210
0
220
0
230
0
 70
    8
 71
    1
 72
    4
 73
    2
 74
    0
 42
1e-07
 43
1e-07
 40
0
 40
0
 40
14.6
 40
14.6
 10
173.641412074
 20
231.659608674
 30
0
 10
172.253482692
 20
231.659608674
 30
0
  0
SPLINE
  5
DB
100
AcDbEntity
  8
Shape2DView
  6
ByLayer
 62
  256
370
   -1
100
AcDbSpline
210
0
220
0
230
0
 70
    8
 71
    1
 72
    4
 73
    2
 74
    0
 42
1e-07
 43
1e-07
 40
0
 40
0
 40
44.3
 40
44.3
 10
172.253482692
 20
231.659608674
 30
0
 10
172.252994746
 20
227.44896304
 30
0
  0
SPLINE
  5
DC
100
AcDbEntity
  8
Shape2DView
  6
ByLayer
 62
  256
370
   -1
100
AcDbSpline
210
0
220
0
230
0
 70
    8
 71
    1
 72
    4
 73
    2
 74
    0
 42
1e-07
 43
1e-07
 40
0
 40
0
 40
4.899999999999999
 40
4.899999999999999
 10
172.252994746
 20
227.44896304
 30
0
 10
172.718806661
 20
227.44896304
 30
0
  0
SPLINE
  5
DD
100
AcDbEntity
  8
Shape2DView
  6
ByLayer
 62
  256
370
   -1
100
AcDbSpline
210
0
220
0
230
0
 70
    8
 71
    1
 72
    4
 73
    2
 74
    0
 42
1e-07
 43
1e-07
 40
0
 40
0
 40
17
 40
17
 10
172.718806661
 20
227.44896304
 30
0
 10
172.71899391
 20
229.064786421
 30
0
  0
SPLINE
  5
DE
100
AcDbEntity
  8
Shape2DView
  6
ByLayer
 62
  256
370
   -1
100
AcDbSpline
210
0
220
0
230
0
 70
    8
 71
    1
 72
    4
 73
    2
 74
    0
 42
1e-07
 43
1e-07
 40
0
 40
0
 40
10.9
 40
10.9
 10
172.71899391
 20
229.064786421
 30
0
 10
173.755187763
 20
229.064786421
 30
0
  0
SPLINE
  5
DF
100
AcDbEntity
  8
Shape2DView
  6
ByLayer
 62
  256
370
   -1
100
AcDbSpline
210
0
220
0
230
0
 70
    8
 71
    1
 72
    4
 73
    2
 74
    0
 42
1e-07
 43
1e-07
 40
0
 40
0
 40
18.6552942
 40
18.6552942
 10
173.755187763
 20
229.064786421
 30
0
 10
174.506004501
 20
227.458467884
 30
0
  0
SPLINE
  5
E0
100
AcDbEntity
  8
Shape2DView
  6
ByLayer
 62
  256
370
   -1
100
AcDbSpline
210
0
220
0
230
0
 70
    8
 71
    1
 72
    4
 73
    2
 74
    0
 42
1e-07
 43
1e-07
 40
0
 40
0
 40
4.2
 40
4.2
 10
175.628083881
 20
230.290911222
 30
0
 10
176.027351237
 20
230.290911222
 30
0
  0
SPLINE
  5
E1
100
AcDbEntity
  8
Shape2DView
  6
ByLayer
 62
  256
370
   -1
100
AcDbSpline
210
0
220
0
230
0
 70
    8
 71
    1
 72
    4
 73
    2
 74
    0
 42
1e-07
 43
1e-07
 40
0
 40
0
 40
14.6003425
 40
14.6003425
 10
176.027351237
 20
230.290911222
 30
0
 10
176.037018416
 20
231.67861836
 30
0
  0
SPLINE
  5
E2
100
AcDbEntity
  8
Shape2DView
  6
ByLayer
 62
  256
370
   -1
100
AcDbSpline
210
0
220
0
230
0
 70
    8
 71
    1
 72
    4
 73
    2
 74
    0
 42
1e-07
 43
1e-07
 40
0
 40
0
 40
4.5
 40
4.5
 10
176.037018416
 20
231.67861836
 30
0
 10
175.609231962
 20
231.67861836
 30
0
  0
SPLINE
  5
E3
100
AcDbEntity
  8
Shape2DView
  6
ByLayer
 62
  256
370
   -1
100
AcDbSpline
210
0
220
0
230
0
 70
    8
 71
    1
 72
    4
 73
    2
 74
    0
 42
1e-07
 43
1e-07
 40
0
 40
0
 40
14.6013698
 40
14.6013698
 10
175.609231962
 20
231.67861836
 30
0
 10
175.628083881
 20
230.290911222
 30
0
  0
SPLINE
  5
E4
100
AcDbEntity
  8
Shape2DView
  6
ByLayer
 62
  256
370
   -1
100
AcDbSpline
210
0
220
0
230
0
 70
    8
 71
    3
 72
    8
 73
    4
 74
    0
 42
1e-07
 43
1e-07
 40
0
 40
0
 40
0
 40
0
 40
1
 40
1
 40
1
 40
1
 10
179.098059337
 20
231.602579613
 30
0
 10
179.098059337
 20
231.602579613
 30
0
 10
178.451640793
 20
231.726142577
 30
0
 10
177.976322512
 20
231.726142577
 30
0
  0
SPLINE
  5
E5
100
AcDbEntity
  8
Shape2DView
  6
ByLayer
 62
  256
370
   -1
100
AcDbSpline
210
0
220
0
230
0
 70
    8
 71
    3
 72
    8
 73
    4
 74
    0
 42
1e-07
 43
1e-07
 40
0
 40
0
 40
0
 40
0
 40
1
 40
1
 40
1
 40
1
 10
177.976322512
 20
231.726142577
 30
0
 10
177.139762336
 20
231.726142577
 30
0
 10
176.68341493
 20
231.364958528
 30
0
 10
176.683321306
 20
230.557046837
 30
0
  0
SPLINE
  5
E6
100
AcDbEntity
  8
Shape2DView
  6
ByLayer
 62
  256
370
   -1
100
AcDbSpline
210
0
220
0
230
0
 70
    8
 71
    3
 72
    8
 73
    4
 74
    0
 42
1e-07
 43
1e-07
 40
0
 40
0
 40
0
 40
0
 40
1
 40
1
 40
1
 40
1
 10
176.683321306
 20
230.557046837
 30
0
 10
176.683238697
 20
229.844183581
 30
0
 10
177.101491248
 20
229.606562496
 30
0
 10
177.880991201
 20
229.416465627
 30
0
  0
SPLINE
  5
E7
100
AcDbEntity
  8
Shape2DView
  6
ByLayer
 62
  256
370
   -1
100
AcDbSpline
210
0
220
0
230
0
 70
    8
 71
    3
 72
    8
 73
    4
 74
    0
 42
1e-07
 43
1e-07
 40
0
 40
0
 40
0
 40
0
 40
1
 40
1
 40
1
 40
1
 10
177.880991201
 20
229.416465627
 30
0
 10
178.451358819
 20
229.292902663
 30
0
 10
178.736533266
 20
229.150330012
 30
0
 10
178.736473788
 20
228.637068467
 30
0
  0
SPLINE
  5
E8
100
AcDbEntity
  8
Shape2DView
  6
ByLayer
 62
  256
370
   -1
100
AcDbSpline
210
0
220
0
230
0
 70
    8
 71
    3
 72
    8
 73
    4
 74
    0
 42
1e-07
 43
1e-07
 40
0
 40
0
 40
0
 40
0
 40
1
 40
1
 40
1
 40
1
 10
178.736473788
 20
228.637068467
 30
0
 10
178.736409903
 20
228.085787549
 30
0
 10
178.489211353
 20
227.800642247
 30
0
 10
177.947348512
 20
227.800642247
 30
0
  0
SPLINE
  5
E9
100
AcDbEntity
  8
Shape2DView
  6
ByLayer
 62
  256
370
   -1
100
AcDbSpline
210
0
220
0
230
0
 70
    8
 71
    3
 72
    8
 73
    4
 74
    0
 42
1e-07
 43
1e-07
 40
0
 40
0
 40
0
 40
0
 40
1
 40
1
 40
1
 40
1
 10
177.947348512
 20
227.800642247
 30
0
 10
177.548081155
 20
227.800642247
 30
0
 10
176.768569087
 20
227.886185837
 30
0
 10
176.768569087
 20
227.886185837
 30
0
  0
SPLINE
  5
EA
100
AcDbEntity
  8
Shape2DView
  6
ByLayer
 62
  256
370
   -1
100
AcDbSpline
210
0
220
0
230
0
 70
    8
 71
    1
 72
    4
 73
    2
 74
    0
 42
1e-07
 43
1e-07
 40
0
 40
0
 40
4.0112342
 40
4.0112342
 10
176.768569087
 20
227.886185837
 30
0
 10
176.740005932
 20
227.505992101
 30
0
  0
SPLINE
  5
EB
100
AcDbEntity
  8
Shape2DView
  6
ByLayer
 62
  256
370
   -1
100
AcDbSpline
210
0
220
0
230
0
 70
    8
 71
    3
 72
    8
 73
    4
 74
    0
 42
1e-07
 43
1e-07
 40
0
 40
0
 40
0
 40
0
 40
1
 40
1
 40
1
 40
1
 10
176.740005932
 20
227.505992101
 30
0
 10
176.740005932
 20
227.505992101
 30
0
 10
177.471982868
 20
227.39193398
 30
0
 10
177.947301149
 20
227.39193398
 30
0
  0
SPLINE
  5
EC
100
AcDbEntity
  8
Shape2DView
  6
ByLayer
 62
  256
370
   -1
100
AcDbSpline
210
0
220
0
230
0
 70
    8
 71
    3
 72
    8
 73
    4
 74
    0
 42
1e-07
 43
1e-07
 40
0
 40
0
 40
0
 40
0
 40
1
 40
1
 40
1
 40
1
 10
177.947301149
 20
227.39193398
 30
0
 10
178.812380421
 20
227.39193398
 30
0
 10
179.211699547
 20
227.83866162
 30
0
 10
179.211797576
 20
228.684592684
 30
0
  0
SPLINE
  5
ED
100
AcDbEntity
  8
Shape2DView
  6
ByLayer
 62
  256
370
   -1
100
AcDbSpline
210
0
220
0
230
0
 70
    8
 71
    3
 72
    8
 73
    4
 74
    0
 42
1e-07
 43
1e-07
 40
0
 40
0
 40
0
 40
0
 40
1
 40
1
 40
1
 40
1
 10
179.211797576
 20
228.684592684
 30
0
 10
179.211884592
 20
229.435475314
 30
0
 10
178.831654199
 20
229.644581869
 30
0
 10
178.080673343
 20
229.834678738
 30
0
  0
SPLINE
  5
EE
100
AcDbEntity
  8
Shape2DView
  6
ByLayer
 62
  256
370
   -1
100
AcDbSpline
210
0
220
0
230
0
 70
    8
 71
    3
 72
    8
 73
    4
 74
    0
 42
1e-07
 43
1e-07
 40
0
 40
0
 40
0
 40
0
 40
1
 40
1
 40
1
 40
1
 10
178.080673343
 20
229.834678738
 30
0
 10
177.443765571
 20
229.996261076
 30
0
 10
177.168093083
 20
230.100814353
 30
0
 10
177.168151461
 20
230.604571054
 30
0
  0
SPLINE
  5
EF
100
AcDbEntity
  8
Shape2DView
  6
ByLayer
 62
  256
370
   -1
100
AcDbSpline
210
0
220
0
230
0
 70
    8
 71
    3
 72
    8
 73
    4
 74
    0
 42
1e-07
 43
1e-07
 40
0
 40
0
 40
0
 40
0
 40
1
 40
1
 40
1
 40
1
 10
177.168151461
 20
230.604571054
 30
0
 10
177.168209838
 20
231.108327755
 30
0
 10
177.443917572
 20
231.307929467
 30
0
 10
178.004793144
 20
231.307929467
 30
0
  0
SPLINE
  5
F0
100
AcDbEntity
  8
Shape2DView
  6
ByLayer
 62
  256
370
   -1
100
AcDbSpline
210
0
220
0
230
0
 70
    8
 71
    3
 72
    8
 73
    4
 74
    0
 42
1e-07
 43
1e-07
 40
0
 40
0
 40
0
 40
0
 40
1
 40
1
 40
1
 40
1
 10
178.004793144
 20
231.307929467
 30
0
 10
178.413566866
 20
231.307929467
 30
0
 10
179.079002547
 20
231.222385876
 30
0
 10
179.079002547
 20
231.222385876
 30
0
  0
SPLINE
  5
F1
100
AcDbEntity
  8
Shape2DView
  6
ByLayer
 62
  256
370
   -1
100
AcDbSpline
210
0
220
0
230
0
 70
    8
 71
    1
 72
    4
 73
    2
 74
    0
 42
1e-07
 43
1e-07
 40
0
 40
0
 40
4.0049969
 40
4.0049969
 10
179.079002547
 20
231.222385876
 30
0
 10
179.098059337
 20
231.602579613
 30
0
  0
SPLINE
  5
F2
100
AcDbEntity
  8
Shape2DView
  6
ByLayer
 62
  256
370
   -1
100
AcDbSpline
210
0
220
0
230
0
 70
    8
 71
    1
 72
    4
 73
    2
 74
    0
 42
1e-07
 43
1e-07
 40
0
 40
0
 40
1.9
 40
1.9
 10
159.105403598
 20
224.968198909
 30
0
 10
159.286024545
 20
224.968198909
 30
0
  0
SPLINE
  5
F3
100
AcDbEntity
  8
Shape2DView
  6
ByLayer
 62
  256
370
   -1
100
AcDbSpline
210
0
220
0
230
0
 70
    8
 71
    1
 72
    4
 73
    2
 74
    0
 42
1e-07
 43
1e-07
 40
0
 40
0
 40
25.1033862
 40
25.1033862
 10
159.286024545
 20
224.968198909
 30
0
 10
159.884657925
 20
222.658521958
 30
0
  0
SPLINE
  5
F4
100
AcDbEntity
  8
Shape2DView
  6
ByLayer
 62
  256
370
   -1
100
AcDbSpline
210
0
220
0
230
0
 70
    8
 71
    1
 72
    4
 73
    2
 74
    0
 42
1e-07
 43
1e-07
 40
0
 40
0
 40
14.6
 40
14.6
 10
159.884657925
 20
222.658521958
 30
0
 10
158.496728543
 20
222.658521958
 30
0
  0
SPLINE
  5
F5
100
AcDbEntity
  8
Shape2DView
  6
ByLayer
 62
  256
370
   -1
100
AcDbSpline
210
0
220
0
230
0
 70
    8
 71
    1
 72
    4
 73
    2
 74
    0
 42
1e-07
 43
1e-07
 40
0
 40
0
 40
25.1286689
 40
25.1286689
 10
158.496728543
 20
222.658521958
 30
0
 10
159.105403598
 20
224.968198909
 30
0
  0
SPLINE
  5
F6
100
AcDbEntity
  8
Shape2DView
  6
ByLayer
 62
  256
370
   -1
100
AcDbSpline
210
0
220
0
230
0
 70
    8
 71
    1
 72
    4
 73
    2
 74
    0
 42
1e-07
 43
1e-07
 40
0
 40
0
 40
4.899999999999999
 40
4.899999999999999
 10
157.640983809
 20
221.175766385
 30
0
 10
158.106795725
 20
221.175766385
 30
0
  0
SPLINE
  5
F7
100
AcDbEntity
  8
Shape2DView
  6
ByLayer
 62
  256
370
   -1
100
AcDbSpline
210
0
220
0
230
0
 70
    8
 71
    1
 72
    4
 73
    2
 74
    0
 42
1e-07
 43
1e-07
 40
0
 40
0
 40
11.7175083
 40
11.7175083
 10
158.106795725
 20
221.175766385
 30
0
 10
158.401617524
 20
222.249813692
 30
0
  0
SPLINE
  5
F8
100
AcDbEntity
  8
Shape2DView
  6
ByLayer
 62
  256
370
   -1
100
AcDbSpline
210
0
220
0
230
0
 70
    8
 71
    1
 72
    4
 73
    2
 74
    0
 42
1e-07
 43
1e-07
 40
0
 40
0
 40
16.6
 40
16.6
 10
158.401617524
 20
222.249813692
 30
0
 10
159.979674219
 20
222.249813692
 30
0
  0
SPLINE
  5
F9
100
AcDbEntity
  8
Shape2DView
  6
ByLayer
 62
  256
370
   -1
100
AcDbSpline
210
0
220
0
230
0
 70
    8
 71
    1
 72
    4
 73
    2
 74
    0
 42
1e-07
 43
1e-07
 40
0
 40
0
 40
11.7175083
 40
11.7175083
 10
159.979674219
 20
222.249813692
 30
0
 10
160.274247089
 20
221.175766385
 30
0
  0
SPLINE
  5
FA
100
AcDbEntity
  8
Shape2DView
  6
ByLayer
 62
  256
370
   -1
100
AcDbSpline
210
0
220
0
230
0
 70
    8
 71
    1
 72
    4
 73
    2
 74
    0
 42
1e-07
 43
1e-07
 40
0
 40
0
 40
4.899999999999999
 40
4.899999999999999
 10
160.274247089
 20
221.175766385
 30
0
 10
160.740059004
 20
221.175766385
 30
0
  0
SPLINE
  5
FB
100
AcDbEntity
  8
Shape2DView
  6
ByLayer
 62
  256
370
   -1
100
AcDbSpline
210
0
220
0
230
0
 70
    8
 71
    1
 72
    4
 73
    2
 74
    0
 42
1e-07
 43
1e-07
 40
0
 40
0
 40
45.7433055
 40
45.7433055
 10
160.740059004
 20
221.175766385
 30
0
 10
159.656821269
 20
225.386412019
 30
0
  0
SPLINE
  5
FC
100
AcDbEntity
  8
Shape2DView
  6
ByLayer
 62
  256
370
   -1
100
AcDbSpline
210
0
220
0
230
0
 70
    8
 71
    1
 72
    4
 73
    2
 74
    0
 42
1e-07
 43
1e-07
 40
0
 40
0
 40
9.699999999999999
 40
9.699999999999999
 10
159.656821269
 20
225.386412019
 30
0
 10
158.734703803
 20
225.386412019
 30
0
  0
SPLINE
  5
FD
100
AcDbEntity
  8
Shape2DView
  6
ByLayer
 62
  256
370
   -1
100
AcDbSpline
210
0
220
0
230
0
 70
    8
 71
    1
 72
    4
 73
    2
 74
    0
 42
1e-07
 43
1e-07
 40
0
 40
0
 40
45.7683297
 40
45.7683297
 10
158.734703803
 20
225.386412019
 30
0
 10
157.640983809
 20
221.175766385
 30
0
  0
SPLINE
  5
FE
100
AcDbEntity
  8
Shape2DView
  6
ByLayer
 62
  256
370
   -1
100
AcDbSpline
210
0
220
0
230
0
 70
    8
 71
    3
 72
    8
 73
    4
 74
    0
 42
1e-07
 43
1e-07
 40
0
 40
0
 40
0
 40
0
 40
1
 40
1
 40
1
 40
1
 10
163.506891639
 20
225.319878115
 30
0
 10
163.506891639
 20
225.319878115
 30
0
 10
162.860473095
 20
225.443441079
 30
0
 10
162.385154814
 20
225.443441079
 30
0
  0
SPLINE
  5
FF
100
AcDbEntity
  8
Shape2DView
  6
ByLayer
 62
  256
370
   -1
100
AcDbSpline
210
0
220
0
230
0
 70
    8
 71
    3
 72
    8
 73
    4
 74
    0
 42
1e-07
 43
1e-07
 40
0
 40
0
 40
0
 40
0
 40
1
 40
1
 40
1
 40
1
 10
162.385154814
 20
225.443441079
 30
0
 10
161.548594638
 20
225.443441079
 30
0
 10
161.092247233
 20
225.08225703
 30
0
 10
161.092153609
 20
224.274345339
 30
0
  0
SPLINE
  5
100
100
AcDbEntity
  8
Shape2DView
  6
ByLayer
 62
  256
370
   -1
100
AcDbSpline
210
0
220
0
230
0
 70
    8
 71
    3
 72
    8
 73
    4
 74
    0
 42
1e-07
 43
1e-07
 40
0
 40
0
 40
0
 40
0
 40
1
 40
1
 40
1
 40
1
 10
161.092153609
 20
224.274345339
 30
0
 10
161.092070999
 20
223.561482083
 30
0
 10
161.51032355
 20
223.323860998
 30
0
 10
162.289823503
 20
223.133764129
 30
0
  0
SPLINE
  5
101
100
AcDbEntity
  8
Shape2DView
  6
ByLayer
 62
  256
370
   -1
100
AcDbSpline
210
0
220
0
230
0
 70
    8
 71
    3
 72
    8
 73
    4
 74
    0
 42
1e-07
 43
1e-07
 40
0
 40
0
 40
0
 40
0
 40
1
 40
1
 40
1
 40
1
 10
162.289823503
 20
223.133764129
 30
0
 10
162.860191122
 20
223.010201165
 30
0
 10
163.145365569
 20
222.867628514
 30
0
 10
163.14530609
 20
222.354366969
 30
0
  0
SPLINE
  5
102
100
AcDbEntity
  8
Shape2DView
  6
ByLayer
 62
  256
370
   -1
100
AcDbSpline
210
0
220
0
230
0
 70
    8
 71
    3
 72
    8
 73
    4
 74
    0
 42
1e-07
 43
1e-07
 40
0
 40
0
 40
0
 40
0
 40
1
 40
1
 40
1
 40
1
 10
163.14530609
 20
222.354366969
 30
0
 10
163.145242205
 20
221.803086051
 30
0
 10
162.898043655
 20
221.517940748
 30
0
 10
162.356180814
 20
221.517940748
 30
0
  0
SPLINE
  5
103
100
AcDbEntity
  8
Shape2DView
  6
ByLayer
 62
  256
370
   -1
100
AcDbSpline
210
0
220
0
230
0
 70
    8
 71
    3
 72
    8
 73
    4
 74
    0
 42
1e-07
 43
1e-07
 40
0
 40
0
 40
0
 40
0
 40
1
 40
1
 40
1
 40
1
 10
162.356180814
 20
221.517940748
 30
0
 10
161.956913458
 20
221.517940748
 30
0
 10
161.177401389
 20
221.603484339
 30
0
 10
161.177401389
 20
221.603484339
 30
0
  0
SPLINE
  5
104
100
AcDbEntity
  8
Shape2DView
  6
ByLayer
 62
  256
370
   -1
100
AcDbSpline
210
0
220
0
230
0
 70
    8
 71
    1
 72
    4
 73
    2
 74
    0
 42
1e-07
 43
1e-07
 40
0
 40
0
 40
4.0112342
 40
4.0112342
 10
161.177401389
 20
221.603484339
 30
0
 10
161.148838234
 20
221.223290603
 30
0
  0
SPLINE
  5
105
100
AcDbEntity
  8
Shape2DView
  6
ByLayer
 62
  256
370
   -1
100
AcDbSpline
210
0
220
0
230
0
 70
    8
 71
    3
 72
    8
 73
    4
 74
    0
 42
1e-07
 43
1e-07
 40
0
 40
0
 40
0
 40
0
 40
1
 40
1
 40
1
 40
1
 10
161.148838234
 20
221.223290603
 30
0
 10
161.148838234
 20
221.223290603
 30
0
 10
161.88081517
 20
221.109232482
 30
0
 10
162.356133451
 20
221.109232482
 30
0
  0
SPLINE
  5
106
100
AcDbEntity
  8
Shape2DView
  6
ByLayer
 62
  256
370
   -1
100
AcDbSpline
210
0
220
0
230
0
 70
    8
 71
    3
 72
    8
 73
    4
 74
    0
 42
1e-07
 43
1e-07
 40
0
 40
0
 40
0
 40
0
 40
1
 40
1
 40
1
 40
1
 10
162.356133451
 20
221.109232482
 30
0
 10
163.221212724
 20
221.109232482
 30
0
 10
163.620531849
 20
221.555960122
 30
0
 10
163.620629879
 20
222.401891186
 30
0
  0
SPLINE
  5
107
100
AcDbEntity
  8
Shape2DView
  6
ByLayer
 62
  256
370
   -1
100
AcDbSpline
210
0
220
0
230
0
 70
    8
 71
    3
 72
    8
 73
    4
 74
    0
 42
1e-07
 43
1e-07
 40
0
 40
0
 40
0
 40
0
 40
1
 40
1
 40
1
 40
1
 10
163.620629879
 20
222.401891186
 30
0
 10
163.620716894
 20
223.152773816
 30
0
 10
163.240486501
 20
223.361880371
 30
0
 10
162.489505645
 20
223.55197724
 30
0
  0
SPLINE
  5
108
100
AcDbEntity
  8
Shape2DView
  6
ByLayer
 62
  256
370
   -1
100
AcDbSpline
210
0
220
0
230
0
 70
    8
 71
    3
 72
    8
 73
    4
 74
    0
 42
1e-07
 43
1e-07
 40
0
 40
0
 40
0
 40
0
 40
1
 40
1
 40
1
 40
1
 10
162.489505645
 20
223.55197724
 30
0
 10
161.852597873
 20
223.713559578
 30
0
 10
161.576925386
 20
223.818112855
 30
0
 10
161.576983763
 20
224.321869556
 30
0
  0
SPLINE
  5
109
100
AcDbEntity
  8
Shape2DView
  6
ByLayer
 62
  256
370
   -1
100
AcDbSpline
210
0
220
0
230
0
 70
    8
 71
    3
 72
    8
 73
    4
 74
    0
 42
1e-07
 43
1e-07
 40
0
 40
0
 40
0
 40
0
 40
1
 40
1
 40
1
 40
1
 10
161.576983763
 20
224.321869556
 30
0
 10
161.57704214
 20
224.825626257
 30
0
 10
161.852749874
 20
225.025227969
 30
0
 10
162.413625446
 20
225.025227969
 30
0
  0
SPLINE
  5
10A
100
AcDbEntity
  8
Shape2DView
  6
ByLayer
 62
  256
370
   -1
100
AcDbSpline
210
0
220
0
230
0
 70
    8
 71
    3
 72
    8
 73
    4
 74
    0
 42
1e-07
 43
1e-07
 40
0
 40
0
 40
0
 40
0
 40
1
 40
1
 40
1
 40
1
 10
162.413625446
 20
225.025227969
 30
0
 10
162.822399169
 20
225.025227969
 30
0
 10
163.487834849
 20
224.939684378
 30
0
 10
163.487834849
 20
224.939684378
 30
0
  0
SPLINE
  5
10B
100
AcDbEntity
  8
Shape2DView
  6
ByLayer
 62
  256
370
   -1
100
AcDbSpline
210
0
220
0
230
0
 70
    8
 71
    1
 72
    4
 73
    2
 74
    0
 42
1e-07
 43
1e-07
 40
0
 40
0
 40
4.0049969
 40
4.0049969
 10
163.487834849
 20
224.939684378
 30
0
 10
163.506891639
 20
225.319878115
 30
0
  0
SPLINE
  5
10C
100
AcDbEntity
  8
Shape2DView
  6
ByLayer
 62
  256
370
   -1
100
AcDbSpline
210
0
220
0
230
0
 70
    8
 71
    1
 72
    4
 73
    2
 74
    0
 42
1e-07
 43
1e-07
 40
0
 40
0
 40
5.3
 40
5.3
 10
164.35296589
 20
225.386412019
 30
0
 10
163.849128512
 20
225.386412019
 30
0
  0
SPLINE
  5
10D
100
AcDbEntity
  8
Shape2DView
  6
ByLayer
 62
  256
370
   -1
100
AcDbSpline
210
0
220
0
230
0
 70
    8
 71
    1
 72
    4
 73
    2
 74
    0
 42
1e-07
 43
1e-07
 40
0
 40
0
 40
28.755869
 40
28.755869
 10
163.849128512
 20
225.386412019
 30
0
 10
165.075166603
 20
222.943667261
 30
0
  0
SPLINE
  5
10E
100
AcDbEntity
  8
Shape2DView
  6
ByLayer
 62
  256
370
   -1
100
AcDbSpline
210
0
220
0
230
0
 70
    8
 71
    1
 72
    4
 73
    2
 74
    0
 42
1e-07
 43
1e-07
 40
0
 40
0
 40
18.6
 40
18.6
 10
165.075166603
 20
222.943667261
 30
0
 10
165.074961732
 20
221.175766385
 30
0
  0
SPLINE
  5
10F
100
AcDbEntity
  8
Shape2DView
  6
ByLayer
 62
  256
370
   -1
100
AcDbSpline
210
0
220
0
230
0
 70
    8
 71
    1
 72
    4
 73
    2
 74
    0
 42
1e-07
 43
1e-07
 40
0
 40
0
 40
4.7
 40
4.7
 10
165.074961732
 20
221.175766385
 30
0
 10
165.521760916
 20
221.175766385
 30
0
  0
SPLINE
  5
110
100
AcDbEntity
  8
Shape2DView
  6
ByLayer
 62
  256
370
   -1
100
AcDbSpline
210
0
220
0
230
0
 70
    8
 71
    1
 72
    4
 73
    2
 74
    0
 42
1e-07
 43
1e-07
 40
0
 40
0
 40
18.6
 40
18.6
 10
165.521760916
 20
221.175766385
 30
0
 10
165.521965788
 20
222.943667261
 30
0
  0
SPLINE
  5
111
100
AcDbEntity
  8
Shape2DView
  6
ByLayer
 62
  256
370
   -1
100
AcDbSpline
210
0
220
0
230
0
 70
    8
 71
    1
 72
    4
 73
    2
 74
    0
 42
1e-07
 43
1e-07
 40
0
 40
0
 40
28.7111477
 40
28.7111477
 10
165.521965788
 20
222.943667261
 30
0
 10
166.739063664
 20
225.386412019
 30
0
  0
SPLINE
  5
112
100
AcDbEntity
  8
Shape2DView
  6
ByLayer
 62
  256
370
   -1
100
AcDbSpline
210
0
220
0
230
0
 70
    8
 71
    1
 72
    4
 73
    2
 74
    0
 42
1e-07
 43
1e-07
 40
0
 40
0
 40
5.2
 40
5.2
 10
166.739063664
 20
225.386412019
 30
0
 10
166.244732651
 20
225.386412019
 30
0
  0
SPLINE
  5
113
100
AcDbEntity
  8
Shape2DView
  6
ByLayer
 62
  256
370
   -1
100
AcDbSpline
210
0
220
0
230
0
 70
    8
 71
    1
 72
    4
 73
    2
 74
    0
 42
1e-07
 43
1e-07
 40
0
 40
0
 40
22.7191549
 40
22.7191549
 10
166.244732651
 20
225.386412019
 30
0
 10
165.29387139
 20
223.447423962
 30
0
  0
SPLINE
  5
114
100
AcDbEntity
  8
Shape2DView
  6
ByLayer
 62
  256
370
   -1
100
AcDbSpline
210
0
220
0
230
0
 70
    8
 71
    1
 72
    4
 73
    2
 74
    0
 42
1e-07
 43
1e-07
 40
0
 40
0
 40
22.675317
 40
22.675317
 10
165.29387139
 20
223.447423962
 30
0
 10
164.35296589
 20
225.386412019
 30
0
  0
SPLINE
  5
115
100
AcDbEntity
  8
Shape2DView
  6
ByLayer
 62
  256
370
   -1
100
AcDbSpline
210
0
220
0
230
0
 70
    8
 71
    1
 72
    4
 73
    2
 74
    0
 42
1e-07
 43
1e-07
 40
0
 40
0
 40
4.899999999999999
 40
4.899999999999999
 10
167.74673842
 20
225.386412019
 30
0
 10
167.280926504
 20
225.386412019
 30
0
  0
SPLINE
  5
116
100
AcDbEntity
  8
Shape2DView
  6
ByLayer
 62
  256
370
   -1
100
AcDbSpline
210
0
220
0
230
0
 70
    8
 71
    1
 72
    4
 73
    2
 74
    0
 42
1e-07
 43
1e-07
 40
0
 40
0
 40
44.3
 40
44.3
 10
167.280926504
 20
225.386412019
 30
0
 10
167.280438558
 20
221.175766385
 30
0
  0
SPLINE
  5
117
100
AcDbEntity
  8
Shape2DView
  6
ByLayer
 62
  256
370
   -1
100
AcDbSpline
210
0
220
0
230
0
 70
    8
 71
    1
 72
    4
 73
    2
 74
    0
 42
1e-07
 43
1e-07
 40
0
 40
0
 40
22.3
 40
22.3
 10
167.280438558
 20
221.175766385
 30
0
 10
169.400358093
 20
221.175766385
 30
0
  0
SPLINE
  5
118
100
AcDbEntity
  8
Shape2DView
  6
ByLayer
 62
  256
370
   -1
100
AcDbSpline
210
0
220
0
230
0
 70
    8
 71
    1
 72
    4
 73
    2
 74
    0
 42
1e-07
 43
1e-07
 40
0
 40
0
 40
4.3
 40
4.3
 10
169.400358093
 20
221.175766385
 30
0
 10
169.400405456
 20
221.584474652
 30
0
  0
SPLINE
  5
119
100
AcDbEntity
  8
Shape2DView
  6
ByLayer
 62
  256
370
   -1
100
AcDbSpline
210
0
220
0
230
0
 70
    8
 71
    1
 72
    4
 73
    2
 74
    0
 42
1e-07
 43
1e-07
 40
0
 40
0
 40
17.4
 40
17.4
 10
169.400405456
 20
221.584474652
 30
0
 10
167.746297836
 20
221.584474652
 30
0
  0
SPLINE
  5
11A
100
AcDbEntity
  8
Shape2DView
  6
ByLayer
 62
  256
370
   -1
100
AcDbSpline
210
0
220
0
230
0
 70
    8
 71
    1
 72
    4
 73
    2
 74
    0
 42
1e-07
 43
1e-07
 40
0
 40
0
 40
40
 40
40
 10
167.746297836
 20
221.584474652
 30
0
 10
167.74673842
 20
225.386412019
 30
0
  0
SPLINE
  5
11B
100
AcDbEntity
  8
Shape2DView
  6
ByLayer
 62
  256
370
   -1
100
AcDbSpline
210
0
220
0
230
0
 70
    8
 71
    1
 72
    4
 73
    2
 74
    0
 42
1e-07
 43
1e-07
 40
0
 40
0
 40
4.899999999999999
 40
4.899999999999999
 10
170.303950775
 20
225.386412019
 30
0
 10
169.838138859
 20
225.386412019
 30
0
  0
SPLINE
  5
11C
100
AcDbEntity
  8
Shape2DView
  6
ByLayer
 62
  256
370
   -1
100
AcDbSpline
210
0
220
0
230
0
 70
    8
 71
    1
 72
    4
 73
    2
 74
    0
 42
1e-07
 43
1e-07
 40
0
 40
0
 40
30.8
 40
30.8
 10
169.838138859
 20
225.386412019
 30
0
 10
169.837799609
 20
222.458920247
 30
0
  0
SPLINE
  5
11D
100
AcDbEntity
  8
Shape2DView
  6
ByLayer
 62
  256
370
   -1
100
AcDbSpline
210
0
220
0
230
0
 70
    8
 71
    3
 72
    8
 73
    4
 74
    0
 42
1e-07
 43
1e-07
 40
0
 40
0
 40
0
 40
0
 40
1
 40
1
 40
1
 40
1
 10
169.837799609
 20
222.458920247
 30
0
 10
169.837692768
 20
221.536950435
 30
0
 10
170.274937123
 20
221.118737325
 30
0
 10
171.206560954
 20
221.118737325
 30
0
  0
SPLINE
  5
11E
100
AcDbEntity
  8
Shape2DView
  6
ByLayer
 62
  256
370
   -1
100
AcDbSpline
210
0
220
0
230
0
 70
    8
 71
    3
 72
    8
 73
    4
 74
    0
 42
1e-07
 43
1e-07
 40
0
 40
0
 40
0
 40
0
 40
1
 40
1
 40
1
 40
1
 10
171.206560954
 20
221.118737325
 30
0
 10
172.147691152
 20
221.118737325
 30
0
 10
172.585032435
 20
221.536950435
 30
0
 10
172.585139276
 20
222.458920247
 30
0
  0
SPLINE
  5
11F
100
AcDbEntity
  8
Shape2DView
  6
ByLayer
 62
  256
370
   -1
100
AcDbSpline
210
0
220
0
230
0
 70
    8
 71
    1
 72
    4
 73
    2
 74
    0
 42
1e-07
 43
1e-07
 40
0
 40
0
 40
30.8
 40
30.8
 10
172.585139276
 20
222.458920247
 30
0
 10
172.585478526
 20
225.386412019
 30
0
  0
SPLINE
  5
120
100
AcDbEntity
  8
Shape2DView
  6
ByLayer
 62
  256
370
   -1
100
AcDbSpline
210
0
220
0
230
0
 70
    8
 71
    1
 72
    4
 73
    2
 74
    0
 42
1e-07
 43
1e-07
 40
0
 40
0
 40
4.899999999999999
 40
4.899999999999999
 10
172.585478526
 20
225.386412019
 30
0
 10
172.11966661
 20
225.386412019
 30
0
  0
SPLINE
  5
121
100
AcDbEntity
  8
Shape2DView
  6
ByLayer
 62
  256
370
   -1
100
AcDbSpline
210
0
220
0
230
0
 70
    8
 71
    1
 72
    4
 73
    2
 74
    0
 42
1e-07
 43
1e-07
 40
0
 40
0
 40
31.1
 40
31.1
 10
172.11966661
 20
225.386412019
 30
0
 10
172.119324056
 20
222.430405716
 30
0
  0
SPLINE
  5
122
100
AcDbEntity
  8
Shape2DView
  6
ByLayer
 62
  256
370
   -1
100
AcDbSpline
210
0
220
0
230
0
 70
    8
 71
    3
 72
    8
 73
    4
 74
    0
 42
1e-07
 43
1e-07
 40
0
 40
0
 40
0
 40
0
 40
1
 40
1
 40
1
 40
1
 10
172.119324056
 20
222.430405716
 30
0
 10
172.119249157
 20
221.784076364
 30
0
 10
171.843534814
 20
221.527445592
 30
0
 10
171.216114683
 20
221.527445592
 30
0
  0
SPLINE
  5
123
100
AcDbEntity
  8
Shape2DView
  6
ByLayer
 62
  256
370
   -1
100
AcDbSpline
210
0
220
0
230
0
 70
    8
 71
    3
 72
    8
 73
    4
 74
    0
 42
1e-07
 43
1e-07
 40
0
 40
0
 40
0
 40
0
 40
1
 40
1
 40
1
 40
1
 10
171.216114683
 20
221.527445592
 30
0
 10
170.598200917
 20
221.527445592
 30
0
 10
170.313039687
 20
221.784076364
 30
0
 10
170.313114586
 20
222.430405716
 30
0
  0
SPLINE
  5
124
100
AcDbEntity
  8
Shape2DView
  6
ByLayer
 62
  256
370
   -1
100
AcDbSpline
210
0
220
0
230
0
 70
    8
 71
    1
 72
    4
 73
    2
 74
    0
 42
1e-07
 43
1e-07
 40
0
 40
0
 40
31.1
 40
31.1
 10
170.313114586
 20
222.430405716
 30
0
 10
170.31345714
 20
225.386412019
 30
0
  0
SPLINE
  5
125
100
AcDbEntity
  8
Shape2DView
  6
ByLayer
 62
  256
370
   -1
100
AcDbSpline
210
0
220
0
230
0
 70
    8
 71
    1
 72
    4
 73
    2
 74
    0
 42
1e-07
 43
1e-07
 40
0
 40
0
 40
0.09999999999999999
 40
0.09999999999999999
 10
170.31345714
 20
225.386412019
 30
0
 10
170.303950775
 20
225.386412019
 30
0
  0
SPLINE
  5
126
100
AcDbEntity
  8
Shape2DView
  6
ByLayer
 62
  256
370
   -1
100
AcDbSpline
210
0
220
0
230
0
 70
    8
 71
    1
 72
    4
 73
    2
 74
    0
 42
1e-07
 43
1e-07
 40
0
 40
0
 40
39.9321925
 40
39.9321925
 10
174.030397637
 20
224.968198909
 30
0
 10
175.104195095
 20
221.32784388
 30
0
  0
SPLINE
  5
127
100
AcDbEntity
  8
Shape2DView
  6
ByLayer
 62
  256
370
   -1
100
AcDbSpline
210
0
220
0
230
0
 70
    8
 71
    1
 72
    4
 73
    2
 74
    0
 42
1e-07
 43
1e-07
 40
0
 40
0
 40
6
 40
6
 10
175.104195095
 20
221.32784388
 30
0
 10
175.674577032
 20
221.32784388
 30
0
  0
SPLINE
  5
128
100
AcDbEntity
  8
Shape2DView
  6
ByLayer
 62
  256
370
   -1
100
AcDbSpline
210
0
220
0
230
0
 70
    8
 71
    1
 72
    4
 73
    2
 74
    0
 42
1e-07
 43
1e-07
 40
0
 40
0
 40
39.9606056
 40
39.9606056
 10
175.674577032
 20
221.32784388
 30
0
 10
176.758724573
 20
224.968198909
 30
0
  0
SPLINE
  5
129
100
AcDbEntity
  8
Shape2DView
  6
ByLayer
 62
  256
370
   -1
100
AcDbSpline
210
0
220
0
230
0
 70
    8
 71
    1
 72
    4
 73
    2
 74
    0
 42
1e-07
 43
1e-07
 40
0
 40
0
 40
0.8999999999999999
 40
0.8999999999999999
 10
176.758724573
 20
224.968198909
 30
0
 10
176.844281864
 20
224.968198909
 30
0
  0
SPLINE
  5
12A
100
AcDbEntity
  8
Shape2DView
  6
ByLayer
 62
  256
370
   -1
100
AcDbSpline
210
0
220
0
230
0
 70
    8
 71
    1
 72
    4
 73
    2
 74
    0
 42
1e-07
 43
1e-07
 40
0
 40
0
 40
39.9
 40
39.9
 10
176.844281864
 20
224.968198909
 30
0
 10
176.843842382
 20
221.175766385
 30
0
  0
SPLINE
  5
12B
100
AcDbEntity
  8
Shape2DView
  6
ByLayer
 62
  256
370
   -1
100
AcDbSpline
210
0
220
0
230
0
 70
    8
 71
    1
 72
    4
 73
    2
 74
    0
 42
1e-07
 43
1e-07
 40
0
 40
0
 40
4.6
 40
4.6
 10
176.843842382
 20
221.175766385
 30
0
 10
177.281135201
 20
221.175766385
 30
0
  0
SPLINE
  5
12C
100
AcDbEntity
  8
Shape2DView
  6
ByLayer
 62
  256
370
   -1
100
AcDbSpline
210
0
220
0
230
0
 70
    8
 71
    1
 72
    4
 73
    2
 74
    0
 42
1e-07
 43
1e-07
 40
0
 40
0
 40
44.3
 40
44.3
 10
177.281135201
 20
221.175766385
 30
0
 10
177.281623147
 20
225.386412019
 30
0
  0
SPLINE
  5
12D
100
AcDbEntity
  8
Shape2DView
  6
ByLayer
 62
  256
370
   -1
100
AcDbSpline
210
0
220
0
230
0
 70
    8
 71
    1
 72
    4
 73
    2
 74
    0
 42
1e-07
 43
1e-07
 40
0
 40
0
 40
8.5
 40
8.5
 10
177.281623147
 20
225.386412019
 30
0
 10
176.473582069
 20
225.386412019
 30
0
  0
SPLINE
  5
12E
100
AcDbEntity
  8
Shape2DView
  6
ByLayer
 62
  256
370
   -1
100
AcDbSpline
210
0
220
0
230
0
 70
    8
 71
    1
 72
    4
 73
    2
 74
    0
 42
1e-07
 43
1e-07
 40
0
 40
0
 40
39.6731647
 40
39.6731647
 10
176.473582069
 20
225.386412019
 30
0
 10
175.389437832
 20
221.774571521
 30
0
  0
SPLINE
  5
12F
100
AcDbEntity
  8
Shape2DView
  6
ByLayer
 62
  256
370
   -1
100
AcDbSpline
210
0
220
0
230
0
 70
    8
 71
    1
 72
    4
 73
    2
 74
    0
 42
1e-07
 43
1e-07
 40
0
 40
0
 40
39.6161583
 40
39.6161583
 10
175.389437832
 20
221.774571521
 30
0
 10
174.325143436
 20
225.386412019
 30
0
  0
SPLINE
  5
130
100
AcDbEntity
  8
Shape2DView
  6
ByLayer
 62
  256
370
   -1
100
AcDbSpline
210
0
220
0
230
0
 70
    8
 71
    1
 72
    4
 73
    2
 74
    0
 42
1e-07
 43
1e-07
 40
0
 40
0
 40
8.699999999999999
 40
8.699999999999999
 10
174.325143436
 20
225.386412019
 30
0
 10
173.498089626
 20
225.386412019
 30
0
  0
SPLINE
  5
131
100
AcDbEntity
  8
Shape2DView
  6
ByLayer
 62
  256
370
   -1
100
AcDbSpline
210
0
220
0
230
0
 70
    8
 71
    1
 72
    4
 73
    2
 74
    0
 42
1e-07
 43
1e-07
 40
0
 40
0
 40
44.3
 40
44.3
 10
173.498089626
 20
225.386412019
 30
0
 10
173.49760168
 20
221.175766385
 30
0
  0
SPLINE
  5
132
100
AcDbEntity
  8
Shape2DView
  6
ByLayer
 62
  256
370
   -1
100
AcDbSpline
210
0
220
0
230
0
 70
    8
 71
    1
 72
    4
 73
    2
 74
    0
 42
1e-07
 43
1e-07
 40
0
 40
0
 40
4.6
 40
4.6
 10
173.49760168
 20
221.175766385
 30
0
 10
173.934894499
 20
221.175766385
 30
0
  0
SPLINE
  5
133
100
AcDbEntity
  8
Shape2DView
  6
ByLayer
 62
  256
370
   -1
100
AcDbSpline
210
0
220
0
230
0
 70
    8
 71
    1
 72
    4
 73
    2
 74
    0
 42
1e-07
 43
1e-07
 40
0
 40
0
 40
39.9
 40
39.9
 10
173.934894499
 20
221.175766385
 30
0
 10
173.935333981
 20
224.968198909
 30
0
  0
SPLINE
  5
134
100
AcDbEntity
  8
Shape2DView
  6
ByLayer
 62
  256
370
   -1
100
AcDbSpline
210
0
220
0
230
0
 70
    8
 71
    1
 72
    4
 73
    2
 74
    0
 42
1e-07
 43
1e-07
 40
0
 40
0
 40
1
 40
1
 10
173.935333981
 20
224.968198909
 30
0
 10
174.030397637
 20
224.968198909
 30
0
  0
SPLINE
  5
135
100
AcDbEntity
  8
Shape2DView
  6
ByLayer
 62
  256
370
   -1
100
AcDbSpline
210
0
220
0
230
0
 70
    8
 71
    1
 72
    4
 73
    2
 74
    0
 42
1e-07
 43
1e-07
 40
0
 40
0
 40
1.9
 40
1.9
 10
180.22936421
 20
232.01128788
 30
0
 10
180.409985157
 20
232.01128788
 30
0
  0
SPLINE
  5
136
100
AcDbEntity
  8
Shape2DView
  6
ByLayer
 62
  256
370
   -1
100
AcDbSpline
210
0
220
0
230
0
 70
    8
 71
    1
 72
    4
 73
    2
 74
    0
 42
1e-07
 43
1e-07
 40
0
 40
0
 40
8.1
 40
8.1
 10
180.409985157
 20
232.01128788
 30
0
 10
180.410074375
 20
232.781180197
 30
0
  0
SPLINE
  5
137
100
AcDbEntity
  8
Shape2DView
  6
ByLayer
 62
  256
370
   -1
100
AcDbSpline
210
0
220
0
230
0
 70
    8
 71
    1
 72
    4
 73
    2
 74
    0
 42
1e-07
 43
1e-07
 40
0
 40
0
 40
7.8447435
 40
7.8447435
 10
180.410074375
 20
232.781180197
 30
0
 10
180.628638175
 20
232.06831694
 30
0
  0
SPLINE
  5
138
100
AcDbEntity
  8
Shape2DView
  6
ByLayer
 62
  256
370
   -1
100
AcDbSpline
210
0
220
0
230
0
 70
    8
 71
    1
 72
    4
 73
    2
 74
    0
 42
1e-07
 43
1e-07
 40
0
 40
0
 40
1.5
 40
1.5
 10
180.628638175
 20
232.06831694
 30
0
 10
180.771233659
 20
232.06831694
 30
0
  0
SPLINE
  5
139
100
AcDbEntity
  8
Shape2DView
  6
ByLayer
 62
  256
370
   -1
100
AcDbSpline
210
0
220
0
230
0
 70
    8
 71
    1
 72
    4
 73
    2
 74
    0
 42
1e-07
 43
1e-07
 40
0
 40
0
 40
7.874642799999999
 40
7.874642799999999
 10
180.771233659
 20
232.06831694
 30
0
 10
180.999469044
 20
232.781180197
 30
0
  0
SPLINE
  5
13A
100
AcDbEntity
  8
Shape2DView
  6
ByLayer
 62
  256
370
   -1
100
AcDbSpline
210
0
220
0
230
0
 70
    8
 71
    1
 72
    4
 73
    2
 74
    0
 42
1e-07
 43
1e-07
 40
0
 40
0
 40
8.1
 40
8.1
 10
180.999469044
 20
232.781180197
 30
0
 10
180.999379826
 20
232.01128788
 30
0
  0
SPLINE
  5
13B
100
AcDbEntity
  8
Shape2DView
  6
ByLayer
 62
  256
370
   -1
100
AcDbSpline
210
0
220
0
230
0
 70
    8
 71
    1
 72
    4
 73
    2
 74
    0
 42
1e-07
 43
1e-07
 40
0
 40
0
 40
1.9
 40
1.9
 10
180.999379826
 20
232.01128788
 30
0
 10
181.180000773
 20
232.01128788
 30
0
  0
SPLINE
  5
13C
100
AcDbEntity
  8
Shape2DView
  6
ByLayer
 62
  256
370
   -1
100
AcDbSpline
210
0
220
0
230
0
 70
    8
 71
    1
 72
    4
 73
    2
 74
    0
 42
1e-07
 43
1e-07
 40
0
 40
0
 40
10.8
 40
10.8
 10
181.180000773
 20
232.01128788
 30
0
 10
181.18011973
 20
233.037810969
 30
0
  0
SPLINE
  5
13D
100
AcDbEntity
  8
Shape2DView
  6
ByLayer
 62
  256
370
   -1
100
AcDbSpline
210
0
220
0
230
0
 70
    8
 71
    1
 72
    4
 73
    2
 74
    0
 42
1e-07
 43
1e-07
 40
0
 40
0
 40
2.6
 40
2.6
 10
181.18011973
 20
233.037810969
 30
0
 10
180.932954224
 20
233.037810969
 30
0
  0
SPLINE
  5
13E
100
AcDbEntity
  8
Shape2DView
  6
ByLayer
 62
  256
370
   -1
100
AcDbSpline
210
0
220
0
230
0
 70
    8
 71
    1
 72
    4
 73
    2
 74
    0
 42
1e-07
 43
1e-07
 40
0
 40
0
 40
7.905694199999999
 40
7.905694199999999
 10
180.932954224
 20
233.037810969
 30
0
 10
180.695212474
 20
232.324947713
 30
0
  0
SPLINE
  5
13F
100
AcDbEntity
  8
Shape2DView
  6
ByLayer
 62
  256
370
   -1
100
AcDbSpline
210
0
220
0
230
0
 70
    8
 71
    1
 72
    4
 73
    2
 74
    0
 42
1e-07
 43
1e-07
 40
0
 40
0
 40
7.874642799999999
 40
7.874642799999999
 10
180.695212474
 20
232.324947713
 30
0
 10
180.467142308
 20
233.037810969
 30
0
  0
SPLINE
  5
140
100
AcDbEntity
  8
Shape2DView
  6
ByLayer
 62
  256
370
   -1
100
AcDbSpline
210
0
220
0
230
0
 70
    8
 71
    1
 72
    4
 73
    2
 74
    0
 42
1e-07
 43
1e-07
 40
0
 40
0
 40
2.6
 40
2.6
 10
180.467142308
 20
233.037810969
 30
0
 10
180.219976802
 20
233.037810969
 30
0
  0
SPLINE
  5
141
100
AcDbEntity
  8
Shape2DView
  6
ByLayer
 62
  256
370
   -1
100
AcDbSpline
210
0
220
0
230
0
 70
    8
 71
    1
 72
    4
 73
    2
 74
    0
 42
1e-07
 43
1e-07
 40
0
 40
0
 40
10.800463
 40
10.800463
 10
180.219976802
 20
233.037810969
 30
0
 10
180.22936421
 20
232.01128788
 30
0
  0
SPLINE
  5
142
100
AcDbEntity
  8
Shape2DView
  6
ByLayer
 62
  256
370
   -1
100
AcDbSpline
210
0
220
0
230
0
 70
    8
 71
    1
 72
    4
 73
    2
 74
    0
 42
1e-07
 43
1e-07
 40
0
 40
0
 40
2.8
 40
2.8
 10
179.430928628
 20
232.866723787
 30
0
 10
179.697106866
 20
232.866723787
 30
0
  0
SPLINE
  5
143
100
AcDbEntity
  8
Shape2DView
  6
ByLayer
 62
  256
370
   -1
100
AcDbSpline
210
0
220
0
230
0
 70
    8
 71
    1
 72
    4
 73
    2
 74
    0
 42
1e-07
 43
1e-07
 40
0
 40
0
 40
8.9
 40
8.9
 10
179.697106866
 20
232.866723787
 30
0
 10
179.697008836
 20
232.020792723
 30
0
  0
SPLINE
  5
144
100
AcDbEntity
  8
Shape2DView
  6
ByLayer
 62
  256
370
   -1
100
AcDbSpline
210
0
220
0
230
0
 70
    8
 71
    1
 72
    4
 73
    2
 74
    0
 42
1e-07
 43
1e-07
 40
0
 40
0
 40
2
 40
2
 10
179.697008836
 20
232.020792723
 30
0
 10
179.887136148
 20
232.020792723
 30
0
  0
SPLINE
  5
145
100
AcDbEntity
  8
Shape2DView
  6
ByLayer
 62
  256
370
   -1
100
AcDbSpline
210
0
220
0
230
0
 70
    8
 71
    1
 72
    4
 73
    2
 74
    0
 42
1e-07
 43
1e-07
 40
0
 40
0
 40
8.9
 40
8.9
 10
179.887136148
 20
232.020792723
 30
0
 10
179.887234178
 20
232.866723787
 30
0
  0
SPLINE
  5
146
100
AcDbEntity
  8
Shape2DView
  6
ByLayer
 62
  256
370
   -1
100
AcDbSpline
210
0
220
0
230
0
 70
    8
 71
    1
 72
    4
 73
    2
 74
    0
 42
1e-07
 43
1e-07
 40
0
 40
0
 40
2.4
 40
2.4
 10
179.887234178
 20
232.866723787
 30
0
 10
180.115386953
 20
232.866723787
 30
0
  0
SPLINE
  5
147
100
AcDbEntity
  8
Shape2DView
  6
ByLayer
 62
  256
370
   -1
100
AcDbSpline
210
0
220
0
230
0
 70
    8
 71
    1
 72
    4
 73
    2
 74
    0
 42
1e-07
 43
1e-07
 40
0
 40
0
 40
1.8
 40
1.8
 10
180.115386953
 20
232.866723787
 30
0
 10
180.11540678
 20
233.037810969
 30
0
  0
SPLINE
  5
148
100
AcDbEntity
  8
Shape2DView
  6
ByLayer
 62
  256
370
   -1
100
AcDbSpline
210
0
220
0
230
0
 70
    8
 71
    1
 72
    4
 73
    2
 74
    0
 42
1e-07
 43
1e-07
 40
0
 40
0
 40
7.199999999999999
 40
7.199999999999999
 10
180.11540678
 20
233.037810969
 30
0
 10
179.430948454
 20
233.037810969
 30
0
  0
SPLINE
  5
149
100
AcDbEntity
  8
Shape2DView
  6
ByLayer
 62
  256
370
   -1
100
AcDbSpline
210
0
220
0
230
0
 70
    8
 71
    1
 72
    4
 73
    2
 74
    0
 42
1e-07
 43
1e-07
 40
0
 40
0
 40
1.8
 40
1.8
 10
179.430948454
 20
233.037810969
 30
0
 10
179.430928628
 20
232.866723787
 30
0
  0
SPLINE
  5
14A
100
AcDbEntity
  8
Shape2DView
  6
ByLayer
 62
  256
370
   -1
100
AcDbSpline
210
0
220
0
230
0
 70
    8
 71
    1
 72
    4
 73
    2
 74
    0
 42
1e-07
 43
1e-07
 40
0
 40
0
 40
38.1182371
 40
38.1182371
 10
155.093011267
 20
218.875594279
 30
0
 10
153.154067349
 20
221.936153859
 30
0
  0
SPLINE
  5
14B
100
AcDbEntity
  8
Shape2DView
  6
ByLayer
 62
  256
370
   -1
100
AcDbSpline
210
0
220
0
230
0
 70
    8
 71
    2
 72
    6
 73
    3
 74
    0
 42
1e-07
 43
1e-07
 40
0
 40
0
 40
0
 40
1
 40
1
 40
1
 10
153.154067349
 20
221.936153859
 30
0
 10
153.225406395
 20
222.292585487
 30
0
 10
153.268226346
 20
222.649017115
 30
0
  0
SPLINE
  5
14C
100
AcDbEntity
  8
Shape2DView
  6
ByLayer
 62
  256
370
   -1
100
AcDbSpline
210
0
220
0
230
0
 70
    8
 71
    3
 72
    8
 73
    4
 74
    0
 42
1e-07
 43
1e-07
 40
0
 40
0
 40
0
 40
0
 40
1
 40
1
 40
1
 40
1
 10
153.268226346
 20
222.649017115
 30
0
 10
153.239706147
 20
222.639512272
 30
0
 10
152.868951279
 20
222.582483211
 30
0
 10
152.754872688
 20
222.563473524
 30
0
  0
SPLINE
  5
14D
100
AcDbEntity
  8
Shape2DView
  6
ByLayer
 62
  256
370
   -1
100
AcDbSpline
210
0
220
0
230
0
 70
    8
 71
    1
 72
    4
 73
    2
 74
    0
 42
1e-07
 43
1e-07
 40
0
 40
0
 40
4.9929951
 40
4.9929951
 10
152.754872688
 20
222.563473524
 30
0
 10
152.498247078
 20
222.962676948
 30
0
  0
SPLINE
  5
14E
100
AcDbEntity
  8
Shape2DView
  6
ByLayer
 62
  256
370
   -1
100
AcDbSpline
210
0
220
0
230
0
 70
    8
 71
    1
 72
    4
 73
    2
 74
    0
 42
1e-07
 43
1e-07
 40
0
 40
0
 40
0.3
 40
0.3
 10
152.498247078
 20
222.962676948
 30
0
 10
152.526766175
 20
222.962676948
 30
0
  0
SPLINE
  5
14F
100
AcDbEntity
  8
Shape2DView
  6
ByLayer
 62
  256
370
   -1
100
AcDbSpline
210
0
220
0
230
0
 70
    8
 71
    3
 72
    8
 73
    4
 74
    0
 42
1e-07
 43
1e-07
 40
0
 40
0
 40
0
 40
0
 40
1
 40
1
 40
1
 40
1
 10
152.526766175
 20
222.962676948
 30
0
 10
152.583810977
 20
223.019706008
 30
0
 10
152.650357739
 20
223.038715695
 30
0
 10
152.650357739
 20
223.038715695
 30
0
  0
SPLINE
  5
150
100
AcDbEntity
  8
Shape2DView
  6
ByLayer
 62
  256
370
   -1
100
AcDbSpline
210
0
220
0
230
0
 70
    8
 71
    1
 72
    4
 73
    2
 74
    0
 42
1e-07
 43
1e-07
 40
0
 40
0
 40
7.212489199999999
 40
7.212489199999999
 10
152.650357739
 20
223.038715695
 30
0
 10
153.306320099
 20
223.238317407
 30
0
  0
SPLINE
  5
151
100
AcDbEntity
  8
Shape2DView
  6
ByLayer
 62
  256
370
   -1
100
AcDbSpline
210
0
220
0
230
0
 70
    8
 71
    3
 72
    8
 73
    4
 74
    0
 42
1e-07
 43
1e-07
 40
0
 40
0
 40
0
 40
0
 40
1
 40
1
 40
1
 40
1
 10
153.306320099
 20
223.238317407
 30
0
 10
153.315849595
 20
223.437919119
 30
0
 10
153.32537799
 20
223.628015987
 30
0
 10
153.32540112
 20
223.827617699
 30
0
  0
SPLINE
  5
152
100
AcDbEntity
  8
Shape2DView
  6
ByLayer
 62
  256
370
   -1
100
AcDbSpline
210
0
220
0
230
0
 70
    8
 71
    3
 72
    8
 73
    4
 74
    0
 42
1e-07
 43
1e-07
 40
0
 40
0
 40
0
 40
0
 40
1
 40
1
 40
1
 40
1
 10
153.32540112
 20
223.827617699
 30
0
 10
153.325422048
 20
224.008209724
 30
0
 10
153.315935509
 20
224.179296905
 30
0
 10
153.306450071
 20
224.35988893
 30
0
  0
SPLINE
  5
153
100
AcDbEntity
  8
Shape2DView
  6
ByLayer
 62
  256
370
   -1
100
AcDbSpline
210
0
220
0
230
0
 70
    8
 71
    3
 72
    8
 73
    4
 74
    0
 42
1e-07
 43
1e-07
 40
0
 40
0
 40
0
 40
0
 40
1
 40
1
 40
1
 40
1
 10
153.306450071
 20
224.35988893
 30
0
 10
153.268423507
 20
224.350384086
 30
0
 10
152.869138527
 20
224.198306592
 30
0
 10
152.802591765
 20
224.179296905
 30
0
  0
SPLINE
  5
154
100
AcDbEntity
  8
Shape2DView
  6
ByLayer
 62
  256
370
   -1
100
AcDbSpline
210
0
220
0
230
0
 70
    8
 71
    3
 72
    8
 73
    4
 74
    0
 42
1e-07
 43
1e-07
 40
0
 40
0
 40
0
 40
0
 40
1
 40
1
 40
1
 40
1
 10
152.802591765
 20
224.179296905
 30
0
 10
152.726537535
 20
224.150782375
 30
0
 10
152.583940949
 20
224.141277531
 30
0
 10
152.507913155
 20
224.340879243
 30
0
  0
SPLINE
  5
155
100
AcDbEntity
  8
Shape2DView
  6
ByLayer
 62
  256
370
   -1
100
AcDbSpline
210
0
220
0
230
0
 70
    8
 71
    3
 72
    8
 73
    4
 74
    0
 42
1e-07
 43
1e-07
 40
0
 40
0
 40
0
 40
0
 40
1
 40
1
 40
1
 40
1
 10
152.507913155
 20
224.340879243
 30
0
 10
152.431885361
 20
224.540480955
 30
0
 10
152.641036419
 20
224.635529389
 30
0
 10
152.641036419
 20
224.635529389
 30
0
  0
SPLINE
  5
156
100
AcDbEntity
  8
Shape2DView
  6
ByLayer
 62
  256
370
   -1
100
AcDbSpline
210
0
220
0
230
0
 70
    8
 71
    1
 72
    4
 73
    2
 74
    0
 42
1e-07
 43
1e-07
 40
0
 40
0
 40
7.1554175
 40
7.1554175
 10
152.641036419
 20
224.635529389
 30
0
 10
153.249479066
 20
224.939684378
 30
0
  0
SPLINE
  5
157
100
AcDbEntity
  8
Shape2DView
  6
ByLayer
 62
  256
370
   -1
100
AcDbSpline
210
0
220
0
230
0
 70
    8
 71
    2
 72
    6
 73
    3
 74
    0
 42
1e-07
 43
1e-07
 40
0
 40
0
 40
0
 40
1
 40
1
 40
1
 10
153.249479066
 20
224.939684378
 30
0
 10
153.190130368
 20
225.509974983
 30
0
 10
153.059480624
 20
226.051751058
 30
0
  0
SPLINE
  5
158
100
AcDbEntity
  8
Shape2DView
  6
ByLayer
 62
  256
370
   -1
100
AcDbSpline
210
0
220
0
230
0
 70
    8
 71
    3
 72
    8
 73
    4
 74
    0
 42
1e-07
 43
1e-07
 40
0
 40
0
 40
0
 40
0
 40
1
 40
1
 40
1
 40
1
 10
153.059480624
 20
226.051751058
 30
0
 10
153.049973157
 20
226.042246215
 30
0
 10
152.660186833
 20
225.823634816
 30
0
 10
152.593637867
 20
225.785615442
 30
0
  0
SPLINE
  5
159
100
AcDbEntity
  8
Shape2DView
  6
ByLayer
 62
  256
370
   -1
100
AcDbSpline
210
0
220
0
230
0
 70
    8
 71
    3
 72
    8
 73
    4
 74
    0
 42
1e-07
 43
1e-07
 40
0
 40
0
 40
0
 40
0
 40
1
 40
1
 40
1
 40
1
 10
152.593637867
 20
225.785615442
 30
0
 10
152.527088902
 20
225.747596069
 30
0
 10
152.384489012
 20
225.709576695
 30
0
 10
152.279939918
 20
225.89016872
 30
0
  0
SPLINE
  5
15A
100
AcDbEntity
  8
Shape2DView
  6
ByLayer
 62
  256
370
   -1
100
AcDbSpline
210
0
220
0
230
0
 70
    8
 71
    3
 72
    8
 73
    4
 74
    0
 42
1e-07
 43
1e-07
 40
0
 40
0
 40
0
 40
0
 40
1
 40
1
 40
1
 40
1
 10
152.279939918
 20
225.89016872
 30
0
 10
152.175390824
 20
226.070760745
 30
0
 10
152.365533557
 20
226.203828553
 30
0
 10
152.365533557
 20
226.203828553
 30
0
  0
SPLINE
  5
15B
100
AcDbEntity
  8
Shape2DView
  6
ByLayer
 62
  256
370
   -1
100
AcDbSpline
210
0
220
0
230
0
 70
    8
 71
    1
 72
    4
 73
    2
 74
    0
 42
1e-07
 43
1e-07
 40
0
 40
0
 40
7.2201108
 40
7.2201108
 10
152.365533557
 20
226.203828553
 30
0
 10
152.916950126
 20
226.61253682
 30
0
  0
SPLINE
  5
15C
100
AcDbEntity
  8
Shape2DView
  6
ByLayer
 62
  256
370
   -1
100
AcDbSpline
210
0
220
0
230
0
 70
    8
 71
    2
 72
    6
 73
    3
 74
    0
 42
1e-07
 43
1e-07
 40
0
 40
0
 40
0
 40
1
 40
1
 40
1
 10
152.916950126
 20
226.61253682
 30
0
 10
152.755404693
 20
227.154312894
 30
0
 10
152.536817763
 20
227.667574439
 30
0
  0
SPLINE
  5
15D
100
AcDbEntity
  8
Shape2DView
  6
ByLayer
 62
  256
370
   -1
100
AcDbSpline
210
0
220
0
230
0
 70
    8
 71
    3
 72
    8
 73
    4
 74
    0
 42
1e-07
 43
1e-07
 40
0
 40
0
 40
0
 40
0
 40
1
 40
1
 40
1
 40
1
 10
152.536817763
 20
227.667574439
 30
0
 10
152.536817763
 20
227.667574439
 30
0
 10
152.185048089
 20
227.372924293
 30
0
 10
152.118498022
 20
227.325400076
 30
0
  0
SPLINE
  5
15E
100
AcDbEntity
  8
Shape2DView
  6
ByLayer
 62
  256
370
   -1
100
AcDbSpline
210
0
220
0
230
0
 70
    8
 71
    3
 72
    8
 73
    4
 74
    0
 42
1e-07
 43
1e-07
 40
0
 40
0
 40
0
 40
0
 40
1
 40
1
 40
1
 40
1
 10
152.118498022
 20
227.325400076
 30
0
 10
152.061454321
 20
227.277875859
 30
0
 10
151.928357492
 20
227.211341955
 30
0
 10
151.785780733
 20
227.372924293
 30
0
  0
SPLINE
  5
15F
100
AcDbEntity
  8
Shape2DView
  6
ByLayer
 62
  256
370
   -1
100
AcDbSpline
210
0
220
0
230
0
 70
    8
 71
    3
 72
    8
 73
    4
 74
    0
 42
1e-07
 43
1e-07
 40
0
 40
0
 40
0
 40
0
 40
1
 40
1
 40
1
 40
1
 10
151.785780733
 20
227.372924293
 30
0
 10
151.652710339
 20
227.534506631
 30
0
 10
151.814337279
 20
227.696088969
 30
0
 10
151.814337279
 20
227.696088969
 30
0
  0
SPLINE
  5
160
100
AcDbEntity
  8
Shape2DView
  6
ByLayer
 62
  256
370
   -1
100
AcDbSpline
210
0
220
0
230
0
 70
    8
 71
    1
 72
    4
 73
    2
 74
    0
 42
1e-07
 43
1e-07
 40
0
 40
0
 40
7.213875499999999
 40
7.213875499999999
 10
151.814337279
 20
227.696088969
 30
0
 10
152.289712837
 20
228.190340827
 30
0
  0
SPLINE
  5
161
100
AcDbEntity
  8
Shape2DView
  6
ByLayer
 62
  256
370
   -1
100
AcDbSpline
210
0
220
0
230
0
 70
    8
 71
    3
 72
    8
 73
    4
 74
    0
 42
1e-07
 43
1e-07
 40
0
 40
0
 40
0
 40
0
 40
1
 40
1
 40
1
 40
1
 10
152.289712837
 20
228.190340827
 30
0
 10
152.118636806
 20
228.523010346
 30
0
 10
151.93805441
 20
228.855679866
 30
0
 10
151.728950715
 20
229.169339699
 30
0
  0
SPLINE
  5
162
100
AcDbEntity
  8
Shape2DView
  6
ByLayer
 62
  256
370
   -1
100
AcDbSpline
210
0
220
0
230
0
 70
    8
 71
    3
 72
    8
 73
    4
 74
    0
 42
1e-07
 43
1e-07
 40
0
 40
0
 40
0
 40
0
 40
1
 40
1
 40
1
 40
1
 10
151.728950715
 20
229.169339699
 30
0
 10
151.719442146
 20
229.150330012
 30
0
 10
151.434212626
 20
228.817660492
 30
0
 10
151.377167824
 20
228.760631432
 30
0
  0
SPLINE
  5
163
100
AcDbEntity
  8
Shape2DView
  6
ByLayer
 62
  256
370
   -1
100
AcDbSpline
210
0
220
0
230
0
 70
    8
 71
    3
 72
    8
 73
    4
 74
    0
 42
1e-07
 43
1e-07
 40
0
 40
0
 40
0
 40
0
 40
1
 40
1
 40
1
 40
1
 10
151.377167824
 20
228.760631432
 30
0
 10
151.329629387
 20
228.703602371
 30
0
 10
151.20603672
 20
228.61805878
 30
0
 10
151.044443925
 20
228.751126588
 30
0
  0
SPLINE
  5
164
100
AcDbEntity
  8
Shape2DView
  6
ByLayer
 62
  256
370
   -1
100
AcDbSpline
210
0
220
0
230
0
 70
    8
 71
    3
 72
    8
 73
    4
 74
    0
 42
1e-07
 43
1e-07
 40
0
 40
0
 40
0
 40
0
 40
1
 40
1
 40
1
 40
1
 10
151.044443925
 20
228.751126588
 30
0
 10
150.88285113
 20
228.884194396
 30
0
 10
151.015962278
 20
229.074291264
 30
0
 10
151.015962278
 20
229.074291264
 30
0
  0
SPLINE
  5
165
100
AcDbEntity
  8
Shape2DView
  6
ByLayer
 62
  256
370
   -1
100
AcDbSpline
210
0
220
0
230
0
 70
    8
 71
    1
 72
    4
 73
    2
 74
    0
 42
1e-07
 43
1e-07
 40
0
 40
0
 40
7.211102599999999
 40
7.211102599999999
 10
151.015962278
 20
229.074291264
 30
0
 10
151.396282991
 20
229.644581869
 30
0
  0
SPLINE
  5
166
100
AcDbEntity
  8
Shape2DView
  6
ByLayer
 62
  256
370
   -1
100
AcDbSpline
210
0
220
0
230
0
 70
    8
 71
    3
 72
    8
 73
    4
 74
    0
 42
1e-07
 43
1e-07
 40
0
 40
0
 40
0
 40
0
 40
1
 40
1
 40
1
 40
1
 10
151.396282991
 20
229.644581869
 30
0
 10
151.177671828
 20
229.948736859
 30
0
 10
150.930539365
 20
230.233882161
 30
0
 10
150.683405801
 20
230.50952262
 30
0
  0
SPLINE
  5
167
100
AcDbEntity
  8
Shape2DView
  6
ByLayer
 62
  256
370
   -1
100
AcDbSpline
210
0
220
0
230
0
 70
    8
 71
    3
 72
    8
 73
    4
 74
    0
 42
1e-07
 43
1e-07
 40
0
 40
0
 40
0
 40
0
 40
1
 40
1
 40
1
 40
1
 10
150.683405801
 20
230.50952262
 30
0
 10
150.664388664
 20
230.471503247
 30
0
 10
150.445700399
 20
230.110319197
 30
0
 10
150.407667226
 20
230.043785293
 30
0
  0
SPLINE
  5
168
100
AcDbEntity
  8
Shape2DView
  6
ByLayer
 62
  256
370
   -1
100
AcDbSpline
210
0
220
0
230
0
 70
    8
 71
    3
 72
    8
 73
    4
 74
    0
 42
1e-07
 43
1e-07
 40
0
 40
0
 40
0
 40
0
 40
1
 40
1
 40
1
 40
1
 10
150.407667226
 20
230.043785293
 30
0
 10
150.369634054
 20
229.977251389
 30
0
 10
150.265051916
 20
229.872698111
 30
0
 10
150.084443085
 20
229.977251389
 30
0
  0
SPLINE
  5
169
100
AcDbEntity
  8
Shape2DView
  6
ByLayer
 62
  256
370
   -1
100
AcDbSpline
210
0
220
0
230
0
 70
    8
 71
    3
 72
    8
 73
    4
 74
    0
 42
1e-07
 43
1e-07
 40
0
 40
0
 40
0
 40
0
 40
1
 40
1
 40
1
 40
1
 10
150.084443085
 20
229.977251389
 30
0
 10
149.903834254
 20
230.081804666
 30
0
 10
149.998922142
 20
230.290911222
 30
0
 10
149.998922142
 20
230.290911222
 30
0
  0
SPLINE
  5
16A
100
AcDbEntity
  8
Shape2DView
  6
ByLayer
 62
  256
370
   -1
100
AcDbSpline
210
0
220
0
230
0
 70
    8
 71
    1
 72
    4
 73
    2
 74
    0
 42
1e-07
 43
1e-07
 40
0
 40
0
 40
7.209022099999999
 40
7.209022099999999
 10
149.998922142
 20
230.290911222
 30
0
 10
150.274679442
 20
230.918230887
 30
0
  0
SPLINE
  5
16B
100
AcDbEntity
  8
Shape2DView
  6
ByLayer
 62
  256
370
   -1
100
AcDbSpline
210
0
220
0
230
0
 70
    8
 71
    3
 72
    8
 73
    4
 74
    0
 42
1e-07
 43
1e-07
 40
0
 40
0
 40
0
 40
0
 40
1
 40
1
 40
1
 40
1
 10
150.274679442
 20
230.918230887
 30
0
 10
150.008530944
 20
231.174861659
 30
0
 10
149.713862247
 20
231.421987588
 30
0
 10
149.419191348
 20
231.65010383
 30
0
  0
SPLINE
  5
16C
100
AcDbEntity
  8
Shape2DView
  6
ByLayer
 62
  256
370
   -1
100
AcDbSpline
210
0
220
0
230
0
 70
    8
 71
    3
 72
    8
 73
    4
 74
    0
 42
1e-07
 43
1e-07
 40
0
 40
0
 40
0
 40
0
 40
1
 40
1
 40
1
 40
1
 10
149.419191348
 20
231.65010383
 30
0
 10
149.409680576
 20
231.612084456
 30
0
 10
149.257532465
 20
231.212881033
 30
0
 10
149.229005658
 20
231.146347129
 30
0
  0
SPLINE
  5
16D
100
AcDbEntity
  8
Shape2DView
  6
ByLayer
 62
  256
370
   -1
100
AcDbSpline
210
0
220
0
230
0
 70
    8
 71
    3
 72
    8
 73
    4
 74
    0
 42
1e-07
 43
1e-07
 40
0
 40
0
 40
0
 40
0
 40
1
 40
1
 40
1
 40
1
 10
149.229005658
 20
231.146347129
 30
0
 10
149.200477749
 20
231.070308382
 30
0
 10
149.114907241
 20
230.956250261
 30
0
 10
148.915281273
 20
231.022784165
 30
0
  0
SPLINE
  5
16E
100
AcDbEntity
  8
Shape2DView
  6
ByLayer
 62
  256
370
   -1
100
AcDbSpline
210
0
220
0
230
0
 70
    8
 71
    3
 72
    8
 73
    4
 74
    0
 42
1e-07
 43
1e-07
 40
0
 40
0
 40
0
 40
0
 40
1
 40
1
 40
1
 40
1
 10
148.915281273
 20
231.022784165
 30
0
 10
148.715656406
 20
231.098822912
 30
0
 10
148.782226299
 20
231.317434311
 30
0
 10
148.782226299
 20
231.317434311
 30
0
  0
SPLINE
  5
16F
100
AcDbEntity
  8
Shape2DView
  6
ByLayer
 62
  256
370
   -1
100
AcDbSpline
210
0
220
0
230
0
 70
    8
 71
    1
 72
    4
 73
    2
 74
    0
 42
1e-07
 43
1e-07
 40
0
 40
0
 40
7.2034714
 40
7.2034714
 10
148.782226299
 20
231.317434311
 30
0
 10
148.943911617
 20
231.98277335
 30
0
  0
SPLINE
  5
170
100
AcDbEntity
  8
Shape2DView
  6
ByLayer
 62
  256
370
   -1
100
AcDbSpline
210
0
220
0
230
0
 70
    8
 71
    2
 72
    6
 73
    3
 74
    0
 42
1e-07
 43
1e-07
 40
0
 40
0
 40
0
 40
1
 40
1
 40
1
 10
148.943911617
 20
231.98277335
 30
0
 10
148.473382867
 20
232.296433182
 30
0
 10
147.97432841
 20
232.553063955
 30
0
  0
SPLINE
  5
171
100
AcDbEntity
  8
Shape2DView
  6
ByLayer
 62
  256
370
   -1
100
AcDbSpline
210
0
220
0
230
0
 70
    8
 71
    3
 72
    8
 73
    4
 74
    0
 42
1e-07
 43
1e-07
 40
0
 40
0
 40
0
 40
0
 40
1
 40
1
 40
1
 40
1
 10
147.97432841
 20
232.553063955
 30
0
 10
147.974326208
 20
232.534054268
 30
0
 10
147.88871825
 20
232.096831471
 30
0
 10
147.879203072
 20
232.020792723
 30
0
  0
SPLINE
  5
172
100
AcDbEntity
  8
Shape2DView
  6
ByLayer
 62
  256
370
   -1
100
AcDbSpline
210
0
220
0
230
0
 70
    8
 71
    3
 72
    8
 73
    4
 74
    0
 42
1e-07
 43
1e-07
 40
0
 40
0
 40
0
 40
0
 40
1
 40
1
 40
1
 40
1
 10
147.879203072
 20
232.020792723
 30
0
 10
147.860181529
 20
231.944753976
 30
0
 10
147.803127915
 20
231.811686168
 30
0
 10
147.593992277
 20
231.849705542
 30
0
  0
SPLINE
  5
173
100
AcDbEntity
  8
Shape2DView
  6
ByLayer
 62
  256
370
   -1
100
AcDbSpline
210
0
220
0
230
0
 70
    8
 71
    3
 72
    8
 73
    4
 74
    0
 42
1e-07
 43
1e-07
 40
0
 40
0
 40
0
 40
0
 40
1
 40
1
 40
1
 40
1
 10
147.593992277
 20
231.849705542
 30
0
 10
147.384856639
 20
231.887724916
 30
0
 10
147.413402171
 20
232.115841158
 30
0
 10
147.413402171
 20
232.115841158
 30
0
  0
SPLINE
  5
174
100
AcDbEntity
  8
Shape2DView
  6
ByLayer
 62
  256
370
   -1
100
AcDbSpline
210
0
220
0
230
0
 70
    8
 71
    1
 72
    4
 73
    2
 74
    0
 42
1e-07
 43
1e-07
 40
0
 40
0
 40
7.2173402
 40
7.2173402
 10
147.413402171
 20
232.115841158
 30
0
 10
147.461013304
 20
232.800189883
 30
0
  0
SPLINE
  5
175
100
AcDbEntity
  8
Shape2DView
  6
ByLayer
 62
  256
370
   -1
100
AcDbSpline
210
0
220
0
230
0
 70
    8
 71
    2
 72
    6
 73
    3
 74
    0
 42
1e-07
 43
1e-07
 40
0
 40
0
 40
0
 40
1
 40
1
 40
1
 10
147.461013304
 20
232.800189883
 30
0
 10
146.919178275
 20
233.04018718
 30
0
 10
146.348815888
 20
233.20889815
 30
0
  0
SPLINE
  5
176
100
AcDbEntity
  8
Shape2DView
  6
ByLayer
 62
  256
370
   -1
100
AcDbSpline
210
0
220
0
230
0
 70
    8
 71
    1
 72
    4
 73
    2
 74
    0
 42
1e-07
 43
1e-07
 40
0
 40
0
 40
5.7
 40
5.7
 10
146.348815888
 20
233.20889815
 30
0
 10
146.348753105
 20
232.667122076
 30
0
  0
SPLINE
  5
177
100
AcDbEntity
  8
Shape2DView
  6
ByLayer
 62
  256
370
   -1
100
AcDbSpline
210
0
220
0
230
0
 70
    8
 71
    3
 72
    8
 73
    4
 74
    0
 42
1e-07
 43
1e-07
 40
0
 40
0
 40
0
 40
0
 40
1
 40
1
 40
1
 40
1
 10
146.348753105
 20
232.667122076
 30
0
 10
146.348752004
 20
232.657617232
 30
0
 10
146.348729975
 20
232.467520364
 30
0
 10
146.348728873
 20
232.458015521
 30
0
  0
SPLINE
  5
178
100
AcDbEntity
  8
Shape2DView
  6
ByLayer
 62
  256
370
   -1
100
AcDbSpline
210
0
220
0
230
0
 70
    8
 71
    1
 72
    4
 73
    2
 74
    0
 42
1e-07
 43
1e-07
 40
0
 40
0
 40
24.0216569
 40
24.0216569
 10
146.348728873
 20
232.458015521
 30
0
 10
145.113123836
 20
234.377993891
 30
0
  0
SPLINE
  5
179
100
AcDbEntity
  8
Shape2DView
  6
ByLayer
 62
  256
370
   -1
100
AcDbSpline
210
0
220
0
230
0
 70
    8
 71
    3
 72
    8
 73
    4
 74
    0
 42
1e-07
 43
1e-07
 40
0
 40
0
 40
0
 40
0
 40
1
 40
1
 40
1
 40
1
 10
145.113123836
 20
234.377993891
 30
0
 10
144.077118332
 20
236.003322115
 30
0
 10
142.584618928
 20
236.003322115
 30
0
 10
141.548236725
 20
234.377993891
 30
0
  0
SPLINE
  5
17A
100
AcDbEntity
  8
Shape2DView
  6
ByLayer
 62
  256
370
   -1
100
AcDbSpline
210
0
220
0
230
0
 70
    8
 71
    1
 72
    4
 73
    2
 74
    0
 42
1e-07
 43
1e-07
 40
0
 40
0
 40
14.4803315
 40
14.4803315
 10
141.548236725
 20
234.377993891
 30
0
 10
140.806605828
 20
233.218402994
 30
0
  0
SPLINE
  5
17B
100
AcDbEntity
  8
Shape2DView
  6
ByLayer
 62
  256
370
   -1
100
AcDbSpline
210
0
220
0
230
0
 70
    8
 71
    1
 72
    4
 73
    2
 74
    0
 42
1e-07
 43
1e-07
 40
0
 40
0
 40
0.7071067999999999
 40
0.7071067999999999
 10
140.806605828
 20
233.218402994
 30
0
 10
140.74006237
 20
233.227907837
 30
0
  0
SPLINE
  5
17C
100
AcDbEntity
  8
Shape2DView
  6
ByLayer
 62
  256
370
   -1
100
AcDbSpline
210
0
220
0
230
0
 70
    8
 71
    2
 72
    6
 73
    3
 74
    0
 42
1e-07
 43
1e-07
 40
0
 40
0
 40
0
 40
1
 40
1
 40
1
 10
140.74006237
 20
233.227907837
 30
0
 10
140.198180804
 20
233.066325499
 30
0
 10
139.684811726
 20
232.847714101
 30
0
  0
SPLINE
  5
17D
100
AcDbEntity
  8
Shape2DView
  6
ByLayer
 62
  256
370
   -1
100
AcDbSpline
210
0
220
0
230
0
 70
    8
 71
    3
 72
    8
 73
    4
 74
    0
 42
1e-07
 43
1e-07
 40
0
 40
0
 40
0
 40
0
 40
1
 40
1
 40
1
 40
1
 10
139.684811726
 20
232.847714101
 30
0
 10
139.684811726
 20
232.847714101
 30
0
 10
139.979468307
 20
232.496034894
 30
0
 10
140.03649879
 20
232.42950099
 30
0
  0
SPLINE
  5
17E
100
AcDbEntity
  8
Shape2DView
  6
ByLayer
 62
  256
370
   -1
100
AcDbSpline
210
0
220
0
230
0
 70
    8
 71
    3
 72
    8
 73
    4
 74
    0
 42
1e-07
 43
1e-07
 40
0
 40
0
 40
0
 40
0
 40
1
 40
1
 40
1
 40
1
 10
140.03649879
 20
232.42950099
 30
0
 10
140.08402401
 20
232.37247193
 30
0
 10
140.150553149
 20
232.239404122
 30
0
 10
139.988928411
 20
232.096831471
 30
0
  0
SPLINE
  5
17F
100
AcDbEntity
  8
Shape2DView
  6
ByLayer
 62
  256
370
   -1
100
AcDbSpline
210
0
220
0
230
0
 70
    8
 71
    3
 72
    8
 73
    4
 74
    0
 42
1e-07
 43
1e-07
 40
0
 40
0
 40
0
 40
0
 40
1
 40
1
 40
1
 40
1
 10
139.988928411
 20
232.096831471
 30
0
 10
139.827304775
 20
231.963763663
 30
0
 10
139.665715284
 20
232.125346001
 30
0
 10
139.665715284
 20
232.125346001
 30
0
  0
SPLINE
  5
180
100
AcDbEntity
  8
Shape2DView
  6
ByLayer
 62
  256
370
   -1
100
AcDbSpline
210
0
220
0
230
0
 70
    8
 71
    1
 72
    4
 73
    2
 74
    0
 42
1e-07
 43
1e-07
 40
0
 40
0
 40
7.213875499999999
 40
7.213875499999999
 10
139.665715284
 20
232.125346001
 30
0
 10
139.171439344
 20
232.600588172
 30
0
  0
SPLINE
  5
181
100
AcDbEntity
  8
Shape2DView
  6
ByLayer
 62
  256
370
   -1
100
AcDbSpline
210
0
220
0
230
0
 70
    8
 71
    3
 72
    8
 73
    4
 74
    0
 42
1e-07
 43
1e-07
 40
0
 40
0
 40
0
 40
0
 40
1
 40
1
 40
1
 40
1
 10
139.171439344
 20
232.600588172
 30
0
 10
138.838696721
 20
232.42950099
 30
0
 10
138.505952996
 20
232.248908965
 30
0
 10
138.192218698
 20
232.03980241
 30
0
  0
SPLINE
  5
182
100
AcDbEntity
  8
Shape2DView
  6
ByLayer
 62
  256
370
   -1
100
AcDbSpline
210
0
220
0
230
0
 70
    8
 71
    3
 72
    8
 73
    4
 74
    0
 42
1e-07
 43
1e-07
 40
0
 40
0
 40
0
 40
0
 40
1
 40
1
 40
1
 40
1
 10
138.192218698
 20
232.03980241
 30
0
 10
138.211230328
 20
232.030297567
 30
0
 10
138.543920082
 20
231.745152264
 30
0
 10
138.600951667
 20
231.688123204
 30
0
  0
SPLINE
  5
183
100
AcDbEntity
  8
Shape2DView
  6
ByLayer
 62
  256
370
   -1
100
AcDbSpline
210
0
220
0
230
0
 70
    8
 71
    3
 72
    8
 73
    4
 74
    0
 42
1e-07
 43
1e-07
 40
0
 40
0
 40
0
 40
0
 40
1
 40
1
 40
1
 40
1
 10
138.600951667
 20
231.688123204
 30
0
 10
138.657984353
 20
231.640598987
 30
0
 10
138.743527325
 20
231.517036022
 30
0
 10
138.610419481
 20
231.355453684
 30
0
  0
SPLINE
  5
184
100
AcDbEntity
  8
Shape2DView
  6
ByLayer
 62
  256
370
   -1
100
AcDbSpline
210
0
220
0
230
0
 70
    8
 71
    3
 72
    8
 73
    4
 74
    0
 42
1e-07
 43
1e-07
 40
0
 40
0
 40
0
 40
0
 40
1
 40
1
 40
1
 40
1
 10
138.610419481
 20
231.355453684
 30
0
 10
138.477311637
 20
231.193871346
 30
0
 10
138.287199745
 20
231.326939154
 30
0
 10
138.287199745
 20
231.326939154
 30
0
  0
SPLINE
  5
185
100
AcDbEntity
  8
Shape2DView
  6
ByLayer
 62
  256
370
   -1
100
AcDbSpline
210
0
220
0
230
0
 70
    8
 71
    1
 72
    4
 73
    2
 74
    0
 42
1e-07
 43
1e-07
 40
0
 40
0
 40
7.211102599999999
 40
7.211102599999999
 10
138.287199745
 20
231.326939154
 30
0
 10
137.716861866
 20
231.707132891
 30
0
  0
SPLINE
  5
186
100
AcDbEntity
  8
Shape2DView
  6
ByLayer
 62
  256
370
   -1
100
AcDbSpline
210
0
220
0
230
0
 70
    8
 71
    3
 72
    8
 73
    4
 74
    0
 42
1e-07
 43
1e-07
 40
0
 40
0
 40
0
 40
0
 40
1
 40
1
 40
1
 40
1
 10
137.716861866
 20
231.707132891
 30
0
 10
137.412632832
 20
231.488521492
 30
0
 10
137.127413225
 20
231.241395563
 30
0
 10
136.851699984
 20
230.994269634
 30
0
  0
SPLINE
  5
187
100
AcDbEntity
  8
Shape2DView
  6
ByLayer
 62
  256
370
   -1
100
AcDbSpline
210
0
220
0
230
0
 70
    8
 71
    3
 72
    8
 73
    4
 74
    0
 42
1e-07
 43
1e-07
 40
0
 40
0
 40
0
 40
0
 40
1
 40
1
 40
1
 40
1
 10
136.851699984
 20
230.994269634
 30
0
 10
136.889723244
 20
230.975259948
 30
0
 10
137.250939804
 20
230.756648549
 30
0
 10
137.317479958
 20
230.718629175
 30
0
  0
SPLINE
  5
188
100
AcDbEntity
  8
Shape2DView
  6
ByLayer
 62
  256
370
   -1
100
AcDbSpline
210
0
220
0
230
0
 70
    8
 71
    3
 72
    8
 73
    4
 74
    0
 42
1e-07
 43
1e-07
 40
0
 40
0
 40
0
 40
0
 40
1
 40
1
 40
1
 40
1
 10
137.317479958
 20
230.718629175
 30
0
 10
137.384020111
 20
230.680609802
 30
0
 10
137.488578017
 20
230.576056524
 30
0
 10
137.383987067
 20
230.395464499
 30
0
  0
SPLINE
  5
189
100
AcDbEntity
  8
Shape2DView
  6
ByLayer
 62
  256
370
   -1
100
AcDbSpline
210
0
220
0
230
0
 70
    8
 71
    3
 72
    8
 73
    4
 74
    0
 42
1e-07
 43
1e-07
 40
0
 40
0
 40
0
 40
0
 40
1
 40
1
 40
1
 40
1
 10
137.383987067
 20
230.395464499
 30
0
 10
137.279396118
 20
230.214872474
 30
0
 10
137.070267088
 20
230.309920908
 30
0
 10
137.070267088
 20
230.309920908
 30
0
  0
SPLINE
  5
18A
100
AcDbEntity
  8
Shape2DView
  6
ByLayer
 62
  256
370
   -1
100
AcDbSpline
210
0
220
0
230
0
 70
    8
 71
    1
 72
    4
 73
    2
 74
    0
 42
1e-07
 43
1e-07
 40
0
 40
0
 40
7.209022099999999
 40
7.209022099999999
 10
137.070267088
 20
230.309920908
 30
0
 10
136.442878899
 20
230.585561368
 30
0
  0
SPLINE
  5
18B
100
AcDbEntity
  8
Shape2DView
  6
ByLayer
 62
  256
370
   -1
100
AcDbSpline
210
0
220
0
230
0
 70
    8
 71
    3
 72
    8
 73
    4
 74
    0
 42
1e-07
 43
1e-07
 40
0
 40
0
 40
0
 40
0
 40
1
 40
1
 40
1
 40
1
 10
136.442878899
 20
230.585561368
 30
0
 10
136.186176186
 20
230.319425752
 30
0
 10
135.938976535
 20
230.024775606
 30
0
 10
135.710789614
 20
229.73012546
 30
0
  0
SPLINE
  5
18C
100
AcDbEntity
  8
Shape2DView
  6
ByLayer
 62
  256
370
   -1
100
AcDbSpline
210
0
220
0
230
0
 70
    8
 71
    3
 72
    8
 73
    4
 74
    0
 42
1e-07
 43
1e-07
 40
0
 40
0
 40
0
 40
0
 40
1
 40
1
 40
1
 40
1
 10
135.710789614
 20
229.73012546
 30
0
 10
135.748813975
 20
229.720620617
 30
0
 10
136.148063709
 20
229.568543122
 30
0
 10
136.214604964
 20
229.540028592
 30
0
  0
SPLINE
  5
18D
100
AcDbEntity
  8
Shape2DView
  6
ByLayer
 62
  256
370
   -1
100
AcDbSpline
210
0
220
0
230
0
 70
    8
 71
    3
 72
    8
 73
    4
 74
    0
 42
1e-07
 43
1e-07
 40
0
 40
0
 40
0
 40
0
 40
1
 40
1
 40
1
 40
1
 10
136.214604964
 20
229.540028592
 30
0
 10
136.290652584
 20
229.511514061
 30
0
 10
136.404719059
 20
229.425970471
 30
0
 10
136.338151369
 20
229.226368759
 30
0
  0
SPLINE
  5
18E
100
AcDbEntity
  8
Shape2DView
  6
ByLayer
 62
  256
370
   -1
100
AcDbSpline
210
0
220
0
230
0
 70
    8
 71
    3
 72
    8
 73
    4
 74
    0
 42
1e-07
 43
1e-07
 40
0
 40
0
 40
0
 40
0
 40
1
 40
1
 40
1
 40
1
 10
136.338151369
 20
229.226368759
 30
0
 10
136.262077313
 20
229.026767047
 30
0
 10
136.043438614
 20
229.093300951
 30
0
 10
136.043438614
 20
229.093300951
 30
0
  0
SPLINE
  5
18F
100
AcDbEntity
  8
Shape2DView
  6
ByLayer
 62
  256
370
   -1
100
AcDbSpline
210
0
220
0
230
0
 70
    8
 71
    1
 72
    4
 73
    2
 74
    0
 42
1e-07
 43
1e-07
 40
0
 40
0
 40
7.2034714
 40
7.2034714
 10
136.043438614
 20
229.093300951
 30
0
 10
135.378011744
 20
229.254883289
 30
0
  0
SPLINE
  5
190
100
AcDbEntity
  8
Shape2DView
  6
ByLayer
 62
  256
370
   -1
100
AcDbSpline
210
0
220
0
230
0
 70
    8
 71
    2
 72
    6
 73
    3
 74
    0
 42
1e-07
 43
1e-07
 40
0
 40
0
 40
0
 40
1
 40
1
 40
1
 10
135.378011744
 20
229.254883289
 30
0
 10
135.064247156
 20
228.78439354
 30
0
 10
134.807517458
 20
228.285389261
 30
0
  0
SPLINE
  5
191
100
AcDbEntity
  8
Shape2DView
  6
ByLayer
 62
  256
370
   -1
100
AcDbSpline
210
0
220
0
230
0
 70
    8
 71
    3
 72
    8
 73
    4
 74
    0
 42
1e-07
 43
1e-07
 40
0
 40
0
 40
0
 40
0
 40
1
 40
1
 40
1
 40
1
 10
134.807517458
 20
228.285389261
 30
0
 10
134.817023823
 20
228.285389261
 30
0
 10
135.263813095
 20
228.19984567
 30
0
 10
135.339862918
 20
228.190340827
 30
0
  0
SPLINE
  5
192
100
AcDbEntity
  8
Shape2DView
  6
ByLayer
 62
  256
370
   -1
100
AcDbSpline
210
0
220
0
230
0
 70
    8
 71
    3
 72
    8
 73
    4
 74
    0
 42
1e-07
 43
1e-07
 40
0
 40
0
 40
0
 40
0
 40
1
 40
1
 40
1
 40
1
 10
135.339862918
 20
228.190340827
 30
0
 10
135.41591164
 20
228.17133114
 30
0
 10
135.548994151
 20
228.114302079
 30
0
 10
135.510944456
 20
227.905195524
 30
0
  0
SPLINE
  5
193
100
AcDbEntity
  8
Shape2DView
  6
ByLayer
 62
  256
370
   -1
100
AcDbSpline
210
0
220
0
230
0
 70
    8
 71
    3
 72
    8
 73
    4
 74
    0
 42
1e-07
 43
1e-07
 40
0
 40
0
 40
0
 40
0
 40
1
 40
1
 40
1
 40
1
 10
135.510944456
 20
227.905195524
 30
0
 10
135.472894761
 20
227.696088969
 30
0
 10
135.244745291
 20
227.724603499
 30
0
 10
135.244745291
 20
227.724603499
 30
0
  0
SPLINE
  5
194
100
AcDbEntity
  8
Shape2DView
  6
ByLayer
 62
  256
370
   -1
100
AcDbSpline
210
0
220
0
230
0
 70
    8
 71
    1
 72
    4
 73
    2
 74
    0
 42
1e-07
 43
1e-07
 40
0
 40
0
 40
7.2173402
 40
7.2173402
 10
135.244745291
 20
227.724603499
 30
0
 10
134.560292472
 20
227.772127716
 30
0
  0
SPLINE
  5
195
100
AcDbEntity
  8
Shape2DView
  6
ByLayer
 62
  256
370
   -1
100
AcDbSpline
210
0
220
0
230
0
 70
    8
 71
    2
 72
    6
 73
    3
 74
    0
 42
1e-07
 43
1e-07
 40
0
 40
0
 40
0
 40
1
 40
1
 40
1
 10
134.560292472
 20
227.772127716
 30
0
 10
134.320193957
 20
227.230351642
 30
0
 10
134.15138988
 20
226.660061037
 30
0
  0
SPLINE
  5
196
100
AcDbEntity
  8
Shape2DView
  6
ByLayer
 62
  256
370
   -1
100
AcDbSpline
210
0
220
0
230
0
 70
    8
 71
    1
 72
    4
 73
    2
 74
    0
 42
1e-07
 43
1e-07
 40
0
 40
0
 40
5.7
 40
5.7
 10
134.15138988
 20
226.660061037
 30
0
 10
134.693252721
 20
226.660061037
 30
0
  0
SPLINE
  5
197
100
AcDbEntity
  8
Shape2DView
  6
ByLayer
 62
  256
370
   -1
100
AcDbSpline
210
0
220
0
230
0
 70
    8
 71
    3
 72
    8
 73
    4
 74
    0
 42
1e-07
 43
1e-07
 40
0
 40
0
 40
0
 40
0
 40
1
 40
1
 40
1
 40
1
 10
134.693252721
 20
226.660061037
 30
0
 10
134.769303646
 20
226.660061037
 30
0
 10
134.911894724
 20
226.622041663
 30
0
 10
134.911870492
 20
226.412935108
 30
0
  0
SPLINE
  5
198
100
AcDbEntity
  8
Shape2DView
  6
ByLayer
 62
  256
370
   -1
100
AcDbSpline
210
0
220
0
230
0
 70
    8
 71
    3
 72
    8
 73
    4
 74
    0
 42
1e-07
 43
1e-07
 40
0
 40
0
 40
0
 40
0
 40
1
 40
1
 40
1
 40
1
 10
134.911870492
 20
226.412935108
 30
0
 10
134.91184626
 20
226.203828553
 30
0
 10
134.683691282
 20
226.184818866
 30
0
 10
134.683691282
 20
226.184818866
 30
0
  0
SPLINE
  5
199
100
AcDbEntity
  8
Shape2DView
  6
ByLayer
 62
  256
370
   -1
100
AcDbSpline
210
0
220
0
230
0
 70
    8
 71
    1
 72
    4
 73
    2
 74
    0
 42
1e-07
 43
1e-07
 40
0
 40
0
 40
7.2443081
 40
7.2443081
 10
134.683691282
 20
226.184818866
 30
0
 10
133.999224145
 20
226.108780118
 30
0
  0
SPLINE
  5
19A
100
AcDbEntity
  8
Shape2DView
  6
ByLayer
 62
  256
370
   -1
100
AcDbSpline
210
0
220
0
230
0
 70
    8
 71
    2
 72
    6
 73
    3
 74
    0
 42
1e-07
 43
1e-07
 40
0
 40
0
 40
0
 40
1
 40
1
 40
1
 10
133.999224145
 20
226.108780118
 30
0
 10
133.87082515
 20
225.564627833
 30
0
 10
133.799462697
 20
225.006218282
 30
0
  0
SPLINE
  5
19B
100
AcDbEntity
  8
Shape2DView
  6
ByLayer
 62
  256
370
   -1
100
AcDbSpline
210
0
220
0
230
0
 70
    8
 71
    3
 72
    8
 73
    4
 74
    0
 42
1e-07
 43
1e-07
 40
0
 40
0
 40
0
 40
0
 40
1
 40
1
 40
1
 40
1
 10
133.799462697
 20
225.006218282
 30
0
 10
133.827982896
 20
225.015723126
 30
0
 10
134.255777059
 20
225.08225703
 30
0
 10
134.331830187
 20
225.101266716
 30
0
  0
SPLINE
  5
19C
100
AcDbEntity
  8
Shape2DView
  6
ByLayer
 62
  256
370
   -1
100
AcDbSpline
210
0
220
0
230
0
 70
    8
 71
    3
 72
    8
 73
    4
 74
    0
 42
1e-07
 43
1e-07
 40
0
 40
0
 40
0
 40
0
 40
1
 40
1
 40
1
 40
1
 10
134.331830187
 20
225.101266716
 30
0
 10
134.407882214
 20
225.11077156
 30
0
 10
134.531463865
 20
225.101266716
 30
0
 10
134.578976969
 20
224.939684378
 30
0
  0
SPLINE
  5
19D
100
AcDbEntity
  8
Shape2DView
  6
ByLayer
 62
  256
370
   -1
100
AcDbSpline
210
0
220
0
230
0
 70
    8
 71
    1
 72
    4
 73
    2
 74
    0
 42
1e-07
 43
1e-07
 40
0
 40
0
 40
8.956003599999999
 40
8.956003599999999
 10
134.578976969
 20
224.939684378
 30
0
 10
135.425032495
 20
224.844635944
 30
0
  0
SPLINE
  5
19E
100
AcDbEntity
  8
Shape2DView
  6
ByLayer
 62
  256
370
   -1
100
AcDbSpline
210
0
220
0
230
0
 70
    8
 71
    1
 72
    4
 73
    2
 74
    0
 42
1e-07
 43
1e-07
 40
0
 40
0
 40
2.8301943
 40
2.8301943
 10
135.425032495
 20
224.844635944
 30
0
 10
135.282410576
 20
224.616519702
 30
0
  0
SPLINE
  5
19F
100
AcDbEntity
  8
Shape2DView
  6
ByLayer
 62
  256
370
   -1
100
AcDbSpline
210
0
220
0
230
0
 70
    8
 71
    1
 72
    4
 73
    2
 74
    0
 42
1e-07
 43
1e-07
 40
0
 40
0
 40
8.0504658
 40
8.0504658
 10
135.282410576
 20
224.616519702
 30
0
 10
134.521911239
 20
224.702063293
 30
0
  0
SPLINE
  5
1A0
100
AcDbEntity
  8
Shape2DView
  6
ByLayer
 62
  256
370
   -1
100
AcDbSpline
210
0
220
0
230
0
 70
    8
 71
    3
 72
    8
 73
    4
 74
    0
 42
1e-07
 43
1e-07
 40
0
 40
0
 40
0
 40
0
 40
1
 40
1
 40
1
 40
1
 10
134.521911239
 20
224.702063293
 30
0
 10
134.464866436
 20
224.645034232
 30
0
 10
134.398319674
 20
224.626024546
 30
0
 10
134.398319674
 20
224.626024546
 30
0
  0
SPLINE
  5
1A1
100
AcDbEntity
  8
Shape2DView
  6
ByLayer
 62
  256
370
   -1
100
AcDbSpline
210
0
220
0
230
0
 70
    8
 71
    1
 72
    4
 73
    2
 74
    0
 42
1e-07
 43
1e-07
 40
0
 40
0
 40
7.212489199999999
 40
7.212489199999999
 10
134.398319674
 20
224.626024546
 30
0
 10
133.742357315
 20
224.426422834
 30
0
  0
SPLINE
  5
1A2
100
AcDbEntity
  8
Shape2DView
  6
ByLayer
 62
  256
370
   -1
100
AcDbSpline
210
0
220
0
230
0
 70
    8
 71
    3
 72
    8
 73
    4
 74
    0
 42
1e-07
 43
1e-07
 40
0
 40
0
 40
0
 40
0
 40
1
 40
1
 40
1
 40
1
 10
133.742357315
 20
224.426422834
 30
0
 10
133.732827818
 20
224.226821122
 30
0
 10
133.723299423
 20
224.036724254
 30
0
 10
133.723276293
 20
223.837122542
 30
0
  0
SPLINE
  5
1A3
100
AcDbEntity
  8
Shape2DView
  6
ByLayer
 62
  256
370
   -1
100
AcDbSpline
210
0
220
0
230
0
 70
    8
 71
    3
 72
    8
 73
    4
 74
    0
 42
1e-07
 43
1e-07
 40
0
 40
0
 40
0
 40
0
 40
1
 40
1
 40
1
 40
1
 10
133.723276293
 20
223.837122542
 30
0
 10
133.723255365
 20
223.656530517
 30
0
 10
133.732741904
 20
223.485443336
 30
0
 10
133.742227342
 20
223.304851311
 30
0
  0
SPLINE
  5
1A4
100
AcDbEntity
  8
Shape2DView
  6
ByLayer
 62
  256
370
   -1
100
AcDbSpline
210
0
220
0
230
0
 70
    8
 71
    3
 72
    8
 73
    4
 74
    0
 42
1e-07
 43
1e-07
 40
0
 40
0
 40
0
 40
0
 40
1
 40
1
 40
1
 40
1
 10
133.742227342
 20
223.304851311
 30
0
 10
133.780253906
 20
223.314356154
 30
0
 10
134.179538886
 20
223.466433649
 30
0
 10
134.246085648
 20
223.485443336
 30
0
  0
SPLINE
  5
1A5
100
AcDbEntity
  8
Shape2DView
  6
ByLayer
 62
  256
370
   -1
100
AcDbSpline
210
0
220
0
230
0
 70
    8
 71
    3
 72
    8
 73
    4
 74
    0
 42
1e-07
 43
1e-07
 40
0
 40
0
 40
0
 40
0
 40
1
 40
1
 40
1
 40
1
 10
134.246085648
 20
223.485443336
 30
0
 10
134.312632411
 20
223.504453022
 30
0
 10
134.426711001
 20
223.523462709
 30
0
 10
134.502746506
 20
223.390394901
 30
0
  0
SPLINE
  5
1A6
100
AcDbEntity
  8
Shape2DView
  6
ByLayer
 62
  256
370
   -1
100
AcDbSpline
210
0
220
0
230
0
 70
    8
 71
    1
 72
    4
 73
    2
 74
    0
 42
1e-07
 43
1e-07
 40
0
 40
0
 40
5.5758407
 40
5.5758407
 10
134.502746506
 20
223.390394901
 30
0
 10
134.217503768
 20
222.943667261
 30
0
  0
SPLINE
  5
1A7
100
AcDbEntity
  8
Shape2DView
  6
ByLayer
 62
  256
370
   -1
100
AcDbSpline
210
0
220
0
230
0
 70
    8
 71
    1
 72
    4
 73
    2
 74
    0
 42
1e-07
 43
1e-07
 40
0
 40
0
 40
5.1429563
 40
5.1429563
 10
134.217503768
 20
222.943667261
 30
0
 10
133.780185616
 20
222.725055862
 30
0
  0
SPLINE
  5
1A8
100
AcDbEntity
  8
Shape2DView
  6
ByLayer
 62
  256
370
   -1
100
AcDbSpline
210
0
220
0
230
0
 70
    8
 71
    3
 72
    8
 73
    4
 74
    0
 42
1e-07
 43
1e-07
 40
0
 40
0
 40
0
 40
0
 40
1
 40
1
 40
1
 40
1
 10
133.780185616
 20
222.725055862
 30
0
 10
133.799182927
 20
222.591988054
 30
0
 10
133.808674973
 20
222.46842509
 30
0
 10
133.83717865
 20
222.335357282
 30
0
  0
SPLINE
  5
1A9
100
AcDbEntity
  8
Shape2DView
  6
ByLayer
 62
  256
370
   -1
100
AcDbSpline
210
0
220
0
230
0
 70
    8
 71
    1
 72
    4
 73
    2
 74
    0
 42
1e-07
 43
1e-07
 40
0
 40
0
 40
42.9731311
 40
42.9731311
 10
133.83717865
 20
222.335357282
 30
0
 10
131.650314725
 20
218.885099122
 30
0
  0
SPLINE
  5
1AA
100
AcDbEntity
  8
Shape2DView
  6
ByLayer
 62
  256
370
   -1
100
AcDbSpline
210
0
220
0
230
0
 70
    8
 71
    3
 72
    8
 73
    4
 74
    0
 42
1e-07
 43
1e-07
 40
0
 40
0
 40
0
 40
0
 40
1
 40
1
 40
1
 40
1
 10
131.650314725
 20
218.885099122
 30
0
 10
130.613932522
 20
217.259770898
 30
0
 10
131.345768471
 20
215.92909282
 30
0
 10
133.275560694
 20
215.92909282
 30
0
  0
SPLINE
  5
1AB
100
AcDbEntity
  8
Shape2DView
  6
ByLayer
 62
  256
370
   -1
100
AcDbSpline
210
0
220
0
230
0
 70
    8
 71
    1
 72
    4
 73
    2
 74
    0
 42
1e-07
 43
1e-07
 40
0
 40
0
 40
51.2
 40
51.2
 10
133.275560694
 20
215.92909282
 30
0
 10
138.142819896
 20
215.92909282
 30
0
  0
SPLINE
  5
1AC
100
AcDbEntity
  8
Shape2DView
  6
ByLayer
 62
  256
370
   -1
100
AcDbSpline
210
0
220
0
230
0
 70
    8
 71
    1
 72
    4
 73
    2
 74
    0
 42
1e-07
 43
1e-07
 40
0
 40
0
 40
2.6683328
 40
2.6683328
 10
138.142819896
 20
215.92909282
 30
0
 10
138.085753065
 20
215.681966891
 30
0
  0
SPLINE
  5
1AD
100
AcDbEntity
  8
Shape2DView
  6
ByLayer
 62
  256
370
   -1
100
AcDbSpline
210
0
220
0
230
0
 70
    8
 71
    2
 72
    6
 73
    3
 74
    0
 42
1e-07
 43
1e-07
 40
0
 40
0
 40
0
 40
1
 40
1
 40
1
 10
138.085753065
 20
215.681966891
 30
0
 10
138.556281815
 20
215.368307058
 30
0
 10
139.055336271
 20
215.111676286
 30
0
  0
SPLINE
  5
1AE
100
AcDbEntity
  8
Shape2DView
  6
ByLayer
 62
  256
370
   -1
100
AcDbSpline
210
0
220
0
230
0
 70
    8
 71
    3
 72
    8
 73
    4
 74
    0
 42
1e-07
 43
1e-07
 40
0
 40
0
 40
0
 40
0
 40
1
 40
1
 40
1
 40
1
 10
139.055336271
 20
215.111676286
 30
0
 10
139.055337373
 20
215.121181129
 30
0
 10
139.140946432
 20
215.56790877
 30
0
 10
139.150461609
 20
215.643947517
 30
0
  0
SPLINE
  5
1AF
100
AcDbEntity
  8
Shape2DView
  6
ByLayer
 62
  256
370
   -1
100
AcDbSpline
210
0
220
0
230
0
 70
    8
 71
    3
 72
    8
 73
    4
 74
    0
 42
1e-07
 43
1e-07
 40
0
 40
0
 40
0
 40
0
 40
1
 40
1
 40
1
 40
1
 10
139.150461609
 20
215.643947517
 30
0
 10
139.159976787
 20
215.719986265
 30
0
 10
139.226536767
 20
215.853054072
 30
0
 10
139.435672405
 20
215.815034699
 30
0
  0
SPLINE
  5
1B0
100
AcDbEntity
  8
Shape2DView
  6
ByLayer
 62
  256
370
   -1
100
AcDbSpline
210
0
220
0
230
0
 70
    8
 71
    3
 72
    8
 73
    4
 74
    0
 42
1e-07
 43
1e-07
 40
0
 40
0
 40
0
 40
0
 40
1
 40
1
 40
1
 40
1
 10
139.435672405
 20
215.815034699
 30
0
 10
139.644808043
 20
215.777015325
 30
0
 10
139.616262511
 20
215.548899083
 30
0
 10
139.616262511
 20
215.548899083
 30
0
  0
SPLINE
  5
1B1
100
AcDbEntity
  8
Shape2DView
  6
ByLayer
 62
  256
370
   -1
100
AcDbSpline
210
0
220
0
230
0
 70
    8
 71
    1
 72
    4
 73
    2
 74
    0
 42
1e-07
 43
1e-07
 40
0
 40
0
 40
7.2173402
 40
7.2173402
 10
139.616262511
 20
215.548899083
 30
0
 10
139.568651377
 20
214.864550357
 30
0
  0
SPLINE
  5
1B2
100
AcDbEntity
  8
Shape2DView
  6
ByLayer
 62
  256
370
   -1
100
AcDbSpline
210
0
220
0
230
0
 70
    8
 71
    2
 72
    6
 73
    3
 74
    0
 42
1e-07
 43
1e-07
 40
0
 40
0
 40
0
 40
1
 40
1
 40
1
 10
139.568651377
 20
214.864550357
 30
0
 10
140.110486407
 20
214.624553061
 30
0
 10
140.680848793
 20
214.45584209
 30
0
  0
SPLINE
  5
1B3
100
AcDbEntity
  8
Shape2DView
  6
ByLayer
 62
  256
370
   -1
100
AcDbSpline
210
0
220
0
230
0
 70
    8
 71
    1
 72
    4
 73
    2
 74
    0
 42
1e-07
 43
1e-07
 40
0
 40
0
 40
5.7
 40
5.7
 10
140.680848793
 20
214.45584209
 30
0
 10
140.680911577
 20
214.997618165
 30
0
  0
SPLINE
  5
1B4
100
AcDbEntity
  8
Shape2DView
  6
ByLayer
 62
  256
370
   -1
100
AcDbSpline
210
0
220
0
230
0
 70
    8
 71
    3
 72
    8
 73
    4
 74
    0
 42
1e-07
 43
1e-07
 40
0
 40
0
 40
0
 40
0
 40
1
 40
1
 40
1
 40
1
 10
140.680911577
 20
214.997618165
 30
0
 10
140.680920388
 20
215.073656912
 30
0
 10
140.718962373
 20
215.216229564
 30
0
 10
140.928102417
 20
215.216229564
 30
0
  0
SPLINE
  5
1B5
100
AcDbEntity
  8
Shape2DView
  6
ByLayer
 62
  256
370
   -1
100
AcDbSpline
210
0
220
0
230
0
 70
    8
 71
    3
 72
    8
 73
    4
 74
    0
 42
1e-07
 43
1e-07
 40
0
 40
0
 40
0
 40
0
 40
1
 40
1
 40
1
 40
1
 10
140.928102417
 20
215.216229564
 30
0
 10
141.13724246
 20
215.216229564
 30
0
 10
141.156228757
 20
214.988113322
 30
0
 10
141.156228757
 20
214.988113322
 30
0
  0
SPLINE
  5
1B6
100
AcDbEntity
  8
Shape2DView
  6
ByLayer
 62
  256
370
   -1
100
AcDbSpline
210
0
220
0
230
0
 70
    8
 71
    1
 72
    4
 73
    2
 74
    0
 42
1e-07
 43
1e-07
 40
0
 40
0
 40
7.2443081
 40
7.2443081
 10
141.156228757
 20
214.988113322
 30
0
 10
141.232200377
 20
214.303764596
 30
0
  0
SPLINE
  5
1B7
100
AcDbEntity
  8
Shape2DView
  6
ByLayer
 62
  256
370
   -1
100
AcDbSpline
210
0
220
0
230
0
 70
    8
 71
    2
 72
    6
 73
    3
 74
    0
 42
1e-07
 43
1e-07
 40
0
 40
0
 40
0
 40
1
 40
1
 40
1
 10
141.232200377
 20
214.303764596
 30
0
 10
141.776424939
 20
214.175449209
 30
0
 10
142.334915659
 20
214.104162884
 30
0
  0
SPLINE
  5
1B8
100
AcDbEntity
  8
Shape2DView
  6
ByLayer
 62
  256
370
   -1
100
AcDbSpline
210
0
220
0
230
0
 70
    8
 71
    3
 72
    8
 73
    4
 74
    0
 42
1e-07
 43
1e-07
 40
0
 40
0
 40
0
 40
0
 40
1
 40
1
 40
1
 40
1
 10
142.334915659
 20
214.104162884
 30
0
 10
142.325412598
 20
214.132677414
 30
0
 10
142.258917604
 20
214.560395368
 30
0
 10
142.239913684
 20
214.636434115
 30
0
  0
SPLINE
  5
1B9
100
AcDbEntity
  8
Shape2DView
  6
ByLayer
 62
  256
370
   -1
100
AcDbSpline
210
0
220
0
230
0
 70
    8
 71
    3
 72
    8
 73
    4
 74
    0
 42
1e-07
 43
1e-07
 40
0
 40
0
 40
0
 40
0
 40
1
 40
1
 40
1
 40
1
 10
142.239913684
 20
214.636434115
 30
0
 10
142.230416131
 20
214.712472862
 30
0
 10
142.239936815
 20
214.836035827
 30
0
 10
142.401550538
 20
214.883560044
 30
0
  0
SPLINE
  5
1BA
100
AcDbEntity
  8
Shape2DView
  6
ByLayer
 62
  256
370
   -1
100
AcDbSpline
210
0
220
0
230
0
 70
    8
 71
    1
 72
    4
 73
    2
 74
    0
 42
1e-07
 43
1e-07
 40
0
 40
0
 40
11.065261
 40
11.065261
 10
142.401550538
 20
214.883560044
 30
0
 10
142.515748086
 20
215.92909282
 30
0
  0
SPLINE
  5
1BB
100
AcDbEntity
  8
Shape2DView
  6
ByLayer
 62
  256
370
   -1
100
AcDbSpline
210
0
220
0
230
0
 70
    8
 71
    1
 72
    4
 73
    2
 74
    0
 42
1e-07
 43
1e-07
 40
0
 40
0
 40
2.5
 40
2.5
 10
142.515748086
 20
215.92909282
 30
0
 10
142.753407227
 20
215.92909282
 30
0
  0
SPLINE
  5
1BC
100
AcDbEntity
  8
Shape2DView
  6
ByLayer
 62
  256
370
   -1
100
AcDbSpline
210
0
220
0
230
0
 70
    8
 71
    1
 72
    4
 73
    2
 74
    0
 42
1e-07
 43
1e-07
 40
0
 40
0
 40
11.573245
 40
11.573245
 10
142.753407227
 20
215.92909282
 30
0
 10
142.629697806
 20
214.836035827
 30
0
  0
SPLINE
  5
1BD
100
AcDbEntity
  8
Shape2DView
  6
ByLayer
 62
  256
370
   -1
100
AcDbSpline
210
0
220
0
230
0
 70
    8
 71
    3
 72
    8
 73
    4
 74
    0
 42
1e-07
 43
1e-07
 40
0
 40
0
 40
0
 40
0
 40
1
 40
1
 40
1
 40
1
 10
142.629697806
 20
214.836035827
 30
0
 10
142.686729391
 20
214.779006766
 30
0
 10
142.705734412
 20
214.712472862
 30
0
 10
142.705734412
 20
214.712472862
 30
0
  0
SPLINE
  5
1BE
100
AcDbEntity
  8
Shape2DView
  6
ByLayer
 62
  256
370
   -1
100
AcDbSpline
210
0
220
0
230
0
 70
    8
 71
    1
 72
    4
 73
    2
 74
    0
 42
1e-07
 43
1e-07
 40
0
 40
0
 40
7.18401
 40
7.18401
 10
142.705734412
 20
214.712472862
 30
0
 10
142.895785724
 20
214.056638667
 30
0
  0
SPLINE
  5
1BF
100
AcDbEntity
  8
Shape2DView
  6
ByLayer
 62
  256
370
   -1
100
AcDbSpline
210
0
220
0
230
0
 70
    8
 71
    3
 72
    8
 73
    4
 74
    0
 42
1e-07
 43
1e-07
 40
0
 40
0
 40
0
 40
0
 40
1
 40
1
 40
1
 40
1
 10
142.895785724
 20
214.056638667
 30
0
 10
143.095418301
 20
214.047133823
 30
0
 10
143.285544512
 20
214.03762898
 30
0
 10
143.48517819
 20
214.03762898
 30
0
  0
SPLINE
  5
1C0
100
AcDbEntity
  8
Shape2DView
  6
ByLayer
 62
  256
370
   -1
100
AcDbSpline
210
0
220
0
230
0
 70
    8
 71
    3
 72
    8
 73
    4
 74
    0
 42
1e-07
 43
1e-07
 40
0
 40
0
 40
0
 40
0
 40
1
 40
1
 40
1
 40
1
 10
143.48517819
 20
214.03762898
 30
0
 10
143.665799137
 20
214.03762898
 30
0
 10
143.83691482
 20
214.047133823
 30
0
 10
144.017536868
 20
214.056638667
 30
0
  0
SPLINE
  5
1C1
100
AcDbEntity
  8
Shape2DView
  6
ByLayer
 62
  256
370
   -1
100
AcDbSpline
210
0
220
0
230
0
 70
    8
 71
    3
 72
    8
 73
    4
 74
    0
 42
1e-07
 43
1e-07
 40
0
 40
0
 40
0
 40
0
 40
1
 40
1
 40
1
 40
1
 10
144.017536868
 20
214.056638667
 30
0
 10
144.008034908
 20
214.09465804
 30
0
 10
143.85597932
 20
214.493861464
 30
0
 10
143.836974299
 20
214.560395368
 30
0
  0
SPLINE
  5
1C2
100
AcDbEntity
  8
Shape2DView
  6
ByLayer
 62
  256
370
   -1
100
AcDbSpline
210
0
220
0
230
0
 70
    8
 71
    3
 72
    8
 73
    4
 74
    0
 42
1e-07
 43
1e-07
 40
0
 40
0
 40
0
 40
0
 40
1
 40
1
 40
1
 40
1
 10
143.836974299
 20
214.560395368
 30
0
 10
143.808464013
 20
214.636434115
 30
0
 10
143.79897417
 20
214.779006766
 30
0
 10
143.99861666
 20
214.855045514
 30
0
  0
SPLINE
  5
1C3
100
AcDbEntity
  8
Shape2DView
  6
ByLayer
 62
  256
370
   -1
100
AcDbSpline
210
0
220
0
230
0
 70
    8
 71
    3
 72
    8
 73
    4
 74
    0
 42
1e-07
 43
1e-07
 40
0
 40
0
 40
0
 40
0
 40
1
 40
1
 40
1
 40
1
 10
143.99861666
 20
214.855045514
 30
0
 10
144.198259149
 20
214.931084261
 30
0
 10
144.293298574
 20
214.721977706
 30
0
 10
144.293298574
 20
214.721977706
 30
0
  0
SPLINE
  5
1C4
100
AcDbEntity
  8
Shape2DView
  6
ByLayer
 62
  256
370
   -1
100
AcDbSpline
210
0
220
0
230
0
 70
    8
 71
    1
 72
    4
 73
    2
 74
    0
 42
1e-07
 43
1e-07
 40
0
 40
0
 40
7.1554175
 40
7.1554175
 10
144.293298574
 20
214.721977706
 30
0
 10
144.59743178
 20
214.113667727
 30
0
  0
SPLINE
  5
1C5
100
AcDbEntity
  8
Shape2DView
  6
ByLayer
 62
  256
370
   -1
100
AcDbSpline
210
0
220
0
230
0
 70
    8
 71
    3
 72
    8
 73
    4
 74
    0
 42
1e-07
 43
1e-07
 40
0
 40
0
 40
0
 40
0
 40
1
 40
1
 40
1
 40
1
 10
144.59743178
 20
214.113667727
 30
0
 10
144.977690811
 20
214.151687101
 30
0
 10
145.338940416
 20
214.218221005
 30
0
 10
145.709698588
 20
214.303764596
 30
0
  0
SPLINE
  5
1C6
100
AcDbEntity
  8
Shape2DView
  6
ByLayer
 62
  256
370
   -1
100
AcDbSpline
210
0
220
0
230
0
 70
    8
 71
    3
 72
    8
 73
    4
 74
    0
 42
1e-07
 43
1e-07
 40
0
 40
0
 40
0
 40
0
 40
1
 40
1
 40
1
 40
1
 10
145.709698588
 20
214.303764596
 30
0
 10
145.70969969
 20
214.313269439
 30
0
 10
145.481592074
 20
214.702968019
 30
0
 10
145.443574322
 20
214.769501923
 30
0
  0
SPLINE
  5
1C7
100
AcDbEntity
  8
Shape2DView
  6
ByLayer
 62
  256
370
   -1
100
AcDbSpline
210
0
220
0
230
0
 70
    8
 71
    3
 72
    8
 73
    4
 74
    0
 42
1e-07
 43
1e-07
 40
0
 40
0
 40
0
 40
0
 40
1
 40
1
 40
1
 40
1
 10
145.443574322
 20
214.769501923
 30
0
 10
145.40555657
 20
214.836035827
 30
0
 10
145.367547629
 20
214.978608478
 30
0
 10
145.548180692
 20
215.083161756
 30
0
  0
SPLINE
  5
1C8
100
AcDbEntity
  8
Shape2DView
  6
ByLayer
 62
  256
370
   -1
100
AcDbSpline
210
0
220
0
230
0
 70
    8
 71
    3
 72
    8
 73
    4
 74
    0
 42
1e-07
 43
1e-07
 40
0
 40
0
 40
0
 40
0
 40
1
 40
1
 40
1
 40
1
 10
145.548180692
 20
215.083161756
 30
0
 10
145.728813755
 20
215.187715033
 30
0
 10
145.861880845
 20
214.997618165
 30
0
 10
145.861880845
 20
214.997618165
 30
0
  0
SPLINE
  5
1C9
100
AcDbEntity
  8
Shape2DView
  6
ByLayer
 62
  256
370
   -1
100
AcDbSpline
210
0
220
0
230
0
 70
    8
 71
    1
 72
    4
 73
    2
 74
    0
 42
1e-07
 43
1e-07
 40
0
 40
0
 40
7.2201108
 40
7.2201108
 10
145.861880845
 20
214.997618165
 30
0
 10
146.270590682
 20
214.446337247
 30
0
  0
SPLINE
  5
1CA
100
AcDbEntity
  8
Shape2DView
  6
ByLayer
 62
  256
370
   -1
100
AcDbSpline
210
0
220
0
230
0
 70
    8
 71
    2
 72
    6
 73
    3
 74
    0
 42
1e-07
 43
1e-07
 40
0
 40
0
 40
0
 40
1
 40
1
 40
1
 10
146.270590682
 20
214.446337247
 30
0
 10
146.812472248
 20
214.607919585
 30
0
 10
147.325841326
 20
214.826530983
 30
0
  0
SPLINE
  5
1CB
100
AcDbEntity
  8
Shape2DView
  6
ByLayer
 62
  256
370
   -1
100
AcDbSpline
210
0
220
0
230
0
 70
    8
 71
    3
 72
    8
 73
    4
 74
    0
 42
1e-07
 43
1e-07
 40
0
 40
0
 40
0
 40
0
 40
1
 40
1
 40
1
 40
1
 10
147.325841326
 20
214.826530983
 30
0
 10
147.325841326
 20
214.826530983
 30
0
 10
147.031184745
 20
215.17821019
 30
0
 10
146.983660627
 20
215.244744094
 30
0
  0
SPLINE
  5
1CC
100
AcDbEntity
  8
Shape2DView
  6
ByLayer
 62
  256
370
   -1
100
AcDbSpline
210
0
220
0
230
0
 70
    8
 71
    3
 72
    8
 73
    4
 74
    0
 42
1e-07
 43
1e-07
 40
0
 40
0
 40
0
 40
0
 40
1
 40
1
 40
1
 40
1
 10
146.983660627
 20
215.244744094
 30
0
 10
146.936135408
 20
215.301773154
 30
0
 10
146.869606269
 20
215.434840962
 30
0
 10
147.031231006
 20
215.577413613
 30
0
  0
SPLINE
  5
1CD
100
AcDbEntity
  8
Shape2DView
  6
ByLayer
 62
  256
370
   -1
100
AcDbSpline
210
0
220
0
230
0
 70
    8
 71
    3
 72
    8
 73
    4
 74
    0
 42
1e-07
 43
1e-07
 40
0
 40
0
 40
0
 40
0
 40
1
 40
1
 40
1
 40
1
 10
147.031231006
 20
215.577413613
 30
0
 10
147.192854643
 20
215.710481421
 30
0
 10
147.354444133
 20
215.548899083
 30
0
 10
147.354444133
 20
215.548899083
 30
0
  0
SPLINE
  5
1CE
100
AcDbEntity
  8
Shape2DView
  6
ByLayer
 62
  256
370
   -1
100
AcDbSpline
210
0
220
0
230
0
 70
    8
 71
    1
 72
    4
 73
    2
 74
    0
 42
1e-07
 43
1e-07
 40
0
 40
0
 40
7.213875499999999
 40
7.213875499999999
 10
147.354444133
 20
215.548899083
 30
0
 10
147.848720073
 20
215.073656912
 30
0
  0
SPLINE
  5
1CF
100
AcDbEntity
  8
Shape2DView
  6
ByLayer
 62
  256
370
   -1
100
AcDbSpline
210
0
220
0
230
0
 70
    8
 71
    3
 72
    8
 73
    4
 74
    0
 42
1e-07
 43
1e-07
 40
0
 40
0
 40
0
 40
0
 40
1
 40
1
 40
1
 40
1
 10
147.848720073
 20
215.073656912
 30
0
 10
148.181462697
 20
215.244744094
 30
0
 10
148.514206421
 20
215.425336119
 30
0
 10
148.827940719
 20
215.634442674
 30
0
  0
SPLINE
  5
1D0
100
AcDbEntity
  8
Shape2DView
  6
ByLayer
 62
  256
370
   -1
100
AcDbSpline
210
0
220
0
230
0
 70
    8
 71
    3
 72
    8
 73
    4
 74
    0
 42
1e-07
 43
1e-07
 40
0
 40
0
 40
0
 40
0
 40
1
 40
1
 40
1
 40
1
 10
148.827940719
 20
215.634442674
 30
0
 10
148.818435455
 20
215.643947517
 30
0
 10
148.561788917
 20
215.862558916
 30
0
 10
148.457228808
 20
215.948102507
 30
0
  0
SPLINE
  5
1D1
100
AcDbEntity
  8
Shape2DView
  6
ByLayer
 62
  256
370
   -1
100
AcDbSpline
210
0
220
0
230
0
 70
    8
 71
    1
 72
    4
 73
    2
 74
    0
 42
1e-07
 43
1e-07
 40
0
 40
0
 40
52.3
 40
52.3
 10
148.457228808
 20
215.948102507
 30
0
 10
153.429058032
 20
215.948102507
 30
0
  0
SPLINE
  5
1D2
100
AcDbEntity
  8
Shape2DView
  6
ByLayer
 62
  256
370
   -1
100
AcDbSpline
210
0
220
0
230
0
 70
    8
 71
    3
 72
    8
 73
    4
 74
    0
 42
1e-07
 43
1e-07
 40
0
 40
0
 40
0
 40
0
 40
1
 40
1
 40
1
 40
1
 10
153.429058032
 20
215.948102507
 30
0
 10
155.396872413
 20
215.919587976
 30
0
 10
156.129016771
 20
217.250266055
 30
0
 10
155.093011267
 20
218.875594279
 30
0
  0
SPLINE
  5
1D3
100
AcDbEntity
  8
Shape2DView
  6
ByLayer
 62
  256
370
   -1
100
AcDbSpline
210
0
220
0
230
0
 70
    8
 71
    1
 72
    4
 73
    2
 74
    0
 42
1e-07
 43
1e-07
 40
0
 40
0
 40
212.9
 40
212.9
 10
153.505234524
 20
217.031654656
 30
0
 10
133.266182098
 20
217.031654656
 30
0
  0
SPLINE
  5
1D4
100
AcDbEntity
  8
Shape2DView
  6
ByLayer
 62
  256
370
   -1
100
AcDbSpline
210
0
220
0
230
0
 70
    8
 71
    3
 72
    8
 73
    4
 74
    0
 42
1e-07
 43
1e-07
 40
0
 40
0
 40
0
 40
0
 40
1
 40
1
 40
1
 40
1
 10
133.266182098
 20
217.031654656
 30
0
 10
132.439128288
 20
217.031654656
 30
0
 10
132.12548431
 20
217.601945261
 30
0
 10
132.572363901
 20
218.29579883
 30
0
  0
SPLINE
  5
1D5
100
AcDbEntity
  8
Shape2DView
  6
ByLayer
 62
  256
370
   -1
100
AcDbSpline
210
0
220
0
230
0
 70
    8
 71
    1
 72
    4
 73
    2
 74
    0
 42
1e-07
 43
1e-07
 40
0
 40
0
 40
194.7870889
 40
194.7870889
 10
132.572363901
 20
218.29579883
 30
0
 10
142.565360571
 20
233.883742033
 30
0
  0
SPLINE
  5
1D6
100
AcDbEntity
  8
Shape2DView
  6
ByLayer
 62
  256
370
   -1
100
AcDbSpline
210
0
220
0
230
0
 70
    8
 71
    3
 72
    8
 73
    4
 74
    0
 42
1e-07
 43
1e-07
 40
0
 40
0
 40
0
 40
0
 40
1
 40
1
 40
1
 40
1
 10
142.565360571
 20
233.883742033
 30
0
 10
143.012240163
 20
234.577595602
 30
0
 10
143.744230316
 20
234.577595602
 30
0
 10
144.190949094
 20
233.883742033
 30
0
  0
SPLINE
  5
1D7
100
AcDbEntity
  8
Shape2DView
  6
ByLayer
 62
  256
370
   -1
100
AcDbSpline
210
0
220
0
230
0
 70
    8
 71
    1
 72
    4
 73
    2
 74
    0
 42
1e-07
 43
1e-07
 40
0
 40
0
 40
194.810934
 40
194.810934
 10
144.190949094
 20
233.883742033
 30
0
 10
154.19934681
 20
218.305303674
 30
0
  0
SPLINE
  5
1D8
100
AcDbEntity
  8
Shape2DView
  6
ByLayer
 62
  256
370
   -1
100
AcDbSpline
210
0
220
0
230
0
 70
    8
 71
    3
 72
    8
 73
    4
 74
    0
 42
1e-07
 43
1e-07
 40
0
 40
0
 40
0
 40
0
 40
1
 40
1
 40
1
 40
1
 10
154.19934681
 20
218.305303674
 30
0
 10
154.646064487
 20
217.601945261
 30
0
 10
154.332288334
 20
217.031654656
 30
0
 10
153.505234524
 20
217.031654656
 30
0
  0
SPLINE
  5
1D9
100
AcDbEntity
  8
Shape2DView
  6
ByLayer
 62
  256
370
   -1
100
AcDbSpline
210
0
220
0
230
0
 70
    8
 71
    1
 72
    4
 73
    2
 74
    0
 42
1e-07
 43
1e-07
 40
0
 40
0
 40
0.2828427
 40
0.2828427
 10
142.858738357
 20
222.49693962
 30
0
 10
142.839723423
 20
222.477929934
 30
0
  0
SPLINE
  5
1DA
100
AcDbEntity
  8
Shape2DView
  6
ByLayer
 62
  256
370
   -1
100
AcDbSpline
210
0
220
0
230
0
 70
    8
 71
    1
 72
    4
 73
    2
 74
    0
 42
1e-07
 43
1e-07
 40
0
 40
0
 40
0.1414214
 40
0.1414214
 10
142.839723423
 20
222.477929934
 30
0
 10
142.830215956
 20
222.46842509
 30
0
  0
SPLINE
  5
1DB
100
AcDbEntity
  8
Shape2DView
  6
ByLayer
 62
  256
370
   -1
100
AcDbSpline
210
0
220
0
230
0
 70
    8
 71
    1
 72
    4
 73
    2
 74
    0
 42
1e-07
 43
1e-07
 40
0
 40
0
 40
0.1414214
 40
0.1414214
 10
142.830215956
 20
222.46842509
 30
0
 10
142.820708489
 20
222.458920247
 30
0
  0
SPLINE
  5
1DC
100
AcDbEntity
  8
Shape2DView
  6
ByLayer
 62
  256
370
   -1
100
AcDbSpline
210
0
220
0
230
0
 70
    8
 71
    1
 72
    4
 73
    2
 74
    0
 42
1e-07
 43
1e-07
 40
0
 40
0
 40
0.09999999999999999
 40
0.09999999999999999
 10
142.820708489
 20
222.458920247
 30
0
 10
142.811202123
 20
222.458920247
 30
0
  0
SPLINE
  5
1DD
100
AcDbEntity
  8
Shape2DView
  6
ByLayer
 62
  256
370
   -1
100
AcDbSpline
210
0
220
0
230
0
 70
    8
 71
    1
 72
    4
 73
    2
 74
    0
 42
1e-07
 43
1e-07
 40
0
 40
0
 40
0.1414214
 40
0.1414214
 10
142.811202123
 20
222.458920247
 30
0
 10
142.801694656
 20
222.449415403
 30
0
  0
SPLINE
  5
1DE
100
AcDbEntity
  8
Shape2DView
  6
ByLayer
 62
  256
370
   -1
100
AcDbSpline
210
0
220
0
230
0
 70
    8
 71
    1
 72
    4
 73
    2
 74
    0
 42
1e-07
 43
1e-07
 40
0
 40
0
 40
0.09999999999999999
 40
0.09999999999999999
 10
142.801694656
 20
222.449415403
 30
0
 10
142.792188291
 20
222.449415403
 30
0
  0
SPLINE
  5
1DF
100
AcDbEntity
  8
Shape2DView
  6
ByLayer
 62
  256
370
   -1
100
AcDbSpline
210
0
220
0
230
0
 70
    8
 71
    1
 72
    4
 73
    2
 74
    0
 42
1e-07
 43
1e-07
 40
0
 40
0
 40
0.1414214
 40
0.1414214
 10
142.792188291
 20
222.449415403
 30
0
 10
142.782680824
 20
222.43991056
 30
0
  0
SPLINE
  5
1E0
100
AcDbEntity
  8
Shape2DView
  6
ByLayer
 62
  256
370
   -1
100
AcDbSpline
210
0
220
0
230
0
 70
    8
 71
    1
 72
    4
 73
    2
 74
    0
 42
1e-07
 43
1e-07
 40
0
 40
0
 40
0.1414214
 40
0.1414214
 10
142.782680824
 20
222.43991056
 30
0
 10
142.773173357
 20
222.430405716
 30
0
  0
SPLINE
  5
1E1
100
AcDbEntity
  8
Shape2DView
  6
ByLayer
 62
  256
370
   -1
100
AcDbSpline
210
0
220
0
230
0
 70
    8
 71
    1
 72
    4
 73
    2
 74
    0
 42
1e-07
 43
1e-07
 40
0
 40
0
 40
0.2236068
 40
0.2236068
 10
142.773173357
 20
222.430405716
 30
0
 10
142.754159524
 20
222.420900873
 30
0
  0
SPLINE
  5
1E2
100
AcDbEntity
  8
Shape2DView
  6
ByLayer
 62
  256
370
   -1
100
AcDbSpline
210
0
220
0
230
0
 70
    8
 71
    1
 72
    4
 73
    2
 74
    0
 42
1e-07
 43
1e-07
 40
0
 40
0
 40
0.2236068
 40
0.2236068
 10
142.754159524
 20
222.420900873
 30
0
 10
142.735145691
 20
222.41139603
 30
0
  0
SPLINE
  5
1E3
100
AcDbEntity
  8
Shape2DView
  6
ByLayer
 62
  256
370
   -1
100
AcDbSpline
210
0
220
0
230
0
 70
    8
 71
    1
 72
    4
 73
    2
 74
    0
 42
1e-07
 43
1e-07
 40
0
 40
0
 40
0.1414214
 40
0.1414214
 10
142.735145691
 20
222.41139603
 30
0
 10
142.725638224
 20
222.401891186
 30
0
  0
SPLINE
  5
1E4
100
AcDbEntity
  8
Shape2DView
  6
ByLayer
 62
  256
370
   -1
100
AcDbSpline
210
0
220
0
230
0
 70
    8
 71
    1
 72
    4
 73
    2
 74
    0
 42
1e-07
 43
1e-07
 40
0
 40
0
 40
0.1414214
 40
0.1414214
 10
142.725638224
 20
222.401891186
 30
0
 10
142.716130757
 20
222.392386343
 30
0
  0
SPLINE
  5
1E5
100
AcDbEntity
  8
Shape2DView
  6
ByLayer
 62
  256
370
   -1
100
AcDbSpline
210
0
220
0
230
0
 70
    8
 71
    1
 72
    4
 73
    2
 74
    0
 42
1e-07
 43
1e-07
 40
0
 40
0
 40
0.2236068
 40
0.2236068
 10
142.716130757
 20
222.392386343
 30
0
 10
142.697116924
 20
222.382881499
 30
0
  0
SPLINE
  5
1E6
100
AcDbEntity
  8
Shape2DView
  6
ByLayer
 62
  256
370
   -1
100
AcDbSpline
210
0
220
0
230
0
 70
    8
 71
    1
 72
    4
 73
    2
 74
    0
 42
1e-07
 43
1e-07
 40
0
 40
0
 40
0.1414214
 40
0.1414214
 10
142.697116924
 20
222.382881499
 30
0
 10
142.687609457
 20
222.373376656
 30
0
  0
SPLINE
  5
1E7
100
AcDbEntity
  8
Shape2DView
  6
ByLayer
 62
  256
370
   -1
100
AcDbSpline
210
0
220
0
230
0
 70
    8
 71
    1
 72
    4
 73
    2
 74
    0
 42
1e-07
 43
1e-07
 40
0
 40
0
 40
0.2236068
 40
0.2236068
 10
142.687609457
 20
222.373376656
 30
0
 10
142.668595624
 20
222.363871813
 30
0
  0
SPLINE
  5
1E8
100
AcDbEntity
  8
Shape2DView
  6
ByLayer
 62
  256
370
   -1
100
AcDbSpline
210
0
220
0
230
0
 70
    8
 71
    1
 72
    4
 73
    2
 74
    0
 42
1e-07
 43
1e-07
 40
0
 40
0
 40
0.2236068
 40
0.2236068
 10
142.668595624
 20
222.363871813
 30
0
 10
142.649581792
 20
222.354366969
 30
0
  0
SPLINE
  5
1E9
100
AcDbEntity
  8
Shape2DView
  6
ByLayer
 62
  256
370
   -1
100
AcDbSpline
210
0
220
0
230
0
 70
    8
 71
    1
 72
    4
 73
    2
 74
    0
 42
1e-07
 43
1e-07
 40
0
 40
0
 40
0.1414214
 40
0.1414214
 10
142.649581792
 20
222.354366969
 30
0
 10
142.640074325
 20
222.344862126
 30
0
  0
SPLINE
  5
1EA
100
AcDbEntity
  8
Shape2DView
  6
ByLayer
 62
  256
370
   -1
100
AcDbSpline
210
0
220
0
230
0
 70
    8
 71
    1
 72
    4
 73
    2
 74
    0
 42
1e-07
 43
1e-07
 40
0
 40
0
 40
0.09999999999999999
 40
0.09999999999999999
 10
142.640074325
 20
222.344862126
 30
0
 10
142.630567959
 20
222.344862126
 30
0
  0
SPLINE
  5
1EB
100
AcDbEntity
  8
Shape2DView
  6
ByLayer
 62
  256
370
   -1
100
AcDbSpline
210
0
220
0
230
0
 70
    8
 71
    1
 72
    4
 73
    2
 74
    0
 42
1e-07
 43
1e-07
 40
0
 40
0
 40
0.09999999999999999
 40
0.09999999999999999
 10
142.630567959
 20
222.344862126
 30
0
 10
142.621061593
 20
222.344862126
 30
0
  0
SPLINE
  5
1EC
100
AcDbEntity
  8
Shape2DView
  6
ByLayer
 62
  256
370
   -1
100
AcDbSpline
210
0
220
0
230
0
 70
    8
 71
    1
 72
    4
 73
    2
 74
    0
 42
1e-07
 43
1e-07
 40
0
 40
0
 40
2.3086793
 40
2.3086793
 10
142.621061593
 20
222.344862126
 30
0
 10
142.411913839
 20
222.278328222
 30
0
  0
SPLINE
  5
1ED
100
AcDbEntity
  8
Shape2DView
  6
ByLayer
 62
  256
370
   -1
100
AcDbSpline
210
0
220
0
230
0
 70
    8
 71
    1
 72
    4
 73
    2
 74
    0
 42
1e-07
 43
1e-07
 40
0
 40
0
 40
0.2
 40
0.2
 10
142.411913839
 20
222.278328222
 30
0
 10
142.392901108
 20
222.278328222
 30
0
  0
SPLINE
  5
1EE
100
AcDbEntity
  8
Shape2DView
  6
ByLayer
 62
  256
370
   -1
100
AcDbSpline
210
0
220
0
230
0
 70
    8
 71
    1
 72
    4
 73
    2
 74
    0
 42
1e-07
 43
1e-07
 40
0
 40
0
 40
0.2236068
 40
0.2236068
 10
142.392901108
 20
222.278328222
 30
0
 10
142.373887275
 20
222.268823378
 30
0
  0
SPLINE
  5
1EF
100
AcDbEntity
  8
Shape2DView
  6
ByLayer
 62
  256
370
   -1
100
AcDbSpline
210
0
220
0
230
0
 70
    8
 71
    1
 72
    4
 73
    2
 74
    0
 42
1e-07
 43
1e-07
 40
0
 40
0
 40
0.1414214
 40
0.1414214
 10
142.373887275
 20
222.268823378
 30
0
 10
142.364379808
 20
222.259318535
 30
0
  0
SPLINE
  5
1F0
100
AcDbEntity
  8
Shape2DView
  6
ByLayer
 62
  256
370
   -1
100
AcDbSpline
210
0
220
0
230
0
 70
    8
 71
    1
 72
    4
 73
    2
 74
    0
 42
1e-07
 43
1e-07
 40
0
 40
0
 40
0.09999999999999999
 40
0.09999999999999999
 10
142.364379808
 20
222.259318535
 30
0
 10
142.354873443
 20
222.259318535
 30
0
  0
SPLINE
  5
1F1
100
AcDbEntity
  8
Shape2DView
  6
ByLayer
 62
  256
370
   -1
100
AcDbSpline
210
0
220
0
230
0
 70
    8
 71
    1
 72
    4
 73
    2
 74
    0
 42
1e-07
 43
1e-07
 40
0
 40
0
 40
0.09999999999999999
 40
0.09999999999999999
 10
142.354873443
 20
222.259318535
 30
0
 10
142.345367077
 20
222.259318535
 30
0
  0
SPLINE
  5
1F2
100
AcDbEntity
  8
Shape2DView
  6
ByLayer
 62
  256
370
   -1
100
AcDbSpline
210
0
220
0
230
0
 70
    8
 71
    1
 72
    4
 73
    2
 74
    0
 42
1e-07
 43
1e-07
 40
0
 40
0
 40
0.09999999999999999
 40
0.09999999999999999
 10
142.345367077
 20
222.259318535
 30
0
 10
142.335860711
 20
222.259318535
 30
0
  0
SPLINE
  5
1F3
100
AcDbEntity
  8
Shape2DView
  6
ByLayer
 62
  256
370
   -1
100
AcDbSpline
210
0
220
0
230
0
 70
    8
 71
    1
 72
    4
 73
    2
 74
    0
 42
1e-07
 43
1e-07
 40
0
 40
0
 40
0.09999999999999999
 40
0.09999999999999999
 10
142.335860711
 20
222.259318535
 30
0
 10
142.326354346
 20
222.259318535
 30
0
  0
SPLINE
  5
1F4
100
AcDbEntity
  8
Shape2DView
  6
ByLayer
 62
  256
370
   -1
100
AcDbSpline
210
0
220
0
230
0
 70
    8
 71
    1
 72
    4
 73
    2
 74
    0
 42
1e-07
 43
1e-07
 40
0
 40
0
 40
0.09999999999999999
 40
0.09999999999999999
 10
142.326354346
 20
222.259318535
 30
0
 10
142.326353244
 20
222.249813692
 30
0
  0
SPLINE
  5
1F5
100
AcDbEntity
  8
Shape2DView
  6
ByLayer
 62
  256
370
   -1
100
AcDbSpline
210
0
220
0
230
0
 70
    8
 71
    1
 72
    4
 73
    2
 74
    0
 42
1e-07
 43
1e-07
 40
0
 40
0
 40
0.09999999999999999
 40
0.09999999999999999
 10
142.326353244
 20
222.249813692
 30
0
 10
142.326352143
 20
222.240308848
 30
0
  0
SPLINE
  5
1F6
100
AcDbEntity
  8
Shape2DView
  6
ByLayer
 62
  256
370
   -1
100
AcDbSpline
210
0
220
0
230
0
 70
    8
 71
    1
 72
    4
 73
    2
 74
    0
 42
1e-07
 43
1e-07
 40
0
 40
0
 40
0.1414214
 40
0.1414214
 10
142.326352143
 20
222.240308848
 30
0
 10
142.316844676
 20
222.230804005
 30
0
  0
SPLINE
  5
1F7
100
AcDbEntity
  8
Shape2DView
  6
ByLayer
 62
  256
370
   -1
100
AcDbSpline
210
0
220
0
230
0
 70
    8
 71
    1
 72
    4
 73
    2
 74
    0
 42
1e-07
 43
1e-07
 40
0
 40
0
 40
0.09999999999999999
 40
0.09999999999999999
 10
142.316844676
 20
222.230804005
 30
0
 10
142.316843574
 20
222.221299161
 30
0
  0
SPLINE
  5
1F8
100
AcDbEntity
  8
Shape2DView
  6
ByLayer
 62
  256
370
   -1
100
AcDbSpline
210
0
220
0
230
0
 70
    8
 71
    1
 72
    4
 73
    2
 74
    0
 42
1e-07
 43
1e-07
 40
0
 40
0
 40
0.09999999999999999
 40
0.09999999999999999
 10
142.316843574
 20
222.221299161
 30
0
 10
142.316842473
 20
222.211794318
 30
0
  0
SPLINE
  5
1F9
100
AcDbEntity
  8
Shape2DView
  6
ByLayer
 62
  256
370
   -1
100
AcDbSpline
210
0
220
0
230
0
 70
    8
 71
    1
 72
    4
 73
    2
 74
    0
 42
1e-07
 43
1e-07
 40
0
 40
0
 40
0.09999999999999999
 40
0.09999999999999999
 10
142.316842473
 20
222.211794318
 30
0
 10
142.316841371
 20
222.202289474
 30
0
  0
SPLINE
  5
1FA
100
AcDbEntity
  8
Shape2DView
  6
ByLayer
 62
  256
370
   -1
100
AcDbSpline
210
0
220
0
230
0
 70
    8
 71
    1
 72
    4
 73
    2
 74
    0
 42
1e-07
 43
1e-07
 40
0
 40
0
 40
0.09999999999999999
 40
0.09999999999999999
 10
142.316841371
 20
222.202289474
 30
0
 10
142.31684027
 20
222.192784631
 30
0
  0
SPLINE
  5
1FB
100
AcDbEntity
  8
Shape2DView
  6
ByLayer
 62
  256
370
   -1
100
AcDbSpline
210
0
220
0
230
0
 70
    8
 71
    1
 72
    4
 73
    2
 74
    0
 42
1e-07
 43
1e-07
 40
0
 40
0
 40
0.09999999999999999
 40
0.09999999999999999
 10
142.31684027
 20
222.192784631
 30
0
 10
142.316839168
 20
222.183279788
 30
0
  0
SPLINE
  5
1FC
100
AcDbEntity
  8
Shape2DView
  6
ByLayer
 62
  256
370
   -1
100
AcDbSpline
210
0
220
0
230
0
 70
    8
 71
    1
 72
    4
 73
    2
 74
    0
 42
1e-07
 43
1e-07
 40
0
 40
0
 40
0.2
 40
0.2
 10
142.316839168
 20
222.183279788
 30
0
 10
142.316836965
 20
222.164270101
 30
0
  0
SPLINE
  5
1FD
100
AcDbEntity
  8
Shape2DView
  6
ByLayer
 62
  256
370
   -1
100
AcDbSpline
210
0
220
0
230
0
 70
    8
 71
    1
 72
    4
 73
    2
 74
    0
 42
1e-07
 43
1e-07
 40
0
 40
0
 40
0.2236068
 40
0.2236068
 10
142.316836965
 20
222.164270101
 30
0
 10
142.326341128
 20
222.145260414
 30
0
  0
SPLINE
  5
1FE
100
AcDbEntity
  8
Shape2DView
  6
ByLayer
 62
  256
370
   -1
100
AcDbSpline
210
0
220
0
230
0
 70
    8
 71
    1
 72
    4
 73
    2
 74
    0
 42
1e-07
 43
1e-07
 40
0
 40
0
 40
0.2236068
 40
0.2236068
 10
142.326341128
 20
222.145260414
 30
0
 10
142.335845291
 20
222.126250727
 30
0
  0
SPLINE
  5
1FF
100
AcDbEntity
  8
Shape2DView
  6
ByLayer
 62
  256
370
   -1
100
AcDbSpline
210
0
220
0
230
0
 70
    8
 71
    1
 72
    4
 73
    2
 74
    0
 42
1e-07
 43
1e-07
 40
0
 40
0
 40
0.2236068
 40
0.2236068
 10
142.335845291
 20
222.126250727
 30
0
 10
142.345349454
 20
222.10724104
 30
0
  0
SPLINE
  5
200
100
AcDbEntity
  8
Shape2DView
  6
ByLayer
 62
  256
370
   -1
100
AcDbSpline
210
0
220
0
230
0
 70
    8
 71
    1
 72
    4
 73
    2
 74
    0
 42
1e-07
 43
1e-07
 40
0
 40
0
 40
0.1414214
 40
0.1414214
 10
142.345349454
 20
222.10724104
 30
0
 10
142.354854718
 20
222.097736197
 30
0
  0
SPLINE
  5
201
100
AcDbEntity
  8
Shape2DView
  6
ByLayer
 62
  256
370
   -1
100
AcDbSpline
210
0
220
0
230
0
 70
    8
 71
    1
 72
    4
 73
    2
 74
    0
 42
1e-07
 43
1e-07
 40
0
 40
0
 40
0.1414214
 40
0.1414214
 10
142.354854718
 20
222.097736197
 30
0
 10
142.364359982
 20
222.088231353
 30
0
  0
SPLINE
  5
202
100
AcDbEntity
  8
Shape2DView
  6
ByLayer
 62
  256
370
   -1
100
AcDbSpline
210
0
220
0
230
0
 70
    8
 71
    1
 72
    4
 73
    2
 74
    0
 42
1e-07
 43
1e-07
 40
0
 40
0
 40
0.8485281
 40
0.8485281
 10
142.364359982
 20
222.088231353
 30
0
 10
142.421391567
 20
222.031202293
 30
0
  0
SPLINE
  5
203
100
AcDbEntity
  8
Shape2DView
  6
ByLayer
 62
  256
370
   -1
100
AcDbSpline
210
0
220
0
230
0
 70
    8
 71
    1
 72
    4
 73
    2
 74
    0
 42
1e-07
 43
1e-07
 40
0
 40
0
 40
0.8485281
 40
0.8485281
 10
142.421391567
 20
222.031202293
 30
0
 10
142.478423152
 20
221.974173232
 30
0
  0
SPLINE
  5
204
100
AcDbEntity
  8
Shape2DView
  6
ByLayer
 62
  256
370
   -1
100
AcDbSpline
210
0
220
0
230
0
 70
    8
 71
    1
 72
    4
 73
    2
 74
    0
 42
1e-07
 43
1e-07
 40
0
 40
0
 40
0.8485281
 40
0.8485281
 10
142.478423152
 20
221.974173232
 30
0
 10
142.535454737
 20
221.917144172
 30
0
  0
SPLINE
  5
205
100
AcDbEntity
  8
Shape2DView
  6
ByLayer
 62
  256
370
   -1
100
AcDbSpline
210
0
220
0
230
0
 70
    8
 71
    1
 72
    4
 73
    2
 74
    0
 42
1e-07
 43
1e-07
 40
0
 40
0
 40
0.8485281
 40
0.8485281
 10
142.535454737
 20
221.917144172
 30
0
 10
142.592486322
 20
221.860115111
 30
0
  0
SPLINE
  5
206
100
AcDbEntity
  8
Shape2DView
  6
ByLayer
 62
  256
370
   -1
100
AcDbSpline
210
0
220
0
230
0
 70
    8
 71
    1
 72
    4
 73
    2
 74
    0
 42
1e-07
 43
1e-07
 40
0
 40
0
 40
0.8485281
 40
0.8485281
 10
142.592486322
 20
221.860115111
 30
0
 10
142.649517907
 20
221.803086051
 30
0
  0
SPLINE
  5
207
100
AcDbEntity
  8
Shape2DView
  6
ByLayer
 62
  256
370
   -1
100
AcDbSpline
210
0
220
0
230
0
 70
    8
 71
    1
 72
    4
 73
    2
 74
    0
 42
1e-07
 43
1e-07
 40
0
 40
0
 40
0.4242641
 40
0.4242641
 10
142.649517907
 20
221.803086051
 30
0
 10
142.6780337
 20
221.774571521
 30
0
  0
SPLINE
  5
208
100
AcDbEntity
  8
Shape2DView
  6
ByLayer
 62
  256
370
   -1
100
AcDbSpline
210
0
220
0
230
0
 70
    8
 71
    1
 72
    4
 73
    2
 74
    0
 42
1e-07
 43
1e-07
 40
0
 40
0
 40
0.4242641
 40
0.4242641
 10
142.6780337
 20
221.774571521
 30
0
 10
142.706549492
 20
221.74605699
 30
0
  0
SPLINE
  5
209
100
AcDbEntity
  8
Shape2DView
  6
ByLayer
 62
  256
370
   -1
100
AcDbSpline
210
0
220
0
230
0
 70
    8
 71
    1
 72
    4
 73
    2
 74
    0
 42
1e-07
 43
1e-07
 40
0
 40
0
 40
0.9219544
 40
0.9219544
 10
142.706549492
 20
221.74605699
 30
0
 10
142.773087443
 20
221.68902793
 30
0
  0
SPLINE
  5
20A
100
AcDbEntity
  8
Shape2DView
  6
ByLayer
 62
  256
370
   -1
100
AcDbSpline
210
0
220
0
230
0
 70
    8
 71
    1
 72
    4
 73
    2
 74
    0
 42
1e-07
 43
1e-07
 40
0
 40
0
 40
0.9219544
 40
0.9219544
 10
142.773087443
 20
221.68902793
 30
0
 10
142.839625393
 20
221.631998869
 30
0
  0
SPLINE
  5
20B
100
AcDbEntity
  8
Shape2DView
  6
ByLayer
 62
  256
370
   -1
100
AcDbSpline
210
0
220
0
230
0
 70
    8
 71
    1
 72
    4
 73
    2
 74
    0
 42
1e-07
 43
1e-07
 40
0
 40
0
 40
0.9486833
 40
0.9486833
 10
142.839625393
 20
221.631998869
 30
0
 10
142.925185988
 20
221.6605134
 30
0
  0
SPLINE
  5
20C
100
AcDbEntity
  8
Shape2DView
  6
ByLayer
 62
  256
370
   -1
100
AcDbSpline
210
0
220
0
230
0
 70
    8
 71
    1
 72
    4
 73
    2
 74
    0
 42
1e-07
 43
1e-07
 40
0
 40
0
 40
0.5830951999999999
 40
0.5830951999999999
 10
142.925185988
 20
221.6605134
 30
0
 10
142.953710593
 20
221.708037617
 30
0
  0
SPLINE
  5
20D
100
AcDbEntity
  8
Shape2DView
  6
ByLayer
 62
  256
370
   -1
100
AcDbSpline
210
0
220
0
230
0
 70
    8
 71
    1
 72
    4
 73
    2
 74
    0
 42
1e-07
 43
1e-07
 40
0
 40
0
 40
0.5830951999999999
 40
0.5830951999999999
 10
142.953710593
 20
221.708037617
 30
0
 10
142.982235197
 20
221.755561834
 30
0
  0
SPLINE
  5
20E
100
AcDbEntity
  8
Shape2DView
  6
ByLayer
 62
  256
370
   -1
100
AcDbSpline
210
0
220
0
230
0
 70
    8
 71
    1
 72
    4
 73
    2
 74
    0
 42
1e-07
 43
1e-07
 40
0
 40
0
 40
0.5
 40
0.5
 10
142.982235197
 20
221.755561834
 30
0
 10
143.010758699
 20
221.793581208
 30
0
  0
SPLINE
  5
20F
100
AcDbEntity
  8
Shape2DView
  6
ByLayer
 62
  256
370
   -1
100
AcDbSpline
210
0
220
0
230
0
 70
    8
 71
    1
 72
    4
 73
    2
 74
    0
 42
1e-07
 43
1e-07
 40
0
 40
0
 40
0.5
 40
0.5
 10
143.010758699
 20
221.793581208
 30
0
 10
143.039282202
 20
221.831600581
 30
0
  0
SPLINE
  5
210
100
AcDbEntity
  8
Shape2DView
  6
ByLayer
 62
  256
370
   -1
100
AcDbSpline
210
0
220
0
230
0
 70
    8
 71
    1
 72
    4
 73
    2
 74
    0
 42
1e-07
 43
1e-07
 40
0
 40
0
 40
0.3605551
 40
0.3605551
 10
143.039282202
 20
221.831600581
 30
0
 10
143.058298238
 20
221.860115111
 30
0
  0
SPLINE
  5
211
100
AcDbEntity
  8
Shape2DView
  6
ByLayer
 62
  256
370
   -1
100
AcDbSpline
210
0
220
0
230
0
 70
    8
 71
    1
 72
    4
 73
    2
 74
    0
 42
1e-07
 43
1e-07
 40
0
 40
0
 40
0.2828427
 40
0.2828427
 10
143.058298238
 20
221.860115111
 30
0
 10
143.077313172
 20
221.879124798
 30
0
  0
SPLINE
  5
212
100
AcDbEntity
  8
Shape2DView
  6
ByLayer
 62
  256
370
   -1
100
AcDbSpline
210
0
220
0
230
0
 70
    8
 71
    1
 72
    4
 73
    2
 74
    0
 42
1e-07
 43
1e-07
 40
0
 40
0
 40
0.2828427
 40
0.2828427
 10
143.077313172
 20
221.879124798
 30
0
 10
143.096328106
 20
221.898134485
 30
0
  0
SPLINE
  5
213
100
AcDbEntity
  8
Shape2DView
  6
ByLayer
 62
  256
370
   -1
100
AcDbSpline
210
0
220
0
230
0
 70
    8
 71
    1
 72
    4
 73
    2
 74
    0
 42
1e-07
 43
1e-07
 40
0
 40
0
 40
0.2828427
 40
0.2828427
 10
143.096328106
 20
221.898134485
 30
0
 10
143.11534304
 20
221.917144172
 30
0
  0
SPLINE
  5
214
100
AcDbEntity
  8
Shape2DView
  6
ByLayer
 62
  256
370
   -1
100
AcDbSpline
210
0
220
0
230
0
 70
    8
 71
    1
 72
    4
 73
    2
 74
    0
 42
1e-07
 43
1e-07
 40
0
 40
0
 40
1.4866069
 40
1.4866069
 10
143.11534304
 20
221.917144172
 30
0
 10
143.219924077
 20
222.012192606
 30
0
  0
SPLINE
  5
215
100
AcDbEntity
  8
Shape2DView
  6
ByLayer
 62
  256
370
   -1
100
AcDbSpline
210
0
220
0
230
0
 70
    8
 71
    1
 72
    4
 73
    2
 74
    0
 42
1e-07
 43
1e-07
 40
0
 40
0
 40
0.5
 40
0.5
 10
143.219924077
 20
222.012192606
 30
0
 10
143.257952844
 20
222.040707136
 30
0
  0
SPLINE
  5
216
100
AcDbEntity
  8
Shape2DView
  6
ByLayer
 62
  256
370
   -1
100
AcDbSpline
210
0
220
0
230
0
 70
    8
 71
    1
 72
    4
 73
    2
 74
    0
 42
1e-07
 43
1e-07
 40
0
 40
0
 40
0.781025
 40
0.781025
 10
143.257952844
 20
222.040707136
 30
0
 10
143.314996545
 20
222.088231353
 30
0
  0
SPLINE
  5
217
100
AcDbEntity
  8
Shape2DView
  6
ByLayer
 62
  256
370
   -1
100
AcDbSpline
210
0
220
0
230
0
 70
    8
 71
    1
 72
    4
 73
    2
 74
    0
 42
1e-07
 43
1e-07
 40
0
 40
0
 40
1
 40
1
 10
143.314996545
 20
222.088231353
 30
0
 10
143.315000951
 20
222.126250727
 30
0
  0
SPLINE
  5
218
100
AcDbEntity
  8
Shape2DView
  6
ByLayer
 62
  256
370
   -1
100
AcDbSpline
210
0
220
0
230
0
 70
    8
 71
    3
 72
    8
 73
    4
 74
    0
 42
1e-07
 43
1e-07
 40
0
 40
0
 40
0
 40
0
 40
1
 40
1
 40
1
 40
1
 10
143.315000951
 20
222.126250727
 30
0
 10
143.200931172
 20
222.183279788
 30
0
 10
143.058351108
 20
222.316347595
 30
0
 10
142.858738357
 20
222.49693962
 30
0
  0
SPLINE
  5
219
100
AcDbEntity
  8
Shape2DView
  6
ByLayer
 62
  256
370
   -1
100
AcDbSpline
210
0
220
0
230
0
 70
    8
 71
    1
 72
    4
 73
    2
 74
    0
 42
1e-07
 43
1e-07
 40
0
 40
0
 40
1.2041595
 40
1.2041595
 10
145.292541989
 20
223.99870488
 30
0
 10
145.378108092
 20
224.074743627
 30
0
  0
SPLINE
  5
21A
100
AcDbEntity
  8
Shape2DView
  6
ByLayer
 62
  256
370
   -1
100
AcDbSpline
210
0
220
0
230
0
 70
    8
 71
    1
 72
    4
 73
    2
 74
    0
 42
1e-07
 43
1e-07
 40
0
 40
0
 40
1.2041595
 40
1.2041595
 10
145.378108092
 20
224.074743627
 30
0
 10
145.463674194
 20
224.150782375
 30
0
  0
SPLINE
  5
21B
100
AcDbEntity
  8
Shape2DView
  6
ByLayer
 62
  256
370
   -1
100
AcDbSpline
210
0
220
0
230
0
 70
    8
 71
    1
 72
    4
 73
    2
 74
    0
 42
1e-07
 43
1e-07
 40
0
 40
0
 40
1.2041595
 40
1.2041595
 10
145.463674194
 20
224.150782375
 30
0
 10
145.549240296
 20
224.226821122
 30
0
  0
SPLINE
  5
21C
100
AcDbEntity
  8
Shape2DView
  6
ByLayer
 62
  256
370
   -1
100
AcDbSpline
210
0
220
0
230
0
 70
    8
 71
    1
 72
    4
 73
    2
 74
    0
 42
1e-07
 43
1e-07
 40
0
 40
0
 40
0.5
 40
0.5
 10
145.549240296
 20
224.226821122
 30
0
 10
145.587269063
 20
224.255335652
 30
0
  0
SPLINE
  5
21D
100
AcDbEntity
  8
Shape2DView
  6
ByLayer
 62
  256
370
   -1
100
AcDbSpline
210
0
220
0
230
0
 70
    8
 71
    3
 72
    8
 73
    4
 74
    0
 42
1e-07
 43
1e-07
 40
0
 40
0
 40
0
 40
0
 40
1
 40
1
 40
1
 40
1
 10
145.587269063
 20
224.255335652
 30
0
 10
145.463696223
 20
224.340879243
 30
0
 10
145.368644683
 20
224.445432521
 30
0
 10
145.311623011
 20
224.588005172
 30
0
  0
SPLINE
  5
21E
100
AcDbEntity
  8
Shape2DView
  6
ByLayer
 62
  256
370
   -1
100
AcDbSpline
210
0
220
0
230
0
 70
    8
 71
    1
 72
    4
 73
    2
 74
    0
 42
1e-07
 43
1e-07
 40
0
 40
0
 40
0.2236068
 40
0.2236068
 10
145.311623011
 20
224.588005172
 30
0
 10
145.292609178
 20
224.578500328
 30
0
  0
SPLINE
  5
21F
100
AcDbEntity
  8
Shape2DView
  6
ByLayer
 62
  256
370
   -1
100
AcDbSpline
210
0
220
0
230
0
 70
    8
 71
    1
 72
    4
 73
    2
 74
    0
 42
1e-07
 43
1e-07
 40
0
 40
0
 40
0.2828427
 40
0.2828427
 10
145.292609178
 20
224.578500328
 30
0
 10
145.273594244
 20
224.559490642
 30
0
  0
SPLINE
  5
220
100
AcDbEntity
  8
Shape2DView
  6
ByLayer
 62
  256
370
   -1
100
AcDbSpline
210
0
220
0
230
0
 70
    8
 71
    1
 72
    4
 73
    2
 74
    0
 42
1e-07
 43
1e-07
 40
0
 40
0
 40
1.2806248
 40
1.2806248
 10
145.273594244
 20
224.559490642
 30
0
 10
145.178521776
 20
224.483451894
 30
0
  0
SPLINE
  5
221
100
AcDbEntity
  8
Shape2DView
  6
ByLayer
 62
  256
370
   -1
100
AcDbSpline
210
0
220
0
230
0
 70
    8
 71
    1
 72
    4
 73
    2
 74
    0
 42
1e-07
 43
1e-07
 40
0
 40
0
 40
1.2806248
 40
1.2806248
 10
145.178521776
 20
224.483451894
 30
0
 10
145.083449308
 20
224.407413147
 30
0
  0
SPLINE
  5
222
100
AcDbEntity
  8
Shape2DView
  6
ByLayer
 62
  256
370
   -1
100
AcDbSpline
210
0
220
0
230
0
 70
    8
 71
    1
 72
    4
 73
    2
 74
    0
 42
1e-07
 43
1e-07
 40
0
 40
0
 40
1.2806248
 40
1.2806248
 10
145.083449308
 20
224.407413147
 30
0
 10
144.98837684
 20
224.3313744
 30
0
  0
SPLINE
  5
223
100
AcDbEntity
  8
Shape2DView
  6
ByLayer
 62
  256
370
   -1
100
AcDbSpline
210
0
220
0
230
0
 70
    8
 71
    1
 72
    4
 73
    2
 74
    0
 42
1e-07
 43
1e-07
 40
0
 40
0
 40
0.6403124
 40
0.6403124
 10
144.98837684
 20
224.3313744
 30
0
 10
144.940840606
 20
224.293355026
 30
0
  0
SPLINE
  5
224
100
AcDbEntity
  8
Shape2DView
  6
ByLayer
 62
  256
370
   -1
100
AcDbSpline
210
0
220
0
230
0
 70
    8
 71
    1
 72
    4
 73
    2
 74
    0
 42
1e-07
 43
1e-07
 40
0
 40
0
 40
0.6403124
 40
0.6403124
 10
144.940840606
 20
224.293355026
 30
0
 10
144.893304372
 20
224.255335652
 30
0
  0
SPLINE
  5
225
100
AcDbEntity
  8
Shape2DView
  6
ByLayer
 62
  256
370
   -1
100
AcDbSpline
210
0
220
0
230
0
 70
    8
 71
    1
 72
    4
 73
    2
 74
    0
 42
1e-07
 43
1e-07
 40
0
 40
0
 40
0.6403124
 40
0.6403124
 10
144.893304372
 20
224.255335652
 30
0
 10
144.845768138
 20
224.217316279
 30
0
  0
SPLINE
  5
226
100
AcDbEntity
  8
Shape2DView
  6
ByLayer
 62
  256
370
   -1
100
AcDbSpline
210
0
220
0
230
0
 70
    8
 71
    1
 72
    4
 73
    2
 74
    0
 42
1e-07
 43
1e-07
 40
0
 40
0
 40
0.6403124
 40
0.6403124
 10
144.845768138
 20
224.217316279
 30
0
 10
144.798231904
 20
224.179296905
 30
0
  0
SPLINE
  5
227
100
AcDbEntity
  8
Shape2DView
  6
ByLayer
 62
  256
370
   -1
100
AcDbSpline
210
0
220
0
230
0
 70
    8
 71
    1
 72
    4
 73
    2
 74
    0
 42
1e-07
 43
1e-07
 40
0
 40
0
 40
0.6403124
 40
0.6403124
 10
144.798231904
 20
224.179296905
 30
0
 10
144.75069567
 20
224.141277531
 30
0
  0
SPLINE
  5
228
100
AcDbEntity
  8
Shape2DView
  6
ByLayer
 62
  256
370
   -1
100
AcDbSpline
210
0
220
0
230
0
 70
    8
 71
    1
 72
    4
 73
    2
 74
    0
 42
1e-07
 43
1e-07
 40
0
 40
0
 40
0.2828427
 40
0.2828427
 10
144.75069567
 20
224.141277531
 30
0
 10
144.731680736
 20
224.122267845
 30
0
  0
SPLINE
  5
229
100
AcDbEntity
  8
Shape2DView
  6
ByLayer
 62
  256
370
   -1
100
AcDbSpline
210
0
220
0
230
0
 70
    8
 71
    1
 72
    4
 73
    2
 74
    0
 42
1e-07
 43
1e-07
 40
0
 40
0
 40
0.1414214
 40
0.1414214
 10
144.731680736
 20
224.122267845
 30
0
 10
144.722173269
 20
224.112763001
 30
0
  0
SPLINE
  5
22A
100
AcDbEntity
  8
Shape2DView
  6
ByLayer
 62
  256
370
   -1
100
AcDbSpline
210
0
220
0
230
0
 70
    8
 71
    1
 72
    4
 73
    2
 74
    0
 42
1e-07
 43
1e-07
 40
0
 40
0
 40
0.1414214
 40
0.1414214
 10
144.722173269
 20
224.112763001
 30
0
 10
144.712665802
 20
224.103258158
 30
0
  0
SPLINE
  5
22B
100
AcDbEntity
  8
Shape2DView
  6
ByLayer
 62
  256
370
   -1
100
AcDbSpline
210
0
220
0
230
0
 70
    8
 71
    1
 72
    4
 73
    2
 74
    0
 42
1e-07
 43
1e-07
 40
0
 40
0
 40
1.1401754
 40
1.1401754
 10
144.712665802
 20
224.103258158
 30
0
 10
144.627100801
 20
224.036724254
 30
0
  0
SPLINE
  5
22C
100
AcDbEntity
  8
Shape2DView
  6
ByLayer
 62
  256
370
   -1
100
AcDbSpline
210
0
220
0
230
0
 70
    8
 71
    1
 72
    4
 73
    2
 74
    0
 42
1e-07
 43
1e-07
 40
0
 40
0
 40
5.5605755
 40
5.5605755
 10
144.627100801
 20
224.036724254
 30
0
 10
144.208783264
 20
223.713559578
 30
0
  0
SPLINE
  5
22D
100
AcDbEntity
  8
Shape2DView
  6
ByLayer
 62
  256
370
   -1
100
AcDbSpline
210
0
220
0
230
0
 70
    8
 71
    1
 72
    4
 73
    2
 74
    0
 42
1e-07
 43
1e-07
 40
0
 40
0
 40
1
 40
1
 10
144.208783264
 20
223.713559578
 30
0
 10
144.13272573
 20
223.656530517
 30
0
  0
SPLINE
  5
22E
100
AcDbEntity
  8
Shape2DView
  6
ByLayer
 62
  256
370
   -1
100
AcDbSpline
210
0
220
0
230
0
 70
    8
 71
    1
 72
    4
 73
    2
 74
    0
 42
1e-07
 43
1e-07
 40
0
 40
0
 40
0.6403124
 40
0.6403124
 10
144.13272573
 20
223.656530517
 30
0
 10
144.085189496
 20
223.618511143
 30
0
  0
SPLINE
  5
22F
100
AcDbEntity
  8
Shape2DView
  6
ByLayer
 62
  256
370
   -1
100
AcDbSpline
210
0
220
0
230
0
 70
    8
 71
    1
 72
    4
 73
    2
 74
    0
 42
1e-07
 43
1e-07
 40
0
 40
0
 40
0.6403124
 40
0.6403124
 10
144.085189496
 20
223.618511143
 30
0
 10
144.037653262
 20
223.58049177
 30
0
  0
SPLINE
  5
230
100
AcDbEntity
  8
Shape2DView
  6
ByLayer
 62
  256
370
   -1
100
AcDbSpline
210
0
220
0
230
0
 70
    8
 71
    1
 72
    4
 73
    2
 74
    0
 42
1e-07
 43
1e-07
 40
0
 40
0
 40
0.4242641
 40
0.4242641
 10
144.037653262
 20
223.58049177
 30
0
 10
144.009130861
 20
223.55197724
 30
0
  0
SPLINE
  5
231
100
AcDbEntity
  8
Shape2DView
  6
ByLayer
 62
  256
370
   -1
100
AcDbSpline
210
0
220
0
230
0
 70
    8
 71
    1
 72
    4
 73
    2
 74
    0
 42
1e-07
 43
1e-07
 40
0
 40
0
 40
0.781025
 40
0.781025
 10
144.009130861
 20
223.55197724
 30
0
 10
143.95208716
 20
223.504453022
 30
0
  0
SPLINE
  5
232
100
AcDbEntity
  8
Shape2DView
  6
ByLayer
 62
  256
370
   -1
100
AcDbSpline
210
0
220
0
230
0
 70
    8
 71
    1
 72
    4
 73
    2
 74
    0
 42
1e-07
 43
1e-07
 40
0
 40
0
 40
0.781025
 40
0.781025
 10
143.95208716
 20
223.504453022
 30
0
 10
143.895043458
 20
223.456928805
 30
0
  0
SPLINE
  5
233
100
AcDbEntity
  8
Shape2DView
  6
ByLayer
 62
  256
370
   -1
100
AcDbSpline
210
0
220
0
230
0
 70
    8
 71
    1
 72
    4
 73
    2
 74
    0
 42
1e-07
 43
1e-07
 40
0
 40
0
 40
0.2236068
 40
0.2236068
 10
143.895043458
 20
223.456928805
 30
0
 10
143.876029626
 20
223.447423962
 30
0
  0
SPLINE
  5
234
100
AcDbEntity
  8
Shape2DView
  6
ByLayer
 62
  256
370
   -1
100
AcDbSpline
210
0
220
0
230
0
 70
    8
 71
    1
 72
    4
 73
    2
 74
    0
 42
1e-07
 43
1e-07
 40
0
 40
0
 40
0.2236068
 40
0.2236068
 10
143.876029626
 20
223.447423962
 30
0
 10
143.857015793
 20
223.437919119
 30
0
  0
SPLINE
  5
235
100
AcDbEntity
  8
Shape2DView
  6
ByLayer
 62
  256
370
   -1
100
AcDbSpline
210
0
220
0
230
0
 70
    8
 71
    1
 72
    4
 73
    2
 74
    0
 42
1e-07
 43
1e-07
 40
0
 40
0
 40
0.6403124
 40
0.6403124
 10
143.857015793
 20
223.437919119
 30
0
 10
143.809479559
 20
223.399899745
 30
0
  0
SPLINE
  5
236
100
AcDbEntity
  8
Shape2DView
  6
ByLayer
 62
  256
370
   -1
100
AcDbSpline
210
0
220
0
230
0
 70
    8
 71
    1
 72
    4
 73
    2
 74
    0
 42
1e-07
 43
1e-07
 40
0
 40
0
 40
0.6403124
 40
0.6403124
 10
143.809479559
 20
223.399899745
 30
0
 10
143.761943325
 20
223.361880371
 30
0
  0
SPLINE
  5
237
100
AcDbEntity
  8
Shape2DView
  6
ByLayer
 62
  256
370
   -1
100
AcDbSpline
210
0
220
0
230
0
 70
    8
 71
    1
 72
    4
 73
    2
 74
    0
 42
1e-07
 43
1e-07
 40
0
 40
0
 40
0.5656854
 40
0.5656854
 10
143.761943325
 20
223.361880371
 30
0
 10
143.723913457
 20
223.323860998
 30
0
  0
SPLINE
  5
238
100
AcDbEntity
  8
Shape2DView
  6
ByLayer
 62
  256
370
   -1
100
AcDbSpline
210
0
220
0
230
0
 70
    8
 71
    1
 72
    4
 73
    2
 74
    0
 42
1e-07
 43
1e-07
 40
0
 40
0
 40
0.7071067999999999
 40
0.7071067999999999
 10
143.723913457
 20
223.323860998
 30
0
 10
143.676376121
 20
223.27633678
 30
0
  0
SPLINE
  5
239
100
AcDbEntity
  8
Shape2DView
  6
ByLayer
 62
  256
370
   -1
100
AcDbSpline
210
0
220
0
230
0
 70
    8
 71
    1
 72
    4
 73
    2
 74
    0
 42
1e-07
 43
1e-07
 40
0
 40
0
 40
0.7071067999999999
 40
0.7071067999999999
 10
143.676376121
 20
223.27633678
 30
0
 10
143.628838786
 20
223.228812563
 30
0
  0
SPLINE
  5
23A
100
AcDbEntity
  8
Shape2DView
  6
ByLayer
 62
  256
370
   -1
100
AcDbSpline
210
0
220
0
230
0
 70
    8
 71
    1
 72
    4
 73
    2
 74
    0
 42
1e-07
 43
1e-07
 40
0
 40
0
 40
0.5656854
 40
0.5656854
 10
143.628838786
 20
223.228812563
 30
0
 10
143.590808917
 20
223.19079319
 30
0
  0
SPLINE
  5
23B
100
AcDbEntity
  8
Shape2DView
  6
ByLayer
 62
  256
370
   -1
100
AcDbSpline
210
0
220
0
230
0
 70
    8
 71
    1
 72
    4
 73
    2
 74
    0
 42
1e-07
 43
1e-07
 40
0
 40
0
 40
0.5
 40
0.5
 10
143.590808917
 20
223.19079319
 30
0
 10
143.552780151
 20
223.162278659
 30
0
  0
SPLINE
  5
23C
100
AcDbEntity
  8
Shape2DView
  6
ByLayer
 62
  256
370
   -1
100
AcDbSpline
210
0
220
0
230
0
 70
    8
 71
    1
 72
    4
 73
    2
 74
    0
 42
1e-07
 43
1e-07
 40
0
 40
0
 40
0.2236068
 40
0.2236068
 10
143.552780151
 20
223.162278659
 30
0
 10
143.533766318
 20
223.152773816
 30
0
  0
SPLINE
  5
23D
100
AcDbEntity
  8
Shape2DView
  6
ByLayer
 62
  256
370
   -1
100
AcDbSpline
210
0
220
0
230
0
 70
    8
 71
    2
 72
    6
 73
    3
 74
    0
 42
1e-07
 43
1e-07
 40
0
 40
0
 40
0
 40
1
 40
1
 40
1
 10
143.533766318
 20
223.152773816
 30
0
 10
143.828435565
 20
222.910400309
 30
0
 10
143.923494265
 20
222.867628514
 30
0
  0
SPLINE
  5
23E
100
AcDbEntity
  8
Shape2DView
  6
ByLayer
 62
  256
370
   -1
100
AcDbSpline
210
0
220
0
230
0
 70
    8
 71
    1
 72
    4
 73
    2
 74
    0
 42
1e-07
 43
1e-07
 40
0
 40
0
 40
1
 40
1
 10
143.923494265
 20
222.867628514
 30
0
 10
143.952013362
 20
222.867628514
 30
0
  0
SPLINE
  5
23F
100
AcDbEntity
  8
Shape2DView
  6
ByLayer
 62
  256
370
   -1
100
AcDbSpline
210
0
220
0
230
0
 70
    8
 71
    3
 72
    8
 73
    4
 74
    0
 42
1e-07
 43
1e-07
 40
0
 40
0
 40
0
 40
0
 40
1
 40
1
 40
1
 40
1
 10
143.952013362
 20
222.867628514
 30
0
 10
143.99954519
 20
222.867628514
 30
0
 10
144.047077018
 20
222.867628514
 30
0
 10
144.113620476
 20
222.85812367
 30
0
  0
SPLINE
  5
240
100
AcDbEntity
  8
Shape2DView
  6
ByLayer
 62
  256
370
   -1
100
AcDbSpline
210
0
220
0
230
0
 70
    8
 71
    1
 72
    4
 73
    2
 74
    0
 42
1e-07
 43
1e-07
 40
0
 40
0
 40
0.8485281
 40
0.8485281
 10
144.113620476
 20
222.85812367
 30
0
 10
144.170665279
 20
222.915152731
 30
0
  0
SPLINE
  5
241
100
AcDbEntity
  8
Shape2DView
  6
ByLayer
 62
  256
370
   -1
100
AcDbSpline
210
0
220
0
230
0
 70
    8
 71
    1
 72
    4
 73
    2
 74
    0
 42
1e-07
 43
1e-07
 40
0
 40
0
 40
0.5
 40
0.5
 10
144.170665279
 20
222.915152731
 30
0
 10
144.208694045
 20
222.943667261
 30
0
  0
SPLINE
  5
242
100
AcDbEntity
  8
Shape2DView
  6
ByLayer
 62
  256
370
   -1
100
AcDbSpline
210
0
220
0
230
0
 70
    8
 71
    1
 72
    4
 73
    2
 74
    0
 42
1e-07
 43
1e-07
 40
0
 40
0
 40
1.0630146
 40
1.0630146
 10
144.208694045
 20
222.943667261
 30
0
 10
144.284752681
 20
223.010201165
 30
0
  0
SPLINE
  5
243
100
AcDbEntity
  8
Shape2DView
  6
ByLayer
 62
  256
370
   -1
100
AcDbSpline
210
0
220
0
230
0
 70
    8
 71
    1
 72
    4
 73
    2
 74
    0
 42
1e-07
 43
1e-07
 40
0
 40
0
 40
0.4242641
 40
0.4242641
 10
144.284752681
 20
223.010201165
 30
0
 10
144.313275082
 20
223.038715695
 30
0
  0
SPLINE
  5
244
100
AcDbEntity
  8
Shape2DView
  6
ByLayer
 62
  256
370
   -1
100
AcDbSpline
210
0
220
0
230
0
 70
    8
 71
    1
 72
    4
 73
    2
 74
    0
 42
1e-07
 43
1e-07
 40
0
 40
0
 40
1.1313709
 40
1.1313709
 10
144.313275082
 20
223.038715695
 30
0
 10
144.389334819
 20
223.114754442
 30
0
  0
SPLINE
  5
245
100
AcDbEntity
  8
Shape2DView
  6
ByLayer
 62
  256
370
   -1
100
AcDbSpline
210
0
220
0
230
0
 70
    8
 71
    1
 72
    4
 73
    2
 74
    0
 42
1e-07
 43
1e-07
 40
0
 40
0
 40
0.4242641
 40
0.4242641
 10
144.389334819
 20
223.114754442
 30
0
 10
144.41785722
 20
223.143268973
 30
0
  0
SPLINE
  5
246
100
AcDbEntity
  8
Shape2DView
  6
ByLayer
 62
  256
370
   -1
100
AcDbSpline
210
0
220
0
230
0
 70
    8
 71
    1
 72
    4
 73
    2
 74
    0
 42
1e-07
 43
1e-07
 40
0
 40
0
 40
0.6403124
 40
0.6403124
 10
144.41785722
 20
223.143268973
 30
0
 10
144.465393454
 20
223.181288346
 30
0
  0
SPLINE
  5
247
100
AcDbEntity
  8
Shape2DView
  6
ByLayer
 62
  256
370
   -1
100
AcDbSpline
210
0
220
0
230
0
 70
    8
 71
    1
 72
    4
 73
    2
 74
    0
 42
1e-07
 43
1e-07
 40
0
 40
0
 40
0.5656854
 40
0.5656854
 10
144.465393454
 20
223.181288346
 30
0
 10
144.503423322
 20
223.21930772
 30
0
  0
SPLINE
  5
248
100
AcDbEntity
  8
Shape2DView
  6
ByLayer
 62
  256
370
   -1
100
AcDbSpline
210
0
220
0
230
0
 70
    8
 71
    1
 72
    4
 73
    2
 74
    0
 42
1e-07
 43
1e-07
 40
0
 40
0
 40
1.0630146
 40
1.0630146
 10
144.503423322
 20
223.21930772
 30
0
 10
144.579481958
 20
223.285841624
 30
0
  0
SPLINE
  5
249
100
AcDbEntity
  8
Shape2DView
  6
ByLayer
 62
  256
370
   -1
100
AcDbSpline
210
0
220
0
230
0
 70
    8
 71
    1
 72
    4
 73
    2
 74
    0
 42
1e-07
 43
1e-07
 40
0
 40
0
 40
1.0630146
 40
1.0630146
 10
144.579481958
 20
223.285841624
 30
0
 10
144.655540593
 20
223.352375528
 30
0
  0
SPLINE
  5
24A
100
AcDbEntity
  8
Shape2DView
  6
ByLayer
 62
  256
370
   -1
100
AcDbSpline
210
0
220
0
230
0
 70
    8
 71
    1
 72
    4
 73
    2
 74
    0
 42
1e-07
 43
1e-07
 40
0
 40
0
 40
1.0630146
 40
1.0630146
 10
144.655540593
 20
223.352375528
 30
0
 10
144.731599228
 20
223.418909432
 30
0
  0
SPLINE
  5
24B
100
AcDbEntity
  8
Shape2DView
  6
ByLayer
 62
  256
370
   -1
100
AcDbSpline
210
0
220
0
230
0
 70
    8
 71
    1
 72
    4
 73
    2
 74
    0
 42
1e-07
 43
1e-07
 40
0
 40
0
 40
0.9899494999999999
 40
0.9899494999999999
 10
144.731599228
 20
223.418909432
 30
0
 10
144.798151498
 20
223.485443336
 30
0
  0
SPLINE
  5
24C
100
AcDbEntity
  8
Shape2DView
  6
ByLayer
 62
  256
370
   -1
100
AcDbSpline
210
0
220
0
230
0
 70
    8
 71
    1
 72
    4
 73
    2
 74
    0
 42
1e-07
 43
1e-07
 40
0
 40
0
 40
2.7018512
 40
2.7018512
 10
144.798151498
 20
223.485443336
 30
0
 10
144.959782844
 20
223.685045047
 30
0
  0
SPLINE
  5
24D
100
AcDbEntity
  8
Shape2DView
  6
ByLayer
 62
  256
370
   -1
100
AcDbSpline
210
0
220
0
230
0
 70
    8
 71
    1
 72
    4
 73
    2
 74
    0
 42
1e-07
 43
1e-07
 40
0
 40
0
 40
1.1313709
 40
1.1313709
 10
144.959782844
 20
223.685045047
 30
0
 10
145.035842581
 20
223.761083795
 30
0
  0
SPLINE
  5
24E
100
AcDbEntity
  8
Shape2DView
  6
ByLayer
 62
  256
370
   -1
100
AcDbSpline
210
0
220
0
230
0
 70
    8
 71
    1
 72
    4
 73
    2
 74
    0
 42
1e-07
 43
1e-07
 40
0
 40
0
 40
1.1313709
 40
1.1313709
 10
145.035842581
 20
223.761083795
 30
0
 10
145.111902317
 20
223.837122542
 30
0
  0
SPLINE
  5
24F
100
AcDbEntity
  8
Shape2DView
  6
ByLayer
 62
  256
370
   -1
100
AcDbSpline
210
0
220
0
230
0
 70
    8
 71
    1
 72
    4
 73
    2
 74
    0
 42
1e-07
 43
1e-07
 40
0
 40
0
 40
1.1313709
 40
1.1313709
 10
145.111902317
 20
223.837122542
 30
0
 10
145.187962054
 20
223.913161289
 30
0
  0
SPLINE
  5
250
100
AcDbEntity
  8
Shape2DView
  6
ByLayer
 62
  256
370
   -1
100
AcDbSpline
210
0
220
0
230
0
 70
    8
 71
    1
 72
    4
 73
    2
 74
    0
 42
1e-07
 43
1e-07
 40
0
 40
0
 40
1.421267
 40
1.421267
 10
145.187962054
 20
223.913161289
 30
0
 10
145.292541989
 20
223.99870488
 30
0
  0
SPLINE
  5
251
100
AcDbEntity
  8
Shape2DView
  6
ByLayer
 62
  256
370
   -1
100
AcDbSpline
210
0
220
0
230
0
 70
    8
 71
    1
 72
    4
 73
    2
 74
    0
 42
1e-07
 43
1e-07
 40
0
 40
0
 40
43.6
 40
43.6
 10
146.48990017
 20
220.168252983
 30
0
 10
146.490380407
 20
224.312364713
 30
0
  0
SPLINE
  5
252
100
AcDbEntity
  8
Shape2DView
  6
ByLayer
 62
  256
370
   -1
100
AcDbSpline
210
0
220
0
230
0
 70
    8
 71
    3
 72
    8
 73
    4
 74
    0
 42
1e-07
 43
1e-07
 40
0
 40
0
 40
0
 40
0
 40
1
 40
1
 40
1
 40
1
 10
146.490380407
 20
224.312364713
 30
0
 10
146.709042237
 20
224.445432521
 30
0
 10
146.851666359
 20
224.692558449
 30
0
 10
146.851698301
 20
224.968198909
 30
0
  0
SPLINE
  5
253
100
AcDbEntity
  8
Shape2DView
  6
ByLayer
 62
  256
370
   -1
100
AcDbSpline
210
0
220
0
230
0
 70
    8
 71
    2
 72
    6
 73
    3
 74
    0
 42
1e-07
 43
1e-07
 40
0
 40
0
 40
0
 40
1
 40
1
 40
1
 10
146.851698301
 20
224.968198909
 30
0
 10
146.851709867
 20
225.067999764
 30
0
 10
146.823202335
 20
225.16780062
 30
0
  0
SPLINE
  5
254
100
AcDbEntity
  8
Shape2DView
  6
ByLayer
 62
  256
370
   -1
100
AcDbSpline
210
0
220
0
230
0
 70
    8
 71
    1
 72
    4
 73
    2
 74
    0
 42
1e-07
 43
1e-07
 40
0
 40
0
 40
0.4242641
 40
0.4242641
 10
146.823202335
 20
225.16780062
 30
0
 10
146.794679934
 20
225.13928609
 30
0
  0
SPLINE
  5
255
100
AcDbEntity
  8
Shape2DView
  6
ByLayer
 62
  256
370
   -1
100
AcDbSpline
210
0
220
0
230
0
 70
    8
 71
    1
 72
    4
 73
    2
 74
    0
 42
1e-07
 43
1e-07
 40
0
 40
0
 40
1.2806248
 40
1.2806248
 10
146.794679934
 20
225.13928609
 30
0
 10
146.699607466
 20
225.063247343
 30
0
  0
SPLINE
  5
256
100
AcDbEntity
  8
Shape2DView
  6
ByLayer
 62
  256
370
   -1
100
AcDbSpline
210
0
220
0
230
0
 70
    8
 71
    1
 72
    4
 73
    2
 74
    0
 42
1e-07
 43
1e-07
 40
0
 40
0
 40
1.2806248
 40
1.2806248
 10
146.699607466
 20
225.063247343
 30
0
 10
146.604534998
 20
224.987208595
 30
0
  0
SPLINE
  5
257
100
AcDbEntity
  8
Shape2DView
  6
ByLayer
 62
  256
370
   -1
100
AcDbSpline
210
0
220
0
230
0
 70
    8
 71
    1
 72
    4
 73
    2
 74
    0
 42
1e-07
 43
1e-07
 40
0
 40
0
 40
1.2806248
 40
1.2806248
 10
146.604534998
 20
224.987208595
 30
0
 10
146.50946253
 20
224.911169848
 30
0
  0
SPLINE
  5
258
100
AcDbEntity
  8
Shape2DView
  6
ByLayer
 62
  256
370
   -1
100
AcDbSpline
210
0
220
0
230
0
 70
    8
 71
    1
 72
    4
 73
    2
 74
    0
 42
1e-07
 43
1e-07
 40
0
 40
0
 40
0.6403124
 40
0.6403124
 10
146.50946253
 20
224.911169848
 30
0
 10
146.461926296
 20
224.873150474
 30
0
  0
SPLINE
  5
259
100
AcDbEntity
  8
Shape2DView
  6
ByLayer
 62
  256
370
   -1
100
AcDbSpline
210
0
220
0
230
0
 70
    8
 71
    1
 72
    4
 73
    2
 74
    0
 42
1e-07
 43
1e-07
 40
0
 40
0
 40
0.7
 40
0.7
 10
146.461926296
 20
224.873150474
 30
0
 10
146.461918586
 20
224.80661657
 30
0
  0
SPLINE
  5
25A
100
AcDbEntity
  8
Shape2DView
  6
ByLayer
 62
  256
370
   -1
100
AcDbSpline
210
0
220
0
230
0
 70
    8
 71
    1
 72
    4
 73
    2
 74
    0
 42
1e-07
 43
1e-07
 40
0
 40
0
 40
3.1112698
 40
3.1112698
 10
146.461918586
 20
224.80661657
 30
0
 10
146.25275431
 20
224.597510015
 30
0
  0
SPLINE
  5
25B
100
AcDbEntity
  8
Shape2DView
  6
ByLayer
 62
  256
370
   -1
100
AcDbSpline
210
0
220
0
230
0
 70
    8
 71
    1
 72
    4
 73
    2
 74
    0
 42
1e-07
 43
1e-07
 40
0
 40
0
 40
1.1
 40
1.1
 10
146.25275431
 20
224.597510015
 30
0
 10
146.148184288
 20
224.597510015
 30
0
  0
SPLINE
  5
25C
100
AcDbEntity
  8
Shape2DView
  6
ByLayer
 62
  256
370
   -1
100
AcDbSpline
210
0
220
0
230
0
 70
    8
 71
    1
 72
    4
 73
    2
 74
    0
 42
1e-07
 43
1e-07
 40
0
 40
0
 40
2
 40
2
 10
146.148184288
 20
224.597510015
 30
0
 10
145.958056975
 20
224.597510015
 30
0
  0
SPLINE
  5
25D
100
AcDbEntity
  8
Shape2DView
  6
ByLayer
 62
  256
370
   -1
100
AcDbSpline
210
0
220
0
230
0
 70
    8
 71
    1
 72
    4
 73
    2
 74
    0
 42
1e-07
 43
1e-07
 40
0
 40
0
 40
0.2
 40
0.2
 10
145.958056975
 20
224.597510015
 30
0
 10
145.939044244
 20
224.597510015
 30
0
  0
SPLINE
  5
25E
100
AcDbEntity
  8
Shape2DView
  6
ByLayer
 62
  256
370
   -1
100
AcDbSpline
210
0
220
0
230
0
 70
    8
 71
    1
 72
    4
 73
    2
 74
    0
 42
1e-07
 43
1e-07
 40
0
 40
0
 40
3.3301652
 40
3.3301652
 10
145.939044244
 20
224.597510015
 30
0
 10
145.701409335
 20
224.80661657
 30
0
  0
SPLINE
  5
25F
100
AcDbEntity
  8
Shape2DView
  6
ByLayer
 62
  256
370
   -1
100
AcDbSpline
210
0
220
0
230
0
 70
    8
 71
    1
 72
    4
 73
    2
 74
    0
 42
1e-07
 43
1e-07
 40
0
 40
0
 40
1.5
 40
1.5
 10
145.701409335
 20
224.80661657
 30
0
 10
145.701425857
 20
224.949189222
 30
0
  0
SPLINE
  5
260
100
AcDbEntity
  8
Shape2DView
  6
ByLayer
 62
  256
370
   -1
100
AcDbSpline
210
0
220
0
230
0
 70
    8
 71
    1
 72
    4
 73
    2
 74
    0
 42
1e-07
 43
1e-07
 40
0
 40
0
 40
1.8
 40
1.8
 10
145.701425857
 20
224.949189222
 30
0
 10
145.701445684
 20
225.120276403
 30
0
  0
SPLINE
  5
261
100
AcDbEntity
  8
Shape2DView
  6
ByLayer
 62
  256
370
   -1
100
AcDbSpline
210
0
220
0
230
0
 70
    8
 71
    1
 72
    4
 73
    2
 74
    0
 42
1e-07
 43
1e-07
 40
0
 40
0
 40
0.09999999999999999
 40
0.09999999999999999
 10
145.701445684
 20
225.120276403
 30
0
 10
145.701446785
 20
225.129781247
 30
0
  0
SPLINE
  5
262
100
AcDbEntity
  8
Shape2DView
  6
ByLayer
 62
  256
370
   -1
100
AcDbSpline
210
0
220
0
230
0
 70
    8
 71
    1
 72
    4
 73
    2
 74
    0
 42
1e-07
 43
1e-07
 40
0
 40
0
 40
3.6069378
 40
3.6069378
 10
145.701446785
 20
225.129781247
 30
0
 10
145.939134564
 20
225.376907175
 30
0
  0
SPLINE
  5
263
100
AcDbEntity
  8
Shape2DView
  6
ByLayer
 62
  256
370
   -1
100
AcDbSpline
210
0
220
0
230
0
 70
    8
 71
    1
 72
    4
 73
    2
 74
    0
 42
1e-07
 43
1e-07
 40
0
 40
0
 40
0.5
 40
0.5
 10
145.939134564
 20
225.376907175
 30
0
 10
145.986666392
 20
225.376907175
 30
0
  0
SPLINE
  5
264
100
AcDbEntity
  8
Shape2DView
  6
ByLayer
 62
  256
370
   -1
100
AcDbSpline
210
0
220
0
230
0
 70
    8
 71
    1
 72
    4
 73
    2
 74
    0
 42
1e-07
 43
1e-07
 40
0
 40
0
 40
1.3453624
 40
1.3453624
 10
145.986666392
 20
225.376907175
 30
0
 10
146.081739961
 20
225.462450766
 30
0
  0
SPLINE
  5
265
100
AcDbEntity
  8
Shape2DView
  6
ByLayer
 62
  256
370
   -1
100
AcDbSpline
210
0
220
0
230
0
 70
    8
 71
    1
 72
    4
 73
    2
 74
    0
 42
1e-07
 43
1e-07
 40
0
 40
0
 40
0.6403124
 40
0.6403124
 10
146.081739961
 20
225.462450766
 30
0
 10
146.129276195
 20
225.50047014
 30
0
  0
SPLINE
  5
266
100
AcDbEntity
  8
Shape2DView
  6
ByLayer
 62
  256
370
   -1
100
AcDbSpline
210
0
220
0
230
0
 70
    8
 71
    1
 72
    4
 73
    2
 74
    0
 42
1e-07
 43
1e-07
 40
0
 40
0
 40
0.6403124
 40
0.6403124
 10
146.129276195
 20
225.50047014
 30
0
 10
146.176812429
 20
225.538489514
 30
0
  0
SPLINE
  5
267
100
AcDbEntity
  8
Shape2DView
  6
ByLayer
 62
  256
370
   -1
100
AcDbSpline
210
0
220
0
230
0
 70
    8
 71
    1
 72
    4
 73
    2
 74
    0
 42
1e-07
 43
1e-07
 40
0
 40
0
 40
0.2828427
 40
0.2828427
 10
146.176812429
 20
225.538489514
 30
0
 10
146.195827363
 20
225.5574992
 30
0
  0
SPLINE
  5
268
100
AcDbEntity
  8
Shape2DView
  6
ByLayer
 62
  256
370
   -1
100
AcDbSpline
210
0
220
0
230
0
 70
    8
 71
    1
 72
    4
 73
    2
 74
    0
 42
1e-07
 43
1e-07
 40
0
 40
0
 40
0.2828427
 40
0.2828427
 10
146.195827363
 20
225.5574992
 30
0
 10
146.214842298
 20
225.576508887
 30
0
  0
SPLINE
  5
269
100
AcDbEntity
  8
Shape2DView
  6
ByLayer
 62
  256
370
   -1
100
AcDbSpline
210
0
220
0
230
0
 70
    8
 71
    1
 72
    4
 73
    2
 74
    0
 42
1e-07
 43
1e-07
 40
0
 40
0
 40
0.6403124
 40
0.6403124
 10
146.214842298
 20
225.576508887
 30
0
 10
146.262378532
 20
225.614528261
 30
0
  0
SPLINE
  5
26A
100
AcDbEntity
  8
Shape2DView
  6
ByLayer
 62
  256
370
   -1
100
AcDbSpline
210
0
220
0
230
0
 70
    8
 71
    1
 72
    4
 73
    2
 74
    0
 42
1e-07
 43
1e-07
 40
0
 40
0
 40
0.7071067999999999
 40
0.7071067999999999
 10
146.262378532
 20
225.614528261
 30
0
 10
146.309915867
 20
225.662052478
 30
0
  0
SPLINE
  5
26B
100
AcDbEntity
  8
Shape2DView
  6
ByLayer
 62
  256
370
   -1
100
AcDbSpline
210
0
220
0
230
0
 70
    8
 71
    1
 72
    4
 73
    2
 74
    0
 42
1e-07
 43
1e-07
 40
0
 40
0
 40
0.5656854
 40
0.5656854
 10
146.309915867
 20
225.662052478
 30
0
 10
146.347945735
 20
225.700071852
 30
0
  0
SPLINE
  5
26C
100
AcDbEntity
  8
Shape2DView
  6
ByLayer
 62
  256
370
   -1
100
AcDbSpline
210
0
220
0
230
0
 70
    8
 71
    2
 72
    6
 73
    3
 74
    0
 42
1e-07
 43
1e-07
 40
0
 40
0
 40
0
 40
1
 40
1
 40
1
 10
146.347945735
 20
225.700071852
 30
0
 10
146.231497438
 20
225.740467436
 30
0
 10
146.100784635
 20
225.738091225
 30
0
  0
SPLINE
  5
26D
100
AcDbEntity
  8
Shape2DView
  6
ByLayer
 62
  256
370
   -1
100
AcDbSpline
210
0
220
0
230
0
 70
    8
 71
    3
 72
    8
 73
    4
 74
    0
 42
1e-07
 43
1e-07
 40
0
 40
0
 40
0
 40
0
 40
1
 40
1
 40
1
 40
1
 10
146.100784635
 20
225.738091225
 30
0
 10
145.672998182
 20
225.738091225
 30
0
 10
145.330729366
 20
225.395916862
 30
0
 10
145.330679801
 20
224.968198909
 30
0
  0
SPLINE
  5
26E
100
AcDbEntity
  8
Shape2DView
  6
ByLayer
 62
  256
370
   -1
100
AcDbSpline
210
0
220
0
230
0
 70
    8
 71
    2
 72
    6
 73
    3
 74
    0
 42
1e-07
 43
1e-07
 40
0
 40
0
 40
0
 40
1
 40
1
 40
1
 10
145.330679801
 20
224.968198909
 30
0
 10
145.328283383
 20
224.797111727
 30
0
 10
145.397188012
 20
224.654539076
 30
0
  0
SPLINE
  5
26F
100
AcDbEntity
  8
Shape2DView
  6
ByLayer
 62
  256
370
   -1
100
AcDbSpline
210
0
220
0
230
0
 70
    8
 71
    2
 72
    6
 73
    3
 74
    0
 42
1e-07
 43
1e-07
 40
0
 40
0
 40
0
 40
1
 40
1
 40
1
 10
145.397188012
 20
224.654539076
 30
0
 10
145.485098488
 20
224.452561153
 30
0
 10
145.672834064
 20
224.321869556
 30
0
  0
SPLINE
  5
270
100
AcDbEntity
  8
Shape2DView
  6
ByLayer
 62
  256
370
   -1
100
AcDbSpline
210
0
220
0
230
0
 70
    8
 71
    1
 72
    4
 73
    2
 74
    0
 42
1e-07
 43
1e-07
 40
0
 40
0
 40
1
 40
1
 10
145.672834064
 20
224.321869556
 30
0
 10
145.720362588
 20
224.293355026
 30
0
  0
SPLINE
  5
271
100
AcDbEntity
  8
Shape2DView
  6
ByLayer
 62
  256
370
   -1
100
AcDbSpline
210
0
220
0
230
0
 70
    8
 71
    1
 72
    4
 73
    2
 74
    0
 42
1e-07
 43
1e-07
 40
0
 40
0
 40
43.4
 40
43.4
 10
145.720362588
 20
224.293355026
 30
0
 10
145.719884554
 20
220.168252983
 30
0
  0
SPLINE
  5
272
100
AcDbEntity
  8
Shape2DView
  6
ByLayer
 62
  256
370
   -1
100
AcDbSpline
210
0
220
0
230
0
 70
    8
 71
    3
 72
    8
 73
    4
 74
    0
 42
1e-07
 43
1e-07
 40
0
 40
0
 40
0
 40
0
 40
1
 40
1
 40
1
 40
1
 10
145.719884554
 20
220.168252983
 30
0
 10
145.396651601
 20
220.025680332
 30
0
 10
145.158953909
 20
219.693010813
 30
0
 10
145.158909851
 20
219.312817076
 30
0
  0
SPLINE
  5
273
100
AcDbEntity
  8
Shape2DView
  6
ByLayer
 62
  256
370
   -1
100
AcDbSpline
210
0
220
0
230
0
 70
    8
 71
    3
 72
    8
 73
    4
 74
    0
 42
1e-07
 43
1e-07
 40
0
 40
0
 40
0
 40
0
 40
1
 40
1
 40
1
 40
1
 10
145.158909851
 20
219.312817076
 30
0
 10
145.158875706
 20
219.01816693
 30
0
 10
145.291933984
 20
218.752031314
 30
0
 10
145.510560567
 20
218.580944133
 30
0
  0
SPLINE
  5
274
100
AcDbEntity
  8
Shape2DView
  6
ByLayer
 62
  256
370
   -1
100
AcDbSpline
210
0
220
0
230
0
 70
    8
 71
    1
 72
    4
 73
    2
 74
    0
 42
1e-07
 43
1e-07
 40
0
 40
0
 40
0.8999999999999999
 40
0.8999999999999999
 10
145.510560567
 20
218.580944133
 30
0
 10
145.596117858
 20
218.580944133
 30
0
  0
SPLINE
  5
275
100
AcDbEntity
  8
Shape2DView
  6
ByLayer
 62
  256
370
   -1
100
AcDbSpline
210
0
220
0
230
0
 70
    8
 71
    1
 72
    4
 73
    2
 74
    0
 42
1e-07
 43
1e-07
 40
0
 40
0
 40
6.199999999999999
 40
6.199999999999999
 10
145.596117858
 20
218.580944133
 30
0
 10
145.596186148
 20
219.170244425
 30
0
  0
SPLINE
  5
276
100
AcDbEntity
  8
Shape2DView
  6
ByLayer
 62
  256
370
   -1
100
AcDbSpline
210
0
220
0
230
0
 70
    8
 71
    1
 72
    4
 73
    2
 74
    0
 42
1e-07
 43
1e-07
 40
0
 40
0
 40
6.762396
 40
6.762396
 10
145.596186148
 20
219.170244425
 30
0
 10
146.100069788
 20
219.569447848
 30
0
  0
SPLINE
  5
277
100
AcDbEntity
  8
Shape2DView
  6
ByLayer
 62
  256
370
   -1
100
AcDbSpline
210
0
220
0
230
0
 70
    8
 71
    1
 72
    4
 73
    2
 74
    0
 42
1e-07
 43
1e-07
 40
0
 40
0
 40
6.841052599999999
 40
6.841052599999999
 10
146.100069788
 20
219.569447848
 30
0
 10
146.61336727
 20
219.170244425
 30
0
  0
SPLINE
  5
278
100
AcDbEntity
  8
Shape2DView
  6
ByLayer
 62
  256
370
   -1
100
AcDbSpline
210
0
220
0
230
0
 70
    8
 71
    1
 72
    4
 73
    2
 74
    0
 42
1e-07
 43
1e-07
 40
0
 40
0
 40
6.199999999999999
 40
6.199999999999999
 10
146.61336727
 20
219.170244425
 30
0
 10
146.61329898
 20
218.580944133
 30
0
  0
SPLINE
  5
279
100
AcDbEntity
  8
Shape2DView
  6
ByLayer
 62
  256
370
   -1
100
AcDbSpline
210
0
220
0
230
0
 70
    8
 71
    1
 72
    4
 73
    2
 74
    0
 42
1e-07
 43
1e-07
 40
0
 40
0
 40
0.7999999999999999
 40
0.7999999999999999
 10
146.61329898
 20
218.580944133
 30
0
 10
146.689349905
 20
218.580944133
 30
0
  0
SPLINE
  5
27A
100
AcDbEntity
  8
Shape2DView
  6
ByLayer
 62
  256
370
   -1
100
AcDbSpline
210
0
220
0
230
0
 70
    8
 71
    1
 72
    4
 73
    2
 74
    0
 42
1e-07
 43
1e-07
 40
0
 40
0
 40
0.09999999999999999
 40
0.09999999999999999
 10
146.689349905
 20
218.580944133
 30
0
 10
146.698856271
 20
218.580944133
 30
0
  0
SPLINE
  5
27B
100
AcDbEntity
  8
Shape2DView
  6
ByLayer
 62
  256
370
   -1
100
AcDbSpline
210
0
220
0
230
0
 70
    8
 71
    3
 72
    8
 73
    4
 74
    0
 42
1e-07
 43
1e-07
 40
0
 40
0
 40
0
 40
0
 40
1
 40
1
 40
1
 40
1
 10
146.698856271
 20
218.580944133
 30
0
 10
146.917522506
 20
218.752031314
 30
0
 10
147.050642466
 20
219.01816693
 30
0
 10
147.050676611
 20
219.312817076
 30
0
  0
SPLINE
  5
27C
100
AcDbEntity
  8
Shape2DView
  6
ByLayer
 62
  256
370
   -1
100
AcDbSpline
210
0
220
0
230
0
 70
    8
 71
    3
 72
    8
 73
    4
 74
    0
 42
1e-07
 43
1e-07
 40
0
 40
0
 40
0
 40
0
 40
1
 40
1
 40
1
 40
1
 10
147.050676611
 20
219.312817076
 30
0
 10
147.041214304
 20
219.693010813
 30
0
 10
146.81310008
 20
220.025680332
 30
0
 10
146.48990017
 20
220.168252983
 30
0
  0
SPLINE
  5
27D
100
AcDbEntity
  8
Shape2DView
  6
ByLayer
 62
  256
370
   -1
100
AcDbSpline
210
0
220
0
230
0
 70
    8
 71
    3
 72
    8
 73
    4
 74
    0
 42
1e-07
 43
1e-07
 40
0
 40
0
 40
0
 40
0
 40
1
 40
1
 40
1
 40
1
 10
146.176205525
 20
220.301320791
 30
0
 10
146.176203322
 20
220.282311104
 30
0
 10
146.166695855
 20
220.272806261
 30
0
 10
146.166693652
 20
220.253796574
 30
0
  0
SPLINE
  5
27E
100
AcDbEntity
  8
Shape2DView
  6
ByLayer
 62
  256
370
   -1
100
AcDbSpline
210
0
220
0
230
0
 70
    8
 71
    2
 72
    6
 73
    3
 74
    0
 42
1e-07
 43
1e-07
 40
0
 40
0
 40
0
 40
1
 40
1
 40
1
 10
146.166693652
 20
220.253796574
 30
0
 10
146.138169323
 20
220.208648568
 30
0
 10
146.081130854
 20
220.206272357
 30
0
  0
SPLINE
  5
27F
100
AcDbEntity
  8
Shape2DView
  6
ByLayer
 62
  256
370
   -1
100
AcDbSpline
210
0
220
0
230
0
 70
    8
 71
    2
 72
    6
 73
    3
 74
    0
 42
1e-07
 43
1e-07
 40
0
 40
0
 40
0
 40
1
 40
1
 40
1
 10
146.081130854
 20
220.206272357
 30
0
 10
146.024092936
 20
220.208648568
 30
0
 10
145.995579071
 20
220.253796574
 30
0
  0
SPLINE
  5
280
100
AcDbEntity
  8
Shape2DView
  6
ByLayer
 62
  256
370
   -1
100
AcDbSpline
210
0
220
0
230
0
 70
    8
 71
    2
 72
    6
 73
    3
 74
    0
 42
1e-07
 43
1e-07
 40
0
 40
0
 40
0
 40
1
 40
1
 40
1
 10
145.995579071
 20
220.253796574
 30
0
 10
145.983698041
 20
220.27043005
 30
0
 10
145.986078213
 20
220.301320791
 30
0
  0
SPLINE
  5
281
100
AcDbEntity
  8
Shape2DView
  6
ByLayer
 62
  256
370
   -1
100
AcDbSpline
210
0
220
0
230
0
 70
    8
 71
    1
 72
    4
 73
    2
 74
    0
 42
1e-07
 43
1e-07
 40
0
 40
0
 40
37.2
 40
37.2
 10
145.986078213
 20
220.301320791
 30
0
 10
145.986487955
 20
223.837122542
 30
0
  0
SPLINE
  5
282
100
AcDbEntity
  8
Shape2DView
  6
ByLayer
 62
  256
370
   -1
100
AcDbSpline
210
0
220
0
230
0
 70
    8
 71
    3
 72
    8
 73
    4
 74
    0
 42
1e-07
 43
1e-07
 40
0
 40
0
 40
0
 40
0
 40
1
 40
1
 40
1
 40
1
 10
145.986487955
 20
223.837122542
 30
0
 10
145.986494564
 20
223.894151603
 30
0
 10
146.034030798
 20
223.932170976
 30
0
 10
146.081562626
 20
223.932170976
 30
0
  0
SPLINE
  5
283
100
AcDbEntity
  8
Shape2DView
  6
ByLayer
 62
  256
370
   -1
100
AcDbSpline
210
0
220
0
230
0
 70
    8
 71
    3
 72
    8
 73
    4
 74
    0
 42
1e-07
 43
1e-07
 40
0
 40
0
 40
0
 40
0
 40
1
 40
1
 40
1
 40
1
 10
146.081562626
 20
223.932170976
 30
0
 10
146.13860082
 20
223.932170976
 30
0
 10
146.176620775
 20
223.884646759
 30
0
 10
146.176615268
 20
223.837122542
 30
0
  0
SPLINE
  5
284
100
AcDbEntity
  8
Shape2DView
  6
ByLayer
 62
  256
370
   -1
100
AcDbSpline
210
0
220
0
230
0
 70
    8
 71
    1
 72
    4
 73
    2
 74
    0
 42
1e-07
 43
1e-07
 40
0
 40
0
 40
37.2
 40
37.2
 10
146.176615268
 20
223.837122542
 30
0
 10
146.176205525
 20
220.301320791
 30
0
  0
SPLINE
  5
285
100
AcDbEntity
  8
Shape2DView
  6
ByLayer
 62
  256
370
   -1
100
AcDbSpline
210
0
220
0
230
0
 70
    8
 71
    3
 72
    8
 73
    4
 74
    0
 42
1e-07
 43
1e-07
 40
0
 40
0
 40
0
 40
0
 40
1
 40
1
 40
1
 40
1
 10
140.530037854
 20
225.595518574
 30
0
 10
140.406468318
 20
225.709576695
 30
0
 10
140.330426205
 20
225.785615442
 30
0
 10
140.330428408
 20
225.804625129
 30
0
  0
SPLINE
  5
286
100
AcDbEntity
  8
Shape2DView
  6
ByLayer
 62
  256
370
   -1
100
AcDbSpline
210
0
220
0
230
0
 70
    8
 71
    3
 72
    8
 73
    4
 74
    0
 42
1e-07
 43
1e-07
 40
0
 40
0
 40
0
 40
0
 40
1
 40
1
 40
1
 40
1
 10
140.330428408
 20
225.804625129
 30
0
 10
140.301921427
 20
225.909178407
 30
0
 10
140.320962796
 20
226.156304336
 30
0
 10
140.13085531
 20
226.327391517
 30
0
  0
SPLINE
  5
287
100
AcDbEntity
  8
Shape2DView
  6
ByLayer
 62
  256
370
   -1
100
AcDbSpline
210
0
220
0
230
0
 70
    8
 71
    3
 72
    8
 73
    4
 74
    0
 42
1e-07
 43
1e-07
 40
0
 40
0
 40
0
 40
0
 40
1
 40
1
 40
1
 40
1
 10
140.13085531
 20
226.327391517
 30
0
 10
139.959758352
 20
226.479469012
 30
0
 10
139.807660908
 20
226.517488385
 30
0
 10
139.712597251
 20
226.517488385
 30
0
  0
SPLINE
  5
288
100
AcDbEntity
  8
Shape2DView
  6
ByLayer
 62
  256
370
   -1
100
AcDbSpline
210
0
220
0
230
0
 70
    8
 71
    1
 72
    4
 73
    2
 74
    0
 42
1e-07
 43
1e-07
 40
0
 40
0
 40
1
 40
1
 10
139.712597251
 20
226.517488385
 30
0
 10
139.674571789
 20
226.517488385
 30
0
  0
SPLINE
  5
289
100
AcDbEntity
  8
Shape2DView
  6
ByLayer
 62
  256
370
   -1
100
AcDbSpline
210
0
220
0
230
0
 70
    8
 71
    2
 72
    6
 73
    3
 74
    0
 42
1e-07
 43
1e-07
 40
0
 40
0
 40
0
 40
1
 40
1
 40
1
 10
139.674571789
 20
226.517488385
 30
0
 10
139.560495126
 20
226.515112175
 30
0
 10
139.503455004
 20
226.498478699
 30
0
  0
SPLINE
  5
28A
100
AcDbEntity
  8
Shape2DView
  6
ByLayer
 62
  256
370
   -1
100
AcDbSpline
210
0
220
0
230
0
 70
    8
 71
    1
 72
    4
 73
    2
 74
    0
 42
1e-07
 43
1e-07
 40
0
 40
0
 40
1
 40
1
 10
139.503455004
 20
226.498478699
 30
0
 10
139.417894409
 20
226.469964168
 30
0
  0
SPLINE
  5
28B
100
AcDbEntity
  8
Shape2DView
  6
ByLayer
 62
  256
370
   -1
100
AcDbSpline
210
0
220
0
230
0
 70
    8
 71
    2
 72
    6
 73
    3
 74
    0
 42
1e-07
 43
1e-07
 40
0
 40
0
 40
0
 40
1
 40
1
 40
1
 10
139.417894409
 20
226.469964168
 30
0
 10
139.389373385
 20
226.453330692
 30
0
 10
139.38937311
 20
226.450954481
 30
0
  0
SPLINE
  5
28C
100
AcDbEntity
  8
Shape2DView
  6
ByLayer
 62
  256
370
   -1
100
AcDbSpline
210
0
220
0
230
0
 70
    8
 71
    1
 72
    4
 73
    2
 74
    0
 42
1e-07
 43
1e-07
 40
0
 40
0
 40
4.7423623
 40
4.7423623
 10
139.38937311
 20
226.450954481
 30
0
 10
139.72206066
 20
226.146799492
 30
0
  0
SPLINE
  5
28D
100
AcDbEntity
  8
Shape2DView
  6
ByLayer
 62
  256
370
   -1
100
AcDbSpline
210
0
220
0
230
0
 70
    8
 71
    3
 72
    8
 73
    4
 74
    0
 42
1e-07
 43
1e-07
 40
0
 40
0
 40
0
 40
0
 40
1
 40
1
 40
1
 40
1
 10
139.72206066
 20
226.146799492
 30
0
 10
139.741063478
 20
226.061255901
 30
0
 10
139.731549402
 20
225.994721997
 30
0
 10
139.712530062
 20
225.937692937
 30
0
  0
SPLINE
  5
28E
100
AcDbEntity
  8
Shape2DView
  6
ByLayer
 62
  256
370
   -1
100
AcDbSpline
210
0
220
0
230
0
 70
    8
 71
    3
 72
    8
 73
    4
 74
    0
 42
1e-07
 43
1e-07
 40
0
 40
0
 40
0
 40
0
 40
1
 40
1
 40
1
 40
1
 10
139.712530062
 20
225.937692937
 30
0
 10
139.693514027
 20
225.909178407
 30
0
 10
139.674495788
 20
225.86165419
 30
0
 10
139.645974488
 20
225.842644503
 30
0
  0
SPLINE
  5
28F
100
AcDbEntity
  8
Shape2DView
  6
ByLayer
 62
  256
370
   -1
100
AcDbSpline
210
0
220
0
230
0
 70
    8
 71
    1
 72
    4
 73
    2
 74
    0
 42
1e-07
 43
1e-07
 40
0
 40
0
 40
1
 40
1
 10
139.645974488
 20
225.842644503
 30
0
 10
139.569916954
 20
225.785615442
 30
0
  0
SPLINE
  5
290
100
AcDbEntity
  8
Shape2DView
  6
ByLayer
 62
  256
370
   -1
100
AcDbSpline
210
0
220
0
230
0
 70
    8
 71
    1
 72
    4
 73
    2
 74
    0
 42
1e-07
 43
1e-07
 40
0
 40
0
 40
1
 40
1
 10
139.569916954
 20
225.785615442
 30
0
 10
139.503369091
 20
225.757100912
 30
0
  0
SPLINE
  5
291
100
AcDbEntity
  8
Shape2DView
  6
ByLayer
 62
  256
370
   -1
100
AcDbSpline
210
0
220
0
230
0
 70
    8
 71
    1
 72
    4
 73
    2
 74
    0
 42
1e-07
 43
1e-07
 40
0
 40
0
 40
4.3931765
 40
4.3931765
 10
139.503369091
 20
225.757100912
 30
0
 10
139.189690967
 20
226.032741371
 30
0
  0
SPLINE
  5
292
100
AcDbEntity
  8
Shape2DView
  6
ByLayer
 62
  256
370
   -1
100
AcDbSpline
210
0
220
0
230
0
 70
    8
 71
    1
 72
    4
 73
    2
 74
    0
 42
1e-07
 43
1e-07
 40
0
 40
0
 40
1.603122
 40
1.603122
 10
139.189690967
 20
226.032741371
 30
0
 10
139.037588016
 20
226.023236528
 30
0
  0
SPLINE
  5
293
100
AcDbEntity
  8
Shape2DView
  6
ByLayer
 62
  256
370
   -1
100
AcDbSpline
210
0
220
0
230
0
 70
    8
 71
    3
 72
    8
 73
    4
 74
    0
 42
1e-07
 43
1e-07
 40
0
 40
0
 40
0
 40
0
 40
1
 40
1
 40
1
 40
1
 10
139.037588016
 20
226.023236528
 30
0
 10
139.037588016
 20
226.023236528
 30
0
 10
138.961501844
 20
225.719081538
 30
0
 10
139.265674703
 20
225.452945923
 30
0
  0
SPLINE
  5
294
100
AcDbEntity
  8
Shape2DView
  6
ByLayer
 62
  256
370
   -1
100
AcDbSpline
210
0
220
0
230
0
 70
    8
 71
    3
 72
    8
 73
    4
 74
    0
 42
1e-07
 43
1e-07
 40
0
 40
0
 40
0
 40
0
 40
1
 40
1
 40
1
 40
1
 10
139.265674703
 20
225.452945923
 30
0
 10
139.379740076
 20
225.357897489
 30
0
 10
139.503320626
 20
225.338887802
 30
0
 10
139.607890648
 20
225.338887802
 30
0
  0
SPLINE
  5
295
100
AcDbEntity
  8
Shape2DView
  6
ByLayer
 62
  256
370
   -1
100
AcDbSpline
210
0
220
0
230
0
 70
    8
 71
    3
 72
    8
 73
    4
 74
    0
 42
1e-07
 43
1e-07
 40
0
 40
0
 40
0
 40
0
 40
1
 40
1
 40
1
 40
1
 10
139.607890648
 20
225.338887802
 30
0
 10
139.71246067
 20
225.338887802
 30
0
 10
139.798020164
 20
225.357897489
 30
0
 10
139.836045626
 20
225.357897489
 30
0
  0
SPLINE
  5
296
100
AcDbEntity
  8
Shape2DView
  6
ByLayer
 62
  256
370
   -1
100
AcDbSpline
210
0
220
0
230
0
 70
    8
 71
    1
 72
    4
 73
    2
 74
    0
 42
1e-07
 43
1e-07
 40
0
 40
0
 40
0.09999999999999999
 40
0.09999999999999999
 10
139.836045626
 20
225.357897489
 30
0
 10
139.845551992
 20
225.357897489
 30
0
  0
SPLINE
  5
297
100
AcDbEntity
  8
Shape2DView
  6
ByLayer
 62
  256
370
   -1
100
AcDbSpline
210
0
220
0
230
0
 70
    8
 71
    3
 72
    8
 73
    4
 74
    0
 42
1e-07
 43
1e-07
 40
0
 40
0
 40
0
 40
0
 40
1
 40
1
 40
1
 40
1
 10
139.845551992
 20
225.357897489
 30
0
 10
139.864564723
 20
225.357897489
 30
0
 10
140.14022179
 20
225.120276403
 30
0
 10
140.539450595
 20
224.787606884
 30
0
  0
SPLINE
  5
298
100
AcDbEntity
  8
Shape2DView
  6
ByLayer
 62
  256
370
   -1
100
AcDbSpline
210
0
220
0
230
0
 70
    8
 71
    1
 72
    4
 73
    2
 74
    0
 42
1e-07
 43
1e-07
 40
0
 40
0
 40
8.5
 40
8.5
 10
140.539450595
 20
224.787606884
 30
0
 10
140.53954422
 20
225.595518574
 30
0
  0
SPLINE
  5
299
100
AcDbEntity
  8
Shape2DView
  6
ByLayer
 62
  256
370
   -1
100
AcDbSpline
210
0
220
0
230
0
 70
    8
 71
    1
 72
    4
 73
    2
 74
    0
 42
1e-07
 43
1e-07
 40
0
 40
0
 40
0.09999999999999999
 40
0.09999999999999999
 10
140.53954422
 20
225.595518574
 30
0
 10
140.530037854
 20
225.595518574
 30
0
  0
SPLINE
  5
29A
100
AcDbEntity
  8
Shape2DView
  6
ByLayer
 62
  256
370
   -1
100
AcDbSpline
210
0
220
0
230
0
 70
    8
 71
    3
 72
    8
 73
    4
 74
    0
 42
1e-07
 43
1e-07
 40
0
 40
0
 40
0
 40
0
 40
1
 40
1
 40
1
 40
1
 10
144.493834347
 20
222.506444464
 30
0
 10
144.256199439
 20
222.715551019
 30
0
 10
144.037548623
 20
222.677531645
 30
0
 10
143.904460606
 20
222.687036489
 30
0
  0
SPLINE
  5
29B
100
AcDbEntity
  8
Shape2DView
  6
ByLayer
 62
  256
370
   -1
100
AcDbSpline
210
0
220
0
230
0
 70
    8
 71
    3
 72
    8
 73
    4
 74
    0
 42
1e-07
 43
1e-07
 40
0
 40
0
 40
0
 40
0
 40
1
 40
1
 40
1
 40
1
 10
143.904460606
 20
222.687036489
 30
0
 10
143.676316642
 20
222.763075236
 30
0
 10
142.079410233
 20
224.169792062
 30
0
 10
141.100359211
 20
225.072752186
 30
0
  0
SPLINE
  5
29C
100
AcDbEntity
  8
Shape2DView
  6
ByLayer
 62
  256
370
   -1
100
AcDbSpline
210
0
220
0
230
0
 70
    8
 71
    1
 72
    4
 73
    2
 74
    0
 42
1e-07
 43
1e-07
 40
0
 40
0
 40
8
 40
8
 10
141.100359211
 20
225.072752186
 30
0
 10
141.100271095
 20
224.312364713
 30
0
  0
SPLINE
  5
29D
100
AcDbEntity
  8
Shape2DView
  6
ByLayer
 62
  256
370
   -1
100
AcDbSpline
210
0
220
0
230
0
 70
    8
 71
    3
 72
    8
 73
    4
 74
    0
 42
1e-07
 43
1e-07
 40
0
 40
0
 40
0
 40
0
 40
1
 40
1
 40
1
 40
1
 10
141.100271095
 20
224.312364713
 30
0
 10
142.13636031
 20
223.409404588
 30
0
 10
143.44810549
 20
222.259318535
 30
0
 10
143.45760745
 20
222.221299161
 30
0
  0
SPLINE
  5
29E
100
AcDbEntity
  8
Shape2DView
  6
ByLayer
 62
  256
370
   -1
100
AcDbSpline
210
0
220
0
230
0
 70
    8
 71
    3
 72
    8
 73
    4
 74
    0
 42
1e-07
 43
1e-07
 40
0
 40
0
 40
0
 40
0
 40
1
 40
1
 40
1
 40
1
 10
143.45760745
 20
222.221299161
 30
0
 10
143.467106105
 20
222.154765257
 30
0
 10
143.486078082
 20
221.803086051
 30
0
 10
143.666678102
 20
221.622494026
 30
0
  0
SPLINE
  5
29F
100
AcDbEntity
  8
Shape2DView
  6
ByLayer
 62
  256
370
   -1
100
AcDbSpline
210
0
220
0
230
0
 70
    8
 71
    3
 72
    8
 73
    4
 74
    0
 42
1e-07
 43
1e-07
 40
0
 40
0
 40
0
 40
0
 40
1
 40
1
 40
1
 40
1
 10
143.666678102
 20
221.622494026
 30
0
 10
143.7997518
 20
221.489426218
 30
0
 10
143.923330147
 20
221.451406845
 30
0
 10
144.018393804
 20
221.451406845
 30
0
  0
SPLINE
  5
2A0
100
AcDbEntity
  8
Shape2DView
  6
ByLayer
 62
  256
370
   -1
100
AcDbSpline
210
0
220
0
230
0
 70
    8
 71
    2
 72
    6
 73
    3
 74
    0
 42
1e-07
 43
1e-07
 40
0
 40
0
 40
0
 40
1
 40
1
 40
1
 10
144.018393804
 20
221.451406845
 30
0
 10
144.075432273
 20
221.453783055
 30
0
 10
144.132472394
 20
221.470416531
 30
0
  0
SPLINE
  5
2A1
100
AcDbEntity
  8
Shape2DView
  6
ByLayer
 62
  256
370
   -1
100
AcDbSpline
210
0
220
0
230
0
 70
    8
 71
    3
 72
    8
 73
    4
 74
    0
 42
1e-07
 43
1e-07
 40
0
 40
0
 40
0
 40
0
 40
1
 40
1
 40
1
 40
1
 10
144.132472394
 20
221.470416531
 30
0
 10
144.246549883
 20
221.479921375
 30
0
 10
144.322606316
 20
221.527445592
 30
0
 10
144.322606316
 20
221.527445592
 30
0
  0
SPLINE
  5
2A2
100
AcDbEntity
  8
Shape2DView
  6
ByLayer
 62
  256
370
   -1
100
AcDbSpline
210
0
220
0
230
0
 70
    8
 71
    1
 72
    4
 73
    2
 74
    0
 42
1e-07
 43
1e-07
 40
0
 40
0
 40
4.596738
 40
4.596738
 10
144.322606316
 20
221.527445592
 30
0
 10
144.008931496
 20
221.831600581
 30
0
  0
SPLINE
  5
2A3
100
AcDbEntity
  8
Shape2DView
  6
ByLayer
 62
  256
370
   -1
100
AcDbSpline
210
0
220
0
230
0
 70
    8
 71
    3
 72
    8
 73
    4
 74
    0
 42
1e-07
 43
1e-07
 40
0
 40
0
 40
0
 40
0
 40
1
 40
1
 40
1
 40
1
 10
144.008931496
 20
221.831600581
 30
0
 10
144.008934801
 20
221.860115111
 30
0
 10
144.018472007
 20
222.126250727
 30
0
 10
144.265647427
 20
222.211794318
 30
0
  0
SPLINE
  5
2A4
100
AcDbEntity
  8
Shape2DView
  6
ByLayer
 62
  256
370
   -1
100
AcDbSpline
210
0
220
0
230
0
 70
    8
 71
    1
 72
    4
 73
    2
 74
    0
 42
1e-07
 43
1e-07
 40
0
 40
0
 40
4.6010868
 40
4.6010868
 10
144.265647427
 20
222.211794318
 30
0
 10
144.588829713
 20
221.917144172
 30
0
  0
SPLINE
  5
2A5
100
AcDbEntity
  8
Shape2DView
  6
ByLayer
 62
  256
370
   -1
100
AcDbSpline
210
0
220
0
230
0
 70
    8
 71
    1
 72
    4
 73
    2
 74
    0
 42
1e-07
 43
1e-07
 40
0
 40
0
 40
1.2041595
 40
1.2041595
 10
144.588829713
 20
221.917144172
 30
0
 10
144.702907202
 20
221.926649015
 30
0
  0
SPLINE
  5
2A6
100
AcDbEntity
  8
Shape2DView
  6
ByLayer
 62
  256
370
   -1
100
AcDbSpline
210
0
220
0
230
0
 70
    8
 71
    3
 72
    8
 73
    4
 74
    0
 42
1e-07
 43
1e-07
 40
0
 40
0
 40
0
 40
0
 40
1
 40
1
 40
1
 40
1
 10
144.702907202
 20
221.926649015
 30
0
 10
144.693399735
 20
221.917144172
 30
0
 10
144.778994475
 20
222.240308848
 30
0
 10
144.493834347
 20
222.506444464
 30
0
  0
SPLINE
  5
2A7
100
AcDbEntity
  8
Shape2DView
  6
ByLayer
 62
  256
370
   -1
100
AcDbSpline
210
0
220
0
230
0
 70
    8
 71
    1
 72
    4
 73
    2
 74
    0
 42
1e-07
 43
1e-07
 40
0
 40
0
 40
0.509902
 40
0.509902
 10
148.039992904
 20
224.958694065
 30
0
 10
148.030492045
 20
225.006218282
 30
0
  0
SPLINE
  5
2A8
100
AcDbEntity
  8
Shape2DView
  6
ByLayer
 62
  256
370
   -1
100
AcDbSpline
210
0
220
0
230
0
 70
    8
 71
    1
 72
    4
 73
    2
 74
    0
 42
1e-07
 43
1e-07
 40
0
 40
0
 40
0.4123106
 40
0.4123106
 10
148.030492045
 20
225.006218282
 30
0
 10
148.020990086
 20
225.044237656
 30
0
  0
SPLINE
  5
2A9
100
AcDbEntity
  8
Shape2DView
  6
ByLayer
 62
  256
370
   -1
100
AcDbSpline
210
0
220
0
230
0
 70
    8
 71
    1
 72
    4
 73
    2
 74
    0
 42
1e-07
 43
1e-07
 40
0
 40
0
 40
0.4123106
 40
0.4123106
 10
148.020990086
 20
225.044237656
 30
0
 10
148.011488126
 20
225.08225703
 30
0
  0
SPLINE
  5
2AA
100
AcDbEntity
  8
Shape2DView
  6
ByLayer
 62
  256
370
   -1
100
AcDbSpline
210
0
220
0
230
0
 70
    8
 71
    1
 72
    4
 73
    2
 74
    0
 42
1e-07
 43
1e-07
 40
0
 40
0
 40
0.5385165
 40
0.5385165
 10
148.011488126
 20
225.08225703
 30
0
 10
147.992480902
 20
225.129781247
 30
0
  0
SPLINE
  5
2AB
100
AcDbEntity
  8
Shape2DView
  6
ByLayer
 62
  256
370
   -1
100
AcDbSpline
210
0
220
0
230
0
 70
    8
 71
    1
 72
    4
 73
    2
 74
    0
 42
1e-07
 43
1e-07
 40
0
 40
0
 40
0.4123106
 40
0.4123106
 10
147.992480902
 20
225.129781247
 30
0
 10
147.982978942
 20
225.16780062
 30
0
  0
SPLINE
  5
2AC
100
AcDbEntity
  8
Shape2DView
  6
ByLayer
 62
  256
370
   -1
100
AcDbSpline
210
0
220
0
230
0
 70
    8
 71
    1
 72
    4
 73
    2
 74
    0
 42
1e-07
 43
1e-07
 40
0
 40
0
 40
0.4123106
 40
0.4123106
 10
147.982978942
 20
225.16780062
 30
0
 10
147.973476982
 20
225.205819994
 30
0
  0
SPLINE
  5
2AD
100
AcDbEntity
  8
Shape2DView
  6
ByLayer
 62
  256
370
   -1
100
AcDbSpline
210
0
220
0
230
0
 70
    8
 71
    1
 72
    4
 73
    2
 74
    0
 42
1e-07
 43
1e-07
 40
0
 40
0
 40
0.5385165
 40
0.5385165
 10
147.973476982
 20
225.205819994
 30
0
 10
147.954469758
 20
225.253344211
 30
0
  0
SPLINE
  5
2AE
100
AcDbEntity
  8
Shape2DView
  6
ByLayer
 62
  256
370
   -1
100
AcDbSpline
210
0
220
0
230
0
 70
    8
 71
    1
 72
    4
 73
    2
 74
    0
 42
1e-07
 43
1e-07
 40
0
 40
0
 40
0.4123106
 40
0.4123106
 10
147.954469758
 20
225.253344211
 30
0
 10
147.944967799
 20
225.291363585
 30
0
  0
SPLINE
  5
2AF
100
AcDbEntity
  8
Shape2DView
  6
ByLayer
 62
  256
370
   -1
100
AcDbSpline
210
0
220
0
230
0
 70
    8
 71
    1
 72
    4
 73
    2
 74
    0
 42
1e-07
 43
1e-07
 40
0
 40
0
 40
0.4472136
 40
0.4472136
 10
147.944967799
 20
225.291363585
 30
0
 10
147.925959473
 20
225.329382958
 30
0
  0
SPLINE
  5
2B0
100
AcDbEntity
  8
Shape2DView
  6
ByLayer
 62
  256
370
   -1
100
AcDbSpline
210
0
220
0
230
0
 70
    8
 71
    1
 72
    4
 73
    2
 74
    0
 42
1e-07
 43
1e-07
 40
0
 40
0
 40
0.9486833
 40
0.9486833
 10
147.925959473
 20
225.329382958
 30
0
 10
147.897450289
 20
225.414926549
 30
0
  0
SPLINE
  5
2B1
100
AcDbEntity
  8
Shape2DView
  6
ByLayer
 62
  256
370
   -1
100
AcDbSpline
210
0
220
0
230
0
 70
    8
 71
    1
 72
    4
 73
    2
 74
    0
 42
1e-07
 43
1e-07
 40
0
 40
0
 40
0.4472136
 40
0.4472136
 10
147.897450289
 20
225.414926549
 30
0
 10
147.878441964
 20
225.452945923
 30
0
  0
SPLINE
  5
2B2
100
AcDbEntity
  8
Shape2DView
  6
ByLayer
 62
  256
370
   -1
100
AcDbSpline
210
0
220
0
230
0
 70
    8
 71
    1
 72
    4
 73
    2
 74
    0
 42
1e-07
 43
1e-07
 40
0
 40
0
 40
0.5385165
 40
0.5385165
 10
147.878441964
 20
225.452945923
 30
0
 10
147.85943474
 20
225.50047014
 30
0
  0
SPLINE
  5
2B3
100
AcDbEntity
  8
Shape2DView
  6
ByLayer
 62
  256
370
   -1
100
AcDbSpline
210
0
220
0
230
0
 70
    8
 71
    1
 72
    4
 73
    2
 74
    0
 42
1e-07
 43
1e-07
 40
0
 40
0
 40
0.8944272
 40
0.8944272
 10
147.85943474
 20
225.50047014
 30
0
 10
147.821418089
 20
225.576508887
 30
0
  0
SPLINE
  5
2B4
100
AcDbEntity
  8
Shape2DView
  6
ByLayer
 62
  256
370
   -1
100
AcDbSpline
210
0
220
0
230
0
 70
    8
 71
    1
 72
    4
 73
    2
 74
    0
 42
1e-07
 43
1e-07
 40
0
 40
0
 40
0.9848857999999999
 40
0.9848857999999999
 10
147.821418089
 20
225.576508887
 30
0
 10
147.78340254
 20
225.662052478
 30
0
  0
SPLINE
  5
2B5
100
AcDbEntity
  8
Shape2DView
  6
ByLayer
 62
  256
370
   -1
100
AcDbSpline
210
0
220
0
230
0
 70
    8
 71
    1
 72
    4
 73
    2
 74
    0
 42
1e-07
 43
1e-07
 40
0
 40
0
 40
0.8944272
 40
0.8944272
 10
147.78340254
 20
225.662052478
 30
0
 10
147.745385889
 20
225.738091225
 30
0
  0
SPLINE
  5
2B6
100
AcDbEntity
  8
Shape2DView
  6
ByLayer
 62
  256
370
   -1
100
AcDbSpline
210
0
220
0
230
0
 70
    8
 71
    1
 72
    4
 73
    2
 74
    0
 42
1e-07
 43
1e-07
 40
0
 40
0
 40
0.9848857999999999
 40
0.9848857999999999
 10
147.745385889
 20
225.738091225
 30
0
 10
147.70737034
 20
225.823634816
 30
0
  0
SPLINE
  5
2B7
100
AcDbEntity
  8
Shape2DView
  6
ByLayer
 62
  256
370
   -1
100
AcDbSpline
210
0
220
0
230
0
 70
    8
 71
    1
 72
    4
 73
    2
 74
    0
 42
1e-07
 43
1e-07
 40
0
 40
0
 40
0.4472136
 40
0.4472136
 10
147.70737034
 20
225.823634816
 30
0
 10
147.688362014
 20
225.86165419
 30
0
  0
SPLINE
  5
2B8
100
AcDbEntity
  8
Shape2DView
  6
ByLayer
 62
  256
370
   -1
100
AcDbSpline
210
0
220
0
230
0
 70
    8
 71
    1
 72
    4
 73
    2
 74
    0
 42
1e-07
 43
1e-07
 40
0
 40
0
 40
0.5830951999999999
 40
0.5830951999999999
 10
147.688362014
 20
225.86165419
 30
0
 10
147.659848424
 20
225.909178407
 30
0
  0
SPLINE
  5
2B9
100
AcDbEntity
  8
Shape2DView
  6
ByLayer
 62
  256
370
   -1
100
AcDbSpline
210
0
220
0
230
0
 70
    8
 71
    1
 72
    4
 73
    2
 74
    0
 42
1e-07
 43
1e-07
 40
0
 40
0
 40
0.8944272
 40
0.8944272
 10
147.659848424
 20
225.909178407
 30
0
 10
147.621831774
 20
225.985217154
 30
0
  0
SPLINE
  5
2BA
100
AcDbEntity
  8
Shape2DView
  6
ByLayer
 62
  256
370
   -1
100
AcDbSpline
210
0
220
0
230
0
 70
    8
 71
    1
 72
    4
 73
    2
 74
    0
 42
1e-07
 43
1e-07
 40
0
 40
0
 40
1.029563
 40
1.029563
 10
147.621831774
 20
225.985217154
 30
0
 10
147.574309859
 20
226.070760745
 30
0
  0
SPLINE
  5
2BB
100
AcDbEntity
  8
Shape2DView
  6
ByLayer
 62
  256
370
   -1
100
AcDbSpline
210
0
220
0
230
0
 70
    8
 71
    1
 72
    4
 73
    2
 74
    0
 42
1e-07
 43
1e-07
 40
0
 40
0
 40
0.5
 40
0.5
 10
147.574309859
 20
226.070760745
 30
0
 10
147.545795168
 20
226.108780118
 30
0
  0
SPLINE
  5
2BC
100
AcDbEntity
  8
Shape2DView
  6
ByLayer
 62
  256
370
   -1
100
AcDbSpline
210
0
220
0
230
0
 70
    8
 71
    1
 72
    4
 73
    2
 74
    0
 42
1e-07
 43
1e-07
 40
0
 40
0
 40
0.5385165
 40
0.5385165
 10
147.545795168
 20
226.108780118
 30
0
 10
147.526787944
 20
226.156304336
 30
0
  0
SPLINE
  5
2BD
100
AcDbEntity
  8
Shape2DView
  6
ByLayer
 62
  256
370
   -1
100
AcDbSpline
210
0
220
0
230
0
 70
    8
 71
    1
 72
    4
 73
    2
 74
    0
 42
1e-07
 43
1e-07
 40
0
 40
0
 40
0.5
 40
0.5
 10
147.526787944
 20
226.156304336
 30
0
 10
147.498273253
 20
226.194323709
 30
0
  0
SPLINE
  5
2BE
100
AcDbEntity
  8
Shape2DView
  6
ByLayer
 62
  256
370
   -1
100
AcDbSpline
210
0
220
0
230
0
 70
    8
 71
    1
 72
    4
 73
    2
 74
    0
 42
1e-07
 43
1e-07
 40
0
 40
0
 40
0.4242641
 40
0.4242641
 10
147.498273253
 20
226.194323709
 30
0
 10
147.46975746
 20
226.222838239
 30
0
  0
SPLINE
  5
2BF
100
AcDbEntity
  8
Shape2DView
  6
ByLayer
 62
  256
370
   -1
100
AcDbSpline
210
0
220
0
230
0
 70
    8
 71
    1
 72
    4
 73
    2
 74
    0
 42
1e-07
 43
1e-07
 40
0
 40
0
 40
0.4472136
 40
0.4472136
 10
147.46975746
 20
226.222838239
 30
0
 10
147.450749135
 20
226.260857613
 30
0
  0
SPLINE
  5
2C0
100
AcDbEntity
  8
Shape2DView
  6
ByLayer
 62
  256
370
   -1
100
AcDbSpline
210
0
220
0
230
0
 70
    8
 71
    1
 72
    4
 73
    2
 74
    0
 42
1e-07
 43
1e-07
 40
0
 40
0
 40
0.5
 40
0.5
 10
147.450749135
 20
226.260857613
 30
0
 10
147.422234444
 20
226.298876987
 30
0
  0
SPLINE
  5
2C1
100
AcDbEntity
  8
Shape2DView
  6
ByLayer
 62
  256
370
   -1
100
AcDbSpline
210
0
220
0
230
0
 70
    8
 71
    1
 72
    4
 73
    2
 74
    0
 42
1e-07
 43
1e-07
 40
0
 40
0
 40
0.4242641
 40
0.4242641
 10
147.422234444
 20
226.298876987
 30
0
 10
147.393718651
 20
226.327391517
 30
0
  0
SPLINE
  5
2C2
100
AcDbEntity
  8
Shape2DView
  6
ByLayer
 62
  256
370
   -1
100
AcDbSpline
210
0
220
0
230
0
 70
    8
 71
    1
 72
    4
 73
    2
 74
    0
 42
1e-07
 43
1e-07
 40
0
 40
0
 40
0.4242641
 40
0.4242641
 10
147.393718651
 20
226.327391517
 30
0
 10
147.365202859
 20
226.355906047
 30
0
  0
SPLINE
  5
2C3
100
AcDbEntity
  8
Shape2DView
  6
ByLayer
 62
  256
370
   -1
100
AcDbSpline
210
0
220
0
230
0
 70
    8
 71
    1
 72
    4
 73
    2
 74
    0
 42
1e-07
 43
1e-07
 40
0
 40
0
 40
0.4242641
 40
0.4242641
 10
147.365202859
 20
226.355906047
 30
0
 10
147.336687066
 20
226.384420578
 30
0
  0
SPLINE
  5
2C4
100
AcDbEntity
  8
Shape2DView
  6
ByLayer
 62
  256
370
   -1
100
AcDbSpline
210
0
220
0
230
0
 70
    8
 71
    1
 72
    4
 73
    2
 74
    0
 42
1e-07
 43
1e-07
 40
0
 40
0
 40
0.3605551
 40
0.3605551
 10
147.336687066
 20
226.384420578
 30
0
 10
147.308170172
 20
226.403430264
 30
0
  0
SPLINE
  5
2C5
100
AcDbEntity
  8
Shape2DView
  6
ByLayer
 62
  256
370
   -1
100
AcDbSpline
210
0
220
0
230
0
 70
    8
 71
    1
 72
    4
 73
    2
 74
    0
 42
1e-07
 43
1e-07
 40
0
 40
0
 40
0.2828427
 40
0.2828427
 10
147.308170172
 20
226.403430264
 30
0
 10
147.289159644
 20
226.422439951
 30
0
  0
SPLINE
  5
2C6
100
AcDbEntity
  8
Shape2DView
  6
ByLayer
 62
  256
370
   -1
100
AcDbSpline
210
0
220
0
230
0
 70
    8
 71
    1
 72
    4
 73
    2
 74
    0
 42
1e-07
 43
1e-07
 40
0
 40
0
 40
0.5
 40
0.5
 10
147.289159644
 20
226.422439951
 30
0
 10
147.251137486
 20
226.450954481
 30
0
  0
SPLINE
  5
2C7
100
AcDbEntity
  8
Shape2DView
  6
ByLayer
 62
  256
370
   -1
100
AcDbSpline
210
0
220
0
230
0
 70
    8
 71
    1
 72
    4
 73
    2
 74
    0
 42
1e-07
 43
1e-07
 40
0
 40
0
 40
0.3605551
 40
0.3605551
 10
147.251137486
 20
226.450954481
 30
0
 10
147.222620592
 20
226.469964168
 30
0
  0
SPLINE
  5
2C8
100
AcDbEntity
  8
Shape2DView
  6
ByLayer
 62
  256
370
   -1
100
AcDbSpline
210
0
220
0
230
0
 70
    8
 71
    1
 72
    4
 73
    2
 74
    0
 42
1e-07
 43
1e-07
 40
0
 40
0
 40
0.3162278
 40
0.3162278
 10
147.222620592
 20
226.469964168
 30
0
 10
147.194102596
 20
226.479469012
 30
0
  0
SPLINE
  5
2C9
100
AcDbEntity
  8
Shape2DView
  6
ByLayer
 62
  256
370
   -1
100
AcDbSpline
210
0
220
0
230
0
 70
    8
 71
    1
 72
    4
 73
    2
 74
    0
 42
1e-07
 43
1e-07
 40
0
 40
0
 40
0.3605551
 40
0.3605551
 10
147.194102596
 20
226.479469012
 30
0
 10
147.165585702
 20
226.498478699
 30
0
  0
SPLINE
  5
2CA
100
AcDbEntity
  8
Shape2DView
  6
ByLayer
 62
  256
370
   -1
100
AcDbSpline
210
0
220
0
230
0
 70
    8
 71
    1
 72
    4
 73
    2
 74
    0
 42
1e-07
 43
1e-07
 40
0
 40
0
 40
0.3162278
 40
0.3162278
 10
147.165585702
 20
226.498478699
 30
0
 10
147.137067707
 20
226.507983542
 30
0
  0
SPLINE
  5
2CB
100
AcDbEntity
  8
Shape2DView
  6
ByLayer
 62
  256
370
   -1
100
AcDbSpline
210
0
220
0
230
0
 70
    8
 71
    1
 72
    4
 73
    2
 74
    0
 42
1e-07
 43
1e-07
 40
0
 40
0
 40
0.09999999999999999
 40
0.09999999999999999
 10
147.137067707
 20
226.507983542
 30
0
 10
147.127561341
 20
226.507983542
 30
0
  0
SPLINE
  5
2CC
100
AcDbEntity
  8
Shape2DView
  6
ByLayer
 62
  256
370
   -1
100
AcDbSpline
210
0
220
0
230
0
 70
    8
 71
    1
 72
    4
 73
    2
 74
    0
 42
1e-07
 43
1e-07
 40
0
 40
0
 40
0.1414214
 40
0.1414214
 10
147.127561341
 20
226.507983542
 30
0
 10
147.118053874
 20
226.498478699
 30
0
  0
SPLINE
  5
2CD
100
AcDbEntity
  8
Shape2DView
  6
ByLayer
 62
  256
370
   -1
100
AcDbSpline
210
0
220
0
230
0
 70
    8
 71
    1
 72
    4
 73
    2
 74
    0
 42
1e-07
 43
1e-07
 40
0
 40
0
 40
0.2
 40
0.2
 10
147.118053874
 20
226.498478699
 30
0
 10
147.099041143
 20
226.498478699
 30
0
  0
SPLINE
  5
2CE
100
AcDbEntity
  8
Shape2DView
  6
ByLayer
 62
  256
370
   -1
100
AcDbSpline
210
0
220
0
230
0
 70
    8
 71
    1
 72
    4
 73
    2
 74
    0
 42
1e-07
 43
1e-07
 40
0
 40
0
 40
0.09999999999999999
 40
0.09999999999999999
 10
147.099041143
 20
226.498478699
 30
0
 10
147.089534777
 20
226.498478699
 30
0
  0
SPLINE
  5
2CF
100
AcDbEntity
  8
Shape2DView
  6
ByLayer
 62
  256
370
   -1
100
AcDbSpline
210
0
220
0
230
0
 70
    8
 71
    1
 72
    4
 73
    2
 74
    0
 42
1e-07
 43
1e-07
 40
0
 40
0
 40
0.09999999999999999
 40
0.09999999999999999
 10
147.089534777
 20
226.498478699
 30
0
 10
147.080028412
 20
226.498478699
 30
0
  0
SPLINE
  5
2D0
100
AcDbEntity
  8
Shape2DView
  6
ByLayer
 62
  256
370
   -1
100
AcDbSpline
210
0
220
0
230
0
 70
    8
 71
    1
 72
    4
 73
    2
 74
    0
 42
1e-07
 43
1e-07
 40
0
 40
0
 40
0.09999999999999999
 40
0.09999999999999999
 10
147.080028412
 20
226.498478699
 30
0
 10
147.070522046
 20
226.498478699
 30
0
  0
SPLINE
  5
2D1
100
AcDbEntity
  8
Shape2DView
  6
ByLayer
 62
  256
370
   -1
100
AcDbSpline
210
0
220
0
230
0
 70
    8
 71
    1
 72
    4
 73
    2
 74
    0
 42
1e-07
 43
1e-07
 40
0
 40
0
 40
0.2
 40
0.2
 10
147.070522046
 20
226.498478699
 30
0
 10
147.051509315
 20
226.498478699
 30
0
  0
SPLINE
  5
2D2
100
AcDbEntity
  8
Shape2DView
  6
ByLayer
 62
  256
370
   -1
100
AcDbSpline
210
0
220
0
230
0
 70
    8
 71
    1
 72
    4
 73
    2
 74
    0
 42
1e-07
 43
1e-07
 40
0
 40
0
 40
0.09999999999999999
 40
0.09999999999999999
 10
147.051509315
 20
226.498478699
 30
0
 10
147.042002949
 20
226.498478699
 30
0
  0
SPLINE
  5
2D3
100
AcDbEntity
  8
Shape2DView
  6
ByLayer
 62
  256
370
   -1
100
AcDbSpline
210
0
220
0
230
0
 70
    8
 71
    1
 72
    4
 73
    2
 74
    0
 42
1e-07
 43
1e-07
 40
0
 40
0
 40
0.09999999999999999
 40
0.09999999999999999
 10
147.042002949
 20
226.498478699
 30
0
 10
147.032496583
 20
226.498478699
 30
0
  0
SPLINE
  5
2D4
100
AcDbEntity
  8
Shape2DView
  6
ByLayer
 62
  256
370
   -1
100
AcDbSpline
210
0
220
0
230
0
 70
    8
 71
    1
 72
    4
 73
    2
 74
    0
 42
1e-07
 43
1e-07
 40
0
 40
0
 40
0.1414214
 40
0.1414214
 10
147.032496583
 20
226.498478699
 30
0
 10
147.022991319
 20
226.507983542
 30
0
  0
SPLINE
  5
2D5
100
AcDbEntity
  8
Shape2DView
  6
ByLayer
 62
  256
370
   -1
100
AcDbSpline
210
0
220
0
230
0
 70
    8
 71
    1
 72
    4
 73
    2
 74
    0
 42
1e-07
 43
1e-07
 40
0
 40
0
 40
0.09999999999999999
 40
0.09999999999999999
 10
147.022991319
 20
226.507983542
 30
0
 10
147.013484954
 20
226.507983542
 30
0
  0
SPLINE
  5
2D6
100
AcDbEntity
  8
Shape2DView
  6
ByLayer
 62
  256
370
   -1
100
AcDbSpline
210
0
220
0
230
0
 70
    8
 71
    1
 72
    4
 73
    2
 74
    0
 42
1e-07
 43
1e-07
 40
0
 40
0
 40
0.09999999999999999
 40
0.09999999999999999
 10
147.013484954
 20
226.507983542
 30
0
 10
147.003978588
 20
226.507983542
 30
0
  0
SPLINE
  5
2D7
100
AcDbEntity
  8
Shape2DView
  6
ByLayer
 62
  256
370
   -1
100
AcDbSpline
210
0
220
0
230
0
 70
    8
 71
    1
 72
    4
 73
    2
 74
    0
 42
1e-07
 43
1e-07
 40
0
 40
0
 40
0.09999999999999999
 40
0.09999999999999999
 10
147.003978588
 20
226.507983542
 30
0
 10
147.003979689
 20
226.517488385
 30
0
  0
SPLINE
  5
2D8
100
AcDbEntity
  8
Shape2DView
  6
ByLayer
 62
  256
370
   -1
100
AcDbSpline
210
0
220
0
230
0
 70
    8
 71
    1
 72
    4
 73
    2
 74
    0
 42
1e-07
 43
1e-07
 40
0
 40
0
 40
0.09999999999999999
 40
0.09999999999999999
 10
147.003979689
 20
226.517488385
 30
0
 10
146.994473324
 20
226.517488385
 30
0
  0
SPLINE
  5
2D9
100
AcDbEntity
  8
Shape2DView
  6
ByLayer
 62
  256
370
   -1
100
AcDbSpline
210
0
220
0
230
0
 70
    8
 71
    1
 72
    4
 73
    2
 74
    0
 42
1e-07
 43
1e-07
 40
0
 40
0
 40
0.1414214
 40
0.1414214
 10
146.994473324
 20
226.517488385
 30
0
 10
146.98496806
 20
226.526993229
 30
0
  0
SPLINE
  5
2DA
100
AcDbEntity
  8
Shape2DView
  6
ByLayer
 62
  256
370
   -1
100
AcDbSpline
210
0
220
0
230
0
 70
    8
 71
    1
 72
    4
 73
    2
 74
    0
 42
1e-07
 43
1e-07
 40
0
 40
0
 40
0.1414214
 40
0.1414214
 10
146.98496806
 20
226.526993229
 30
0
 10
146.975462795
 20
226.536498072
 30
0
  0
SPLINE
  5
2DB
100
AcDbEntity
  8
Shape2DView
  6
ByLayer
 62
  256
370
   -1
100
AcDbSpline
210
0
220
0
230
0
 70
    8
 71
    1
 72
    4
 73
    2
 74
    0
 42
1e-07
 43
1e-07
 40
0
 40
0
 40
0.09999999999999999
 40
0.09999999999999999
 10
146.975462795
 20
226.536498072
 30
0
 10
146.96595643
 20
226.536498072
 30
0
  0
SPLINE
  5
2DC
100
AcDbEntity
  8
Shape2DView
  6
ByLayer
 62
  256
370
   -1
100
AcDbSpline
210
0
220
0
230
0
 70
    8
 71
    1
 72
    4
 73
    2
 74
    0
 42
1e-07
 43
1e-07
 40
0
 40
0
 40
0.1414214
 40
0.1414214
 10
146.96595643
 20
226.536498072
 30
0
 10
146.956451166
 20
226.546002916
 30
0
  0
SPLINE
  5
2DD
100
AcDbEntity
  8
Shape2DView
  6
ByLayer
 62
  256
370
   -1
100
AcDbSpline
210
0
220
0
230
0
 70
    8
 71
    1
 72
    4
 73
    2
 74
    0
 42
1e-07
 43
1e-07
 40
0
 40
0
 40
0.2236068
 40
0.2236068
 10
146.956451166
 20
226.546002916
 30
0
 10
146.946947003
 20
226.565012602
 30
0
  0
SPLINE
  5
2DE
100
AcDbEntity
  8
Shape2DView
  6
ByLayer
 62
  256
370
   -1
100
AcDbSpline
210
0
220
0
230
0
 70
    8
 71
    1
 72
    4
 73
    2
 74
    0
 42
1e-07
 43
1e-07
 40
0
 40
0
 40
0.1414214
 40
0.1414214
 10
146.946947003
 20
226.565012602
 30
0
 10
146.937441739
 20
226.574517446
 30
0
  0
SPLINE
  5
2DF
100
AcDbEntity
  8
Shape2DView
  6
ByLayer
 62
  256
370
   -1
100
AcDbSpline
210
0
220
0
230
0
 70
    8
 71
    1
 72
    4
 73
    2
 74
    0
 42
1e-07
 43
1e-07
 40
0
 40
0
 40
0.09999999999999999
 40
0.09999999999999999
 10
146.937441739
 20
226.574517446
 30
0
 10
146.927935373
 20
226.574517446
 30
0
  0
SPLINE
  5
2E0
100
AcDbEntity
  8
Shape2DView
  6
ByLayer
 62
  256
370
   -1
100
AcDbSpline
210
0
220
0
230
0
 70
    8
 71
    1
 72
    4
 73
    2
 74
    0
 42
1e-07
 43
1e-07
 40
0
 40
0
 40
0.09999999999999999
 40
0.09999999999999999
 10
146.927935373
 20
226.574517446
 30
0
 10
146.927936475
 20
226.584022289
 30
0
  0
SPLINE
  5
2E1
100
AcDbEntity
  8
Shape2DView
  6
ByLayer
 62
  256
370
   -1
100
AcDbSpline
210
0
220
0
230
0
 70
    8
 71
    1
 72
    4
 73
    2
 74
    0
 42
1e-07
 43
1e-07
 40
0
 40
0
 40
0.1414214
 40
0.1414214
 10
146.927936475
 20
226.584022289
 30
0
 10
146.91843121
 20
226.593527133
 30
0
  0
SPLINE
  5
2E2
100
AcDbEntity
  8
Shape2DView
  6
ByLayer
 62
  256
370
   -1
100
AcDbSpline
210
0
220
0
230
0
 70
    8
 71
    1
 72
    4
 73
    2
 74
    0
 42
1e-07
 43
1e-07
 40
0
 40
0
 40
0.2236068
 40
0.2236068
 10
146.91843121
 20
226.593527133
 30
0
 10
146.908927048
 20
226.61253682
 30
0
  0
SPLINE
  5
2E3
100
AcDbEntity
  8
Shape2DView
  6
ByLayer
 62
  256
370
   -1
100
AcDbSpline
210
0
220
0
230
0
 70
    8
 71
    1
 72
    4
 73
    2
 74
    0
 42
1e-07
 43
1e-07
 40
0
 40
0
 40
0.1414214
 40
0.1414214
 10
146.908927048
 20
226.61253682
 30
0
 10
146.899421784
 20
226.622041663
 30
0
  0
SPLINE
  5
2E4
100
AcDbEntity
  8
Shape2DView
  6
ByLayer
 62
  256
370
   -1
100
AcDbSpline
210
0
220
0
230
0
 70
    8
 71
    1
 72
    4
 73
    2
 74
    0
 42
1e-07
 43
1e-07
 40
0
 40
0
 40
0.2236068
 40
0.2236068
 10
146.899421784
 20
226.622041663
 30
0
 10
146.889917621
 20
226.64105135
 30
0
  0
SPLINE
  5
2E5
100
AcDbEntity
  8
Shape2DView
  6
ByLayer
 62
  256
370
   -1
100
AcDbSpline
210
0
220
0
230
0
 70
    8
 71
    1
 72
    4
 73
    2
 74
    0
 42
1e-07
 43
1e-07
 40
0
 40
0
 40
0.09999999999999999
 40
0.09999999999999999
 10
146.889917621
 20
226.64105135
 30
0
 10
146.889918722
 20
226.650556193
 30
0
  0
SPLINE
  5
2E6
100
AcDbEntity
  8
Shape2DView
  6
ByLayer
 62
  256
370
   -1
100
AcDbSpline
210
0
220
0
230
0
 70
    8
 71
    1
 72
    4
 73
    2
 74
    0
 42
1e-07
 43
1e-07
 40
0
 40
0
 40
0.2236068
 40
0.2236068
 10
146.889918722
 20
226.650556193
 30
0
 10
146.88041456
 20
226.66956588
 30
0
  0
SPLINE
  5
2E7
100
AcDbEntity
  8
Shape2DView
  6
ByLayer
 62
  256
370
   -1
100
AcDbSpline
210
0
220
0
230
0
 70
    8
 71
    1
 72
    4
 73
    2
 74
    0
 42
1e-07
 43
1e-07
 40
0
 40
0
 40
0.2236068
 40
0.2236068
 10
146.88041456
 20
226.66956588
 30
0
 10
146.870910397
 20
226.688575567
 30
0
  0
SPLINE
  5
2E8
100
AcDbEntity
  8
Shape2DView
  6
ByLayer
 62
  256
370
   -1
100
AcDbSpline
210
0
220
0
230
0
 70
    8
 71
    1
 72
    4
 73
    2
 74
    0
 42
1e-07
 43
1e-07
 40
0
 40
0
 40
0.2236068
 40
0.2236068
 10
146.870910397
 20
226.688575567
 30
0
 10
146.861406234
 20
226.707585254
 30
0
  0
SPLINE
  5
2E9
100
AcDbEntity
  8
Shape2DView
  6
ByLayer
 62
  256
370
   -1
100
AcDbSpline
210
0
220
0
230
0
 70
    8
 71
    1
 72
    4
 73
    2
 74
    0
 42
1e-07
 43
1e-07
 40
0
 40
0
 40
0.09999999999999999
 40
0.09999999999999999
 10
146.861406234
 20
226.707585254
 30
0
 10
146.861407336
 20
226.717090097
 30
0
  0
SPLINE
  5
2EA
100
AcDbEntity
  8
Shape2DView
  6
ByLayer
 62
  256
370
   -1
100
AcDbSpline
210
0
220
0
230
0
 70
    8
 71
    1
 72
    4
 73
    2
 74
    0
 42
1e-07
 43
1e-07
 40
0
 40
0
 40
0.09999999999999999
 40
0.09999999999999999
 10
146.861407336
 20
226.717090097
 30
0
 10
146.861408437
 20
226.726594941
 30
0
  0
SPLINE
  5
2EB
100
AcDbEntity
  8
Shape2DView
  6
ByLayer
 62
  256
370
   -1
100
AcDbSpline
210
0
220
0
230
0
 70
    8
 71
    1
 72
    4
 73
    2
 74
    0
 42
1e-07
 43
1e-07
 40
0
 40
0
 40
0.2236068
 40
0.2236068
 10
146.861408437
 20
226.726594941
 30
0
 10
146.851904274
 20
226.745604627
 30
0
  0
SPLINE
  5
2EC
100
AcDbEntity
  8
Shape2DView
  6
ByLayer
 62
  256
370
   -1
100
AcDbSpline
210
0
220
0
230
0
 70
    8
 71
    1
 72
    4
 73
    2
 74
    0
 42
1e-07
 43
1e-07
 40
0
 40
0
 40
0.2236068
 40
0.2236068
 10
146.851904274
 20
226.745604627
 30
0
 10
146.842400112
 20
226.764614314
 30
0
  0
SPLINE
  5
2ED
100
AcDbEntity
  8
Shape2DView
  6
ByLayer
 62
  256
370
   -1
100
AcDbSpline
210
0
220
0
230
0
 70
    8
 71
    1
 72
    4
 73
    2
 74
    0
 42
1e-07
 43
1e-07
 40
0
 40
0
 40
0.3
 40
0.3
 10
146.842400112
 20
226.764614314
 30
0
 10
146.842403416
 20
226.793128844
 30
0
  0
SPLINE
  5
2EE
100
AcDbEntity
  8
Shape2DView
  6
ByLayer
 62
  256
370
   -1
100
AcDbSpline
210
0
220
0
230
0
 70
    8
 71
    1
 72
    4
 73
    2
 74
    0
 42
1e-07
 43
1e-07
 40
0
 40
0
 40
0.2236068
 40
0.2236068
 10
146.842403416
 20
226.793128844
 30
0
 10
146.832899253
 20
226.812138531
 30
0
  0
SPLINE
  5
2EF
100
AcDbEntity
  8
Shape2DView
  6
ByLayer
 62
  256
370
   -1
100
AcDbSpline
210
0
220
0
230
0
 70
    8
 71
    1
 72
    4
 73
    2
 74
    0
 42
1e-07
 43
1e-07
 40
0
 40
0
 40
3.324154
 40
3.324154
 10
146.832899253
 20
226.812138531
 30
0
 10
146.614279279
 20
227.040254773
 30
0
  0
SPLINE
  5
2F0
100
AcDbEntity
  8
Shape2DView
  6
ByLayer
 62
  256
370
   -1
100
AcDbSpline
210
0
220
0
230
0
 70
    8
 71
    1
 72
    4
 73
    2
 74
    0
 42
1e-07
 43
1e-07
 40
0
 40
0
 40
0.2236068
 40
0.2236068
 10
146.614279279
 20
227.040254773
 30
0
 10
146.595265446
 20
227.03074993
 30
0
  0
SPLINE
  5
2F1
100
AcDbEntity
  8
Shape2DView
  6
ByLayer
 62
  256
370
   -1
100
AcDbSpline
210
0
220
0
230
0
 70
    8
 71
    1
 72
    4
 73
    2
 74
    0
 42
1e-07
 43
1e-07
 40
0
 40
0
 40
0.3162278
 40
0.3162278
 10
146.595265446
 20
227.03074993
 30
0
 10
146.566745248
 20
227.021245086
 30
0
  0
SPLINE
  5
2F2
100
AcDbEntity
  8
Shape2DView
  6
ByLayer
 62
  256
370
   -1
100
AcDbSpline
210
0
220
0
230
0
 70
    8
 71
    1
 72
    4
 73
    2
 74
    0
 42
1e-07
 43
1e-07
 40
0
 40
0
 40
0.2236068
 40
0.2236068
 10
146.566745248
 20
227.021245086
 30
0
 10
146.547731415
 20
227.011740243
 30
0
  0
SPLINE
  5
2F3
100
AcDbEntity
  8
Shape2DView
  6
ByLayer
 62
  256
370
   -1
100
AcDbSpline
210
0
220
0
230
0
 70
    8
 71
    1
 72
    4
 73
    2
 74
    0
 42
1e-07
 43
1e-07
 40
0
 40
0
 40
0.3
 40
0.3
 10
146.547731415
 20
227.011740243
 30
0
 10
146.519212318
 20
227.011740243
 30
0
  0
SPLINE
  5
2F4
100
AcDbEntity
  8
Shape2DView
  6
ByLayer
 62
  256
370
   -1
100
AcDbSpline
210
0
220
0
230
0
 70
    8
 71
    1
 72
    4
 73
    2
 74
    0
 42
1e-07
 43
1e-07
 40
0
 40
0
 40
0.2236068
 40
0.2236068
 10
146.519212318
 20
227.011740243
 30
0
 10
146.500198485
 20
227.0022354
 30
0
  0
SPLINE
  5
2F5
100
AcDbEntity
  8
Shape2DView
  6
ByLayer
 62
  256
370
   -1
100
AcDbSpline
210
0
220
0
230
0
 70
    8
 71
    1
 72
    4
 73
    2
 74
    0
 42
1e-07
 43
1e-07
 40
0
 40
0
 40
0.2236068
 40
0.2236068
 10
146.500198485
 20
227.0022354
 30
0
 10
146.481184653
 20
226.992730556
 30
0
  0
SPLINE
  5
2F6
100
AcDbEntity
  8
Shape2DView
  6
ByLayer
 62
  256
370
   -1
100
AcDbSpline
210
0
220
0
230
0
 70
    8
 71
    1
 72
    4
 73
    2
 74
    0
 42
1e-07
 43
1e-07
 40
0
 40
0
 40
0.2236068
 40
0.2236068
 10
146.481184653
 20
226.992730556
 30
0
 10
146.46217082
 20
226.983225713
 30
0
  0
SPLINE
  5
2F7
100
AcDbEntity
  8
Shape2DView
  6
ByLayer
 62
  256
370
   -1
100
AcDbSpline
210
0
220
0
230
0
 70
    8
 71
    1
 72
    4
 73
    2
 74
    0
 42
1e-07
 43
1e-07
 40
0
 40
0
 40
0.2236068
 40
0.2236068
 10
146.46217082
 20
226.983225713
 30
0
 10
146.443156987
 20
226.973720869
 30
0
  0
SPLINE
  5
2F8
100
AcDbEntity
  8
Shape2DView
  6
ByLayer
 62
  256
370
   -1
100
AcDbSpline
210
0
220
0
230
0
 70
    8
 71
    1
 72
    4
 73
    2
 74
    0
 42
1e-07
 43
1e-07
 40
0
 40
0
 40
0.2236068
 40
0.2236068
 10
146.443156987
 20
226.973720869
 30
0
 10
146.424143155
 20
226.964216026
 30
0
  0
SPLINE
  5
2F9
100
AcDbEntity
  8
Shape2DView
  6
ByLayer
 62
  256
370
   -1
100
AcDbSpline
210
0
220
0
230
0
 70
    8
 71
    1
 72
    4
 73
    2
 74
    0
 42
1e-07
 43
1e-07
 40
0
 40
0
 40
0.2236068
 40
0.2236068
 10
146.424143155
 20
226.964216026
 30
0
 10
146.405129322
 20
226.954711183
 30
0
  0
SPLINE
  5
2FA
100
AcDbEntity
  8
Shape2DView
  6
ByLayer
 62
  256
370
   -1
100
AcDbSpline
210
0
220
0
230
0
 70
    8
 71
    1
 72
    4
 73
    2
 74
    0
 42
1e-07
 43
1e-07
 40
0
 40
0
 40
0.1414214
 40
0.1414214
 10
146.405129322
 20
226.954711183
 30
0
 10
146.395621855
 20
226.945206339
 30
0
  0
SPLINE
  5
2FB
100
AcDbEntity
  8
Shape2DView
  6
ByLayer
 62
  256
370
   -1
100
AcDbSpline
210
0
220
0
230
0
 70
    8
 71
    1
 72
    4
 73
    2
 74
    0
 42
1e-07
 43
1e-07
 40
0
 40
0
 40
0.2236068
 40
0.2236068
 10
146.395621855
 20
226.945206339
 30
0
 10
146.376608022
 20
226.935701496
 30
0
  0
SPLINE
  5
2FC
100
AcDbEntity
  8
Shape2DView
  6
ByLayer
 62
  256
370
   -1
100
AcDbSpline
210
0
220
0
230
0
 70
    8
 71
    1
 72
    4
 73
    2
 74
    0
 42
1e-07
 43
1e-07
 40
0
 40
0
 40
0.1414214
 40
0.1414214
 10
146.376608022
 20
226.935701496
 30
0
 10
146.367100555
 20
226.926196652
 30
0
  0
SPLINE
  5
2FD
100
AcDbEntity
  8
Shape2DView
  6
ByLayer
 62
  256
370
   -1
100
AcDbSpline
210
0
220
0
230
0
 70
    8
 71
    1
 72
    4
 73
    2
 74
    0
 42
1e-07
 43
1e-07
 40
0
 40
0
 40
0.2236068
 40
0.2236068
 10
146.367100555
 20
226.926196652
 30
0
 10
146.357591986
 20
226.907186965
 30
0
  0
SPLINE
  5
2FE
100
AcDbEntity
  8
Shape2DView
  6
ByLayer
 62
  256
370
   -1
100
AcDbSpline
210
0
220
0
230
0
 70
    8
 71
    1
 72
    4
 73
    2
 74
    0
 42
1e-07
 43
1e-07
 40
0
 40
0
 40
0.2236068
 40
0.2236068
 10
146.357591986
 20
226.907186965
 30
0
 10
146.338578154
 20
226.897682122
 30
0
  0
SPLINE
  5
2FF
100
AcDbEntity
  8
Shape2DView
  6
ByLayer
 62
  256
370
   -1
100
AcDbSpline
210
0
220
0
230
0
 70
    8
 71
    1
 72
    4
 73
    2
 74
    0
 42
1e-07
 43
1e-07
 40
0
 40
0
 40
0.1414214
 40
0.1414214
 10
146.338578154
 20
226.897682122
 30
0
 10
146.329070687
 20
226.888177279
 30
0
  0
SPLINE
  5
300
100
AcDbEntity
  8
Shape2DView
  6
ByLayer
 62
  256
370
   -1
100
AcDbSpline
210
0
220
0
230
0
 70
    8
 71
    1
 72
    4
 73
    2
 74
    0
 42
1e-07
 43
1e-07
 40
0
 40
0
 40
0.2236068
 40
0.2236068
 10
146.329070687
 20
226.888177279
 30
0
 10
146.319562118
 20
226.869167592
 30
0
  0
SPLINE
  5
301
100
AcDbEntity
  8
Shape2DView
  6
ByLayer
 62
  256
370
   -1
100
AcDbSpline
210
0
220
0
230
0
 70
    8
 71
    1
 72
    4
 73
    2
 74
    0
 42
1e-07
 43
1e-07
 40
0
 40
0
 40
0.2236068
 40
0.2236068
 10
146.319562118
 20
226.869167592
 30
0
 10
146.31005355
 20
226.850157905
 30
0
  0
SPLINE
  5
302
100
AcDbEntity
  8
Shape2DView
  6
ByLayer
 62
  256
370
   -1
100
AcDbSpline
210
0
220
0
230
0
 70
    8
 71
    1
 72
    4
 73
    2
 74
    0
 42
1e-07
 43
1e-07
 40
0
 40
0
 40
0.1414214
 40
0.1414214
 10
146.31005355
 20
226.850157905
 30
0
 10
146.300546082
 20
226.840653062
 30
0
  0
SPLINE
  5
303
100
AcDbEntity
  8
Shape2DView
  6
ByLayer
 62
  256
370
   -1
100
AcDbSpline
210
0
220
0
230
0
 70
    8
 71
    1
 72
    4
 73
    2
 74
    0
 42
1e-07
 43
1e-07
 40
0
 40
0
 40
0.2236068
 40
0.2236068
 10
146.300546082
 20
226.840653062
 30
0
 10
146.291037514
 20
226.821643375
 30
0
  0
SPLINE
  5
304
100
AcDbEntity
  8
Shape2DView
  6
ByLayer
 62
  256
370
   -1
100
AcDbSpline
210
0
220
0
230
0
 70
    8
 71
    1
 72
    4
 73
    2
 74
    0
 42
1e-07
 43
1e-07
 40
0
 40
0
 40
0.2236068
 40
0.2236068
 10
146.291037514
 20
226.821643375
 30
0
 10
146.281528945
 20
226.802633688
 30
0
  0
SPLINE
  5
305
100
AcDbEntity
  8
Shape2DView
  6
ByLayer
 62
  256
370
   -1
100
AcDbSpline
210
0
220
0
230
0
 70
    8
 71
    1
 72
    4
 73
    2
 74
    0
 42
1e-07
 43
1e-07
 40
0
 40
0
 40
0.2
 40
0.2
 10
146.281528945
 20
226.802633688
 30
0
 10
146.281526742
 20
226.783624001
 30
0
  0
SPLINE
  5
306
100
AcDbEntity
  8
Shape2DView
  6
ByLayer
 62
  256
370
   -1
100
AcDbSpline
210
0
220
0
230
0
 70
    8
 71
    1
 72
    4
 73
    2
 74
    0
 42
1e-07
 43
1e-07
 40
0
 40
0
 40
0.2236068
 40
0.2236068
 10
146.281526742
 20
226.783624001
 30
0
 10
146.272018174
 20
226.764614314
 30
0
  0
SPLINE
  5
307
100
AcDbEntity
  8
Shape2DView
  6
ByLayer
 62
  256
370
   -1
100
AcDbSpline
210
0
220
0
230
0
 70
    8
 71
    1
 72
    4
 73
    2
 74
    0
 42
1e-07
 43
1e-07
 40
0
 40
0
 40
0.3
 40
0.3
 10
146.272018174
 20
226.764614314
 30
0
 10
146.272014869
 20
226.736099784
 30
0
  0
SPLINE
  5
308
100
AcDbEntity
  8
Shape2DView
  6
ByLayer
 62
  256
370
   -1
100
AcDbSpline
210
0
220
0
230
0
 70
    8
 71
    1
 72
    4
 73
    2
 74
    0
 42
1e-07
 43
1e-07
 40
0
 40
0
 40
3.2202484
 40
3.2202484
 10
146.272014869
 20
226.736099784
 30
0
 10
146.452607179
 20
226.488973855
 30
0
  0
SPLINE
  5
309
100
AcDbEntity
  8
Shape2DView
  6
ByLayer
 62
  256
370
   -1
100
AcDbSpline
210
0
220
0
230
0
 70
    8
 71
    1
 72
    4
 73
    2
 74
    0
 42
1e-07
 43
1e-07
 40
0
 40
0
 40
0.2236068
 40
0.2236068
 10
146.452607179
 20
226.488973855
 30
0
 10
146.471618808
 20
226.479469012
 30
0
  0
SPLINE
  5
30A
100
AcDbEntity
  8
Shape2DView
  6
ByLayer
 62
  256
370
   -1
100
AcDbSpline
210
0
220
0
230
0
 70
    8
 71
    1
 72
    4
 73
    2
 74
    0
 42
1e-07
 43
1e-07
 40
0
 40
0
 40
0.3
 40
0.3
 10
146.471618808
 20
226.479469012
 30
0
 10
146.500137905
 20
226.479469012
 30
0
  0
SPLINE
  5
30B
100
AcDbEntity
  8
Shape2DView
  6
ByLayer
 62
  256
370
   -1
100
AcDbSpline
210
0
220
0
230
0
 70
    8
 71
    1
 72
    4
 73
    2
 74
    0
 42
1e-07
 43
1e-07
 40
0
 40
0
 40
0.2236068
 40
0.2236068
 10
146.500137905
 20
226.479469012
 30
0
 10
146.519149535
 20
226.469964168
 30
0
  0
SPLINE
  5
30C
100
AcDbEntity
  8
Shape2DView
  6
ByLayer
 62
  256
370
   -1
100
AcDbSpline
210
0
220
0
230
0
 70
    8
 71
    1
 72
    4
 73
    2
 74
    0
 42
1e-07
 43
1e-07
 40
0
 40
0
 40
0.2
 40
0.2
 10
146.519149535
 20
226.469964168
 30
0
 10
146.538162266
 20
226.469964168
 30
0
  0
SPLINE
  5
30D
100
AcDbEntity
  8
Shape2DView
  6
ByLayer
 62
  256
370
   -1
100
AcDbSpline
210
0
220
0
230
0
 70
    8
 71
    1
 72
    4
 73
    2
 74
    0
 42
1e-07
 43
1e-07
 40
0
 40
0
 40
0.4472136
 40
0.4472136
 10
146.538162266
 20
226.469964168
 30
0
 10
146.576185526
 20
226.450954481
 30
0
  0
SPLINE
  5
30E
100
AcDbEntity
  8
Shape2DView
  6
ByLayer
 62
  256
370
   -1
100
AcDbSpline
210
0
220
0
230
0
 70
    8
 71
    1
 72
    4
 73
    2
 74
    0
 42
1e-07
 43
1e-07
 40
0
 40
0
 40
0.4472136
 40
0.4472136
 10
146.576185526
 20
226.450954481
 30
0
 10
146.614208785
 20
226.431944795
 30
0
  0
SPLINE
  5
30F
100
AcDbEntity
  8
Shape2DView
  6
ByLayer
 62
  256
370
   -1
100
AcDbSpline
210
0
220
0
230
0
 70
    8
 71
    1
 72
    4
 73
    2
 74
    0
 42
1e-07
 43
1e-07
 40
0
 40
0
 40
0.4472136
 40
0.4472136
 10
146.614208785
 20
226.431944795
 30
0
 10
146.652232045
 20
226.412935108
 30
0
  0
SPLINE
  5
310
100
AcDbEntity
  8
Shape2DView
  6
ByLayer
 62
  256
370
   -1
100
AcDbSpline
210
0
220
0
230
0
 70
    8
 71
    1
 72
    4
 73
    2
 74
    0
 42
1e-07
 43
1e-07
 40
0
 40
0
 40
0.3605551
 40
0.3605551
 10
146.652232045
 20
226.412935108
 30
0
 10
146.680748939
 20
226.393925421
 30
0
  0
SPLINE
  5
311
100
AcDbEntity
  8
Shape2DView
  6
ByLayer
 62
  256
370
   -1
100
AcDbSpline
210
0
220
0
230
0
 70
    8
 71
    1
 72
    4
 73
    2
 74
    0
 42
1e-07
 43
1e-07
 40
0
 40
0
 40
0.2236068
 40
0.2236068
 10
146.680748939
 20
226.393925421
 30
0
 10
146.690253102
 20
226.374915734
 30
0
  0
SPLINE
  5
312
100
AcDbEntity
  8
Shape2DView
  6
ByLayer
 62
  256
370
   -1
100
AcDbSpline
210
0
220
0
230
0
 70
    8
 71
    1
 72
    4
 73
    2
 74
    0
 42
1e-07
 43
1e-07
 40
0
 40
0
 40
0.1414214
 40
0.1414214
 10
146.690253102
 20
226.374915734
 30
0
 10
146.699758366
 20
226.365410891
 30
0
  0
SPLINE
  5
313
100
AcDbEntity
  8
Shape2DView
  6
ByLayer
 62
  256
370
   -1
100
AcDbSpline
210
0
220
0
230
0
 70
    8
 71
    1
 72
    4
 73
    2
 74
    0
 42
1e-07
 43
1e-07
 40
0
 40
0
 40
0.2828427
 40
0.2828427
 10
146.699758366
 20
226.365410891
 30
0
 10
146.718768894
 20
226.346401204
 30
0
  0
SPLINE
  5
314
100
AcDbEntity
  8
Shape2DView
  6
ByLayer
 62
  256
370
   -1
100
AcDbSpline
210
0
220
0
230
0
 70
    8
 71
    1
 72
    4
 73
    2
 74
    0
 42
1e-07
 43
1e-07
 40
0
 40
0
 40
0.1414214
 40
0.1414214
 10
146.718768894
 20
226.346401204
 30
0
 10
146.728274158
 20
226.33689636
 30
0
  0
SPLINE
  5
315
100
AcDbEntity
  8
Shape2DView
  6
ByLayer
 62
  256
370
   -1
100
AcDbSpline
210
0
220
0
230
0
 70
    8
 71
    1
 72
    4
 73
    2
 74
    0
 42
1e-07
 43
1e-07
 40
0
 40
0
 40
0.2236068
 40
0.2236068
 10
146.728274158
 20
226.33689636
 30
0
 10
146.737778321
 20
226.317886674
 30
0
  0
SPLINE
  5
316
100
AcDbEntity
  8
Shape2DView
  6
ByLayer
 62
  256
370
   -1
100
AcDbSpline
210
0
220
0
230
0
 70
    8
 71
    1
 72
    4
 73
    2
 74
    0
 42
1e-07
 43
1e-07
 40
0
 40
0
 40
0.2236068
 40
0.2236068
 10
146.737778321
 20
226.317886674
 30
0
 10
146.747282484
 20
226.298876987
 30
0
  0
SPLINE
  5
317
100
AcDbEntity
  8
Shape2DView
  6
ByLayer
 62
  256
370
   -1
100
AcDbSpline
210
0
220
0
230
0
 70
    8
 71
    1
 72
    4
 73
    2
 74
    0
 42
1e-07
 43
1e-07
 40
0
 40
0
 40
0.2
 40
0.2
 10
146.747282484
 20
226.298876987
 30
0
 10
146.747280281
 20
226.2798673
 30
0
  0
SPLINE
  5
318
100
AcDbEntity
  8
Shape2DView
  6
ByLayer
 62
  256
370
   -1
100
AcDbSpline
210
0
220
0
230
0
 70
    8
 71
    1
 72
    4
 73
    2
 74
    0
 42
1e-07
 43
1e-07
 40
0
 40
0
 40
0.2236068
 40
0.2236068
 10
146.747280281
 20
226.2798673
 30
0
 10
146.756784444
 20
226.260857613
 30
0
  0
SPLINE
  5
319
100
AcDbEntity
  8
Shape2DView
  6
ByLayer
 62
  256
370
   -1
100
AcDbSpline
210
0
220
0
230
0
 70
    8
 71
    1
 72
    4
 73
    2
 74
    0
 42
1e-07
 43
1e-07
 40
0
 40
0
 40
0.1414214
 40
0.1414214
 10
146.756784444
 20
226.260857613
 30
0
 10
146.766289708
 20
226.25135277
 30
0
  0
SPLINE
  5
31A
100
AcDbEntity
  8
Shape2DView
  6
ByLayer
 62
  256
370
   -1
100
AcDbSpline
210
0
220
0
230
0
 70
    8
 71
    1
 72
    4
 73
    2
 74
    0
 42
1e-07
 43
1e-07
 40
0
 40
0
 40
0.3
 40
0.3
 10
146.766289708
 20
226.25135277
 30
0
 10
146.766286403
 20
226.222838239
 30
0
  0
SPLINE
  5
31B
100
AcDbEntity
  8
Shape2DView
  6
ByLayer
 62
  256
370
   -1
100
AcDbSpline
210
0
220
0
230
0
 70
    8
 71
    1
 72
    4
 73
    2
 74
    0
 42
1e-07
 43
1e-07
 40
0
 40
0
 40
0.2236068
 40
0.2236068
 10
146.766286403
 20
226.222838239
 30
0
 10
146.775790566
 20
226.203828553
 30
0
  0
SPLINE
  5
31C
100
AcDbEntity
  8
Shape2DView
  6
ByLayer
 62
  256
370
   -1
100
AcDbSpline
210
0
220
0
230
0
 70
    8
 71
    1
 72
    4
 73
    2
 74
    0
 42
1e-07
 43
1e-07
 40
0
 40
0
 40
0.2
 40
0.2
 10
146.775790566
 20
226.203828553
 30
0
 10
146.775788363
 20
226.184818866
 30
0
  0
SPLINE
  5
31D
100
AcDbEntity
  8
Shape2DView
  6
ByLayer
 62
  256
370
   -1
100
AcDbSpline
210
0
220
0
230
0
 70
    8
 71
    1
 72
    4
 73
    2
 74
    0
 42
1e-07
 43
1e-07
 40
0
 40
0
 40
0.2236068
 40
0.2236068
 10
146.775788363
 20
226.184818866
 30
0
 10
146.785292526
 20
226.165809179
 30
0
  0
SPLINE
  5
31E
100
AcDbEntity
  8
Shape2DView
  6
ByLayer
 62
  256
370
   -1
100
AcDbSpline
210
0
220
0
230
0
 70
    8
 71
    1
 72
    4
 73
    2
 74
    0
 42
1e-07
 43
1e-07
 40
0
 40
0
 40
0.3
 40
0.3
 10
146.785292526
 20
226.165809179
 30
0
 10
146.785289222
 20
226.137294649
 30
0
  0
SPLINE
  5
31F
100
AcDbEntity
  8
Shape2DView
  6
ByLayer
 62
  256
370
   -1
100
AcDbSpline
210
0
220
0
230
0
 70
    8
 71
    1
 72
    4
 73
    2
 74
    0
 42
1e-07
 43
1e-07
 40
0
 40
0
 40
0.2
 40
0.2
 10
146.785289222
 20
226.137294649
 30
0
 10
146.785287019
 20
226.118284962
 30
0
  0
SPLINE
  5
320
100
AcDbEntity
  8
Shape2DView
  6
ByLayer
 62
  256
370
   -1
100
AcDbSpline
210
0
220
0
230
0
 70
    8
 71
    1
 72
    4
 73
    2
 74
    0
 42
1e-07
 43
1e-07
 40
0
 40
0
 40
0.3
 40
0.3
 10
146.785287019
 20
226.118284962
 30
0
 10
146.785283714
 20
226.089770432
 30
0
  0
SPLINE
  5
321
100
AcDbEntity
  8
Shape2DView
  6
ByLayer
 62
  256
370
   -1
100
AcDbSpline
210
0
220
0
230
0
 70
    8
 71
    1
 72
    4
 73
    2
 74
    0
 42
1e-07
 43
1e-07
 40
0
 40
0
 40
0.5
 40
0.5
 10
146.785283714
 20
226.089770432
 30
0
 10
146.785278207
 20
226.042246215
 30
0
  0
SPLINE
  5
322
100
AcDbEntity
  8
Shape2DView
  6
ByLayer
 62
  256
370
   -1
100
AcDbSpline
210
0
220
0
230
0
 70
    8
 71
    1
 72
    4
 73
    2
 74
    0
 42
1e-07
 43
1e-07
 40
0
 40
0
 40
0.6082763
 40
0.6082763
 10
146.785278207
 20
226.042246215
 30
0
 10
146.775765233
 20
225.985217154
 30
0
  0
SPLINE
  5
323
100
AcDbEntity
  8
Shape2DView
  6
ByLayer
 62
  256
370
   -1
100
AcDbSpline
210
0
220
0
230
0
 70
    8
 71
    1
 72
    4
 73
    2
 74
    0
 42
1e-07
 43
1e-07
 40
0
 40
0
 40
0.2236068
 40
0.2236068
 10
146.775765233
 20
225.985217154
 30
0
 10
146.7567514
 20
225.975712311
 30
0
  0
SPLINE
  5
324
100
AcDbEntity
  8
Shape2DView
  6
ByLayer
 62
  256
370
   -1
100
AcDbSpline
210
0
220
0
230
0
 70
    8
 71
    1
 72
    4
 73
    2
 74
    0
 42
1e-07
 43
1e-07
 40
0
 40
0
 40
0.1414214
 40
0.1414214
 10
146.7567514
 20
225.975712311
 30
0
 10
146.747243933
 20
225.966207467
 30
0
  0
SPLINE
  5
325
100
AcDbEntity
  8
Shape2DView
  6
ByLayer
 62
  256
370
   -1
100
AcDbSpline
210
0
220
0
230
0
 70
    8
 71
    1
 72
    4
 73
    2
 74
    0
 42
1e-07
 43
1e-07
 40
0
 40
0
 40
0.3605551
 40
0.3605551
 10
146.747243933
 20
225.966207467
 30
0
 10
146.718722633
 20
225.94719778
 30
0
  0
SPLINE
  5
326
100
AcDbEntity
  8
Shape2DView
  6
ByLayer
 62
  256
370
   -1
100
AcDbSpline
210
0
220
0
230
0
 70
    8
 71
    1
 72
    4
 73
    2
 74
    0
 42
1e-07
 43
1e-07
 40
0
 40
0
 40
0.2236068
 40
0.2236068
 10
146.718722633
 20
225.94719778
 30
0
 10
146.709214064
 20
225.928188094
 30
0
  0
SPLINE
  5
327
100
AcDbEntity
  8
Shape2DView
  6
ByLayer
 62
  256
370
   -1
100
AcDbSpline
210
0
220
0
230
0
 70
    8
 71
    1
 72
    4
 73
    2
 74
    0
 42
1e-07
 43
1e-07
 40
0
 40
0
 40
0.2236068
 40
0.2236068
 10
146.709214064
 20
225.928188094
 30
0
 10
146.690200232
 20
225.91868325
 30
0
  0
SPLINE
  5
328
100
AcDbEntity
  8
Shape2DView
  6
ByLayer
 62
  256
370
   -1
100
AcDbSpline
210
0
220
0
230
0
 70
    8
 71
    1
 72
    4
 73
    2
 74
    0
 42
1e-07
 43
1e-07
 40
0
 40
0
 40
0.2828427
 40
0.2828427
 10
146.690200232
 20
225.91868325
 30
0
 10
146.671185298
 20
225.899673563
 30
0
  0
SPLINE
  5
329
100
AcDbEntity
  8
Shape2DView
  6
ByLayer
 62
  256
370
   -1
100
AcDbSpline
210
0
220
0
230
0
 70
    8
 71
    1
 72
    4
 73
    2
 74
    0
 42
1e-07
 43
1e-07
 40
0
 40
0
 40
0.1414214
 40
0.1414214
 10
146.671185298
 20
225.899673563
 30
0
 10
146.66167783
 20
225.89016872
 30
0
  0
SPLINE
  5
32A
100
AcDbEntity
  8
Shape2DView
  6
ByLayer
 62
  256
370
   -1
100
AcDbSpline
210
0
220
0
230
0
 70
    8
 71
    1
 72
    4
 73
    2
 74
    0
 42
1e-07
 43
1e-07
 40
0
 40
0
 40
0.1414214
 40
0.1414214
 10
146.66167783
 20
225.89016872
 30
0
 10
146.652170363
 20
225.880663877
 30
0
  0
SPLINE
  5
32B
100
AcDbEntity
  8
Shape2DView
  6
ByLayer
 62
  256
370
   -1
100
AcDbSpline
210
0
220
0
230
0
 70
    8
 71
    1
 72
    4
 73
    2
 74
    0
 42
1e-07
 43
1e-07
 40
0
 40
0
 40
0.2
 40
0.2
 10
146.652170363
 20
225.880663877
 30
0
 10
146.65216816
 20
225.86165419
 30
0
  0
SPLINE
  5
32C
100
AcDbEntity
  8
Shape2DView
  6
ByLayer
 62
  256
370
   -1
100
AcDbSpline
210
0
220
0
230
0
 70
    8
 71
    1
 72
    4
 73
    2
 74
    0
 42
1e-07
 43
1e-07
 40
0
 40
0
 40
0.1414214
 40
0.1414214
 10
146.65216816
 20
225.86165419
 30
0
 10
146.642660693
 20
225.852149346
 30
0
  0
SPLINE
  5
32D
100
AcDbEntity
  8
Shape2DView
  6
ByLayer
 62
  256
370
   -1
100
AcDbSpline
210
0
220
0
230
0
 70
    8
 71
    1
 72
    4
 73
    2
 74
    0
 42
1e-07
 43
1e-07
 40
0
 40
0
 40
0.2236068
 40
0.2236068
 10
146.642660693
 20
225.852149346
 30
0
 10
146.633152125
 20
225.833139659
 30
0
  0
SPLINE
  5
32E
100
AcDbEntity
  8
Shape2DView
  6
ByLayer
 62
  256
370
   -1
100
AcDbSpline
210
0
220
0
230
0
 70
    8
 71
    1
 72
    4
 73
    2
 74
    0
 42
1e-07
 43
1e-07
 40
0
 40
0
 40
0.2
 40
0.2
 10
146.633152125
 20
225.833139659
 30
0
 10
146.633149922
 20
225.814129973
 30
0
  0
SPLINE
  5
32F
100
AcDbEntity
  8
Shape2DView
  6
ByLayer
 62
  256
370
   -1
100
AcDbSpline
210
0
220
0
230
0
 70
    8
 71
    1
 72
    4
 73
    2
 74
    0
 42
1e-07
 43
1e-07
 40
0
 40
0
 40
0.1414214
 40
0.1414214
 10
146.633149922
 20
225.814129973
 30
0
 10
146.623642455
 20
225.804625129
 30
0
  0
SPLINE
  5
330
100
AcDbEntity
  8
Shape2DView
  6
ByLayer
 62
  256
370
   -1
100
AcDbSpline
210
0
220
0
230
0
 70
    8
 71
    1
 72
    4
 73
    2
 74
    0
 42
1e-07
 43
1e-07
 40
0
 40
0
 40
1.3453624
 40
1.3453624
 10
146.623642455
 20
225.804625129
 30
0
 10
146.53807415
 20
225.709576695
 30
0
  0
SPLINE
  5
331
100
AcDbEntity
  8
Shape2DView
  6
ByLayer
 62
  256
370
   -1
100
AcDbSpline
210
0
220
0
230
0
 70
    8
 71
    1
 72
    4
 73
    2
 74
    0
 42
1e-07
 43
1e-07
 40
0
 40
0
 40
0.3605551
 40
0.3605551
 10
146.53807415
 20
225.709576695
 30
0
 10
146.50955285
 20
225.690567008
 30
0
  0
SPLINE
  5
332
100
AcDbEntity
  8
Shape2DView
  6
ByLayer
 62
  256
370
   -1
100
AcDbSpline
210
0
220
0
230
0
 70
    8
 71
    1
 72
    4
 73
    2
 74
    0
 42
1e-07
 43
1e-07
 40
0
 40
0
 40
0.1414214
 40
0.1414214
 10
146.50955285
 20
225.690567008
 30
0
 10
146.500045383
 20
225.681062165
 30
0
  0
SPLINE
  5
333
100
AcDbEntity
  8
Shape2DView
  6
ByLayer
 62
  256
370
   -1
100
AcDbSpline
210
0
220
0
230
0
 70
    8
 71
    1
 72
    4
 73
    2
 74
    0
 42
1e-07
 43
1e-07
 40
0
 40
0
 40
0.2236068
 40
0.2236068
 10
146.500045383
 20
225.681062165
 30
0
 10
146.490536814
 20
225.662052478
 30
0
  0
SPLINE
  5
334
100
AcDbEntity
  8
Shape2DView
  6
ByLayer
 62
  256
370
   -1
100
AcDbSpline
210
0
220
0
230
0
 70
    8
 71
    1
 72
    4
 73
    2
 74
    0
 42
1e-07
 43
1e-07
 40
0
 40
0
 40
0.7071067999999999
 40
0.7071067999999999
 10
146.490536814
 20
225.662052478
 30
0
 10
146.442999479
 20
225.614528261
 30
0
  0
SPLINE
  5
335
100
AcDbEntity
  8
Shape2DView
  6
ByLayer
 62
  256
370
   -1
100
AcDbSpline
210
0
220
0
230
0
 70
    8
 71
    1
 72
    4
 73
    2
 74
    0
 42
1e-07
 43
1e-07
 40
0
 40
0
 40
0.6403124
 40
0.6403124
 10
146.442999479
 20
225.614528261
 30
0
 10
146.395463245
 20
225.576508887
 30
0
  0
SPLINE
  5
336
100
AcDbEntity
  8
Shape2DView
  6
ByLayer
 62
  256
370
   -1
100
AcDbSpline
210
0
220
0
230
0
 70
    8
 71
    1
 72
    4
 73
    2
 74
    0
 42
1e-07
 43
1e-07
 40
0
 40
0
 40
0.7071067999999999
 40
0.7071067999999999
 10
146.395463245
 20
225.576508887
 30
0
 10
146.347925909
 20
225.52898467
 30
0
  0
SPLINE
  5
337
100
AcDbEntity
  8
Shape2DView
  6
ByLayer
 62
  256
370
   -1
100
AcDbSpline
210
0
220
0
230
0
 70
    8
 71
    1
 72
    4
 73
    2
 74
    0
 42
1e-07
 43
1e-07
 40
0
 40
0
 40
0.7071067999999999
 40
0.7071067999999999
 10
146.347925909
 20
225.52898467
 30
0
 10
146.300388574
 20
225.481460453
 30
0
  0
SPLINE
  5
338
100
AcDbEntity
  8
Shape2DView
  6
ByLayer
 62
  256
370
   -1
100
AcDbSpline
210
0
220
0
230
0
 70
    8
 71
    1
 72
    4
 73
    2
 74
    0
 42
1e-07
 43
1e-07
 40
0
 40
0
 40
0.2828427
 40
0.2828427
 10
146.300388574
 20
225.481460453
 30
0
 10
146.28137364
 20
225.462450766
 30
0
  0
SPLINE
  5
339
100
AcDbEntity
  8
Shape2DView
  6
ByLayer
 62
  256
370
   -1
100
AcDbSpline
210
0
220
0
230
0
 70
    8
 71
    1
 72
    4
 73
    2
 74
    0
 42
1e-07
 43
1e-07
 40
0
 40
0
 40
0.4242641
 40
0.4242641
 10
146.28137364
 20
225.462450766
 30
0
 10
146.252851238
 20
225.433936236
 30
0
  0
SPLINE
  5
33A
100
AcDbEntity
  8
Shape2DView
  6
ByLayer
 62
  256
370
   -1
100
AcDbSpline
210
0
220
0
230
0
 70
    8
 71
    1
 72
    4
 73
    2
 74
    0
 42
1e-07
 43
1e-07
 40
0
 40
0
 40
0.5656854
 40
0.5656854
 10
146.252851238
 20
225.433936236
 30
0
 10
146.21482137
 20
225.395916862
 30
0
  0
SPLINE
  5
33B
100
AcDbEntity
  8
Shape2DView
  6
ByLayer
 62
  256
370
   -1
100
AcDbSpline
210
0
220
0
230
0
 70
    8
 71
    1
 72
    4
 73
    2
 74
    0
 42
1e-07
 43
1e-07
 40
0
 40
0
 40
0.7071067999999999
 40
0.7071067999999999
 10
146.21482137
 20
225.395916862
 30
0
 10
146.167284034
 20
225.348392645
 30
0
  0
SPLINE
  5
33C
100
AcDbEntity
  8
Shape2DView
  6
ByLayer
 62
  256
370
   -1
100
AcDbSpline
210
0
220
0
230
0
 70
    8
 71
    1
 72
    4
 73
    2
 74
    0
 42
1e-07
 43
1e-07
 40
0
 40
0
 40
4.2520583
 40
4.2520583
 10
146.167284034
 20
225.348392645
 30
0
 10
145.863049493
 20
225.08225703
 30
0
  0
SPLINE
  5
33D
100
AcDbEntity
  8
Shape2DView
  6
ByLayer
 62
  256
370
   -1
100
AcDbSpline
210
0
220
0
230
0
 70
    8
 71
    1
 72
    4
 73
    2
 74
    0
 42
1e-07
 43
1e-07
 40
0
 40
0
 40
1.5
 40
1.5
 10
145.863049493
 20
225.08225703
 30
0
 10
145.863032972
 20
224.939684378
 30
0
  0
SPLINE
  5
33E
100
AcDbEntity
  8
Shape2DView
  6
ByLayer
 62
  256
370
   -1
100
AcDbSpline
210
0
220
0
230
0
 70
    8
 71
    1
 72
    4
 73
    2
 74
    0
 42
1e-07
 43
1e-07
 40
0
 40
0
 40
3.3301652
 40
3.3301652
 10
145.863032972
 20
224.939684378
 30
0
 10
146.10066788
 20
224.730577823
 30
0
  0
SPLINE
  5
33F
100
AcDbEntity
  8
Shape2DView
  6
ByLayer
 62
  256
370
   -1
100
AcDbSpline
210
0
220
0
230
0
 70
    8
 71
    1
 72
    4
 73
    2
 74
    0
 42
1e-07
 43
1e-07
 40
0
 40
0
 40
0.09999999999999999
 40
0.09999999999999999
 10
146.10066788
 20
224.730577823
 30
0
 10
146.110174246
 20
224.730577823
 30
0
  0
SPLINE
  5
340
100
AcDbEntity
  8
Shape2DView
  6
ByLayer
 62
  256
370
   -1
100
AcDbSpline
210
0
220
0
230
0
 70
    8
 71
    1
 72
    4
 73
    2
 74
    0
 42
1e-07
 43
1e-07
 40
0
 40
0
 40
4.4687806
 40
4.4687806
 10
146.110174246
 20
224.730577823
 30
0
 10
146.43342262
 20
225.006218282
 30
0
  0
SPLINE
  5
341
100
AcDbEntity
  8
Shape2DView
  6
ByLayer
 62
  256
370
   -1
100
AcDbSpline
210
0
220
0
230
0
 70
    8
 71
    1
 72
    4
 73
    2
 74
    0
 42
1e-07
 43
1e-07
 40
0
 40
0
 40
1.2806248
 40
1.2806248
 10
146.43342262
 20
225.006218282
 30
0
 10
146.528495088
 20
225.08225703
 30
0
  0
SPLINE
  5
342
100
AcDbEntity
  8
Shape2DView
  6
ByLayer
 62
  256
370
   -1
100
AcDbSpline
210
0
220
0
230
0
 70
    8
 71
    1
 72
    4
 73
    2
 74
    0
 42
1e-07
 43
1e-07
 40
0
 40
0
 40
1.2806248
 40
1.2806248
 10
146.528495088
 20
225.08225703
 30
0
 10
146.623567556
 20
225.158295777
 30
0
  0
SPLINE
  5
343
100
AcDbEntity
  8
Shape2DView
  6
ByLayer
 62
  256
370
   -1
100
AcDbSpline
210
0
220
0
230
0
 70
    8
 71
    1
 72
    4
 73
    2
 74
    0
 42
1e-07
 43
1e-07
 40
0
 40
0
 40
1.3453624
 40
1.3453624
 10
146.623567556
 20
225.158295777
 30
0
 10
146.718641125
 20
225.243839368
 30
0
  0
SPLINE
  5
344
100
AcDbEntity
  8
Shape2DView
  6
ByLayer
 62
  256
370
   -1
100
AcDbSpline
210
0
220
0
230
0
 70
    8
 71
    1
 72
    4
 73
    2
 74
    0
 42
1e-07
 43
1e-07
 40
0
 40
0
 40
1.3601471
 40
1.3601471
 10
146.718641125
 20
225.243839368
 30
0
 10
146.823219959
 20
225.319878115
 30
0
  0
SPLINE
  5
345
100
AcDbEntity
  8
Shape2DView
  6
ByLayer
 62
  256
370
   -1
100
AcDbSpline
210
0
220
0
230
0
 70
    8
 71
    1
 72
    4
 73
    2
 74
    0
 42
1e-07
 43
1e-07
 40
0
 40
0
 40
1.421267
 40
1.421267
 10
146.823219959
 20
225.319878115
 30
0
 10
146.927799894
 20
225.405421706
 30
0
  0
SPLINE
  5
346
100
AcDbEntity
  8
Shape2DView
  6
ByLayer
 62
  256
370
   -1
100
AcDbSpline
210
0
220
0
230
0
 70
    8
 71
    1
 72
    4
 73
    2
 74
    0
 42
1e-07
 43
1e-07
 40
0
 40
0
 40
0.09999999999999999
 40
0.09999999999999999
 10
146.927799894
 20
225.405421706
 30
0
 10
146.937306259
 20
225.405421706
 30
0
  0
SPLINE
  5
347
100
AcDbEntity
  8
Shape2DView
  6
ByLayer
 62
  256
370
   -1
100
AcDbSpline
210
0
220
0
230
0
 70
    8
 71
    1
 72
    4
 73
    2
 74
    0
 42
1e-07
 43
1e-07
 40
0
 40
0
 40
0.2
 40
0.2
 10
146.937306259
 20
225.405421706
 30
0
 10
146.956318991
 20
225.405421706
 30
0
  0
SPLINE
  5
348
100
AcDbEntity
  8
Shape2DView
  6
ByLayer
 62
  256
370
   -1
100
AcDbSpline
210
0
220
0
230
0
 70
    8
 71
    1
 72
    4
 73
    2
 74
    0
 42
1e-07
 43
1e-07
 40
0
 40
0
 40
0.09999999999999999
 40
0.09999999999999999
 10
146.956318991
 20
225.405421706
 30
0
 10
146.965825356
 20
225.405421706
 30
0
  0
SPLINE
  5
349
100
AcDbEntity
  8
Shape2DView
  6
ByLayer
 62
  256
370
   -1
100
AcDbSpline
210
0
220
0
230
0
 70
    8
 71
    1
 72
    4
 73
    2
 74
    0
 42
1e-07
 43
1e-07
 40
0
 40
0
 40
0.09999999999999999
 40
0.09999999999999999
 10
146.965825356
 20
225.405421706
 30
0
 10
146.975331722
 20
225.405421706
 30
0
  0
SPLINE
  5
34A
100
AcDbEntity
  8
Shape2DView
  6
ByLayer
 62
  256
370
   -1
100
AcDbSpline
210
0
220
0
230
0
 70
    8
 71
    1
 72
    4
 73
    2
 74
    0
 42
1e-07
 43
1e-07
 40
0
 40
0
 40
0.2
 40
0.2
 10
146.975331722
 20
225.405421706
 30
0
 10
146.994344453
 20
225.405421706
 30
0
  0
SPLINE
  5
34B
100
AcDbEntity
  8
Shape2DView
  6
ByLayer
 62
  256
370
   -1
100
AcDbSpline
210
0
220
0
230
0
 70
    8
 71
    1
 72
    4
 73
    2
 74
    0
 42
1e-07
 43
1e-07
 40
0
 40
0
 40
0.3162278
 40
0.3162278
 10
146.994344453
 20
225.405421706
 30
0
 10
147.022864651
 20
225.414926549
 30
0
  0
SPLINE
  5
34C
100
AcDbEntity
  8
Shape2DView
  6
ByLayer
 62
  256
370
   -1
100
AcDbSpline
210
0
220
0
230
0
 70
    8
 71
    1
 72
    4
 73
    2
 74
    0
 42
1e-07
 43
1e-07
 40
0
 40
0
 40
0.2
 40
0.2
 10
147.022864651
 20
225.414926549
 30
0
 10
147.041877383
 20
225.414926549
 30
0
  0
SPLINE
  5
34D
100
AcDbEntity
  8
Shape2DView
  6
ByLayer
 62
  256
370
   -1
100
AcDbSpline
210
0
220
0
230
0
 70
    8
 71
    1
 72
    4
 73
    2
 74
    0
 42
1e-07
 43
1e-07
 40
0
 40
0
 40
0.2236068
 40
0.2236068
 10
147.041877383
 20
225.414926549
 30
0
 10
147.060891215
 20
225.424431393
 30
0
  0
SPLINE
  5
34E
100
AcDbEntity
  8
Shape2DView
  6
ByLayer
 62
  256
370
   -1
100
AcDbSpline
210
0
220
0
230
0
 70
    8
 71
    1
 72
    4
 73
    2
 74
    0
 42
1e-07
 43
1e-07
 40
0
 40
0
 40
0.2
 40
0.2
 10
147.060891215
 20
225.424431393
 30
0
 10
147.079903947
 20
225.424431393
 30
0
  0
SPLINE
  5
34F
100
AcDbEntity
  8
Shape2DView
  6
ByLayer
 62
  256
370
   -1
100
AcDbSpline
210
0
220
0
230
0
 70
    8
 71
    1
 72
    4
 73
    2
 74
    0
 42
1e-07
 43
1e-07
 40
0
 40
0
 40
0.1414214
 40
0.1414214
 10
147.079903947
 20
225.424431393
 30
0
 10
147.089411414
 20
225.433936236
 30
0
  0
SPLINE
  5
350
100
AcDbEntity
  8
Shape2DView
  6
ByLayer
 62
  256
370
   -1
100
AcDbSpline
210
0
220
0
230
0
 70
    8
 71
    1
 72
    4
 73
    2
 74
    0
 42
1e-07
 43
1e-07
 40
0
 40
0
 40
0.09999999999999999
 40
0.09999999999999999
 10
147.089411414
 20
225.433936236
 30
0
 10
147.098917779
 20
225.433936236
 30
0
  0
SPLINE
  5
351
100
AcDbEntity
  8
Shape2DView
  6
ByLayer
 62
  256
370
   -1
100
AcDbSpline
210
0
220
0
230
0
 70
    8
 71
    1
 72
    4
 73
    2
 74
    0
 42
1e-07
 43
1e-07
 40
0
 40
0
 40
0.1414214
 40
0.1414214
 10
147.098917779
 20
225.433936236
 30
0
 10
147.108425246
 20
225.443441079
 30
0
  0
SPLINE
  5
352
100
AcDbEntity
  8
Shape2DView
  6
ByLayer
 62
  256
370
   -1
100
AcDbSpline
210
0
220
0
230
0
 70
    8
 71
    1
 72
    4
 73
    2
 74
    0
 42
1e-07
 43
1e-07
 40
0
 40
0
 40
0.3162278
 40
0.3162278
 10
147.108425246
 20
225.443441079
 30
0
 10
147.136945445
 20
225.452945923
 30
0
  0
SPLINE
  5
353
100
AcDbEntity
  8
Shape2DView
  6
ByLayer
 62
  256
370
   -1
100
AcDbSpline
210
0
220
0
230
0
 70
    8
 71
    1
 72
    4
 73
    2
 74
    0
 42
1e-07
 43
1e-07
 40
0
 40
0
 40
0.3162278
 40
0.3162278
 10
147.136945445
 20
225.452945923
 30
0
 10
147.165465643
 20
225.462450766
 30
0
  0
SPLINE
  5
354
100
AcDbEntity
  8
Shape2DView
  6
ByLayer
 62
  256
370
   -1
100
AcDbSpline
210
0
220
0
230
0
 70
    8
 71
    1
 72
    4
 73
    2
 74
    0
 42
1e-07
 43
1e-07
 40
0
 40
0
 40
0.3162278
 40
0.3162278
 10
147.165465643
 20
225.462450766
 30
0
 10
147.193985841
 20
225.47195561
 30
0
  0
SPLINE
  5
355
100
AcDbEntity
  8
Shape2DView
  6
ByLayer
 62
  256
370
   -1
100
AcDbSpline
210
0
220
0
230
0
 70
    8
 71
    1
 72
    4
 73
    2
 74
    0
 42
1e-07
 43
1e-07
 40
0
 40
0
 40
0.3605551
 40
0.3605551
 10
147.193985841
 20
225.47195561
 30
0
 10
147.222507141
 20
225.490965296
 30
0
  0
SPLINE
  5
356
100
AcDbEntity
  8
Shape2DView
  6
ByLayer
 62
  256
370
   -1
100
AcDbSpline
210
0
220
0
230
0
 70
    8
 71
    1
 72
    4
 73
    2
 74
    0
 42
1e-07
 43
1e-07
 40
0
 40
0
 40
0.2
 40
0.2
 10
147.222507141
 20
225.490965296
 30
0
 10
147.241519873
 20
225.490965296
 30
0
  0
SPLINE
  5
357
100
AcDbEntity
  8
Shape2DView
  6
ByLayer
 62
  256
370
   -1
100
AcDbSpline
210
0
220
0
230
0
 70
    8
 71
    1
 72
    4
 73
    2
 74
    0
 42
1e-07
 43
1e-07
 40
0
 40
0
 40
0.2236068
 40
0.2236068
 10
147.241519873
 20
225.490965296
 30
0
 10
147.260533705
 20
225.50047014
 30
0
  0
SPLINE
  5
358
100
AcDbEntity
  8
Shape2DView
  6
ByLayer
 62
  256
370
   -1
100
AcDbSpline
210
0
220
0
230
0
 70
    8
 71
    1
 72
    4
 73
    2
 74
    0
 42
1e-07
 43
1e-07
 40
0
 40
0
 40
0.3605551
 40
0.3605551
 10
147.260533705
 20
225.50047014
 30
0
 10
147.289055005
 20
225.519479827
 30
0
  0
SPLINE
  5
359
100
AcDbEntity
  8
Shape2DView
  6
ByLayer
 62
  256
370
   -1
100
AcDbSpline
210
0
220
0
230
0
 70
    8
 71
    1
 72
    4
 73
    2
 74
    0
 42
1e-07
 43
1e-07
 40
0
 40
0
 40
0.09999999999999999
 40
0.09999999999999999
 10
147.289055005
 20
225.519479827
 30
0
 10
147.298561371
 20
225.519479827
 30
0
  0
SPLINE
  5
35A
100
AcDbEntity
  8
Shape2DView
  6
ByLayer
 62
  256
370
   -1
100
AcDbSpline
210
0
220
0
230
0
 70
    8
 71
    1
 72
    4
 73
    2
 74
    0
 42
1e-07
 43
1e-07
 40
0
 40
0
 40
0.1414214
 40
0.1414214
 10
147.298561371
 20
225.519479827
 30
0
 10
147.308068838
 20
225.52898467
 30
0
  0
SPLINE
  5
35B
100
AcDbEntity
  8
Shape2DView
  6
ByLayer
 62
  256
370
   -1
100
AcDbSpline
210
0
220
0
230
0
 70
    8
 71
    1
 72
    4
 73
    2
 74
    0
 42
1e-07
 43
1e-07
 40
0
 40
0
 40
0.1414214
 40
0.1414214
 10
147.308068838
 20
225.52898467
 30
0
 10
147.317576305
 20
225.538489514
 30
0
  0
SPLINE
  5
35C
100
AcDbEntity
  8
Shape2DView
  6
ByLayer
 62
  256
370
   -1
100
AcDbSpline
210
0
220
0
230
0
 70
    8
 71
    1
 72
    4
 73
    2
 74
    0
 42
1e-07
 43
1e-07
 40
0
 40
0
 40
0.2
 40
0.2
 10
147.317576305
 20
225.538489514
 30
0
 10
147.336589036
 20
225.538489514
 30
0
  0
SPLINE
  5
35D
100
AcDbEntity
  8
Shape2DView
  6
ByLayer
 62
  256
370
   -1
100
AcDbSpline
210
0
220
0
230
0
 70
    8
 71
    1
 72
    4
 73
    2
 74
    0
 42
1e-07
 43
1e-07
 40
0
 40
0
 40
0.2
 40
0.2
 10
147.336589036
 20
225.538489514
 30
0
 10
147.355601767
 20
225.538489514
 30
0
  0
SPLINE
  5
35E
100
AcDbEntity
  8
Shape2DView
  6
ByLayer
 62
  256
370
   -1
100
AcDbSpline
210
0
220
0
230
0
 70
    8
 71
    1
 72
    4
 73
    2
 74
    0
 42
1e-07
 43
1e-07
 40
0
 40
0
 40
0.09999999999999999
 40
0.09999999999999999
 10
147.355601767
 20
225.538489514
 30
0
 10
147.365108133
 20
225.538489514
 30
0
  0
SPLINE
  5
35F
100
AcDbEntity
  8
Shape2DView
  6
ByLayer
 62
  256
370
   -1
100
AcDbSpline
210
0
220
0
230
0
 70
    8
 71
    1
 72
    4
 73
    2
 74
    0
 42
1e-07
 43
1e-07
 40
0
 40
0
 40
0.2
 40
0.2
 10
147.365108133
 20
225.538489514
 30
0
 10
147.384120864
 20
225.538489514
 30
0
  0
SPLINE
  5
360
100
AcDbEntity
  8
Shape2DView
  6
ByLayer
 62
  256
370
   -1
100
AcDbSpline
210
0
220
0
230
0
 70
    8
 71
    1
 72
    4
 73
    2
 74
    0
 42
1e-07
 43
1e-07
 40
0
 40
0
 40
0.09999999999999999
 40
0.09999999999999999
 10
147.384120864
 20
225.538489514
 30
0
 10
147.39362723
 20
225.538489514
 30
0
  0
SPLINE
  5
361
100
AcDbEntity
  8
Shape2DView
  6
ByLayer
 62
  256
370
   -1
100
AcDbSpline
210
0
220
0
230
0
 70
    8
 71
    1
 72
    4
 73
    2
 74
    0
 42
1e-07
 43
1e-07
 40
0
 40
0
 40
0.1414214
 40
0.1414214
 10
147.39362723
 20
225.538489514
 30
0
 10
147.403132494
 20
225.52898467
 30
0
  0
SPLINE
  5
362
100
AcDbEntity
  8
Shape2DView
  6
ByLayer
 62
  256
370
   -1
100
AcDbSpline
210
0
220
0
230
0
 70
    8
 71
    1
 72
    4
 73
    2
 74
    0
 42
1e-07
 43
1e-07
 40
0
 40
0
 40
0.2236068
 40
0.2236068
 10
147.403132494
 20
225.52898467
 30
0
 10
147.422144124
 20
225.519479827
 30
0
  0
SPLINE
  5
363
100
AcDbEntity
  8
Shape2DView
  6
ByLayer
 62
  256
370
   -1
100
AcDbSpline
210
0
220
0
230
0
 70
    8
 71
    1
 72
    4
 73
    2
 74
    0
 42
1e-07
 43
1e-07
 40
0
 40
0
 40
0.1414214
 40
0.1414214
 10
147.422144124
 20
225.519479827
 30
0
 10
147.431649388
 20
225.509974983
 30
0
  0
SPLINE
  5
364
100
AcDbEntity
  8
Shape2DView
  6
ByLayer
 62
  256
370
   -1
100
AcDbSpline
210
0
220
0
230
0
 70
    8
 71
    1
 72
    4
 73
    2
 74
    0
 42
1e-07
 43
1e-07
 40
0
 40
0
 40
0.1414214
 40
0.1414214
 10
147.431649388
 20
225.509974983
 30
0
 10
147.441154652
 20
225.50047014
 30
0
  0
SPLINE
  5
365
100
AcDbEntity
  8
Shape2DView
  6
ByLayer
 62
  256
370
   -1
100
AcDbSpline
210
0
220
0
230
0
 70
    8
 71
    1
 72
    4
 73
    2
 74
    0
 42
1e-07
 43
1e-07
 40
0
 40
0
 40
0.1414214
 40
0.1414214
 10
147.441154652
 20
225.50047014
 30
0
 10
147.450659916
 20
225.490965296
 30
0
  0
SPLINE
  5
366
100
AcDbEntity
  8
Shape2DView
  6
ByLayer
 62
  256
370
   -1
100
AcDbSpline
210
0
220
0
230
0
 70
    8
 71
    1
 72
    4
 73
    2
 74
    0
 42
1e-07
 43
1e-07
 40
0
 40
0
 40
0.2236068
 40
0.2236068
 10
147.450659916
 20
225.490965296
 30
0
 10
147.460164079
 20
225.47195561
 30
0
  0
SPLINE
  5
367
100
AcDbEntity
  8
Shape2DView
  6
ByLayer
 62
  256
370
   -1
100
AcDbSpline
210
0
220
0
230
0
 70
    8
 71
    1
 72
    4
 73
    2
 74
    0
 42
1e-07
 43
1e-07
 40
0
 40
0
 40
0.1414214
 40
0.1414214
 10
147.460164079
 20
225.47195561
 30
0
 10
147.469669343
 20
225.462450766
 30
0
  0
SPLINE
  5
368
100
AcDbEntity
  8
Shape2DView
  6
ByLayer
 62
  256
370
   -1
100
AcDbSpline
210
0
220
0
230
0
 70
    8
 71
    1
 72
    4
 73
    2
 74
    0
 42
1e-07
 43
1e-07
 40
0
 40
0
 40
0.2236068
 40
0.2236068
 10
147.469669343
 20
225.462450766
 30
0
 10
147.479173506
 20
225.443441079
 30
0
  0
SPLINE
  5
369
100
AcDbEntity
  8
Shape2DView
  6
ByLayer
 62
  256
370
   -1
100
AcDbSpline
210
0
220
0
230
0
 70
    8
 71
    1
 72
    4
 73
    2
 74
    0
 42
1e-07
 43
1e-07
 40
0
 40
0
 40
0.2
 40
0.2
 10
147.479173506
 20
225.443441079
 30
0
 10
147.479171303
 20
225.424431393
 30
0
  0
SPLINE
  5
36A
100
AcDbEntity
  8
Shape2DView
  6
ByLayer
 62
  256
370
   -1
100
AcDbSpline
210
0
220
0
230
0
 70
    8
 71
    1
 72
    4
 73
    2
 74
    0
 42
1e-07
 43
1e-07
 40
0
 40
0
 40
0.3162278
 40
0.3162278
 10
147.479171303
 20
225.424431393
 30
0
 10
147.488674364
 20
225.395916862
 30
0
  0
SPLINE
  5
36B
100
AcDbEntity
  8
Shape2DView
  6
ByLayer
 62
  256
370
   -1
100
AcDbSpline
210
0
220
0
230
0
 70
    8
 71
    1
 72
    4
 73
    2
 74
    0
 42
1e-07
 43
1e-07
 40
0
 40
0
 40
0.2236068
 40
0.2236068
 10
147.488674364
 20
225.395916862
 30
0
 10
147.498178527
 20
225.376907175
 30
0
  0
SPLINE
  5
36C
100
AcDbEntity
  8
Shape2DView
  6
ByLayer
 62
  256
370
   -1
100
AcDbSpline
210
0
220
0
230
0
 70
    8
 71
    1
 72
    4
 73
    2
 74
    0
 42
1e-07
 43
1e-07
 40
0
 40
0
 40
0.5
 40
0.5
 10
147.498178527
 20
225.376907175
 30
0
 10
147.536200685
 20
225.348392645
 30
0
  0
SPLINE
  5
36D
100
AcDbEntity
  8
Shape2DView
  6
ByLayer
 62
  256
370
   -1
100
AcDbSpline
210
0
220
0
230
0
 70
    8
 71
    1
 72
    4
 73
    2
 74
    0
 42
1e-07
 43
1e-07
 40
0
 40
0
 40
0.2236068
 40
0.2236068
 10
147.536200685
 20
225.348392645
 30
0
 10
147.545704848
 20
225.329382958
 30
0
  0
SPLINE
  5
36E
100
AcDbEntity
  8
Shape2DView
  6
ByLayer
 62
  256
370
   -1
100
AcDbSpline
210
0
220
0
230
0
 70
    8
 71
    1
 72
    4
 73
    2
 74
    0
 42
1e-07
 43
1e-07
 40
0
 40
0
 40
0.2828427
 40
0.2828427
 10
147.545704848
 20
225.329382958
 30
0
 10
147.564715376
 20
225.310373272
 30
0
  0
SPLINE
  5
36F
100
AcDbEntity
  8
Shape2DView
  6
ByLayer
 62
  256
370
   -1
100
AcDbSpline
210
0
220
0
230
0
 70
    8
 71
    1
 72
    4
 73
    2
 74
    0
 42
1e-07
 43
1e-07
 40
0
 40
0
 40
0.5656854
 40
0.5656854
 10
147.564715376
 20
225.310373272
 30
0
 10
147.602736433
 20
225.272353898
 30
0
  0
SPLINE
  5
370
100
AcDbEntity
  8
Shape2DView
  6
ByLayer
 62
  256
370
   -1
100
AcDbSpline
210
0
220
0
230
0
 70
    8
 71
    1
 72
    4
 73
    2
 74
    0
 42
1e-07
 43
1e-07
 40
0
 40
0
 40
0.5
 40
0.5
 10
147.602736433
 20
225.272353898
 30
0
 10
147.631251124
 20
225.234334524
 30
0
  0
SPLINE
  5
371
100
AcDbEntity
  8
Shape2DView
  6
ByLayer
 62
  256
370
   -1
100
AcDbSpline
210
0
220
0
230
0
 70
    8
 71
    1
 72
    4
 73
    2
 74
    0
 42
1e-07
 43
1e-07
 40
0
 40
0
 40
0.5656854
 40
0.5656854
 10
147.631251124
 20
225.234334524
 30
0
 10
147.669272181
 20
225.196315151
 30
0
  0
SPLINE
  5
372
100
AcDbEntity
  8
Shape2DView
  6
ByLayer
 62
  256
370
   -1
100
AcDbSpline
210
0
220
0
230
0
 70
    8
 71
    1
 72
    4
 73
    2
 74
    0
 42
1e-07
 43
1e-07
 40
0
 40
0
 40
0.5
 40
0.5
 10
147.669272181
 20
225.196315151
 30
0
 10
147.697786872
 20
225.158295777
 30
0
  0
SPLINE
  5
373
100
AcDbEntity
  8
Shape2DView
  6
ByLayer
 62
  256
370
   -1
100
AcDbSpline
210
0
220
0
230
0
 70
    8
 71
    1
 72
    4
 73
    2
 74
    0
 42
1e-07
 43
1e-07
 40
0
 40
0
 40
0.5830951999999999
 40
0.5830951999999999
 10
147.697786872
 20
225.158295777
 30
0
 10
147.726300461
 20
225.11077156
 30
0
  0
SPLINE
  5
374
100
AcDbEntity
  8
Shape2DView
  6
ByLayer
 62
  256
370
   -1
100
AcDbSpline
210
0
220
0
230
0
 70
    8
 71
    1
 72
    4
 73
    2
 74
    0
 42
1e-07
 43
1e-07
 40
0
 40
0
 40
0.2828427
 40
0.2828427
 10
147.726300461
 20
225.11077156
 30
0
 10
147.74531099
 20
225.091761873
 30
0
  0
SPLINE
  5
375
100
AcDbEntity
  8
Shape2DView
  6
ByLayer
 62
  256
370
   -1
100
AcDbSpline
210
0
220
0
230
0
 70
    8
 71
    1
 72
    4
 73
    2
 74
    0
 42
1e-07
 43
1e-07
 40
0
 40
0
 40
0.3162278
 40
0.3162278
 10
147.74531099
 20
225.091761873
 30
0
 10
147.754814051
 20
225.063247343
 30
0
  0
SPLINE
  5
376
100
AcDbEntity
  8
Shape2DView
  6
ByLayer
 62
  256
370
   -1
100
AcDbSpline
210
0
220
0
230
0
 70
    8
 71
    1
 72
    4
 73
    2
 74
    0
 42
1e-07
 43
1e-07
 40
0
 40
0
 40
0.5830951999999999
 40
0.5830951999999999
 10
147.754814051
 20
225.063247343
 30
0
 10
147.78332764
 20
225.015723126
 30
0
  0
SPLINE
  5
377
100
AcDbEntity
  8
Shape2DView
  6
ByLayer
 62
  256
370
   -1
100
AcDbSpline
210
0
220
0
230
0
 70
    8
 71
    1
 72
    4
 73
    2
 74
    0
 42
1e-07
 43
1e-07
 40
0
 40
0
 40
0.5830951999999999
 40
0.5830951999999999
 10
147.78332764
 20
225.015723126
 30
0
 10
147.81184123
 20
224.968198909
 30
0
  0
SPLINE
  5
378
100
AcDbEntity
  8
Shape2DView
  6
ByLayer
 62
  256
370
   -1
100
AcDbSpline
210
0
220
0
230
0
 70
    8
 71
    1
 72
    4
 73
    2
 74
    0
 42
1e-07
 43
1e-07
 40
0
 40
0
 40
0.5830951999999999
 40
0.5830951999999999
 10
147.81184123
 20
224.968198909
 30
0
 10
147.84035482
 20
224.920674691
 30
0
  0
SPLINE
  5
379
100
AcDbEntity
  8
Shape2DView
  6
ByLayer
 62
  256
370
   -1
100
AcDbSpline
210
0
220
0
230
0
 70
    8
 71
    1
 72
    4
 73
    2
 74
    0
 42
1e-07
 43
1e-07
 40
0
 40
0
 40
0.3605551
 40
0.3605551
 10
147.84035482
 20
224.920674691
 30
0
 10
147.859364247
 20
224.892160161
 30
0
  0
SPLINE
  5
37A
100
AcDbEntity
  8
Shape2DView
  6
ByLayer
 62
  256
370
   -1
100
AcDbSpline
210
0
220
0
230
0
 70
    8
 71
    1
 72
    4
 73
    2
 74
    0
 42
1e-07
 43
1e-07
 40
0
 40
0
 40
0.3162278
 40
0.3162278
 10
147.859364247
 20
224.892160161
 30
0
 10
147.868867308
 20
224.863645631
 30
0
  0
SPLINE
  5
37B
100
AcDbEntity
  8
Shape2DView
  6
ByLayer
 62
  256
370
   -1
100
AcDbSpline
210
0
220
0
230
0
 70
    8
 71
    1
 72
    4
 73
    2
 74
    0
 42
1e-07
 43
1e-07
 40
0
 40
0
 40
0.6324554999999999
 40
0.6324554999999999
 10
147.868867308
 20
224.863645631
 30
0
 10
147.88787343
 20
224.80661657
 30
0
  0
SPLINE
  5
37C
100
AcDbEntity
  8
Shape2DView
  6
ByLayer
 62
  256
370
   -1
100
AcDbSpline
210
0
220
0
230
0
 70
    8
 71
    1
 72
    4
 73
    2
 74
    0
 42
1e-07
 43
1e-07
 40
0
 40
0
 40
0.6708204
 40
0.6708204
 10
147.88787343
 20
224.80661657
 30
0
 10
147.916385918
 20
224.74958751
 30
0
  0
SPLINE
  5
37D
100
AcDbEntity
  8
Shape2DView
  6
ByLayer
 62
  256
370
   -1
100
AcDbSpline
210
0
220
0
230
0
 70
    8
 71
    1
 72
    4
 73
    2
 74
    0
 42
1e-07
 43
1e-07
 40
0
 40
0
 40
0.6324554999999999
 40
0.6324554999999999
 10
147.916385918
 20
224.74958751
 30
0
 10
147.935392041
 20
224.692558449
 30
0
  0
SPLINE
  5
37E
100
AcDbEntity
  8
Shape2DView
  6
ByLayer
 62
  256
370
   -1
100
AcDbSpline
210
0
220
0
230
0
 70
    8
 71
    1
 72
    4
 73
    2
 74
    0
 42
1e-07
 43
1e-07
 40
0
 40
0
 40
0.6708204
 40
0.6708204
 10
147.935392041
 20
224.692558449
 30
0
 10
147.963904529
 20
224.635529389
 30
0
  0
SPLINE
  5
37F
100
AcDbEntity
  8
Shape2DView
  6
ByLayer
 62
  256
370
   -1
100
AcDbSpline
210
0
220
0
230
0
 70
    8
 71
    1
 72
    4
 73
    2
 74
    0
 42
1e-07
 43
1e-07
 40
0
 40
0
 40
0.2236068
 40
0.2236068
 10
147.963904529
 20
224.635529389
 30
0
 10
147.982916159
 20
224.626024546
 30
0
  0
SPLINE
  5
380
100
AcDbEntity
  8
Shape2DView
  6
ByLayer
 62
  256
370
   -1
100
AcDbSpline
210
0
220
0
230
0
 70
    8
 71
    1
 72
    4
 73
    2
 74
    0
 42
1e-07
 43
1e-07
 40
0
 40
0
 40
0.3
 40
0.3
 10
147.982916159
 20
224.626024546
 30
0
 10
148.011435256
 20
224.626024546
 30
0
  0
SPLINE
  5
381
100
AcDbEntity
  8
Shape2DView
  6
ByLayer
 62
  256
370
   -1
100
AcDbSpline
210
0
220
0
230
0
 70
    8
 71
    1
 72
    4
 73
    2
 74
    0
 42
1e-07
 43
1e-07
 40
0
 40
0
 40
0.2
 40
0.2
 10
148.011435256
 20
224.626024546
 30
0
 10
148.030447987
 20
224.626024546
 30
0
  0
SPLINE
  5
382
100
AcDbEntity
  8
Shape2DView
  6
ByLayer
 62
  256
370
   -1
100
AcDbSpline
210
0
220
0
230
0
 70
    8
 71
    1
 72
    4
 73
    2
 74
    0
 42
1e-07
 43
1e-07
 40
0
 40
0
 40
0.3
 40
0.3
 10
148.030447987
 20
224.626024546
 30
0
 10
148.058967084
 20
224.626024546
 30
0
  0
SPLINE
  5
383
100
AcDbEntity
  8
Shape2DView
  6
ByLayer
 62
  256
370
   -1
100
AcDbSpline
210
0
220
0
230
0
 70
    8
 71
    1
 72
    4
 73
    2
 74
    0
 42
1e-07
 43
1e-07
 40
0
 40
0
 40
0.2236068
 40
0.2236068
 10
148.058967084
 20
224.626024546
 30
0
 10
148.077980917
 20
224.635529389
 30
0
  0
SPLINE
  5
384
100
AcDbEntity
  8
Shape2DView
  6
ByLayer
 62
  256
370
   -1
100
AcDbSpline
210
0
220
0
230
0
 70
    8
 71
    1
 72
    4
 73
    2
 74
    0
 42
1e-07
 43
1e-07
 40
0
 40
0
 40
0.2
 40
0.2
 10
148.077980917
 20
224.635529389
 30
0
 10
148.096993648
 20
224.635529389
 30
0
  0
SPLINE
  5
385
100
AcDbEntity
  8
Shape2DView
  6
ByLayer
 62
  256
370
   -1
100
AcDbSpline
210
0
220
0
230
0
 70
    8
 71
    1
 72
    4
 73
    2
 74
    0
 42
1e-07
 43
1e-07
 40
0
 40
0
 40
0.1414214
 40
0.1414214
 10
148.096993648
 20
224.635529389
 30
0
 10
148.106501115
 20
224.645034232
 30
0
  0
SPLINE
  5
386
100
AcDbEntity
  8
Shape2DView
  6
ByLayer
 62
  256
370
   -1
100
AcDbSpline
210
0
220
0
230
0
 70
    8
 71
    1
 72
    4
 73
    2
 74
    0
 42
1e-07
 43
1e-07
 40
0
 40
0
 40
0.2236068
 40
0.2236068
 10
148.106501115
 20
224.645034232
 30
0
 10
148.125514948
 20
224.654539076
 30
0
  0
SPLINE
  5
387
100
AcDbEntity
  8
Shape2DView
  6
ByLayer
 62
  256
370
   -1
100
AcDbSpline
210
0
220
0
230
0
 70
    8
 71
    1
 72
    4
 73
    2
 74
    0
 42
1e-07
 43
1e-07
 40
0
 40
0
 40
1.17047
 40
1.17047
 10
148.125514948
 20
224.654539076
 30
0
 10
148.087501601
 20
224.759092353
 30
0
  0
SPLINE
  5
388
100
AcDbEntity
  8
Shape2DView
  6
ByLayer
 62
  256
370
   -1
100
AcDbSpline
210
0
220
0
230
0
 70
    8
 71
    1
 72
    4
 73
    2
 74
    0
 42
1e-07
 43
1e-07
 40
0
 40
0
 40
0.8246211
 40
0.8246211
 10
148.087501601
 20
224.759092353
 30
0
 10
148.068497682
 20
224.835131101
 30
0
  0
SPLINE
  5
389
100
AcDbEntity
  8
Shape2DView
  6
ByLayer
 62
  256
370
   -1
100
AcDbSpline
210
0
220
0
230
0
 70
    8
 71
    1
 72
    4
 73
    2
 74
    0
 42
1e-07
 43
1e-07
 40
0
 40
0
 40
0.509902
 40
0.509902
 10
148.068497682
 20
224.835131101
 30
0
 10
148.058996823
 20
224.882655318
 30
0
  0
SPLINE
  5
38A
100
AcDbEntity
  8
Shape2DView
  6
ByLayer
 62
  256
370
   -1
100
AcDbSpline
210
0
220
0
230
0
 70
    8
 71
    1
 72
    4
 73
    2
 74
    0
 42
1e-07
 43
1e-07
 40
0
 40
0
 40
0.4123106
 40
0.4123106
 10
148.058996823
 20
224.882655318
 30
0
 10
148.049494864
 20
224.920674691
 30
0
  0
SPLINE
  5
38B
100
AcDbEntity
  8
Shape2DView
  6
ByLayer
 62
  256
370
   -1
100
AcDbSpline
210
0
220
0
230
0
 70
    8
 71
    1
 72
    4
 73
    2
 74
    0
 42
1e-07
 43
1e-07
 40
0
 40
0
 40
0.4123106
 40
0.4123106
 10
148.049494864
 20
224.920674691
 30
0
 10
148.039992904
 20
224.958694065
 30
0
  0
SPLINE
  5
38C
100
AcDbEntity
  8
Shape2DView001
  6
ByLayer
 62
  256
370
   -1
100
AcDbSpline
210
0
220
0
230
0
 70
    8
 71
    3
 72
    8
 73
    4
 74
    0
 42
1e-07
 43
1e-07
 40
0
 40
0
 40
0
 40
0
 40
1
 40
1
 40
1
 40
1
 10
63.616975
 20
158.08972
 30
0
 10
64.61586
 20
157.89989
 30
0
 10
66.155137
 20
157.0031
 30
0
 10
66.085939
 20
156.6513
 30
0
  0
SPLINE
  5
38D
100
AcDbEntity
  8
Shape2DView001
  6
ByLayer
 62
  256
370
   -1
100
AcDbSpline
210
0
220
0
230
0
 70
    8
 71
    3
 72
    8
 73
    4
 74
    0
 42
1e-07
 43
1e-07
 40
0
 40
0
 40
0
 40
0
 40
1
 40
1
 40
1
 40
1
 10
66.085939
 20
156.6513
 30
0
 10
66.022919
 20
156.33091
 30
0
 10
65.601159
 20
156.33015
 30
0
 10
65.22119499999999
 20
156.6493
 30
0
  0
SPLINE
  5
38E
100
AcDbEntity
  8
Shape2DView001
  6
ByLayer
 62
  256
370
   -1
100
AcDbSpline
210
0
220
0
230
0
 70
    8
 71
    3
 72
    8
 73
    4
 74
    0
 42
1e-07
 43
1e-07
 40
0
 40
0
 40
0
 40
0
 40
1
 40
1
 40
1
 40
1
 10
65.22119499999999
 20
156.6493
 30
0
 10
64.552036
 20
157.21215
 30
0
 10
63.605497
 20
157.52007
 30
0
 10
62.538991
 20
157.52184
 30
0
  0
SPLINE
  5
38F
100
AcDbEntity
  8
Shape2DView001
  6
ByLayer
 62
  256
370
   -1
100
AcDbSpline
210
0
220
0
230
0
 70
    8
 71
    3
 72
    8
 73
    4
 74
    0
 42
1e-07
 43
1e-07
 40
0
 40
0
 40
0
 40
0
 40
1
 40
1
 40
1
 40
1
 10
62.538991
 20
157.52184
 30
0
 10
61.51733
 20
157.52384
 30
0
 10
60.639852
 20
157.23723
 30
0
 10
59.873566
 20
156.65213
 30
0
  0
SPLINE
  5
390
100
AcDbEntity
  8
Shape2DView001
  6
ByLayer
 62
  256
370
   -1
100
AcDbSpline
210
0
220
0
230
0
 70
    8
 71
    3
 72
    8
 73
    4
 74
    0
 42
1e-07
 43
1e-07
 40
0
 40
0
 40
0
 40
0
 40
1
 40
1
 40
1
 40
1
 10
59.873566
 20
156.65213
 30
0
 10
59.502795
 20
156.36903
 30
0
 10
59.328829
 20
156.33566
 30
0
 10
59.150943
 20
156.51355
 30
0
  0
SPLINE
  5
391
100
AcDbEntity
  8
Shape2DView001
  6
ByLayer
 62
  256
370
   -1
100
AcDbSpline
210
0
220
0
230
0
 70
    8
 71
    3
 72
    8
 73
    4
 74
    0
 42
1e-07
 43
1e-07
 40
0
 40
0
 40
0
 40
0
 40
1
 40
1
 40
1
 40
1
 10
59.150943
 20
156.51355
 30
0
 10
58.976769
 20
156.68772
 30
0
 10
59.001878
 20
156.7658
 30
0
 10
59.329261
 20
157.06804
 30
0
  0
SPLINE
  5
392
100
AcDbEntity
  8
Shape2DView001
  6
ByLayer
 62
  256
370
   -1
100
AcDbSpline
210
0
220
0
230
0
 70
    8
 71
    3
 72
    8
 73
    4
 74
    0
 42
1e-07
 43
1e-07
 40
0
 40
0
 40
0
 40
0
 40
1
 40
1
 40
1
 40
1
 10
59.329261
 20
157.06804
 30
0
 10
59.689645
 20
157.40074
 30
0
 10
60.563276
 20
157.84524
 30
0
 10
61.175114
 20
158.00718
 30
0
  0
SPLINE
  5
393
100
AcDbEntity
  8
Shape2DView001
  6
ByLayer
 62
  256
370
   -1
100
AcDbSpline
210
0
220
0
230
0
 70
    8
 71
    3
 72
    8
 73
    4
 74
    0
 42
1e-07
 43
1e-07
 40
0
 40
0
 40
0
 40
0
 40
1
 40
1
 40
1
 40
1
 10
61.175114
 20
158.00718
 30
0
 10
61.827021
 20
158.17974
 30
0
 10
62.943487
 20
158.21727
 30
0
 10
63.616975
 20
158.08928
 30
0
  0
SPLINE
  5
394
100
AcDbEntity
  8
Shape2DView001
  6
ByLayer
 62
  256
370
   -1
100
AcDbSpline
210
0
220
0
230
0
 70
    8
 71
    1
 72
    4
 73
    2
 74
    0
 42
1e-07
 43
1e-07
 40
0
 40
0
 40
0.00044
 40
0.00044
 10
63.616975
 20
158.08928
 30
0
 10
63.616975
 20
158.08972
 30
0
  0
SPLINE
  5
395
100
AcDbEntity
  8
Shape2DView001
  6
ByLayer
 62
  256
370
   -1
100
AcDbSpline
210
0
220
0
230
0
 70
    8
 71
    3
 72
    8
 73
    4
 74
    0
 42
1e-07
 43
1e-07
 40
0
 40
0
 40
0
 40
0
 40
1
 40
1
 40
1
 40
1
 10
63.054317
 20
156.9201
 30
0
 10
63.583139
 20
156.8625
 30
0
 10
64.458263
 20
156.51161
 30
0
 10
64.847515
 20
156.20102
 30
0
  0
SPLINE
  5
396
100
AcDbEntity
  8
Shape2DView001
  6
ByLayer
 62
  256
370
   -1
100
AcDbSpline
210
0
220
0
230
0
 70
    8
 71
    3
 72
    8
 73
    4
 74
    0
 42
1e-07
 43
1e-07
 40
0
 40
0
 40
0
 40
0
 40
1
 40
1
 40
1
 40
1
 10
64.847515
 20
156.20102
 30
0
 10
65.127117
 20
155.97793
 30
0
 10
65.195492
 20
155.74832
 30
0
 10
65.031239
 20
155.58407
 30
0
  0
SPLINE
  5
397
100
AcDbEntity
  8
Shape2DView001
  6
ByLayer
 62
  256
370
   -1
100
AcDbSpline
210
0
220
0
230
0
 70
    8
 71
    3
 72
    8
 73
    4
 74
    0
 42
1e-07
 43
1e-07
 40
0
 40
0
 40
0
 40
0
 40
1
 40
1
 40
1
 40
1
 10
65.031239
 20
155.58407
 30
0
 10
64.883121
 20
155.43595
 30
0
 10
64.69088499999999
 20
155.47961
 30
0
 10
64.313557
 20
155.74709
 30
0
  0
SPLINE
  5
398
100
AcDbEntity
  8
Shape2DView001
  6
ByLayer
 62
  256
370
   -1
100
AcDbSpline
210
0
220
0
230
0
 70
    8
 71
    3
 72
    8
 73
    4
 74
    0
 42
1e-07
 43
1e-07
 40
0
 40
0
 40
0
 40
0
 40
1
 40
1
 40
1
 40
1
 10
64.313557
 20
155.74709
 30
0
 10
63.244687
 20
156.50478
 30
0
 10
61.945463
 20
156.51446
 30
0
 10
60.828492
 20
155.77309
 30
0
  0
SPLINE
  5
399
100
AcDbEntity
  8
Shape2DView001
  6
ByLayer
 62
  256
370
   -1
100
AcDbSpline
210
0
220
0
230
0
 70
    8
 71
    3
 72
    8
 73
    4
 74
    0
 42
1e-07
 43
1e-07
 40
0
 40
0
 40
0
 40
0
 40
1
 40
1
 40
1
 40
1
 10
60.828492
 20
155.77309
 30
0
 10
60.380358
 20
155.47564
 30
0
 10
60.244044
 20
155.44027
 30
0
 10
60.100207
 20
155.5841
 30
0
  0
SPLINE
  5
39A
100
AcDbEntity
  8
Shape2DView001
  6
ByLayer
 62
  256
370
   -1
100
AcDbSpline
210
0
220
0
230
0
 70
    8
 71
    2
 72
    6
 73
    3
 74
    0
 42
1e-07
 43
1e-07
 40
0
 40
0
 40
0
 40
1
 40
1
 40
1
 10
60.100207
 20
155.5841
 30
0
 10
59.706093
 20
155.98459
 30
0
 10
60.874439
 20
156.56517
 30
0
  0
SPLINE
  5
39B
100
AcDbEntity
  8
Shape2DView001
  6
ByLayer
 62
  256
370
   -1
100
AcDbSpline
210
0
220
0
230
0
 70
    8
 71
    3
 72
    8
 73
    4
 74
    0
 42
1e-07
 43
1e-07
 40
0
 40
0
 40
0
 40
0
 40
1
 40
1
 40
1
 40
1
 10
60.874439
 20
156.56517
 30
0
 10
61.577939
 20
156.91345
 30
0
 10
62.194039
 20
157.01377
 30
0
 10
63.054317
 20
156.92013
 30
0
  0
SPLINE
  5
39C
100
AcDbEntity
  8
Shape2DView001
  6
ByLayer
 62
  256
370
   -1
100
AcDbSpline
210
0
220
0
230
0
 70
    8
 71
    1
 72
    4
 73
    2
 74
    0
 42
1e-07
 43
1e-07
 40
0
 40
0
 40
3e-05
 40
3e-05
 10
63.054317
 20
156.92013
 30
0
 10
63.054317
 20
156.9201
 30
0
  0
SPLINE
  5
39D
100
AcDbEntity
  8
Shape2DView001
  6
ByLayer
 62
  256
370
   -1
100
AcDbSpline
210
0
220
0
230
0
 70
    8
 71
    3
 72
    8
 73
    4
 74
    0
 42
1e-07
 43
1e-07
 40
0
 40
0
 40
0
 40
0
 40
1
 40
1
 40
1
 40
1
 10
47.021653
 20
155.48778
 30
0
 10
47.257698
 20
155.45318
 30
0
 10
47.58615
 20
155.35583
 30
0
 10
47.751551
 20
155.27145
 30
0
  0
SPLINE
  5
39E
100
AcDbEntity
  8
Shape2DView001
  6
ByLayer
 62
  256
370
   -1
100
AcDbSpline
210
0
220
0
230
0
 70
    8
 71
    3
 72
    8
 73
    4
 74
    0
 42
1e-07
 43
1e-07
 40
0
 40
0
 40
0
 40
0
 40
1
 40
1
 40
1
 40
1
 10
47.751551
 20
155.27145
 30
0
 10
48.128318
 20
155.07923
 30
0
 10
48.223729
 20
155.08001
 30
0
 10
48.73478
 20
155.27945
 30
0
  0
SPLINE
  5
39F
100
AcDbEntity
  8
Shape2DView001
  6
ByLayer
 62
  256
370
   -1
100
AcDbSpline
210
0
220
0
230
0
 70
    8
 71
    3
 72
    8
 73
    4
 74
    0
 42
1e-07
 43
1e-07
 40
0
 40
0
 40
0
 40
0
 40
1
 40
1
 40
1
 40
1
 10
48.73478
 20
155.27945
 30
0
 10
49.325256
 20
155.50984
 30
0
 10
50.701378
 20
155.56706
 30
0
 10
51.187446
 20
155.38143
 30
0
  0
SPLINE
  5
3A0
100
AcDbEntity
  8
Shape2DView001
  6
ByLayer
 62
  256
370
   -1
100
AcDbSpline
210
0
220
0
230
0
 70
    8
 71
    3
 72
    8
 73
    4
 74
    0
 42
1e-07
 43
1e-07
 40
0
 40
0
 40
0
 40
0
 40
1
 40
1
 40
1
 40
1
 10
51.187446
 20
155.38143
 30
0
 10
51.977779
 20
155.0796
 30
0
 10
52.353891
 20
154.43254
 30
0
 10
52.367299
 20
153.3516
 30
0
  0
SPLINE
  5
3A1
100
AcDbEntity
  8
Shape2DView001
  6
ByLayer
 62
  256
370
   -1
100
AcDbSpline
210
0
220
0
230
0
 70
    8
 71
    3
 72
    8
 73
    4
 74
    0
 42
1e-07
 43
1e-07
 40
0
 40
0
 40
0
 40
0
 40
1
 40
1
 40
1
 40
1
 10
52.367299
 20
153.3516
 30
0
 10
52.381099
 20
152.24125
 30
0
 10
51.97144
 20
151.56874
 30
0
 10
51.154559
 20
151.36058
 30
0
  0
SPLINE
  5
3A2
100
AcDbEntity
  8
Shape2DView001
  6
ByLayer
 62
  256
370
   -1
100
AcDbSpline
210
0
220
0
230
0
 70
    8
 71
    3
 72
    8
 73
    4
 74
    0
 42
1e-07
 43
1e-07
 40
0
 40
0
 40
0
 40
0
 40
1
 40
1
 40
1
 40
1
 10
51.154559
 20
151.36058
 30
0
 10
50.684758
 20
151.24087
 30
0
 10
49.312567
 20
151.06038
 30
0
 10
48.866325
 20
151.0596
 30
0
  0
SPLINE
  5
3A3
100
AcDbEntity
  8
Shape2DView001
  6
ByLayer
 62
  256
370
   -1
100
AcDbSpline
210
0
220
0
230
0
 70
    8
 71
    1
 72
    4
 73
    2
 74
    0
 42
1e-07
 43
1e-07
 40
0
 40
0
 40
0.3570454
 40
0.3570454
 10
48.866325
 20
151.0596
 30
0
 10
48.50928
 20
151.05906
 30
0
  0
SPLINE
  5
3A4
100
AcDbEntity
  8
Shape2DView001
  6
ByLayer
 62
  256
370
   -1
100
AcDbSpline
210
0
220
0
230
0
 70
    8
 71
    1
 72
    4
 73
    2
 74
    0
 42
1e-07
 43
1e-07
 40
0
 40
0
 40
0.4051
 40
0.4051
 10
48.50928
 20
151.05906
 30
0
 10
48.50928
 20
150.65396
 30
0
  0
SPLINE
  5
3A5
100
AcDbEntity
  8
Shape2DView001
  6
ByLayer
 62
  256
370
   -1
100
AcDbSpline
210
0
220
0
230
0
 70
    8
 71
    3
 72
    8
 73
    4
 74
    0
 42
1e-07
 43
1e-07
 40
0
 40
0
 40
0
 40
0
 40
1
 40
1
 40
1
 40
1
 10
48.50928
 20
150.65396
 30
0
 10
48.50928
 20
150.36624
 30
0
 10
48.55107
 20
150.19744
 30
0
 10
48.653584
 20
150.07141
 30
0
  0
SPLINE
  5
3A6
100
AcDbEntity
  8
Shape2DView001
  6
ByLayer
 62
  256
370
   -1
100
AcDbSpline
210
0
220
0
230
0
 70
    8
 71
    3
 72
    8
 73
    4
 74
    0
 42
1e-07
 43
1e-07
 40
0
 40
0
 40
0
 40
0
 40
1
 40
1
 40
1
 40
1
 10
48.653584
 20
150.07141
 30
0
 10
48.796871
 20
149.89521
 30
0
 10
48.808992
 20
149.89395
 30
0
 10
50.363663
 20
149.89395
 30
0
  0
SPLINE
  5
3A7
100
AcDbEntity
  8
Shape2DView001
  6
ByLayer
 62
  256
370
   -1
100
AcDbSpline
210
0
220
0
230
0
 70
    8
 71
    1
 72
    4
 73
    2
 74
    0
 42
1e-07
 43
1e-07
 40
0
 40
0
 40
1.565769
 40
1.565769
 10
50.363663
 20
149.89395
 30
0
 10
51.929432
 20
149.89395
 30
0
  0
SPLINE
  5
3A8
100
AcDbEntity
  8
Shape2DView001
  6
ByLayer
 62
  256
370
   -1
100
AcDbSpline
210
0
220
0
230
0
 70
    8
 71
    1
 72
    4
 73
    2
 74
    0
 42
1e-07
 43
1e-07
 40
0
 40
0
 40
0.6137241
 40
0.6137241
 10
51.929432
 20
149.89395
 30
0
 10
51.951142
 20
149.28061
 30
0
  0
SPLINE
  5
3A9
100
AcDbEntity
  8
Shape2DView001
  6
ByLayer
 62
  256
370
   -1
100
AcDbSpline
210
0
220
0
230
0
 70
    8
 71
    1
 72
    4
 73
    2
 74
    0
 42
1e-07
 43
1e-07
 40
0
 40
0
 40
0.6137258999999999
 40
0.6137258999999999
 10
51.951142
 20
149.28061
 30
0
 10
51.972902
 20
148.66727
 30
0
  0
SPLINE
  5
3AA
100
AcDbEntity
  8
Shape2DView001
  6
ByLayer
 62
  256
370
   -1
100
AcDbSpline
210
0
220
0
230
0
 70
    8
 71
    1
 72
    4
 73
    2
 74
    0
 42
1e-07
 43
1e-07
 40
0
 40
0
 40
0.2589434
 40
0.2589434
 10
51.972902
 20
148.66727
 30
0
 10
51.725672
 20
148.59027
 30
0
  0
SPLINE
  5
3AB
100
AcDbEntity
  8
Shape2DView001
  6
ByLayer
 62
  256
370
   -1
100
AcDbSpline
210
0
220
0
230
0
 70
    8
 71
    3
 72
    8
 73
    4
 74
    0
 42
1e-07
 43
1e-07
 40
0
 40
0
 40
0
 40
0
 40
1
 40
1
 40
1
 40
1
 10
51.725672
 20
148.59027
 30
0
 10
51.08719
 20
148.39134
 30
0
 10
50.48717
 20
148.32211
 30
0
 10
49.373738
 20
148.31891
 30
0
  0
SPLINE
  5
3AC
100
AcDbEntity
  8
Shape2DView001
  6
ByLayer
 62
  256
370
   -1
100
AcDbSpline
210
0
220
0
230
0
 70
    8
 71
    3
 72
    8
 73
    4
 74
    0
 42
1e-07
 43
1e-07
 40
0
 40
0
 40
0
 40
0
 40
1
 40
1
 40
1
 40
1
 10
49.373738
 20
148.31891
 30
0
 10
48.539151
 20
148.31691
 30
0
 10
48.081762
 20
148.34701
 30
0
 10
47.87934
 20
148.41851
 30
0
  0
SPLINE
  5
3AD
100
AcDbEntity
  8
Shape2DView001
  6
ByLayer
 62
  256
370
   -1
100
AcDbSpline
210
0
220
0
230
0
 70
    8
 71
    3
 72
    8
 73
    4
 74
    0
 42
1e-07
 43
1e-07
 40
0
 40
0
 40
0
 40
0
 40
1
 40
1
 40
1
 40
1
 10
47.87934
 20
148.41851
 30
0
 10
47.464149
 20
148.56516
 30
0
 10
47.052358
 20
148.96704
 30
0
 10
46.848208
 20
149.42484
 30
0
  0
SPLINE
  5
3AE
100
AcDbEntity
  8
Shape2DView001
  6
ByLayer
 62
  256
370
   -1
100
AcDbSpline
210
0
220
0
230
0
 70
    8
 71
    3
 72
    8
 73
    4
 74
    0
 42
1e-07
 43
1e-07
 40
0
 40
0
 40
0
 40
0
 40
1
 40
1
 40
1
 40
1
 10
46.848208
 20
149.42484
 30
0
 10
46.682288
 20
149.79688
 30
0
 10
46.67027
 20
149.93087
 30
0
 10
46.632506
 20
151.82908
 30
0
  0
SPLINE
  5
3AF
100
AcDbEntity
  8
Shape2DView001
  6
ByLayer
 62
  256
370
   -1
100
AcDbSpline
210
0
220
0
230
0
 70
    8
 71
    1
 72
    4
 73
    2
 74
    0
 42
1e-07
 43
1e-07
 40
0
 40
0
 40
2.0106281
 40
2.0106281
 10
46.632506
 20
151.82908
 30
0
 10
46.592496
 20
153.83931
 30
0
  0
SPLINE
  5
3B0
100
AcDbEntity
  8
Shape2DView001
  6
ByLayer
 62
  256
370
   -1
100
AcDbSpline
210
0
220
0
230
0
 70
    8
 71
    1
 72
    4
 73
    2
 74
    0
 42
1e-07
 43
1e-07
 40
0
 40
0
 40
0.2817731
 40
0.2817731
 10
46.592496
 20
153.83931
 30
0
 10
46.38578
 20
154.03079
 30
0
  0
SPLINE
  5
3B1
100
AcDbEntity
  8
Shape2DView001
  6
ByLayer
 62
  256
370
   -1
100
AcDbSpline
210
0
220
0
230
0
 70
    8
 71
    3
 72
    8
 73
    4
 74
    0
 42
1e-07
 43
1e-07
 40
0
 40
0
 40
0
 40
0
 40
1
 40
1
 40
1
 40
1
 10
46.38578
 20
154.03079
 30
0
 10
46.193778
 20
154.20864
 30
0
 10
46.17907
 20
154.26465
 30
0
 10
46.17907
 20
154.81792
 30
0
  0
SPLINE
  5
3B2
100
AcDbEntity
  8
Shape2DView001
  6
ByLayer
 62
  256
370
   -1
100
AcDbSpline
210
0
220
0
230
0
 70
    8
 71
    3
 72
    8
 73
    4
 74
    0
 42
1e-07
 43
1e-07
 40
0
 40
0
 40
0
 40
0
 40
1
 40
1
 40
1
 40
1
 10
46.17907
 20
154.81792
 30
0
 10
46.17907
 20
155.3299
 30
0
 10
46.19948
 20
155.42451
 30
0
 10
46.324463
 20
155.49139
 30
0
  0
SPLINE
  5
3B3
100
AcDbEntity
  8
Shape2DView001
  6
ByLayer
 62
  256
370
   -1
100
AcDbSpline
210
0
220
0
230
0
 70
    8
 71
    3
 72
    8
 73
    4
 74
    0
 42
1e-07
 43
1e-07
 40
0
 40
0
 40
0
 40
0
 40
1
 40
1
 40
1
 40
1
 10
46.324463
 20
155.49139
 30
0
 10
46.404433
 20
155.53419
 30
0
 10
46.497453
 20
155.56509
 30
0
 10
46.531173
 20
155.56009
 30
0
  0
SPLINE
  5
3B4
100
AcDbEntity
  8
Shape2DView001
  6
ByLayer
 62
  256
370
   -1
100
AcDbSpline
210
0
220
0
230
0
 70
    8
 71
    3
 72
    8
 73
    4
 74
    0
 42
1e-07
 43
1e-07
 40
0
 40
0
 40
0
 40
0
 40
1
 40
1
 40
1
 40
1
 10
46.531173
 20
155.56009
 30
0
 10
46.564903
 20
155.55509
 30
0
 10
46.785619
 20
155.52259
 30
0
 10
47.021659
 20
155.48799
 30
0
  0
SPLINE
  5
3B5
100
AcDbEntity
  8
Shape2DView001
  6
ByLayer
 62
  256
370
   -1
100
AcDbSpline
210
0
220
0
230
0
 70
    8
 71
    1
 72
    4
 73
    2
 74
    0
 42
1e-07
 43
1e-07
 40
0
 40
0
 40
0.0002101
 40
0.0002101
 10
47.021659
 20
155.48799
 30
0
 10
47.021653
 20
155.48778
 30
0
  0
SPLINE
  5
3B6
100
AcDbEntity
  8
Shape2DView001
  6
ByLayer
 62
  256
370
   -1
100
AcDbSpline
210
0
220
0
230
0
 70
    8
 71
    3
 72
    8
 73
    4
 74
    0
 42
1e-07
 43
1e-07
 40
0
 40
0
 40
0
 40
0
 40
1
 40
1
 40
1
 40
1
 10
49.06805
 20
153.98551
 30
0
 10
48.822742
 20
153.94141
 30
0
 10
48.579746
 20
153.85039
 30
0
 10
48.528069
 20
153.78323
 30
0
  0
SPLINE
  5
3B7
100
AcDbEntity
  8
Shape2DView001
  6
ByLayer
 62
  256
370
   -1
100
AcDbSpline
210
0
220
0
230
0
 70
    8
 71
    3
 72
    8
 73
    4
 74
    0
 42
1e-07
 43
1e-07
 40
0
 40
0
 40
0
 40
0
 40
1
 40
1
 40
1
 40
1
 10
48.528069
 20
153.78323
 30
0
 10
48.470169
 20
153.70793
 30
0
 10
48.434109
 20
153.42046
 30
0
 10
48.434109
 20
153.03417
 30
0
  0
SPLINE
  5
3B8
100
AcDbEntity
  8
Shape2DView001
  6
ByLayer
 62
  256
370
   -1
100
AcDbSpline
210
0
220
0
230
0
 70
    8
 71
    3
 72
    8
 73
    4
 74
    0
 42
1e-07
 43
1e-07
 40
0
 40
0
 40
0
 40
0
 40
1
 40
1
 40
1
 40
1
 10
48.434109
 20
153.03417
 30
0
 10
48.434109
 20
152.51527
 30
0
 10
48.455979
 20
152.39886
 30
0
 10
48.560961
 20
152.35857
 30
0
  0
SPLINE
  5
3B9
100
AcDbEntity
  8
Shape2DView001
  6
ByLayer
 62
  256
370
   -1
100
AcDbSpline
210
0
220
0
230
0
 70
    8
 71
    3
 72
    8
 73
    4
 74
    0
 42
1e-07
 43
1e-07
 40
0
 40
0
 40
0
 40
0
 40
1
 40
1
 40
1
 40
1
 10
48.560961
 20
152.35857
 30
0
 10
48.630731
 20
152.33187
 30
0
 10
49.028115
 20
152.34767
 30
0
 10
49.444031
 20
152.39377
 30
0
  0
SPLINE
  5
3BA
100
AcDbEntity
  8
Shape2DView001
  6
ByLayer
 62
  256
370
   -1
100
AcDbSpline
210
0
220
0
230
0
 70
    8
 71
    3
 72
    8
 73
    4
 74
    0
 42
1e-07
 43
1e-07
 40
0
 40
0
 40
0
 40
0
 40
1
 40
1
 40
1
 40
1
 10
49.444031
 20
152.39377
 30
0
 10
50.112763
 20
152.46797
 30
0
 10
50.219824
 20
152.50047
 30
0
 10
50.369531
 20
152.67451
 30
0
  0
SPLINE
  5
3BB
100
AcDbEntity
  8
Shape2DView001
  6
ByLayer
 62
  256
370
   -1
100
AcDbSpline
210
0
220
0
230
0
 70
    8
 71
    3
 72
    8
 73
    4
 74
    0
 42
1e-07
 43
1e-07
 40
0
 40
0
 40
0
 40
0
 40
1
 40
1
 40
1
 40
1
 10
50.369531
 20
152.67451
 30
0
 10
50.556845
 20
152.89228
 30
0
 10
50.606059
 20
153.49887
 30
0
 10
50.458741
 20
153.77414
 30
0
  0
SPLINE
  5
3BC
100
AcDbEntity
  8
Shape2DView001
  6
ByLayer
 62
  256
370
   -1
100
AcDbSpline
210
0
220
0
230
0
 70
    8
 71
    3
 72
    8
 73
    4
 74
    0
 42
1e-07
 43
1e-07
 40
0
 40
0
 40
0
 40
0
 40
1
 40
1
 40
1
 40
1
 10
50.458741
 20
153.77414
 30
0
 10
50.304713
 20
154.06194
 30
0
 10
49.8652
 20
154.12873
 30
0
 10
49.068052
 20
153.98547
 30
0
  0
SPLINE
  5
3BD
100
AcDbEntity
  8
Shape2DView001
  6
ByLayer
 62
  256
370
   -1
100
AcDbSpline
210
0
220
0
230
0
 70
    8
 71
    1
 72
    4
 73
    2
 74
    0
 42
1e-07
 43
1e-07
 40
0
 40
0
 40
4.01e-05
 40
4.01e-05
 10
49.068052
 20
153.98547
 30
0
 10
49.06805
 20
153.98551
 30
0
  0
SPLINE
  5
3BE
100
AcDbEntity
  8
Shape2DView001
  6
ByLayer
 62
  256
370
   -1
100
AcDbSpline
210
0
220
0
230
0
 70
    8
 71
    3
 72
    8
 73
    4
 74
    0
 42
1e-07
 43
1e-07
 40
0
 40
0
 40
0
 40
0
 40
1
 40
1
 40
1
 40
1
 10
43.081674
 20
155.48783
 30
0
 10
43.585282
 20
155.42013
 30
0
 10
44.009865
 20
155.14209
 30
0
 10
44.259054
 20
154.71688
 30
0
  0
SPLINE
  5
3BF
100
AcDbEntity
  8
Shape2DView001
  6
ByLayer
 62
  256
370
   -1
100
AcDbSpline
210
0
220
0
230
0
 70
    8
 71
    3
 72
    8
 73
    4
 74
    0
 42
1e-07
 43
1e-07
 40
0
 40
0
 40
0
 40
0
 40
1
 40
1
 40
1
 40
1
 10
44.259054
 20
154.71688
 30
0
 10
44.506181
 20
154.29519
 30
0
 10
44.59594
 20
153.43359
 30
0
 10
44.598593
 20
151.45751
 30
0
  0
SPLINE
  5
3C0
100
AcDbEntity
  8
Shape2DView001
  6
ByLayer
 62
  256
370
   -1
100
AcDbSpline
210
0
220
0
230
0
 70
    8
 71
    1
 72
    4
 73
    2
 74
    0
 42
1e-07
 43
1e-07
 40
0
 40
0
 40
1.4430617
 40
1.4430617
 10
44.598593
 20
151.45751
 30
0
 10
44.600793
 20
150.01445
 30
0
  0
SPLINE
  5
3C1
100
AcDbEntity
  8
Shape2DView001
  6
ByLayer
 62
  256
370
   -1
100
AcDbSpline
210
0
220
0
230
0
 70
    8
 71
    1
 72
    4
 73
    2
 74
    0
 42
1e-07
 43
1e-07
 40
0
 40
0
 40
0.3952883
 40
0.3952883
 10
44.600793
 20
150.01445
 30
0
 10
44.995429
 20
149.99175
 30
0
  0
SPLINE
  5
3C2
100
AcDbEntity
  8
Shape2DView001
  6
ByLayer
 62
  256
370
   -1
100
AcDbSpline
210
0
220
0
230
0
 70
    8
 71
    1
 72
    4
 73
    2
 74
    0
 42
1e-07
 43
1e-07
 40
0
 40
0
 40
0.3952833
 40
0.3952833
 10
44.995429
 20
149.99175
 30
0
 10
45.39006
 20
149.96905
 30
0
  0
SPLINE
  5
3C3
100
AcDbEntity
  8
Shape2DView001
  6
ByLayer
 62
  256
370
   -1
100
AcDbSpline
210
0
220
0
230
0
 70
    8
 71
    1
 72
    4
 73
    2
 74
    0
 42
1e-07
 43
1e-07
 40
0
 40
0
 40
0.7667581
 40
0.7667581
 10
45.39006
 20
149.96905
 30
0
 10
45.41144
 20
149.20259
 30
0
  0
SPLINE
  5
3C4
100
AcDbEntity
  8
Shape2DView001
  6
ByLayer
 62
  256
370
   -1
100
AcDbSpline
210
0
220
0
230
0
 70
    8
 71
    1
 72
    4
 73
    2
 74
    0
 42
1e-07
 43
1e-07
 40
0
 40
0
 40
0.7667581
 40
0.7667581
 10
45.41144
 20
149.20259
 30
0
 10
45.43282
 20
148.43613
 30
0
  0
SPLINE
  5
3C5
100
AcDbEntity
  8
Shape2DView001
  6
ByLayer
 62
  256
370
   -1
100
AcDbSpline
210
0
220
0
230
0
 70
    8
 71
    1
 72
    4
 73
    2
 74
    0
 42
1e-07
 43
1e-07
 40
0
 40
0
 40
0.3978728
 40
0.3978728
 10
45.43282
 20
148.43613
 30
0
 10
45.035601
 20
148.41333
 30
0
  0
SPLINE
  5
3C6
100
AcDbEntity
  8
Shape2DView001
  6
ByLayer
 62
  256
370
   -1
100
AcDbSpline
210
0
220
0
230
0
 70
    8
 71
    1
 72
    4
 73
    2
 74
    0
 42
1e-07
 43
1e-07
 40
0
 40
0
 40
0.3978718
 40
0.3978718
 10
45.035601
 20
148.41333
 30
0
 10
44.638383
 20
148.39053
 30
0
  0
SPLINE
  5
3C7
100
AcDbEntity
  8
Shape2DView001
  6
ByLayer
 62
  256
370
   -1
100
AcDbSpline
210
0
220
0
230
0
 70
    8
 71
    1
 72
    4
 73
    2
 74
    0
 42
1e-07
 43
1e-07
 40
0
 40
0
 40
0.9496610999999999
 40
0.9496610999999999
 10
44.638383
 20
148.39053
 30
0
 10
44.617433
 20
147.4411
 30
0
  0
SPLINE
  5
3C8
100
AcDbEntity
  8
Shape2DView001
  6
ByLayer
 62
  256
370
   -1
100
AcDbSpline
210
0
220
0
230
0
 70
    8
 71
    1
 72
    4
 73
    2
 74
    0
 42
1e-07
 43
1e-07
 40
0
 40
0
 40
0.9496610999999999
 40
0.9496610999999999
 10
44.617433
 20
147.4411
 30
0
 10
44.596483
 20
146.49167
 30
0
  0
SPLINE
  5
3C9
100
AcDbEntity
  8
Shape2DView001
  6
ByLayer
 62
  256
370
   -1
100
AcDbSpline
210
0
220
0
230
0
 70
    8
 71
    1
 72
    4
 73
    2
 74
    0
 42
1e-07
 43
1e-07
 40
0
 40
0
 40
0.2373407
 40
0.2373407
 10
44.596483
 20
146.49167
 30
0
 10
44.363762
 20
146.44507
 30
0
  0
SPLINE
  5
3CA
100
AcDbEntity
  8
Shape2DView001
  6
ByLayer
 62
  256
370
   -1
100
AcDbSpline
210
0
220
0
230
0
 70
    8
 71
    3
 72
    8
 73
    4
 74
    0
 42
1e-07
 43
1e-07
 40
0
 40
0
 40
0
 40
0
 40
1
 40
1
 40
1
 40
1
 10
44.363762
 20
146.44507
 30
0
 10
44.067687
 20
146.38587
 30
0
 10
43.112819
 20
146.38637
 30
0
 10
42.890768
 20
146.44607
 30
0
  0
SPLINE
  5
3CB
100
AcDbEntity
  8
Shape2DView001
  6
ByLayer
 62
  256
370
   -1
100
AcDbSpline
210
0
220
0
230
0
 70
    8
 71
    3
 72
    8
 73
    4
 74
    0
 42
1e-07
 43
1e-07
 40
0
 40
0
 40
0
 40
0
 40
1
 40
1
 40
1
 40
1
 10
42.890768
 20
146.44607
 30
0
 10
42.727613
 20
146.48977
 30
0
 10
42.721637
 20
146.52237
 30
0
 10
42.721637
 20
147.36962
 30
0
  0
SPLINE
  5
3CC
100
AcDbEntity
  8
Shape2DView001
  6
ByLayer
 62
  256
370
   -1
100
AcDbSpline
210
0
220
0
230
0
 70
    8
 71
    2
 72
    6
 73
    3
 74
    0
 42
1e-07
 43
1e-07
 40
0
 40
0
 40
0
 40
1
 40
1
 40
1
 10
42.721637
 20
147.36962
 30
0
 10
42.721447
 20
148.24605
 30
0
 10
42.631437
 20
148.33804
 30
0
  0
SPLINE
  5
3CD
100
AcDbEntity
  8
Shape2DView001
  6
ByLayer
 62
  256
370
   -1
100
AcDbSpline
210
0
220
0
230
0
 70
    8
 71
    3
 72
    8
 73
    4
 74
    0
 42
1e-07
 43
1e-07
 40
0
 40
0
 40
0
 40
0
 40
1
 40
1
 40
1
 40
1
 10
42.631437
 20
148.33804
 30
0
 10
42.572957
 20
148.39654
 30
0
 10
42.268962
 20
148.42824
 30
0
 10
41.767005
 20
148.42824
 30
0
  0
SPLINE
  5
3CE
100
AcDbEntity
  8
Shape2DView001
  6
ByLayer
 62
  256
370
   -1
100
AcDbSpline
210
0
220
0
230
0
 70
    8
 71
    1
 72
    4
 73
    2
 74
    0
 42
1e-07
 43
1e-07
 40
0
 40
0
 40
0.774234
 40
0.774234
 10
41.767005
 20
148.42824
 30
0
 10
40.992771
 20
148.42824
 30
0
  0
SPLINE
  5
3CF
100
AcDbEntity
  8
Shape2DView001
  6
ByLayer
 62
  256
370
   -1
100
AcDbSpline
210
0
220
0
230
0
 70
    8
 71
    1
 72
    4
 73
    2
 74
    0
 42
1e-07
 43
1e-07
 40
0
 40
0
 40
0.7867999999999999
 40
0.7867999999999999
 10
40.992771
 20
148.42824
 30
0
 10
40.992771
 20
149.21504
 30
0
  0
SPLINE
  5
3D0
100
AcDbEntity
  8
Shape2DView001
  6
ByLayer
 62
  256
370
   -1
100
AcDbSpline
210
0
220
0
230
0
 70
    8
 71
    1
 72
    4
 73
    2
 74
    0
 42
1e-07
 43
1e-07
 40
0
 40
0
 40
0.7867999999999999
 40
0.7867999999999999
 10
40.992771
 20
149.21504
 30
0
 10
40.992771
 20
150.00184
 30
0
  0
SPLINE
  5
3D1
100
AcDbEntity
  8
Shape2DView001
  6
ByLayer
 62
  256
370
   -1
100
AcDbSpline
210
0
220
0
230
0
 70
    8
 71
    1
 72
    4
 73
    2
 74
    0
 42
1e-07
 43
1e-07
 40
0
 40
0
 40
0.8459101999999999
 40
0.8459101999999999
 10
40.992771
 20
150.00184
 30
0
 10
41.838413
 20
150.02314
 30
0
  0
SPLINE
  5
3D2
100
AcDbEntity
  8
Shape2DView001
  6
ByLayer
 62
  256
370
   -1
100
AcDbSpline
210
0
220
0
230
0
 70
    8
 71
    1
 72
    4
 73
    2
 74
    0
 42
1e-07
 43
1e-07
 40
0
 40
0
 40
0.8459101999999999
 40
0.8459101999999999
 10
41.838413
 20
150.02314
 30
0
 10
42.684055
 20
150.04444
 30
0
  0
SPLINE
  5
3D3
100
AcDbEntity
  8
Shape2DView001
  6
ByLayer
 62
  256
370
   -1
100
AcDbSpline
210
0
220
0
230
0
 70
    8
 71
    1
 72
    4
 73
    2
 74
    0
 42
1e-07
 43
1e-07
 40
0
 40
0
 40
1.1818404
 40
1.1818404
 10
42.684055
 20
150.04444
 30
0
 10
42.749625
 20
151.22446
 30
0
  0
SPLINE
  5
3D4
100
AcDbEntity
  8
Shape2DView001
  6
ByLayer
 62
  256
370
   -1
100
AcDbSpline
210
0
220
0
230
0
 70
    8
 71
    3
 72
    8
 73
    4
 74
    0
 42
1e-07
 43
1e-07
 40
0
 40
0
 40
0
 40
0
 40
1
 40
1
 40
1
 40
1
 10
42.749625
 20
151.22446
 30
0
 10
42.821115
 20
152.51093
 30
0
 10
42.767165
 20
153.44873
 30
0
 10
42.609213
 20
153.66489
 30
0
  0
SPLINE
  5
3D5
100
AcDbEntity
  8
Shape2DView001
  6
ByLayer
 62
  256
370
   -1
100
AcDbSpline
210
0
220
0
230
0
 70
    8
 71
    3
 72
    8
 73
    4
 74
    0
 42
1e-07
 43
1e-07
 40
0
 40
0
 40
0
 40
0
 40
1
 40
1
 40
1
 40
1
 10
42.609213
 20
153.66489
 30
0
 10
42.526323
 20
153.77834
 30
0
 10
42.381212
 20
153.80746
 30
0
 10
41.792695
 20
153.82875
 30
0
  0
SPLINE
  5
3D6
100
AcDbEntity
  8
Shape2DView001
  6
ByLayer
 62
  256
370
   -1
100
AcDbSpline
210
0
220
0
230
0
 70
    8
 71
    1
 72
    4
 73
    2
 74
    0
 42
1e-07
 43
1e-07
 40
0
 40
0
 40
0.7161835
 40
0.7161835
 10
41.792695
 20
153.82875
 30
0
 10
41.07698
 20
153.85465
 30
0
  0
SPLINE
  5
3D7
100
AcDbEntity
  8
Shape2DView001
  6
ByLayer
 62
  256
370
   -1
100
AcDbSpline
210
0
220
0
230
0
 70
    8
 71
    1
 72
    4
 73
    2
 74
    0
 42
1e-07
 43
1e-07
 40
0
 40
0
 40
0.3904534
 40
0.3904534
 10
41.07698
 20
153.85465
 30
0
 10
41.02929
 20
154.24218
 30
0
  0
SPLINE
  5
3D8
100
AcDbEntity
  8
Shape2DView001
  6
ByLayer
 62
  256
370
   -1
100
AcDbSpline
210
0
220
0
230
0
 70
    8
 71
    3
 72
    8
 73
    4
 74
    0
 42
1e-07
 43
1e-07
 40
0
 40
0
 40
0
 40
0
 40
1
 40
1
 40
1
 40
1
 10
41.02929
 20
154.24218
 30
0
 10
41.00309
 20
154.45532
 30
0
 10
40.99259
 20
154.79853
 30
0
 10
41.00596
 20
155.00486
 30
0
  0
SPLINE
  5
3D9
100
AcDbEntity
  8
Shape2DView001
  6
ByLayer
 62
  256
370
   -1
100
AcDbSpline
210
0
220
0
230
0
 70
    8
 71
    1
 72
    4
 73
    2
 74
    0
 42
1e-07
 43
1e-07
 40
0
 40
0
 40
0.37595
 40
0.37595
 10
41.00596
 20
155.00486
 30
0
 10
41.03032
 20
155.38002
 30
0
  0
SPLINE
  5
3DA
100
AcDbEntity
  8
Shape2DView001
  6
ByLayer
 62
  256
370
   -1
100
AcDbSpline
210
0
220
0
230
0
 70
    8
 71
    1
 72
    4
 73
    2
 74
    0
 42
1e-07
 43
1e-07
 40
0
 40
0
 40
0.3790656
 40
0.3790656
 10
41.03032
 20
155.38002
 30
0
 10
41.406166
 20
155.42932
 30
0
  0
SPLINE
  5
3DB
100
AcDbEntity
  8
Shape2DView001
  6
ByLayer
 62
  256
370
   -1
100
AcDbSpline
210
0
220
0
230
0
 70
    8
 71
    3
 72
    8
 73
    4
 74
    0
 42
1e-07
 43
1e-07
 40
0
 40
0
 40
0
 40
0
 40
1
 40
1
 40
1
 40
1
 10
41.406166
 20
155.42932
 30
0
 10
42.109598
 20
155.52162
 30
0
 10
42.68326
 20
155.54172
 30
0
 10
43.081945
 20
155.48812
 30
0
  0
SPLINE
  5
3DC
100
AcDbEntity
  8
Shape2DView001
  6
ByLayer
 62
  256
370
   -1
100
AcDbSpline
210
0
220
0
230
0
 70
    8
 71
    1
 72
    4
 73
    2
 74
    0
 42
1e-07
 43
1e-07
 40
0
 40
0
 40
0.0003969
 40
0.0003969
 10
43.081945
 20
155.48812
 30
0
 10
43.081674
 20
155.48783
 30
0
  0
SPLINE
  5
3DD
100
AcDbEntity
  8
Shape2DView001
  6
ByLayer
 62
  256
370
   -1
100
AcDbSpline
210
0
220
0
230
0
 70
    8
 71
    3
 72
    8
 73
    4
 74
    0
 42
1e-07
 43
1e-07
 40
0
 40
0
 40
0
 40
0
 40
1
 40
1
 40
1
 40
1
 10
37.81508
 20
155.48983
 30
0
 10
38.95155
 20
155.3401
 30
0
 10
39.711211
 20
154.65013
 30
0
 10
39.975937
 20
153.5272
 30
0
  0
SPLINE
  5
3DE
100
AcDbEntity
  8
Shape2DView001
  6
ByLayer
 62
  256
370
   -1
100
AcDbSpline
210
0
220
0
230
0
 70
    8
 71
    3
 72
    8
 73
    4
 74
    0
 42
1e-07
 43
1e-07
 40
0
 40
0
 40
0
 40
0
 40
1
 40
1
 40
1
 40
1
 10
39.975937
 20
153.5272
 30
0
 10
40.129845
 20
152.87434
 30
0
 10
40.127896
 20
151.14052
 30
0
 10
39.972737
 20
150.45724
 30
0
  0
SPLINE
  5
3DF
100
AcDbEntity
  8
Shape2DView001
  6
ByLayer
 62
  256
370
   -1
100
AcDbSpline
210
0
220
0
230
0
 70
    8
 71
    3
 72
    8
 73
    4
 74
    0
 42
1e-07
 43
1e-07
 40
0
 40
0
 40
0
 40
0
 40
1
 40
1
 40
1
 40
1
 10
39.972737
 20
150.45724
 30
0
 10
39.75881
 20
149.5167
 30
0
 10
39.133218
 20
148.77985
 30
0
 10
38.268688
 20
148.45016
 30
0
  0
SPLINE
  5
3E0
100
AcDbEntity
  8
Shape2DView001
  6
ByLayer
 62
  256
370
   -1
100
AcDbSpline
210
0
220
0
230
0
 70
    8
 71
    3
 72
    8
 73
    4
 74
    0
 42
1e-07
 43
1e-07
 40
0
 40
0
 40
0
 40
0
 40
1
 40
1
 40
1
 40
1
 10
38.268688
 20
148.45016
 30
0
 10
37.79446
 20
148.2693
 30
0
 10
36.27491
 20
148.26975
 30
0
 10
35.75571
 20
148.45116
 30
0
  0
SPLINE
  5
3E1
100
AcDbEntity
  8
Shape2DView001
  6
ByLayer
 62
  256
370
   -1
100
AcDbSpline
210
0
220
0
230
0
 70
    8
 71
    3
 72
    8
 73
    4
 74
    0
 42
1e-07
 43
1e-07
 40
0
 40
0
 40
0
 40
0
 40
1
 40
1
 40
1
 40
1
 10
35.75571
 20
148.45116
 30
0
 10
34.94787
 20
148.73301
 30
0
 10
34.41111
 20
149.43393
 30
0
 10
34.19022
 20
150.49543
 30
0
  0
SPLINE
  5
3E2
100
AcDbEntity
  8
Shape2DView001
  6
ByLayer
 62
  256
370
   -1
100
AcDbSpline
210
0
220
0
230
0
 70
    8
 71
    3
 72
    8
 73
    4
 74
    0
 42
1e-07
 43
1e-07
 40
0
 40
0
 40
0
 40
0
 40
1
 40
1
 40
1
 40
1
 10
34.19022
 20
150.49543
 30
0
 10
34.07014
 20
151.07247
 30
0
 10
34.07188
 20
151.38503
 30
0
 10
34.20042
 20
152.31705
 30
0
  0
SPLINE
  5
3E3
100
AcDbEntity
  8
Shape2DView001
  6
ByLayer
 62
  256
370
   -1
100
AcDbSpline
210
0
220
0
230
0
 70
    8
 71
    1
 72
    4
 73
    2
 74
    0
 42
1e-07
 43
1e-07
 40
0
 40
0
 40
0.3212636
 40
0.3212636
 10
34.20042
 20
152.31705
 30
0
 10
34.24432
 20
152.6353
 30
0
  0
SPLINE
  5
3E4
100
AcDbEntity
  8
Shape2DView001
  6
ByLayer
 62
  256
370
   -1
100
AcDbSpline
210
0
220
0
230
0
 70
    8
 71
    1
 72
    4
 73
    2
 74
    0
 42
1e-07
 43
1e-07
 40
0
 40
0
 40
2.0024899
 40
2.0024899
 10
34.24432
 20
152.6353
 30
0
 10
36.24671
 20
152.6553
 30
0
  0
SPLINE
  5
3E5
100
AcDbEntity
  8
Shape2DView001
  6
ByLayer
 62
  256
370
   -1
100
AcDbSpline
210
0
220
0
230
0
 70
    8
 71
    1
 72
    4
 73
    2
 74
    0
 42
1e-07
 43
1e-07
 40
0
 40
0
 40
2.0024959
 40
2.0024959
 10
36.24671
 20
152.6553
 30
0
 10
38.249106
 20
152.6753
 30
0
  0
SPLINE
  5
3E6
100
AcDbEntity
  8
Shape2DView001
  6
ByLayer
 62
  256
370
   -1
100
AcDbSpline
210
0
220
0
230
0
 70
    8
 71
    1
 72
    4
 73
    2
 74
    0
 42
1e-07
 43
1e-07
 40
0
 40
0
 40
0.280086
 40
0.280086
 10
38.249106
 20
152.6753
 30
0
 10
38.240706
 20
152.95526
 30
0
  0
SPLINE
  5
3E7
100
AcDbEntity
  8
Shape2DView001
  6
ByLayer
 62
  256
370
   -1
100
AcDbSpline
210
0
220
0
230
0
 70
    8
 71
    3
 72
    8
 73
    4
 74
    0
 42
1e-07
 43
1e-07
 40
0
 40
0
 40
0
 40
0
 40
1
 40
1
 40
1
 40
1
 10
38.240706
 20
152.95526
 30
0
 10
38.228746
 20
153.35359
 30
0
 10
37.91634
 20
153.7373
 30
0
 10
37.51419
 20
153.8476
 30
0
  0
SPLINE
  5
3E8
100
AcDbEntity
  8
Shape2DView001
  6
ByLayer
 62
  256
370
   -1
100
AcDbSpline
210
0
220
0
230
0
 70
    8
 71
    3
 72
    8
 73
    4
 74
    0
 42
1e-07
 43
1e-07
 40
0
 40
0
 40
0
 40
0
 40
1
 40
1
 40
1
 40
1
 10
37.51419
 20
153.8476
 30
0
 10
37.29506
 20
153.9077
 30
0
 10
36.782
 20
153.9196
 30
0
 10
35.85754
 20
153.8859
 30
0
  0
SPLINE
  5
3E9
100
AcDbEntity
  8
Shape2DView001
  6
ByLayer
 62
  256
370
   -1
100
AcDbSpline
210
0
220
0
230
0
 70
    8
 71
    3
 72
    8
 73
    4
 74
    0
 42
1e-07
 43
1e-07
 40
0
 40
0
 40
0
 40
0
 40
1
 40
1
 40
1
 40
1
 10
35.85754
 20
153.8859
 30
0
 10
35.12097
 20
153.8591
 30
0
 10
34.47828
 20
153.8294
 30
0
 10
34.42934
 20
153.82
 30
0
  0
SPLINE
  5
3EA
100
AcDbEntity
  8
Shape2DView001
  6
ByLayer
 62
  256
370
   -1
100
AcDbSpline
210
0
220
0
230
0
 70
    8
 71
    3
 72
    8
 73
    4
 74
    0
 42
1e-07
 43
1e-07
 40
0
 40
0
 40
0
 40
0
 40
1
 40
1
 40
1
 40
1
 10
34.42934
 20
153.82
 30
0
 10
34.36614
 20
153.8078
 30
0
 10
34.34034
 20
153.99867
 30
0
 10
34.34034
 20
154.47858
 30
0
  0
SPLINE
  5
3EB
100
AcDbEntity
  8
Shape2DView001
  6
ByLayer
 62
  256
370
   -1
100
AcDbSpline
210
0
220
0
230
0
 70
    8
 71
    1
 72
    4
 73
    2
 74
    0
 42
1e-07
 43
1e-07
 40
0
 40
0
 40
0.67572
 40
0.67572
 10
34.34034
 20
154.47858
 30
0
 10
34.34034
 20
155.1543
 30
0
  0
SPLINE
  5
3EC
100
AcDbEntity
  8
Shape2DView001
  6
ByLayer
 62
  256
370
   -1
100
AcDbSpline
210
0
220
0
230
0
 70
    8
 71
    1
 72
    4
 73
    2
 74
    0
 42
1e-07
 43
1e-07
 40
0
 40
0
 40
0.6144316
 40
0.6144316
 10
34.34034
 20
155.1543
 30
0
 10
34.94168
 20
155.28046
 30
0
  0
SPLINE
  5
3ED
100
AcDbEntity
  8
Shape2DView001
  6
ByLayer
 62
  256
370
   -1
100
AcDbSpline
210
0
220
0
230
0
 70
    8
 71
    3
 72
    8
 73
    4
 74
    0
 42
1e-07
 43
1e-07
 40
0
 40
0
 40
0
 40
0
 40
1
 40
1
 40
1
 40
1
 10
34.94168
 20
155.28046
 30
0
 10
35.27242
 20
155.34986
 30
0
 10
35.81363
 20
155.42761
 30
0
 10
36.14437
 20
155.45326
 30
0
  0
SPLINE
  5
3EE
100
AcDbEntity
  8
Shape2DView001
  6
ByLayer
 62
  256
370
   -1
100
AcDbSpline
210
0
220
0
230
0
 70
    8
 71
    3
 72
    8
 73
    4
 74
    0
 42
1e-07
 43
1e-07
 40
0
 40
0
 40
0
 40
0
 40
1
 40
1
 40
1
 40
1
 10
36.14437
 20
155.45326
 30
0
 10
36.47511
 20
155.47896
 30
0
 10
36.88102
 20
155.51156
 30
0
 10
37.04639
 20
155.52586
 30
0
  0
SPLINE
  5
3EF
100
AcDbEntity
  8
Shape2DView001
  6
ByLayer
 62
  256
370
   -1
100
AcDbSpline
210
0
220
0
230
0
 70
    8
 71
    3
 72
    8
 73
    4
 74
    0
 42
1e-07
 43
1e-07
 40
0
 40
0
 40
0
 40
0
 40
1
 40
1
 40
1
 40
1
 10
37.04639
 20
155.52586
 30
0
 10
37.21176
 20
155.54016
 30
0
 10
37.55778
 20
155.52386
 30
0
 10
37.81534
 20
155.49016
 30
0
  0
SPLINE
  5
3F0
100
AcDbEntity
  8
Shape2DView001
  6
ByLayer
 62
  256
370
   -1
100
AcDbSpline
210
0
220
0
230
0
 70
    8
 71
    1
 72
    4
 73
    2
 74
    0
 42
1e-07
 43
1e-07
 40
0
 40
0
 40
0.0004201
 40
0.0004201
 10
37.81534
 20
155.49016
 30
0
 10
37.81508
 20
155.48983
 30
0
  0
SPLINE
  5
3F1
100
AcDbEntity
  8
Shape2DView001
  6
ByLayer
 62
  256
370
   -1
100
AcDbSpline
210
0
220
0
230
0
 70
    8
 71
    3
 72
    8
 73
    4
 74
    0
 42
1e-07
 43
1e-07
 40
0
 40
0
 40
0
 40
0
 40
1
 40
1
 40
1
 40
1
 10
35.89805
 20
150.94618
 30
0
 10
35.87355
 20
150.58764
 30
0
 10
36.05858
 20
150.19274
 30
0
 10
36.35189
 20
149.97766
 30
0
  0
SPLINE
  5
3F2
100
AcDbEntity
  8
Shape2DView001
  6
ByLayer
 62
  256
370
   -1
100
AcDbSpline
210
0
220
0
230
0
 70
    8
 71
    3
 72
    8
 73
    4
 74
    0
 42
1e-07
 43
1e-07
 40
0
 40
0
 40
0
 40
0
 40
1
 40
1
 40
1
 40
1
 10
36.35189
 20
149.97766
 30
0
 10
36.51364
 20
149.85906
 30
0
 10
36.67581
 20
149.8253
 30
0
 10
37.08371
 20
149.8253
 30
0
  0
SPLINE
  5
3F3
100
AcDbEntity
  8
Shape2DView001
  6
ByLayer
 62
  256
370
   -1
100
AcDbSpline
210
0
220
0
230
0
 70
    8
 71
    3
 72
    8
 73
    4
 74
    0
 42
1e-07
 43
1e-07
 40
0
 40
0
 40
0
 40
0
 40
1
 40
1
 40
1
 40
1
 10
37.08371
 20
149.8253
 30
0
 10
37.49162
 20
149.8253
 30
0
 10
37.6538
 20
149.8591
 30
0
 10
37.81553
 20
149.97766
 30
0
  0
SPLINE
  5
3F4
100
AcDbEntity
  8
Shape2DView001
  6
ByLayer
 62
  256
370
   -1
100
AcDbSpline
210
0
220
0
230
0
 70
    8
 71
    3
 72
    8
 73
    4
 74
    0
 42
1e-07
 43
1e-07
 40
0
 40
0
 40
0
 40
0
 40
1
 40
1
 40
1
 40
1
 10
37.81553
 20
149.97766
 30
0
 10
38.098135
 20
150.18488
 30
0
 10
38.286147
 20
150.57997
 30
0
 10
38.286293
 20
150.96689
 30
0
  0
SPLINE
  5
3F5
100
AcDbEntity
  8
Shape2DView001
  6
ByLayer
 62
  256
370
   -1
100
AcDbSpline
210
0
220
0
230
0
 70
    8
 71
    1
 72
    4
 73
    2
 74
    0
 42
1e-07
 43
1e-07
 40
0
 40
0
 40
0.32137
 40
0.32137
 10
38.286293
 20
150.96689
 30
0
 10
38.286407
 20
151.28826
 30
0
  0
SPLINE
  5
3F6
100
AcDbEntity
  8
Shape2DView001
  6
ByLayer
 62
  256
370
   -1
100
AcDbSpline
210
0
220
0
230
0
 70
    8
 71
    1
 72
    4
 73
    2
 74
    0
 42
1e-07
 43
1e-07
 40
0
 40
0
 40
1.184078
 40
1.184078
 10
38.286407
 20
151.28826
 30
0
 10
37.10251
 20
151.26756
 30
0
  0
SPLINE
  5
3F7
100
AcDbEntity
  8
Shape2DView001
  6
ByLayer
 62
  256
370
   -1
100
AcDbSpline
210
0
220
0
230
0
 70
    8
 71
    1
 72
    4
 73
    2
 74
    0
 42
1e-07
 43
1e-07
 40
0
 40
0
 40
1.184081
 40
1.184081
 10
37.10251
 20
151.26756
 30
0
 10
35.91861
 20
151.24686
 30
0
  0
SPLINE
  5
3F8
100
AcDbEntity
  8
Shape2DView001
  6
ByLayer
 62
  256
370
   -1
100
AcDbSpline
210
0
220
0
230
0
 70
    8
 71
    1
 72
    4
 73
    2
 74
    0
 42
1e-07
 43
1e-07
 40
0
 40
0
 40
0.3013821
 40
0.3013821
 10
35.91861
 20
151.24686
 30
0
 10
35.89805
 20
150.94618
 30
0
  0
SPLINE
  5
3F9
100
AcDbEntity
  8
Shape2DView001
  6
ByLayer
 62
  256
370
   -1
100
AcDbSpline
210
0
220
0
230
0
 70
    8
 71
    3
 72
    8
 73
    4
 74
    0
 42
1e-07
 43
1e-07
 40
0
 40
0
 40
0
 40
0
 40
1
 40
1
 40
1
 40
1
 10
68.879851
 20
155.4285
 30
0
 10
69.708787
 20
155.1538
 30
0
 10
70.213548
 20
154.63341
 30
0
 10
70.50388700000001
 20
153.75417
 30
0
  0
SPLINE
  5
3FA
100
AcDbEntity
  8
Shape2DView001
  6
ByLayer
 62
  256
370
   -1
100
AcDbSpline
210
0
220
0
230
0
 70
    8
 71
    3
 72
    8
 73
    4
 74
    0
 42
1e-07
 43
1e-07
 40
0
 40
0
 40
0
 40
0
 40
1
 40
1
 40
1
 40
1
 10
70.50388700000001
 20
153.75417
 30
0
 10
70.69668
 20
153.17034
 30
0
 10
70.711259
 20
153.03869
 30
0
 10
70.710803
 20
151.88581
 30
0
  0
SPLINE
  5
3FB
100
AcDbEntity
  8
Shape2DView001
  6
ByLayer
 62
  256
370
   -1
100
AcDbSpline
210
0
220
0
230
0
 70
    8
 71
    3
 72
    8
 73
    4
 74
    0
 42
1e-07
 43
1e-07
 40
0
 40
0
 40
0
 40
0
 40
1
 40
1
 40
1
 40
1
 10
70.710803
 20
151.88581
 30
0
 10
70.710261
 20
150.71993
 30
0
 10
70.69744300000001
 20
150.60772
 30
0
 10
70.49580400000001
 20
150.01506
 30
0
  0
SPLINE
  5
3FC
100
AcDbEntity
  8
Shape2DView001
  6
ByLayer
 62
  256
370
   -1
100
AcDbSpline
210
0
220
0
230
0
 70
    8
 71
    3
 72
    8
 73
    4
 74
    0
 42
1e-07
 43
1e-07
 40
0
 40
0
 40
0
 40
0
 40
1
 40
1
 40
1
 40
1
 10
70.49580400000001
 20
150.01506
 30
0
 10
70.319923
 20
149.49812
 30
0
 10
70.211624
 20
149.31322
 30
0
 10
69.894418
 20
148.98832
 30
0
  0
SPLINE
  5
3FD
100
AcDbEntity
  8
Shape2DView001
  6
ByLayer
 62
  256
370
   -1
100
AcDbSpline
210
0
220
0
230
0
 70
    8
 71
    3
 72
    8
 73
    4
 74
    0
 42
1e-07
 43
1e-07
 40
0
 40
0
 40
0
 40
0
 40
1
 40
1
 40
1
 40
1
 10
69.894418
 20
148.98832
 30
0
 10
69.43125499999999
 20
148.51392
 30
0
 10
69.022012
 20
148.36446
 30
0
 10
68.015416
 20
148.30208
 30
0
  0
SPLINE
  5
3FE
100
AcDbEntity
  8
Shape2DView001
  6
ByLayer
 62
  256
370
   -1
100
AcDbSpline
210
0
220
0
230
0
 70
    8
 71
    3
 72
    8
 73
    4
 74
    0
 42
1e-07
 43
1e-07
 40
0
 40
0
 40
0
 40
0
 40
1
 40
1
 40
1
 40
1
 10
68.015416
 20
148.30208
 30
0
 10
67.383262
 20
148.26288
 30
0
 10
65.834453
 20
148.42536
 30
0
 10
65.62890400000001
 20
148.55239
 30
0
  0
SPLINE
  5
3FF
100
AcDbEntity
  8
Shape2DView001
  6
ByLayer
 62
  256
370
   -1
100
AcDbSpline
210
0
220
0
230
0
 70
    8
 71
    3
 72
    8
 73
    4
 74
    0
 42
1e-07
 43
1e-07
 40
0
 40
0
 40
0
 40
0
 40
1
 40
1
 40
1
 40
1
 10
65.62890400000001
 20
148.55239
 30
0
 10
65.545084
 20
148.60419
 30
0
 10
65.616974
 20
149.93438
 30
0
 10
65.707994
 20
150.01596
 30
0
  0
SPLINE
  5
400
100
AcDbEntity
  8
Shape2DView001
  6
ByLayer
 62
  256
370
   -1
100
AcDbSpline
210
0
220
0
230
0
 70
    8
 71
    3
 72
    8
 73
    4
 74
    0
 42
1e-07
 43
1e-07
 40
0
 40
0
 40
0
 40
0
 40
1
 40
1
 40
1
 40
1
 10
65.707994
 20
150.01596
 30
0
 10
65.73680400000001
 20
150.04176
 30
0
 10
66.030975
 20
150.03086
 30
0
 10
66.361716
 20
149.99166
 30
0
  0
SPLINE
  5
401
100
AcDbEntity
  8
Shape2DView001
  6
ByLayer
 62
  256
370
   -1
100
AcDbSpline
210
0
220
0
230
0
 70
    8
 71
    3
 72
    8
 73
    4
 74
    0
 42
1e-07
 43
1e-07
 40
0
 40
0
 40
0
 40
0
 40
1
 40
1
 40
1
 40
1
 10
66.361716
 20
149.99166
 30
0
 10
67.52998700000001
 20
149.85325
 30
0
 10
68.352279
 20
150.00586
 30
0
 10
68.61721300000001
 20
150.41017
 30
0
  0
SPLINE
  5
402
100
AcDbEntity
  8
Shape2DView001
  6
ByLayer
 62
  256
370
   -1
100
AcDbSpline
210
0
220
0
230
0
 70
    8
 71
    3
 72
    8
 73
    4
 74
    0
 42
1e-07
 43
1e-07
 40
0
 40
0
 40
0
 40
0
 40
1
 40
1
 40
1
 40
1
 10
68.61721300000001
 20
150.41017
 30
0
 10
68.818765
 20
150.71777
 30
0
 10
68.919928
 20
151.71562
 30
0
 10
68.823001
 20
152.44003
 30
0
  0
SPLINE
  5
403
100
AcDbEntity
  8
Shape2DView001
  6
ByLayer
 62
  256
370
   -1
100
AcDbSpline
210
0
220
0
230
0
 70
    8
 71
    3
 72
    8
 73
    4
 74
    0
 42
1e-07
 43
1e-07
 40
0
 40
0
 40
0
 40
0
 40
1
 40
1
 40
1
 40
1
 10
68.823001
 20
152.44003
 30
0
 10
68.72251199999999
 20
153.19108
 30
0
 10
68.586656
 20
153.49131
 30
0
 10
68.256062
 20
153.69288
 30
0
  0
SPLINE
  5
404
100
AcDbEntity
  8
Shape2DView001
  6
ByLayer
 62
  256
370
   -1
100
AcDbSpline
210
0
220
0
230
0
 70
    8
 71
    3
 72
    8
 73
    4
 74
    0
 42
1e-07
 43
1e-07
 40
0
 40
0
 40
0
 40
0
 40
1
 40
1
 40
1
 40
1
 10
68.256062
 20
153.69288
 30
0
 10
68.04434000000001
 20
153.82198
 30
0
 10
67.873115
 20
153.83965
 30
0
 10
66.83151599999999
 20
153.8399
 30
0
  0
SPLINE
  5
405
100
AcDbEntity
  8
Shape2DView001
  6
ByLayer
 62
  256
370
   -1
100
AcDbSpline
210
0
220
0
230
0
 70
    8
 71
    1
 72
    4
 73
    2
 74
    0
 42
1e-07
 43
1e-07
 40
0
 40
0
 40
1.183899
 40
1.183899
 10
66.83151599999999
 20
153.8399
 30
0
 10
65.647617
 20
153.84018
 30
0
  0
SPLINE
  5
406
100
AcDbEntity
  8
Shape2DView001
  6
ByLayer
 62
  256
370
   -1
100
AcDbSpline
210
0
220
0
230
0
 70
    8
 71
    1
 72
    4
 73
    2
 74
    0
 42
1e-07
 43
1e-07
 40
0
 40
0
 40
0.7011799999999999
 40
0.7011799999999999
 10
65.647617
 20
153.84018
 30
0
 10
65.647617
 20
154.54136
 30
0
  0
SPLINE
  5
407
100
AcDbEntity
  8
Shape2DView001
  6
ByLayer
 62
  256
370
   -1
100
AcDbSpline
210
0
220
0
230
0
 70
    8
 71
    1
 72
    4
 73
    2
 74
    0
 42
1e-07
 43
1e-07
 40
0
 40
0
 40
0.70119
 40
0.70119
 10
65.647617
 20
154.54136
 30
0
 10
65.647617
 20
155.24255
 30
0
  0
SPLINE
  5
408
100
AcDbEntity
  8
Shape2DView001
  6
ByLayer
 62
  256
370
   -1
100
AcDbSpline
210
0
220
0
230
0
 70
    8
 71
    1
 72
    4
 73
    2
 74
    0
 42
1e-07
 43
1e-07
 40
0
 40
0
 40
0.4061674
 40
0.4061674
 10
65.647617
 20
155.24255
 30
0
 10
66.042252
 20
155.33865
 30
0
  0
SPLINE
  5
409
100
AcDbEntity
  8
Shape2DView001
  6
ByLayer
 62
  256
370
   -1
100
AcDbSpline
210
0
220
0
230
0
 70
    8
 71
    3
 72
    8
 73
    4
 74
    0
 42
1e-07
 43
1e-07
 40
0
 40
0
 40
0
 40
0
 40
1
 40
1
 40
1
 40
1
 10
66.042252
 20
155.33865
 30
0
 10
66.507344
 20
155.45193
 30
0
 10
68.608389
 20
155.51844
 30
0
 10
68.87985
 20
155.42845
 30
0
  0
SPLINE
  5
40A
100
AcDbEntity
  8
Shape2DView001
  6
ByLayer
 62
  256
370
   -1
100
AcDbSpline
210
0
220
0
230
0
 70
    8
 71
    1
 72
    4
 73
    2
 74
    0
 42
1e-07
 43
1e-07
 40
0
 40
0
 40
5e-05
 40
5e-05
 10
68.87985
 20
155.42845
 30
0
 10
68.879851
 20
155.4285
 30
0
  0
SPLINE
  5
40B
100
AcDbEntity
  8
Shape2DView001
  6
ByLayer
 62
  256
370
   -1
100
AcDbSpline
210
0
220
0
230
0
 70
    8
 71
    3
 72
    8
 73
    4
 74
    0
 42
1e-07
 43
1e-07
 40
0
 40
0
 40
0
 40
0
 40
1
 40
1
 40
1
 40
1
 10
57.533174
 20
155.3965
 30
0
 10
58.82156
 20
155.02969
 30
0
 10
59.325258
 20
154.07567
 30
0
 10
59.330852
 20
151.99166
 30
0
  0
SPLINE
  5
40C
100
AcDbEntity
  8
Shape2DView001
  6
ByLayer
 62
  256
370
   -1
100
AcDbSpline
210
0
220
0
230
0
 70
    8
 71
    3
 72
    8
 73
    4
 74
    0
 42
1e-07
 43
1e-07
 40
0
 40
0
 40
0
 40
0
 40
1
 40
1
 40
1
 40
1
 10
59.330852
 20
151.99166
 30
0
 10
59.335252
 20
150.33956
 30
0
 10
58.954487
 20
149.33238
 30
0
 10
58.106869
 20
148.75434
 30
0
  0
SPLINE
  5
40D
100
AcDbEntity
  8
Shape2DView001
  6
ByLayer
 62
  256
370
   -1
100
AcDbSpline
210
0
220
0
230
0
 70
    8
 71
    3
 72
    8
 73
    4
 74
    0
 42
1e-07
 43
1e-07
 40
0
 40
0
 40
0
 40
0
 40
1
 40
1
 40
1
 40
1
 10
58.106869
 20
148.75434
 30
0
 10
57.668372
 20
148.4553
 30
0
 10
57.367672
 20
148.36399
 30
0
 10
56.622278
 20
148.30355
 30
0
  0
SPLINE
  5
40E
100
AcDbEntity
  8
Shape2DView001
  6
ByLayer
 62
  256
370
   -1
100
AcDbSpline
210
0
220
0
230
0
 70
    8
 71
    3
 72
    8
 73
    4
 74
    0
 42
1e-07
 43
1e-07
 40
0
 40
0
 40
0
 40
0
 40
1
 40
1
 40
1
 40
1
 10
56.622278
 20
148.30355
 30
0
 10
54.977654
 20
148.17021
 30
0
 10
53.823076
 20
148.84698
 30
0
 10
53.472198
 20
150.15004
 30
0
  0
SPLINE
  5
40F
100
AcDbEntity
  8
Shape2DView001
  6
ByLayer
 62
  256
370
   -1
100
AcDbSpline
210
0
220
0
230
0
 70
    8
 71
    3
 72
    8
 73
    4
 74
    0
 42
1e-07
 43
1e-07
 40
0
 40
0
 40
0
 40
0
 40
1
 40
1
 40
1
 40
1
 10
53.472198
 20
150.15004
 30
0
 10
53.379398
 20
150.49469
 30
0
 10
53.355524
 20
152.11482
 30
0
 10
53.438388
 20
152.44497
 30
0
  0
SPLINE
  5
410
100
AcDbEntity
  8
Shape2DView001
  6
ByLayer
 62
  256
370
   -1
100
AcDbSpline
210
0
220
0
230
0
 70
    8
 71
    1
 72
    4
 73
    2
 74
    0
 42
1e-07
 43
1e-07
 40
0
 40
0
 40
0.1958525
 40
0.1958525
 10
53.438388
 20
152.44497
 30
0
 10
53.486068
 20
152.63493
 30
0
  0
SPLINE
  5
411
100
AcDbEntity
  8
Shape2DView001
  6
ByLayer
 62
  256
370
   -1
100
AcDbSpline
210
0
220
0
230
0
 70
    8
 71
    1
 72
    4
 73
    2
 74
    0
 42
1e-07
 43
1e-07
 40
0
 40
0
 40
2.0030029
 40
2.0030029
 10
53.486068
 20
152.63493
 30
0
 10
55.488971
 20
152.65493
 30
0
  0
SPLINE
  5
412
100
AcDbEntity
  8
Shape2DView001
  6
ByLayer
 62
  256
370
   -1
100
AcDbSpline
210
0
220
0
230
0
 70
    8
 71
    1
 72
    4
 73
    2
 74
    0
 42
1e-07
 43
1e-07
 40
0
 40
0
 40
2.0030039
 40
2.0030039
 10
55.488971
 20
152.65493
 30
0
 10
57.491875
 20
152.67493
 30
0
  0
SPLINE
  5
413
100
AcDbEntity
  8
Shape2DView001
  6
ByLayer
 62
  256
370
   -1
100
AcDbSpline
210
0
220
0
230
0
 70
    8
 71
    1
 72
    4
 73
    2
 74
    0
 42
1e-07
 43
1e-07
 40
0
 40
0
 40
0.2096723
 40
0.2096723
 10
57.491875
 20
152.67493
 30
0
 10
57.515825
 20
152.88323
 30
0
  0
SPLINE
  5
414
100
AcDbEntity
  8
Shape2DView001
  6
ByLayer
 62
  256
370
   -1
100
AcDbSpline
210
0
220
0
230
0
 70
    8
 71
    3
 72
    8
 73
    4
 74
    0
 42
1e-07
 43
1e-07
 40
0
 40
0
 40
0
 40
0
 40
1
 40
1
 40
1
 40
1
 10
57.515825
 20
152.88323
 30
0
 10
57.544545
 20
153.13315
 30
0
 10
57.306338
 20
153.54458
 30
0
 10
57.020763
 20
153.7383
 30
0
  0
SPLINE
  5
415
100
AcDbEntity
  8
Shape2DView001
  6
ByLayer
 62
  256
370
   -1
100
AcDbSpline
210
0
220
0
230
0
 70
    8
 71
    3
 72
    8
 73
    4
 74
    0
 42
1e-07
 43
1e-07
 40
0
 40
0
 40
0
 40
0
 40
1
 40
1
 40
1
 40
1
 10
57.020763
 20
153.7383
 30
0
 10
56.834502
 20
153.86464
 30
0
 10
56.663115
 20
153.87622
 30
0
 10
55.180465
 20
153.86263
 30
0
  0
SPLINE
  5
416
100
AcDbEntity
  8
Shape2DView001
  6
ByLayer
 62
  256
370
   -1
100
AcDbSpline
210
0
220
0
230
0
 70
    8
 71
    1
 72
    4
 73
    2
 74
    0
 42
1e-07
 43
1e-07
 40
0
 40
0
 40
1.6349748
 40
1.6349748
 10
55.180465
 20
153.86263
 30
0
 10
53.545559
 20
153.84763
 30
0
  0
SPLINE
  5
417
100
AcDbEntity
  8
Shape2DView001
  6
ByLayer
 62
  256
370
   -1
100
AcDbSpline
210
0
220
0
230
0
 70
    8
 71
    1
 72
    4
 73
    2
 74
    0
 42
1e-07
 43
1e-07
 40
0
 40
0
 40
0.6306999999999999
 40
0.6306999999999999
 10
53.545559
 20
153.84763
 30
0
 10
53.545559
 20
154.47833
 30
0
  0
SPLINE
  5
418
100
AcDbEntity
  8
Shape2DView001
  6
ByLayer
 62
  256
370
   -1
100
AcDbSpline
210
0
220
0
230
0
 70
    8
 71
    3
 72
    8
 73
    4
 74
    0
 42
1e-07
 43
1e-07
 40
0
 40
0
 40
0
 40
0
 40
1
 40
1
 40
1
 40
1
 10
53.545559
 20
154.47833
 30
0
 10
53.545559
 20
154.82521
 30
0
 10
53.573399
 20
155.12623
 30
0
 10
53.607449
 20
155.14727
 30
0
  0
SPLINE
  5
419
100
AcDbEntity
  8
Shape2DView001
  6
ByLayer
 62
  256
370
   -1
100
AcDbSpline
210
0
220
0
230
0
 70
    8
 71
    3
 72
    8
 73
    4
 74
    0
 42
1e-07
 43
1e-07
 40
0
 40
0
 40
0
 40
0
 40
1
 40
1
 40
1
 40
1
 10
53.607449
 20
155.14727
 30
0
 10
54.019306
 20
155.4018
 30
0
 10
56.877237
 20
155.58324
 30
0
 10
57.533191
 20
155.39648
 30
0
  0
SPLINE
  5
41A
100
AcDbEntity
  8
Shape2DView001
  6
ByLayer
 62
  256
370
   -1
100
AcDbSpline
210
0
220
0
230
0
 70
    8
 71
    1
 72
    4
 73
    2
 74
    0
 42
1e-07
 43
1e-07
 40
0
 40
0
 40
2.62e-05
 40
2.62e-05
 10
57.533191
 20
155.39648
 30
0
 10
57.533174
 20
155.3965
 30
0
  0
SPLINE
  5
41B
100
AcDbEntity
  8
Shape2DView001
  6
ByLayer
 62
  256
370
   -1
100
AcDbSpline
210
0
220
0
230
0
 70
    8
 71
    3
 72
    8
 73
    4
 74
    0
 42
1e-07
 43
1e-07
 40
0
 40
0
 40
0
 40
0
 40
1
 40
1
 40
1
 40
1
 10
55.146312
 20
150.86508
 30
0
 10
55.222892
 20
150.12308
 30
0
 10
55.556979
 20
149.81701
 30
0
 10
56.285875
 20
149.8211
 30
0
  0
SPLINE
  5
41C
100
AcDbEntity
  8
Shape2DView001
  6
ByLayer
 62
  256
370
   -1
100
AcDbSpline
210
0
220
0
230
0
 70
    8
 71
    3
 72
    8
 73
    4
 74
    0
 42
1e-07
 43
1e-07
 40
0
 40
0
 40
0
 40
0
 40
1
 40
1
 40
1
 40
1
 10
56.285875
 20
149.8211
 30
0
 10
57.073423
 20
149.8251
 30
0
 10
57.431259
 20
150.12911
 30
0
 10
57.506338
 20
150.85654
 30
0
  0
SPLINE
  5
41D
100
AcDbEntity
  8
Shape2DView001
  6
ByLayer
 62
  256
370
   -1
100
AcDbSpline
210
0
220
0
230
0
 70
    8
 71
    1
 72
    4
 73
    2
 74
    0
 42
1e-07
 43
1e-07
 40
0
 40
0
 40
0.4300622
 40
0.4300622
 10
57.506338
 20
150.85654
 30
0
 10
57.550488
 20
151.28433
 30
0
  0
SPLINE
  5
41E
100
AcDbEntity
  8
Shape2DView001
  6
ByLayer
 62
  256
370
   -1
100
AcDbSpline
210
0
220
0
230
0
 70
    8
 71
    1
 72
    4
 73
    2
 74
    0
 42
1e-07
 43
1e-07
 40
0
 40
0
 40
1.223725
 40
1.223725
 10
57.550488
 20
151.28433
 30
0
 10
56.326763
 20
151.28433
 30
0
  0
SPLINE
  5
41F
100
AcDbEntity
  8
Shape2DView001
  6
ByLayer
 62
  256
370
   -1
100
AcDbSpline
210
0
220
0
230
0
 70
    8
 71
    1
 72
    4
 73
    2
 74
    0
 42
1e-07
 43
1e-07
 40
0
 40
0
 40
1.223721
 40
1.223721
 10
56.326763
 20
151.28433
 30
0
 10
55.103042
 20
151.28433
 30
0
  0
SPLINE
  5
420
100
AcDbEntity
  8
Shape2DView001
  6
ByLayer
 62
  256
370
   -1
100
AcDbSpline
210
0
220
0
230
0
 70
    8
 71
    1
 72
    4
 73
    2
 74
    0
 42
1e-07
 43
1e-07
 40
0
 40
0
 40
0.421477
 40
0.421477
 10
55.103042
 20
151.28433
 30
0
 10
55.146312
 20
150.86508
 30
0
  0
SPLINE
  5
421
100
AcDbEntity
  8
Shape2DView001
  6
ByLayer
 62
  256
370
   -1
100
AcDbSpline
210
0
220
0
230
0
 70
    8
 71
    3
 72
    8
 73
    4
 74
    0
 42
1e-07
 43
1e-07
 40
0
 40
0
 40
0
 40
0
 40
1
 40
1
 40
1
 40
1
 10
64.09316099999999
 20
155.35669
 30
0
 10
64.20921300000001
 20
155.33429
 30
0
 10
64.219424
 20
155.05322
 30
0
 10
64.219424
 20
151.88016
 30
0
  0
SPLINE
  5
422
100
AcDbEntity
  8
Shape2DView001
  6
ByLayer
 62
  256
370
   -1
100
AcDbSpline
210
0
220
0
230
0
 70
    8
 71
    1
 72
    4
 73
    2
 74
    0
 42
1e-07
 43
1e-07
 40
0
 40
0
 40
3.45222
 40
3.45222
 10
64.219424
 20
151.88016
 30
0
 10
64.219424
 20
148.42794
 30
0
  0
SPLINE
  5
423
100
AcDbEntity
  8
Shape2DView001
  6
ByLayer
 62
  256
370
   -1
100
AcDbSpline
210
0
220
0
230
0
 70
    8
 71
    1
 72
    4
 73
    2
 74
    0
 42
1e-07
 43
1e-07
 40
0
 40
0
 40
0.9020189999999999
 40
0.9020189999999999
 10
64.219424
 20
148.42794
 30
0
 10
63.317405
 20
148.42794
 30
0
  0
SPLINE
  5
424
100
AcDbEntity
  8
Shape2DView001
  6
ByLayer
 62
  256
370
   -1
100
AcDbSpline
210
0
220
0
230
0
 70
    8
 71
    1
 72
    4
 73
    2
 74
    0
 42
1e-07
 43
1e-07
 40
0
 40
0
 40
0.902018
 40
0.902018
 10
63.317405
 20
148.42794
 30
0
 10
62.415387
 20
148.42794
 30
0
  0
SPLINE
  5
425
100
AcDbEntity
  8
Shape2DView001
  6
ByLayer
 62
  256
370
   -1
100
AcDbSpline
210
0
220
0
230
0
 70
    8
 71
    1
 72
    4
 73
    2
 74
    0
 42
1e-07
 43
1e-07
 40
0
 40
0
 40
0.2256958
 40
0.2256958
 10
62.415387
 20
148.42794
 30
0
 10
62.405987
 20
148.65344
 30
0
  0
SPLINE
  5
426
100
AcDbEntity
  8
Shape2DView001
  6
ByLayer
 62
  256
370
   -1
100
AcDbSpline
210
0
220
0
230
0
 70
    8
 71
    3
 72
    8
 73
    4
 74
    0
 42
1e-07
 43
1e-07
 40
0
 40
0
 40
0
 40
0
 40
1
 40
1
 40
1
 40
1
 10
62.405987
 20
148.65344
 30
0
 10
62.393087
 20
148.96314
 30
0
 10
62.384657
 20
149.00991
 30
0
 10
62.332227
 20
149.06233
 30
0
  0
SPLINE
  5
427
100
AcDbEntity
  8
Shape2DView001
  6
ByLayer
 62
  256
370
   -1
100
AcDbSpline
210
0
220
0
230
0
 70
    8
 71
    3
 72
    8
 73
    4
 74
    0
 42
1e-07
 43
1e-07
 40
0
 40
0
 40
0
 40
0
 40
1
 40
1
 40
1
 40
1
 10
62.332227
 20
149.06233
 30
0
 10
62.307167
 20
149.08743
 30
0
 10
62.002733
 20
148.97253
 30
0
 10
61.655714
 20
148.80709
 30
0
  0
SPLINE
  5
428
100
AcDbEntity
  8
Shape2DView001
  6
ByLayer
 62
  256
370
   -1
100
AcDbSpline
210
0
220
0
230
0
 70
    8
 71
    3
 72
    8
 73
    4
 74
    0
 42
1e-07
 43
1e-07
 40
0
 40
0
 40
0
 40
0
 40
1
 40
1
 40
1
 40
1
 10
61.655714
 20
148.80709
 30
0
 10
61.308696
 20
148.64165
 30
0
 10
60.83873
 20
148.45937
 30
0
 10
60.611344
 20
148.40203
 30
0
  0
SPLINE
  5
429
100
AcDbEntity
  8
Shape2DView001
  6
ByLayer
 62
  256
370
   -1
100
AcDbSpline
210
0
220
0
230
0
 70
    8
 71
    1
 72
    4
 73
    2
 74
    0
 42
1e-07
 43
1e-07
 40
0
 40
0
 40
0.4263635
 40
0.4263635
 10
60.611344
 20
148.40203
 30
0
 10
60.197922
 20
148.29778
 30
0
  0
SPLINE
  5
42A
100
AcDbEntity
  8
Shape2DView001
  6
ByLayer
 62
  256
370
   -1
100
AcDbSpline
210
0
220
0
230
0
 70
    8
 71
    1
 72
    4
 73
    2
 74
    0
 42
1e-07
 43
1e-07
 40
0
 40
0
 40
0.8671511
 40
0.8671511
 10
60.197922
 20
148.29778
 30
0
 10
60.176642
 20
149.16467
 30
0
  0
SPLINE
  5
42B
100
AcDbEntity
  8
Shape2DView001
  6
ByLayer
 62
  256
370
   -1
100
AcDbSpline
210
0
220
0
230
0
 70
    8
 71
    3
 72
    8
 73
    4
 74
    0
 42
1e-07
 43
1e-07
 40
0
 40
0
 40
0
 40
0
 40
1
 40
1
 40
1
 40
1
 10
60.176642
 20
149.16467
 30
0
 10
60.164942
 20
149.64146
 30
0
 10
60.181842
 20
150.0559
 30
0
 10
60.214222
 20
150.08565
 30
0
  0
SPLINE
  5
42C
100
AcDbEntity
  8
Shape2DView001
  6
ByLayer
 62
  256
370
   -1
100
AcDbSpline
210
0
220
0
230
0
 70
    8
 71
    3
 72
    8
 73
    4
 74
    0
 42
1e-07
 43
1e-07
 40
0
 40
0
 40
0
 40
0
 40
1
 40
1
 40
1
 40
1
 10
60.214222
 20
150.08565
 30
0
 10
60.246602
 20
150.11545
 30
0
 10
60.658
 20
150.23065
 30
0
 10
61.128445
 20
150.34175
 30
0
  0
SPLINE
  5
42D
100
AcDbEntity
  8
Shape2DView001
  6
ByLayer
 62
  256
370
   -1
100
AcDbSpline
210
0
220
0
230
0
 70
    8
 71
    3
 72
    8
 73
    4
 74
    0
 42
1e-07
 43
1e-07
 40
0
 40
0
 40
0
 40
0
 40
1
 40
1
 40
1
 40
1
 10
61.128445
 20
150.34175
 30
0
 10
61.598889
 20
150.45285
 30
0
 10
62.063992
 20
150.57424
 30
0
 10
62.162007
 20
150.61151
 30
0
  0
SPLINE
  5
42E
100
AcDbEntity
  8
Shape2DView001
  6
ByLayer
 62
  256
370
   -1
100
AcDbSpline
210
0
220
0
230
0
 70
    8
 71
    1
 72
    4
 73
    2
 74
    0
 42
1e-07
 43
1e-07
 40
0
 40
0
 40
0.1906716
 40
0.1906716
 10
62.162007
 20
150.61151
 30
0
 10
62.340217
 20
150.67931
 30
0
  0
SPLINE
  5
42F
100
AcDbEntity
  8
Shape2DView001
  6
ByLayer
 62
  256
370
   -1
100
AcDbSpline
210
0
220
0
230
0
 70
    8
 71
    1
 72
    4
 73
    2
 74
    0
 42
1e-07
 43
1e-07
 40
0
 40
0
 40
2.33208
 40
2.33208
 10
62.340217
 20
150.67931
 30
0
 10
62.340217
 20
153.01139
 30
0
  0
SPLINE
  5
430
100
AcDbEntity
  8
Shape2DView001
  6
ByLayer
 62
  256
370
   -1
100
AcDbSpline
210
0
220
0
230
0
 70
    8
 71
    1
 72
    4
 73
    2
 74
    0
 42
1e-07
 43
1e-07
 40
0
 40
0
 40
2.33207
 40
2.33207
 10
62.340217
 20
153.01139
 30
0
 10
62.340217
 20
155.34346
 30
0
  0
SPLINE
  5
431
100
AcDbEntity
  8
Shape2DView001
  6
ByLayer
 62
  256
370
   -1
100
AcDbSpline
210
0
220
0
230
0
 70
    8
 71
    1
 72
    4
 73
    2
 74
    0
 42
1e-07
 43
1e-07
 40
0
 40
0
 40
0.2068295
 40
0.2068295
 10
62.340217
 20
155.34346
 30
0
 10
62.546928
 20
155.35046
 30
0
  0
SPLINE
  5
432
100
AcDbEntity
  8
Shape2DView001
  6
ByLayer
 62
  256
370
   -1
100
AcDbSpline
210
0
220
0
230
0
 70
    8
 71
    3
 72
    8
 73
    4
 74
    0
 42
1e-07
 43
1e-07
 40
0
 40
0
 40
0
 40
0
 40
1
 40
1
 40
1
 40
1
 10
62.546928
 20
155.35046
 30
0
 10
63.212291
 20
155.37436
 30
0
 10
63.984117
 20
155.37736
 30
0
 10
64.093158
 20
155.35646
 30
0
  0
SPLINE
  5
433
100
AcDbEntity
  8
Shape2DView001
  6
ByLayer
 62
  256
370
   -1
100
AcDbSpline
210
0
220
0
230
0
 70
    8
 71
    1
 72
    4
 73
    2
 74
    0
 42
1e-07
 43
1e-07
 40
0
 40
0
 40
0.00023
 40
0.00023
 10
64.093158
 20
155.35646
 30
0
 10
64.09316099999999
 20
155.35669
 30
0
  0
SPLINE
  5
434
100
AcDbEntity
  8
Shape2DView001
  6
ByLayer
 62
  256
370
   -1
100
AcDbSpline
210
0
220
0
230
0
 70
    8
 71
    3
 72
    8
 73
    4
 74
    0
 42
1e-07
 43
1e-07
 40
0
 40
0
 40
0
 40
0
 40
1
 40
1
 40
1
 40
1
 10
32.6716
 20
155.29559
 30
0
 10
32.7004
 20
155.26679
 30
0
 10
32.7239
 20
154.77594
 30
0
 10
32.7239
 20
154.20482
 30
0
  0
SPLINE
  5
435
100
AcDbEntity
  8
Shape2DView001
  6
ByLayer
 62
  256
370
   -1
100
AcDbSpline
210
0
220
0
230
0
 70
    8
 71
    3
 72
    8
 73
    4
 74
    0
 42
1e-07
 43
1e-07
 40
0
 40
0
 40
0
 40
0
 40
1
 40
1
 40
1
 40
1
 10
32.7239
 20
154.20482
 30
0
 10
32.7239
 20
152.98258
 30
0
 10
32.8101
 20
153.06962
 30
0
 10
31.63396
 20
153.104
 30
0
  0
SPLINE
  5
436
100
AcDbEntity
  8
Shape2DView001
  6
ByLayer
 62
  256
370
   -1
100
AcDbSpline
210
0
220
0
230
0
 70
    8
 71
    1
 72
    4
 73
    2
 74
    0
 42
1e-07
 43
1e-07
 40
0
 40
0
 40
0.7520019
 40
0.7520019
 10
31.63396
 20
153.104
 30
0
 10
30.88228
 20
153.126
 30
0
  0
SPLINE
  5
437
100
AcDbEntity
  8
Shape2DView001
  6
ByLayer
 62
  256
370
   -1
100
AcDbSpline
210
0
220
0
230
0
 70
    8
 71
    1
 72
    4
 73
    2
 74
    0
 42
1e-07
 43
1e-07
 40
0
 40
0
 40
1.08995
 40
1.08995
 10
30.88228
 20
153.126
 30
0
 10
30.88228
 20
154.21595
 30
0
  0
SPLINE
  5
438
100
AcDbEntity
  8
Shape2DView001
  6
ByLayer
 62
  256
370
   -1
100
AcDbSpline
210
0
220
0
230
0
 70
    8
 71
    1
 72
    4
 73
    2
 74
    0
 42
1e-07
 43
1e-07
 40
0
 40
0
 40
1.08993
 40
1.08993
 10
30.88228
 20
154.21595
 30
0
 10
30.88228
 20
155.30588
 30
0
  0
SPLINE
  5
439
100
AcDbEntity
  8
Shape2DView001
  6
ByLayer
 62
  256
370
   -1
100
AcDbSpline
210
0
220
0
230
0
 70
    8
 71
    1
 72
    4
 73
    2
 74
    0
 42
1e-07
 43
1e-07
 40
0
 40
0
 40
0.8686963
 40
0.8686963
 10
30.88228
 20
155.30588
 30
0
 10
31.75072
 20
155.32698
 30
0
  0
SPLINE
  5
43A
100
AcDbEntity
  8
Shape2DView001
  6
ByLayer
 62
  256
370
   -1
100
AcDbSpline
210
0
220
0
230
0
 70
    8
 71
    3
 72
    8
 73
    4
 74
    0
 42
1e-07
 43
1e-07
 40
0
 40
0
 40
0
 40
0
 40
1
 40
1
 40
1
 40
1
 10
31.75072
 20
155.32698
 30
0
 10
32.22837
 20
155.33858
 30
0
 10
32.64273
 20
155.32398
 30
0
 10
32.67153
 20
155.29568
 30
0
  0
SPLINE
  5
43B
100
AcDbEntity
  8
Shape2DView001
  6
ByLayer
 62
  256
370
   -1
100
AcDbSpline
210
0
220
0
230
0
 70
    8
 71
    1
 72
    4
 73
    2
 74
    0
 42
1e-07
 43
1e-07
 40
0
 40
0
 40
0.000114
 40
0.000114
 10
32.67153
 20
155.29568
 30
0
 10
32.6716
 20
155.29559
 30
0
  0
SPLINE
  5
43C
100
AcDbEntity
  8
Shape2DView001
  6
ByLayer
 62
  256
370
   -1
100
AcDbSpline
210
0
220
0
230
0
 70
    8
 71
    3
 72
    8
 73
    4
 74
    0
 42
1e-07
 43
1e-07
 40
0
 40
0
 40
0
 40
0
 40
1
 40
1
 40
1
 40
1
 10
32.22284
 20
151.53492
 30
0
 10
32.25044
 20
151.50742
 30
0
 10
32.27294
 20
151.3636
 30
0
 10
32.27284
 20
151.21546
 30
0
  0
SPLINE
  5
43D
100
AcDbEntity
  8
Shape2DView001
  6
ByLayer
 62
  256
370
   -1
100
AcDbSpline
210
0
220
0
230
0
 70
    8
 71
    3
 72
    8
 73
    4
 74
    0
 42
1e-07
 43
1e-07
 40
0
 40
0
 40
0
 40
0
 40
1
 40
1
 40
1
 40
1
 10
32.27284
 20
151.21546
 30
0
 10
32.27279
 20
151.06731
 30
0
 10
32.31104
 20
150.67226
 30
0
 10
32.35774
 20
150.33756
 30
0
  0
SPLINE
  5
43E
100
AcDbEntity
  8
Shape2DView001
  6
ByLayer
 62
  256
370
   -1
100
AcDbSpline
210
0
220
0
230
0
 70
    8
 71
    3
 72
    8
 73
    4
 74
    0
 42
1e-07
 43
1e-07
 40
0
 40
0
 40
0
 40
0
 40
1
 40
1
 40
1
 40
1
 10
32.35774
 20
150.33756
 30
0
 10
32.43304
 20
149.79879
 30
0
 10
32.42444
 20
149.63934
 30
0
 10
32.28264
 20
148.94695
 30
0
  0
SPLINE
  5
43F
100
AcDbEntity
  8
Shape2DView001
  6
ByLayer
 62
  256
370
   -1
100
AcDbSpline
210
0
220
0
230
0
 70
    8
 71
    3
 72
    8
 73
    4
 74
    0
 42
1e-07
 43
1e-07
 40
0
 40
0
 40
0
 40
0
 40
1
 40
1
 40
1
 40
1
 10
32.28264
 20
148.94695
 30
0
 10
32.13125
 20
148.20763
 30
0
 10
32.1225
 20
147.95023
 30
0
 10
32.12253
 20
144.23734
 30
0
  0
SPLINE
  5
440
100
AcDbEntity
  8
Shape2DView001
  6
ByLayer
 62
  256
370
   -1
100
AcDbSpline
210
0
220
0
230
0
 70
    8
 71
    1
 72
    4
 73
    2
 74
    0
 42
1e-07
 43
1e-07
 40
0
 40
0
 40
3.92753
 40
3.92753
 10
32.12253
 20
144.23734
 30
0
 10
32.12256
 20
140.30981
 30
0
  0
SPLINE
  5
441
100
AcDbEntity
  8
Shape2DView001
  6
ByLayer
 62
  256
370
   -1
100
AcDbSpline
210
0
220
0
230
0
 70
    8
 71
    1
 72
    4
 73
    2
 74
    0
 42
1e-07
 43
1e-07
 40
0
 40
0
 40
0.38162
 40
0.38162
 10
32.12256
 20
140.30981
 30
0
 10
32.50418
 20
140.30981
 30
0
  0
SPLINE
  5
442
100
AcDbEntity
  8
Shape2DView001
  6
ByLayer
 62
  256
370
   -1
100
AcDbSpline
210
0
220
0
230
0
 70
    8
 71
    3
 72
    8
 73
    4
 74
    0
 42
1e-07
 43
1e-07
 40
0
 40
0
 40
0
 40
0
 40
1
 40
1
 40
1
 40
1
 10
32.50418
 20
140.30981
 30
0
 10
32.82888
 20
140.30981
 30
0
 10
32.9198
 20
140.27581
 30
0
 10
33.11371
 20
140.08191
 30
0
  0
SPLINE
  5
443
100
AcDbEntity
  8
Shape2DView001
  6
ByLayer
 62
  256
370
   -1
100
AcDbSpline
210
0
220
0
230
0
 70
    8
 71
    3
 72
    8
 73
    4
 74
    0
 42
1e-07
 43
1e-07
 40
0
 40
0
 40
0
 40
0
 40
1
 40
1
 40
1
 40
1
 10
33.11371
 20
140.08191
 30
0
 10
33.30648
 20
139.88913
 30
0
 10
33.33388
 20
139.81672
 30
0
 10
33.29143
 20
139.61211
 30
0
  0
SPLINE
  5
444
100
AcDbEntity
  8
Shape2DView001
  6
ByLayer
 62
  256
370
   -1
100
AcDbSpline
210
0
220
0
230
0
 70
    8
 71
    3
 72
    8
 73
    4
 74
    0
 42
1e-07
 43
1e-07
 40
0
 40
0
 40
0
 40
0
 40
1
 40
1
 40
1
 40
1
 10
33.29143
 20
139.61211
 30
0
 10
33.26383
 20
139.47906
 30
0
 10
33.24683
 20
139.30256
 30
0
 10
33.25383
 20
139.21987
 30
0
  0
SPLINE
  5
445
100
AcDbEntity
  8
Shape2DView001
  6
ByLayer
 62
  256
370
   -1
100
AcDbSpline
210
0
220
0
230
0
 70
    8
 71
    3
 72
    8
 73
    4
 74
    0
 42
1e-07
 43
1e-07
 40
0
 40
0
 40
0
 40
0
 40
1
 40
1
 40
1
 40
1
 10
33.25383
 20
139.21987
 30
0
 10
33.31443
 20
138.49412
 30
0
 10
33.31273
 20
130.42876
 30
0
 10
33.25183
 20
130.09959
 30
0
  0
SPLINE
  5
446
100
AcDbEntity
  8
Shape2DView001
  6
ByLayer
 62
  256
370
   -1
100
AcDbSpline
210
0
220
0
230
0
 70
    8
 71
    3
 72
    8
 73
    4
 74
    0
 42
1e-07
 43
1e-07
 40
0
 40
0
 40
0
 40
0
 40
1
 40
1
 40
1
 40
1
 10
33.25183
 20
130.09959
 30
0
 10
33.20893
 20
129.86728
 30
0
 10
33.08983
 20
129.57616
 30
0
 10
32.97759
 20
129.42901
 30
0
  0
SPLINE
  5
447
100
AcDbEntity
  8
Shape2DView001
  6
ByLayer
 62
  256
370
   -1
100
AcDbSpline
210
0
220
0
230
0
 70
    8
 71
    3
 72
    8
 73
    4
 74
    0
 42
1e-07
 43
1e-07
 40
0
 40
0
 40
0
 40
0
 40
1
 40
1
 40
1
 40
1
 10
32.97759
 20
129.42901
 30
0
 10
32.6791
 20
129.03767
 30
0
 10
32.36362
 20
128.93752
 30
0
 10
31.54247
 20
128.97343
 30
0
  0
SPLINE
  5
448
100
AcDbEntity
  8
Shape2DView001
  6
ByLayer
 62
  256
370
   -1
100
AcDbSpline
210
0
220
0
230
0
 70
    8
 71
    3
 72
    8
 73
    4
 74
    0
 42
1e-07
 43
1e-07
 40
0
 40
0
 40
0
 40
0
 40
1
 40
1
 40
1
 40
1
 10
31.54247
 20
128.97343
 30
0
 10
30.79487
 20
129.00613
 30
0
 10
30.60375
 20
129.08841
 30
0
 10
30.28558
 20
129.51453
 30
0
  0
SPLINE
  5
449
100
AcDbEntity
  8
Shape2DView001
  6
ByLayer
 62
  256
370
   -1
100
AcDbSpline
210
0
220
0
230
0
 70
    8
 71
    3
 72
    8
 73
    4
 74
    0
 42
1e-07
 43
1e-07
 40
0
 40
0
 40
0
 40
0
 40
1
 40
1
 40
1
 40
1
 10
30.28558
 20
129.51453
 30
0
 10
30.13262
 20
129.71938
 30
0
 10
30.13077
 20
129.78269
 30
0
 10
30.14369
 20
134.35823
 30
0
  0
SPLINE
  5
44A
100
AcDbEntity
  8
Shape2DView001
  6
ByLayer
 62
  256
370
   -1
100
AcDbSpline
210
0
220
0
230
0
 70
    8
 71
    3
 72
    8
 73
    4
 74
    0
 42
1e-07
 43
1e-07
 40
0
 40
0
 40
0
 40
0
 40
1
 40
1
 40
1
 40
1
 10
30.14369
 20
134.35823
 30
0
 10
30.15069
 20
136.90811
 30
0
 10
30.17039
 20
139.22777
 30
0
 10
30.18699
 20
139.51304
 30
0
  0
SPLINE
  5
44B
100
AcDbEntity
  8
Shape2DView001
  6
ByLayer
 62
  256
370
   -1
100
AcDbSpline
210
0
220
0
230
0
 70
    8
 71
    3
 72
    8
 73
    4
 74
    0
 42
1e-07
 43
1e-07
 40
0
 40
0
 40
0
 40
0
 40
1
 40
1
 40
1
 40
1
 10
30.18699
 20
139.51304
 30
0
 10
30.22519
 20
140.16815
 30
0
 10
30.36414
 20
140.30981
 30
0
 10
30.96864
 20
140.30981
 30
0
  0
SPLINE
  5
44C
100
AcDbEntity
  8
Shape2DView001
  6
ByLayer
 62
  256
370
   -1
100
AcDbSpline
210
0
220
0
230
0
 70
    8
 71
    1
 72
    4
 73
    2
 74
    0
 42
1e-07
 43
1e-07
 40
0
 40
0
 40
0.40798
 40
0.40798
 10
30.96864
 20
140.30981
 30
0
 10
31.37662
 20
140.30981
 30
0
  0
SPLINE
  5
44D
100
AcDbEntity
  8
Shape2DView001
  6
ByLayer
 62
  256
370
   -1
100
AcDbSpline
210
0
220
0
230
0
 70
    8
 71
    1
 72
    4
 73
    2
 74
    0
 42
1e-07
 43
1e-07
 40
0
 40
0
 40
4.3787502
 40
4.3787502
 10
31.37662
 20
140.30981
 30
0
 10
31.33372
 20
144.68835
 30
0
  0
SPLINE
  5
44E
100
AcDbEntity
  8
Shape2DView001
  6
ByLayer
 62
  256
370
   -1
100
AcDbSpline
210
0
220
0
230
0
 70
    8
 71
    3
 72
    8
 73
    4
 74
    0
 42
1e-07
 43
1e-07
 40
0
 40
0
 40
0
 40
0
 40
1
 40
1
 40
1
 40
1
 10
31.33372
 20
144.68835
 30
0
 10
31.31012
 20
147.09656
 30
0
 10
31.28442
 20
149.50663
 30
0
 10
31.27662
 20
150.04409
 30
0
  0
SPLINE
  5
44F
100
AcDbEntity
  8
Shape2DView001
  6
ByLayer
 62
  256
370
   -1
100
AcDbSpline
210
0
220
0
230
0
 70
    8
 71
    3
 72
    8
 73
    4
 74
    0
 42
1e-07
 43
1e-07
 40
0
 40
0
 40
0
 40
0
 40
1
 40
1
 40
1
 40
1
 10
31.27662
 20
150.04409
 30
0
 10
31.26862
 20
150.58154
 30
0
 10
31.28832
 20
151.14812
 30
0
 10
31.32002
 20
151.30315
 30
0
  0
SPLINE
  5
450
100
AcDbEntity
  8
Shape2DView001
  6
ByLayer
 62
  256
370
   -1
100
AcDbSpline
210
0
220
0
230
0
 70
    8
 71
    1
 72
    4
 73
    2
 74
    0
 42
1e-07
 43
1e-07
 40
0
 40
0
 40
0.2877049
 40
0.2877049
 10
31.32002
 20
151.30315
 30
0
 10
31.37762
 20
151.58503
 30
0
  0
SPLINE
  5
451
100
AcDbEntity
  8
Shape2DView001
  6
ByLayer
 62
  256
370
   -1
100
AcDbSpline
210
0
220
0
230
0
 70
    8
 71
    1
 72
    4
 73
    2
 74
    0
 42
1e-07
 43
1e-07
 40
0
 40
0
 40
0.39751
 40
0.39751
 10
31.37762
 20
151.58503
 30
0
 10
31.77513
 20
151.58503
 30
0
  0
SPLINE
  5
452
100
AcDbEntity
  8
Shape2DView001
  6
ByLayer
 62
  256
370
   -1
100
AcDbSpline
210
0
220
0
230
0
 70
    8
 71
    3
 72
    8
 73
    4
 74
    0
 42
1e-07
 43
1e-07
 40
0
 40
0
 40
0
 40
0
 40
1
 40
1
 40
1
 40
1
 10
31.77513
 20
151.58503
 30
0
 10
31.99375
 20
151.58503
 30
0
 10
32.19517
 20
151.56243
 30
0
 10
32.22274
 20
151.53493
 30
0
  0
SPLINE
  5
453
100
AcDbEntity
  8
Shape2DView001
  6
ByLayer
 62
  256
370
   -1
100
AcDbSpline
210
0
220
0
230
0
 70
    8
 71
    1
 72
    4
 73
    2
 74
    0
 42
1e-07
 43
1e-07
 40
0
 40
0
 40
0.0001005
 40
0.0001005
 10
32.22274
 20
151.53493
 30
0
 10
32.22284
 20
151.53492
 30
0
  0
SPLINE
  5
454
100
AcDbEntity
  8
Shape2DView001
  6
ByLayer
 62
  256
370
   -1
100
AcDbSpline
210
0
220
0
230
0
 70
    8
 71
    3
 72
    8
 73
    4
 74
    0
 42
1e-07
 43
1e-07
 40
0
 40
0
 40
0
 40
0
 40
1
 40
1
 40
1
 40
1
 10
32.39753
 20
138.34715
 30
0
 10
32.29679
 20
138.30125
 30
0
 10
32.17681
 20
138.18127
 30
0
 10
32.13091
 20
138.08052
 30
0
  0
SPLINE
  5
455
100
AcDbEntity
  8
Shape2DView001
  6
ByLayer
 62
  256
370
   -1
100
AcDbSpline
210
0
220
0
230
0
 70
    8
 71
    3
 72
    8
 73
    4
 74
    0
 42
1e-07
 43
1e-07
 40
0
 40
0
 40
0
 40
0
 40
1
 40
1
 40
1
 40
1
 10
32.13091
 20
138.08052
 30
0
 10
32.07371
 20
137.95502
 30
0
 10
32.04741
 20
136.84096
 30
0
 10
32.04741
 20
134.54196
 30
0
  0
SPLINE
  5
456
100
AcDbEntity
  8
Shape2DView001
  6
ByLayer
 62
  256
370
   -1
100
AcDbSpline
210
0
220
0
230
0
 70
    8
 71
    3
 72
    8
 73
    4
 74
    0
 42
1e-07
 43
1e-07
 40
0
 40
0
 40
0
 40
0
 40
1
 40
1
 40
1
 40
1
 10
32.04741
 20
134.54196
 30
0
 10
32.04741
 20
131.20036
 30
0
 10
32.04795
 20
131.18585
 30
0
 10
32.21085
 20
131.0126
 30
0
  0
SPLINE
  5
457
100
AcDbEntity
  8
Shape2DView001
  6
ByLayer
 62
  256
370
   -1
100
AcDbSpline
210
0
220
0
230
0
 70
    8
 71
    2
 72
    6
 73
    3
 74
    0
 42
1e-07
 43
1e-07
 40
0
 40
0
 40
0
 40
1
 40
1
 40
1
 10
32.21085
 20
131.0126
 30
0
 10
32.468815
 20
130.7334575
 30
0
 10
32.79764
 20
130.913
 30
0
  0
SPLINE
  5
458
100
AcDbEntity
  8
Shape2DView001
  6
ByLayer
 62
  256
370
   -1
100
AcDbSpline
210
0
220
0
230
0
 70
    8
 71
    3
 72
    8
 73
    4
 74
    0
 42
1e-07
 43
1e-07
 40
0
 40
0
 40
0
 40
0
 40
1
 40
1
 40
1
 40
1
 10
32.79764
 20
130.913
 30
0
 10
33.05641
 20
131.0515
 30
0
 10
33.09977
 20
131.61924
 30
0
 10
33.09977
 20
134.86959
 30
0
  0
SPLINE
  5
459
100
AcDbEntity
  8
Shape2DView001
  6
ByLayer
 62
  256
370
   -1
100
AcDbSpline
210
0
220
0
230
0
 70
    8
 71
    1
 72
    4
 73
    2
 74
    0
 42
1e-07
 43
1e-07
 40
0
 40
0
 40
3.12156
 40
3.12156
 10
33.09977
 20
134.86959
 30
0
 10
33.09977
 20
137.99115
 30
0
  0
SPLINE
  5
45A
100
AcDbEntity
  8
Shape2DView001
  6
ByLayer
 62
  256
370
   -1
100
AcDbSpline
210
0
220
0
230
0
 70
    8
 71
    1
 72
    4
 73
    2
 74
    0
 42
1e-07
 43
1e-07
 40
0
 40
0
 40
0.3107381
 40
0.3107381
 10
33.09977
 20
137.99115
 30
0
 10
32.88004
 20
138.21087
 30
0
  0
SPLINE
  5
45B
100
AcDbEntity
  8
Shape2DView001
  6
ByLayer
 62
  256
370
   -1
100
AcDbSpline
210
0
220
0
230
0
 70
    8
 71
    3
 72
    8
 73
    4
 74
    0
 42
1e-07
 43
1e-07
 40
0
 40
0
 40
0
 40
0
 40
1
 40
1
 40
1
 40
1
 10
32.88004
 20
138.21087
 30
0
 10
32.62913
 20
138.46179
 30
0
 10
32.64147
 20
138.4583
 30
0
 10
32.39749
 20
138.34714
 30
0
  0
SPLINE
  5
45C
100
AcDbEntity
  8
Shape2DView001
  6
ByLayer
 62
  256
370
   -1
100
AcDbSpline
210
0
220
0
230
0
 70
    8
 71
    1
 72
    4
 73
    2
 74
    0
 42
1e-07
 43
1e-07
 40
0
 40
0
 40
4.12e-05
 40
4.12e-05
 10
32.39749
 20
138.34714
 30
0
 10
32.39753
 20
138.34715
 30
0
  0
SPLINE
  5
45D
100
AcDbEntity
  8
Shape2DView001
  6
ByLayer
 62
  256
370
   -1
100
AcDbSpline
210
0
220
0
230
0
 70
    8
 71
    1
 72
    4
 73
    2
 74
    0
 42
1e-07
 43
1e-07
 40
0
 40
0
 40
0.2781681
 40
0.2781681
 10
30.64224
 20
138.24925
 30
0
 10
30.43134
 20
138.06787
 30
0
  0
SPLINE
  5
45E
100
AcDbEntity
  8
Shape2DView001
  6
ByLayer
 62
  256
370
   -1
100
AcDbSpline
210
0
220
0
230
0
 70
    8
 71
    1
 72
    4
 73
    2
 74
    0
 42
1e-07
 43
1e-07
 40
0
 40
0
 40
3.45634
 40
3.45634
 10
30.43134
 20
138.06787
 30
0
 10
30.43134
 20
134.61153
 30
0
  0
SPLINE
  5
45F
100
AcDbEntity
  8
Shape2DView001
  6
ByLayer
 62
  256
370
   -1
100
AcDbSpline
210
0
220
0
230
0
 70
    8
 71
    3
 72
    8
 73
    4
 74
    0
 42
1e-07
 43
1e-07
 40
0
 40
0
 40
0
 40
0
 40
1
 40
1
 40
1
 40
1
 10
30.43134
 20
134.61153
 30
0
 10
30.43134
 20
131.31817
 30
0
 10
30.43834
 20
131.14774
 30
0
 10
30.57453
 20
130.99693
 30
0
  0
SPLINE
  5
460
100
AcDbEntity
  8
Shape2DView001
  6
ByLayer
 62
  256
370
   -1
100
AcDbSpline
210
0
220
0
230
0
 70
    8
 71
    3
 72
    8
 73
    4
 74
    0
 42
1e-07
 43
1e-07
 40
0
 40
0
 40
0
 40
0
 40
1
 40
1
 40
1
 40
1
 10
30.57453
 20
130.99693
 30
0
 10
30.75222
 20
130.80052
 30
0
 10
31.0251
 20
130.79349
 30
0
 10
31.21211
 20
130.98053
 30
0
  0
SPLINE
  5
461
100
AcDbEntity
  8
Shape2DView001
  6
ByLayer
 62
  256
370
   -1
100
AcDbSpline
210
0
220
0
230
0
 70
    8
 71
    3
 72
    8
 73
    4
 74
    0
 42
1e-07
 43
1e-07
 40
0
 40
0
 40
0
 40
0
 40
1
 40
1
 40
1
 40
1
 10
31.21211
 20
130.98053
 30
0
 10
31.33651
 20
131.10493
 30
0
 10
31.36037
 20
131.29225
 30
0
 10
31.40598
 20
132.50269
 30
0
  0
SPLINE
  5
462
100
AcDbEntity
  8
Shape2DView001
  6
ByLayer
 62
  256
370
   -1
100
AcDbSpline
210
0
220
0
230
0
 70
    8
 71
    3
 72
    8
 73
    4
 74
    0
 42
1e-07
 43
1e-07
 40
0
 40
0
 40
0
 40
0
 40
1
 40
1
 40
1
 40
1
 10
31.40598
 20
132.50269
 30
0
 10
31.43458
 20
133.26186
 30
0
 10
31.44688
 20
134.82463
 30
0
 10
31.43328
 20
135.97552
 30
0
  0
SPLINE
  5
463
100
AcDbEntity
  8
Shape2DView001
  6
ByLayer
 62
  256
370
   -1
100
AcDbSpline
210
0
220
0
230
0
 70
    8
 71
    1
 72
    4
 73
    2
 74
    0
 42
1e-07
 43
1e-07
 40
0
 40
0
 40
2.0926758
 40
2.0926758
 10
31.43328
 20
135.97552
 30
0
 10
31.40858
 20
138.06805
 30
0
  0
SPLINE
  5
464
100
AcDbEntity
  8
Shape2DView001
  6
ByLayer
 62
  256
370
   -1
100
AcDbSpline
210
0
220
0
230
0
 70
    8
 71
    1
 72
    4
 73
    2
 74
    0
 42
1e-07
 43
1e-07
 40
0
 40
0
 40
0.2781225
 40
0.2781225
 10
31.40858
 20
138.06805
 30
0
 10
31.19768
 20
138.24936
 30
0
  0
SPLINE
  5
465
100
AcDbEntity
  8
Shape2DView001
  6
ByLayer
 62
  256
370
   -1
100
AcDbSpline
210
0
220
0
230
0
 70
    8
 71
    3
 72
    8
 73
    4
 74
    0
 42
1e-07
 43
1e-07
 40
0
 40
0
 40
0
 40
0
 40
1
 40
1
 40
1
 40
1
 10
31.19768
 20
138.24936
 30
0
 10
30.93639
 20
138.47398
 30
0
 10
30.90356
 20
138.47398
 30
0
 10
30.6423
 20
138.24928
 30
0
  0
SPLINE
  5
466
100
AcDbEntity
  8
Shape2DView001
  6
ByLayer
 62
  256
370
   -1
100
AcDbSpline
210
0
220
0
230
0
 70
    8
 71
    1
 72
    4
 73
    2
 74
    0
 42
1e-07
 43
1e-07
 40
0
 40
0
 40
6.709999999999999e-05
 40
6.709999999999999e-05
 10
30.6423
 20
138.24928
 30
0
 10
30.64224
 20
138.24925
 30
0
  0
SPLINE
  5
467
100
AcDbEntity
  8
Shape2DView001
  6
ByLayer
 62
  256
370
   -1
100
AcDbSpline
210
0
220
0
230
0
 70
    8
 71
    3
 72
    8
 73
    4
 74
    0
 42
1e-07
 43
1e-07
 40
0
 40
0
 40
0
 40
0
 40
1
 40
1
 40
1
 40
1
 10
64.775143
 20
147.85808
 30
0
 10
64.872473
 20
147.60445
 30
0
 10
64.80856300000001
 20
147.46752
 30
0
 10
64.484122
 20
147.23452
 30
0
  0
SPLINE
  5
468
100
AcDbEntity
  8
Shape2DView001
  6
ByLayer
 62
  256
370
   -1
100
AcDbSpline
210
0
220
0
230
0
 70
    8
 71
    3
 72
    8
 73
    4
 74
    0
 42
1e-07
 43
1e-07
 40
0
 40
0
 40
0
 40
0
 40
1
 40
1
 40
1
 40
1
 10
64.484122
 20
147.23452
 30
0
 10
63.192768
 20
146.30715
 30
0
 10
61.486468
 20
146.27652
 30
0
 10
60.167865
 20
147.15702
 30
0
  0
SPLINE
  5
469
100
AcDbEntity
  8
Shape2DView001
  6
ByLayer
 62
  256
370
   -1
100
AcDbSpline
210
0
220
0
230
0
 70
    8
 71
    3
 72
    8
 73
    4
 74
    0
 42
1e-07
 43
1e-07
 40
0
 40
0
 40
0
 40
0
 40
1
 40
1
 40
1
 40
1
 10
60.167865
 20
147.15702
 30
0
 10
59.685097
 20
147.4794
 30
0
 10
59.583215
 20
147.70354
 30
0
 10
59.827354
 20
147.90615
 30
0
  0
SPLINE
  5
46A
100
AcDbEntity
  8
Shape2DView001
  6
ByLayer
 62
  256
370
   -1
100
AcDbSpline
210
0
220
0
230
0
 70
    8
 71
    3
 72
    8
 73
    4
 74
    0
 42
1e-07
 43
1e-07
 40
0
 40
0
 40
0
 40
0
 40
1
 40
1
 40
1
 40
1
 10
59.827354
 20
147.90615
 30
0
 10
59.927154
 20
147.98895
 30
0
 10
60.051896
 20
147.94975
 30
0
 10
60.635411
 20
147.65195
 30
0
  0
SPLINE
  5
46B
100
AcDbEntity
  8
Shape2DView001
  6
ByLayer
 62
  256
370
   -1
100
AcDbSpline
210
0
220
0
230
0
 70
    8
 71
    3
 72
    8
 73
    4
 74
    0
 42
1e-07
 43
1e-07
 40
0
 40
0
 40
0
 40
0
 40
1
 40
1
 40
1
 40
1
 10
60.635411
 20
147.65195
 30
0
 10
61.014932
 20
147.45827
 30
0
 10
61.507514
 20
147.26236
 30
0
 10
61.730035
 20
147.21659
 30
0
  0
SPLINE
  5
46C
100
AcDbEntity
  8
Shape2DView001
  6
ByLayer
 62
  256
370
   -1
100
AcDbSpline
210
0
220
0
230
0
 70
    8
 71
    3
 72
    8
 73
    4
 74
    0
 42
1e-07
 43
1e-07
 40
0
 40
0
 40
0
 40
0
 40
1
 40
1
 40
1
 40
1
 10
61.730035
 20
147.21659
 30
0
 10
62.444107
 20
147.06972
 30
0
 10
63.33569
 20
147.26809
 30
0
 10
63.99278
 20
147.72012
 30
0
  0
SPLINE
  5
46D
100
AcDbEntity
  8
Shape2DView001
  6
ByLayer
 62
  256
370
   -1
100
AcDbSpline
210
0
220
0
230
0
 70
    8
 71
    3
 72
    8
 73
    4
 74
    0
 42
1e-07
 43
1e-07
 40
0
 40
0
 40
0
 40
0
 40
1
 40
1
 40
1
 40
1
 10
63.99278
 20
147.72012
 30
0
 10
64.39334100000001
 20
147.99567
 30
0
 10
64.70149000000001
 20
148.04999
 30
0
 10
64.775143
 20
147.85805
 30
0
  0
SPLINE
  5
46E
100
AcDbEntity
  8
Shape2DView001
  6
ByLayer
 62
  256
370
   -1
100
AcDbSpline
210
0
220
0
230
0
 70
    8
 71
    1
 72
    4
 73
    2
 74
    0
 42
1e-07
 43
1e-07
 40
0
 40
0
 40
3e-05
 40
3e-05
 10
64.775143
 20
147.85805
 30
0
 10
64.775143
 20
147.85808
 30
0
  0
SPLINE
  5
46F
100
AcDbEntity
  8
Shape2DView001
  6
ByLayer
 62
  256
370
   -1
100
AcDbSpline
210
0
220
0
230
0
 70
    8
 71
    3
 72
    8
 73
    4
 74
    0
 42
1e-07
 43
1e-07
 40
0
 40
0
 40
0
 40
0
 40
1
 40
1
 40
1
 40
1
 10
65.715333
 20
146.90583
 30
0
 10
65.804903
 20
146.66487
 30
0
 10
65.756243
 20
146.58694
 30
0
 10
65.320786
 20
146.27397
 30
0
  0
SPLINE
  5
470
100
AcDbEntity
  8
Shape2DView001
  6
ByLayer
 62
  256
370
   -1
100
AcDbSpline
210
0
220
0
230
0
 70
    8
 71
    3
 72
    8
 73
    4
 74
    0
 42
1e-07
 43
1e-07
 40
0
 40
0
 40
0
 40
0
 40
1
 40
1
 40
1
 40
1
 10
65.320786
 20
146.27397
 30
0
 10
64.846233
 20
145.9329
 30
0
 10
64.02164399999999
 20
145.54988
 30
0
 10
63.467742
 20
145.41323
 30
0
  0
SPLINE
  5
471
100
AcDbEntity
  8
Shape2DView001
  6
ByLayer
 62
  256
370
   -1
100
AcDbSpline
210
0
220
0
230
0
 70
    8
 71
    3
 72
    8
 73
    4
 74
    0
 42
1e-07
 43
1e-07
 40
0
 40
0
 40
0
 40
0
 40
1
 40
1
 40
1
 40
1
 10
63.467742
 20
145.41323
 30
0
 10
62.931566
 20
145.28096
 30
0
 10
61.590397
 20
145.2823
 30
0
 10
61.06236
 20
145.41523
 30
0
  0
SPLINE
  5
472
100
AcDbEntity
  8
Shape2DView001
  6
ByLayer
 62
  256
370
   -1
100
AcDbSpline
210
0
220
0
230
0
 70
    8
 71
    3
 72
    8
 73
    4
 74
    0
 42
1e-07
 43
1e-07
 40
0
 40
0
 40
0
 40
0
 40
1
 40
1
 40
1
 40
1
 10
61.06236
 20
145.41523
 30
0
 10
60.110727
 20
145.65553
 30
0
 10
58.807315
 20
146.41204
 30
0
 10
58.807315
 20
146.72406
 30
0
  0
SPLINE
  5
473
100
AcDbEntity
  8
Shape2DView001
  6
ByLayer
 62
  256
370
   -1
100
AcDbSpline
210
0
220
0
230
0
 70
    8
 71
    3
 72
    8
 73
    4
 74
    0
 42
1e-07
 43
1e-07
 40
0
 40
0
 40
0
 40
0
 40
1
 40
1
 40
1
 40
1
 10
58.807315
 20
146.72406
 30
0
 10
58.807315
 20
147.12625
 30
0
 10
59.167909
 20
147.1828
 30
0
 10
59.577849
 20
146.8449
 30
0
  0
SPLINE
  5
474
100
AcDbEntity
  8
Shape2DView001
  6
ByLayer
 62
  256
370
   -1
100
AcDbSpline
210
0
220
0
230
0
 70
    8
 71
    3
 72
    8
 73
    4
 74
    0
 42
1e-07
 43
1e-07
 40
0
 40
0
 40
0
 40
0
 40
1
 40
1
 40
1
 40
1
 10
59.577849
 20
146.8449
 30
0
 10
59.932179
 20
146.55283
 30
0
 10
60.831634
 20
146.13909
 30
0
 10
61.347941
 20
146.03067
 30
0
  0
SPLINE
  5
475
100
AcDbEntity
  8
Shape2DView001
  6
ByLayer
 62
  256
370
   -1
100
AcDbSpline
210
0
220
0
230
0
 70
    8
 71
    3
 72
    8
 73
    4
 74
    0
 42
1e-07
 43
1e-07
 40
0
 40
0
 40
0
 40
0
 40
1
 40
1
 40
1
 40
1
 10
61.347941
 20
146.03067
 30
0
 10
62.571171
 20
145.77381
 30
0
 10
63.939389
 20
146.09217
 30
0
 10
65.03859799999999
 20
146.88932
 30
0
  0
SPLINE
  5
476
100
AcDbEntity
  8
Shape2DView001
  6
ByLayer
 62
  256
370
   -1
100
AcDbSpline
210
0
220
0
230
0
 70
    8
 71
    3
 72
    8
 73
    4
 74
    0
 42
1e-07
 43
1e-07
 40
0
 40
0
 40
0
 40
0
 40
1
 40
1
 40
1
 40
1
 10
65.03859799999999
 20
146.88932
 30
0
 10
65.363557
 20
147.12499
 30
0
 10
65.631344
 20
147.13136
 30
0
 10
65.715333
 20
146.90542
 30
0
  0
SPLINE
  5
477
100
AcDbEntity
  8
Shape2DView001
  6
ByLayer
 62
  256
370
   -1
100
AcDbSpline
210
0
220
0
230
0
 70
    8
 71
    1
 72
    4
 73
    2
 74
    0
 42
1e-07
 43
1e-07
 40
0
 40
0
 40
0.00041
 40
0.00041
 10
65.715333
 20
146.90542
 30
0
 10
65.715333
 20
146.90583
 30
0
  0
SPLINE
  5
478
100
AcDbEntity
  8
Shape2DView001
  6
ByLayer
 62
  256
370
   -1
100
AcDbSpline
210
0
220
0
230
0
 70
    8
 71
    3
 72
    8
 73
    4
 74
    0
 42
1e-07
 43
1e-07
 40
0
 40
0
 40
0
 40
0
 40
1
 40
1
 40
1
 40
1
 10
49.362062
 20
146.26099
 30
0
 10
49.451512
 20
146.16219
 30
0
 10
49.486461
 20
145.98338
 30
0
 10
49.486461
 20
145.6247
 30
0
  0
SPLINE
  5
479
100
AcDbEntity
  8
Shape2DView001
  6
ByLayer
 62
  256
370
   -1
100
AcDbSpline
210
0
220
0
230
0
 70
    8
 71
    3
 72
    8
 73
    4
 74
    0
 42
1e-07
 43
1e-07
 40
0
 40
0
 40
0
 40
0
 40
1
 40
1
 40
1
 40
1
 10
49.486461
 20
145.6247
 30
0
 10
49.486461
 20
145.02876
 30
0
 10
49.552351
 20
144.97025
 30
0
 10
50.2235
 20
144.97025
 30
0
  0
SPLINE
  5
47A
100
AcDbEntity
  8
Shape2DView001
  6
ByLayer
 62
  256
370
   -1
100
AcDbSpline
210
0
220
0
230
0
 70
    8
 71
    1
 72
    4
 73
    2
 74
    0
 42
1e-07
 43
1e-07
 40
0
 40
0
 40
0.446242
 40
0.446242
 10
50.2235
 20
144.97025
 30
0
 10
50.669742
 20
144.97025
 30
0
  0
SPLINE
  5
47B
100
AcDbEntity
  8
Shape2DView001
  6
ByLayer
 62
  256
370
   -1
100
AcDbSpline
210
0
220
0
230
0
 70
    8
 71
    1
 72
    4
 73
    2
 74
    0
 42
1e-07
 43
1e-07
 40
0
 40
0
 40
0.6037526
 40
0.6037526
 10
50.669742
 20
144.97025
 30
0
 10
50.722192
 20
144.36878
 30
0
  0
SPLINE
  5
47C
100
AcDbEntity
  8
Shape2DView001
  6
ByLayer
 62
  256
370
   -1
100
AcDbSpline
210
0
220
0
230
0
 70
    8
 71
    3
 72
    8
 73
    4
 74
    0
 42
1e-07
 43
1e-07
 40
0
 40
0
 40
0
 40
0
 40
1
 40
1
 40
1
 40
1
 10
50.722192
 20
144.36878
 30
0
 10
50.783342
 20
143.6678
 30
0
 10
50.833665
 20
143.61723
 30
0
 10
51.470058
 20
143.61723
 30
0
  0
SPLINE
  5
47D
100
AcDbEntity
  8
Shape2DView001
  6
ByLayer
 62
  256
370
   -1
100
AcDbSpline
210
0
220
0
230
0
 70
    8
 71
    3
 72
    8
 73
    4
 74
    0
 42
1e-07
 43
1e-07
 40
0
 40
0
 40
0
 40
0
 40
1
 40
1
 40
1
 40
1
 10
51.470058
 20
143.61723
 30
0
 10
51.879716
 20
143.61723
 30
0
 10
51.885541
 20
143.61423
 30
0
 10
51.925903
 20
143.37293
 30
0
  0
SPLINE
  5
47E
100
AcDbEntity
  8
Shape2DView001
  6
ByLayer
 62
  256
370
   -1
100
AcDbSpline
210
0
220
0
230
0
 70
    8
 71
    3
 72
    8
 73
    4
 74
    0
 42
1e-07
 43
1e-07
 40
0
 40
0
 40
0
 40
0
 40
1
 40
1
 40
1
 40
1
 10
51.925903
 20
143.37293
 30
0
 10
51.948423
 20
143.23857
 30
0
 10
51.975273
 20
142.95961
 30
0
 10
51.985683
 20
142.75303
 30
0
  0
SPLINE
  5
47F
100
AcDbEntity
  8
Shape2DView001
  6
ByLayer
 62
  256
370
   -1
100
AcDbSpline
210
0
220
0
230
0
 70
    8
 71
    1
 72
    4
 73
    2
 74
    0
 42
1e-07
 43
1e-07
 40
0
 40
0
 40
0.3760847
 40
0.3760847
 10
51.985683
 20
142.75303
 30
0
 10
52.004573
 20
142.37742
 30
0
  0
SPLINE
  5
480
100
AcDbEntity
  8
Shape2DView001
  6
ByLayer
 62
  256
370
   -1
100
AcDbSpline
210
0
220
0
230
0
 70
    8
 71
    1
 72
    4
 73
    2
 74
    0
 42
1e-07
 43
1e-07
 40
0
 40
0
 40
0.4650578
 40
0.4650578
 10
52.004573
 20
142.37742
 30
0
 10
52.462416
 20
142.29582
 30
0
  0
SPLINE
  5
481
100
AcDbEntity
  8
Shape2DView001
  6
ByLayer
 62
  256
370
   -1
100
AcDbSpline
210
0
220
0
230
0
 70
    8
 71
    3
 72
    8
 73
    4
 74
    0
 42
1e-07
 43
1e-07
 40
0
 40
0
 40
0
 40
0
 40
1
 40
1
 40
1
 40
1
 10
52.462416
 20
142.29582
 30
0
 10
53.157509
 20
142.17199
 30
0
 10
53.143403
 20
142.18476
 30
0
 10
53.187166
 20
141.63958
 30
0
  0
SPLINE
  5
482
100
AcDbEntity
  8
Shape2DView001
  6
ByLayer
 62
  256
370
   -1
100
AcDbSpline
210
0
220
0
230
0
 70
    8
 71
    3
 72
    8
 73
    4
 74
    0
 42
1e-07
 43
1e-07
 40
0
 40
0
 40
0
 40
0
 40
1
 40
1
 40
1
 40
1
 10
53.187166
 20
141.63958
 30
0
 10
53.208676
 20
141.37159
 30
0
 10
53.247236
 20
141.11842
 30
0
 10
53.272846
 20
141.07698
 30
0
  0
SPLINE
  5
483
100
AcDbEntity
  8
Shape2DView001
  6
ByLayer
 62
  256
370
   -1
100
AcDbSpline
210
0
220
0
230
0
 70
    8
 71
    3
 72
    8
 73
    4
 74
    0
 42
1e-07
 43
1e-07
 40
0
 40
0
 40
0
 40
0
 40
1
 40
1
 40
1
 40
1
 10
53.272846
 20
141.07698
 30
0
 10
53.298476
 20
141.03548
 30
0
 10
53.55475
 20
140.97798
 30
0
 10
53.842379
 20
140.9491
 30
0
  0
SPLINE
  5
484
100
AcDbEntity
  8
Shape2DView001
  6
ByLayer
 62
  256
370
   -1
100
AcDbSpline
210
0
220
0
230
0
 70
    8
 71
    1
 72
    4
 73
    2
 74
    0
 42
1e-07
 43
1e-07
 40
0
 40
0
 40
0.5255856
 40
0.5255856
 10
53.842379
 20
140.9491
 30
0
 10
54.365336
 20
140.8966
 30
0
  0
SPLINE
  5
485
100
AcDbEntity
  8
Shape2DView001
  6
ByLayer
 62
  256
370
   -1
100
AcDbSpline
210
0
220
0
230
0
 70
    8
 71
    1
 72
    4
 73
    2
 74
    0
 42
1e-07
 43
1e-07
 40
0
 40
0
 40
0.3526884
 40
0.3526884
 10
54.365336
 20
140.8966
 30
0
 10
54.410536
 20
140.54682
 30
0
  0
SPLINE
  5
486
100
AcDbEntity
  8
Shape2DView001
  6
ByLayer
 62
  256
370
   -1
100
AcDbSpline
210
0
220
0
230
0
 70
    8
 71
    3
 72
    8
 73
    4
 74
    0
 42
1e-07
 43
1e-07
 40
0
 40
0
 40
0
 40
0
 40
1
 40
1
 40
1
 40
1
 10
54.410536
 20
140.54682
 30
0
 10
54.494306
 20
139.89863
 30
0
 10
54.504416
 20
139.87896
 30
0
 10
54.780557
 20
139.82715
 30
0
  0
SPLINE
  5
487
100
AcDbEntity
  8
Shape2DView001
  6
ByLayer
 62
  256
370
   -1
100
AcDbSpline
210
0
220
0
230
0
 70
    8
 71
    3
 72
    8
 73
    4
 74
    0
 42
1e-07
 43
1e-07
 40
0
 40
0
 40
0
 40
0
 40
1
 40
1
 40
1
 40
1
 10
54.780557
 20
139.82715
 30
0
 10
54.934332
 20
139.79825
 30
0
 10
55.116005
 20
139.68797
 30
0
 10
55.227071
 20
139.55597
 30
0
  0
SPLINE
  5
488
100
AcDbEntity
  8
Shape2DView001
  6
ByLayer
 62
  256
370
   -1
100
AcDbSpline
210
0
220
0
230
0
 70
    8
 71
    3
 72
    8
 73
    4
 74
    0
 42
1e-07
 43
1e-07
 40
0
 40
0
 40
0
 40
0
 40
1
 40
1
 40
1
 40
1
 10
55.227071
 20
139.55597
 30
0
 10
55.418827
 20
139.32809
 30
0
 10
55.541607
 20
139.04861
 30
0
 10
55.477937
 20
138.98494
 30
0
  0
SPLINE
  5
489
100
AcDbEntity
  8
Shape2DView001
  6
ByLayer
 62
  256
370
   -1
100
AcDbSpline
210
0
220
0
230
0
 70
    8
 71
    3
 72
    8
 73
    4
 74
    0
 42
1e-07
 43
1e-07
 40
0
 40
0
 40
0
 40
0
 40
1
 40
1
 40
1
 40
1
 10
55.477937
 20
138.98494
 30
0
 10
55.458307
 20
138.96534
 30
0
 10
55.226906
 20
139.02224
 30
0
 10
54.963691
 20
139.11136
 30
0
  0
SPLINE
  5
48A
100
AcDbEntity
  8
Shape2DView001
  6
ByLayer
 62
  256
370
   -1
100
AcDbSpline
210
0
220
0
230
0
 70
    8
 71
    3
 72
    8
 73
    4
 74
    0
 42
1e-07
 43
1e-07
 40
0
 40
0
 40
0
 40
0
 40
1
 40
1
 40
1
 40
1
 10
54.963691
 20
139.11136
 30
0
 10
54.079068
 20
139.41097
 30
0
 10
53.216284
 20
139.19016
 30
0
 10
52.312095
 20
138.4328
 30
0
  0
SPLINE
  5
48B
100
AcDbEntity
  8
Shape2DView001
  6
ByLayer
 62
  256
370
   -1
100
AcDbSpline
210
0
220
0
230
0
 70
    8
 71
    3
 72
    8
 73
    4
 74
    0
 42
1e-07
 43
1e-07
 40
0
 40
0
 40
0
 40
0
 40
1
 40
1
 40
1
 40
1
 10
52.312095
 20
138.4328
 30
0
 10
52.109152
 20
138.26281
 30
0
 10
51.917075
 20
138.1505
 30
0
 10
51.885249
 20
138.18321
 30
0
  0
SPLINE
  5
48C
100
AcDbEntity
  8
Shape2DView001
  6
ByLayer
 62
  256
370
   -1
100
AcDbSpline
210
0
220
0
230
0
 70
    8
 71
    3
 72
    8
 73
    4
 74
    0
 42
1e-07
 43
1e-07
 40
0
 40
0
 40
0
 40
0
 40
1
 40
1
 40
1
 40
1
 10
51.885249
 20
138.18321
 30
0
 10
51.853419
 20
138.21591
 30
0
 10
51.457012
 20
138.90228
 30
0
 10
51.004328
 20
139.70846
 30
0
  0
SPLINE
  5
48D
100
AcDbEntity
  8
Shape2DView001
  6
ByLayer
 62
  256
370
   -1
100
AcDbSpline
210
0
220
0
230
0
 70
    8
 71
    3
 72
    8
 73
    4
 74
    0
 42
1e-07
 43
1e-07
 40
0
 40
0
 40
0
 40
0
 40
1
 40
1
 40
1
 40
1
 10
51.004328
 20
139.70846
 30
0
 10
50.55165
 20
140.51464
 30
0
 10
50.008021
 20
141.47288
 30
0
 10
49.796271
 20
141.83789
 30
0
  0
SPLINE
  5
48E
100
AcDbEntity
  8
Shape2DView001
  6
ByLayer
 62
  256
370
   -1
100
AcDbSpline
210
0
220
0
230
0
 70
    8
 71
    3
 72
    8
 73
    4
 74
    0
 42
1e-07
 43
1e-07
 40
0
 40
0
 40
0
 40
0
 40
1
 40
1
 40
1
 40
1
 10
49.796271
 20
141.83789
 30
0
 10
49.584515
 20
142.2029
 30
0
 10
49.411265
 20
142.51449
 30
0
 10
49.411265
 20
142.53032
 30
0
  0
SPLINE
  5
48F
100
AcDbEntity
  8
Shape2DView001
  6
ByLayer
 62
  256
370
   -1
100
AcDbSpline
210
0
220
0
230
0
 70
    8
 71
    3
 72
    8
 73
    4
 74
    0
 42
1e-07
 43
1e-07
 40
0
 40
0
 40
0
 40
0
 40
1
 40
1
 40
1
 40
1
 10
49.411265
 20
142.53032
 30
0
 10
49.411265
 20
142.54612
 30
0
 10
49.022389
 20
143.23654
 30
0
 10
48.547104
 20
144.06452
 30
0
  0
SPLINE
  5
490
100
AcDbEntity
  8
Shape2DView001
  6
ByLayer
 62
  256
370
   -1
100
AcDbSpline
210
0
220
0
230
0
 70
    8
 71
    3
 72
    8
 73
    4
 74
    0
 42
1e-07
 43
1e-07
 40
0
 40
0
 40
0
 40
0
 40
1
 40
1
 40
1
 40
1
 10
48.547104
 20
144.06452
 30
0
 10
48.071814
 20
144.8925
 30
0
 10
47.674363
 20
145.60799
 30
0
 10
47.663877
 20
145.6545
 30
0
  0
SPLINE
  5
491
100
AcDbEntity
  8
Shape2DView001
  6
ByLayer
 62
  256
370
   -1
100
AcDbSpline
210
0
220
0
230
0
 70
    8
 71
    3
 72
    8
 73
    4
 74
    0
 42
1e-07
 43
1e-07
 40
0
 40
0
 40
0
 40
0
 40
1
 40
1
 40
1
 40
1
 10
47.663877
 20
145.6545
 30
0
 10
47.640817
 20
145.75681
 30
0
 10
48.857984
 20
146.39489
 30
0
 10
49.08015
 20
146.39696
 30
0
  0
SPLINE
  5
492
100
AcDbEntity
  8
Shape2DView001
  6
ByLayer
 62
  256
370
   -1
100
AcDbSpline
210
0
220
0
230
0
 70
    8
 71
    3
 72
    8
 73
    4
 74
    0
 42
1e-07
 43
1e-07
 40
0
 40
0
 40
0
 40
0
 40
1
 40
1
 40
1
 40
1
 10
49.08015
 20
146.39696
 30
0
 10
49.16676
 20
146.39796
 30
0
 10
49.293611
 20
146.33656
 30
0
 10
49.36203
 20
146.26097
 30
0
  0
SPLINE
  5
493
100
AcDbEntity
  8
Shape2DView001
  6
ByLayer
 62
  256
370
   -1
100
AcDbSpline
210
0
220
0
230
0
 70
    8
 71
    1
 72
    4
 73
    2
 74
    0
 42
1e-07
 43
1e-07
 40
0
 40
0
 40
3.77e-05
 40
3.77e-05
 10
49.36203
 20
146.26097
 30
0
 10
49.362062
 20
146.26099
 30
0
  0
SPLINE
  5
494
100
AcDbEntity
  8
Shape2DView001
  6
ByLayer
 62
  256
370
   -1
100
AcDbSpline
210
0
220
0
230
0
 70
    8
 71
    3
 72
    8
 73
    4
 74
    0
 42
1e-07
 43
1e-07
 40
0
 40
0
 40
0
 40
0
 40
1
 40
1
 40
1
 40
1
 10
69.590675
 20
146.00894
 30
0
 10
70.084987
 20
145.97184
 30
0
 10
70.49787499999999
 20
145.93304
 30
0
 10
70.508208
 20
145.92264
 30
0
  0
SPLINE
  5
495
100
AcDbEntity
  8
Shape2DView001
  6
ByLayer
 62
  256
370
   -1
100
AcDbSpline
210
0
220
0
230
0
 70
    8
 71
    3
 72
    8
 73
    4
 74
    0
 42
1e-07
 43
1e-07
 40
0
 40
0
 40
0
 40
0
 40
1
 40
1
 40
1
 40
1
 10
70.508208
 20
145.92264
 30
0
 10
70.55677799999999
 20
145.87404
 30
0
 10
70.62589
 20
136.77925
 30
0
 10
70.57956799999999
 20
136.53234
 30
0
  0
SPLINE
  5
496
100
AcDbEntity
  8
Shape2DView001
  6
ByLayer
 62
  256
370
   -1
100
AcDbSpline
210
0
220
0
230
0
 70
    8
 71
    1
 72
    4
 73
    2
 74
    0
 42
1e-07
 43
1e-07
 40
0
 40
0
 40
0.2865343
 40
0.2865343
 10
70.57956799999999
 20
136.53234
 30
0
 10
70.52672800000001
 20
136.25072
 30
0
  0
SPLINE
  5
497
100
AcDbEntity
  8
Shape2DView001
  6
ByLayer
 62
  256
370
   -1
100
AcDbSpline
210
0
220
0
230
0
 70
    8
 71
    1
 72
    4
 73
    2
 74
    0
 42
1e-07
 43
1e-07
 40
0
 40
0
 40
0.8986109999999999
 40
0.8986109999999999
 10
70.52672800000001
 20
136.25072
 30
0
 10
69.628117
 20
136.25072
 30
0
  0
SPLINE
  5
498
100
AcDbEntity
  8
Shape2DView001
  6
ByLayer
 62
  256
370
   -1
100
AcDbSpline
210
0
220
0
230
0
 70
    8
 71
    1
 72
    4
 73
    2
 74
    0
 42
1e-07
 43
1e-07
 40
0
 40
0
 40
0.898612
 40
0.898612
 10
69.628117
 20
136.25072
 30
0
 10
68.729505
 20
136.25072
 30
0
  0
SPLINE
  5
499
100
AcDbEntity
  8
Shape2DView001
  6
ByLayer
 62
  256
370
   -1
100
AcDbSpline
210
0
220
0
230
0
 70
    8
 71
    1
 72
    4
 73
    2
 74
    0
 42
1e-07
 43
1e-07
 40
0
 40
0
 40
1.46577
 40
1.46577
 10
68.729505
 20
136.25072
 30
0
 10
68.729505
 20
137.71649
 30
0
  0
SPLINE
  5
49A
100
AcDbEntity
  8
Shape2DView001
  6
ByLayer
 62
  256
370
   -1
100
AcDbSpline
210
0
220
0
230
0
 70
    8
 71
    3
 72
    8
 73
    4
 74
    0
 42
1e-07
 43
1e-07
 40
0
 40
0
 40
0
 40
0
 40
1
 40
1
 40
1
 40
1
 10
68.729505
 20
137.71649
 30
0
 10
68.729505
 20
138.52267
 30
0
 10
68.71152499999999
 20
139.18227
 30
0
 10
68.689545
 20
139.18227
 30
0
  0
SPLINE
  5
49B
100
AcDbEntity
  8
Shape2DView001
  6
ByLayer
 62
  256
370
   -1
100
AcDbSpline
210
0
220
0
230
0
 70
    8
 71
    3
 72
    8
 73
    4
 74
    0
 42
1e-07
 43
1e-07
 40
0
 40
0
 40
0
 40
0
 40
1
 40
1
 40
1
 40
1
 10
68.689545
 20
139.18227
 30
0
 10
68.667585
 20
139.18227
 30
0
 10
68.44319299999999
 20
139.11277
 30
0
 10
68.190926
 20
139.02776
 30
0
  0
SPLINE
  5
49C
100
AcDbEntity
  8
Shape2DView001
  6
ByLayer
 62
  256
370
   -1
100
AcDbSpline
210
0
220
0
230
0
 70
    8
 71
    3
 72
    8
 73
    4
 74
    0
 42
1e-07
 43
1e-07
 40
0
 40
0
 40
0
 40
0
 40
1
 40
1
 40
1
 40
1
 10
68.190926
 20
139.02776
 30
0
 10
67.672256
 20
138.85303
 30
0
 10
66.828407
 20
138.82206
 30
0
 10
66.310075
 20
138.95876
 30
0
  0
SPLINE
  5
49D
100
AcDbEntity
  8
Shape2DView001
  6
ByLayer
 62
  256
370
   -1
100
AcDbSpline
210
0
220
0
230
0
 70
    8
 71
    3
 72
    8
 73
    4
 74
    0
 42
1e-07
 43
1e-07
 40
0
 40
0
 40
0
 40
0
 40
1
 40
1
 40
1
 40
1
 10
66.310075
 20
138.95876
 30
0
 10
65.927702
 20
139.05958
 30
0
 10
65.367896
 20
139.37095
 30
0
 10
65.174311
 20
139.59048
 30
0
  0
SPLINE
  5
49E
100
AcDbEntity
  8
Shape2DView001
  6
ByLayer
 62
  256
370
   -1
100
AcDbSpline
210
0
220
0
230
0
 70
    8
 71
    3
 72
    8
 73
    4
 74
    0
 42
1e-07
 43
1e-07
 40
0
 40
0
 40
0
 40
0
 40
1
 40
1
 40
1
 40
1
 10
65.174311
 20
139.59048
 30
0
 10
64.247715
 20
140.64125
 30
0
 10
64.18302300000001
 20
143.97917
 30
0
 10
65.066981
 20
145.12836
 30
0
  0
SPLINE
  5
49F
100
AcDbEntity
  8
Shape2DView001
  6
ByLayer
 62
  256
370
   -1
100
AcDbSpline
210
0
220
0
230
0
 70
    8
 71
    3
 72
    8
 73
    4
 74
    0
 42
1e-07
 43
1e-07
 40
0
 40
0
 40
0
 40
0
 40
1
 40
1
 40
1
 40
1
 10
65.066981
 20
145.12836
 30
0
 10
65.723749
 20
145.9822
 30
0
 10
66.89927299999999
 20
146.21103
 30
0
 10
69.59066199999999
 20
146.00893
 30
0
  0
SPLINE
  5
4A0
100
AcDbEntity
  8
Shape2DView001
  6
ByLayer
 62
  256
370
   -1
100
AcDbSpline
210
0
220
0
230
0
 70
    8
 71
    1
 72
    4
 73
    2
 74
    0
 42
1e-07
 43
1e-07
 40
0
 40
0
 40
1.64e-05
 40
1.64e-05
 10
69.59066199999999
 20
146.00893
 30
0
 10
69.590675
 20
146.00894
 30
0
  0
SPLINE
  5
4A1
100
AcDbEntity
  8
Shape2DView001
  6
ByLayer
 62
  256
370
   -1
100
AcDbSpline
210
0
220
0
230
0
 70
    8
 71
    3
 72
    8
 73
    4
 74
    0
 42
1e-07
 43
1e-07
 40
0
 40
0
 40
0
 40
0
 40
1
 40
1
 40
1
 40
1
 10
67.202382
 20
144.33517
 30
0
 10
66.838881
 20
144.20553
 30
0
 10
66.649173
 20
144.03332
 30
0
 10
66.45288499999999
 20
143.65481
 30
0
  0
SPLINE
  5
4A2
100
AcDbEntity
  8
Shape2DView001
  6
ByLayer
 62
  256
370
   -1
100
AcDbSpline
210
0
220
0
230
0
 70
    8
 71
    3
 72
    8
 73
    4
 74
    0
 42
1e-07
 43
1e-07
 40
0
 40
0
 40
0
 40
0
 40
1
 40
1
 40
1
 40
1
 10
66.45288499999999
 20
143.65481
 30
0
 10
66.324236
 20
143.40673
 30
0
 10
66.297693
 20
143.22184
 30
0
 10
66.301125
 20
142.59773
 30
0
  0
SPLINE
  5
4A3
100
AcDbEntity
  8
Shape2DView001
  6
ByLayer
 62
  256
370
   -1
100
AcDbSpline
210
0
220
0
230
0
 70
    8
 71
    3
 72
    8
 73
    4
 74
    0
 42
1e-07
 43
1e-07
 40
0
 40
0
 40
0
 40
0
 40
1
 40
1
 40
1
 40
1
 10
66.301125
 20
142.59773
 30
0
 10
66.311215
 20
140.76303
 30
0
 10
66.880621
 20
140.22987
 30
0
 10
68.410049
 20
140.62308
 30
0
  0
SPLINE
  5
4A4
100
AcDbEntity
  8
Shape2DView001
  6
ByLayer
 62
  256
370
   -1
100
AcDbSpline
210
0
220
0
230
0
 70
    8
 71
    1
 72
    4
 73
    2
 74
    0
 42
1e-07
 43
1e-07
 40
0
 40
0
 40
0.3298449
 40
0.3298449
 10
68.410049
 20
140.62308
 30
0
 10
68.729513
 20
140.70518
 30
0
  0
SPLINE
  5
4A5
100
AcDbEntity
  8
Shape2DView001
  6
ByLayer
 62
  256
370
   -1
100
AcDbSpline
210
0
220
0
230
0
 70
    8
 71
    1
 72
    4
 73
    2
 74
    0
 42
1e-07
 43
1e-07
 40
0
 40
0
 40
1.82633
 40
1.82633
 10
68.729513
 20
140.70518
 30
0
 10
68.729513
 20
142.53151
 30
0
  0
SPLINE
  5
4A6
100
AcDbEntity
  8
Shape2DView001
  6
ByLayer
 62
  256
370
   -1
100
AcDbSpline
210
0
220
0
230
0
 70
    8
 71
    3
 72
    8
 73
    4
 74
    0
 42
1e-07
 43
1e-07
 40
0
 40
0
 40
0
 40
0
 40
1
 40
1
 40
1
 40
1
 10
68.729513
 20
142.53151
 30
0
 10
68.729513
 20
144.20768
 30
0
 10
68.718683
 20
144.36068
 30
0
 10
68.59796900000001
 20
144.39223
 30
0
  0
SPLINE
  5
4A7
100
AcDbEntity
  8
Shape2DView001
  6
ByLayer
 62
  256
370
   -1
100
AcDbSpline
210
0
220
0
230
0
 70
    8
 71
    3
 72
    8
 73
    4
 74
    0
 42
1e-07
 43
1e-07
 40
0
 40
0
 40
0
 40
0
 40
1
 40
1
 40
1
 40
1
 10
68.59796900000001
 20
144.39223
 30
0
 10
68.31395999999999
 20
144.46643
 30
0
 10
67.474245
 20
144.43203
 30
0
 10
67.202382
 20
144.33513
 30
0
  0
SPLINE
  5
4A8
100
AcDbEntity
  8
Shape2DView001
  6
ByLayer
 62
  256
370
   -1
100
AcDbSpline
210
0
220
0
230
0
 70
    8
 71
    1
 72
    4
 73
    2
 74
    0
 42
1e-07
 43
1e-07
 40
0
 40
0
 40
4e-05
 40
4e-05
 10
67.202382
 20
144.33513
 30
0
 10
67.202382
 20
144.33517
 30
0
  0
SPLINE
  5
4A9
100
AcDbEntity
  8
Shape2DView001
  6
ByLayer
 62
  256
370
   -1
100
AcDbSpline
210
0
220
0
230
0
 70
    8
 71
    3
 72
    8
 73
    4
 74
    0
 42
1e-07
 43
1e-07
 40
0
 40
0
 40
0
 40
0
 40
1
 40
1
 40
1
 40
1
 10
56.245613
 20
145.98116
 30
0
 10
57.238679
 20
145.76578
 30
0
 10
57.879526
 20
145.00507
 30
0
 10
58.097448
 20
143.78297
 30
0
  0
SPLINE
  5
4AA
100
AcDbEntity
  8
Shape2DView001
  6
ByLayer
 62
  256
370
   -1
100
AcDbSpline
210
0
220
0
230
0
 70
    8
 71
    3
 72
    8
 73
    4
 74
    0
 42
1e-07
 43
1e-07
 40
0
 40
0
 40
0
 40
0
 40
1
 40
1
 40
1
 40
1
 10
58.097448
 20
143.78297
 30
0
 10
58.382142
 20
142.18643
 30
0
 10
58.071458
 20
140.52632
 30
0
 10
57.335543
 20
139.71175
 30
0
  0
SPLINE
  5
4AB
100
AcDbEntity
  8
Shape2DView001
  6
ByLayer
 62
  256
370
   -1
100
AcDbSpline
210
0
220
0
230
0
 70
    8
 71
    3
 72
    8
 73
    4
 74
    0
 42
1e-07
 43
1e-07
 40
0
 40
0
 40
0
 40
0
 40
1
 40
1
 40
1
 40
1
 10
57.335543
 20
139.71175
 30
0
 10
57.06727
 20
139.4148
 30
0
 10
56.304771
 20
138.9568
 30
0
 10
56.07867
 20
138.9568
 30
0
  0
SPLINE
  5
4AC
100
AcDbEntity
  8
Shape2DView001
  6
ByLayer
 62
  256
370
   -1
100
AcDbSpline
210
0
220
0
230
0
 70
    8
 71
    3
 72
    8
 73
    4
 74
    0
 42
1e-07
 43
1e-07
 40
0
 40
0
 40
0
 40
0
 40
1
 40
1
 40
1
 40
1
 10
56.07867
 20
138.9568
 30
0
 10
56.02255
 20
138.9568
 30
0
 10
55.89597
 20
139.129
 30
0
 10
55.797396
 20
139.33946
 30
0
  0
SPLINE
  5
4AD
100
AcDbEntity
  8
Shape2DView001
  6
ByLayer
 62
  256
370
   -1
100
AcDbSpline
210
0
220
0
230
0
 70
    8
 71
    3
 72
    8
 73
    4
 74
    0
 42
1e-07
 43
1e-07
 40
0
 40
0
 40
0
 40
0
 40
1
 40
1
 40
1
 40
1
 10
55.797396
 20
139.33946
 30
0
 10
55.603958
 20
139.75246
 30
0
 10
55.355899
 20
140.0012
 30
0
 10
54.983725
 20
140.15535
 30
0
  0
SPLINE
  5
4AE
100
AcDbEntity
  8
Shape2DView001
  6
ByLayer
 62
  256
370
   -1
100
AcDbSpline
210
0
220
0
230
0
 70
    8
 71
    3
 72
    8
 73
    4
 74
    0
 42
1e-07
 43
1e-07
 40
0
 40
0
 40
0
 40
0
 40
1
 40
1
 40
1
 40
1
 10
54.983725
 20
140.15535
 30
0
 10
54.633341
 20
140.30049
 30
0
 10
54.69752
 20
140.38499
 30
0
 10
55.158123
 20
140.38499
 30
0
  0
SPLINE
  5
4AF
100
AcDbEntity
  8
Shape2DView001
  6
ByLayer
 62
  256
370
   -1
100
AcDbSpline
210
0
220
0
230
0
 70
    8
 71
    3
 72
    8
 73
    4
 74
    0
 42
1e-07
 43
1e-07
 40
0
 40
0
 40
0
 40
0
 40
1
 40
1
 40
1
 40
1
 10
55.158123
 20
140.38499
 30
0
 10
55.383562
 20
140.38499
 30
0
 10
55.654997
 20
140.42459
 30
0
 10
55.761316
 20
140.47309
 30
0
  0
SPLINE
  5
4B0
100
AcDbEntity
  8
Shape2DView001
  6
ByLayer
 62
  256
370
   -1
100
AcDbSpline
210
0
220
0
230
0
 70
    8
 71
    3
 72
    8
 73
    4
 74
    0
 42
1e-07
 43
1e-07
 40
0
 40
0
 40
0
 40
0
 40
1
 40
1
 40
1
 40
1
 10
55.761316
 20
140.47309
 30
0
 10
56.056745
 20
140.6077
 30
0
 10
56.267585
 20
141.00969
 30
0
 10
56.279159
 20
141.46043
 30
0
  0
SPLINE
  5
4B1
100
AcDbEntity
  8
Shape2DView001
  6
ByLayer
 62
  256
370
   -1
100
AcDbSpline
210
0
220
0
230
0
 70
    8
 71
    1
 72
    4
 73
    2
 74
    0
 42
1e-07
 43
1e-07
 40
0
 40
0
 40
0.3904888
 40
0.3904888
 10
56.279159
 20
141.46043
 30
0
 10
56.289189
 20
141.85079
 30
0
  0
SPLINE
  5
4B2
100
AcDbEntity
  8
Shape2DView001
  6
ByLayer
 62
  256
370
   -1
100
AcDbSpline
210
0
220
0
230
0
 70
    8
 71
    1
 72
    4
 73
    2
 74
    0
 42
1e-07
 43
1e-07
 40
0
 40
0
 40
1.1465029
 40
1.1465029
 10
56.289189
 20
141.85079
 30
0
 10
55.142873
 20
141.87149
 30
0
  0
SPLINE
  5
4B3
100
AcDbEntity
  8
Shape2DView001
  6
ByLayer
 62
  256
370
   -1
100
AcDbSpline
210
0
220
0
230
0
 70
    8
 71
    1
 72
    4
 73
    2
 74
    0
 42
1e-07
 43
1e-07
 40
0
 40
0
 40
1.1464999
 40
1.1464999
 10
55.142873
 20
141.87149
 30
0
 10
53.99656
 20
141.89219
 30
0
  0
SPLINE
  5
4B4
100
AcDbEntity
  8
Shape2DView001
  6
ByLayer
 62
  256
370
   -1
100
AcDbSpline
210
0
220
0
230
0
 70
    8
 71
    1
 72
    4
 73
    2
 74
    0
 42
1e-07
 43
1e-07
 40
0
 40
0
 40
0.30263
 40
0.30263
 10
53.99656
 20
141.89219
 30
0
 10
53.99656
 20
141.58956
 30
0
  0
SPLINE
  5
4B5
100
AcDbEntity
  8
Shape2DView001
  6
ByLayer
 62
  256
370
   -1
100
AcDbSpline
210
0
220
0
230
0
 70
    8
 71
    3
 72
    8
 73
    4
 74
    0
 42
1e-07
 43
1e-07
 40
0
 40
0
 40
0
 40
0
 40
1
 40
1
 40
1
 40
1
 10
53.99656
 20
141.58956
 30
0
 10
53.99656
 20
141.30342
 30
0
 10
53.98429
 20
141.28693
 30
0
 10
53.771056
 20
141.28693
 30
0
  0
SPLINE
  5
4B6
100
AcDbEntity
  8
Shape2DView001
  6
ByLayer
 62
  256
370
   -1
100
AcDbSpline
210
0
220
0
230
0
 70
    8
 71
    3
 72
    8
 73
    4
 74
    0
 42
1e-07
 43
1e-07
 40
0
 40
0
 40
0
 40
0
 40
1
 40
1
 40
1
 40
1
 10
53.771056
 20
141.28693
 30
0
 10
53.56912
 20
141.28693
 30
0
 10
53.544344
 20
141.31253
 30
0
 10
53.534
 20
141.53123
 30
0
  0
SPLINE
  5
4B7
100
AcDbEntity
  8
Shape2DView001
  6
ByLayer
 62
  256
370
   -1
100
AcDbSpline
210
0
220
0
230
0
 70
    8
 71
    3
 72
    8
 73
    4
 74
    0
 42
1e-07
 43
1e-07
 40
0
 40
0
 40
0
 40
0
 40
1
 40
1
 40
1
 40
1
 10
53.534
 20
141.53123
 30
0
 10
53.5276
 20
141.66559
 30
0
 10
53.51451
 20
141.86009
 30
0
 10
53.5048
 20
141.96345
 30
0
  0
SPLINE
  5
4B8
100
AcDbEntity
  8
Shape2DView001
  6
ByLayer
 62
  256
370
   -1
100
AcDbSpline
210
0
220
0
230
0
 70
    8
 71
    3
 72
    8
 73
    4
 74
    0
 42
1e-07
 43
1e-07
 40
0
 40
0
 40
0
 40
0
 40
1
 40
1
 40
1
 40
1
 10
53.5048
 20
141.96345
 30
0
 10
53.4951
 20
142.0668
 30
0
 10
53.48338
 20
142.22317
 30
0
 10
53.47878
 20
142.31094
 30
0
  0
SPLINE
  5
4B9
100
AcDbEntity
  8
Shape2DView001
  6
ByLayer
 62
  256
370
   -1
100
AcDbSpline
210
0
220
0
230
0
 70
    8
 71
    3
 72
    8
 73
    4
 74
    0
 42
1e-07
 43
1e-07
 40
0
 40
0
 40
0
 40
0
 40
1
 40
1
 40
1
 40
1
 10
53.47878
 20
142.31094
 30
0
 10
53.47158
 20
142.44788
 30
0
 10
53.39309
 20
142.48521
 30
0
 10
52.925432
 20
142.57403
 30
0
  0
SPLINE
  5
4BA
100
AcDbEntity
  8
Shape2DView001
  6
ByLayer
 62
  256
370
   -1
100
AcDbSpline
210
0
220
0
230
0
 70
    8
 71
    1
 72
    4
 73
    2
 74
    0
 42
1e-07
 43
1e-07
 40
0
 40
0
 40
0.5547151
 40
0.5547151
 10
52.925432
 20
142.57403
 30
0
 10
52.38046
 20
142.67754
 30
0
  0
SPLINE
  5
4BB
100
AcDbEntity
  8
Shape2DView001
  6
ByLayer
 62
  256
370
   -1
100
AcDbSpline
210
0
220
0
230
0
 70
    8
 71
    1
 72
    4
 73
    2
 74
    0
 42
1e-07
 43
1e-07
 40
0
 40
0
 40
0.2828438
 40
0.2828438
 10
52.38046
 20
142.67754
 30
0
 10
52.35713
 20
142.95942
 30
0
  0
SPLINE
  5
4BC
100
AcDbEntity
  8
Shape2DView001
  6
ByLayer
 62
  256
370
   -1
100
AcDbSpline
210
0
220
0
230
0
 70
    8
 71
    1
 72
    4
 73
    2
 74
    0
 42
1e-07
 43
1e-07
 40
0
 40
0
 40
0.2828438
 40
0.2828438
 10
52.35713
 20
142.95942
 30
0
 10
52.3338
 20
143.2413
 30
0
  0
SPLINE
  5
4BD
100
AcDbEntity
  8
Shape2DView001
  6
ByLayer
 62
  256
370
   -1
100
AcDbSpline
210
0
220
0
230
0
 70
    8
 71
    1
 72
    4
 73
    2
 74
    0
 42
1e-07
 43
1e-07
 40
0
 40
0
 40
1.961268
 40
1.961268
 10
52.3338
 20
143.2413
 30
0
 10
54.295068
 20
143.2413
 30
0
  0
SPLINE
  5
4BE
100
AcDbEntity
  8
Shape2DView001
  6
ByLayer
 62
  256
370
   -1
100
AcDbSpline
210
0
220
0
230
0
 70
    8
 71
    3
 72
    8
 73
    4
 74
    0
 42
1e-07
 43
1e-07
 40
0
 40
0
 40
0
 40
0
 40
1
 40
1
 40
1
 40
1
 10
54.295068
 20
143.2413
 30
0
 10
56.49458
 20
143.2413
 30
0
 10
56.419078
 20
143.2202
 30
0
 10
56.240367
 20
143.78497
 30
0
  0
SPLINE
  5
4BF
100
AcDbEntity
  8
Shape2DView001
  6
ByLayer
 62
  256
370
   -1
100
AcDbSpline
210
0
220
0
230
0
 70
    8
 71
    3
 72
    8
 73
    4
 74
    0
 42
1e-07
 43
1e-07
 40
0
 40
0
 40
0
 40
0
 40
1
 40
1
 40
1
 40
1
 10
56.240367
 20
143.78497
 30
0
 10
56.157557
 20
144.04669
 30
0
 10
56.076598
 20
144.13807
 30
0
 10
55.800608
 20
144.28141
 30
0
  0
SPLINE
  5
4C0
100
AcDbEntity
  8
Shape2DView001
  6
ByLayer
 62
  256
370
   -1
100
AcDbSpline
210
0
220
0
230
0
 70
    8
 71
    3
 72
    8
 73
    4
 74
    0
 42
1e-07
 43
1e-07
 40
0
 40
0
 40
0
 40
0
 40
1
 40
1
 40
1
 40
1
 10
55.800608
 20
144.28141
 30
0
 10
55.46795
 20
144.45417
 30
0
 10
55.436639
 20
144.45628
 30
0
 10
53.908695
 20
144.40891
 30
0
  0
SPLINE
  5
4C1
100
AcDbEntity
  8
Shape2DView001
  6
ByLayer
 62
  256
370
   -1
100
AcDbSpline
210
0
220
0
230
0
 70
    8
 71
    1
 72
    4
 73
    2
 74
    0
 42
1e-07
 43
1e-07
 40
0
 40
0
 40
1.5544115
 40
1.5544115
 10
53.908695
 20
144.40891
 30
0
 10
52.355031
 20
144.36071
 30
0
  0
SPLINE
  5
4C2
100
AcDbEntity
  8
Shape2DView001
  6
ByLayer
 62
  256
370
   -1
100
AcDbSpline
210
0
220
0
230
0
 70
    8
 71
    1
 72
    4
 73
    2
 74
    0
 42
1e-07
 43
1e-07
 40
0
 40
0
 40
0.574228
 40
0.574228
 10
52.355031
 20
144.36071
 30
0
 10
52.330181
 20
144.9344
 30
0
  0
SPLINE
  5
4C3
100
AcDbEntity
  8
Shape2DView001
  6
ByLayer
 62
  256
370
   -1
100
AcDbSpline
210
0
220
0
230
0
 70
    8
 71
    3
 72
    8
 73
    4
 74
    0
 42
1e-07
 43
1e-07
 40
0
 40
0
 40
0
 40
0
 40
1
 40
1
 40
1
 40
1
 10
52.330181
 20
144.9344
 30
0
 10
52.290391
 20
145.85223
 30
0
 10
52.217691
 20
145.79779
 30
0
 10
53.733507
 20
145.98504
 30
0
  0
SPLINE
  5
4C4
100
AcDbEntity
  8
Shape2DView001
  6
ByLayer
 62
  256
370
   -1
100
AcDbSpline
210
0
220
0
230
0
 70
    8
 71
    3
 72
    8
 73
    4
 74
    0
 42
1e-07
 43
1e-07
 40
0
 40
0
 40
0
 40
0
 40
1
 40
1
 40
1
 40
1
 10
53.733507
 20
145.98504
 30
0
 10
54.832759
 20
146.12083
 30
0
 10
55.606815
 20
146.1196
 30
0
 10
56.245657
 20
145.98104
 30
0
  0
SPLINE
  5
4C5
100
AcDbEntity
  8
Shape2DView001
  6
ByLayer
 62
  256
370
   -1
100
AcDbSpline
210
0
220
0
230
0
 70
    8
 71
    1
 72
    4
 73
    2
 74
    0
 42
1e-07
 43
1e-07
 40
0
 40
0
 40
0.0001278
 40
0.0001278
 10
56.245657
 20
145.98104
 30
0
 10
56.245613
 20
145.98116
 30
0
  0
SPLINE
  5
4C6
100
AcDbEntity
  8
Shape2DView001
  6
ByLayer
 62
  256
370
   -1
100
AcDbSpline
210
0
220
0
230
0
 70
    8
 71
    3
 72
    8
 73
    4
 74
    0
 42
1e-07
 43
1e-07
 40
0
 40
0
 40
0
 40
0
 40
1
 40
1
 40
1
 40
1
 10
46.435161
 20
145.91166
 30
0
 10
47.126906
 20
145.62727
 30
0
 10
47.617765
 20
145.17629
 30
0
 10
47.724484
 20
144.72708
 30
0
  0
SPLINE
  5
4C7
100
AcDbEntity
  8
Shape2DView001
  6
ByLayer
 62
  256
370
   -1
100
AcDbSpline
210
0
220
0
230
0
 70
    8
 71
    3
 72
    8
 73
    4
 74
    0
 42
1e-07
 43
1e-07
 40
0
 40
0
 40
0
 40
0
 40
1
 40
1
 40
1
 40
1
 10
47.724484
 20
144.72708
 30
0
 10
47.765784
 20
144.5532
 30
0
 10
47.743104
 20
144.51001
 30
0
 10
47.577538
 20
144.44706
 30
0
  0
SPLINE
  5
4C8
100
AcDbEntity
  8
Shape2DView001
  6
ByLayer
 62
  256
370
   -1
100
AcDbSpline
210
0
220
0
230
0
 70
    8
 71
    3
 72
    8
 73
    4
 74
    0
 42
1e-07
 43
1e-07
 40
0
 40
0
 40
0
 40
0
 40
1
 40
1
 40
1
 40
1
 10
47.577538
 20
144.44706
 30
0
 10
47.385341
 20
144.37396
 30
0
 10
47.381757
 20
144.35936
 30
0
 10
47.381757
 20
143.64991
 30
0
  0
SPLINE
  5
4C9
100
AcDbEntity
  8
Shape2DView001
  6
ByLayer
 62
  256
370
   -1
100
AcDbSpline
210
0
220
0
230
0
 70
    8
 71
    1
 72
    4
 73
    2
 74
    0
 42
1e-07
 43
1e-07
 40
0
 40
0
 40
0.7227
 40
0.7227
 10
47.381757
 20
143.64991
 30
0
 10
47.381757
 20
142.92721
 30
0
  0
SPLINE
  5
4CA
100
AcDbEntity
  8
Shape2DView001
  6
ByLayer
 62
  256
370
   -1
100
AcDbSpline
210
0
220
0
230
0
 70
    8
 71
    1
 72
    4
 73
    2
 74
    0
 42
1e-07
 43
1e-07
 40
0
 40
0
 40
0.6278992
 40
0.6278992
 10
47.381757
 20
142.92721
 30
0
 10
48.007491
 20
142.97931
 30
0
  0
SPLINE
  5
4CB
100
AcDbEntity
  8
Shape2DView001
  6
ByLayer
 62
  256
370
   -1
100
AcDbSpline
210
0
220
0
230
0
 70
    8
 71
    1
 72
    4
 73
    2
 74
    0
 42
1e-07
 43
1e-07
 40
0
 40
0
 40
0.6278933
 40
0.6278933
 10
48.007491
 20
142.97931
 30
0
 10
48.633219
 20
143.03141
 30
0
  0
SPLINE
  5
4CC
100
AcDbEntity
  8
Shape2DView001
  6
ByLayer
 62
  256
370
   -1
100
AcDbSpline
210
0
220
0
230
0
 70
    8
 71
    1
 72
    4
 73
    2
 74
    0
 42
1e-07
 43
1e-07
 40
0
 40
0
 40
0.6145203
 40
0.6145203
 10
48.633219
 20
143.03141
 30
0
 10
48.947087
 20
142.50309
 30
0
  0
SPLINE
  5
4CD
100
AcDbEntity
  8
Shape2DView001
  6
ByLayer
 62
  256
370
   -1
100
AcDbSpline
210
0
220
0
230
0
 70
    8
 71
    3
 72
    8
 73
    4
 74
    0
 42
1e-07
 43
1e-07
 40
0
 40
0
 40
0
 40
0
 40
1
 40
1
 40
1
 40
1
 10
48.947087
 20
142.50309
 30
0
 10
49.119715
 20
142.21252
 30
0
 10
49.260956
 20
141.9411
 30
0
 10
49.260956
 20
141.89993
 30
0
  0
SPLINE
  5
4CE
100
AcDbEntity
  8
Shape2DView001
  6
ByLayer
 62
  256
370
   -1
100
AcDbSpline
210
0
220
0
230
0
 70
    8
 71
    3
 72
    8
 73
    4
 74
    0
 42
1e-07
 43
1e-07
 40
0
 40
0
 40
0
 40
0
 40
1
 40
1
 40
1
 40
1
 10
49.260956
 20
141.89993
 30
0
 10
49.260956
 20
141.81113
 30
0
 10
49.033144
 20
141.7631
 30
0
 10
48.321354
 20
141.7018
 30
0
  0
SPLINE
  5
4CF
100
AcDbEntity
  8
Shape2DView001
  6
ByLayer
 62
  256
370
   -1
100
AcDbSpline
210
0
220
0
230
0
 70
    8
 71
    3
 72
    8
 73
    4
 74
    0
 42
1e-07
 43
1e-07
 40
0
 40
0
 40
0
 40
0
 40
1
 40
1
 40
1
 40
1
 10
48.321354
 20
141.7018
 30
0
 10
47.323325
 20
141.6158
 30
0
 10
47.360001
 20
141.6386
 30
0
 10
47.396958
 20
141.12767
 30
0
  0
SPLINE
  5
4D0
100
AcDbEntity
  8
Shape2DView001
  6
ByLayer
 62
  256
370
   -1
100
AcDbSpline
210
0
220
0
230
0
 70
    8
 71
    3
 72
    8
 73
    4
 74
    0
 42
1e-07
 43
1e-07
 40
0
 40
0
 40
0
 40
0
 40
1
 40
1
 40
1
 40
1
 10
47.396958
 20
141.12767
 30
0
 10
47.414608
 20
140.88331
 30
0
 10
47.463218
 20
140.64925
 30
0
 10
47.504928
 20
140.60754
 30
0
  0
SPLINE
  5
4D1
100
AcDbEntity
  8
Shape2DView001
  6
ByLayer
 62
  256
370
   -1
100
AcDbSpline
210
0
220
0
230
0
 70
    8
 71
    3
 72
    8
 73
    4
 74
    0
 42
1e-07
 43
1e-07
 40
0
 40
0
 40
0
 40
0
 40
1
 40
1
 40
1
 40
1
 10
47.504928
 20
140.60754
 30
0
 10
47.649926
 20
140.46255
 30
0
 10
48.473286
 20
140.38159
 30
0
 10
49.306791
 20
140.43037
 30
0
  0
SPLINE
  5
4D2
100
AcDbEntity
  8
Shape2DView001
  6
ByLayer
 62
  256
370
   -1
100
AcDbSpline
210
0
220
0
230
0
 70
    8
 71
    1
 72
    4
 73
    2
 74
    0
 42
1e-07
 43
1e-07
 40
0
 40
0
 40
0.8365214999999999
 40
0.8365214999999999
 10
49.306791
 20
140.43037
 30
0
 10
50.141882
 20
140.47927
 30
0
  0
SPLINE
  5
4D3
100
AcDbEntity
  8
Shape2DView001
  6
ByLayer
 62
  256
370
   -1
100
AcDbSpline
210
0
220
0
230
0
 70
    8
 71
    1
 72
    4
 73
    2
 74
    0
 42
1e-07
 43
1e-07
 40
0
 40
0
 40
0.6620668
 40
0.6620668
 10
50.141882
 20
140.47927
 30
0
 10
50.46184
 20
139.89965
 30
0
  0
SPLINE
  5
4D4
100
AcDbEntity
  8
Shape2DView001
  6
ByLayer
 62
  256
370
   -1
100
AcDbSpline
210
0
220
0
230
0
 70
    8
 71
    3
 72
    8
 73
    4
 74
    0
 42
1e-07
 43
1e-07
 40
0
 40
0
 40
0
 40
0
 40
1
 40
1
 40
1
 40
1
 10
50.46184
 20
139.89965
 30
0
 10
50.637824
 20
139.58086
 30
0
 10
50.752502
 20
139.29457
 30
0
 10
50.716687
 20
139.26347
 30
0
  0
SPLINE
  5
4D5
100
AcDbEntity
  8
Shape2DView001
  6
ByLayer
 62
  256
370
   -1
100
AcDbSpline
210
0
220
0
230
0
 70
    8
 71
    3
 72
    8
 73
    4
 74
    0
 42
1e-07
 43
1e-07
 40
0
 40
0
 40
0
 40
0
 40
1
 40
1
 40
1
 40
1
 10
50.716687
 20
139.26347
 30
0
 10
50.589894
 20
139.15333
 30
0
 10
49.587508
 20
138.96109
 30
0
 10
48.719308
 20
138.8804
 30
0
  0
SPLINE
  5
4D6
100
AcDbEntity
  8
Shape2DView001
  6
ByLayer
 62
  256
370
   -1
100
AcDbSpline
210
0
220
0
230
0
 70
    8
 71
    3
 72
    8
 73
    4
 74
    0
 42
1e-07
 43
1e-07
 40
0
 40
0
 40
0
 40
0
 40
1
 40
1
 40
1
 40
1
 10
48.719308
 20
138.8804
 30
0
 10
47.048801
 20
138.72514
 30
0
 10
46.092196
 20
139.07665
 30
0
 10
45.674033
 20
139.99941
 30
0
  0
SPLINE
  5
4D7
100
AcDbEntity
  8
Shape2DView001
  6
ByLayer
 62
  256
370
   -1
100
AcDbSpline
210
0
220
0
230
0
 70
    8
 71
    3
 72
    8
 73
    4
 74
    0
 42
1e-07
 43
1e-07
 40
0
 40
0
 40
0
 40
0
 40
1
 40
1
 40
1
 40
1
 10
45.674033
 20
139.99941
 30
0
 10
45.572927
 20
140.22252
 30
0
 10
45.542623
 20
140.64695
 30
0
 10
45.507685
 20
142.32896
 30
0
  0
SPLINE
  5
4D8
100
AcDbEntity
  8
Shape2DView001
  6
ByLayer
 62
  256
370
   -1
100
AcDbSpline
210
0
220
0
230
0
 70
    8
 71
    1
 72
    4
 73
    2
 74
    0
 42
1e-07
 43
1e-07
 40
0
 40
0
 40
2.0571934
 40
2.0571934
 10
45.507685
 20
142.32896
 30
0
 10
45.464975
 20
144.38571
 30
0
  0
SPLINE
  5
4D9
100
AcDbEntity
  8
Shape2DView001
  6
ByLayer
 62
  256
370
   -1
100
AcDbSpline
210
0
220
0
230
0
 70
    8
 71
    1
 72
    4
 73
    2
 74
    0
 42
1e-07
 43
1e-07
 40
0
 40
0
 40
0.3147818
 40
0.3147818
 10
45.464975
 20
144.38571
 30
0
 10
45.223246
 20
144.58734
 30
0
  0
SPLINE
  5
4DA
100
AcDbEntity
  8
Shape2DView001
  6
ByLayer
 62
  256
370
   -1
100
AcDbSpline
210
0
220
0
230
0
 70
    8
 71
    1
 72
    4
 73
    2
 74
    0
 42
1e-07
 43
1e-07
 40
0
 40
0
 40
0.3147825
 40
0.3147825
 10
45.223246
 20
144.58734
 30
0
 10
44.981516
 20
144.78897
 30
0
  0
SPLINE
  5
4DB
100
AcDbEntity
  8
Shape2DView001
  6
ByLayer
 62
  256
370
   -1
100
AcDbSpline
210
0
220
0
230
0
 70
    8
 71
    1
 72
    4
 73
    2
 74
    0
 42
1e-07
 43
1e-07
 40
0
 40
0
 40
0.6560174
 40
0.6560174
 10
44.981516
 20
144.78897
 30
0
 10
45.027696
 20
145.44336
 30
0
  0
SPLINE
  5
4DC
100
AcDbEntity
  8
Shape2DView001
  6
ByLayer
 62
  256
370
   -1
100
AcDbSpline
210
0
220
0
230
0
 70
    8
 71
    1
 72
    4
 73
    2
 74
    0
 42
1e-07
 43
1e-07
 40
0
 40
0
 40
0.6560174
 40
0.6560174
 10
45.027696
 20
145.44336
 30
0
 10
45.073876
 20
146.09775
 30
0
  0
SPLINE
  5
4DD
100
AcDbEntity
  8
Shape2DView001
  6
ByLayer
 62
  256
370
   -1
100
AcDbSpline
210
0
220
0
230
0
 70
    8
 71
    1
 72
    4
 73
    2
 74
    0
 42
1e-07
 43
1e-07
 40
0
 40
0
 40
0.4586374
 40
0.4586374
 10
45.073876
 20
146.09775
 30
0
 10
45.532509
 20
146.09575
 30
0
  0
SPLINE
  5
4DE
100
AcDbEntity
  8
Shape2DView001
  6
ByLayer
 62
  256
370
   -1
100
AcDbSpline
210
0
220
0
230
0
 70
    8
 71
    3
 72
    8
 73
    4
 74
    0
 42
1e-07
 43
1e-07
 40
0
 40
0
 40
0
 40
0
 40
1
 40
1
 40
1
 40
1
 10
45.532509
 20
146.09575
 30
0
 10
45.842772
 20
146.09475
 30
0
 10
46.134792
 20
146.03495
 30
0
 10
46.435165
 20
145.91143
 30
0
  0
SPLINE
  5
4DF
100
AcDbEntity
  8
Shape2DView001
  6
ByLayer
 62
  256
370
   -1
100
AcDbSpline
210
0
220
0
230
0
 70
    8
 71
    1
 72
    4
 73
    2
 74
    0
 42
1e-07
 43
1e-07
 40
0
 40
0
 40
0.00023
 40
0.00023
 10
46.435165
 20
145.91143
 30
0
 10
46.435161
 20
145.91166
 30
0
  0
SPLINE
  5
4E0
100
AcDbEntity
  8
Shape2DView001
  6
ByLayer
 62
  256
370
   -1
100
AcDbSpline
210
0
220
0
230
0
 70
    8
 71
    1
 72
    4
 73
    2
 74
    0
 42
1e-07
 43
1e-07
 40
0
 40
0
 40
4.84835
 40
4.84835
 10
43.698514
 20
141.09909
 30
0
 10
43.698514
 20
136.25074
 30
0
  0
SPLINE
  5
4E1
100
AcDbEntity
  8
Shape2DView001
  6
ByLayer
 62
  256
370
   -1
100
AcDbSpline
210
0
220
0
230
0
 70
    8
 71
    1
 72
    4
 73
    2
 74
    0
 42
1e-07
 43
1e-07
 40
0
 40
0
 40
0.902017
 40
0.902017
 10
43.698514
 20
136.25074
 30
0
 10
42.796497
 20
136.25074
 30
0
  0
SPLINE
  5
4E2
100
AcDbEntity
  8
Shape2DView001
  6
ByLayer
 62
  256
370
   -1
100
AcDbSpline
210
0
220
0
230
0
 70
    8
 71
    1
 72
    4
 73
    2
 74
    0
 42
1e-07
 43
1e-07
 40
0
 40
0
 40
0.902017
 40
0.902017
 10
42.796497
 20
136.25074
 30
0
 10
41.89448
 20
136.25074
 30
0
  0
SPLINE
  5
4E3
100
AcDbEntity
  8
Shape2DView001
  6
ByLayer
 62
  256
370
   -1
100
AcDbSpline
210
0
220
0
230
0
 70
    8
 71
    1
 72
    4
 73
    2
 74
    0
 42
1e-07
 43
1e-07
 40
0
 40
0
 40
2.74363
 40
2.74363
 10
41.89448
 20
136.25074
 30
0
 10
41.89448
 20
138.99437
 30
0
  0
SPLINE
  5
4E4
100
AcDbEntity
  8
Shape2DView001
  6
ByLayer
 62
  256
370
   -1
100
AcDbSpline
210
0
220
0
230
0
 70
    8
 71
    1
 72
    4
 73
    2
 74
    0
 42
1e-07
 43
1e-07
 40
0
 40
0
 40
2.74364
 40
2.74364
 10
41.89448
 20
138.99437
 30
0
 10
41.89448
 20
141.73801
 30
0
  0
SPLINE
  5
4E5
100
AcDbEntity
  8
Shape2DView001
  6
ByLayer
 62
  256
370
   -1
100
AcDbSpline
210
0
220
0
230
0
 70
    8
 71
    1
 72
    4
 73
    2
 74
    0
 42
1e-07
 43
1e-07
 40
0
 40
0
 40
0.220612
 40
0.220612
 10
41.89448
 20
141.73801
 30
0
 10
41.673868
 20
141.73801
 30
0
  0
SPLINE
  5
4E6
100
AcDbEntity
  8
Shape2DView001
  6
ByLayer
 62
  256
370
   -1
100
AcDbSpline
210
0
220
0
230
0
 70
    8
 71
    3
 72
    8
 73
    4
 74
    0
 42
1e-07
 43
1e-07
 40
0
 40
0
 40
0
 40
0
 40
1
 40
1
 40
1
 40
1
 10
41.673868
 20
141.73801
 30
0
 10
41.203071
 20
141.73801
 30
0
 10
41.1326
 20
141.65681
 30
0
 10
40.44171
 20
140.31784
 30
0
  0
SPLINE
  5
4E7
100
AcDbEntity
  8
Shape2DView001
  6
ByLayer
 62
  256
370
   -1
100
AcDbSpline
210
0
220
0
230
0
 70
    8
 71
    1
 72
    4
 73
    2
 74
    0
 42
1e-07
 43
1e-07
 40
0
 40
0
 40
1.4469705
 40
1.4469705
 10
40.44171
 20
140.31784
 30
0
 10
39.778207
 20
139.03196
 30
0
  0
SPLINE
  5
4E8
100
AcDbEntity
  8
Shape2DView001
  6
ByLayer
 62
  256
370
   -1
100
AcDbSpline
210
0
220
0
230
0
 70
    8
 71
    1
 72
    4
 73
    2
 74
    0
 42
1e-07
 43
1e-07
 40
0
 40
0
 40
1.008985
 40
1.008985
 10
39.778207
 20
139.03196
 30
0
 10
38.769222
 20
139.03196
 30
0
  0
SPLINE
  5
4E9
100
AcDbEntity
  8
Shape2DView001
  6
ByLayer
 62
  256
370
   -1
100
AcDbSpline
210
0
220
0
230
0
 70
    8
 71
    3
 72
    8
 73
    4
 74
    0
 42
1e-07
 43
1e-07
 40
0
 40
0
 40
0
 40
0
 40
1
 40
1
 40
1
 40
1
 10
38.769222
 20
139.03196
 30
0
 10
38.214274
 20
139.03196
 30
0
 10
37.76023
 20
139.05376
 30
0
 10
37.76023
 20
139.08026
 30
0
  0
SPLINE
  5
4EA
100
AcDbEntity
  8
Shape2DView001
  6
ByLayer
 62
  256
370
   -1
100
AcDbSpline
210
0
220
0
230
0
 70
    8
 71
    3
 72
    8
 73
    4
 74
    0
 42
1e-07
 43
1e-07
 40
0
 40
0
 40
0
 40
0
 40
1
 40
1
 40
1
 40
1
 10
37.76023
 20
139.08026
 30
0
 10
37.76023
 20
139.14136
 30
0
 10
38.898591
 20
141.25419
 30
0
 10
39.244247
 20
141.8346
 30
0
  0
SPLINE
  5
4EB
100
AcDbEntity
  8
Shape2DView001
  6
ByLayer
 62
  256
370
   -1
100
AcDbSpline
210
0
220
0
230
0
 70
    8
 71
    1
 72
    4
 73
    2
 74
    0
 42
1e-07
 43
1e-07
 40
0
 40
0
 40
0.5061772
 40
0.5061772
 10
39.244247
 20
141.8346
 30
0
 10
39.50324
 20
142.2695
 30
0
  0
SPLINE
  5
4EC
100
AcDbEntity
  8
Shape2DView001
  6
ByLayer
 62
  256
370
   -1
100
AcDbSpline
210
0
220
0
230
0
 70
    8
 71
    1
 72
    4
 73
    2
 74
    0
 42
1e-07
 43
1e-07
 40
0
 40
0
 40
0.6046311999999999
 40
0.6046311999999999
 10
39.50324
 20
142.2695
 30
0
 10
39.235824
 20
142.81178
 30
0
  0
SPLINE
  5
4ED
100
AcDbEntity
  8
Shape2DView001
  6
ByLayer
 62
  256
370
   -1
100
AcDbSpline
210
0
220
0
230
0
 70
    8
 71
    3
 72
    8
 73
    4
 74
    0
 42
1e-07
 43
1e-07
 40
0
 40
0
 40
0
 40
0
 40
1
 40
1
 40
1
 40
1
 10
39.235824
 20
142.81178
 30
0
 10
39.088742
 20
143.11004
 30
0
 10
38.680908
 20
143.89528
 30
0
 10
38.329525
 20
144.55676
 30
0
  0
SPLINE
  5
4EE
100
AcDbEntity
  8
Shape2DView001
  6
ByLayer
 62
  256
370
   -1
100
AcDbSpline
210
0
220
0
230
0
 70
    8
 71
    3
 72
    8
 73
    4
 74
    0
 42
1e-07
 43
1e-07
 40
0
 40
0
 40
0
 40
0
 40
1
 40
1
 40
1
 40
1
 10
38.329525
 20
144.55676
 30
0
 10
37.97815
 20
145.21824
 30
0
 10
37.6894
 20
145.80173
 30
0
 10
37.68786
 20
145.85341
 30
0
  0
SPLINE
  5
4EF
100
AcDbEntity
  8
Shape2DView001
  6
ByLayer
 62
  256
370
   -1
100
AcDbSpline
210
0
220
0
230
0
 70
    8
 71
    3
 72
    8
 73
    4
 74
    0
 42
1e-07
 43
1e-07
 40
0
 40
0
 40
0
 40
0
 40
1
 40
1
 40
1
 40
1
 10
37.68786
 20
145.85341
 30
0
 10
37.68586
 20
145.92401
 30
0
 10
37.93314
 20
145.94741
 30
0
 10
38.682332
 20
145.94741
 30
0
  0
SPLINE
  5
4F0
100
AcDbEntity
  8
Shape2DView001
  6
ByLayer
 62
  256
370
   -1
100
AcDbSpline
210
0
220
0
230
0
 70
    8
 71
    1
 72
    4
 73
    2
 74
    0
 42
1e-07
 43
1e-07
 40
0
 40
0
 40
0.99727
 40
0.99727
 10
38.682332
 20
145.94741
 30
0
 10
39.679602
 20
145.94741
 30
0
  0
SPLINE
  5
4F1
100
AcDbEntity
  8
Shape2DView001
  6
ByLayer
 62
  256
370
   -1
100
AcDbSpline
210
0
220
0
230
0
 70
    8
 71
    1
 72
    4
 73
    2
 74
    0
 42
1e-07
 43
1e-07
 40
0
 40
0
 40
1.4729951
 40
1.4729951
 10
39.679602
 20
145.94741
 30
0
 10
40.348697
 20
144.63515
 30
0
  0
SPLINE
  5
4F2
100
AcDbEntity
  8
Shape2DView001
  6
ByLayer
 62
  256
370
   -1
100
AcDbSpline
210
0
220
0
230
0
 70
    8
 71
    3
 72
    8
 73
    4
 74
    0
 42
1e-07
 43
1e-07
 40
0
 40
0
 40
0
 40
0
 40
1
 40
1
 40
1
 40
1
 10
40.348697
 20
144.63515
 30
0
 10
40.7167
 20
143.9134
 30
0
 10
41.057738
 20
143.30756
 30
0
 10
41.106567
 20
143.28882
 30
0
  0
SPLINE
  5
4F3
100
AcDbEntity
  8
Shape2DView001
  6
ByLayer
 62
  256
370
   -1
100
AcDbSpline
210
0
220
0
230
0
 70
    8
 71
    3
 72
    8
 73
    4
 74
    0
 42
1e-07
 43
1e-07
 40
0
 40
0
 40
0
 40
0
 40
1
 40
1
 40
1
 40
1
 10
41.106567
 20
143.28882
 30
0
 10
41.155397
 20
143.27012
 30
0
 10
41.352648
 20
143.28828
 30
0
 10
41.54491
 20
143.32932
 30
0
  0
SPLINE
  5
4F4
100
AcDbEntity
  8
Shape2DView001
  6
ByLayer
 62
  256
370
   -1
100
AcDbSpline
210
0
220
0
230
0
 70
    8
 71
    1
 72
    4
 73
    2
 74
    0
 42
1e-07
 43
1e-07
 40
0
 40
0
 40
0.3574414
 40
0.3574414
 10
41.54491
 20
143.32932
 30
0
 10
41.89448
 20
143.40392
 30
0
  0
SPLINE
  5
4F5
100
AcDbEntity
  8
Shape2DView001
  6
ByLayer
 62
  256
370
   -1
100
AcDbSpline
210
0
220
0
230
0
 70
    8
 71
    1
 72
    4
 73
    2
 74
    0
 42
1e-07
 43
1e-07
 40
0
 40
0
 40
1.27177
 40
1.27177
 10
41.89448
 20
143.40392
 30
0
 10
41.89448
 20
144.67569
 30
0
  0
SPLINE
  5
4F6
100
AcDbEntity
  8
Shape2DView001
  6
ByLayer
 62
  256
370
   -1
100
AcDbSpline
210
0
220
0
230
0
 70
    8
 71
    1
 72
    4
 73
    2
 74
    0
 42
1e-07
 43
1e-07
 40
0
 40
0
 40
1.27178
 40
1.27178
 10
41.89448
 20
144.67569
 30
0
 10
41.89448
 20
145.94747
 30
0
  0
SPLINE
  5
4F7
100
AcDbEntity
  8
Shape2DView001
  6
ByLayer
 62
  256
370
   -1
100
AcDbSpline
210
0
220
0
230
0
 70
    8
 71
    1
 72
    4
 73
    2
 74
    0
 42
1e-07
 43
1e-07
 40
0
 40
0
 40
0.902017
 40
0.902017
 10
41.89448
 20
145.94747
 30
0
 10
42.796497
 20
145.94747
 30
0
  0
SPLINE
  5
4F8
100
AcDbEntity
  8
Shape2DView001
  6
ByLayer
 62
  256
370
   -1
100
AcDbSpline
210
0
220
0
230
0
 70
    8
 71
    1
 72
    4
 73
    2
 74
    0
 42
1e-07
 43
1e-07
 40
0
 40
0
 40
0.902017
 40
0.902017
 10
42.796497
 20
145.94747
 30
0
 10
43.698514
 20
145.94747
 30
0
  0
SPLINE
  5
4F9
100
AcDbEntity
  8
Shape2DView001
  6
ByLayer
 62
  256
370
   -1
100
AcDbSpline
210
0
220
0
230
0
 70
    8
 71
    1
 72
    4
 73
    2
 74
    0
 42
1e-07
 43
1e-07
 40
0
 40
0
 40
4.84838
 40
4.84838
 10
43.698514
 20
145.94747
 30
0
 10
43.698514
 20
141.09909
 30
0
  0
SPLINE
  5
4FA
100
AcDbEntity
  8
Shape2DView001
  6
ByLayer
 62
  256
370
   -1
100
AcDbSpline
210
0
220
0
230
0
 70
    8
 71
    1
 72
    4
 73
    2
 74
    0
 42
1e-07
 43
1e-07
 40
0
 40
0
 40
1.09456
 40
1.09456
 10
36.55754
 20
144.78232
 30
0
 10
36.55754
 20
143.68776
 30
0
  0
SPLINE
  5
4FB
100
AcDbEntity
  8
Shape2DView001
  6
ByLayer
 62
  256
370
   -1
100
AcDbSpline
210
0
220
0
230
0
 70
    8
 71
    1
 72
    4
 73
    2
 74
    0
 42
1e-07
 43
1e-07
 40
0
 40
0
 40
0.9210516999999999
 40
0.9210516999999999
 10
36.55754
 20
143.68776
 30
0
 10
35.63673
 20
143.70886
 30
0
  0
SPLINE
  5
4FC
100
AcDbEntity
  8
Shape2DView001
  6
ByLayer
 62
  256
370
   -1
100
AcDbSpline
210
0
220
0
230
0
 70
    8
 71
    1
 72
    4
 73
    2
 74
    0
 42
1e-07
 43
1e-07
 40
0
 40
0
 40
0.9210516999999999
 40
0.9210516999999999
 10
35.63673
 20
143.70886
 30
0
 10
34.71592
 20
143.72996
 30
0
  0
SPLINE
  5
4FD
100
AcDbEntity
  8
Shape2DView001
  6
ByLayer
 62
  256
370
   -1
100
AcDbSpline
210
0
220
0
230
0
 70
    8
 71
    1
 72
    4
 73
    2
 74
    0
 42
1e-07
 43
1e-07
 40
0
 40
0
 40
1.05235
 40
1.05235
 10
34.71592
 20
143.72996
 30
0
 10
34.71592
 20
144.78231
 30
0
  0
SPLINE
  5
4FE
100
AcDbEntity
  8
Shape2DView001
  6
ByLayer
 62
  256
370
   -1
100
AcDbSpline
210
0
220
0
230
0
 70
    8
 71
    1
 72
    4
 73
    2
 74
    0
 42
1e-07
 43
1e-07
 40
0
 40
0
 40
1.05236
 40
1.05236
 10
34.71592
 20
144.78231
 30
0
 10
34.71592
 20
145.83467
 30
0
  0
SPLINE
  5
4FF
100
AcDbEntity
  8
Shape2DView001
  6
ByLayer
 62
  256
370
   -1
100
AcDbSpline
210
0
220
0
230
0
 70
    8
 71
    1
 72
    4
 73
    2
 74
    0
 42
1e-07
 43
1e-07
 40
0
 40
0
 40
0.9210516999999999
 40
0.9210516999999999
 10
34.71592
 20
145.83467
 30
0
 10
35.63673
 20
145.85577
 30
0
  0
SPLINE
  5
500
100
AcDbEntity
  8
Shape2DView001
  6
ByLayer
 62
  256
370
   -1
100
AcDbSpline
210
0
220
0
230
0
 70
    8
 71
    1
 72
    4
 73
    2
 74
    0
 42
1e-07
 43
1e-07
 40
0
 40
0
 40
0.9210516999999999
 40
0.9210516999999999
 10
35.63673
 20
145.85577
 30
0
 10
36.55754
 20
145.87687
 30
0
  0
SPLINE
  5
501
100
AcDbEntity
  8
Shape2DView001
  6
ByLayer
 62
  256
370
   -1
100
AcDbSpline
210
0
220
0
230
0
 70
    8
 71
    1
 72
    4
 73
    2
 74
    0
 42
1e-07
 43
1e-07
 40
0
 40
0
 40
1.09455
 40
1.09455
 10
36.55754
 20
145.87687
 30
0
 10
36.55754
 20
144.78232
 30
0
  0
SPLINE
  5
502
100
AcDbEntity
  8
Shape2DView001
  6
ByLayer
 62
  256
370
   -1
100
AcDbSpline
210
0
220
0
230
0
 70
    8
 71
    1
 72
    4
 73
    2
 74
    0
 42
1e-07
 43
1e-07
 40
0
 40
0
 40
2.9128366
 40
2.9128366
 10
62.998824
 20
141.98231
 30
0
 10
62.979134
 20
139.06954
 30
0
  0
SPLINE
  5
503
100
AcDbEntity
  8
Shape2DView001
  6
ByLayer
 62
  256
370
   -1
100
AcDbSpline
210
0
220
0
230
0
 70
    8
 71
    1
 72
    4
 73
    2
 74
    0
 42
1e-07
 43
1e-07
 40
0
 40
0
 40
0.8834793999999999
 40
0.8834793999999999
 10
62.979134
 20
139.06954
 30
0
 10
62.095909
 20
139.04834
 30
0
  0
SPLINE
  5
504
100
AcDbEntity
  8
Shape2DView001
  6
ByLayer
 62
  256
370
   -1
100
AcDbSpline
210
0
220
0
230
0
 70
    8
 71
    1
 72
    4
 73
    2
 74
    0
 42
1e-07
 43
1e-07
 40
0
 40
0
 40
0.8834814
 40
0.8834814
 10
62.095909
 20
139.04834
 30
0
 10
61.212682
 20
139.02714
 30
0
  0
SPLINE
  5
505
100
AcDbEntity
  8
Shape2DView001
  6
ByLayer
 62
  256
370
   -1
100
AcDbSpline
210
0
220
0
230
0
 70
    8
 71
    1
 72
    4
 73
    2
 74
    0
 42
1e-07
 43
1e-07
 40
0
 40
0
 40
0.34064
 40
0.34064
 10
61.212682
 20
139.02714
 30
0
 10
61.212682
 20
139.36778
 30
0
  0
SPLINE
  5
506
100
AcDbEntity
  8
Shape2DView001
  6
ByLayer
 62
  256
370
   -1
100
AcDbSpline
210
0
220
0
230
0
 70
    8
 71
    3
 72
    8
 73
    4
 74
    0
 42
1e-07
 43
1e-07
 40
0
 40
0
 40
0
 40
0
 40
1
 40
1
 40
1
 40
1
 10
61.212682
 20
139.36778
 30
0
 10
61.212682
 20
139.75085
 30
0
 10
61.174672
 20
139.76963
 30
0
 10
60.821351
 20
139.56116
 30
0
  0
SPLINE
  5
507
100
AcDbEntity
  8
Shape2DView001
  6
ByLayer
 62
  256
370
   -1
100
AcDbSpline
210
0
220
0
230
0
 70
    8
 71
    3
 72
    8
 73
    4
 74
    0
 42
1e-07
 43
1e-07
 40
0
 40
0
 40
0
 40
0
 40
1
 40
1
 40
1
 40
1
 10
60.821351
 20
139.56116
 30
0
 10
60.46514
 20
139.35099
 30
0
 10
59.522689
 20
138.97085
 30
0
 10
59.214529
 20
138.91304
 30
0
  0
SPLINE
  5
508
100
AcDbEntity
  8
Shape2DView001
  6
ByLayer
 62
  256
370
   -1
100
AcDbSpline
210
0
220
0
230
0
 70
    8
 71
    1
 72
    4
 73
    2
 74
    0
 42
1e-07
 43
1e-07
 40
0
 40
0
 40
0.2662269
 40
0.2662269
 10
59.214529
 20
138.91304
 30
0
 10
58.952869
 20
138.86394
 30
0
  0
SPLINE
  5
509
100
AcDbEntity
  8
Shape2DView001
  6
ByLayer
 62
  256
370
   -1
100
AcDbSpline
210
0
220
0
230
0
 70
    8
 71
    1
 72
    4
 73
    2
 74
    0
 42
1e-07
 43
1e-07
 40
0
 40
0
 40
0.9232827
 40
0.9232827
 10
58.952869
 20
138.86394
 30
0
 10
58.974039
 20
139.78698
 30
0
  0
SPLINE
  5
50A
100
AcDbEntity
  8
Shape2DView001
  6
ByLayer
 62
  256
370
   -1
100
AcDbSpline
210
0
220
0
230
0
 70
    8
 71
    1
 72
    4
 73
    2
 74
    0
 42
1e-07
 43
1e-07
 40
0
 40
0
 40
0.9232927
 40
0.9232927
 10
58.974039
 20
139.78698
 30
0
 10
58.995209
 20
140.71003
 30
0
  0
SPLINE
  5
50B
100
AcDbEntity
  8
Shape2DView001
  6
ByLayer
 62
  256
370
   -1
100
AcDbSpline
210
0
220
0
230
0
 70
    8
 71
    1
 72
    4
 73
    2
 74
    0
 42
1e-07
 43
1e-07
 40
0
 40
0
 40
0.9678393999999999
 40
0.9678393999999999
 10
58.995209
 20
140.71003
 30
0
 10
59.934811
 20
140.94211
 30
0
  0
SPLINE
  5
50C
100
AcDbEntity
  8
Shape2DView001
  6
ByLayer
 62
  256
370
   -1
100
AcDbSpline
210
0
220
0
230
0
 70
    8
 71
    3
 72
    8
 73
    4
 74
    0
 42
1e-07
 43
1e-07
 40
0
 40
0
 40
0
 40
0
 40
1
 40
1
 40
1
 40
1
 10
59.934811
 20
140.94211
 30
0
 10
61.35284
 20
141.29236
 30
0
 10
61.212671
 20
141.05224
 30
0
 10
61.212671
 20
143.13121
 30
0
  0
SPLINE
  5
50D
100
AcDbEntity
  8
Shape2DView001
  6
ByLayer
 62
  256
370
   -1
100
AcDbSpline
210
0
220
0
230
0
 70
    8
 71
    1
 72
    4
 73
    2
 74
    0
 42
1e-07
 43
1e-07
 40
0
 40
0
 40
1.76381
 40
1.76381
 10
61.212671
 20
143.13121
 30
0
 10
61.212671
 20
144.89502
 30
0
  0
SPLINE
  5
50E
100
AcDbEntity
  8
Shape2DView001
  6
ByLayer
 62
  256
370
   -1
100
AcDbSpline
210
0
220
0
230
0
 70
    8
 71
    1
 72
    4
 73
    2
 74
    0
 42
1e-07
 43
1e-07
 40
0
 40
0
 40
0.902898
 40
0.902898
 10
61.212671
 20
144.89502
 30
0
 10
62.115569
 20
144.89502
 30
0
  0
SPLINE
  5
50F
100
AcDbEntity
  8
Shape2DView001
  6
ByLayer
 62
  256
370
   -1
100
AcDbSpline
210
0
220
0
230
0
 70
    8
 71
    1
 72
    4
 73
    2
 74
    0
 42
1e-07
 43
1e-07
 40
0
 40
0
 40
0.902899
 40
0.902899
 10
62.115569
 20
144.89502
 30
0
 10
63.018468
 20
144.89502
 30
0
  0
SPLINE
  5
510
100
AcDbEntity
  8
Shape2DView001
  6
ByLayer
 62
  256
370
   -1
100
AcDbSpline
210
0
220
0
230
0
 70
    8
 71
    1
 72
    4
 73
    2
 74
    0
 42
1e-07
 43
1e-07
 40
0
 40
0
 40
2.9127762
 40
2.9127762
 10
63.018468
 20
144.89502
 30
0
 10
62.998824
 20
141.98231
 30
0
  0
SPLINE
  5
511
100
AcDbEntity
  8
Shape2DView001
  6
ByLayer
 62
  256
370
   -1
100
AcDbSpline
210
0
220
0
230
0
 70
    8
 71
    3
 72
    8
 73
    4
 74
    0
 42
1e-07
 43
1e-07
 40
0
 40
0
 40
0
 40
0
 40
1
 40
1
 40
1
 40
1
 10
54.910237
 20
138.92031
 30
0
 10
55.061352
 20
138.86471
 30
0
 10
55.266518
 20
138.76584
 30
0
 10
55.366158
 20
138.70055
 30
0
  0
SPLINE
  5
512
100
AcDbEntity
  8
Shape2DView001
  6
ByLayer
 62
  256
370
   -1
100
AcDbSpline
210
0
220
0
230
0
 70
    8
 71
    3
 72
    8
 73
    4
 74
    0
 42
1e-07
 43
1e-07
 40
0
 40
0
 40
0
 40
0
 40
1
 40
1
 40
1
 40
1
 10
55.366158
 20
138.70055
 30
0
 10
55.52239
 20
138.59818
 30
0
 10
57.153617
 20
136.26541
 30
0
 10
57.153617
 20
136.14435
 30
0
  0
SPLINE
  5
513
100
AcDbEntity
  8
Shape2DView001
  6
ByLayer
 62
  256
370
   -1
100
AcDbSpline
210
0
220
0
230
0
 70
    8
 71
    3
 72
    8
 73
    4
 74
    0
 42
1e-07
 43
1e-07
 40
0
 40
0
 40
0
 40
0
 40
1
 40
1
 40
1
 40
1
 10
57.153617
 20
136.14435
 30
0
 10
57.153617
 20
136.12015
 30
0
 10
57.021135
 20
136.10035
 30
0
 10
56.859215
 20
136.10035
 30
0
  0
SPLINE
  5
514
100
AcDbEntity
  8
Shape2DView001
  6
ByLayer
 62
  256
370
   -1
100
AcDbSpline
210
0
220
0
230
0
 70
    8
 71
    3
 72
    8
 73
    4
 74
    0
 42
1e-07
 43
1e-07
 40
0
 40
0
 40
0
 40
0
 40
1
 40
1
 40
1
 40
1
 10
56.859215
 20
136.10035
 30
0
 10
56.631892
 20
136.10035
 30
0
 10
56.375926
 20
135.98891
 30
0
 10
55.735815
 20
135.61126
 30
0
  0
SPLINE
  5
515
100
AcDbEntity
  8
Shape2DView001
  6
ByLayer
 62
  256
370
   -1
100
AcDbSpline
210
0
220
0
230
0
 70
    8
 71
    3
 72
    8
 73
    4
 74
    0
 42
1e-07
 43
1e-07
 40
0
 40
0
 40
0
 40
0
 40
1
 40
1
 40
1
 40
1
 10
55.735815
 20
135.61126
 30
0
 10
55.279865
 20
135.34225
 30
0
 10
54.879591
 20
135.0801
 30
0
 10
54.846317
 20
135.0287
 30
0
  0
SPLINE
  5
516
100
AcDbEntity
  8
Shape2DView001
  6
ByLayer
 62
  256
370
   -1
100
AcDbSpline
210
0
220
0
230
0
 70
    8
 71
    3
 72
    8
 73
    4
 74
    0
 42
1e-07
 43
1e-07
 40
0
 40
0
 40
0
 40
0
 40
1
 40
1
 40
1
 40
1
 10
54.846317
 20
135.0287
 30
0
 10
54.813037
 20
134.9773
 30
0
 10
54.751997
 20
134.79994
 30
0
 10
54.71065
 20
134.63457
 30
0
  0
SPLINE
  5
517
100
AcDbEntity
  8
Shape2DView001
  6
ByLayer
 62
  256
370
   -1
100
AcDbSpline
210
0
220
0
230
0
 70
    8
 71
    3
 72
    8
 73
    4
 74
    0
 42
1e-07
 43
1e-07
 40
0
 40
0
 40
0
 40
0
 40
1
 40
1
 40
1
 40
1
 10
54.71065
 20
134.63457
 30
0
 10
54.64431
 20
134.36919
 30
0
 10
54.609602
 20
134.3339
 30
0
 10
54.414931
 20
134.3339
 30
0
  0
SPLINE
  5
518
100
AcDbEntity
  8
Shape2DView001
  6
ByLayer
 62
  256
370
   -1
100
AcDbSpline
210
0
220
0
230
0
 70
    8
 71
    3
 72
    8
 73
    4
 74
    0
 42
1e-07
 43
1e-07
 40
0
 40
0
 40
0
 40
0
 40
1
 40
1
 40
1
 40
1
 10
54.414931
 20
134.3339
 30
0
 10
54.214691
 20
134.3339
 30
0
 10
54.148246
 20
134.4101
 30
0
 10
53.693546
 20
135.16075
 30
0
  0
SPLINE
  5
519
100
AcDbEntity
  8
Shape2DView001
  6
ByLayer
 62
  256
370
   -1
100
AcDbSpline
210
0
220
0
230
0
 70
    8
 71
    3
 72
    8
 73
    4
 74
    0
 42
1e-07
 43
1e-07
 40
0
 40
0
 40
0
 40
0
 40
1
 40
1
 40
1
 40
1
 10
53.693546
 20
135.16075
 30
0
 10
52.646306
 20
136.8897
 30
0
 10
52.029206
 20
138.00051
 30
0
 10
52.090919
 20
138.04557
 30
0
  0
SPLINE
  5
51A
100
AcDbEntity
  8
Shape2DView001
  6
ByLayer
 62
  256
370
   -1
100
AcDbSpline
210
0
220
0
230
0
 70
    8
 71
    3
 72
    8
 73
    4
 74
    0
 42
1e-07
 43
1e-07
 40
0
 40
0
 40
0
 40
0
 40
1
 40
1
 40
1
 40
1
 10
52.090919
 20
138.04557
 30
0
 10
52.479828
 20
138.32953
 30
0
 10
53.273732
 20
138.80418
 30
0
 10
53.528274
 20
138.9049
 30
0
  0
SPLINE
  5
51B
100
AcDbEntity
  8
Shape2DView001
  6
ByLayer
 62
  256
370
   -1
100
AcDbSpline
210
0
220
0
230
0
 70
    8
 71
    3
 72
    8
 73
    4
 74
    0
 42
1e-07
 43
1e-07
 40
0
 40
0
 40
0
 40
0
 40
1
 40
1
 40
1
 40
1
 10
53.528274
 20
138.9049
 30
0
 10
53.907465
 20
139.05494
 30
0
 10
54.525375
 20
139.06181
 30
0
 10
54.910237
 20
138.9203
 30
0
  0
SPLINE
  5
51C
100
AcDbEntity
  8
Shape2DView001
  6
ByLayer
 62
  256
370
   -1
100
AcDbSpline
210
0
220
0
230
0
 70
    8
 71
    1
 72
    4
 73
    2
 74
    0
 42
1e-07
 43
1e-07
 40
0
 40
0
 40
9.999999999999999e-06
 40
9.999999999999999e-06
 10
54.910237
 20
138.9203
 30
0
 10
54.910237
 20
138.92031
 30
0
  0
SPLINE
  5
51D
100
AcDbEntity
  8
Shape2DView001
  6
ByLayer
 62
  256
370
   -1
100
AcDbSpline
210
0
220
0
230
0
 70
    8
 71
    3
 72
    8
 73
    4
 74
    0
 42
1e-07
 43
1e-07
 40
0
 40
0
 40
0
 40
0
 40
1
 40
1
 40
1
 40
1
 10
53.268564
 20
138.57363
 30
0
 10
52.364928
 20
138.09772
 30
0
 10
52.250955
 20
138.00214
 30
0
 10
52.352521
 20
137.80541
 30
0
  0
SPLINE
  5
51E
100
AcDbEntity
  8
Shape2DView001
  6
ByLayer
 62
  256
370
   -1
100
AcDbSpline
210
0
220
0
230
0
 70
    8
 71
    3
 72
    8
 73
    4
 74
    0
 42
1e-07
 43
1e-07
 40
0
 40
0
 40
0
 40
0
 40
1
 40
1
 40
1
 40
1
 10
52.352521
 20
137.80541
 30
0
 10
52.707022
 20
137.11875
 30
0
 10
54.35044
 20
134.4467
 30
0
 10
54.418266
 20
134.4467
 30
0
  0
SPLINE
  5
51F
100
AcDbEntity
  8
Shape2DView001
  6
ByLayer
 62
  256
370
   -1
100
AcDbSpline
210
0
220
0
230
0
 70
    8
 71
    3
 72
    8
 73
    4
 74
    0
 42
1e-07
 43
1e-07
 40
0
 40
0
 40
0
 40
0
 40
1
 40
1
 40
1
 40
1
 10
54.418266
 20
134.4467
 30
0
 10
54.465156
 20
134.4467
 30
0
 10
54.524028
 20
134.57498
 30
0
 10
54.5491
 20
134.73177
 30
0
  0
SPLINE
  5
520
100
AcDbEntity
  8
Shape2DView001
  6
ByLayer
 62
  256
370
   -1
100
AcDbSpline
210
0
220
0
230
0
 70
    8
 71
    3
 72
    8
 73
    4
 74
    0
 42
1e-07
 43
1e-07
 40
0
 40
0
 40
0
 40
0
 40
1
 40
1
 40
1
 40
1
 10
54.5491
 20
134.73177
 30
0
 10
54.57705
 20
134.90661
 30
0
 10
54.675235
 20
135.09027
 30
0
 10
54.803003
 20
135.20674
 30
0
  0
SPLINE
  5
521
100
AcDbEntity
  8
Shape2DView001
  6
ByLayer
 62
  256
370
   -1
100
AcDbSpline
210
0
220
0
230
0
 70
    8
 71
    3
 72
    8
 73
    4
 74
    0
 42
1e-07
 43
1e-07
 40
0
 40
0
 40
0
 40
0
 40
1
 40
1
 40
1
 40
1
 10
54.803003
 20
135.20674
 30
0
 10
55.110579
 20
135.48711
 30
0
 10
56.440815
 20
136.25074
 30
0
 10
56.62165
 20
136.25074
 30
0
  0
SPLINE
  5
522
100
AcDbEntity
  8
Shape2DView001
  6
ByLayer
 62
  256
370
   -1
100
AcDbSpline
210
0
220
0
230
0
 70
    8
 71
    3
 72
    8
 73
    4
 74
    0
 42
1e-07
 43
1e-07
 40
0
 40
0
 40
0
 40
0
 40
1
 40
1
 40
1
 40
1
 10
56.62165
 20
136.25074
 30
0
 10
56.70752
 20
136.25074
 30
0
 10
56.777775
 20
136.29434
 30
0
 10
56.777775
 20
136.34764
 30
0
  0
SPLINE
  5
523
100
AcDbEntity
  8
Shape2DView001
  6
ByLayer
 62
  256
370
   -1
100
AcDbSpline
210
0
220
0
230
0
 70
    8
 71
    3
 72
    8
 73
    4
 74
    0
 42
1e-07
 43
1e-07
 40
0
 40
0
 40
0
 40
0
 40
1
 40
1
 40
1
 40
1
 10
56.777775
 20
136.34764
 30
0
 10
56.777775
 20
136.51894
 30
0
 10
55.421563
 20
138.45676
 30
0
 10
55.212843
 20
138.58369
 30
0
  0
SPLINE
  5
524
100
AcDbEntity
  8
Shape2DView001
  6
ByLayer
 62
  256
370
   -1
100
AcDbSpline
210
0
220
0
230
0
 70
    8
 71
    3
 72
    8
 73
    4
 74
    0
 42
1e-07
 43
1e-07
 40
0
 40
0
 40
0
 40
0
 40
1
 40
1
 40
1
 40
1
 10
55.212843
 20
138.58369
 30
0
 10
54.557924
 20
138.98197
 30
0
 10
54.038768
 20
138.97929
 30
0
 10
53.268564
 20
138.57369
 30
0
  0
SPLINE
  5
525
100
AcDbEntity
  8
Shape2DView001
  6
ByLayer
 62
  256
370
   -1
100
AcDbSpline
210
0
220
0
230
0
 70
    8
 71
    1
 72
    4
 73
    2
 74
    0
 42
1e-07
 43
1e-07
 40
0
 40
0
 40
5.999999999999999e-05
 40
5.999999999999999e-05
 10
53.268564
 20
138.57369
 30
0
 10
53.268564
 20
138.57363
 30
0
  0
SPLINE
  5
526
100
AcDbEntity
  8
Shape2DView001
  6
ByLayer
 62
  256
370
   -1
100
AcDbSpline
210
0
220
0
230
0
 70
    8
 71
    3
 72
    8
 73
    4
 74
    0
 42
1e-07
 43
1e-07
 40
0
 40
0
 40
0
 40
0
 40
1
 40
1
 40
1
 40
1
 10
54.128098
 20
138.6815
 30
0
 10
54.260005
 20
138.6283
 30
0
 10
54.245368
 20
138.24286
 30
0
 10
54.107068
 20
138.12809
 30
0
  0
SPLINE
  5
527
100
AcDbEntity
  8
Shape2DView001
  6
ByLayer
 62
  256
370
   -1
100
AcDbSpline
210
0
220
0
230
0
 70
    8
 71
    3
 72
    8
 73
    4
 74
    0
 42
1e-07
 43
1e-07
 40
0
 40
0
 40
0
 40
0
 40
1
 40
1
 40
1
 40
1
 10
54.107068
 20
138.12809
 30
0
 10
53.93713
 20
137.98706
 30
0
 10
53.6207
 20
138.14859
 30
0
 10
53.6207
 20
138.37638
 30
0
  0
SPLINE
  5
528
100
AcDbEntity
  8
Shape2DView001
  6
ByLayer
 62
  256
370
   -1
100
AcDbSpline
210
0
220
0
230
0
 70
    8
 71
    3
 72
    8
 73
    4
 74
    0
 42
1e-07
 43
1e-07
 40
0
 40
0
 40
0
 40
0
 40
1
 40
1
 40
1
 40
1
 10
53.6207
 20
138.37638
 30
0
 10
53.6207
 20
138.66538
 30
0
 10
53.840482
 20
138.79756
 30
0
 10
54.128085
 20
138.6815
 30
0
  0
SPLINE
  5
529
100
AcDbEntity
  8
Shape2DView001
  6
ByLayer
 62
  256
370
   -1
100
AcDbSpline
210
0
220
0
230
0
 70
    8
 71
    1
 72
    4
 73
    2
 74
    0
 42
1e-07
 43
1e-07
 40
0
 40
0
 40
1.3e-05
 40
1.3e-05
 10
54.128085
 20
138.6815
 30
0
 10
54.128098
 20
138.6815
 30
0
  0
SPLINE
  5
52A
100
AcDbEntity
  8
Shape2DView001
  6
ByLayer
 62
  256
370
   -1
100
AcDbSpline
210
0
220
0
230
0
 70
    8
 71
    3
 72
    8
 73
    4
 74
    0
 42
1e-07
 43
1e-07
 40
0
 40
0
 40
0
 40
0
 40
1
 40
1
 40
1
 40
1
 10
53.263663
 20
138.19909
 30
0
 10
53.397889
 20
138.12089
 30
0
 10
53.431305
 20
137.93563
 30
0
 10
53.349583
 20
137.72266
 30
0
  0
SPLINE
  5
52B
100
AcDbEntity
  8
Shape2DView001
  6
ByLayer
 62
  256
370
   -1
100
AcDbSpline
210
0
220
0
230
0
 70
    8
 71
    3
 72
    8
 73
    4
 74
    0
 42
1e-07
 43
1e-07
 40
0
 40
0
 40
0
 40
0
 40
1
 40
1
 40
1
 40
1
 10
53.349583
 20
137.72266
 30
0
 10
53.254463
 20
137.47477
 30
0
 10
52.718695
 20
137.66196
 30
0
 10
52.718695
 20
137.94312
 30
0
  0
SPLINE
  5
52C
100
AcDbEntity
  8
Shape2DView001
  6
ByLayer
 62
  256
370
   -1
100
AcDbSpline
210
0
220
0
230
0
 70
    8
 71
    3
 72
    8
 73
    4
 74
    0
 42
1e-07
 43
1e-07
 40
0
 40
0
 40
0
 40
0
 40
1
 40
1
 40
1
 40
1
 10
52.718695
 20
137.94312
 30
0
 10
52.718695
 20
138.03612
 30
0
 10
52.994908
 20
138.28361
 30
0
 10
53.092469
 20
138.27799
 30
0
  0
SPLINE
  5
52D
100
AcDbEntity
  8
Shape2DView001
  6
ByLayer
 62
  256
370
   -1
100
AcDbSpline
210
0
220
0
230
0
 70
    8
 71
    3
 72
    8
 73
    4
 74
    0
 42
1e-07
 43
1e-07
 40
0
 40
0
 40
0
 40
0
 40
1
 40
1
 40
1
 40
1
 10
53.092469
 20
138.27799
 30
0
 10
53.114289
 20
138.27699
 30
0
 10
53.191319
 20
138.24119
 30
0
 10
53.263665
 20
138.19909
 30
0
  0
SPLINE
  5
52E
100
AcDbEntity
  8
Shape2DView001
  6
ByLayer
 62
  256
370
   -1
100
AcDbSpline
210
0
220
0
230
0
 70
    8
 71
    1
 72
    4
 73
    2
 74
    0
 42
1e-07
 43
1e-07
 40
0
 40
0
 40
2e-06
 40
2e-06
 10
53.263665
 20
138.19909
 30
0
 10
53.263663
 20
138.19909
 30
0
  0
SPLINE
  5
52F
100
AcDbEntity
  8
Shape2DView001
  6
ByLayer
 62
  256
370
   -1
100
AcDbSpline
210
0
220
0
230
0
 70
    8
 71
    3
 72
    8
 73
    4
 74
    0
 42
1e-07
 43
1e-07
 40
0
 40
0
 40
0
 40
0
 40
1
 40
1
 40
1
 40
1
 10
55.512066
 20
137.51674
 30
0
 10
55.721393
 20
137.44204
 30
0
 10
55.950927
 20
137.05847
 30
0
 10
55.950927
 20
136.7834
 30
0
  0
SPLINE
  5
530
100
AcDbEntity
  8
Shape2DView001
  6
ByLayer
 62
  256
370
   -1
100
AcDbSpline
210
0
220
0
230
0
 70
    8
 71
    3
 72
    8
 73
    4
 74
    0
 42
1e-07
 43
1e-07
 40
0
 40
0
 40
0
 40
0
 40
1
 40
1
 40
1
 40
1
 10
55.950927
 20
136.7834
 30
0
 10
55.950927
 20
136.66357
 30
0
 10
55.851097
 20
136.58053
 30
0
 10
55.543513
 20
136.4445
 30
0
  0
SPLINE
  5
531
100
AcDbEntity
  8
Shape2DView001
  6
ByLayer
 62
  256
370
   -1
100
AcDbSpline
210
0
220
0
230
0
 70
    8
 71
    3
 72
    8
 73
    4
 74
    0
 42
1e-07
 43
1e-07
 40
0
 40
0
 40
0
 40
0
 40
1
 40
1
 40
1
 40
1
 10
55.543513
 20
136.4445
 30
0
 10
55.319435
 20
136.3454
 30
0
 10
55.007152
 20
136.17671
 30
0
 10
54.84955
 20
136.06961
 30
0
  0
SPLINE
  5
532
100
AcDbEntity
  8
Shape2DView001
  6
ByLayer
 62
  256
370
   -1
100
AcDbSpline
210
0
220
0
230
0
 70
    8
 71
    2
 72
    6
 73
    3
 74
    0
 42
1e-07
 43
1e-07
 40
0
 40
0
 40
0
 40
1
 40
1
 40
1
 10
54.84955
 20
136.06961
 30
0
 10
54.310358
 20
135.700535
 30
0
 10
53.955552
 20
136.05941
 30
0
  0
SPLINE
  5
533
100
AcDbEntity
  8
Shape2DView001
  6
ByLayer
 62
  256
370
   -1
100
AcDbSpline
210
0
220
0
230
0
 70
    8
 71
    2
 72
    6
 73
    3
 74
    0
 42
1e-07
 43
1e-07
 40
0
 40
0
 40
0
 40
1
 40
1
 40
1
 10
53.955552
 20
136.05941
 30
0
 10
53.611881
 20
136.4016225
 30
0
 10
53.938422
 20
136.82317
 30
0
  0
SPLINE
  5
534
100
AcDbEntity
  8
Shape2DView001
  6
ByLayer
 62
  256
370
   -1
100
AcDbSpline
210
0
220
0
230
0
 70
    8
 71
    3
 72
    8
 73
    4
 74
    0
 42
1e-07
 43
1e-07
 40
0
 40
0
 40
0
 40
0
 40
1
 40
1
 40
1
 40
1
 10
53.938422
 20
136.82317
 30
0
 10
54.168685
 20
137.12151
 30
0
 10
54.287047
 20
137.21498
 30
0
 10
54.635493
 20
137.3736
 30
0
  0
SPLINE
  5
535
100
AcDbEntity
  8
Shape2DView001
  6
ByLayer
 62
  256
370
   -1
100
AcDbSpline
210
0
220
0
230
0
 70
    8
 71
    3
 72
    8
 73
    4
 74
    0
 42
1e-07
 43
1e-07
 40
0
 40
0
 40
0
 40
0
 40
1
 40
1
 40
1
 40
1
 10
54.635493
 20
137.3736
 30
0
 10
55.051833
 20
137.56313
 30
0
 10
55.278465
 20
137.60014
 30
0
 10
55.512075
 20
137.51676
 30
0
  0
SPLINE
  5
536
100
AcDbEntity
  8
Shape2DView001
  6
ByLayer
 62
  256
370
   -1
100
AcDbSpline
210
0
220
0
230
0
 70
    8
 71
    1
 72
    4
 73
    2
 74
    0
 42
1e-07
 43
1e-07
 40
0
 40
0
 40
2.19e-05
 40
2.19e-05
 10
55.512075
 20
137.51676
 30
0
 10
55.512066
 20
137.51674
 30
0
  0
SPLINE
  5
537
100
AcDbEntity
  8
Shape2DView001
  6
ByLayer
 62
  256
370
   -1
100
AcDbSpline
210
0
220
0
230
0
 70
    8
 71
    3
 72
    8
 73
    4
 74
    0
 42
1e-07
 43
1e-07
 40
0
 40
0
 40
0
 40
0
 40
1
 40
1
 40
1
 40
1
 10
54.71065
 20
137.23575
 30
0
 10
54.251005
 20
137.02294
 30
0
 10
53.98059
 20
136.69758
 30
0
 10
54.009912
 20
136.39264
 30
0
  0
SPLINE
  5
538
100
AcDbEntity
  8
Shape2DView001
  6
ByLayer
 62
  256
370
   -1
100
AcDbSpline
210
0
220
0
230
0
 70
    8
 71
    3
 72
    8
 73
    4
 74
    0
 42
1e-07
 43
1e-07
 40
0
 40
0
 40
0
 40
0
 40
1
 40
1
 40
1
 40
1
 10
54.009912
 20
136.39264
 30
0
 10
54.028232
 20
136.20217
 30
0
 10
54.080422
 20
136.12453
 30
0
 10
54.223831
 20
136.07444
 30
0
  0
SPLINE
  5
539
100
AcDbEntity
  8
Shape2DView001
  6
ByLayer
 62
  256
370
   -1
100
AcDbSpline
210
0
220
0
230
0
 70
    8
 71
    3
 72
    8
 73
    4
 74
    0
 42
1e-07
 43
1e-07
 40
0
 40
0
 40
0
 40
0
 40
1
 40
1
 40
1
 40
1
 10
54.223831
 20
136.07444
 30
0
 10
54.380353
 20
136.01974
 30
0
 10
54.52771
 20
136.07244
 30
0
 10
55.066554
 20
136.37375
 30
0
  0
SPLINE
  5
53A
100
AcDbEntity
  8
Shape2DView001
  6
ByLayer
 62
  256
370
   -1
100
AcDbSpline
210
0
220
0
230
0
 70
    8
 71
    3
 72
    8
 73
    4
 74
    0
 42
1e-07
 43
1e-07
 40
0
 40
0
 40
0
 40
0
 40
1
 40
1
 40
1
 40
1
 10
55.066554
 20
136.37375
 30
0
 10
55.602887
 20
136.674
 30
0
 10
55.720107
 20
136.77186
 30
0
 10
55.722504
 20
136.92133
 30
0
  0
SPLINE
  5
53B
100
AcDbEntity
  8
Shape2DView001
  6
ByLayer
 62
  256
370
   -1
100
AcDbSpline
210
0
220
0
230
0
 70
    8
 71
    3
 72
    8
 73
    4
 74
    0
 42
1e-07
 43
1e-07
 40
0
 40
0
 40
0
 40
0
 40
1
 40
1
 40
1
 40
1
 10
55.722504
 20
136.92133
 30
0
 10
55.729504
 20
137.35654
 30
0
 10
55.275939
 20
137.49747
 30
0
 10
54.71065
 20
137.23575
 30
0
  0
SPLINE
  5
53C
100
AcDbEntity
  8
Shape2DView001
  6
ByLayer
 62
  256
370
   -1
100
AcDbSpline
210
0
220
0
230
0
 70
    8
 71
    3
 72
    8
 73
    4
 74
    0
 42
1e-07
 43
1e-07
 40
0
 40
0
 40
0
 40
0
 40
1
 40
1
 40
1
 40
1
 10
57.728272
 20
135.72597
 30
0
 10
58.796462
 20
135.49955
 30
0
 10
59.323289
 20
134.8052
 30
0
 10
59.330193
 20
133.6147
 30
0
  0
SPLINE
  5
53D
100
AcDbEntity
  8
Shape2DView001
  6
ByLayer
 62
  256
370
   -1
100
AcDbSpline
210
0
220
0
230
0
 70
    8
 71
    3
 72
    8
 73
    4
 74
    0
 42
1e-07
 43
1e-07
 40
0
 40
0
 40
0
 40
0
 40
1
 40
1
 40
1
 40
1
 10
59.330193
 20
133.6147
 30
0
 10
59.339693
 20
131.96672
 30
0
 10
58.693164
 20
131.49948
 30
0
 10
56.157638
 20
131.32214
 30
0
  0
SPLINE
  5
53E
100
AcDbEntity
  8
Shape2DView001
  6
ByLayer
 62
  256
370
   -1
100
AcDbSpline
210
0
220
0
230
0
 70
    8
 71
    1
 72
    4
 73
    2
 74
    0
 42
1e-07
 43
1e-07
 40
0
 40
0
 40
0.6593266
 40
0.6593266
 10
56.157638
 20
131.32214
 30
0
 10
55.499918
 20
131.27614
 30
0
  0
SPLINE
  5
53F
100
AcDbEntity
  8
Shape2DView001
  6
ByLayer
 62
  256
370
   -1
100
AcDbSpline
210
0
220
0
230
0
 70
    8
 71
    1
 72
    4
 73
    2
 74
    0
 42
1e-07
 43
1e-07
 40
0
 40
0
 40
0.43261
 40
0.43261
 10
55.499918
 20
131.27614
 30
0
 10
55.499918
 20
130.84353
 30
0
  0
SPLINE
  5
540
100
AcDbEntity
  8
Shape2DView001
  6
ByLayer
 62
  256
370
   -1
100
AcDbSpline
210
0
220
0
230
0
 70
    8
 71
    3
 72
    8
 73
    4
 74
    0
 42
1e-07
 43
1e-07
 40
0
 40
0
 40
0
 40
0
 40
1
 40
1
 40
1
 40
1
 10
55.499918
 20
130.84353
 30
0
 10
55.499918
 20
130.09875
 30
0
 10
55.691157
 20
130.03315
 30
0
 10
57.521927
 20
130.15003
 30
0
  0
SPLINE
  5
541
100
AcDbEntity
  8
Shape2DView001
  6
ByLayer
 62
  256
370
   -1
100
AcDbSpline
210
0
220
0
230
0
 70
    8
 71
    3
 72
    8
 73
    4
 74
    0
 42
1e-07
 43
1e-07
 40
0
 40
0
 40
0
 40
0
 40
1
 40
1
 40
1
 40
1
 10
57.521927
 20
130.15003
 30
0
 10
58.158592
 20
130.19063
 30
0
 10
58.725174
 20
130.20643
 30
0
 10
58.780993
 20
130.18503
 30
0
  0
SPLINE
  5
542
100
AcDbEntity
  8
Shape2DView001
  6
ByLayer
 62
  256
370
   -1
100
AcDbSpline
210
0
220
0
230
0
 70
    8
 71
    3
 72
    8
 73
    4
 74
    0
 42
1e-07
 43
1e-07
 40
0
 40
0
 40
0
 40
0
 40
1
 40
1
 40
1
 40
1
 10
58.780993
 20
130.18503
 30
0
 10
58.854953
 20
130.15663
 30
0
 10
58.882482
 20
129.97638
 30
0
 10
58.882482
 20
129.52052
 30
0
  0
SPLINE
  5
543
100
AcDbEntity
  8
Shape2DView001
  6
ByLayer
 62
  256
370
   -1
100
AcDbSpline
210
0
220
0
230
0
 70
    8
 71
    1
 72
    4
 73
    2
 74
    0
 42
1e-07
 43
1e-07
 40
0
 40
0
 40
0.62552
 40
0.62552
 10
58.882482
 20
129.52052
 30
0
 10
58.882482
 20
128.895
 30
0
  0
SPLINE
  5
544
100
AcDbEntity
  8
Shape2DView001
  6
ByLayer
 62
  256
370
   -1
100
AcDbSpline
210
0
220
0
230
0
 70
    8
 71
    1
 72
    4
 73
    2
 74
    0
 42
1e-07
 43
1e-07
 40
0
 40
0
 40
0.4028179
 40
0.4028179
 10
58.882482
 20
128.895
 30
0
 10
58.487851
 20
128.8142
 30
0
  0
SPLINE
  5
545
100
AcDbEntity
  8
Shape2DView001
  6
ByLayer
 62
  256
370
   -1
100
AcDbSpline
210
0
220
0
230
0
 70
    8
 71
    3
 72
    8
 73
    4
 74
    0
 42
1e-07
 43
1e-07
 40
0
 40
0
 40
0
 40
0
 40
1
 40
1
 40
1
 40
1
 10
58.487851
 20
128.8142
 30
0
 10
57.816766
 20
128.67679
 30
0
 10
56.533562
 20
128.51126
 30
0
 10
56.138845
 20
128.51119
 30
0
  0
SPLINE
  5
546
100
AcDbEntity
  8
Shape2DView001
  6
ByLayer
 62
  256
370
   -1
100
AcDbSpline
210
0
220
0
230
0
 70
    8
 71
    3
 72
    8
 73
    4
 74
    0
 42
1e-07
 43
1e-07
 40
0
 40
0
 40
0
 40
0
 40
1
 40
1
 40
1
 40
1
 10
56.138845
 20
128.51119
 30
0
 10
55.561985
 20
128.51108
 30
0
 10
54.794759
 20
128.70109
 30
0
 10
54.449494
 20
128.92957
 30
0
  0
SPLINE
  5
547
100
AcDbEntity
  8
Shape2DView001
  6
ByLayer
 62
  256
370
   -1
100
AcDbSpline
210
0
220
0
230
0
 70
    8
 71
    3
 72
    8
 73
    4
 74
    0
 42
1e-07
 43
1e-07
 40
0
 40
0
 40
0
 40
0
 40
1
 40
1
 40
1
 40
1
 10
54.449494
 20
128.92957
 30
0
 10
54.06088
 20
129.18674
 30
0
 10
53.806564
 20
129.61702
 30
0
 10
53.70168
 20
130.1948
 30
0
  0
SPLINE
  5
548
100
AcDbEntity
  8
Shape2DView001
  6
ByLayer
 62
  256
370
   -1
100
AcDbSpline
210
0
220
0
230
0
 70
    8
 71
    3
 72
    8
 73
    4
 74
    0
 42
1e-07
 43
1e-07
 40
0
 40
0
 40
0
 40
0
 40
1
 40
1
 40
1
 40
1
 10
53.70168
 20
130.1948
 30
0
 10
53.65715
 20
130.44012
 30
0
 10
53.62071
 20
131.41594
 30
0
 10
53.62071
 20
132.36331
 30
0
  0
SPLINE
  5
549
100
AcDbEntity
  8
Shape2DView001
  6
ByLayer
 62
  256
370
   -1
100
AcDbSpline
210
0
220
0
230
0
 70
    8
 71
    1
 72
    4
 73
    2
 74
    0
 42
1e-07
 43
1e-07
 40
0
 40
0
 40
1.72249
 40
1.72249
 10
53.62071
 20
132.36331
 30
0
 10
53.62071
 20
134.0858
 30
0
  0
SPLINE
  5
54A
100
AcDbEntity
  8
Shape2DView001
  6
ByLayer
 62
  256
370
   -1
100
AcDbSpline
210
0
220
0
230
0
 70
    8
 71
    1
 72
    4
 73
    2
 74
    0
 42
1e-07
 43
1e-07
 40
0
 40
0
 40
0.3085863
 40
0.3085863
 10
53.62071
 20
134.0858
 30
0
 10
53.395206
 20
134.29645
 30
0
  0
SPLINE
  5
54B
100
AcDbEntity
  8
Shape2DView001
  6
ByLayer
 62
  256
370
   -1
100
AcDbSpline
210
0
220
0
230
0
 70
    8
 71
    3
 72
    8
 73
    4
 74
    0
 42
1e-07
 43
1e-07
 40
0
 40
0
 40
0
 40
0
 40
1
 40
1
 40
1
 40
1
 10
53.395206
 20
134.29645
 30
0
 10
53.227811
 20
134.45282
 30
0
 10
53.171062
 20
134.57197
 30
0
 10
53.174986
 20
134.75883
 30
0
  0
SPLINE
  5
54C
100
AcDbEntity
  8
Shape2DView001
  6
ByLayer
 62
  256
370
   -1
100
AcDbSpline
210
0
220
0
230
0
 70
    8
 71
    3
 72
    8
 73
    4
 74
    0
 42
1e-07
 43
1e-07
 40
0
 40
0
 40
0
 40
0
 40
1
 40
1
 40
1
 40
1
 10
53.174986
 20
134.75883
 30
0
 10
53.186526
 20
135.30872
 30
0
 10
53.262376
 20
135.28537
 30
0
 10
53.733464
 20
134.58691
 30
0
  0
SPLINE
  5
54D
100
AcDbEntity
  8
Shape2DView001
  6
ByLayer
 62
  256
370
   -1
100
AcDbSpline
210
0
220
0
230
0
 70
    8
 71
    3
 72
    8
 73
    4
 74
    0
 42
1e-07
 43
1e-07
 40
0
 40
0
 40
0
 40
0
 40
1
 40
1
 40
1
 40
1
 10
53.733464
 20
134.58691
 30
0
 10
54.222759
 20
133.86146
 30
0
 10
54.374971
 20
133.76518
 30
0
 10
54.736767
 20
133.95226
 30
0
  0
SPLINE
  5
54E
100
AcDbEntity
  8
Shape2DView001
  6
ByLayer
 62
  256
370
   -1
100
AcDbSpline
210
0
220
0
230
0
 70
    8
 71
    3
 72
    8
 73
    4
 74
    0
 42
1e-07
 43
1e-07
 40
0
 40
0
 40
0
 40
0
 40
1
 40
1
 40
1
 40
1
 10
54.736767
 20
133.95226
 30
0
 10
54.911503
 20
134.04266
 30
0
 10
54.978451
 20
134.13922
 30
0
 10
55.014515
 20
134.35302
 30
0
  0
SPLINE
  5
54F
100
AcDbEntity
  8
Shape2DView001
  6
ByLayer
 62
  256
370
   -1
100
AcDbSpline
210
0
220
0
230
0
 70
    8
 71
    3
 72
    8
 73
    4
 74
    0
 42
1e-07
 43
1e-07
 40
0
 40
0
 40
0
 40
0
 40
1
 40
1
 40
1
 40
1
 10
55.014515
 20
134.35302
 30
0
 10
55.040655
 20
134.50795
 30
0
 10
55.076005
 20
134.68545
 30
0
 10
55.093085
 20
134.74746
 30
0
  0
SPLINE
  5
550
100
AcDbEntity
  8
Shape2DView001
  6
ByLayer
 62
  256
370
   -1
100
AcDbSpline
210
0
220
0
230
0
 70
    8
 71
    3
 72
    8
 73
    4
 74
    0
 42
1e-07
 43
1e-07
 40
0
 40
0
 40
0
 40
0
 40
1
 40
1
 40
1
 40
1
 10
55.093085
 20
134.74746
 30
0
 10
55.110155
 20
134.80946
 30
0
 10
55.448923
 20
135.05823
 30
0
 10
55.845882
 20
135.30026
 30
0
  0
SPLINE
  5
551
100
AcDbEntity
  8
Shape2DView001
  6
ByLayer
 62
  256
370
   -1
100
AcDbSpline
210
0
220
0
230
0
 70
    8
 71
    3
 72
    8
 73
    4
 74
    0
 42
1e-07
 43
1e-07
 40
0
 40
0
 40
0
 40
0
 40
1
 40
1
 40
1
 40
1
 10
55.845882
 20
135.30026
 30
0
 10
56.461363
 20
135.67551
 30
0
 10
56.630133
 20
135.74411
 30
0
 10
56.992164
 20
135.7662
 30
0
  0
SPLINE
  5
552
100
AcDbEntity
  8
Shape2DView001
  6
ByLayer
 62
  256
370
   -1
100
AcDbSpline
210
0
220
0
230
0
 70
    8
 71
    3
 72
    8
 73
    4
 74
    0
 42
1e-07
 43
1e-07
 40
0
 40
0
 40
0
 40
0
 40
1
 40
1
 40
1
 40
1
 10
56.992164
 20
135.7662
 30
0
 10
57.22566
 20
135.7804
 30
0
 10
57.556907
 20
135.7622
 30
0
 10
57.728268
 20
135.726
 30
0
  0
SPLINE
  5
553
100
AcDbEntity
  8
Shape2DView001
  6
ByLayer
 62
  256
370
   -1
100
AcDbSpline
210
0
220
0
230
0
 70
    8
 71
    1
 72
    4
 73
    2
 74
    0
 42
1e-07
 43
1e-07
 40
0
 40
0
 40
3.03e-05
 40
3.03e-05
 10
57.728268
 20
135.726
 30
0
 10
57.728272
 20
135.72597
 30
0
  0
SPLINE
  5
554
100
AcDbEntity
  8
Shape2DView001
  6
ByLayer
 62
  256
370
   -1
100
AcDbSpline
210
0
220
0
230
0
 70
    8
 71
    3
 72
    8
 73
    4
 74
    0
 42
1e-07
 43
1e-07
 40
0
 40
0
 40
0
 40
0
 40
1
 40
1
 40
1
 40
1
 10
56.219878
 20
134.21818
 30
0
 10
55.933707
 20
134.17678
 30
0
 10
55.654644
 20
134.1057
 30
0
 10
55.599742
 20
134.06013
 30
0
  0
SPLINE
  5
555
100
AcDbEntity
  8
Shape2DView001
  6
ByLayer
 62
  256
370
   -1
100
AcDbSpline
210
0
220
0
230
0
 70
    8
 71
    3
 72
    8
 73
    4
 74
    0
 42
1e-07
 43
1e-07
 40
0
 40
0
 40
0
 40
0
 40
1
 40
1
 40
1
 40
1
 10
55.599742
 20
134.06013
 30
0
 10
55.473638
 20
133.95547
 30
0
 10
55.457522
 20
132.66932
 30
0
 10
55.581782
 20
132.6279
 30
0
  0
SPLINE
  5
556
100
AcDbEntity
  8
Shape2DView001
  6
ByLayer
 62
  256
370
   -1
100
AcDbSpline
210
0
220
0
230
0
 70
    8
 71
    3
 72
    8
 73
    4
 74
    0
 42
1e-07
 43
1e-07
 40
0
 40
0
 40
0
 40
0
 40
1
 40
1
 40
1
 40
1
 10
55.581782
 20
132.6279
 30
0
 10
55.676582
 20
132.5963
 30
0
 10
57.036656
 20
132.76089
 30
0
 10
57.20059
 20
132.82379
 30
0
  0
SPLINE
  5
557
100
AcDbEntity
  8
Shape2DView001
  6
ByLayer
 62
  256
370
   -1
100
AcDbSpline
210
0
220
0
230
0
 70
    8
 71
    3
 72
    8
 73
    4
 74
    0
 42
1e-07
 43
1e-07
 40
0
 40
0
 40
0
 40
0
 40
1
 40
1
 40
1
 40
1
 10
57.20059
 20
132.82379
 30
0
 10
57.383159
 20
132.89389
 30
0
 10
57.545019
 20
133.38038
 30
0
 10
57.491378
 20
133.69787
 30
0
  0
SPLINE
  5
558
100
AcDbEntity
  8
Shape2DView001
  6
ByLayer
 62
  256
370
   -1
100
AcDbSpline
210
0
220
0
230
0
 70
    8
 71
    3
 72
    8
 73
    4
 74
    0
 42
1e-07
 43
1e-07
 40
0
 40
0
 40
0
 40
0
 40
1
 40
1
 40
1
 40
1
 10
57.491378
 20
133.69787
 30
0
 10
57.437418
 20
134.01724
 30
0
 10
57.281391
 20
134.19107
 30
0
 10
57.003266
 20
134.24169
 30
0
  0
SPLINE
  5
559
100
AcDbEntity
  8
Shape2DView001
  6
ByLayer
 62
  256
370
   -1
100
AcDbSpline
210
0
220
0
230
0
 70
    8
 71
    3
 72
    8
 73
    4
 74
    0
 42
1e-07
 43
1e-07
 40
0
 40
0
 40
0
 40
0
 40
1
 40
1
 40
1
 40
1
 10
57.003266
 20
134.24169
 30
0
 10
56.89991
 20
134.26049
 30
0
 10
56.798432
 20
134.27979
 30
0
 10
56.777761
 20
134.28459
 30
0
  0
SPLINE
  5
55A
100
AcDbEntity
  8
Shape2DView001
  6
ByLayer
 62
  256
370
   -1
100
AcDbSpline
210
0
220
0
230
0
 70
    8
 71
    3
 72
    8
 73
    4
 74
    0
 42
1e-07
 43
1e-07
 40
0
 40
0
 40
0
 40
0
 40
1
 40
1
 40
1
 40
1
 10
56.777761
 20
134.28459
 30
0
 10
56.757081
 20
134.28959
 30
0
 10
56.506037
 20
134.25949
 30
0
 10
56.219865
 20
134.21809
 30
0
  0
SPLINE
  5
55B
100
AcDbEntity
  8
Shape2DView001
  6
ByLayer
 62
  256
370
   -1
100
AcDbSpline
210
0
220
0
230
0
 70
    8
 71
    1
 72
    4
 73
    2
 74
    0
 42
1e-07
 43
1e-07
 40
0
 40
0
 40
9.09e-05
 40
9.09e-05
 10
56.219865
 20
134.21809
 30
0
 10
56.219878
 20
134.21818
 30
0
  0
SPLINE
  5
55C
100
AcDbEntity
  8
Shape2DView001
  6
ByLayer
 62
  256
370
   -1
100
AcDbSpline
210
0
220
0
230
0
 70
    8
 71
    3
 72
    8
 73
    4
 74
    0
 42
1e-07
 43
1e-07
 40
0
 40
0
 40
0
 40
0
 40
1
 40
1
 40
1
 40
1
 10
42.796497
 20
135.72537
 30
0
 10
44.015728
 20
135.57093
 30
0
 10
44.746487
 20
134.95016
 30
0
 10
45.011672
 20
133.84361
 30
0
  0
SPLINE
  5
55D
100
AcDbEntity
  8
Shape2DView001
  6
ByLayer
 62
  256
370
   -1
100
AcDbSpline
210
0
220
0
230
0
 70
    8
 71
    3
 72
    8
 73
    4
 74
    0
 42
1e-07
 43
1e-07
 40
0
 40
0
 40
0
 40
0
 40
1
 40
1
 40
1
 40
1
 10
45.011672
 20
133.84361
 30
0
 10
45.20525
 20
133.03585
 30
0
 10
45.240507
 20
131.80905
 30
0
 10
45.092632
 20
131.02655
 30
0
  0
SPLINE
  5
55E
100
AcDbEntity
  8
Shape2DView001
  6
ByLayer
 62
  256
370
   -1
100
AcDbSpline
210
0
220
0
230
0
 70
    8
 71
    3
 72
    8
 73
    4
 74
    0
 42
1e-07
 43
1e-07
 40
0
 40
0
 40
0
 40
0
 40
1
 40
1
 40
1
 40
1
 10
45.092632
 20
131.02655
 30
0
 10
44.808012
 20
129.52046
 30
0
 10
44.06968
 20
128.78575
 30
0
 10
42.646159
 20
128.59205
 30
0
  0
SPLINE
  5
55F
100
AcDbEntity
  8
Shape2DView001
  6
ByLayer
 62
  256
370
   -1
100
AcDbSpline
210
0
220
0
230
0
 70
    8
 71
    3
 72
    8
 73
    4
 74
    0
 42
1e-07
 43
1e-07
 40
0
 40
0
 40
0
 40
0
 40
1
 40
1
 40
1
 40
1
 10
42.646159
 20
128.59205
 30
0
 10
41.459647
 20
128.43061
 30
0
 10
40.439423
 20
128.73491
 30
0
 10
39.829453
 20
129.4322
 30
0
  0
SPLINE
  5
560
100
AcDbEntity
  8
Shape2DView001
  6
ByLayer
 62
  256
370
   -1
100
AcDbSpline
210
0
220
0
230
0
 70
    8
 71
    3
 72
    8
 73
    4
 74
    0
 42
1e-07
 43
1e-07
 40
0
 40
0
 40
0
 40
0
 40
1
 40
1
 40
1
 40
1
 10
39.829453
 20
129.4322
 30
0
 10
39.315132
 20
130.02015
 30
0
 10
39.22435
 20
130.3643
 30
0
 10
39.234727
 20
131.68673
 30
0
  0
SPLINE
  5
561
100
AcDbEntity
  8
Shape2DView001
  6
ByLayer
 62
  256
370
   -1
100
AcDbSpline
210
0
220
0
230
0
 70
    8
 71
    3
 72
    8
 73
    4
 74
    0
 42
1e-07
 43
1e-07
 40
0
 40
0
 40
0
 40
0
 40
1
 40
1
 40
1
 40
1
 10
39.234727
 20
131.68673
 30
0
 10
39.239627
 20
132.29788
 30
0
 10
39.264607
 20
132.81908
 30
0
 10
39.290487
 20
132.84495
 30
0
  0
SPLINE
  5
562
100
AcDbEntity
  8
Shape2DView001
  6
ByLayer
 62
  256
370
   -1
100
AcDbSpline
210
0
220
0
230
0
 70
    8
 71
    3
 72
    8
 73
    4
 74
    0
 42
1e-07
 43
1e-07
 40
0
 40
0
 40
0
 40
0
 40
1
 40
1
 40
1
 40
1
 10
39.290487
 20
132.84495
 30
0
 10
39.316367
 20
132.87085
 30
0
 10
40.22572
 20
132.89505
 30
0
 10
41.3113
 20
132.89885
 30
0
  0
SPLINE
  5
563
100
AcDbEntity
  8
Shape2DView001
  6
ByLayer
 62
  256
370
   -1
100
AcDbSpline
210
0
220
0
230
0
 70
    8
 71
    1
 72
    4
 73
    2
 74
    0
 42
1e-07
 43
1e-07
 40
0
 40
0
 40
1.9738044
 40
1.9738044
 10
41.3113
 20
132.89885
 30
0
 10
43.285092
 20
132.90585
 30
0
  0
SPLINE
  5
564
100
AcDbEntity
  8
Shape2DView001
  6
ByLayer
 62
  256
370
   -1
100
AcDbSpline
210
0
220
0
230
0
 70
    8
 71
    1
 72
    4
 73
    2
 74
    0
 42
1e-07
 43
1e-07
 40
0
 40
0
 40
0.2030589
 40
0.2030589
 10
43.285092
 20
132.90585
 30
0
 10
43.308372
 20
133.10757
 30
0
  0
SPLINE
  5
565
100
AcDbEntity
  8
Shape2DView001
  6
ByLayer
 62
  256
370
   -1
100
AcDbSpline
210
0
220
0
230
0
 70
    8
 71
    3
 72
    8
 73
    4
 74
    0
 42
1e-07
 43
1e-07
 40
0
 40
0
 40
0
 40
0
 40
1
 40
1
 40
1
 40
1
 10
43.308372
 20
133.10757
 30
0
 10
43.349302
 20
133.46208
 30
0
 10
43.125535
 20
133.76561
 30
0
 10
42.669159
 20
133.97454
 30
0
  0
SPLINE
  5
566
100
AcDbEntity
  8
Shape2DView001
  6
ByLayer
 62
  256
370
   -1
100
AcDbSpline
210
0
220
0
230
0
 70
    8
 71
    3
 72
    8
 73
    4
 74
    0
 42
1e-07
 43
1e-07
 40
0
 40
0
 40
0
 40
0
 40
1
 40
1
 40
1
 40
1
 10
42.669159
 20
133.97454
 30
0
 10
42.298049
 20
134.14444
 30
0
 10
42.159282
 20
134.1649
 30
0
 10
41.415439
 20
134.15943
 30
0
  0
SPLINE
  5
567
100
AcDbEntity
  8
Shape2DView001
  6
ByLayer
 62
  256
370
   -1
100
AcDbSpline
210
0
220
0
230
0
 70
    8
 71
    3
 72
    8
 73
    4
 74
    0
 42
1e-07
 43
1e-07
 40
0
 40
0
 40
0
 40
0
 40
1
 40
1
 40
1
 40
1
 10
41.415439
 20
134.15943
 30
0
 10
40.955404
 20
134.15643
 30
0
 10
40.330986
 20
134.11763
 30
0
 10
40.027847
 20
134.07393
 30
0
  0
SPLINE
  5
568
100
AcDbEntity
  8
Shape2DView001
  6
ByLayer
 62
  256
370
   -1
100
AcDbSpline
210
0
220
0
230
0
 70
    8
 71
    3
 72
    8
 73
    4
 74
    0
 42
1e-07
 43
1e-07
 40
0
 40
0
 40
0
 40
0
 40
1
 40
1
 40
1
 40
1
 10
40.027847
 20
134.07393
 30
0
 10
39.724708
 20
134.03033
 30
0
 10
39.445648
 20
134.01373
 30
0
 10
39.407711
 20
134.03723
 30
0
  0
SPLINE
  5
569
100
AcDbEntity
  8
Shape2DView001
  6
ByLayer
 62
  256
370
   -1
100
AcDbSpline
210
0
220
0
230
0
 70
    8
 71
    3
 72
    8
 73
    4
 74
    0
 42
1e-07
 43
1e-07
 40
0
 40
0
 40
0
 40
0
 40
1
 40
1
 40
1
 40
1
 10
39.407711
 20
134.03723
 30
0
 10
39.369761
 20
134.06063
 30
0
 10
39.338741
 20
134.37932
 30
0
 10
39.338741
 20
134.74533
 30
0
  0
SPLINE
  5
56A
100
AcDbEntity
  8
Shape2DView001
  6
ByLayer
 62
  256
370
   -1
100
AcDbSpline
210
0
220
0
230
0
 70
    8
 71
    1
 72
    4
 73
    2
 74
    0
 42
1e-07
 43
1e-07
 40
0
 40
0
 40
0.66547
 40
0.66547
 10
39.338741
 20
134.74533
 30
0
 10
39.338741
 20
135.4108
 30
0
  0
SPLINE
  5
56B
100
AcDbEntity
  8
Shape2DView001
  6
ByLayer
 62
  256
370
   -1
100
AcDbSpline
210
0
220
0
230
0
 70
    8
 71
    1
 72
    4
 73
    2
 74
    0
 42
1e-07
 43
1e-07
 40
0
 40
0
 40
0.3230509
 40
0.3230509
 10
39.338741
 20
135.4108
 30
0
 10
39.658206
 20
135.4588
 30
0
  0
SPLINE
  5
56C
100
AcDbEntity
  8
Shape2DView001
  6
ByLayer
 62
  256
370
   -1
100
AcDbSpline
210
0
220
0
230
0
 70
    8
 71
    3
 72
    8
 73
    4
 74
    0
 42
1e-07
 43
1e-07
 40
0
 40
0
 40
0
 40
0
 40
1
 40
1
 40
1
 40
1
 10
39.658206
 20
135.4588
 30
0
 10
39.833909
 20
135.4852
 30
0
 10
40.248277
 20
135.554
 30
0
 10
40.579013
 20
135.6116
 30
0
  0
SPLINE
  5
56D
100
AcDbEntity
  8
Shape2DView001
  6
ByLayer
 62
  256
370
   -1
100
AcDbSpline
210
0
220
0
230
0
 70
    8
 71
    3
 72
    8
 73
    4
 74
    0
 42
1e-07
 43
1e-07
 40
0
 40
0
 40
0
 40
0
 40
1
 40
1
 40
1
 40
1
 10
40.579013
 20
135.6116
 30
0
 10
41.345495
 20
135.74518
 30
0
 10
42.267309
 20
135.79252
 30
0
 10
42.796478
 20
135.72549
 30
0
  0
SPLINE
  5
56E
100
AcDbEntity
  8
Shape2DView001
  6
ByLayer
 62
  256
370
   -1
100
AcDbSpline
210
0
220
0
230
0
 70
    8
 71
    1
 72
    4
 73
    2
 74
    0
 42
1e-07
 43
1e-07
 40
0
 40
0
 40
0.0001215
 40
0.0001215
 10
42.796478
 20
135.72549
 30
0
 10
42.796497
 20
135.72537
 30
0
  0
SPLINE
  5
56F
100
AcDbEntity
  8
Shape2DView001
  6
ByLayer
 62
  256
370
   -1
100
AcDbSpline
210
0
220
0
230
0
 70
    8
 71
    3
 72
    8
 73
    4
 74
    0
 42
1e-07
 43
1e-07
 40
0
 40
0
 40
0
 40
0
 40
1
 40
1
 40
1
 40
1
 10
40.978886
 20
131.10669
 30
0
 10
41.027066
 20
130.36211
 30
0
 10
41.371016
 20
130.05794
 30
0
 10
42.17085
 20
130.05251
 30
0
  0
SPLINE
  5
570
100
AcDbEntity
  8
Shape2DView001
  6
ByLayer
 62
  256
370
   -1
100
AcDbSpline
210
0
220
0
230
0
 70
    8
 71
    3
 72
    8
 73
    4
 74
    0
 42
1e-07
 43
1e-07
 40
0
 40
0
 40
0
 40
0
 40
1
 40
1
 40
1
 40
1
 10
42.17085
 20
130.05251
 30
0
 10
42.525486
 20
130.05051
 30
0
 10
42.685257
 20
130.08611
 30
0
 10
42.847361
 20
130.20505
 30
0
  0
SPLINE
  5
571
100
AcDbEntity
  8
Shape2DView001
  6
ByLayer
 62
  256
370
   -1
100
AcDbSpline
210
0
220
0
230
0
 70
    8
 71
    3
 72
    8
 73
    4
 74
    0
 42
1e-07
 43
1e-07
 40
0
 40
0
 40
0
 40
0
 40
1
 40
1
 40
1
 40
1
 10
42.847361
 20
130.20505
 30
0
 10
43.134125
 20
130.4154
 30
0
 10
43.322419
 20
130.80869
 30
0
 10
43.322559
 20
131.19759
 30
0
  0
SPLINE
  5
572
100
AcDbEntity
  8
Shape2DView001
  6
ByLayer
 62
  256
370
   -1
100
AcDbSpline
210
0
220
0
230
0
 70
    8
 71
    1
 72
    4
 73
    2
 74
    0
 42
1e-07
 43
1e-07
 40
0
 40
0
 40
0.32137
 40
0.32137
 10
43.322559
 20
131.19759
 30
0
 10
43.322673
 20
131.51896
 30
0
  0
SPLINE
  5
573
100
AcDbEntity
  8
Shape2DView001
  6
ByLayer
 62
  256
370
   -1
100
AcDbSpline
210
0
220
0
230
0
 70
    8
 71
    1
 72
    4
 73
    2
 74
    0
 42
1e-07
 43
1e-07
 40
0
 40
0
 40
1.184078
 40
1.184078
 10
43.322673
 20
131.51896
 30
0
 10
42.138776
 20
131.49826
 30
0
  0
SPLINE
  5
574
100
AcDbEntity
  8
Shape2DView001
  6
ByLayer
 62
  256
370
   -1
100
AcDbSpline
210
0
220
0
230
0
 70
    8
 71
    1
 72
    4
 73
    2
 74
    0
 42
1e-07
 43
1e-07
 40
0
 40
0
 40
1.184079
 40
1.184079
 10
42.138776
 20
131.49826
 30
0
 10
40.954878
 20
131.47756
 30
0
  0
SPLINE
  5
575
100
AcDbEntity
  8
Shape2DView001
  6
ByLayer
 62
  256
370
   -1
100
AcDbSpline
210
0
220
0
230
0
 70
    8
 71
    1
 72
    4
 73
    2
 74
    0
 42
1e-07
 43
1e-07
 40
0
 40
0
 40
0.3716463
 40
0.3716463
 10
40.954878
 20
131.47756
 30
0
 10
40.978886
 20
131.10669
 30
0
  0
SPLINE
  5
576
100
AcDbEntity
  8
Shape2DView001
  6
ByLayer
 62
  256
370
   -1
100
AcDbSpline
210
0
220
0
230
0
 70
    8
 71
    1
 72
    4
 73
    2
 74
    0
 42
1e-07
 43
1e-07
 40
0
 40
0
 40
0.602854
 40
0.602854
 10
69.89461900000001
 20
135.57923
 30
0
 10
70.495966
 20
135.53663
 30
0
  0
SPLINE
  5
577
100
AcDbEntity
  8
Shape2DView001
  6
ByLayer
 62
  256
370
   -1
100
AcDbSpline
210
0
220
0
230
0
 70
    8
 71
    1
 72
    4
 73
    2
 74
    0
 42
1e-07
 43
1e-07
 40
0
 40
0
 40
3.2698767
 40
3.2698767
 10
70.495966
 20
135.53663
 30
0
 10
70.516846
 20
132.26682
 30
0
  0
SPLINE
  5
578
100
AcDbEntity
  8
Shape2DView001
  6
ByLayer
 62
  256
370
   -1
100
AcDbSpline
210
0
220
0
230
0
 70
    8
 71
    3
 72
    8
 73
    4
 74
    0
 42
1e-07
 43
1e-07
 40
0
 40
0
 40
0
 40
0
 40
1
 40
1
 40
1
 40
1
 10
70.516846
 20
132.26682
 30
0
 10
70.52832600000001
 20
130.46841
 30
0
 10
70.51914600000001
 20
128.92089
 30
0
 10
70.496616
 20
128.82787
 30
0
  0
SPLINE
  5
579
100
AcDbEntity
  8
Shape2DView001
  6
ByLayer
 62
  256
370
   -1
100
AcDbSpline
210
0
220
0
230
0
 70
    8
 71
    3
 72
    8
 73
    4
 74
    0
 42
1e-07
 43
1e-07
 40
0
 40
0
 40
0
 40
0
 40
1
 40
1
 40
1
 40
1
 10
70.496616
 20
128.82787
 30
0
 10
70.45696599999999
 20
128.66469
 30
0
 10
70.425186
 20
128.65874
 30
0
 10
69.592516
 20
128.65874
 30
0
  0
SPLINE
  5
57A
100
AcDbEntity
  8
Shape2DView001
  6
ByLayer
 62
  256
370
   -1
100
AcDbSpline
210
0
220
0
230
0
 70
    8
 71
    3
 72
    8
 73
    4
 74
    0
 42
1e-07
 43
1e-07
 40
0
 40
0
 40
0
 40
0
 40
1
 40
1
 40
1
 40
1
 10
69.592516
 20
128.65874
 30
0
 10
68.77962599999999
 20
128.65874
 30
0
 10
68.729513
 20
128.66774
 30
0
 10
68.729513
 20
128.80908
 30
0
  0
SPLINE
  5
57B
100
AcDbEntity
  8
Shape2DView001
  6
ByLayer
 62
  256
370
   -1
100
AcDbSpline
210
0
220
0
230
0
 70
    8
 71
    3
 72
    8
 73
    4
 74
    0
 42
1e-07
 43
1e-07
 40
0
 40
0
 40
0
 40
0
 40
1
 40
1
 40
1
 40
1
 10
68.729513
 20
128.80908
 30
0
 10
68.729513
 20
129.00417
 30
0
 10
68.626206
 20
128.99867
 30
0
 10
68.02265
 20
128.77148
 30
0
  0
SPLINE
  5
57C
100
AcDbEntity
  8
Shape2DView001
  6
ByLayer
 62
  256
370
   -1
100
AcDbSpline
210
0
220
0
230
0
 70
    8
 71
    3
 72
    8
 73
    4
 74
    0
 42
1e-07
 43
1e-07
 40
0
 40
0
 40
0
 40
0
 40
1
 40
1
 40
1
 40
1
 10
68.02265
 20
128.77148
 30
0
 10
67.158247
 20
128.44612
 30
0
 10
66.147077
 20
128.53512
 30
0
 10
65.552089
 20
128.98895
 30
0
  0
SPLINE
  5
57D
100
AcDbEntity
  8
Shape2DView001
  6
ByLayer
 62
  256
370
   -1
100
AcDbSpline
210
0
220
0
230
0
 70
    8
 71
    1
 72
    4
 73
    2
 74
    0
 42
1e-07
 43
1e-07
 40
0
 40
0
 40
0.3062044
 40
0.3062044
 10
65.552089
 20
128.98895
 30
0
 10
65.308621
 20
129.17465
 30
0
  0
SPLINE
  5
57E
100
AcDbEntity
  8
Shape2DView001
  6
ByLayer
 62
  256
370
   -1
100
AcDbSpline
210
0
220
0
230
0
 70
    8
 71
    1
 72
    4
 73
    2
 74
    0
 42
1e-07
 43
1e-07
 40
0
 40
0
 40
0.5418364
 40
0.5418364
 10
65.308621
 20
129.17465
 30
0
 10
64.812772
 20
128.9562
 30
0
  0
SPLINE
  5
57F
100
AcDbEntity
  8
Shape2DView001
  6
ByLayer
 62
  256
370
   -1
100
AcDbSpline
210
0
220
0
230
0
 70
    8
 71
    3
 72
    8
 73
    4
 74
    0
 42
1e-07
 43
1e-07
 40
0
 40
0
 40
0
 40
0
 40
1
 40
1
 40
1
 40
1
 10
64.812772
 20
128.9562
 30
0
 10
63.47974
 20
128.3689
 30
0
 10
61.995155
 20
128.42913
 30
0
 10
61.317485
 20
129.09798
 30
0
  0
SPLINE
  5
580
100
AcDbEntity
  8
Shape2DView001
  6
ByLayer
 62
  256
370
   -1
100
AcDbSpline
210
0
220
0
230
0
 70
    8
 71
    3
 72
    8
 73
    4
 74
    0
 42
1e-07
 43
1e-07
 40
0
 40
0
 40
0
 40
0
 40
1
 40
1
 40
1
 40
1
 10
61.317485
 20
129.09798
 30
0
 10
61.042269
 20
129.36963
 30
0
 10
60.76845
 20
129.98699
 30
0
 10
60.689152
 20
130.51465
 30
0
  0
SPLINE
  5
581
100
AcDbEntity
  8
Shape2DView001
  6
ByLayer
 62
  256
370
   -1
100
AcDbSpline
210
0
220
0
230
0
 70
    8
 71
    3
 72
    8
 73
    4
 74
    0
 42
1e-07
 43
1e-07
 40
0
 40
0
 40
0
 40
0
 40
1
 40
1
 40
1
 40
1
 10
60.689152
 20
130.51465
 30
0
 10
60.598922
 20
131.1151
 30
0
 10
60.510223
 20
134.786
 30
0
 10
60.575444
 20
135.22092
 30
0
  0
SPLINE
  5
582
100
AcDbEntity
  8
Shape2DView001
  6
ByLayer
 62
  256
370
   -1
100
AcDbSpline
210
0
220
0
230
0
 70
    8
 71
    1
 72
    4
 73
    2
 74
    0
 42
1e-07
 43
1e-07
 40
0
 40
0
 40
0.3572206
 40
0.3572206
 10
60.575444
 20
135.22092
 30
0
 10
60.628424
 20
135.57419
 30
0
  0
SPLINE
  5
583
100
AcDbEntity
  8
Shape2DView001
  6
ByLayer
 62
  256
370
   -1
100
AcDbSpline
210
0
220
0
230
0
 70
    8
 71
    1
 72
    4
 73
    2
 74
    0
 42
1e-07
 43
1e-07
 40
0
 40
0
 40
0.8934799999999999
 40
0.8934799999999999
 10
60.628424
 20
135.57419
 30
0
 10
61.521904
 20
135.57419
 30
0
  0
SPLINE
  5
584
100
AcDbEntity
  8
Shape2DView001
  6
ByLayer
 62
  256
370
   -1
100
AcDbSpline
210
0
220
0
230
0
 70
    8
 71
    1
 72
    4
 73
    2
 74
    0
 42
1e-07
 43
1e-07
 40
0
 40
0
 40
0.8934839999999999
 40
0.8934839999999999
 10
61.521904
 20
135.57419
 30
0
 10
62.415388
 20
135.57419
 30
0
  0
SPLINE
  5
585
100
AcDbEntity
  8
Shape2DView001
  6
ByLayer
 62
  256
370
   -1
100
AcDbSpline
210
0
220
0
230
0
 70
    8
 71
    1
 72
    4
 73
    2
 74
    0
 42
1e-07
 43
1e-07
 40
0
 40
0
 40
2.101
 40
2.101
 10
62.415388
 20
135.57419
 30
0
 10
62.415388
 20
133.47319
 30
0
  0
SPLINE
  5
586
100
AcDbEntity
  8
Shape2DView001
  6
ByLayer
 62
  256
370
   -1
100
AcDbSpline
210
0
220
0
230
0
 70
    8
 71
    3
 72
    8
 73
    4
 74
    0
 42
1e-07
 43
1e-07
 40
0
 40
0
 40
0
 40
0
 40
1
 40
1
 40
1
 40
1
 10
62.415388
 20
133.47319
 30
0
 10
62.415388
 20
131.18545
 30
0
 10
62.471228
 20
130.70076
 30
0
 10
62.769138
 20
130.40285
 30
0
  0
SPLINE
  5
587
100
AcDbEntity
  8
Shape2DView001
  6
ByLayer
 62
  256
370
   -1
100
AcDbSpline
210
0
220
0
230
0
 70
    8
 71
    3
 72
    8
 73
    4
 74
    0
 42
1e-07
 43
1e-07
 40
0
 40
0
 40
0
 40
0
 40
1
 40
1
 40
1
 40
1
 10
62.769138
 20
130.40285
 30
0
 10
62.945408
 20
130.22658
 30
0
 10
62.987861
 20
130.21917
 30
0
 10
63.605918
 20
130.25672
 30
0
  0
SPLINE
  5
588
100
AcDbEntity
  8
Shape2DView001
  6
ByLayer
 62
  256
370
   -1
100
AcDbSpline
210
0
220
0
230
0
 70
    8
 71
    3
 72
    8
 73
    4
 74
    0
 42
1e-07
 43
1e-07
 40
0
 40
0
 40
0
 40
0
 40
1
 40
1
 40
1
 40
1
 10
63.605918
 20
130.25672
 30
0
 10
63.964018
 20
130.27852
 30
0
 10
64.352971
 20
130.33402
 30
0
 10
64.470259
 20
130.38015
 30
0
  0
SPLINE
  5
589
100
AcDbEntity
  8
Shape2DView001
  6
ByLayer
 62
  256
370
   -1
100
AcDbSpline
210
0
220
0
230
0
 70
    8
 71
    1
 72
    4
 73
    2
 74
    0
 42
1e-07
 43
1e-07
 40
0
 40
0
 40
0.2291619
 40
0.2291619
 10
64.470259
 20
130.38015
 30
0
 10
64.68351
 20
130.46405
 30
0
  0
SPLINE
  5
58A
100
AcDbEntity
  8
Shape2DView001
  6
ByLayer
 62
  256
370
   -1
100
AcDbSpline
210
0
220
0
230
0
 70
    8
 71
    1
 72
    4
 73
    2
 74
    0
 42
1e-07
 43
1e-07
 40
0
 40
0
 40
2.3585221
 40
2.3585221
 10
64.68351
 20
130.46405
 30
0
 10
64.62891
 20
132.82194
 30
0
  0
SPLINE
  5
58B
100
AcDbEntity
  8
Shape2DView001
  6
ByLayer
 62
  256
370
   -1
100
AcDbSpline
210
0
220
0
230
0
 70
    8
 71
    3
 72
    8
 73
    4
 74
    0
 42
1e-07
 43
1e-07
 40
0
 40
0
 40
0
 40
0
 40
1
 40
1
 40
1
 40
1
 10
64.62891
 20
132.82194
 30
0
 10
64.59887999999999
 20
134.11877
 30
0
 10
64.59658
 20
135.26857
 30
0
 10
64.62381000000001
 20
135.37703
 30
0
  0
SPLINE
  5
58C
100
AcDbEntity
  8
Shape2DView001
  6
ByLayer
 62
  256
370
   -1
100
AcDbSpline
210
0
220
0
230
0
 70
    8
 71
    1
 72
    4
 73
    2
 74
    0
 42
1e-07
 43
1e-07
 40
0
 40
0
 40
0.2033153
 40
0.2033153
 10
64.62381000000001
 20
135.37703
 30
0
 10
64.6733
 20
135.57423
 30
0
  0
SPLINE
  5
58D
100
AcDbEntity
  8
Shape2DView001
  6
ByLayer
 62
  256
370
   -1
100
AcDbSpline
210
0
220
0
230
0
 70
    8
 71
    1
 72
    4
 73
    2
 74
    0
 42
1e-07
 43
1e-07
 40
0
 40
0
 40
0.900567
 40
0.900567
 10
64.6733
 20
135.57423
 30
0
 10
65.57386700000001
 20
135.57423
 30
0
  0
SPLINE
  5
58E
100
AcDbEntity
  8
Shape2DView001
  6
ByLayer
 62
  256
370
   -1
100
AcDbSpline
210
0
220
0
230
0
 70
    8
 71
    1
 72
    4
 73
    2
 74
    0
 42
1e-07
 43
1e-07
 40
0
 40
0
 40
0.900586
 40
0.900586
 10
65.57386700000001
 20
135.57423
 30
0
 10
66.474453
 20
135.57423
 30
0
  0
SPLINE
  5
58F
100
AcDbEntity
  8
Shape2DView001
  6
ByLayer
 62
  256
370
   -1
100
AcDbSpline
210
0
220
0
230
0
 70
    8
 71
    1
 72
    4
 73
    2
 74
    0
 42
1e-07
 43
1e-07
 40
0
 40
0
 40
2.10104
 40
2.10104
 10
66.474453
 20
135.57423
 30
0
 10
66.474453
 20
133.47319
 30
0
  0
SPLINE
  5
590
100
AcDbEntity
  8
Shape2DView001
  6
ByLayer
 62
  256
370
   -1
100
AcDbSpline
210
0
220
0
230
0
 70
    8
 71
    3
 72
    8
 73
    4
 74
    0
 42
1e-07
 43
1e-07
 40
0
 40
0
 40
0
 40
0
 40
1
 40
1
 40
1
 40
1
 10
66.474453
 20
133.47319
 30
0
 10
66.474453
 20
130.64594
 30
0
 10
66.561753
 20
130.31232
 30
0
 10
67.33181399999999
 20
130.19685
 30
0
  0
SPLINE
  5
591
100
AcDbEntity
  8
Shape2DView001
  6
ByLayer
 62
  256
370
   -1
100
AcDbSpline
210
0
220
0
230
0
 70
    8
 71
    3
 72
    8
 73
    4
 74
    0
 42
1e-07
 43
1e-07
 40
0
 40
0
 40
0
 40
0
 40
1
 40
1
 40
1
 40
1
 10
67.33181399999999
 20
130.19685
 30
0
 10
67.62696200000001
 20
130.15255
 30
0
 10
68.532202
 20
130.31532
 30
0
 10
68.650289
 20
130.43387
 30
0
  0
SPLINE
  5
592
100
AcDbEntity
  8
Shape2DView001
  6
ByLayer
 62
  256
370
   -1
100
AcDbSpline
210
0
220
0
230
0
 70
    8
 71
    3
 72
    8
 73
    4
 74
    0
 42
1e-07
 43
1e-07
 40
0
 40
0
 40
0
 40
0
 40
1
 40
1
 40
1
 40
1
 10
68.650289
 20
130.43387
 30
0
 10
68.67318899999999
 20
130.45687
 30
0
 10
68.679849
 20
131.58299
 30
0
 10
68.66508899999999
 20
132.93639
 30
0
  0
SPLINE
  5
593
100
AcDbEntity
  8
Shape2DView001
  6
ByLayer
 62
  256
370
   -1
100
AcDbSpline
210
0
220
0
230
0
 70
    8
 71
    3
 72
    8
 73
    4
 74
    0
 42
1e-07
 43
1e-07
 40
0
 40
0
 40
0
 40
0
 40
1
 40
1
 40
1
 40
1
 10
68.66508899999999
 20
132.93639
 30
0
 10
68.640849
 20
135.1617
 30
0
 10
68.650339
 20
135.4092
 30
0
 10
68.764419
 20
135.52327
 30
0
  0
SPLINE
  5
594
100
AcDbEntity
  8
Shape2DView001
  6
ByLayer
 62
  256
370
   -1
100
AcDbSpline
210
0
220
0
230
0
 70
    8
 71
    3
 72
    8
 73
    4
 74
    0
 42
1e-07
 43
1e-07
 40
0
 40
0
 40
0
 40
0
 40
1
 40
1
 40
1
 40
1
 10
68.764419
 20
135.52327
 30
0
 10
68.833789
 20
135.59267
 30
0
 10
68.981162
 20
135.6432
 30
0
 10
69.091898
 20
135.63562
 30
0
  0
SPLINE
  5
595
100
AcDbEntity
  8
Shape2DView001
  6
ByLayer
 62
  256
370
   -1
100
AcDbSpline
210
0
220
0
230
0
 70
    8
 71
    3
 72
    8
 73
    4
 74
    0
 42
1e-07
 43
1e-07
 40
0
 40
0
 40
0
 40
0
 40
1
 40
1
 40
1
 40
1
 10
69.091898
 20
135.63562
 30
0
 10
69.20263799999999
 20
135.62762
 30
0
 10
69.56384799999999
 20
135.60262
 30
0
 10
69.894589
 20
135.57922
 30
0
  0
SPLINE
  5
596
100
AcDbEntity
  8
Shape2DView001
  6
ByLayer
 62
  256
370
   -1
100
AcDbSpline
210
0
220
0
230
0
 70
    8
 71
    1
 72
    4
 73
    2
 74
    0
 42
1e-07
 43
1e-07
 40
0
 40
0
 40
3.16e-05
 40
3.16e-05
 10
69.894589
 20
135.57922
 30
0
 10
69.89461900000001
 20
135.57923
 30
0
  0
SPLINE
  5
597
100
AcDbEntity
  8
Shape2DView001
  6
ByLayer
 62
  256
370
   -1
100
AcDbSpline
210
0
220
0
230
0
 70
    8
 71
    1
 72
    4
 73
    2
 74
    0
 42
1e-07
 43
1e-07
 40
0
 40
0
 40
4.81568
 40
4.81568
 10
51.741506
 20
130.76346
 30
0
 10
51.741506
 20
125.94778
 30
0
  0
SPLINE
  5
598
100
AcDbEntity
  8
Shape2DView001
  6
ByLayer
 62
  256
370
   -1
100
AcDbSpline
210
0
220
0
230
0
 70
    8
 71
    1
 72
    4
 73
    2
 74
    0
 42
1e-07
 43
1e-07
 40
0
 40
0
 40
0.8459042
 40
0.8459042
 10
51.741506
 20
125.94778
 30
0
 10
50.89587
 20
125.96908
 30
0
  0
SPLINE
  5
599
100
AcDbEntity
  8
Shape2DView001
  6
ByLayer
 62
  256
370
   -1
100
AcDbSpline
210
0
220
0
230
0
 70
    8
 71
    1
 72
    4
 73
    2
 74
    0
 42
1e-07
 43
1e-07
 40
0
 40
0
 40
0.8459152
 40
0.8459152
 10
50.89587
 20
125.96908
 30
0
 10
50.050223
 20
125.99038
 30
0
  0
SPLINE
  5
59A
100
AcDbEntity
  8
Shape2DView001
  6
ByLayer
 62
  256
370
   -1
100
AcDbSpline
210
0
220
0
230
0
 70
    8
 71
    1
 72
    4
 73
    2
 74
    0
 42
1e-07
 43
1e-07
 40
0
 40
0
 40
2.7256513
 40
2.7256513
 10
50.050223
 20
125.99038
 30
0
 10
50.030513
 20
128.71596
 30
0
  0
SPLINE
  5
59B
100
AcDbEntity
  8
Shape2DView001
  6
ByLayer
 62
  256
370
   -1
100
AcDbSpline
210
0
220
0
230
0
 70
    8
 71
    1
 72
    4
 73
    2
 74
    0
 42
1e-07
 43
1e-07
 40
0
 40
0
 40
2.7256516
 40
2.7256516
 10
50.030513
 20
128.71596
 30
0
 10
50.010753
 20
131.44154
 30
0
  0
SPLINE
  5
59C
100
AcDbEntity
  8
Shape2DView001
  6
ByLayer
 62
  256
370
   -1
100
AcDbSpline
210
0
220
0
230
0
 70
    8
 71
    1
 72
    4
 73
    2
 74
    0
 42
1e-07
 43
1e-07
 40
0
 40
0
 40
0.3222103
 40
0.3222103
 10
50.010753
 20
131.44154
 30
0
 10
49.692229
 20
131.39294
 30
0
  0
SPLINE
  5
59D
100
AcDbEntity
  8
Shape2DView001
  6
ByLayer
 62
  256
370
   -1
100
AcDbSpline
210
0
220
0
230
0
 70
    8
 71
    3
 72
    8
 73
    4
 74
    0
 42
1e-07
 43
1e-07
 40
0
 40
0
 40
0
 40
0
 40
1
 40
1
 40
1
 40
1
 10
49.692229
 20
131.39294
 30
0
 10
49.517041
 20
131.36624
 30
0
 10
49.337008
 20
131.31564
 30
0
 10
49.292153
 20
131.28055
 30
0
  0
SPLINE
  5
59E
100
AcDbEntity
  8
Shape2DView001
  6
ByLayer
 62
  256
370
   -1
100
AcDbSpline
210
0
220
0
230
0
 70
    8
 71
    3
 72
    8
 73
    4
 74
    0
 42
1e-07
 43
1e-07
 40
0
 40
0
 40
0
 40
0
 40
1
 40
1
 40
1
 40
1
 10
49.292153
 20
131.28055
 30
0
 10
49.247273
 20
131.24545
 30
0
 10
48.930998
 20
130.67266
 30
0
 10
48.589256
 20
130.00768
 30
0
  0
SPLINE
  5
59F
100
AcDbEntity
  8
Shape2DView001
  6
ByLayer
 62
  256
370
   -1
100
AcDbSpline
210
0
220
0
230
0
 70
    8
 71
    3
 72
    8
 73
    4
 74
    0
 42
1e-07
 43
1e-07
 40
0
 40
0
 40
0
 40
0
 40
1
 40
1
 40
1
 40
1
 10
48.589256
 20
130.00768
 30
0
 10
48.24752
 20
129.34269
 30
0
 10
47.927258
 20
128.78302
 30
0
 10
47.877569
 20
128.76395
 30
0
  0
SPLINE
  5
5A0
100
AcDbEntity
  8
Shape2DView001
  6
ByLayer
 62
  256
370
   -1
100
AcDbSpline
210
0
220
0
230
0
 70
    8
 71
    3
 72
    8
 73
    4
 74
    0
 42
1e-07
 43
1e-07
 40
0
 40
0
 40
0
 40
0
 40
1
 40
1
 40
1
 40
1
 10
47.877569
 20
128.76395
 30
0
 10
47.827879
 20
128.74485
 30
0
 10
47.359784
 20
128.73885
 30
0
 10
46.83737
 20
128.75045
 30
0
  0
SPLINE
  5
5A1
100
AcDbEntity
  8
Shape2DView001
  6
ByLayer
 62
  256
370
   -1
100
AcDbSpline
210
0
220
0
230
0
 70
    8
 71
    1
 72
    4
 73
    2
 74
    0
 42
1e-07
 43
1e-07
 40
0
 40
0
 40
0.9500915999999999
 40
0.9500915999999999
 10
46.83737
 20
128.75045
 30
0
 10
45.887515
 20
128.77165
 30
0
  0
SPLINE
  5
5A2
100
AcDbEntity
  8
Shape2DView001
  6
ByLayer
 62
  256
370
   -1
100
AcDbSpline
210
0
220
0
230
0
 70
    8
 71
    1
 72
    4
 73
    2
 74
    0
 42
1e-07
 43
1e-07
 40
0
 40
0
 40
1.7779396
 40
1.7779396
 10
45.887515
 20
128.77165
 30
0
 10
46.747383
 20
130.32783
 30
0
  0
SPLINE
  5
5A3
100
AcDbEntity
  8
Shape2DView001
  6
ByLayer
 62
  256
370
   -1
100
AcDbSpline
210
0
220
0
230
0
 70
    8
 71
    3
 72
    8
 73
    4
 74
    0
 42
1e-07
 43
1e-07
 40
0
 40
0
 40
0
 40
0
 40
1
 40
1
 40
1
 40
1
 10
46.747383
 20
130.32783
 30
0
 10
47.220308
 20
131.18372
 30
0
 10
47.607251
 20
131.91998
 30
0
 10
47.607251
 20
131.96394
 30
0
  0
SPLINE
  5
5A4
100
AcDbEntity
  8
Shape2DView001
  6
ByLayer
 62
  256
370
   -1
100
AcDbSpline
210
0
220
0
230
0
 70
    8
 71
    3
 72
    8
 73
    4
 74
    0
 42
1e-07
 43
1e-07
 40
0
 40
0
 40
0
 40
0
 40
1
 40
1
 40
1
 40
1
 10
47.607251
 20
131.96394
 30
0
 10
47.607251
 20
132.00794
 30
0
 10
47.235941
 20
132.75318
 30
0
 10
46.782115
 20
133.62009
 30
0
  0
SPLINE
  5
5A5
100
AcDbEntity
  8
Shape2DView001
  6
ByLayer
 62
  256
370
   -1
100
AcDbSpline
210
0
220
0
230
0
 70
    8
 71
    3
 72
    8
 73
    4
 74
    0
 42
1e-07
 43
1e-07
 40
0
 40
0
 40
0
 40
0
 40
1
 40
1
 40
1
 40
1
 10
46.782115
 20
133.62009
 30
0
 10
46.328289
 20
134.487
 30
0
 10
45.935375
 20
135.28237
 30
0
 10
45.908968
 20
135.38758
 30
0
  0
SPLINE
  5
5A6
100
AcDbEntity
  8
Shape2DView001
  6
ByLayer
 62
  256
370
   -1
100
AcDbSpline
210
0
220
0
230
0
 70
    8
 71
    1
 72
    4
 73
    2
 74
    0
 42
1e-07
 43
1e-07
 40
0
 40
0
 40
0.1972155
 40
0.1972155
 10
45.908968
 20
135.38758
 30
0
 10
45.860948
 20
135.57886
 30
0
  0
SPLINE
  5
5A7
100
AcDbEntity
  8
Shape2DView001
  6
ByLayer
 62
  256
370
   -1
100
AcDbSpline
210
0
220
0
230
0
 70
    8
 71
    1
 72
    4
 73
    2
 74
    0
 42
1e-07
 43
1e-07
 40
0
 40
0
 40
0.993374
 40
0.993374
 10
45.860948
 20
135.57886
 30
0
 10
46.8541
 20
135.55786
 30
0
  0
SPLINE
  5
5A8
100
AcDbEntity
  8
Shape2DView001
  6
ByLayer
 62
  256
370
   -1
100
AcDbSpline
210
0
220
0
230
0
 70
    8
 71
    1
 72
    4
 73
    2
 74
    0
 42
1e-07
 43
1e-07
 40
0
 40
0
 40
0.993378
 40
0.993378
 10
46.8541
 20
135.55786
 30
0
 10
47.847256
 20
135.53686
 30
0
  0
SPLINE
  5
5A9
100
AcDbEntity
  8
Shape2DView001
  6
ByLayer
 62
  256
370
   -1
100
AcDbSpline
210
0
220
0
230
0
 70
    8
 71
    1
 72
    4
 73
    2
 74
    0
 42
1e-07
 43
1e-07
 40
0
 40
0
 40
1.4399504
 40
1.4399504
 10
47.847256
 20
135.53686
 30
0
 10
48.510981
 20
134.259
 30
0
  0
SPLINE
  5
5AA
100
AcDbEntity
  8
Shape2DView001
  6
ByLayer
 62
  256
370
   -1
100
AcDbSpline
210
0
220
0
230
0
 70
    8
 71
    3
 72
    8
 73
    4
 74
    0
 42
1e-07
 43
1e-07
 40
0
 40
0
 40
0
 40
0
 40
1
 40
1
 40
1
 40
1
 10
48.510981
 20
134.259
 30
0
 10
49.14484
 20
133.03865
 30
0
 10
49.185576
 20
132.98005
 30
0
 10
49.416149
 20
132.95681
 30
0
  0
SPLINE
  5
5AB
100
AcDbEntity
  8
Shape2DView001
  6
ByLayer
 62
  256
370
   -1
100
AcDbSpline
210
0
220
0
230
0
 70
    8
 71
    3
 72
    8
 73
    4
 74
    0
 42
1e-07
 43
1e-07
 40
0
 40
0
 40
0
 40
0
 40
1
 40
1
 40
1
 40
1
 10
49.416149
 20
132.95681
 30
0
 10
49.548934
 20
132.94341
 30
0
 10
49.736648
 20
132.95281
 30
0
 10
49.833288
 20
132.97661
 30
0
  0
SPLINE
  5
5AC
100
AcDbEntity
  8
Shape2DView001
  6
ByLayer
 62
  256
370
   -1
100
AcDbSpline
210
0
220
0
230
0
 70
    8
 71
    3
 72
    8
 73
    4
 74
    0
 42
1e-07
 43
1e-07
 40
0
 40
0
 40
0
 40
0
 40
1
 40
1
 40
1
 40
1
 10
49.833288
 20
132.97661
 30
0
 10
50.007626
 20
133.02031
 30
0
 10
50.009153
 20
133.03051
 30
0
 10
50.029599
 20
134.2788
 30
0
  0
SPLINE
  5
5AD
100
AcDbEntity
  8
Shape2DView001
  6
ByLayer
 62
  256
370
   -1
100
AcDbSpline
210
0
220
0
230
0
 70
    8
 71
    1
 72
    4
 73
    2
 74
    0
 42
1e-07
 43
1e-07
 40
0
 40
0
 40
1.2582582
 40
1.2582582
 10
50.029599
 20
134.2788
 30
0
 10
50.050169
 20
135.53689
 30
0
  0
SPLINE
  5
5AE
100
AcDbEntity
  8
Shape2DView001
  6
ByLayer
 62
  256
370
   -1
100
AcDbSpline
210
0
220
0
230
0
 70
    8
 71
    1
 72
    4
 73
    2
 74
    0
 42
1e-07
 43
1e-07
 40
0
 40
0
 40
0.8459101999999999
 40
0.8459101999999999
 10
50.050169
 20
135.53689
 30
0
 10
50.895811
 20
135.55819
 30
0
  0
SPLINE
  5
5AF
100
AcDbEntity
  8
Shape2DView001
  6
ByLayer
 62
  256
370
   -1
100
AcDbSpline
210
0
220
0
230
0
 70
    8
 71
    1
 72
    4
 73
    2
 74
    0
 42
1e-07
 43
1e-07
 40
0
 40
0
 40
0.8459101999999999
 40
0.8459101999999999
 10
50.895811
 20
135.55819
 30
0
 10
51.741453
 20
135.57949
 30
0
  0
SPLINE
  5
5B0
100
AcDbEntity
  8
Shape2DView001
  6
ByLayer
 62
  256
370
   -1
100
AcDbSpline
210
0
220
0
230
0
 70
    8
 71
    1
 72
    4
 73
    2
 74
    0
 42
1e-07
 43
1e-07
 40
0
 40
0
 40
4.81603
 40
4.81603
 10
51.741453
 20
135.57949
 30
0
 10
51.741506
 20
130.76346
 30
0
  0
SPLINE
  5
5B1
100
AcDbEntity
  8
Shape2DView001
  6
ByLayer
 62
  256
370
   -1
100
AcDbSpline
210
0
220
0
230
0
 70
    8
 71
    3
 72
    8
 73
    4
 74
    0
 42
1e-07
 43
1e-07
 40
0
 40
0
 40
0
 40
0
 40
1
 40
1
 40
1
 40
1
 10
37.78528
 20
135.52411
 30
0
 10
37.81288
 20
135.49651
 30
0
 10
37.83538
 20
135.00608
 30
0
 10
37.83538
 20
134.43418
 30
0
  0
SPLINE
  5
5B2
100
AcDbEntity
  8
Shape2DView001
  6
ByLayer
 62
  256
370
   -1
100
AcDbSpline
210
0
220
0
230
0
 70
    8
 71
    1
 72
    4
 73
    2
 74
    0
 42
1e-07
 43
1e-07
 40
0
 40
0
 40
1.03983
 40
1.03983
 10
37.83538
 20
134.43418
 30
0
 10
37.83538
 20
133.39435
 30
0
  0
SPLINE
  5
5B3
100
AcDbEntity
  8
Shape2DView001
  6
ByLayer
 62
  256
370
   -1
100
AcDbSpline
210
0
220
0
230
0
 70
    8
 71
    1
 72
    4
 73
    2
 74
    0
 42
1e-07
 43
1e-07
 40
0
 40
0
 40
0.9396
 40
0.9396
 10
37.83538
 20
133.39435
 30
0
 10
36.89578
 20
133.39435
 30
0
  0
SPLINE
  5
5B4
100
AcDbEntity
  8
Shape2DView001
  6
ByLayer
 62
  256
370
   -1
100
AcDbSpline
210
0
220
0
230
0
 70
    8
 71
    1
 72
    4
 73
    2
 74
    0
 42
1e-07
 43
1e-07
 40
0
 40
0
 40
0.9396
 40
0.9396
 10
36.89578
 20
133.39435
 30
0
 10
35.95618
 20
133.39435
 30
0
  0
SPLINE
  5
5B5
100
AcDbEntity
  8
Shape2DView001
  6
ByLayer
 62
  256
370
   -1
100
AcDbSpline
210
0
220
0
230
0
 70
    8
 71
    1
 72
    4
 73
    2
 74
    0
 42
1e-07
 43
1e-07
 40
0
 40
0
 40
1.08993
 40
1.08993
 10
35.95618
 20
133.39435
 30
0
 10
35.95618
 20
134.48428
 30
0
  0
SPLINE
  5
5B6
100
AcDbEntity
  8
Shape2DView001
  6
ByLayer
 62
  256
370
   -1
100
AcDbSpline
210
0
220
0
230
0
 70
    8
 71
    1
 72
    4
 73
    2
 74
    0
 42
1e-07
 43
1e-07
 40
0
 40
0
 40
1.08994
 40
1.08994
 10
35.95618
 20
134.48428
 30
0
 10
35.95618
 20
135.57422
 30
0
  0
SPLINE
  5
5B7
100
AcDbEntity
  8
Shape2DView001
  6
ByLayer
 62
  256
370
   -1
100
AcDbSpline
210
0
220
0
230
0
 70
    8
 71
    1
 72
    4
 73
    2
 74
    0
 42
1e-07
 43
1e-07
 40
0
 40
0
 40
0.88949
 40
0.88949
 10
35.95618
 20
135.57422
 30
0
 10
36.84567
 20
135.57422
 30
0
  0
SPLINE
  5
5B8
100
AcDbEntity
  8
Shape2DView001
  6
ByLayer
 62
  256
370
   -1
100
AcDbSpline
210
0
220
0
230
0
 70
    8
 71
    3
 72
    8
 73
    4
 74
    0
 42
1e-07
 43
1e-07
 40
0
 40
0
 40
0
 40
0
 40
1
 40
1
 40
1
 40
1
 10
36.84567
 20
135.57422
 30
0
 10
37.33489
 20
135.57422
 30
0
 10
37.75771
 20
135.55162
 30
0
 10
37.78527
 20
135.52412
 30
0
  0
SPLINE
  5
5B9
100
AcDbEntity
  8
Shape2DView001
  6
ByLayer
 62
  256
370
   -1
100
AcDbSpline
210
0
220
0
230
0
 70
    8
 71
    1
 72
    4
 73
    2
 74
    0
 42
1e-07
 43
1e-07
 40
0
 40
0
 40
1.41e-05
 40
1.41e-05
 10
37.78527
 20
135.52412
 30
0
 10
37.78528
 20
135.52411
 30
0
  0
SPLINE
  5
5BA
100
AcDbEntity
  8
Shape2DView001
  6
ByLayer
 62
  256
370
   -1
100
AcDbSpline
210
0
220
0
230
0
 70
    8
 71
    3
 72
    8
 73
    4
 74
    0
 42
1e-07
 43
1e-07
 40
0
 40
0
 40
0
 40
0
 40
1
 40
1
 40
1
 40
1
 10
60.085456
 20
130.80071
 30
0
 10
60.257141
 20
130.59384
 30
0
 10
60.314131
 20
129.52509
 30
0
 10
60.191096
 20
128.81956
 30
0
  0
SPLINE
  5
5BB
100
AcDbEntity
  8
Shape2DView001
  6
ByLayer
 62
  256
370
   -1
100
AcDbSpline
210
0
220
0
230
0
 70
    8
 71
    3
 72
    8
 73
    4
 74
    0
 42
1e-07
 43
1e-07
 40
0
 40
0
 40
0
 40
0
 40
1
 40
1
 40
1
 40
1
 10
60.191096
 20
128.81956
 30
0
 10
60.023477
 20
127.85835
 30
0
 10
59.575088
 20
127.15831
 30
0
 10
58.793772
 20
126.63799
 30
0
  0
SPLINE
  5
5BC
100
AcDbEntity
  8
Shape2DView001
  6
ByLayer
 62
  256
370
   -1
100
AcDbSpline
210
0
220
0
230
0
 70
    8
 71
    3
 72
    8
 73
    4
 74
    0
 42
1e-07
 43
1e-07
 40
0
 40
0
 40
0
 40
0
 40
1
 40
1
 40
1
 40
1
 10
58.793772
 20
126.63799
 30
0
 10
58.411717
 20
126.38356
 30
0
 10
58.28448
 20
126.35526
 30
0
 10
58.145836
 20
126.49391
 30
0
  0
SPLINE
  5
5BD
100
AcDbEntity
  8
Shape2DView001
  6
ByLayer
 62
  256
370
   -1
100
AcDbSpline
210
0
220
0
230
0
 70
    8
 71
    3
 72
    8
 73
    4
 74
    0
 42
1e-07
 43
1e-07
 40
0
 40
0
 40
0
 40
0
 40
1
 40
1
 40
1
 40
1
 10
58.145836
 20
126.49391
 30
0
 10
57.955103
 20
126.68464
 30
0
 10
58.049306
 20
126.90404
 30
0
 10
58.450266
 20
127.20294
 30
0
  0
SPLINE
  5
5BE
100
AcDbEntity
  8
Shape2DView001
  6
ByLayer
 62
  256
370
   -1
100
AcDbSpline
210
0
220
0
230
0
 70
    8
 71
    3
 72
    8
 73
    4
 74
    0
 42
1e-07
 43
1e-07
 40
0
 40
0
 40
0
 40
0
 40
1
 40
1
 40
1
 40
1
 10
58.450266
 20
127.20294
 30
0
 10
58.885878
 20
127.52768
 30
0
 10
59.274765
 20
128.10739
 30
0
 10
59.448612
 20
128.69119
 30
0
  0
SPLINE
  5
5BF
100
AcDbEntity
  8
Shape2DView001
  6
ByLayer
 62
  256
370
   -1
100
AcDbSpline
210
0
220
0
230
0
 70
    8
 71
    3
 72
    8
 73
    4
 74
    0
 42
1e-07
 43
1e-07
 40
0
 40
0
 40
0
 40
0
 40
1
 40
1
 40
1
 40
1
 10
59.448612
 20
128.69119
 30
0
 10
59.516832
 20
128.9203
 30
0
 10
59.558996
 20
129.3811
 30
0
 10
59.558996
 20
129.89764
 30
0
  0
SPLINE
  5
5C0
100
AcDbEntity
  8
Shape2DView001
  6
ByLayer
 62
  256
370
   -1
100
AcDbSpline
210
0
220
0
230
0
 70
    8
 71
    3
 72
    8
 73
    4
 74
    0
 42
1e-07
 43
1e-07
 40
0
 40
0
 40
0
 40
0
 40
1
 40
1
 40
1
 40
1
 10
59.558996
 20
129.89764
 30
0
 10
59.558996
 20
130.75276
 30
0
 10
59.607566
 20
130.9138
 30
0
 10
59.8655
 20
130.9138
 30
0
  0
SPLINE
  5
5C1
100
AcDbEntity
  8
Shape2DView001
  6
ByLayer
 62
  256
370
   -1
100
AcDbSpline
210
0
220
0
230
0
 70
    8
 71
    3
 72
    8
 73
    4
 74
    0
 42
1e-07
 43
1e-07
 40
0
 40
0
 40
0
 40
0
 40
1
 40
1
 40
1
 40
1
 10
59.8655
 20
130.9138
 30
0
 10
59.93486
 20
130.9138
 30
0
 10
60.033835
 20
130.8629
 30
0
 10
60.085456
 20
130.80071
 30
0
  0
SPLINE
  5
5C2
100
AcDbEntity
  8
Shape2DView001
  6
ByLayer
 62
  256
370
   -1
100
AcDbSpline
210
0
220
0
230
0
 70
    8
 71
    3
 72
    8
 73
    4
 74
    0
 42
1e-07
 43
1e-07
 40
0
 40
0
 40
0
 40
0
 40
1
 40
1
 40
1
 40
1
 10
52.863561
 20
130.80771
 30
0
 10
52.923841
 20
130.73511
 30
0
 10
52.936191
 20
130.52737
 30
0
 10
52.902701
 20
130.14999
 30
0
  0
SPLINE
  5
5C3
100
AcDbEntity
  8
Shape2DView001
  6
ByLayer
 62
  256
370
   -1
100
AcDbSpline
210
0
220
0
230
0
 70
    8
 71
    3
 72
    8
 73
    4
 74
    0
 42
1e-07
 43
1e-07
 40
0
 40
0
 40
0
 40
0
 40
1
 40
1
 40
1
 40
1
 10
52.902701
 20
130.14999
 30
0
 10
52.814141
 20
129.15294
 30
0
 10
53.250866
 20
127.80011
 30
0
 10
53.782429
 20
127.42491
 30
0
  0
SPLINE
  5
5C4
100
AcDbEntity
  8
Shape2DView001
  6
ByLayer
 62
  256
370
   -1
100
AcDbSpline
210
0
220
0
230
0
 70
    8
 71
    3
 72
    8
 73
    4
 74
    0
 42
1e-07
 43
1e-07
 40
0
 40
0
 40
0
 40
0
 40
1
 40
1
 40
1
 40
1
 10
53.782429
 20
127.42491
 30
0
 10
53.879539
 20
127.35631
 30
0
 10
54.077152
 20
127.22422
 30
0
 10
54.221566
 20
127.13126
 30
0
  0
SPLINE
  5
5C5
100
AcDbEntity
  8
Shape2DView001
  6
ByLayer
 62
  256
370
   -1
100
AcDbSpline
210
0
220
0
230
0
 70
    8
 71
    3
 72
    8
 73
    4
 74
    0
 42
1e-07
 43
1e-07
 40
0
 40
0
 40
0
 40
0
 40
1
 40
1
 40
1
 40
1
 10
54.221566
 20
127.13126
 30
0
 10
54.529325
 20
126.93316
 30
0
 10
54.587044
 20
126.74974
 30
0
 10
54.404944
 20
126.54852
 30
0
  0
SPLINE
  5
5C6
100
AcDbEntity
  8
Shape2DView001
  6
ByLayer
 62
  256
370
   -1
100
AcDbSpline
210
0
220
0
230
0
 70
    8
 71
    3
 72
    8
 73
    4
 74
    0
 42
1e-07
 43
1e-07
 40
0
 40
0
 40
0
 40
0
 40
1
 40
1
 40
1
 40
1
 10
54.404944
 20
126.54852
 30
0
 10
54.22112
 20
126.3454
 30
0
 10
54.028806
 20
126.36742
 30
0
 10
53.603548
 20
126.64032
 30
0
  0
SPLINE
  5
5C7
100
AcDbEntity
  8
Shape2DView001
  6
ByLayer
 62
  256
370
   -1
100
AcDbSpline
210
0
220
0
230
0
 70
    8
 71
    3
 72
    8
 73
    4
 74
    0
 42
1e-07
 43
1e-07
 40
0
 40
0
 40
0
 40
0
 40
1
 40
1
 40
1
 40
1
 10
53.603548
 20
126.64032
 30
0
 10
53.116342
 20
126.95296
 30
0
 10
52.777224
 20
127.41171
 30
0
 10
52.48103
 20
128.15883
 30
0
  0
SPLINE
  5
5C8
100
AcDbEntity
  8
Shape2DView001
  6
ByLayer
 62
  256
370
   -1
100
AcDbSpline
210
0
220
0
230
0
 70
    8
 71
    3
 72
    8
 73
    4
 74
    0
 42
1e-07
 43
1e-07
 40
0
 40
0
 40
0
 40
0
 40
1
 40
1
 40
1
 40
1
 10
52.48103
 20
128.15883
 30
0
 10
52.256109
 20
128.72618
 30
0
 10
52.237812
 20
128.83842
 30
0
 10
52.23412
 20
129.6736
 30
0
  0
SPLINE
  5
5C9
100
AcDbEntity
  8
Shape2DView001
  6
ByLayer
 62
  256
370
   -1
100
AcDbSpline
210
0
220
0
230
0
 70
    8
 71
    3
 72
    8
 73
    4
 74
    0
 42
1e-07
 43
1e-07
 40
0
 40
0
 40
0
 40
0
 40
1
 40
1
 40
1
 40
1
 10
52.23412
 20
129.6736
 30
0
 10
52.22982
 20
130.66555
 30
0
 10
52.30287
 20
130.91387
 30
0
 10
52.59941
 20
130.91387
 30
0
  0
SPLINE
  5
5CA
100
AcDbEntity
  8
Shape2DView001
  6
ByLayer
 62
  256
370
   -1
100
AcDbSpline
210
0
220
0
230
0
 70
    8
 71
    3
 72
    8
 73
    4
 74
    0
 42
1e-07
 43
1e-07
 40
0
 40
0
 40
0
 40
0
 40
1
 40
1
 40
1
 40
1
 10
52.59941
 20
130.91387
 30
0
 10
52.69625
 20
130.91387
 30
0
 10
52.815129
 20
130.86617
 30
0
 10
52.863589
 20
130.80772
 30
0
  0
SPLINE
  5
5CB
100
AcDbEntity
  8
Shape2DView001
  6
ByLayer
 62
  256
370
   -1
100
AcDbSpline
210
0
220
0
230
0
 70
    8
 71
    1
 72
    4
 73
    2
 74
    0
 42
1e-07
 43
1e-07
 40
0
 40
0
 40
2.97e-05
 40
2.97e-05
 10
52.863589
 20
130.80772
 30
0
 10
52.863561
 20
130.80771
 30
0
  0
SPLINE
  5
5CC
100
AcDbEntity
  8
Shape2DView001
  6
ByLayer
 62
  256
370
   -1
100
AcDbSpline
210
0
220
0
230
0
 70
    8
 71
    3
 72
    8
 73
    4
 74
    0
 42
1e-07
 43
1e-07
 40
0
 40
0
 40
0
 40
0
 40
1
 40
1
 40
1
 40
1
 10
57.207419
 20
127.66513
 30
0
 10
57.249229
 20
127.61223
 30
0
 10
57.306659
 20
127.41695
 30
0
 10
57.335065
 20
127.23126
 30
0
  0
SPLINE
  5
5CD
100
AcDbEntity
  8
Shape2DView001
  6
ByLayer
 62
  256
370
   -1
100
AcDbSpline
210
0
220
0
230
0
 70
    8
 71
    3
 72
    8
 73
    4
 74
    0
 42
1e-07
 43
1e-07
 40
0
 40
0
 40
0
 40
0
 40
1
 40
1
 40
1
 40
1
 10
57.335065
 20
127.23126
 30
0
 10
57.406275
 20
126.76567
 30
0
 10
57.658886
 20
126.28982
 30
0
 10
57.997002
 20
125.98435
 30
0
  0
SPLINE
  5
5CE
100
AcDbEntity
  8
Shape2DView001
  6
ByLayer
 62
  256
370
   -1
100
AcDbSpline
210
0
220
0
230
0
 70
    8
 71
    3
 72
    8
 73
    4
 74
    0
 42
1e-07
 43
1e-07
 40
0
 40
0
 40
0
 40
0
 40
1
 40
1
 40
1
 40
1
 10
57.997002
 20
125.98435
 30
0
 10
58.278176
 20
125.73033
 30
0
 10
58.289952
 20
125.72726
 30
0
 10
58.983801
 20
125.72726
 30
0
  0
SPLINE
  5
5CF
100
AcDbEntity
  8
Shape2DView001
  6
ByLayer
 62
  256
370
   -1
100
AcDbSpline
210
0
220
0
230
0
 70
    8
 71
    3
 72
    8
 73
    4
 74
    0
 42
1e-07
 43
1e-07
 40
0
 40
0
 40
0
 40
0
 40
1
 40
1
 40
1
 40
1
 10
58.983801
 20
125.72726
 30
0
 10
59.590571
 20
125.72726
 30
0
 10
59.704529
 20
125.74776
 30
0
 10
59.822087
 20
125.8776
 30
0
  0
SPLINE
  5
5D0
100
AcDbEntity
  8
Shape2DView001
  6
ByLayer
 62
  256
370
   -1
100
AcDbSpline
210
0
220
0
230
0
 70
    8
 71
    2
 72
    6
 73
    3
 74
    0
 42
1e-07
 43
1e-07
 40
0
 40
0
 40
0
 40
1
 40
1
 40
1
 10
59.822087
 20
125.8776
 30
0
 10
60.100668
 20
126.181865
 30
0
 10
60.374818
 20
125.8369
 30
0
  0
SPLINE
  5
5D1
100
AcDbEntity
  8
Shape2DView001
  6
ByLayer
 62
  256
370
   -1
100
AcDbSpline
210
0
220
0
230
0
 70
    8
 71
    3
 72
    8
 73
    4
 74
    0
 42
1e-07
 43
1e-07
 40
0
 40
0
 40
0
 40
0
 40
1
 40
1
 40
1
 40
1
 10
60.374818
 20
125.8369
 30
0
 10
60.636221
 20
125.50458
 30
0
 10
60.782331
 20
124.50005
 30
0
 10
60.596317
 20
124.31404
 30
0
  0
SPLINE
  5
5D2
100
AcDbEntity
  8
Shape2DView001
  6
ByLayer
 62
  256
370
   -1
100
AcDbSpline
210
0
220
0
230
0
 70
    8
 71
    3
 72
    8
 73
    4
 74
    0
 42
1e-07
 43
1e-07
 40
0
 40
0
 40
0
 40
0
 40
1
 40
1
 40
1
 40
1
 10
60.596317
 20
124.31404
 30
0
 10
60.502387
 20
124.22014
 30
0
 10
59.884649
 20
124.19012
 30
0
 10
59.677898
 20
124.26944
 30
0
  0
SPLINE
  5
5D3
100
AcDbEntity
  8
Shape2DView001
  6
ByLayer
 62
  256
370
   -1
100
AcDbSpline
210
0
220
0
230
0
 70
    8
 71
    2
 72
    6
 73
    3
 74
    0
 42
1e-07
 43
1e-07
 40
0
 40
0
 40
0
 40
1
 40
1
 40
1
 10
59.677898
 20
124.26944
 30
0
 10
59.557532
 20
124.3119125
 30
0
 10
59.558996
 20
124.61822
 30
0
  0
SPLINE
  5
5D4
100
AcDbEntity
  8
Shape2DView001
  6
ByLayer
 62
  256
370
   -1
100
AcDbSpline
210
0
220
0
230
0
 70
    8
 71
    1
 72
    4
 73
    2
 74
    0
 42
1e-07
 43
1e-07
 40
0
 40
0
 40
0.30315
 40
0.30315
 10
59.558996
 20
124.61822
 30
0
 10
59.558996
 20
124.92137
 30
0
  0
SPLINE
  5
5D5
100
AcDbEntity
  8
Shape2DView001
  6
ByLayer
 62
  256
370
   -1
100
AcDbSpline
210
0
220
0
230
0
 70
    8
 71
    1
 72
    4
 73
    2
 74
    0
 42
1e-07
 43
1e-07
 40
0
 40
0
 40
0.4108649
 40
0.4108649
 10
59.558996
 20
124.92137
 30
0
 10
59.150304
 20
124.87917
 30
0
  0
SPLINE
  5
5D6
100
AcDbEntity
  8
Shape2DView001
  6
ByLayer
 62
  256
370
   -1
100
AcDbSpline
210
0
220
0
230
0
 70
    8
 71
    3
 72
    8
 73
    4
 74
    0
 42
1e-07
 43
1e-07
 40
0
 40
0
 40
0
 40
0
 40
1
 40
1
 40
1
 40
1
 10
59.150304
 20
124.87917
 30
0
 10
58.925521
 20
124.85597
 30
0
 10
58.443505
 20
124.71241
 30
0
 10
58.079155
 20
124.56016
 30
0
  0
SPLINE
  5
5D7
100
AcDbEntity
  8
Shape2DView001
  6
ByLayer
 62
  256
370
   -1
100
AcDbSpline
210
0
220
0
230
0
 70
    8
 71
    3
 72
    8
 73
    4
 74
    0
 42
1e-07
 43
1e-07
 40
0
 40
0
 40
0
 40
0
 40
1
 40
1
 40
1
 40
1
 10
58.079155
 20
124.56016
 30
0
 10
57.459913
 20
124.30138
 30
0
 10
57.35297
 20
124.28088
 30
0
 10
56.439519
 20
124.24584
 30
0
  0
SPLINE
  5
5D8
100
AcDbEntity
  8
Shape2DView001
  6
ByLayer
 62
  256
370
   -1
100
AcDbSpline
210
0
220
0
230
0
 70
    8
 71
    3
 72
    8
 73
    4
 74
    0
 42
1e-07
 43
1e-07
 40
0
 40
0
 40
0
 40
0
 40
1
 40
1
 40
1
 40
1
 10
56.439519
 20
124.24584
 30
0
 10
55.631749
 20
124.21484
 30
0
 10
55.403687
 20
124.23074
 30
0
 10
55.124076
 20
124.33784
 30
0
  0
SPLINE
  5
5D9
100
AcDbEntity
  8
Shape2DView001
  6
ByLayer
 62
  256
370
   -1
100
AcDbSpline
210
0
220
0
230
0
 70
    8
 71
    3
 72
    8
 73
    4
 74
    0
 42
1e-07
 43
1e-07
 40
0
 40
0
 40
0
 40
0
 40
1
 40
1
 40
1
 40
1
 10
55.124076
 20
124.33784
 30
0
 10
54.020705
 20
124.76015
 30
0
 10
53.25993
 20
124.99737
 30
0
 10
53.147424
 20
124.95419
 30
0
  0
SPLINE
  5
5DA
100
AcDbEntity
  8
Shape2DView001
  6
ByLayer
 62
  256
370
   -1
100
AcDbSpline
210
0
220
0
230
0
 70
    8
 71
    3
 72
    8
 73
    4
 74
    0
 42
1e-07
 43
1e-07
 40
0
 40
0
 40
0
 40
0
 40
1
 40
1
 40
1
 40
1
 10
53.147424
 20
124.95419
 30
0
 10
53.052604
 20
124.91779
 30
0
 10
53.019368
 20
124.81575
 30
0
 10
53.019368
 20
124.561
 30
0
  0
SPLINE
  5
5DB
100
AcDbEntity
  8
Shape2DView001
  6
ByLayer
 62
  256
370
   -1
100
AcDbSpline
210
0
220
0
230
0
 70
    8
 71
    1
 72
    4
 73
    2
 74
    0
 42
1e-07
 43
1e-07
 40
0
 40
0
 40
0.34405
 40
0.34405
 10
53.019368
 20
124.561
 30
0
 10
53.019368
 20
124.21695
 30
0
  0
SPLINE
  5
5DC
100
AcDbEntity
  8
Shape2DView001
  6
ByLayer
 62
  256
370
   -1
100
AcDbSpline
210
0
220
0
230
0
 70
    8
 71
    1
 72
    4
 73
    2
 74
    0
 42
1e-07
 43
1e-07
 40
0
 40
0
 40
0.5078703999999999
 40
0.5078703999999999
 10
53.019368
 20
124.21695
 30
0
 10
52.511983
 20
124.23915
 30
0
  0
SPLINE
  5
5DD
100
AcDbEntity
  8
Shape2DView001
  6
ByLayer
 62
  256
370
   -1
100
AcDbSpline
210
0
220
0
230
0
 70
    8
 71
    1
 72
    4
 73
    2
 74
    0
 42
1e-07
 43
1e-07
 40
0
 40
0
 40
0.5078714
 40
0.5078714
 10
52.511983
 20
124.23915
 30
0
 10
52.004597
 20
124.26135
 30
0
  0
SPLINE
  5
5DE
100
AcDbEntity
  8
Shape2DView001
  6
ByLayer
 62
  256
370
   -1
100
AcDbSpline
210
0
220
0
230
0
 70
    8
 71
    1
 72
    4
 73
    2
 74
    0
 42
1e-07
 43
1e-07
 40
0
 40
0
 40
0.3564132
 40
0.3564132
 10
52.004597
 20
124.26135
 30
0
 10
51.981747
 20
124.61703
 30
0
  0
SPLINE
  5
5DF
100
AcDbEntity
  8
Shape2DView001
  6
ByLayer
 62
  256
370
   -1
100
AcDbSpline
210
0
220
0
230
0
 70
    8
 71
    3
 72
    8
 73
    4
 74
    0
 42
1e-07
 43
1e-07
 40
0
 40
0
 40
0
 40
0
 40
1
 40
1
 40
1
 40
1
 10
51.981747
 20
124.61703
 30
0
 10
51.946937
 20
125.15901
 30
0
 10
52.089864
 20
125.8179
 30
0
 10
52.27557
 20
125.97143
 30
0
  0
SPLINE
  5
5E0
100
AcDbEntity
  8
Shape2DView001
  6
ByLayer
 62
  256
370
   -1
100
AcDbSpline
210
0
220
0
230
0
 70
    8
 71
    3
 72
    8
 73
    4
 74
    0
 42
1e-07
 43
1e-07
 40
0
 40
0
 40
0
 40
0
 40
1
 40
1
 40
1
 40
1
 10
52.27557
 20
125.97143
 30
0
 10
52.486741
 20
126.14601
 30
0
 10
52.542683
 20
126.13843
 30
0
 10
52.758082
 20
125.90603
 30
0
  0
SPLINE
  5
5E1
100
AcDbEntity
  8
Shape2DView001
  6
ByLayer
 62
  256
370
   -1
100
AcDbSpline
210
0
220
0
230
0
 70
    8
 71
    3
 72
    8
 73
    4
 74
    0
 42
1e-07
 43
1e-07
 40
0
 40
0
 40
0
 40
0
 40
1
 40
1
 40
1
 40
1
 10
52.758082
 20
125.90603
 30
0
 10
52.935522
 20
125.71457
 30
0
 10
52.960976
 20
125.70996
 30
0
 10
53.668549
 20
125.7409
 30
0
  0
SPLINE
  5
5E2
100
AcDbEntity
  8
Shape2DView001
  6
ByLayer
 62
  256
370
   -1
100
AcDbSpline
210
0
220
0
230
0
 70
    8
 71
    1
 72
    4
 73
    2
 74
    0
 42
1e-07
 43
1e-07
 40
0
 40
0
 40
0.7286182999999999
 40
0.7286182999999999
 10
53.668549
 20
125.7409
 30
0
 10
54.396473
 20
125.7727
 30
0
  0
SPLINE
  5
5E3
100
AcDbEntity
  8
Shape2DView001
  6
ByLayer
 62
  256
370
   -1
100
AcDbSpline
210
0
220
0
230
0
 70
    8
 71
    1
 72
    4
 73
    2
 74
    0
 42
1e-07
 43
1e-07
 40
0
 40
0
 40
0.4841929
 40
0.4841929
 10
54.396473
 20
125.7727
 30
0
 10
54.721442
 20
126.13164
 30
0
  0
SPLINE
  5
5E4
100
AcDbEntity
  8
Shape2DView001
  6
ByLayer
 62
  256
370
   -1
100
AcDbSpline
210
0
220
0
230
0
 70
    8
 71
    3
 72
    8
 73
    4
 74
    0
 42
1e-07
 43
1e-07
 40
0
 40
0
 40
0
 40
0
 40
1
 40
1
 40
1
 40
1
 10
54.721442
 20
126.13164
 30
0
 10
54.908405
 20
126.33815
 30
0
 10
55.082331
 20
126.62374
 30
0
 10
55.131003
 20
126.80415
 30
0
  0
SPLINE
  5
5E5
100
AcDbEntity
  8
Shape2DView001
  6
ByLayer
 62
  256
370
   -1
100
AcDbSpline
210
0
220
0
230
0
 70
    8
 71
    3
 72
    8
 73
    4
 74
    0
 42
1e-07
 43
1e-07
 40
0
 40
0
 40
0
 40
0
 40
1
 40
1
 40
1
 40
1
 10
55.131003
 20
126.80415
 30
0
 10
55.177533
 20
126.97662
 30
0
 10
55.254201
 20
127.25303
 30
0
 10
55.301384
 20
127.4184
 30
0
  0
SPLINE
  5
5E6
100
AcDbEntity
  8
Shape2DView001
  6
ByLayer
 62
  256
370
   -1
100
AcDbSpline
210
0
220
0
230
0
 70
    8
 71
    1
 72
    4
 73
    2
 74
    0
 42
1e-07
 43
1e-07
 40
0
 40
0
 40
0.3126794
 40
0.3126794
 10
55.301384
 20
127.4184
 30
0
 10
55.387174
 20
127.71908
 30
0
  0
SPLINE
  5
5E7
100
AcDbEntity
  8
Shape2DView001
  6
ByLayer
 62
  256
370
   -1
100
AcDbSpline
210
0
220
0
230
0
 70
    8
 71
    1
 72
    4
 73
    2
 74
    0
 42
1e-07
 43
1e-07
 40
0
 40
0
 40
0.8723772
 40
0.8723772
 10
55.387174
 20
127.71908
 30
0
 10
56.259296
 20
127.74018
 30
0
  0
SPLINE
  5
5E8
100
AcDbEntity
  8
Shape2DView001
  6
ByLayer
 62
  256
370
   -1
100
AcDbSpline
210
0
220
0
230
0
 70
    8
 71
    3
 72
    8
 73
    4
 74
    0
 42
1e-07
 43
1e-07
 40
0
 40
0
 40
0
 40
0
 40
1
 40
1
 40
1
 40
1
 10
56.259296
 20
127.74018
 30
0
 10
56.899325
 20
127.75568
 30
0
 10
57.151646
 20
127.73618
 30
0
 10
57.207426
 20
127.66498
 30
0
  0
SPLINE
  5
5E9
100
AcDbEntity
  8
Shape2DView001
  6
ByLayer
 62
  256
370
   -1
100
AcDbSpline
210
0
220
0
230
0
 70
    8
 71
    1
 72
    4
 73
    2
 74
    0
 42
1e-07
 43
1e-07
 40
0
 40
0
 40
0.0001502
 40
0.0001502
 10
57.207426
 20
127.66498
 30
0
 10
57.207419
 20
127.66513
 30
0
  0
SPLINE
  5
5EA
100
AcDbEntity
  8
Shape2DView001
  6
ByLayer
 62
  256
370
   -1
100
AcDbSpline
210
0
220
0
230
0
 70
    8
 71
    3
 72
    8
 73
    4
 74
    0
 42
1e-07
 43
1e-07
 40
0
 40
0
 40
0
 40
0
 40
1
 40
1
 40
1
 40
1
 10
55.857634
 20
127.04009
 30
0
 10
55.721752
 20
126.95929
 30
0
 10
55.126292
 20
125.36465
 30
0
 10
55.124872
 20
125.0777
 30
0
  0
SPLINE
  5
5EB
100
AcDbEntity
  8
Shape2DView001
  6
ByLayer
 62
  256
370
   -1
100
AcDbSpline
210
0
220
0
230
0
 70
    8
 71
    3
 72
    8
 73
    4
 74
    0
 42
1e-07
 43
1e-07
 40
0
 40
0
 40
0
 40
0
 40
1
 40
1
 40
1
 40
1
 10
55.124872
 20
125.0777
 30
0
 10
55.123172
 20
124.72597
 30
0
 10
56.312035
 20
124.52635
 30
0
 10
57.060548
 20
124.7527
 30
0
  0
SPLINE
  5
5EC
100
AcDbEntity
  8
Shape2DView001
  6
ByLayer
 62
  256
370
   -1
100
AcDbSpline
210
0
220
0
230
0
 70
    8
 71
    3
 72
    8
 73
    4
 74
    0
 42
1e-07
 43
1e-07
 40
0
 40
0
 40
0
 40
0
 40
1
 40
1
 40
1
 40
1
 10
57.060548
 20
124.7527
 30
0
 10
57.577667
 20
124.90907
 30
0
 10
57.585264
 20
124.94982
 30
0
 10
57.266856
 20
125.85968
 30
0
  0
SPLINE
  5
5ED
100
AcDbEntity
  8
Shape2DView001
  6
ByLayer
 62
  256
370
   -1
100
AcDbSpline
210
0
220
0
230
0
 70
    8
 71
    3
 72
    8
 73
    4
 74
    0
 42
1e-07
 43
1e-07
 40
0
 40
0
 40
0
 40
0
 40
1
 40
1
 40
1
 40
1
 10
57.266856
 20
125.85968
 30
0
 10
57.111496
 20
126.30363
 30
0
 10
56.930888
 20
126.7594
 30
0
 10
56.865505
 20
126.8725
 30
0
  0
SPLINE
  5
5EE
100
AcDbEntity
  8
Shape2DView001
  6
ByLayer
 62
  256
370
   -1
100
AcDbSpline
210
0
220
0
230
0
 70
    8
 71
    3
 72
    8
 73
    4
 74
    0
 42
1e-07
 43
1e-07
 40
0
 40
0
 40
0
 40
0
 40
1
 40
1
 40
1
 40
1
 10
56.865505
 20
126.8725
 30
0
 10
56.676575
 20
127.19933
 30
0
 10
56.246025
 20
127.27092
 30
0
 10
55.857634
 20
127.04009
 30
0
  0
SPLINE
  5
5EF
100
AcDbEntity
  8
Shape2DView001
  6
ByLayer
 62
  256
370
   -1
100
AcDbSpline
210
0
220
0
230
0
 70
    8
 71
    3
 72
    8
 73
    4
 74
    0
 42
1e-07
 43
1e-07
 40
0
 40
0
 40
0
 40
0
 40
1
 40
1
 40
1
 40
1
 10
60.235947
 20
125.12284
 30
0
 10
60.278977
 20
124.81942
 30
0
 10
60.330307
 20
124.55505
 30
0
 10
60.350016
 20
124.53534
 30
0
  0
SPLINE
  5
5F0
100
AcDbEntity
  8
Shape2DView001
  6
ByLayer
 62
  256
370
   -1
100
AcDbSpline
210
0
220
0
230
0
 70
    8
 71
    3
 72
    8
 73
    4
 74
    0
 42
1e-07
 43
1e-07
 40
0
 40
0
 40
0
 40
0
 40
1
 40
1
 40
1
 40
1
 10
60.350016
 20
124.53534
 30
0
 10
60.418836
 20
124.46654
 30
0
 10
60.384336
 20
125.16591
 30
0
 10
60.304786
 20
125.45242
 30
0
  0
SPLINE
  5
5F1
100
AcDbEntity
  8
Shape2DView001
  6
ByLayer
 62
  256
370
   -1
100
AcDbSpline
210
0
220
0
230
0
 70
    8
 71
    3
 72
    8
 73
    4
 74
    0
 42
1e-07
 43
1e-07
 40
0
 40
0
 40
0
 40
0
 40
1
 40
1
 40
1
 40
1
 10
60.304786
 20
125.45242
 30
0
 10
60.181955
 20
125.89477
 30
0
 10
60.148911
 20
125.73655
 30
0
 10
60.235946
 20
125.12284
 30
0
  0
SPLINE
  5
5F2
100
AcDbEntity
  8
Shape2DView001
  6
ByLayer
 62
  256
370
   -1
100
AcDbSpline
210
0
220
0
230
0
 70
    8
 71
    1
 72
    4
 73
    2
 74
    0
 42
1e-07
 43
1e-07
 40
0
 40
0
 40
1e-06
 40
1e-06
 10
60.235946
 20
125.12284
 30
0
 10
60.235947
 20
125.12284
 30
0
  0
SPLINE
  5
5F3
100
AcDbEntity
  8
Shape2DView001
  6
ByLayer
 62
  256
370
   -1
100
AcDbSpline
210
0
220
0
230
0
 70
    8
 71
    1
 72
    4
 73
    2
 74
    0
 42
1e-07
 43
1e-07
 40
0
 40
0
 40
0.4134653
 40
0.4134653
 10
52.129527
 20
124.90041
 30
0
 10
52.134927
 20
124.48698
 30
0
  0
SPLINE
  5
5F4
100
AcDbEntity
  8
Shape2DView001
  6
ByLayer
 62
  256
370
   -1
100
AcDbSpline
210
0
220
0
230
0
 70
    8
 71
    1
 72
    4
 73
    2
 74
    0
 42
1e-07
 43
1e-07
 40
0
 40
0
 40
0.4184527
 40
0.4184527
 10
52.134927
 20
124.48698
 30
0
 10
52.199567
 20
124.90041
 30
0
  0
SPLINE
  5
5F5
100
AcDbEntity
  8
Shape2DView001
  6
ByLayer
 62
  256
370
   -1
100
AcDbSpline
210
0
220
0
230
0
 70
    8
 71
    3
 72
    8
 73
    4
 74
    0
 42
1e-07
 43
1e-07
 40
0
 40
0
 40
0
 40
0
 40
1
 40
1
 40
1
 40
1
 10
52.199567
 20
124.90041
 30
0
 10
52.235137
 20
125.12779
 30
0
 10
52.279547
 20
125.41531
 30
0
 10
52.298287
 20
125.53934
 30
0
  0
SPLINE
  5
5F6
100
AcDbEntity
  8
Shape2DView001
  6
ByLayer
 62
  256
370
   -1
100
AcDbSpline
210
0
220
0
230
0
 70
    8
 71
    1
 72
    4
 73
    2
 74
    0
 42
1e-07
 43
1e-07
 40
0
 40
0
 40
0.2280637
 40
0.2280637
 10
52.298287
 20
125.53934
 30
0
 10
52.332387
 20
125.76484
 30
0
  0
SPLINE
  5
5F7
100
AcDbEntity
  8
Shape2DView001
  6
ByLayer
 62
  256
370
   -1
100
AcDbSpline
210
0
220
0
230
0
 70
    8
 71
    1
 72
    4
 73
    2
 74
    0
 42
1e-07
 43
1e-07
 40
0
 40
0
 40
0.2483776
 40
0.2483776
 10
52.332387
 20
125.76484
 30
0
 10
52.228266
 20
125.53934
 30
0
  0
SPLINE
  5
5F8
100
AcDbEntity
  8
Shape2DView001
  6
ByLayer
 62
  256
370
   -1
100
AcDbSpline
210
0
220
0
230
0
 70
    8
 71
    3
 72
    8
 73
    4
 74
    0
 42
1e-07
 43
1e-07
 40
0
 40
0
 40
0
 40
0
 40
1
 40
1
 40
1
 40
1
 10
52.228266
 20
125.53934
 30
0
 10
52.170996
 20
125.41531
 30
0
 10
52.12657
 20
125.12779
 30
0
 10
52.129546
 20
124.90041
 30
0
  0
SPLINE
  5
5F9
100
AcDbEntity
  8
Shape2DView001
  6
ByLayer
 62
  256
370
   -1
100
AcDbSpline
210
0
220
0
230
0
 70
    8
 71
    1
 72
    4
 73
    2
 74
    0
 42
1e-07
 43
1e-07
 40
0
 40
0
 40
1.9e-05
 40
1.9e-05
 10
52.129546
 20
124.90041
 30
0
 10
52.129527
 20
124.90041
 30
0
  0
SPLINE
  5
5FA
100
AcDbEntity
  8
Shape2DView001
  6
ByLayer
 62
  256
370
   -1
100
AcDbSpline
210
0
220
0
230
0
 70
    8
 71
    3
 72
    8
 73
    4
 74
    0
 42
1e-07
 43
1e-07
 40
0
 40
0
 40
0
 40
0
 40
1
 40
1
 40
1
 40
1
 10
62.24626
 20
123.79828
 30
0
 10
62.29794
 20
123.77748
 30
0
 10
62.3397
 20
123.67017
 30
0
 10
62.33907
 20
123.55992
 30
0
  0
SPLINE
  5
5FB
100
AcDbEntity
  8
Shape2DView001
  6
ByLayer
 62
  256
370
   -1
100
AcDbSpline
210
0
220
0
230
0
 70
    8
 71
    3
 72
    8
 73
    4
 74
    0
 42
1e-07
 43
1e-07
 40
0
 40
0
 40
0
 40
0
 40
1
 40
1
 40
1
 40
1
 10
62.33907
 20
123.55992
 30
0
 10
62.33657
 20
123.12981
 30
0
 10
62.3645
 20
123.13569
 30
0
 10
60.219549
 20
123.11383
 30
0
  0
SPLINE
  5
5FC
100
AcDbEntity
  8
Shape2DView001
  6
ByLayer
 62
  256
370
   -1
100
AcDbSpline
210
0
220
0
230
0
 70
    8
 71
    3
 72
    8
 73
    4
 74
    0
 42
1e-07
 43
1e-07
 40
0
 40
0
 40
0
 40
0
 40
1
 40
1
 40
1
 40
1
 10
60.219549
 20
123.11383
 30
0
 10
58.098897
 20
123.09223
 30
0
 10
57.891458
 20
123.12283
 30
0
 10
57.84315
 20
123.45945
 30
0
  0
SPLINE
  5
5FD
100
AcDbEntity
  8
Shape2DView001
  6
ByLayer
 62
  256
370
   -1
100
AcDbSpline
210
0
220
0
230
0
 70
    8
 71
    3
 72
    8
 73
    4
 74
    0
 42
1e-07
 43
1e-07
 40
0
 40
0
 40
0
 40
0
 40
1
 40
1
 40
1
 40
1
 10
57.84315
 20
123.45945
 30
0
 10
57.78865
 20
123.83973
 30
0
 10
57.83995
 20
123.84852
 30
0
 10
60.075587
 20
123.84213
 30
0
  0
SPLINE
  5
5FE
100
AcDbEntity
  8
Shape2DView001
  6
ByLayer
 62
  256
370
   -1
100
AcDbSpline
210
0
220
0
230
0
 70
    8
 71
    3
 72
    8
 73
    4
 74
    0
 42
1e-07
 43
1e-07
 40
0
 40
0
 40
0
 40
0
 40
1
 40
1
 40
1
 40
1
 10
60.075587
 20
123.84213
 30
0
 10
61.217777
 20
123.83913
 30
0
 10
62.194582
 20
123.81913
 30
0
 10
62.24626
 20
123.79833
 30
0
  0
SPLINE
  5
5FF
100
AcDbEntity
  8
Shape2DView001
  6
ByLayer
 62
  256
370
   -1
100
AcDbSpline
210
0
220
0
230
0
 70
    8
 71
    1
 72
    4
 73
    2
 74
    0
 42
1e-07
 43
1e-07
 40
0
 40
0
 40
5e-05
 40
5e-05
 10
62.24626
 20
123.79833
 30
0
 10
62.24626
 20
123.79828
 30
0
  0
SPLINE
  5
600
100
AcDbEntity
  8
Shape2DView001
  6
ByLayer
 62
  256
370
   -1
100
AcDbSpline
210
0
220
0
230
0
 70
    8
 71
    3
 72
    8
 73
    4
 74
    0
 42
1e-07
 43
1e-07
 40
0
 40
0
 40
0
 40
0
 40
1
 40
1
 40
1
 40
1
 10
58.337573
 20
123.50981
 30
0
 10
58.362173
 20
123.41171
 30
0
 10
61.964378
 20
123.37631
 30
0
 10
61.964378
 20
123.47421
 30
0
  0
SPLINE
  5
601
100
AcDbEntity
  8
Shape2DView001
  6
ByLayer
 62
  256
370
   -1
100
AcDbSpline
210
0
220
0
230
0
 70
    8
 71
    3
 72
    8
 73
    4
 74
    0
 42
1e-07
 43
1e-07
 40
0
 40
0
 40
0
 40
0
 40
1
 40
1
 40
1
 40
1
 10
61.964378
 20
123.47421
 30
0
 10
61.964378
 20
123.51421
 30
0
 10
61.343227
 20
123.55441
 30
0
 10
60.517391
 20
123.56791
 30
0
  0
SPLINE
  5
602
100
AcDbEntity
  8
Shape2DView001
  6
ByLayer
 62
  256
370
   -1
100
AcDbSpline
210
0
220
0
230
0
 70
    8
 71
    3
 72
    8
 73
    4
 74
    0
 42
1e-07
 43
1e-07
 40
0
 40
0
 40
0
 40
0
 40
1
 40
1
 40
1
 40
1
 10
60.517391
 20
123.56791
 30
0
 10
58.509982
 20
123.60091
 30
0
 10
58.316032
 20
123.59571
 30
0
 10
58.337573
 20
123.50981
 30
0
  0
SPLINE
  5
603
100
AcDbEntity
  8
Shape2DView001
  6
ByLayer
 62
  256
370
   -1
100
AcDbSpline
210
0
220
0
230
0
 70
    8
 71
    3
 72
    8
 73
    4
 74
    0
 42
1e-07
 43
1e-07
 40
0
 40
0
 40
0
 40
0
 40
1
 40
1
 40
1
 40
1
 10
54.61669
 20
123.76687
 30
0
 10
54.759555
 20
123.68367
 30
0
 10
54.788258
 20
123.42651
 30
0
 10
54.67474
 20
123.24672
 30
0
  0
SPLINE
  5
604
100
AcDbEntity
  8
Shape2DView001
  6
ByLayer
 62
  256
370
   -1
100
AcDbSpline
210
0
220
0
230
0
 70
    8
 71
    3
 72
    8
 73
    4
 74
    0
 42
1e-07
 43
1e-07
 40
0
 40
0
 40
0
 40
0
 40
1
 40
1
 40
1
 40
1
 10
54.67474
 20
123.24672
 30
0
 10
54.564631
 20
123.07232
 30
0
 10
50.679207
 20
123.03636
 30
0
 10
50.418281
 20
123.20732
 30
0
  0
SPLINE
  5
605
100
AcDbEntity
  8
Shape2DView001
  6
ByLayer
 62
  256
370
   -1
100
AcDbSpline
210
0
220
0
230
0
 70
    8
 71
    3
 72
    8
 73
    4
 74
    0
 42
1e-07
 43
1e-07
 40
0
 40
0
 40
0
 40
0
 40
1
 40
1
 40
1
 40
1
 10
50.418281
 20
123.20732
 30
0
 10
50.211095
 20
123.34307
 30
0
 10
50.185451
 20
123.55913
 30
0
 10
50.356261
 20
123.72994
 30
0
  0
SPLINE
  5
606
100
AcDbEntity
  8
Shape2DView001
  6
ByLayer
 62
  256
370
   -1
100
AcDbSpline
210
0
220
0
230
0
 70
    8
 71
    3
 72
    8
 73
    4
 74
    0
 42
1e-07
 43
1e-07
 40
0
 40
0
 40
0
 40
0
 40
1
 40
1
 40
1
 40
1
 10
50.356261
 20
123.72994
 30
0
 10
50.457859
 20
123.83154
 30
0
 10
50.754859
 20
123.84774
 30
0
 10
52.47976
 20
123.84578
 30
0
  0
SPLINE
  5
607
100
AcDbEntity
  8
Shape2DView001
  6
ByLayer
 62
  256
370
   -1
100
AcDbSpline
210
0
220
0
230
0
 70
    8
 71
    3
 72
    8
 73
    4
 74
    0
 42
1e-07
 43
1e-07
 40
0
 40
0
 40
0
 40
0
 40
1
 40
1
 40
1
 40
1
 10
52.47976
 20
123.84578
 30
0
 10
53.701482
 20
123.84378
 30
0
 10
54.536543
 20
123.81358
 30
0
 10
54.616682
 20
123.76688
 30
0
  0
SPLINE
  5
608
100
AcDbEntity
  8
Shape2DView001
  6
ByLayer
 62
  256
370
   -1
100
AcDbSpline
210
0
220
0
230
0
 70
    8
 71
    1
 72
    4
 73
    2
 74
    0
 42
1e-07
 43
1e-07
 40
0
 40
0
 40
1.28e-05
 40
1.28e-05
 10
54.616682
 20
123.76688
 30
0
 10
54.61669
 20
123.76687
 30
0
  0
SPLINE
  5
609
100
AcDbEntity
  8
Shape2DView001
  6
ByLayer
 62
  256
370
   -1
100
AcDbSpline
210
0
220
0
230
0
 70
    8
 71
    3
 72
    8
 73
    4
 74
    0
 42
1e-07
 43
1e-07
 40
0
 40
0
 40
0
 40
0
 40
1
 40
1
 40
1
 40
1
 10
50.726739
 20
123.47222
 30
0
 10
50.755589
 20
123.42552
 30
0
 10
51.454142
 20
123.39702
 30
0
 10
52.572792
 20
123.39702
 30
0
  0
SPLINE
  5
60A
100
AcDbEntity
  8
Shape2DView001
  6
ByLayer
 62
  256
370
   -1
100
AcDbSpline
210
0
220
0
230
0
 70
    8
 71
    3
 72
    8
 73
    4
 74
    0
 42
1e-07
 43
1e-07
 40
0
 40
0
 40
0
 40
0
 40
1
 40
1
 40
1
 40
1
 10
52.572792
 20
123.39702
 30
0
 10
53.722414
 20
123.39702
 30
0
 10
54.372395
 20
123.42422
 30
0
 10
54.372395
 20
123.47222
 30
0
  0
SPLINE
  5
60B
100
AcDbEntity
  8
Shape2DView001
  6
ByLayer
 62
  256
370
   -1
100
AcDbSpline
210
0
220
0
230
0
 70
    8
 71
    3
 72
    8
 73
    4
 74
    0
 42
1e-07
 43
1e-07
 40
0
 40
0
 40
0
 40
0
 40
1
 40
1
 40
1
 40
1
 10
54.372395
 20
123.47222
 30
0
 10
54.372395
 20
123.52032
 30
0
 10
53.70693
 20
123.54742
 30
0
 10
52.526339
 20
123.54742
 30
0
  0
SPLINE
  5
60C
100
AcDbEntity
  8
Shape2DView001
  6
ByLayer
 62
  256
370
   -1
100
AcDbSpline
210
0
220
0
230
0
 70
    8
 71
    3
 72
    8
 73
    4
 74
    0
 42
1e-07
 43
1e-07
 40
0
 40
0
 40
0
 40
0
 40
1
 40
1
 40
1
 40
1
 10
52.526339
 20
123.54742
 30
0
 10
51.314774
 20
123.54742
 30
0
 10
50.696251
 20
123.52162
 30
0
 10
50.726739
 20
123.47222
 30
0
  0
SPLINE
  5
60D
100
AcDbEntity
  8
Shape2DView001
  6
ByLayer
 62
  256
370
   -1
100
AcDbSpline
210
0
220
0
230
0
 70
    8
 71
    3
 72
    8
 73
    4
 74
    0
 42
1e-07
 43
1e-07
 40
0
 40
0
 40
0
 40
0
 40
1
 40
1
 40
1
 40
1
 10
60.574182
 20
122.71987
 30
0
 10
60.695874
 20
122.52297
 30
0
 10
60.370718
 20
122.19436
 30
0
 10
60.054191
 20
122.19436
 30
0
  0
SPLINE
  5
60E
100
AcDbEntity
  8
Shape2DView001
  6
ByLayer
 62
  256
370
   -1
100
AcDbSpline
210
0
220
0
230
0
 70
    8
 71
    3
 72
    8
 73
    4
 74
    0
 42
1e-07
 43
1e-07
 40
0
 40
0
 40
0
 40
0
 40
1
 40
1
 40
1
 40
1
 10
60.054191
 20
122.19436
 30
0
 10
59.887535
 20
122.19436
 30
0
 10
59.558996
 20
122.49721
 30
0
 10
59.558996
 20
122.65083
 30
0
  0
SPLINE
  5
60F
100
AcDbEntity
  8
Shape2DView001
  6
ByLayer
 62
  256
370
   -1
100
AcDbSpline
210
0
220
0
230
0
 70
    8
 71
    3
 72
    8
 73
    4
 74
    0
 42
1e-07
 43
1e-07
 40
0
 40
0
 40
0
 40
0
 40
1
 40
1
 40
1
 40
1
 10
59.558996
 20
122.65083
 30
0
 10
59.558996
 20
122.7789
 30
0
 10
59.615186
 20
122.79571
 30
0
 10
60.043154
 20
122.79571
 30
0
  0
SPLINE
  5
610
100
AcDbEntity
  8
Shape2DView001
  6
ByLayer
 62
  256
370
   -1
100
AcDbSpline
210
0
220
0
230
0
 70
    8
 71
    3
 72
    8
 73
    4
 74
    0
 42
1e-07
 43
1e-07
 40
0
 40
0
 40
0
 40
0
 40
1
 40
1
 40
1
 40
1
 10
60.043154
 20
122.79571
 30
0
 10
60.309441
 20
122.79571
 30
0
 10
60.548403
 20
122.76161
 30
0
 10
60.574182
 20
122.71991
 30
0
  0
SPLINE
  5
611
100
AcDbEntity
  8
Shape2DView001
  6
ByLayer
 62
  256
370
   -1
100
AcDbSpline
210
0
220
0
230
0
 70
    8
 71
    1
 72
    4
 73
    2
 74
    0
 42
1e-07
 43
1e-07
 40
0
 40
0
 40
4e-05
 40
4e-05
 10
60.574182
 20
122.71991
 30
0
 10
60.574182
 20
122.71987
 30
0
  0
SPLINE
  5
612
100
AcDbEntity
  8
Shape2DView001
  6
ByLayer
 62
  256
370
   -1
100
AcDbSpline
210
0
220
0
230
0
 70
    8
 71
    3
 72
    8
 73
    4
 74
    0
 42
1e-07
 43
1e-07
 40
0
 40
0
 40
0
 40
0
 40
1
 40
1
 40
1
 40
1
 10
53.019368
 20
122.65847
 30
0
 10
53.019368
 20
122.46506
 30
0
 10
52.706936
 20
122.19435
 30
0
 10
52.483725
 20
122.19435
 30
0
  0
SPLINE
  5
613
100
AcDbEntity
  8
Shape2DView001
  6
ByLayer
 62
  256
370
   -1
100
AcDbSpline
210
0
220
0
230
0
 70
    8
 71
    3
 72
    8
 73
    4
 74
    0
 42
1e-07
 43
1e-07
 40
0
 40
0
 40
0
 40
0
 40
1
 40
1
 40
1
 40
1
 10
52.483725
 20
122.19435
 30
0
 10
52.254858
 20
122.19435
 30
0
 10
51.967012
 20
122.44723
 30
0
 10
51.967012
 20
122.64829
 30
0
  0
SPLINE
  5
614
100
AcDbEntity
  8
Shape2DView001
  6
ByLayer
 62
  256
370
   -1
100
AcDbSpline
210
0
220
0
230
0
 70
    8
 71
    3
 72
    8
 73
    4
 74
    0
 42
1e-07
 43
1e-07
 40
0
 40
0
 40
0
 40
0
 40
1
 40
1
 40
1
 40
1
 10
51.967012
 20
122.64829
 30
0
 10
51.967012
 20
122.78068
 30
0
 10
52.020602
 20
122.7957
 30
0
 10
52.493188
 20
122.7957
 30
0
  0
SPLINE
  5
615
100
AcDbEntity
  8
Shape2DView001
  6
ByLayer
 62
  256
370
   -1
100
AcDbSpline
210
0
220
0
230
0
 70
    8
 71
    3
 72
    8
 73
    4
 74
    0
 42
1e-07
 43
1e-07
 40
0
 40
0
 40
0
 40
0
 40
1
 40
1
 40
1
 40
1
 10
52.493188
 20
122.7957
 30
0
 10
52.952509
 20
122.7957
 30
0
 10
53.019368
 20
122.7783
 30
0
 10
53.019368
 20
122.65847
 30
0
  0
LINE
  5
616
100
AcDbEntity
  8
Sketch001
  6
ByLayer
 62
  256
370
   -1
100
AcDbLine
 10
12
 20
254.295628
 11
12
 21
233.023429
  0
LINE
  5
617
100
AcDbEntity
  8
Sketch001
  6
ByLayer
 62
  256
370
   -1
100
AcDbLine
 10
12.5
 20
254.795628452
 11
12
 21
254.295628
  0
LINE
  5
618
100
AcDbEntity
  8
Sketch001
  6
ByLayer
 62
  256
370
   -1
100
AcDbLine
 10
12.5
 20
254.795628452
 11
25.425
 21
254.795628452
  0
LINE
  5
619
100
AcDbEntity
  8
Sketch001
  6
ByLayer
 62
  256
370
   -1
100
AcDbLine
 10
25.425
 20
254.795628452
 11
25.925
 21
254.295628452
  0
LINE
  5
61A
100
AcDbEntity
  8
Sketch001
  6
ByLayer
 62
  256
370
   -1
100
AcDbLine
 10
25.925
 20
254.295628452
 11
25.925
 21
252.204288874
  0
ARC
  5
61B
100
AcDbEntity
  8
Sketch001
  6
ByLayer
 62
  256
370
   -1
100
AcDbCircle
 10
26.025166667
 20
252.030795118
 40
0.200333333
100
AcDbArc
 50
120
 51
-90
  0
ARC
  5
61C
100
AcDbEntity
  8
Sketch001
  6
ByLayer
 62
  256
370
   -1
100
AcDbCircle
 10
26.025166667
 20
252.030795118
 40
0.200333333
100
AcDbArc
 50
-90
 51
-30
  0
LINE
  5
61D
100
AcDbEntity
  8
Sketch001
  6
ByLayer
 62
  256
370
   -1
100
AcDbLine
 10
26.198660423
 20
251.930628452
 11
35.601339577
 21
251.930628452
  0
ARC
  5
61E
100
AcDbEntity
  8
Sketch001
  6
ByLayer
 62
  256
370
   -1
100
AcDbCircle
 10
35.774833333
 20
252.030795118
 40
0.200333333
100
AcDbArc
 50
-150
 51
-90
  0
ARC
  5
61F
100
AcDbEntity
  8
Sketch001
  6
ByLayer
 62
  256
370
   -1
100
AcDbCircle
 10
35.774833333
 20
252.030795118
 40
0.200333333
100
AcDbArc
 50
-90
 51
59.99999999999999
  0
LINE
  5
620
100
AcDbEntity
  8
Sketch001
  6
ByLayer
 62
  256
370
   -1
100
AcDbLine
 10
35.875
 20
254.295628452
 11
35.875
 21
252.204288874
  0
LINE
  5
621
100
AcDbEntity
  8
Sketch001
  6
ByLayer
 62
  256
370
   -1
100
AcDbLine
 10
36.375
 20
254.795628452
 11
35.875
 21
254.295628452
  0
LINE
  5
622
100
AcDbEntity
  8
Sketch001
  6
ByLayer
 62
  256
370
   -1
100
AcDbLine
 10
36.375
 20
254.795628452
 11
63.225
 21
254.795628452
  0
LINE
  5
623
100
AcDbEntity
  8
Sketch001
  6
ByLayer
 62
  256
370
   -1
100
AcDbLine
 10
63.725
 20
254.295628452
 11
63.225
 21
254.795628452
  0
LINE
  5
624
100
AcDbEntity
  8
Sketch001
  6
ByLayer
 62
  256
370
   -1
100
AcDbLine
 10
63.725
 20
254.295628452
 11
63.725
 21
252.204288874
  0
ARC
  5
625
100
AcDbEntity
  8
Sketch001
  6
ByLayer
 62
  256
370
   -1
100
AcDbCircle
 10
63.825166667
 20
252.030795118
 40
0.200333333
100
AcDbArc
 50
120
 51
-90
  0
ARC
  5
626
100
AcDbEntity
  8
Sketch001
  6
ByLayer
 62
  256
370
   -1
100
AcDbCircle
 10
63.825166667
 20
252.030795118
 40
0.200333333
100
AcDbArc
 50
-90
 51
-30
  0
LINE
  5
627
100
AcDbEntity
  8
Sketch001
  6
ByLayer
 62
  256
370
   -1
100
AcDbLine
 10
63.998660423
 20
251.930628452
 11
73.401339577
 21
251.930628452
  0
ARC
  5
628
100
AcDbEntity
  8
Sketch001
  6
ByLayer
 62
  256
370
   -1
100
AcDbCircle
 10
73.574833333
 20
252.030795118
 40
0.200333333
100
AcDbArc
 50
-150
 51
-90
  0
ARC
  5
629
100
AcDbEntity
  8
Sketch001
  6
ByLayer
 62
  256
370
   -1
100
AcDbCircle
 10
73.574833333
 20
252.030795118
 40
0.200333333
100
AcDbArc
 50
-90
 51
59.99999999999999
  0
LINE
  5
62A
100
AcDbEntity
  8
Sketch001
  6
ByLayer
 62
  256
370
   -1
100
AcDbLine
 10
73.675
 20
254.295628452
 11
73.675
 21
252.204288874
  0
LINE
  5
62B
100
AcDbEntity
  8
Sketch001
  6
ByLayer
 62
  256
370
   -1
100
AcDbLine
 10
74.175
 20
254.795628452
 11
73.675
 21
254.295628452
  0
LINE
  5
62C
100
AcDbEntity
  8
Sketch001
  6
ByLayer
 62
  256
370
   -1
100
AcDbLine
 10
74.175
 20
254.795628452
 11
87.09999999999999
 21
254.795628452
  0
LINE
  5
62D
100
AcDbEntity
  8
Sketch001
  6
ByLayer
 62
  256
370
   -1
100
AcDbLine
 10
87.59999999999999
 20
254.295628
 11
87.09999999999999
 21
254.795628452
  0
LINE
  5
62E
100
AcDbEntity
  8
Sketch001
  6
ByLayer
 62
  256
370
   -1
100
AcDbLine
 10
87.59999999999999
 20
233.009342
 11
87.59999999999999
 21
254.295628
  0
ARC
  5
62F
100
AcDbEntity
  8
Sketch001
  6
ByLayer
 62
  256
370
   -1
100
AcDbCircle
 10
84.835166667
 20
221.442690339
 40
0.200333333
100
AcDbArc
 50
120
 51
-30
  0
LINE
  5
630
100
AcDbEntity
  8
Sketch001
  6
ByLayer
 62
  256
370
   -1
100
AcDbLine
 10
85.00866042299999
 20
221.342523672
 11
87.09999999999999
 21
221.342523672
  0
LINE
  5
631
100
AcDbEntity
  8
Sketch001
  6
ByLayer
 62
  256
370
   -1
100
AcDbLine
 10
87.59999999999999
 20
220.842523672
 11
87.09999999999999
 21
221.342523672
  0
LINE
  5
632
100
AcDbEntity
  8
Sketch001
  6
ByLayer
 62
  256
370
   -1
100
AcDbLine
 10
87.59999999999999
 20
220.842523672
 11
87.59999999999999
 21
198.9
  0
LINE
  5
633
100
AcDbEntity
  8
Sketch001
  6
ByLayer
 62
  256
370
   -1
100
AcDbLine
 10
87.09999999999999
 20
198.4
 11
87.59999999999999
 21
198.9
  0
LINE
  5
634
100
AcDbEntity
  8
Sketch001
  6
ByLayer
 62
  256
370
   -1
100
AcDbLine
 10
87.09999999999999
 20
198.4
 11
84.8
 21
198.4
  0
LINE
  5
635
100
AcDbEntity
  8
Sketch001
  6
ByLayer
 62
  256
370
   -1
100
AcDbLine
 10
84.8
 20
198.4
 11
84.8
 21
197.5
  0
LINE
  5
636
100
AcDbEntity
  8
Sketch001
  6
ByLayer
 62
  256
370
   -1
100
AcDbLine
 10
84.3
 20
197
 11
84.8
 21
197.5
  0
LINE
  5
637
100
AcDbEntity
  8
Sketch001
  6
ByLayer
 62
  256
370
   -1
100
AcDbLine
 10
84.3
 20
197
 11
73.717355856
 21
197
  0
ELLIPSE
  5
638
100
AcDbEntity
  8
Sketch001
  6
ByLayer
 62
  256
370
   -1
100
AcDbEllipse
 10
73.577333333
 20
196.855065378
 30
0
 11
0
 21
0.207869392
 31
0
 40
0.939692621
 41
5.483927429
 42
5.759586532
  0
LINE
  5
639
100
AcDbEntity
  8
Sketch001
  6
ByLayer
 62
  256
370
   -1
100
AcDbLine
 10
73.675
 20
199.585216686
 11
73.675
 21
197.035085551
  0
ELLIPSE
  5
63A
100
AcDbEntity
  8
Sketch001
  6
ByLayer
 62
  256
370
   -1
100
AcDbEllipse
 10
73.577333333
 20
199.765236859
 30
0
 11
0
 21
0.207869392
 31
0
 40
0.939692621
 41
3.665191429
 42
4.71238898
  0
ELLIPSE
  5
63B
100
AcDbEntity
  8
Sketch001
  6
ByLayer
 62
  256
370
   -1
100
AcDbEllipse
 10
73.577333333
 20
199.765236859
 30
0
 11
0
 21
0.207869392
 31
0
 40
0.939692621
 41
4.71238898
 42
1.047197551
  0
LINE
  5
63C
100
AcDbEntity
  8
Sketch001
  6
ByLayer
 62
  256
370
   -1
100
AcDbLine
 10
73.408169704
 20
199.869171555
 11
63.991830296
 21
199.869171555
  0
ELLIPSE
  5
63D
100
AcDbEntity
  8
Sketch001
  6
ByLayer
 62
  256
370
   -1
100
AcDbEllipse
 10
63.822666667
 20
199.765236859
 30
0
 11
0
 21
0.207869392
 31
0
 40
0.939692621
 41
5.235987756
 42
1.570796327
  0
ELLIPSE
  5
63E
100
AcDbEntity
  8
Sketch001
  6
ByLayer
 62
  256
370
   -1
100
AcDbEllipse
 10
63.822666667
 20
199.765236859
 30
0
 11
0
 21
0.207869392
 31
0
 40
0.939692621
 41
1.570796327
 42
2.617993878
  0
LINE
  5
63F
100
AcDbEntity
  8
Sketch001
  6
ByLayer
 62
  256
370
   -1
100
AcDbLine
 10
63.725
 20
199.585216686
 11
63.725
 21
197.035085551
  0
ELLIPSE
  5
640
100
AcDbEntity
  8
Sketch001
  6
ByLayer
 62
  256
370
   -1
100
AcDbEllipse
 10
63.822666667
 20
196.855065378
 30
0
 11
0
 21
0.207869392
 31
0
 40
0.939692621
 41
0.523598776
 42
0.799257878
  0
LINE
  5
641
100
AcDbEntity
  8
Sketch001
  6
ByLayer
 62
  256
370
   -1
100
AcDbLine
 10
63.682644144
 20
197
 11
35.917355856
 21
197
  0
ELLIPSE
  5
642
100
AcDbEntity
  8
Sketch001
  6
ByLayer
 62
  256
370
   -1
100
AcDbEllipse
 10
35.777333333
 20
196.855065378
 30
0
 11
0
 21
0.207869392
 31
0
 40
0.939692621
 41
5.483927429
 42
5.759586532
  0
LINE
  5
643
100
AcDbEntity
  8
Sketch001
  6
ByLayer
 62
  256
370
   -1
100
AcDbLine
 10
35.875
 20
199.585216686
 11
35.875
 21
197.035085551
  0
ELLIPSE
  5
644
100
AcDbEntity
  8
Sketch001
  6
ByLayer
 62
  256
370
   -1
100
AcDbEllipse
 10
35.777333333
 20
199.765236859
 30
0
 11
0
 21
0.207869392
 31
0
 40
0.939692621
 41
3.665191429
 42
4.71238898
  0
ELLIPSE
  5
645
100
AcDbEntity
  8
Sketch001
  6
ByLayer
 62
  256
370
   -1
100
AcDbEllipse
 10
35.777333333
 20
199.765236859
 30
0
 11
0
 21
0.207869392
 31
0
 40
0.939692621
 41
4.71238898
 42
1.047197551
  0
LINE
  5
646
100
AcDbEntity
  8
Sketch001
  6
ByLayer
 62
  256
370
   -1
100
AcDbLine
 10
35.608169704
 20
199.869171555
 11
26.191830296
 21
199.869171555
  0
ELLIPSE
  5
647
100
AcDbEntity
  8
Sketch001
  6
ByLayer
 62
  256
370
   -1
100
AcDbEllipse
 10
26.022666667
 20
199.765236859
 30
0
 11
0
 21
0.207869392
 31
0
 40
0.939692621
 41
5.235987756
 42
1.570796327
  0
ELLIPSE
  5
648
100
AcDbEntity
  8
Sketch001
  6
ByLayer
 62
  256
370
   -1
100
AcDbEllipse
 10
26.022666667
 20
199.765236859
 30
0
 11
0
 21
0.207869392
 31
0
 40
0.939692621
 41
1.570796327
 42
2.617993878
  0
LINE
  5
649
100
AcDbEntity
  8
Sketch001
  6
ByLayer
 62
  256
370
   -1
100
AcDbLine
 10
25.925
 20
199.585216686
 11
25.925
 21
197.035085551
  0
ELLIPSE
  5
64A
100
AcDbEntity
  8
Sketch001
  6
ByLayer
 62
  256
370
   -1
100
AcDbEllipse
 10
26.022666667
 20
196.855065378
 30
0
 11
0
 21
0.207869392
 31
0
 40
0.939692621
 41
0.523598776
 42
0.799257878
  0
LINE
  5
64B
100
AcDbEntity
  8
Sketch001
  6
ByLayer
 62
  256
370
   -1
100
AcDbLine
 10
25.882644144
 20
197
 11
15.3
 21
197
  0
LINE
  5
64C
100
AcDbEntity
  8
Sketch001
  6
ByLayer
 62
  256
370
   -1
100
AcDbLine
 10
14.8
 20
197.5
 11
15.3
 21
197
  0
LINE
  5
64D
100
AcDbEntity
  8
Sketch001
  6
ByLayer
 62
  256
370
   -1
100
AcDbLine
 10
14.8
 20
197.5
 11
14.8
 21
198.4
  0
LINE
  5
64E
100
AcDbEntity
  8
Sketch001
  6
ByLayer
 62
  256
370
   -1
100
AcDbLine
 10
14.8
 20
198.4
 11
12.5
 21
198.4
  0
LINE
  5
64F
100
AcDbEntity
  8
Sketch001
  6
ByLayer
 62
  256
370
   -1
100
AcDbLine
 10
12.5
 20
198.4
 11
12
 21
198.9
  0
LINE
  5
650
100
AcDbEntity
  8
Sketch001
  6
ByLayer
 62
  256
370
   -1
100
AcDbLine
 10
12
 20
198.9
 11
12
 21
220.842523672
  0
LINE
  5
651
100
AcDbEntity
  8
Sketch001
  6
ByLayer
 62
  256
370
   -1
100
AcDbLine
 10
12.5
 20
221.342523672
 11
12
 21
220.842523672
  0
LINE
  5
652
100
AcDbEntity
  8
Sketch001
  6
ByLayer
 62
  256
370
   -1
100
AcDbLine
 10
12.5
 20
221.342523672
 11
14.591339577
 21
221.342523672
  0
ARC
  5
653
100
AcDbEntity
  8
Sketch001
  6
ByLayer
 62
  256
370
   -1
100
AcDbCircle
 10
14.764833333
 20
221.442690339
 40
0.200333333
100
AcDbArc
 50
-150
 51
0
  0
ARC
  5
654
100
AcDbEntity
  8
Sketch001
  6
ByLayer
 62
  256
370
   -1
100
AcDbCircle
 10
14.764833333
 20
221.442690339
 40
0.200333333
100
AcDbArc
 50
0
 51
59.99999999999999
  0
LINE
  5
655
100
AcDbEntity
  8
Sketch001
  6
ByLayer
 62
  256
370
   -1
100
AcDbLine
 10
14.865
 20
231.01886325
 11
14.865
 21
221.616184095
  0
ARC
  5
656
100
AcDbEntity
  8
Sketch001
  6
ByLayer
 62
  256
370
   -1
100
AcDbCircle
 10
14.764833333
 20
231.192357006
 40
0.200333333
100
AcDbArc
 50
-59.99999999999999
 51
0
  0
ARC
  5
657
100
AcDbEntity
  8
Sketch001
  6
ByLayer
 62
  256
370
   -1
100
AcDbCircle
 10
14.764833333
 20
231.192357006
 40
0.200333333
100
AcDbArc
 50
0
 51
150
  0
LINE
  5
658
100
AcDbEntity
  8
Sketch001
  6
ByLayer
 62
  256
370
   -1
100
AcDbLine
 10
12.5
 20
231.292523672
 11
14.591339577
 21
231.292523672
  0
LINE
  5
659
100
AcDbEntity
  8
Sketch001
  6
ByLayer
 62
  256
370
   -1
100
AcDbLine
 10
12
 20
231.792524
 11
12.5
 21
231.292523672
  0
LINE
  5
65A
100
AcDbEntity
  8
Sketch001
  6
ByLayer
 62
  256
370
   -1
100
AcDbLine
 10
12
 20
231.792524
 11
12
 21
232.026693
  0
LINE
  5
65B
100
AcDbEntity
  8
Sketch001
  6
ByLayer
 62
  256
370
   -1
100
AcDbLine
 10
87.59999999999999
 20
231.792524
 11
87.59999999999999
 21
232.02124
  0
LINE
  5
65C
100
AcDbEntity
  8
Sketch001
  6
ByLayer
 62
  256
370
   -1
100
AcDbLine
 10
87.09999999999999
 20
231.292523672
 11
87.59999999999999
 21
231.792524
  0
LINE
  5
65D
100
AcDbEntity
  8
Sketch001
  6
ByLayer
 62
  256
370
   -1
100
AcDbLine
 10
85.00866042299999
 20
231.292523672
 11
87.09999999999999
 21
231.292523672
  0
ARC
  5
65E
100
AcDbEntity
  8
Sketch001
  6
ByLayer
 62
  256
370
   -1
100
AcDbCircle
 10
84.835166667
 20
231.192357006
 40
0.200333333
100
AcDbArc
 50
30
 51
-120
  0
LINE
  5
65F
100
AcDbEntity
  8
Sketch001
  6
ByLayer
 62
  256
370
   -1
100
AcDbLine
 10
84.735
 20
231.01886325
 11
84.735
 21
221.61618
  0
LINE
  5
660
100
AcDbEntity
  8
Sketch001
  6
ByLayer
 62
  256
370
   -1
100
AcDbLine
 10
48.3
 20
212.511679051
 11
51.3
 21
212.511679051
  0
ARC
  5
661
100
AcDbEntity
  8
Sketch001
  6
ByLayer
 62
  256
370
   -1
100
AcDbCircle
 10
51.3
 20
210.511679051
 40
2
100
AcDbArc
 50
-90
 51
90
  0
LINE
  5
662
100
AcDbEntity
  8
Sketch001
  6
ByLayer
 62
  256
370
   -1
100
AcDbLine
 10
48.3
 20
208.511679051
 11
51.3
 21
208.511679051
  0
ARC
  5
663
100
AcDbEntity
  8
Sketch001
  6
ByLayer
 62
  256
370
   -1
100
AcDbCircle
 10
48.3
 20
210.511679051
 40
2
100
AcDbArc
 50
90
 51
-90
  0
LINE
  5
664
100
AcDbEntity
  8
Sketch002
  6
ByLayer
 62
  256
370
   -1
100
AcDbLine
 10
169.196136
 20
4.3
 11
108.5
 21
4.3
  0
ARC
  5
665
100
AcDbEntity
  8
Sketch002
  6
ByLayer
 62
  256
370
   -1
100
AcDbCircle
 10
108.5
 20
6.8
 40
2.5
100
AcDbArc
 50
-180
 51
-90
  0
LINE
  5
666
100
AcDbEntity
  8
Sketch002
  6
ByLayer
 62
  256
370
   -1
100
AcDbLine
 10
106
 20
6.8
 11
106
 21
52
  0
ARC
  5
667
100
AcDbEntity
  8
Sketch002
  6
ByLayer
 62
  256
370
   -1
100
AcDbCircle
 10
108.5
 20
52
 40
2.5
100
AcDbArc
 50
90
 51
180
  0
LINE
  5
668
100
AcDbEntity
  8
Sketch002
  6
ByLayer
 62
  256
370
   -1
100
AcDbLine
 10
108.5
 20
54.5
 11
137.047732908
 21
54.5
  0
ARC
  5
669
100
AcDbEntity
  8
Sketch002
  6
ByLayer
 62
  256
370
   -1
100
AcDbCircle
 10
137.047732908
 20
57
 40
2.5
100
AcDbArc
 50
-90
 51
-20
  0
LINE
  5
66A
100
AcDbEntity
  8
Sketch002
  6
ByLayer
 62
  256
370
   -1
100
AcDbLine
 10
139.39696446
 20
56.144949642
 11
153.107064327
 21
93.81313944599999
  0
ARC
  5
66B
100
AcDbEntity
  8
Sketch002
  6
ByLayer
 62
  256
370
   -1
100
AcDbCircle
 10
150.757832775
 20
94.66818980399999
 40
2.5
100
AcDbArc
 50
-20
 51
70
  0
LINE
  5
66C
100
AcDbEntity
  8
Sketch002
  6
ByLayer
 62
  256
370
   -1
100
AcDbLine
 10
151.612883133
 20
97.017421356
 11
142.644949642
 21
100.28148221
  0
ARC
  5
66D
100
AcDbEntity
  8
Sketch002
  6
ByLayer
 62
  256
370
   -1
100
AcDbCircle
 10
143.5
 20
102.630713762
 40
2.5
100
AcDbArc
 50
180
 51
-110
  0
LINE
  5
66E
100
AcDbEntity
  8
Sketch002
  6
ByLayer
 62
  256
370
   -1
100
AcDbLine
 10
141
 20
102.630713762
 11
141
 21
112
  0
ARC
  5
66F
100
AcDbEntity
  8
Sketch002
  6
ByLayer
 62
  256
370
   -1
100
AcDbCircle
 10
143.5
 20
112
 40
2.5
100
AcDbArc
 50
90
 51
180
  0
LINE
  5
670
100
AcDbEntity
  8
Sketch002
  6
ByLayer
 62
  256
370
   -1
100
AcDbLine
 10
143.5
 20
114.5
 11
167.875747313
 21
114.5
  0
LINE
  5
671
100
AcDbEntity
  8
Sketch002
  6
ByLayer
 62
  256
370
   -1
100
AcDbLine
 10
193.7
 20
4.3
 11
170.196136
 21
4.3
  0
ARC
  5
672
100
AcDbEntity
  8
Sketch002
  6
ByLayer
 62
  256
370
   -1
100
AcDbCircle
 10
193.7
 20
6.8
 40
2.5
100
AcDbArc
 50
-90
 51
0
  0
LINE
  5
673
100
AcDbEntity
  8
Sketch002
  6
ByLayer
 62
  256
370
   -1
100
AcDbLine
 10
196.2
 20
112
 11
196.2
 21
6.8
  0
ARC
  5
674
100
AcDbEntity
  8
Sketch002
  6
ByLayer
 62
  256
370
   -1
100
AcDbCircle
 10
193.7
 20
112
 40
2.5
100
AcDbArc
 50
0
 51
90
  0
LINE
  5
675
100
AcDbEntity
  8
Sketch002
  6
ByLayer
 62
  256
370
   -1
100
AcDbLine
 10
168.875747313
 20
114.5
 11
193.7
 21
114.5
  0
LINE
  5
676
100
AcDbEntity
  8
Sketch002
  6
ByLayer
 62
  256
370
   -1
100
AcDbLine
 10
169.196136
 20
9.300000000000001
 11
111.433012702
 21
9.300000000000001
  0
ARC
  5
677
100
AcDbEntity
  8
Sketch002
  6
ByLayer
 62
  256
370
   -1
100
AcDbCircle
 10
111.433012702
 20
9.050000000000001
 40
0.25
100
AcDbArc
 50
90
 51
150
  0
ARC
  5
678
100
AcDbEntity
  8
Sketch002
  6
ByLayer
 62
  256
370
   -1
100
AcDbCircle
 10
111
 20
9.300000000000001
 40
0.25
100
AcDbArc
 50
120
 51
-30
  0
ARC
  5
679
100
AcDbEntity
  8
Sketch002
  6
ByLayer
 62
  256
370
   -1
100
AcDbCircle
 10
110.75
 20
9.733012702
 40
0.25
100
AcDbArc
 50
-59.99999999999999
 51
-0
  0
LINE
  5
67A
100
AcDbEntity
  8
Sketch002
  6
ByLayer
 62
  256
370
   -1
100
AcDbLine
 10
111
 20
9.733012702
 11
111
 21
49.066987298
  0
ARC
  5
67B
100
AcDbEntity
  8
Sketch002
  6
ByLayer
 62
  256
370
   -1
100
AcDbCircle
 10
110.75
 20
49.066987298
 40
0.25
100
AcDbArc
 50
0
 51
59.99999999999999
  0
ARC
  5
67C
100
AcDbEntity
  8
Sketch002
  6
ByLayer
 62
  256
370
   -1
100
AcDbCircle
 10
111
 20
49.5
 40
0.25
100
AcDbArc
 50
30
 51
-120
  0
ARC
  5
67D
100
AcDbEntity
  8
Sketch002
  6
ByLayer
 62
  256
370
   -1
100
AcDbCircle
 10
111.433012702
 20
49.75
 40
0.25
100
AcDbArc
 50
-150
 51
-90
  0
LINE
  5
67E
100
AcDbEntity
  8
Sketch002
  6
ByLayer
 62
  256
370
   -1
100
AcDbLine
 10
111.433012702
 20
49.5
 11
141.599081906
 21
49.5
  0
ARC
  5
67F
100
AcDbEntity
  8
Sketch002
  6
ByLayer
 62
  256
370
   -1
100
AcDbCircle
 10
141.599081906
 20
50.5
 40
1
100
AcDbArc
 50
-90
 51
-20
  0
LINE
  5
680
100
AcDbEntity
  8
Sketch002
  6
ByLayer
 62
  256
370
   -1
100
AcDbLine
 10
142.538774527
 20
50.157979857
 11
159.92552667
 21
97.927688768
  0
ARC
  5
681
100
AcDbEntity
  8
Sketch002
  6
ByLayer
 62
  256
370
   -1
100
AcDbCircle
 10
158.985834049
 20
98.269708911
 40
1
100
AcDbArc
 50
-20
 51
70
  0
LINE
  5
682
100
AcDbEntity
  8
Sketch002
  6
ByLayer
 62
  256
370
   -1
100
AcDbLine
 10
159.327854193
 20
99.209401532
 11
146.406898841
 21
103.912244678
  0
ARC
  5
683
100
AcDbEntity
  8
Sketch002
  6
ByLayer
 62
  256
370
   -1
100
AcDbCircle
 10
146.321393805
 20
103.677321523
 40
0.25
100
AcDbArc
 50
70
 51
130
  0
ARC
  5
684
100
AcDbEntity
  8
Sketch002
  6
ByLayer
 62
  256
370
   -1
100
AcDbCircle
 10
146
 20
104.060343745
 40
0.25
100
AcDbArc
 50
120
 51
-50
  0
ARC
  5
685
100
AcDbEntity
  8
Sketch002
  6
ByLayer
 62
  256
370
   -1
100
AcDbCircle
 10
145.75
 20
104.493356447
 40
0.25
100
AcDbArc
 50
-59.99999999999999
 51
0
  0
LINE
  5
686
100
AcDbEntity
  8
Sketch002
  6
ByLayer
 62
  256
370
   -1
100
AcDbLine
 10
146
 20
104.493356447
 11
146
 21
109.066987298
  0
ARC
  5
687
100
AcDbEntity
  8
Sketch002
  6
ByLayer
 62
  256
370
   -1
100
AcDbCircle
 10
145.75
 20
109.066987298
 40
0.25
100
AcDbArc
 50
0
 51
59.99999999999999
  0
ARC
  5
688
100
AcDbEntity
  8
Sketch002
  6
ByLayer
 62
  256
370
   -1
100
AcDbCircle
 10
146
 20
109.5
 40
0.25
100
AcDbArc
 50
30
 51
-120
  0
ARC
  5
689
100
AcDbEntity
  8
Sketch002
  6
ByLayer
 62
  256
370
   -1
100
AcDbCircle
 10
146.433012702
 20
109.75
 40
0.25
100
AcDbArc
 50
-150
 51
-90
  0
LINE
  5
68A
100
AcDbEntity
  8
Sketch002
  6
ByLayer
 62
  256
370
   -1
100
AcDbLine
 10
146.433012702
 20
109.5
 11
167.875747313
 21
109.5
  0
LINE
  5
68B
100
AcDbEntity
  8
Sketch002
  6
ByLayer
 62
  256
370
   -1
100
AcDbLine
 10
168.875747313
 20
109.5
 11
190.766987298
 21
109.5
  0
ARC
  5
68C
100
AcDbEntity
  8
Sketch002
  6
ByLayer
 62
  256
370
   -1
100
AcDbCircle
 10
190.766987298
 20
109.75
 40
0.25
100
AcDbArc
 50
-90
 51
-30
  0
ARC
  5
68D
100
AcDbEntity
  8
Sketch002
  6
ByLayer
 62
  256
370
   -1
100
AcDbCircle
 10
191.2
 20
109.5
 40
0.25
100
AcDbArc
 50
-59.99999999999999
 51
150
  0
ARC
  5
68E
100
AcDbEntity
  8
Sketch002
  6
ByLayer
 62
  256
370
   -1
100
AcDbCircle
 10
191.45
 20
109.066987298
 40
0.25
100
AcDbArc
 50
120
 51
180
  0
LINE
  5
68F
100
AcDbEntity
  8
Sketch002
  6
ByLayer
 62
  256
370
   -1
100
AcDbLine
 10
191.2
 20
109.066987298
 11
191.2
 21
9.733012702
  0
ARC
  5
690
100
AcDbEntity
  8
Sketch002
  6
ByLayer
 62
  256
370
   -1
100
AcDbCircle
 10
191.45
 20
9.733012702
 40
0.25
100
AcDbArc
 50
180
 51
-120
  0
ARC
  5
691
100
AcDbEntity
  8
Sketch002
  6
ByLayer
 62
  256
370
   -1
100
AcDbCircle
 10
191.2
 20
9.300000000000001
 40
0.25
100
AcDbArc
 50
-150
 51
59.99999999999999
  0
ARC
  5
692
100
AcDbEntity
  8
Sketch002
  6
ByLayer
 62
  256
370
   -1
100
AcDbCircle
 10
190.766987298
 20
9.050000000000001
 40
0.25
100
AcDbArc
 50
30
 51
90
  0
LINE
  5
693
100
AcDbEntity
  8
Sketch002
  6
ByLayer
 62
  256
370
   -1
100
AcDbLine
 10
190.766987298
 20
9.300000000000001
 11
170.196136
 21
9.300000000000001
  0
LINE
  5
694
100
AcDbEntity
  8
Sketch002
  6
ByLayer
 62
  256
370
   -1
100
AcDbLine
 10
153.049859892
 20
79.036949552
 11
153.434373721
 21
79.21625129500001
  0
LINE
  5
695
100
AcDbEntity
  8
Sketch002
  6
ByLayer
 62
  256
370
   -1
100
AcDbLine
 10
155.42025746
 20
78.493448726
 11
153.434373721
 21
79.21625129500001
  0
ARC
  5
696
100
AcDbEntity
  8
Sketch002
  6
ByLayer
 62
  256
370
   -1
100
AcDbCircle
 10
155.595666749
 20
78.429604966
 40
0.186666667
100
AcDbArc
 50
160
 51
-110
  0
ARC
  5
697
100
AcDbEntity
  8
Sketch002
  6
ByLayer
 62
  256
370
   -1
100
AcDbCircle
 10
155.595666749
 20
78.429604966
 40
0.186666667
100
AcDbArc
 50
-110
 51
70
  0
LINE
  5
698
100
AcDbEntity
  8
Sketch002
  6
ByLayer
 62
  256
370
   -1
100
AcDbLine
 10
155.659510509
 20
78.605014255
 11
163.6
 21
100.42132983
  0
LINE
  5
699
100
AcDbEntity
  8
Sketch002
  6
ByLayer
 62
  256
370
   -1
100
AcDbLine
 10
163.6
 20
100.42132983
 11
148.6
 21
105.880883344
  0
LINE
  5
69A
100
AcDbEntity
  8
Sketch002
  6
ByLayer
 62
  256
370
   -1
100
AcDbLine
 10
148.6
 20
105.880883344
 11
148.6
 21
106.9
  0
LINE
  5
69B
100
AcDbEntity
  8
Sketch002
  6
ByLayer
 62
  256
370
   -1
100
AcDbLine
 10
148.6
 20
106.9
 11
163.338333333
 21
106.9
  0
ARC
  5
69C
100
AcDbEntity
  8
Sketch002
  6
ByLayer
 62
  256
370
   -1
100
AcDbCircle
 10
163.525
 20
106.9
 40
0.186666667
100
AcDbArc
 50
180
 51
0
  0
ARC
  5
69D
100
AcDbEntity
  8
Sketch002
  6
ByLayer
 62
  256
370
   -1
100
AcDbCircle
 10
163.525
 20
106.9
 40
0.186666667
100
AcDbArc
 50
0
 51
90
  0
LINE
  5
69E
100
AcDbEntity
  8
Sketch002
  6
ByLayer
 62
  256
370
   -1
100
AcDbLine
 10
163.525
 20
107.086666667
 11
163.525
 21
109.2
  0
LINE
  5
69F
100
AcDbEntity
  8
Sketch002
  6
ByLayer
 62
  256
370
   -1
100
AcDbLine
 10
163.525
 20
109.2
 11
163.825
 21
109.5
  0
LINE
  5
6A0
100
AcDbEntity
  8
Sketch002
  6
ByLayer
 62
  256
370
   -1
100
AcDbLine
 10
133.634914522
 20
49.5
 11
133.934914522
 21
49.2
  0
LINE
  5
6A1
100
AcDbEntity
  8
Sketch002
  6
ByLayer
 62
  256
370
   -1
100
AcDbLine
 10
133.934914522
 20
47.086666667
 11
133.934914522
 21
49.2
  0
ARC
  5
6A2
100
AcDbEntity
  8
Sketch002
  6
ByLayer
 62
  256
370
   -1
100
AcDbCircle
 10
133.934914522
 20
46.9
 40
0.186666667
100
AcDbArc
 50
90
 51
180
  0
ARC
  5
6A3
100
AcDbEntity
  8
Sketch002
  6
ByLayer
 62
  256
370
   -1
100
AcDbCircle
 10
133.934914522
 20
46.9
 40
0.186666667
100
AcDbArc
 50
180
 51
0
  0
LINE
  5
6A4
100
AcDbEntity
  8
Sketch002
  6
ByLayer
 62
  256
370
   -1
100
AcDbLine
 10
134.121581188
 20
46.9
 11
144.119829044
 21
46.9
  0
LINE
  5
6A5
100
AcDbEntity
  8
Sketch002
  6
ByLayer
 62
  256
370
   -1
100
AcDbLine
 10
144.119829044
 20
46.9
 11
152.060318534
 21
68.716315575
  0
ARC
  5
6A6
100
AcDbEntity
  8
Sketch002
  6
ByLayer
 62
  256
370
   -1
100
AcDbCircle
 10
152.124162294
 20
68.891724865
 40
0.186666667
100
AcDbArc
 50
-110
 51
70
  0
ARC
  5
6A7
100
AcDbEntity
  8
Sketch002
  6
ByLayer
 62
  256
370
   -1
100
AcDbCircle
 10
152.124162294
 20
68.891724865
 40
0.186666667
100
AcDbArc
 50
70
 51
160
  0
LINE
  5
6A8
100
AcDbEntity
  8
Sketch002
  6
ByLayer
 62
  256
370
   -1
100
AcDbLine
 10
151.948753005
 20
68.955568625
 11
149.962869267
 21
69.67837119399999
  0
LINE
  5
6A9
100
AcDbEntity
  8
Sketch002
  6
ByLayer
 62
  256
370
   -1
100
AcDbLine
 10
149.962869267
 20
69.67837119399999
 11
149.783567523
 21
70.06288502300001
  0
LINE
  5
6AA
100
AcDbEntity
  8
Sketch002
  6
ByLayer
 62
  256
370
   -1
100
AcDbLine
 10
173.375
 20
109.5
 11
173.675
 21
109.2
  0
LINE
  5
6AB
100
AcDbEntity
  8
Sketch002
  6
ByLayer
 62
  256
370
   -1
100
AcDbLine
 10
173.675
 20
107.086666667
 11
173.675
 21
109.2
  0
ARC
  5
6AC
100
AcDbEntity
  8
Sketch002
  6
ByLayer
 62
  256
370
   -1
100
AcDbCircle
 10
173.675
 20
106.9
 40
0.186666667
100
AcDbArc
 50
90
 51
180
  0
ARC
  5
6AD
100
AcDbEntity
  8
Sketch002
  6
ByLayer
 62
  256
370
   -1
100
AcDbCircle
 10
173.675
 20
106.9
 40
0.186666667
100
AcDbArc
 50
180
 51
0
  0
LINE
  5
6AE
100
AcDbEntity
  8
Sketch002
  6
ByLayer
 62
  256
370
   -1
100
AcDbLine
 10
173.861666667
 20
106.9
 11
188.1
 21
106.9
  0
LINE
  5
6AF
100
AcDbEntity
  8
Sketch002
  6
ByLayer
 62
  256
370
   -1
100
AcDbLine
 10
188.1
 20
106.9
 11
188.6
 21
106.4
  0
LINE
  5
6B0
100
AcDbEntity
  8
Sketch002
  6
ByLayer
 62
  256
370
   -1
100
AcDbLine
 10
188.6
 20
106.4
 11
188.6
 21
88.41166666700001
  0
ARC
  5
6B1
100
AcDbEntity
  8
Sketch002
  6
ByLayer
 62
  256
370
   -1
100
AcDbCircle
 10
188.6
 20
88.22499999999999
 40
0.186666667
100
AcDbArc
 50
90
 51
-90
  0
ARC
  5
6B2
100
AcDbEntity
  8
Sketch002
  6
ByLayer
 62
  256
370
   -1
100
AcDbCircle
 10
188.6
 20
88.22499999999999
 40
0.186666667
100
AcDbArc
 50
-90
 51
0
  0
LINE
  5
6B3
100
AcDbEntity
  8
Sketch002
  6
ByLayer
 62
  256
370
   -1
100
AcDbLine
 10
188.786666667
 20
88.22499999999999
 11
190.9
 21
88.22499999999999
  0
LINE
  5
6B4
100
AcDbEntity
  8
Sketch002
  6
ByLayer
 62
  256
370
   -1
100
AcDbLine
 10
190.9
 20
88.22499999999999
 11
191.2
 21
87.925
  0
LINE
  5
6B5
100
AcDbEntity
  8
Sketch002
  6
ByLayer
 62
  256
370
   -1
100
AcDbLine
 10
111
 20
34.175
 11
111.3
 21
34.475
  0
LINE
  5
6B6
100
AcDbEntity
  8
Sketch002
  6
ByLayer
 62
  256
370
   -1
100
AcDbLine
 10
113.413333333
 20
34.475
 11
111.3
 21
34.475
  0
ARC
  5
6B7
100
AcDbEntity
  8
Sketch002
  6
ByLayer
 62
  256
370
   -1
100
AcDbCircle
 10
113.6
 20
34.475
 40
0.186666667
100
AcDbArc
 50
180
 51
-90
  0
ARC
  5
6B8
100
AcDbEntity
  8
Sketch002
  6
ByLayer
 62
  256
370
   -1
100
AcDbCircle
 10
113.6
 20
34.475
 40
0.186666667
100
AcDbArc
 50
-90
 51
90
  0
LINE
  5
6B9
100
AcDbEntity
  8
Sketch002
  6
ByLayer
 62
  256
370
   -1
100
AcDbLine
 10
113.6
 20
34.661666667
 11
113.6
 21
46.4
  0
LINE
  5
6BA
100
AcDbEntity
  8
Sketch002
  6
ByLayer
 62
  256
370
   -1
100
AcDbLine
 10
113.6
 20
46.4
 11
114.1
 21
46.9
  0
LINE
  5
6BB
100
AcDbEntity
  8
Sketch002
  6
ByLayer
 62
  256
370
   -1
100
AcDbLine
 10
114.1
 20
46.9
 11
123.598247855
 21
46.9
  0
ARC
  5
6BC
100
AcDbEntity
  8
Sketch002
  6
ByLayer
 62
  256
370
   -1
100
AcDbCircle
 10
123.784914522
 20
46.9
 40
0.186666667
100
AcDbArc
 50
180
 51
0
  0
ARC
  5
6BD
100
AcDbEntity
  8
Sketch002
  6
ByLayer
 62
  256
370
   -1
100
AcDbCircle
 10
123.784914522
 20
46.9
 40
0.186666667
100
AcDbArc
 50
0
 51
90
  0
LINE
  5
6BE
100
AcDbEntity
  8
Sketch002
  6
ByLayer
 62
  256
370
   -1
100
AcDbLine
 10
123.784914522
 20
47.086666667
 11
123.784914522
 21
49.2
  0
LINE
  5
6BF
100
AcDbEntity
  8
Sketch002
  6
ByLayer
 62
  256
370
   -1
100
AcDbLine
 10
123.784914522
 20
49.2
 11
124.084914522
 21
49.5
  0
LINE
  5
6C0
100
AcDbEntity
  8
Sketch002
  6
ByLayer
 62
  256
370
   -1
100
AcDbLine
 10
191.2
 20
78.375
 11
190.9
 21
78.075
  0
LINE
  5
6C1
100
AcDbEntity
  8
Sketch002
  6
ByLayer
 62
  256
370
   -1
100
AcDbLine
 10
188.786666667
 20
78.075
 11
190.9
 21
78.075
  0
ARC
  5
6C2
100
AcDbEntity
  8
Sketch002
  6
ByLayer
 62
  256
370
   -1
100
AcDbCircle
 10
188.6
 20
78.075
 40
0.186666667
100
AcDbArc
 50
0
 51
90
  0
ARC
  5
6C3
100
AcDbEntity
  8
Sketch002
  6
ByLayer
 62
  256
370
   -1
100
AcDbCircle
 10
188.6
 20
78.075
 40
0.186666667
100
AcDbArc
 50
90
 51
-90
  0
LINE
  5
6C4
100
AcDbEntity
  8
Sketch002
  6
ByLayer
 62
  256
370
   -1
100
AcDbLine
 10
188.6
 20
77.88833333300001
 11
188.6
 21
40.911666667
  0
ARC
  5
6C5
100
AcDbEntity
  8
Sketch002
  6
ByLayer
 62
  256
370
   -1
100
AcDbCircle
 10
188.6
 20
40.725
 40
0.186666667
100
AcDbArc
 50
90
 51
-90
  0
ARC
  5
6C6
100
AcDbEntity
  8
Sketch002
  6
ByLayer
 62
  256
370
   -1
100
AcDbCircle
 10
188.6
 20
40.725
 40
0.186666667
100
AcDbArc
 50
-90
 51
0
  0
LINE
  5
6C7
100
AcDbEntity
  8
Sketch002
  6
ByLayer
 62
  256
370
   -1
100
AcDbLine
 10
188.786666667
 20
40.725
 11
190.9
 21
40.725
  0
LINE
  5
6C8
100
AcDbEntity
  8
Sketch002
  6
ByLayer
 62
  256
370
   -1
100
AcDbLine
 10
190.9
 20
40.725
 11
191.2
 21
40.425
  0
LINE
  5
6C9
100
AcDbEntity
  8
Sketch002
  6
ByLayer
 62
  256
370
   -1
100
AcDbLine
 10
127.575
 20
9.300000000000001
 11
127.275
 21
9.6
  0
LINE
  5
6CA
100
AcDbEntity
  8
Sketch002
  6
ByLayer
 62
  256
370
   -1
100
AcDbLine
 10
127.275
 20
11.713333333
 11
127.275
 21
9.6
  0
ARC
  5
6CB
100
AcDbEntity
  8
Sketch002
  6
ByLayer
 62
  256
370
   -1
100
AcDbCircle
 10
127.275
 20
11.9
 40
0.186666667
100
AcDbArc
 50
-90
 51
0
  0
ARC
  5
6CC
100
AcDbEntity
  8
Sketch002
  6
ByLayer
 62
  256
370
   -1
100
AcDbCircle
 10
127.275
 20
11.9
 40
0.186666667
100
AcDbArc
 50
0
 51
180
  0
LINE
  5
6CD
100
AcDbEntity
  8
Sketch002
  6
ByLayer
 62
  256
370
   -1
100
AcDbLine
 10
127.088333333
 20
11.9
 11
114.1
 21
11.9
  0
LINE
  5
6CE
100
AcDbEntity
  8
Sketch002
  6
ByLayer
 62
  256
370
   -1
100
AcDbLine
 10
114.1
 20
11.9
 11
113.6
 21
12.4
  0
LINE
  5
6CF
100
AcDbEntity
  8
Sketch002
  6
ByLayer
 62
  256
370
   -1
100
AcDbLine
 10
113.6
 20
12.4
 11
113.6
 21
24.138333333
  0
ARC
  5
6D0
100
AcDbEntity
  8
Sketch002
  6
ByLayer
 62
  256
370
   -1
100
AcDbCircle
 10
113.6
 20
24.325
 40
0.186666667
100
AcDbArc
 50
-90
 51
90
  0
ARC
  5
6D1
100
AcDbEntity
  8
Sketch002
  6
ByLayer
 62
  256
370
   -1
100
AcDbCircle
 10
113.6
 20
24.325
 40
0.186666667
100
AcDbArc
 50
90
 51
180
  0
LINE
  5
6D2
100
AcDbEntity
  8
Sketch002
  6
ByLayer
 62
  256
370
   -1
100
AcDbLine
 10
113.413333333
 20
24.325
 11
111.3
 21
24.325
  0
LINE
  5
6D3
100
AcDbEntity
  8
Sketch002
  6
ByLayer
 62
  256
370
   -1
100
AcDbLine
 10
111.3
 20
24.325
 11
111
 21
24.625
  0
LINE
  5
6D4
100
AcDbEntity
  8
Sketch002
  6
ByLayer
 62
  256
370
   -1
100
AcDbLine
 10
191.2
 20
30.875
 11
190.9
 21
30.575
  0
LINE
  5
6D5
100
AcDbEntity
  8
Sketch002
  6
ByLayer
 62
  256
370
   -1
100
AcDbLine
 10
188.786666667
 20
30.575
 11
190.9
 21
30.575
  0
ARC
  5
6D6
100
AcDbEntity
  8
Sketch002
  6
ByLayer
 62
  256
370
   -1
100
AcDbCircle
 10
188.6
 20
30.575
 40
0.186666667
100
AcDbArc
 50
0
 51
90
  0
ARC
  5
6D7
100
AcDbEntity
  8
Sketch002
  6
ByLayer
 62
  256
370
   -1
100
AcDbCircle
 10
188.6
 20
30.575
 40
0.186666667
100
AcDbArc
 50
90
 51
-90
  0
LINE
  5
6D8
100
AcDbEntity
  8
Sketch002
  6
ByLayer
 62
  256
370
   -1
100
AcDbLine
 10
188.6
 20
30.388333333
 11
188.6
 21
12.4
  0
LINE
  5
6D9
100
AcDbEntity
  8
Sketch002
  6
ByLayer
 62
  256
370
   -1
100
AcDbLine
 10
188.6
 20
12.4
 11
188.1
 21
11.9
  0
LINE
  5
6DA
100
AcDbEntity
  8
Sketch002
  6
ByLayer
 62
  256
370
   -1
100
AcDbLine
 10
188.1
 20
11.9
 11
175.111666667
 21
11.9
  0
ARC
  5
6DB
100
AcDbEntity
  8
Sketch002
  6
ByLayer
 62
  256
370
   -1
100
AcDbCircle
 10
174.925
 20
11.9
 40
0.186666667
100
AcDbArc
 50
-0
 51
-180
  0
ARC
  5
6DC
100
AcDbEntity
  8
Sketch002
  6
ByLayer
 62
  256
370
   -1
100
AcDbCircle
 10
174.925
 20
11.9
 40
0.186666667
100
AcDbArc
 50
-180
 51
-90
  0
LINE
  5
6DD
100
AcDbEntity
  8
Sketch002
  6
ByLayer
 62
  256
370
   -1
100
AcDbLine
 10
174.925
 20
11.713333333
 11
174.925
 21
9.6
  0
LINE
  5
6DE
100
AcDbEntity
  8
Sketch002
  6
ByLayer
 62
  256
370
   -1
100
AcDbLine
 10
174.925
 20
9.6
 11
174.625
 21
9.300000000000001
  0
LINE
  5
6DF
100
AcDbEntity
  8
Sketch002
  6
ByLayer
 62
  256
370
   -1
100
AcDbLine
 10
165.075
 20
9.300000000000001
 11
164.775
 21
9.6
  0
LINE
  5
6E0
100
AcDbEntity
  8
Sketch002
  6
ByLayer
 62
  256
370
   -1
100
AcDbLine
 10
164.775
 20
11.713333333
 11
164.775
 21
9.6
  0
ARC
  5
6E1
100
AcDbEntity
  8
Sketch002
  6
ByLayer
 62
  256
370
   -1
100
AcDbCircle
 10
164.775
 20
11.9
 40
0.186666667
100
AcDbArc
 50
-90
 51
-0
  0
ARC
  5
6E2
100
AcDbEntity
  8
Sketch002
  6
ByLayer
 62
  256
370
   -1
100
AcDbCircle
 10
164.775
 20
11.9
 40
0.186666667
100
AcDbArc
 50
-0
 51
-180
  0
LINE
  5
6E3
100
AcDbEntity
  8
Sketch002
  6
ByLayer
 62
  256
370
   -1
100
AcDbLine
 10
164.588333333
 20
11.9
 11
137.611666667
 21
11.9
  0
ARC
  5
6E4
100
AcDbEntity
  8
Sketch002
  6
ByLayer
 62
  256
370
   -1
100
AcDbCircle
 10
137.425
 20
11.9
 40
0.186666667
100
AcDbArc
 50
0
 51
180
  0
ARC
  5
6E5
100
AcDbEntity
  8
Sketch002
  6
ByLayer
 62
  256
370
   -1
100
AcDbCircle
 10
137.425
 20
11.9
 40
0.186666667
100
AcDbArc
 50
180
 51
-90
  0
LINE
  5
6E6
100
AcDbEntity
  8
Sketch002
  6
ByLayer
 62
  256
370
   -1
100
AcDbLine
 10
137.425
 20
11.713333333
 11
137.425
 21
9.6
  0
LINE
  5
6E7
100
AcDbEntity
  8
Sketch002
  6
ByLayer
 62
  256
370
   -1
100
AcDbLine
 10
137.425
 20
9.6
 11
137.125
 21
9.300000000000001
  0
LINE
  5
6E8
100
AcDbEntity
  8
Sketch002
  6
ByLayer
 62
  256
370
   -1
100
AcDbLine
 10
159.581799746
 20
62.547621783
 11
161.931031298
 21
61.692571425
  0
ARC
  5
6E9
100
AcDbEntity
  8
Sketch002
  6
ByLayer
 62
  256
370
   -1
100
AcDbCircle
 10
160.391940653
 20
57.463954632
 40
4.5
100
AcDbArc
 50
-20
 51
70
  0
LINE
  5
6EA
100
AcDbEntity
  8
Sketch002
  6
ByLayer
 62
  256
370
   -1
100
AcDbLine
 10
164.620557446
 20
55.924863987
 11
162.397426515
 21
49.816861951
  0
ARC
  5
6EB
100
AcDbEntity
  8
Sketch002
  6
ByLayer
 62
  256
370
   -1
100
AcDbCircle
 10
158.168809721
 20
51.355952596
 40
4.5
100
AcDbArc
 50
-110
 51
-20
  0
LINE
  5
6EC
100
AcDbEntity
  8
Sketch002
  6
ByLayer
 62
  256
370
   -1
100
AcDbLine
 10
156.629719076
 20
47.127335803
 11
154.280487524
 21
47.982386161
  0
ARC
  5
6ED
100
AcDbEntity
  8
Sketch002
  6
ByLayer
 62
  256
370
   -1
100
AcDbCircle
 10
155.819578169
 20
52.211002955
 40
4.5
100
AcDbArc
 50
160
 51
-110
  0
LINE
  5
6EE
100
AcDbEntity
  8
Sketch002
  6
ByLayer
 62
  256
370
   -1
100
AcDbLine
 10
151.590961376
 20
53.7500936
 11
153.814092307
 21
59.858095635
  0
ARC
  5
6EF
100
AcDbEntity
  8
Sketch002
  6
ByLayer
 62
  256
370
   -1
100
AcDbCircle
 10
158.042709101
 20
58.31900499
 40
4.5
100
AcDbArc
 50
70
 51
160
  0
LINE
  5
6F0
100
AcDbEntity
  8
Sketch002
  6
ByLayer
 62
  256
370
   -1
100
AcDbLine
 10
183.405507296
 20
81.189688074
 11
184.824443153
 21
80.673237657
  0
LINE
  5
6F1
100
AcDbEntity
  8
Sketch002
  6
ByLayer
 62
  256
370
   -1
100
AcDbLine
 10
184.824443153
 20
80.673237657
 11
180.720201433
 21
69.396926208
  0
LINE
  5
6F2
100
AcDbEntity
  8
Sketch002
  6
ByLayer
 62
  256
370
   -1
100
AcDbLine
 10
179.301265576
 20
69.91337662399999
 11
180.720201433
 21
69.396926208
  0
LINE
  5
6F3
100
AcDbEntity
  8
Sketch002
  6
ByLayer
 62
  256
370
   -1
100
AcDbLine
 10
183.405507296
 20
81.189688074
 11
179.301265576
 21
69.91337662399999
  0
LINE
  5
6F4
100
AcDbEntity
  8
Sketch002
  6
ByLayer
 62
  256
370
   -1
100
AcDbLine
 10
172.460862709
 20
51.119524209
 11
173.879798567
 21
50.603073792
  0
LINE
  5
6F5
100
AcDbEntity
  8
Sketch002
  6
ByLayer
 62
  256
370
   -1
100
AcDbLine
 10
173.879798567
 20
50.603073792
 11
169.775556847
 21
39.326762343
  0
LINE
  5
6F6
100
AcDbEntity
  8
Sketch002
  6
ByLayer
 62
  256
370
   -1
100
AcDbLine
 10
168.356620989
 20
39.843212759
 11
169.775556847
 21
39.326762343
  0
LINE
  5
6F7
100
AcDbEntity
  8
Sketch002
  6
ByLayer
 62
  256
370
   -1
100
AcDbLine
 10
172.460862709
 20
51.119524209
 11
168.356620989
 21
39.843212759
  0
LINE
  5
6F8
100
AcDbEntity
  8
Sketch002
  6
ByLayer
 62
  256
370
   -1
100
AcDbLine
 10
121.3
 20
42.01
 11
121.3
 21
40.5
  0
LINE
  5
6F9
100
AcDbEntity
  8
Sketch002
  6
ByLayer
 62
  256
370
   -1
100
AcDbLine
 10
121.3
 20
40.5
 11
133.3
 21
40.5
  0
LINE
  5
6FA
100
AcDbEntity
  8
Sketch002
  6
ByLayer
 62
  256
370
   -1
100
AcDbLine
 10
133.3
 20
42.01
 11
133.3
 21
40.5
  0
LINE
  5
6FB
100
AcDbEntity
  8
Sketch002
  6
ByLayer
 62
  256
370
   -1
100
AcDbLine
 10
121.3
 20
42.01
 11
133.3
 21
42.01
  0
ARC
  5
6FC
100
AcDbEntity
  8
Sketch002
  6
ByLayer
 62
  256
370
   -1
100
AcDbCircle
 10
169.101727813
 20
53.24670043
 40
2.5
100
AcDbArc
 50
-20
 51
160
  0
LINE
  5
6FD
100
AcDbEntity
  8
Sketch002
  6
ByLayer
 62
  256
370
   -1
100
AcDbLine
 10
166.752496261
 20
54.101750789
 11
165.350213673
 21
50.249011043
  0
ARC
  5
6FE
100
AcDbEntity
  8
Sketch002
  6
ByLayer
 62
  256
370
   -1
100
AcDbCircle
 10
167.699445225
 20
49.393960685
 40
2.5
100
AcDbArc
 50
160
 51
-20
  0
LINE
  5
6FF
100
AcDbEntity
  8
Sketch002
  6
ByLayer
 62
  256
370
   -1
100
AcDbLine
 10
171.450959365
 20
52.391650072
 11
170.048676777
 21
48.538910327
  0
LINE
  5
700
100
AcDbEntity
  8
Sketch003
  6
ByLayer
 62
  256
370
   -1
100
AcDbLine
 10
31.073168
 20
4.5
 11
92.2
 21
4.5
  0
ARC
  5
701
100
AcDbEntity
  8
Sketch003
  6
ByLayer
 62
  256
370
   -1
100
AcDbCircle
 10
92.2
 20
7
 40
2.5
100
AcDbArc
 50
-90
 51
0
  0
LINE
  5
702
100
AcDbEntity
  8
Sketch003
  6
ByLayer
 62
  256
370
   -1
100
AcDbLine
 10
94.7
 20
7
 11
94.7
 21
52.2
  0
ARC
  5
703
100
AcDbEntity
  8
Sketch003
  6
ByLayer
 62
  256
370
   -1
100
AcDbCircle
 10
92.2
 20
52.2
 40
2.5
100
AcDbArc
 50
0
 51
90
  0
LINE
  5
704
100
AcDbEntity
  8
Sketch003
  6
ByLayer
 62
  256
370
   -1
100
AcDbLine
 10
92.2
 20
54.7
 11
63.652267092
 21
54.7
  0
ARC
  5
705
100
AcDbEntity
  8
Sketch003
  6
ByLayer
 62
  256
370
   -1
100
AcDbCircle
 10
63.652267092
 20
57.2
 40
2.5
100
AcDbArc
 50
-160
 51
-90
  0
LINE
  5
706
100
AcDbEntity
  8
Sketch003
  6
ByLayer
 62
  256
370
   -1
100
AcDbLine
 10
61.30303554
 20
56.344949642
 11
47.592935673
 21
94.013139446
  0
ARC
  5
707
100
AcDbEntity
  8
Sketch003
  6
ByLayer
 62
  256
370
   -1
100
AcDbCircle
 10
49.942167225
 20
94.868189804
 40
2.5
100
AcDbArc
 50
110
 51
-160
  0
LINE
  5
708
100
AcDbEntity
  8
Sketch003
  6
ByLayer
 62
  256
370
   -1
100
AcDbLine
 10
49.087116867
 20
97.217421356
 11
58.055050358
 21
100.48148221
  0
ARC
  5
709
100
AcDbEntity
  8
Sketch003
  6
ByLayer
 62
  256
370
   -1
100
AcDbCircle
 10
57.2
 20
102.830713762
 40
2.5
100
AcDbArc
 50
-70
 51
0
  0
LINE
  5
70A
100
AcDbEntity
  8
Sketch003
  6
ByLayer
 62
  256
370
   -1
100
AcDbLine
 10
59.7
 20
102.830713762
 11
59.7
 21
112.2
  0
ARC
  5
70B
100
AcDbEntity
  8
Sketch003
  6
ByLayer
 62
  256
370
   -1
100
AcDbCircle
 10
57.2
 20
112.2
 40
2.5
100
AcDbArc
 50
0
 51
90
  0
LINE
  5
70C
100
AcDbEntity
  8
Sketch003
  6
ByLayer
 62
  256
370
   -1
100
AcDbLine
 10
57.2
 20
114.7
 11
32.407806544
 21
114.7
  0
LINE
  5
70D
100
AcDbEntity
  8
Sketch003
  6
ByLayer
 62
  256
370
   -1
100
AcDbLine
 10
31.407806544
 20
114.7
 11
7
 21
114.7
  0
ARC
  5
70E
100
AcDbEntity
  8
Sketch003
  6
ByLayer
 62
  256
370
   -1
100
AcDbCircle
 10
7
 20
112.2
 40
2.5
100
AcDbArc
 50
90
 51
180
  0
LINE
  5
70F
100
AcDbEntity
  8
Sketch003
  6
ByLayer
 62
  256
370
   -1
100
AcDbLine
 10
4.5
 20
112.2
 11
4.5
 21
7
  0
ARC
  5
710
100
AcDbEntity
  8
Sketch003
  6
ByLayer
 62
  256
370
   -1
100
AcDbCircle
 10
7
 20
7
 40
2.5
100
AcDbArc
 50
-180
 51
-90
  0
LINE
  5
711
100
AcDbEntity
  8
Sketch003
  6
ByLayer
 62
  256
370
   -1
100
AcDbLine
 10
7
 20
4.5
 11
30.073168
 21
4.5
  0
LINE
  5
712
100
AcDbEntity
  8
Sketch003
  6
ByLayer
 62
  256
370
   -1
100
AcDbLine
 10
54.266987298
 20
109.7
 11
32.407806544
 21
109.7
  0
ARC
  5
713
100
AcDbEntity
  8
Sketch003
  6
ByLayer
 62
  256
370
   -1
100
AcDbCircle
 10
54.266987298
 20
109.95
 40
0.25
100
AcDbArc
 50
-90
 51
-30
  0
ARC
  5
714
100
AcDbEntity
  8
Sketch003
  6
ByLayer
 62
  256
370
   -1
100
AcDbCircle
 10
54.7
 20
109.7
 40
0.25
100
AcDbArc
 50
-59.99999999999999
 51
150
  0
ARC
  5
715
100
AcDbEntity
  8
Sketch003
  6
ByLayer
 62
  256
370
   -1
100
AcDbCircle
 10
54.95
 20
109.266987298
 40
0.25
100
AcDbArc
 50
120
 51
180
  0
LINE
  5
716
100
AcDbEntity
  8
Sketch003
  6
ByLayer
 62
  256
370
   -1
100
AcDbLine
 10
54.7
 20
104.693356447
 11
54.7
 21
109.266987298
  0
ARC
  5
717
100
AcDbEntity
  8
Sketch003
  6
ByLayer
 62
  256
370
   -1
100
AcDbCircle
 10
54.95
 20
104.693356447
 40
0.25
100
AcDbArc
 50
180
 51
-120
  0
ARC
  5
718
100
AcDbEntity
  8
Sketch003
  6
ByLayer
 62
  256
370
   -1
100
AcDbCircle
 10
54.7
 20
104.260343745
 40
0.25
100
AcDbArc
 50
-130
 51
59.99999999999999
  0
ARC
  5
719
100
AcDbEntity
  8
Sketch003
  6
ByLayer
 62
  256
370
   -1
100
AcDbCircle
 10
54.378606195
 20
103.877321523
 40
0.25
100
AcDbArc
 50
50
 51
110
  0
LINE
  5
71A
100
AcDbEntity
  8
Sketch003
  6
ByLayer
 62
  256
370
   -1
100
AcDbLine
 10
41.372145807
 20
99.409401532
 11
54.293101159
 21
104.112244678
  0
ARC
  5
71B
100
AcDbEntity
  8
Sketch003
  6
ByLayer
 62
  256
370
   -1
100
AcDbCircle
 10
41.714165951
 20
98.469708911
 40
1
100
AcDbArc
 50
110
 51
-160
  0
LINE
  5
71C
100
AcDbEntity
  8
Sketch003
  6
ByLayer
 62
  256
370
   -1
100
AcDbLine
 10
58.161225473
 20
50.357979857
 11
40.77447333
 21
98.127688768
  0
ARC
  5
71D
100
AcDbEntity
  8
Sketch003
  6
ByLayer
 62
  256
370
   -1
100
AcDbCircle
 10
59.100918094
 20
50.7
 40
1
100
AcDbArc
 50
-160
 51
-90
  0
LINE
  5
71E
100
AcDbEntity
  8
Sketch003
  6
ByLayer
 62
  256
370
   -1
100
AcDbLine
 10
89.266987298
 20
49.7
 11
59.100918094
 21
49.7
  0
ARC
  5
71F
100
AcDbEntity
  8
Sketch003
  6
ByLayer
 62
  256
370
   -1
100
AcDbCircle
 10
89.266987298
 20
49.95
 40
0.25
100
AcDbArc
 50
-90
 51
-30
  0
ARC
  5
720
100
AcDbEntity
  8
Sketch003
  6
ByLayer
 62
  256
370
   -1
100
AcDbCircle
 10
89.7
 20
49.7
 40
0.25
100
AcDbArc
 50
-59.99999999999999
 51
150
  0
ARC
  5
721
100
AcDbEntity
  8
Sketch003
  6
ByLayer
 62
  256
370
   -1
100
AcDbCircle
 10
89.95
 20
49.266987298
 40
0.25
100
AcDbArc
 50
120
 51
180
  0
LINE
  5
722
100
AcDbEntity
  8
Sketch003
  6
ByLayer
 62
  256
370
   -1
100
AcDbLine
 10
89.7
 20
9.933012701999999
 11
89.7
 21
49.266987298
  0
ARC
  5
723
100
AcDbEntity
  8
Sketch003
  6
ByLayer
 62
  256
370
   -1
100
AcDbCircle
 10
89.95
 20
9.933012701999999
 40
0.25
100
AcDbArc
 50
180
 51
-120
  0
ARC
  5
724
100
AcDbEntity
  8
Sketch003
  6
ByLayer
 62
  256
370
   -1
100
AcDbCircle
 10
89.7
 20
9.5
 40
0.25
100
AcDbArc
 50
-150
 51
59.99999999999999
  0
ARC
  5
725
100
AcDbEntity
  8
Sketch003
  6
ByLayer
 62
  256
370
   -1
100
AcDbCircle
 10
89.266987298
 20
9.25
 40
0.25
100
AcDbArc
 50
30
 51
90
  0
LINE
  5
726
100
AcDbEntity
  8
Sketch003
  6
ByLayer
 62
  256
370
   -1
100
AcDbLine
 10
31.073168
 20
9.5
 11
89.266987298
 21
9.5
  0
LINE
  5
727
100
AcDbEntity
  8
Sketch003
  6
ByLayer
 62
  256
370
   -1
100
AcDbLine
 10
31.407806544
 20
109.7
 11
9.933012701999999
 21
109.7
  0
ARC
  5
728
100
AcDbEntity
  8
Sketch003
  6
ByLayer
 62
  256
370
   -1
100
AcDbCircle
 10
9.933012701999999
 20
109.95
 40
0.25
100
AcDbArc
 50
-150
 51
-90
  0
ARC
  5
729
100
AcDbEntity
  8
Sketch003
  6
ByLayer
 62
  256
370
   -1
100
AcDbCircle
 10
9.5
 20
109.7
 40
0.25
100
AcDbArc
 50
30
 51
-120
  0
ARC
  5
72A
100
AcDbEntity
  8
Sketch003
  6
ByLayer
 62
  256
370
   -1
100
AcDbCircle
 10
9.25
 20
109.266987298
 40
0.25
100
AcDbArc
 50
0
 51
59.99999999999999
  0
LINE
  5
72B
100
AcDbEntity
  8
Sketch003
  6
ByLayer
 62
  256
370
   -1
100
AcDbLine
 10
9.5
 20
109.266987298
 11
9.5
 21
9.933012701999999
  0
ARC
  5
72C
100
AcDbEntity
  8
Sketch003
  6
ByLayer
 62
  256
370
   -1
100
AcDbCircle
 10
9.25
 20
9.933012701999999
 40
0.25
100
AcDbArc
 50
-59.99999999999999
 51
0
  0
ARC
  5
72D
100
AcDbEntity
  8
Sketch003
  6
ByLayer
 62
  256
370
   -1
100
AcDbCircle
 10
9.5
 20
9.5
 40
0.25
100
AcDbArc
 50
120
 51
-30
  0
ARC
  5
72E
100
AcDbEntity
  8
Sketch003
  6
ByLayer
 62
  256
370
   -1
100
AcDbCircle
 10
9.933012701999999
 20
9.25
 40
0.25
100
AcDbArc
 50
90
 51
150
  0
LINE
  5
72F
100
AcDbEntity
  8
Sketch003
  6
ByLayer
 62
  256
370
   -1
100
AcDbLine
 10
9.933012701999999
 20
9.5
 11
30.073168
 21
9.5
  0
LINE
  5
730
100
AcDbEntity
  8
Sketch003
  6
ByLayer
 62
  256
370
   -1
100
AcDbLine
 10
47.670581711
 20
79.18078671000001
 11
47.165626279
 21
79.416251295
  0
LINE
  5
731
100
AcDbEntity
  8
Sketch003
  6
ByLayer
 62
  256
370
   -1
100
AcDbLine
 10
45.17974254
 20
78.693448726
 11
47.165626279
 21
79.416251295
  0
ARC
  5
732
100
AcDbEntity
  8
Sketch003
  6
ByLayer
 62
  256
370
   -1
100
AcDbCircle
 10
45.004333251
 20
78.629604966
 40
0.186666667
100
AcDbArc
 50
-70
 51
20
  0
ARC
  5
733
100
AcDbEntity
  8
Sketch003
  6
ByLayer
 62
  256
370
   -1
100
AcDbCircle
 10
45.004333251
 20
78.629604966
 40
0.186666667
100
AcDbArc
 50
110
 51
-70
  0
LINE
  5
734
100
AcDbEntity
  8
Sketch003
  6
ByLayer
 62
  256
370
   -1
100
AcDbLine
 10
44.940489491
 20
78.805014255
 11
37
 21
100.62132983
  0
LINE
  5
735
100
AcDbEntity
  8
Sketch003
  6
ByLayer
 62
  256
370
   -1
100
AcDbLine
 10
37
 20
100.62132983
 11
52
 21
106.080883344
  0
LINE
  5
736
100
AcDbEntity
  8
Sketch003
  6
ByLayer
 62
  256
370
   -1
100
AcDbLine
 10
52
 20
106.080883344
 11
52
 21
107.1
  0
LINE
  5
737
100
AcDbEntity
  8
Sketch003
  6
ByLayer
 62
  256
370
   -1
100
AcDbLine
 10
52
 20
107.1
 11
37.261666667
 21
107.1
  0
ARC
  5
738
100
AcDbEntity
  8
Sketch003
  6
ByLayer
 62
  256
370
   -1
100
AcDbCircle
 10
37.075
 20
107.1
 40
0.186666667
100
AcDbArc
 50
180
 51
0
  0
ARC
  5
739
100
AcDbEntity
  8
Sketch003
  6
ByLayer
 62
  256
370
   -1
100
AcDbCircle
 10
37.075
 20
107.1
 40
0.186666667
100
AcDbArc
 50
90
 51
180
  0
LINE
  5
73A
100
AcDbEntity
  8
Sketch003
  6
ByLayer
 62
  256
370
   -1
100
AcDbLine
 10
37.075
 20
107.286666667
 11
37.075
 21
109.4
  0
LINE
  5
73B
100
AcDbEntity
  8
Sketch003
  6
ByLayer
 62
  256
370
   -1
100
AcDbLine
 10
37.075
 20
109.4
 11
36.775
 21
109.7
  0
LINE
  5
73C
100
AcDbEntity
  8
Sketch003
  6
ByLayer
 62
  256
370
   -1
100
AcDbLine
 10
27.225
 20
109.7
 11
26.925
 21
109.4
  0
LINE
  5
73D
100
AcDbEntity
  8
Sketch003
  6
ByLayer
 62
  256
370
   -1
100
AcDbLine
 10
26.925
 20
107.286666667
 11
26.925
 21
109.4
  0
ARC
  5
73E
100
AcDbEntity
  8
Sketch003
  6
ByLayer
 62
  256
370
   -1
100
AcDbCircle
 10
26.925
 20
107.1
 40
0.186666667
100
AcDbArc
 50
0
 51
90
  0
ARC
  5
73F
100
AcDbEntity
  8
Sketch003
  6
ByLayer
 62
  256
370
   -1
100
AcDbCircle
 10
26.925
 20
107.1
 40
0.186666667
100
AcDbArc
 50
180
 51
0
  0
LINE
  5
740
100
AcDbEntity
  8
Sketch003
  6
ByLayer
 62
  256
370
   -1
100
AcDbLine
 10
26.738333333
 20
107.1
 11
12.5
 21
107.1
  0
LINE
  5
741
100
AcDbEntity
  8
Sketch003
  6
ByLayer
 62
  256
370
   -1
100
AcDbLine
 10
12.5
 20
107.1
 11
12
 21
106.6
  0
LINE
  5
742
100
AcDbEntity
  8
Sketch003
  6
ByLayer
 62
  256
370
   -1
100
AcDbLine
 10
12
 20
106.6
 11
12
 21
88.61166666699999
  0
ARC
  5
743
100
AcDbEntity
  8
Sketch003
  6
ByLayer
 62
  256
370
   -1
100
AcDbCircle
 10
12
 20
88.425
 40
0.186666667
100
AcDbArc
 50
-90
 51
90
  0
ARC
  5
744
100
AcDbEntity
  8
Sketch003
  6
ByLayer
 62
  256
370
   -1
100
AcDbCircle
 10
12
 20
88.425
 40
0.186666667
100
AcDbArc
 50
180
 51
-90
  0
LINE
  5
745
100
AcDbEntity
  8
Sketch003
  6
ByLayer
 62
  256
370
   -1
100
AcDbLine
 10
11.813333333
 20
88.425
 11
9.699999999999999
 21
88.425
  0
LINE
  5
746
100
AcDbEntity
  8
Sketch003
  6
ByLayer
 62
  256
370
   -1
100
AcDbLine
 10
9.699999999999999
 20
88.425
 11
9.5
 21
88.22499999999999
  0
LINE
  5
747
100
AcDbEntity
  8
Sketch003
  6
ByLayer
 62
  256
370
   -1
100
AcDbLine
 10
66.96508547800001
 20
49.7
 11
66.66508547799999
 21
49.4
  0
LINE
  5
748
100
AcDbEntity
  8
Sketch003
  6
ByLayer
 62
  256
370
   -1
100
AcDbLine
 10
66.66508547799999
 20
47.286666667
 11
66.66508547799999
 21
49.4
  0
ARC
  5
749
100
AcDbEntity
  8
Sketch003
  6
ByLayer
 62
  256
370
   -1
100
AcDbCircle
 10
66.66508547799999
 20
47.1
 40
0.186666667
100
AcDbArc
 50
0
 51
90
  0
ARC
  5
74A
100
AcDbEntity
  8
Sketch003
  6
ByLayer
 62
  256
370
   -1
100
AcDbCircle
 10
66.66508547799999
 20
47.1
 40
0.186666667
100
AcDbArc
 50
180
 51
0
  0
LINE
  5
74B
100
AcDbEntity
  8
Sketch003
  6
ByLayer
 62
  256
370
   -1
100
AcDbLine
 10
66.478418812
 20
47.1
 11
56.480170956
 21
47.1
  0
LINE
  5
74C
100
AcDbEntity
  8
Sketch003
  6
ByLayer
 62
  256
370
   -1
100
AcDbLine
 10
56.480170956
 20
47.1
 11
48.539681466
 21
68.916315575
  0
ARC
  5
74D
100
AcDbEntity
  8
Sketch003
  6
ByLayer
 62
  256
370
   -1
100
AcDbCircle
 10
48.475837706
 20
69.091724865
 40
0.186666667
100
AcDbArc
 50
110
 51
-70
  0
ARC
  5
74E
100
AcDbEntity
  8
Sketch003
  6
ByLayer
 62
  256
370
   -1
100
AcDbCircle
 10
48.475837706
 20
69.091724865
 40
0.186666667
100
AcDbArc
 50
20
 51
110
  0
LINE
  5
74F
100
AcDbEntity
  8
Sketch003
  6
ByLayer
 62
  256
370
   -1
100
AcDbLine
 10
48.651246995
 20
69.155568625
 11
50.637130733
 21
69.878371194
  0
LINE
  5
750
100
AcDbEntity
  8
Sketch003
  6
ByLayer
 62
  256
370
   -1
100
AcDbLine
 10
50.637130733
 20
69.878371194
 11
50.872595318
 21
70.383326626
  0
LINE
  5
751
100
AcDbEntity
  8
Sketch003
  6
ByLayer
 62
  256
370
   -1
100
AcDbLine
 10
9.5
 20
78.47499999999999
 11
9.699999999999999
 21
78.27500000000001
  0
LINE
  5
752
100
AcDbEntity
  8
Sketch003
  6
ByLayer
 62
  256
370
   -1
100
AcDbLine
 10
11.813333333
 20
78.27500000000001
 11
9.699999999999999
 21
78.27500000000001
  0
ARC
  5
753
100
AcDbEntity
  8
Sketch003
  6
ByLayer
 62
  256
370
   -1
100
AcDbCircle
 10
12
 20
78.27500000000001
 40
0.186666667
100
AcDbArc
 50
90
 51
180
  0
ARC
  5
754
100
AcDbEntity
  8
Sketch003
  6
ByLayer
 62
  256
370
   -1
100
AcDbCircle
 10
12
 20
78.27500000000001
 40
0.186666667
100
AcDbArc
 50
-90
 51
90
  0
LINE
  5
755
100
AcDbEntity
  8
Sketch003
  6
ByLayer
 62
  256
370
   -1
100
AcDbLine
 10
12
 20
78.08833333299999
 11
12
 21
41.111666667
  0
ARC
  5
756
100
AcDbEntity
  8
Sketch003
  6
ByLayer
 62
  256
370
   -1
100
AcDbCircle
 10
12
 20
40.925
 40
0.186666667
100
AcDbArc
 50
-90
 51
90
  0
ARC
  5
757
100
AcDbEntity
  8
Sketch003
  6
ByLayer
 62
  256
370
   -1
100
AcDbCircle
 10
12
 20
40.925
 40
0.186666667
100
AcDbArc
 50
180
 51
-90
  0
LINE
  5
758
100
AcDbEntity
  8
Sketch003
  6
ByLayer
 62
  256
370
   -1
100
AcDbLine
 10
11.813333333
 20
40.925
 11
9.699999999999999
 21
40.925
  0
LINE
  5
759
100
AcDbEntity
  8
Sketch003
  6
ByLayer
 62
  256
370
   -1
100
AcDbLine
 10
9.699999999999999
 20
40.925
 11
9.5
 21
40.725
  0
LINE
  5
75A
100
AcDbEntity
  8
Sketch003
  6
ByLayer
 62
  256
370
   -1
100
AcDbLine
 10
89.7
 20
34.275
 11
89.3
 21
34.675
  0
LINE
  5
75B
100
AcDbEntity
  8
Sketch003
  6
ByLayer
 62
  256
370
   -1
100
AcDbLine
 10
87.186666667
 20
34.675
 11
89.3
 21
34.675
  0
ARC
  5
75C
100
AcDbEntity
  8
Sketch003
  6
ByLayer
 62
  256
370
   -1
100
AcDbCircle
 10
87
 20
34.675
 40
0.186666667
100
AcDbArc
 50
-90
 51
0
  0
ARC
  5
75D
100
AcDbEntity
  8
Sketch003
  6
ByLayer
 62
  256
370
   -1
100
AcDbCircle
 10
87
 20
34.675
 40
0.186666667
100
AcDbArc
 50
90
 51
-90
  0
LINE
  5
75E
100
AcDbEntity
  8
Sketch003
  6
ByLayer
 62
  256
370
   -1
100
AcDbLine
 10
87
 20
34.861666667
 11
87
 21
46.6
  0
LINE
  5
75F
100
AcDbEntity
  8
Sketch003
  6
ByLayer
 62
  256
370
   -1
100
AcDbLine
 10
87
 20
46.6
 11
86.5
 21
47.1
  0
LINE
  5
760
100
AcDbEntity
  8
Sketch003
  6
ByLayer
 62
  256
370
   -1
100
AcDbLine
 10
86.5
 20
47.1
 11
77.001752145
 21
47.1
  0
ARC
  5
761
100
AcDbEntity
  8
Sketch003
  6
ByLayer
 62
  256
370
   -1
100
AcDbCircle
 10
76.815085478
 20
47.1
 40
0.186666667
100
AcDbArc
 50
180
 51
0
  0
ARC
  5
762
100
AcDbEntity
  8
Sketch003
  6
ByLayer
 62
  256
370
   -1
100
AcDbCircle
 10
76.815085478
 20
47.1
 40
0.186666667
100
AcDbArc
 50
90
 51
180
  0
LINE
  5
763
100
AcDbEntity
  8
Sketch003
  6
ByLayer
 62
  256
370
   -1
100
AcDbLine
 10
76.815085478
 20
47.286666667
 11
76.815085478
 21
49.4
  0
LINE
  5
764
100
AcDbEntity
  8
Sketch003
  6
ByLayer
 62
  256
370
   -1
100
AcDbLine
 10
76.815085478
 20
49.4
 11
76.515085478
 21
49.7
  0
LINE
  5
765
100
AcDbEntity
  8
Sketch003
  6
ByLayer
 62
  256
370
   -1
100
AcDbLine
 10
9.5
 20
30.975
 11
9.699999999999999
 21
30.775
  0
LINE
  5
766
100
AcDbEntity
  8
Sketch003
  6
ByLayer
 62
  256
370
   -1
100
AcDbLine
 10
11.813333333
 20
30.775
 11
9.699999999999999
 21
30.775
  0
ARC
  5
767
100
AcDbEntity
  8
Sketch003
  6
ByLayer
 62
  256
370
   -1
100
AcDbCircle
 10
12
 20
30.775
 40
0.186666667
100
AcDbArc
 50
90
 51
180
  0
ARC
  5
768
100
AcDbEntity
  8
Sketch003
  6
ByLayer
 62
  256
370
   -1
100
AcDbCircle
 10
12
 20
30.775
 40
0.186666667
100
AcDbArc
 50
-90
 51
90
  0
LINE
  5
769
100
AcDbEntity
  8
Sketch003
  6
ByLayer
 62
  256
370
   -1
100
AcDbLine
 10
12
 20
30.588333333
 11
12
 21
12.6
  0
LINE
  5
76A
100
AcDbEntity
  8
Sketch003
  6
ByLayer
 62
  256
370
   -1
100
AcDbLine
 10
12
 20
12.6
 11
12.5
 21
12.1
  0
LINE
  5
76B
100
AcDbEntity
  8
Sketch003
  6
ByLayer
 62
  256
370
   -1
100
AcDbLine
 10
12.5
 20
12.1
 11
25.488333333
 21
12.1
  0
ARC
  5
76C
100
AcDbEntity
  8
Sketch003
  6
ByLayer
 62
  256
370
   -1
100
AcDbCircle
 10
25.675
 20
12.1
 40
0.186666667
100
AcDbArc
 50
-0
 51
-180
  0
ARC
  5
76D
100
AcDbEntity
  8
Sketch003
  6
ByLayer
 62
  256
370
   -1
100
AcDbCircle
 10
25.675
 20
12.1
 40
0.186666667
100
AcDbArc
 50
-90
 51
-0
  0
LINE
  5
76E
100
AcDbEntity
  8
Sketch003
  6
ByLayer
 62
  256
370
   -1
100
AcDbLine
 10
25.675
 20
11.913333333
 11
25.675
 21
9.800000000000001
  0
LINE
  5
76F
100
AcDbEntity
  8
Sketch003
  6
ByLayer
 62
  256
370
   -1
100
AcDbLine
 10
25.675
 20
9.800000000000001
 11
25.975
 21
9.5
  0
LINE
  5
770
100
AcDbEntity
  8
Sketch003
  6
ByLayer
 62
  256
370
   -1
100
AcDbLine
 10
73.02500000000001
 20
9.5
 11
73.325
 21
9.800000000000001
  0
LINE
  5
771
100
AcDbEntity
  8
Sketch003
  6
ByLayer
 62
  256
370
   -1
100
AcDbLine
 10
73.325
 20
11.913333333
 11
73.325
 21
9.800000000000001
  0
ARC
  5
772
100
AcDbEntity
  8
Sketch003
  6
ByLayer
 62
  256
370
   -1
100
AcDbCircle
 10
73.325
 20
12.1
 40
0.186666667
100
AcDbArc
 50
180
 51
-90
  0
ARC
  5
773
100
AcDbEntity
  8
Sketch003
  6
ByLayer
 62
  256
370
   -1
100
AcDbCircle
 10
73.325
 20
12.1
 40
0.186666667
100
AcDbArc
 50
0
 51
180
  0
LINE
  5
774
100
AcDbEntity
  8
Sketch003
  6
ByLayer
 62
  256
370
   -1
100
AcDbLine
 10
73.511666667
 20
12.1
 11
86.5
 21
12.1
  0
LINE
  5
775
100
AcDbEntity
  8
Sketch003
  6
ByLayer
 62
  256
370
   -1
100
AcDbLine
 10
86.5
 20
12.1
 11
87
 21
12.6
  0
LINE
  5
776
100
AcDbEntity
  8
Sketch003
  6
ByLayer
 62
  256
370
   -1
100
AcDbLine
 10
87
 20
12.6
 11
87
 21
24.338333333
  0
ARC
  5
777
100
AcDbEntity
  8
Sketch003
  6
ByLayer
 62
  256
370
   -1
100
AcDbCircle
 10
87
 20
24.525
 40
0.186666667
100
AcDbArc
 50
90
 51
-90
  0
ARC
  5
778
100
AcDbEntity
  8
Sketch003
  6
ByLayer
 62
  256
370
   -1
100
AcDbCircle
 10
87
 20
24.525
 40
0.186666667
100
AcDbArc
 50
0
 51
90
  0
LINE
  5
779
100
AcDbEntity
  8
Sketch003
  6
ByLayer
 62
  256
370
   -1
100
AcDbLine
 10
87.186666667
 20
24.525
 11
89.3
 21
24.525
  0
LINE
  5
77A
100
AcDbEntity
  8
Sketch003
  6
ByLayer
 62
  256
370
   -1
100
AcDbLine
 10
89.3
 20
24.525
 11
89.7
 21
24.925
  0
LINE
  5
77B
100
AcDbEntity
  8
Sketch003
  6
ByLayer
 62
  256
370
   -1
100
AcDbLine
 10
35.525
 20
9.5
 11
35.825
 21
9.800000000000001
  0
LINE
  5
77C
100
AcDbEntity
  8
Sketch003
  6
ByLayer
 62
  256
370
   -1
100
AcDbLine
 10
35.825
 20
11.913333333
 11
35.825
 21
9.800000000000001
  0
ARC
  5
77D
100
AcDbEntity
  8
Sketch003
  6
ByLayer
 62
  256
370
   -1
100
AcDbCircle
 10
35.825
 20
12.1
 40
0.186666667
100
AcDbArc
 50
-180
 51
-90
  0
ARC
  5
77E
100
AcDbEntity
  8
Sketch003
  6
ByLayer
 62
  256
370
   -1
100
AcDbCircle
 10
35.825
 20
12.1
 40
0.186666667
100
AcDbArc
 50
-0
 51
-180
  0
LINE
  5
77F
100
AcDbEntity
  8
Sketch003
  6
ByLayer
 62
  256
370
   -1
100
AcDbLine
 10
36.011666667
 20
12.1
 11
62.988333333
 21
12.1
  0
ARC
  5
780
100
AcDbEntity
  8
Sketch003
  6
ByLayer
 62
  256
370
   -1
100
AcDbCircle
 10
63.175
 20
12.1
 40
0.186666667
100
AcDbArc
 50
0
 51
180
  0
ARC
  5
781
100
AcDbEntity
  8
Sketch003
  6
ByLayer
 62
  256
370
   -1
100
AcDbCircle
 10
63.175
 20
12.1
 40
0.186666667
100
AcDbArc
 50
-90
 51
0
  0
LINE
  5
782
100
AcDbEntity
  8
Sketch003
  6
ByLayer
 62
  256
370
   -1
100
AcDbLine
 10
63.175
 20
11.913333333
 11
63.175
 21
9.800000000000001
  0
LINE
  5
783
100
AcDbEntity
  8
Sketch003
  6
ByLayer
 62
  256
370
   -1
100
AcDbLine
 10
63.175
 20
9.800000000000001
 11
63.475
 21
9.5
  0
LINE
  5
784
100
AcDbEntity
  8
Sketch003
  6
ByLayer
 62
  256
370
   -1
100
AcDbLine
 10
17.194492704
 20
81.38968807400001
 11
15.775556847
 21
80.873237657
  0
LINE
  5
785
100
AcDbEntity
  8
Sketch003
  6
ByLayer
 62
  256
370
   -1
100
AcDbLine
 10
15.775556847
 20
80.873237657
 11
19.879798567
 21
69.596926208
  0
LINE
  5
786
100
AcDbEntity
  8
Sketch003
  6
ByLayer
 62
  256
370
   -1
100
AcDbLine
 10
21.298734424
 20
70.113376624
 11
19.879798567
 21
69.596926208
  0
LINE
  5
787
100
AcDbEntity
  8
Sketch003
  6
ByLayer
 62
  256
370
   -1
100
AcDbLine
 10
17.194492704
 20
81.38968807400001
 11
21.298734424
 21
70.113376624
  0
LINE
  5
788
100
AcDbEntity
  8
Sketch003
  6
ByLayer
 62
  256
370
   -1
100
AcDbLine
 10
28.139137291
 20
51.319524209
 11
26.720201433
 21
50.803073792
  0
LINE
  5
789
100
AcDbEntity
  8
Sketch003
  6
ByLayer
 62
  256
370
   -1
100
AcDbLine
 10
26.720201433
 20
50.803073792
 11
30.824443153
 21
39.526762343
  0
LINE
  5
78A
100
AcDbEntity
  8
Sketch003
  6
ByLayer
 62
  256
370
   -1
100
AcDbLine
 10
32.243379011
 20
40.043212759
 11
30.824443153
 21
39.526762343
  0
LINE
  5
78B
100
AcDbEntity
  8
Sketch003
  6
ByLayer
 62
  256
370
   -1
100
AcDbLine
 10
28.139137291
 20
51.319524209
 11
32.243379011
 21
40.043212759
  0
LINE
  5
78C
100
AcDbEntity
  8
Sketch003
  6
ByLayer
 62
  256
370
   -1
100
AcDbLine
 10
67.3
 20
42.21
 11
67.3
 21
40.7
  0
LINE
  5
78D
100
AcDbEntity
  8
Sketch003
  6
ByLayer
 62
  256
370
   -1
100
AcDbLine
 10
67.3
 20
40.7
 11
79.3
 21
40.7
  0
LINE
  5
78E
100
AcDbEntity
  8
Sketch003
  6
ByLayer
 62
  256
370
   -1
100
AcDbLine
 10
79.3
 20
42.21
 11
79.3
 21
40.7
  0
LINE
  5
78F
100
AcDbEntity
  8
Sketch003
  6
ByLayer
 62
  256
370
   -1
100
AcDbLine
 10
67.3
 20
42.21
 11
79.3
 21
42.21
  0
LINE
  5
790
100
AcDbEntity
  8
ShapeString010
  6
ByLayer
 62
  256
370
   -1
100
AcDbLine
 10
28.90196793
 20
110.44606414
 11
28
 21
110.44606414
  0
LINE
  5
791
100
AcDbEntity
  8
ShapeString010
  6
ByLayer
 62
  256
370
   -1
100
AcDbLine
 10
28.90196793
 20
110.702305029
 11
28.90196793
 21
110.44606414
  0
LINE
  5
792
100
AcDbEntity
  8
ShapeString010
  6
ByLayer
 62
  256
370
   -1
100
AcDbLine
 10
28.310905612
 20
110.702305029
 11
28.90196793
 21
110.702305029
  0
LINE
  5
793
100
AcDbEntity
  8
ShapeString010
  6
ByLayer
 62
  256
370
   -1
100
AcDbLine
 10
28.310905612
 20
113.243759111
 11
28.310905612
 21
110.702305029
  0
LINE
  5
794
100
AcDbEntity
  8
ShapeString010
  6
ByLayer
 62
  256
370
   -1
100
AcDbLine
 10
28.90196793
 20
113.243759111
 11
28.310905612
 21
113.243759111
  0
LINE
  5
795
100
AcDbEntity
  8
ShapeString010
  6
ByLayer
 62
  256
370
   -1
100
AcDbLine
 10
28.90196793
 20
113.5
 11
28.90196793
 21
113.243759111
  0
LINE
  5
796
100
AcDbEntity
  8
ShapeString010
  6
ByLayer
 62
  256
370
   -1
100
AcDbLine
 10
28
 20
113.5
 11
28.90196793
 21
113.5
  0
LINE
  5
797
100
AcDbEntity
  8
ShapeString010
  6
ByLayer
 62
  256
370
   -1
100
AcDbLine
 10
28
 20
110.44606414
 11
28
 21
113.5
  0
LINE
  5
798
100
AcDbEntity
  8
ShapeString010
  6
ByLayer
 62
  256
370
   -1
100
AcDbLine
 10
30.690187682
 20
111
 11
30.389531706
 21
111
  0
LINE
  5
799
100
AcDbEntity
  8
ShapeString010
  6
ByLayer
 62
  256
370
   -1
100
AcDbLine
 10
30.690187682
 20
113.5
 11
30.690187682
 21
111
  0
LINE
  5
79A
100
AcDbEntity
  8
ShapeString010
  6
ByLayer
 62
  256
370
   -1
100
AcDbLine
 10
30.433946793
 20
113.5
 11
30.690187682
 21
113.5
  0
LINE
  5
79B
100
AcDbEntity
  8
ShapeString010
  6
ByLayer
 62
  256
370
   -1
100
AcDbLine
 10
29.779678389
 20
112.988770955
 11
30.433946793
 21
113.5
  0
LINE
  5
79C
100
AcDbEntity
  8
ShapeString010
  6
ByLayer
 62
  256
370
   -1
100
AcDbLine
 10
29.945380831
 20
112.778425656
 11
29.779678389
 21
112.988770955
  0
LINE
  5
79D
100
AcDbEntity
  8
ShapeString010
  6
ByLayer
 62
  256
370
   -1
100
AcDbLine
 10
30.196496902
 20
112.98535441
 11
29.945380831
 21
112.778425656
  0
SPLINE
  5
79E
100
AcDbEntity
  8
ShapeString010
  6
ByLayer
 62
  256
370
   -1
100
AcDbSpline
210
0
220
0
230
0
 70
    8
 71
    2
 72
    6
 73
    3
 74
    0
 42
1e-07
 43
1e-07
 40
0
 40
0
 40
0
 40
1
 40
1
 40
1
 10
30.403197886
 20
113.178503098
 30
0
 10
30.336575255
 20
113.104933491
 30
0
 10
30.196496902
 20
112.98535441
 30
0
  0
SPLINE
  5
79F
100
AcDbEntity
  8
ShapeString010
  6
ByLayer
 62
  256
370
   -1
100
AcDbSpline
210
0
220
0
230
0
 70
    8
 71
    2
 72
    6
 73
    3
 74
    0
 42
1e-07
 43
1e-07
 40
0
 40
0
 40
0
 40
1
 40
1
 40
1
 10
30.389531706
 20
112.561247267
 30
0
 10
30.389531706
 20
112.769770408
 30
0
 10
30.403197886
 20
113.178503098
 30
0
  0
LINE
  5
7A0
100
AcDbEntity
  8
ShapeString010
  6
ByLayer
 62
  256
370
   -1
100
AcDbLine
 10
30.389531706
 20
111
 11
30.389531706
 21
112.561247267
  0
LINE
  5
7A1
100
AcDbEntity
  8
ShapeString010
  6
ByLayer
 62
  256
370
   -1
100
AcDbLine
 10
32.789313047
 20
111
 11
32.48865707
 21
111
  0
LINE
  5
7A2
100
AcDbEntity
  8
ShapeString010
  6
ByLayer
 62
  256
370
   -1
100
AcDbLine
 10
32.789313047
 20
113.5
 11
32.789313047
 21
111
  0
LINE
  5
7A3
100
AcDbEntity
  8
ShapeString010
  6
ByLayer
 62
  256
370
   -1
100
AcDbLine
 10
32.533072157
 20
113.5
 11
32.789313047
 21
113.5
  0
LINE
  5
7A4
100
AcDbEntity
  8
ShapeString010
  6
ByLayer
 62
  256
370
   -1
100
AcDbLine
 10
31.878803754
 20
112.988770955
 11
32.533072157
 21
113.5
  0
LINE
  5
7A5
100
AcDbEntity
  8
ShapeString010
  6
ByLayer
 62
  256
370
   -1
100
AcDbLine
 10
32.044506195
 20
112.778425656
 11
31.878803754
 21
112.988770955
  0
LINE
  5
7A6
100
AcDbEntity
  8
ShapeString010
  6
ByLayer
 62
  256
370
   -1
100
AcDbLine
 10
32.295622267
 20
112.98535441
 11
32.044506195
 21
112.778425656
  0
SPLINE
  5
7A7
100
AcDbEntity
  8
ShapeString010
  6
ByLayer
 62
  256
370
   -1
100
AcDbSpline
210
0
220
0
230
0
 70
    8
 71
    2
 72
    6
 73
    3
 74
    0
 42
1e-07
 43
1e-07
 40
0
 40
0
 40
0
 40
1
 40
1
 40
1
 10
32.502323251
 20
113.178503098
 30
0
 10
32.43570062
 20
113.104933491
 30
0
 10
32.295622267
 20
112.98535441
 30
0
  0
SPLINE
  5
7A8
100
AcDbEntity
  8
ShapeString010
  6
ByLayer
 62
  256
370
   -1
100
AcDbSpline
210
0
220
0
230
0
 70
    8
 71
    2
 72
    6
 73
    3
 74
    0
 42
1e-07
 43
1e-07
 40
0
 40
0
 40
0
 40
1
 40
1
 40
1
 10
32.48865707
 20
112.561247267
 30
0
 10
32.48865707
 20
112.769770408
 30
0
 10
32.502323251
 20
113.178503098
 30
0
  0
LINE
  5
7A9
100
AcDbEntity
  8
ShapeString010
  6
ByLayer
 62
  256
370
   -1
100
AcDbLine
 10
32.48865707
 20
111
 11
32.48865707
 21
112.561247267
  0
LINE
  5
7AA
100
AcDbEntity
  8
ShapeString010
  6
ByLayer
 62
  256
370
   -1
100
AcDbLine
 10
34.087258564
 20
110.702305029
 11
34.678320882
 21
110.702305029
  0
LINE
  5
7AB
100
AcDbEntity
  8
ShapeString010
  6
ByLayer
 62
  256
370
   -1
100
AcDbLine
 10
34.087258564
 20
110.44606414
 11
34.087258564
 21
110.702305029
  0
LINE
  5
7AC
100
AcDbEntity
  8
ShapeString010
  6
ByLayer
 62
  256
370
   -1
100
AcDbLine
 10
34.989226494
 20
110.44606414
 11
34.087258564
 21
110.44606414
  0
LINE
  5
7AD
100
AcDbEntity
  8
ShapeString010
  6
ByLayer
 62
  256
370
   -1
100
AcDbLine
 10
34.989226494
 20
113.5
 11
34.989226494
 21
110.44606414
  0
LINE
  5
7AE
100
AcDbEntity
  8
ShapeString010
  6
ByLayer
 62
  256
370
   -1
100
AcDbLine
 10
34.087258564
 20
113.5
 11
34.989226494
 21
113.5
  0
LINE
  5
7AF
100
AcDbEntity
  8
ShapeString010
  6
ByLayer
 62
  256
370
   -1
100
AcDbLine
 10
34.087258564
 20
113.243759111
 11
34.087258564
 21
113.5
  0
LINE
  5
7B0
100
AcDbEntity
  8
ShapeString010
  6
ByLayer
 62
  256
370
   -1
100
AcDbLine
 10
34.678320882
 20
113.243759111
 11
34.087258564
 21
113.243759111
  0
LINE
  5
7B1
100
AcDbEntity
  8
ShapeString010
  6
ByLayer
 62
  256
370
   -1
100
AcDbLine
 10
34.678320882
 20
110.702305029
 11
34.678320882
 21
113.243759111
  0
LINE
  5
7B2
100
AcDbEntity
  8
ShapeString009
  6
ByLayer
 62
  256
370
   -1
100
AcDbLine
 10
166.90196793
 20
110.44606414
 11
166
 21
110.44606414
  0
LINE
  5
7B3
100
AcDbEntity
  8
ShapeString009
  6
ByLayer
 62
  256
370
   -1
100
AcDbLine
 10
166.90196793
 20
110.702305029
 11
166.90196793
 21
110.44606414
  0
LINE
  5
7B4
100
AcDbEntity
  8
ShapeString009
  6
ByLayer
 62
  256
370
   -1
100
AcDbLine
 10
166.310905612
 20
110.702305029
 11
166.90196793
 21
110.702305029
  0
LINE
  5
7B5
100
AcDbEntity
  8
ShapeString009
  6
ByLayer
 62
  256
370
   -1
100
AcDbLine
 10
166.310905612
 20
113.243759111
 11
166.310905612
 21
110.702305029
  0
LINE
  5
7B6
100
AcDbEntity
  8
ShapeString009
  6
ByLayer
 62
  256
370
   -1
100
AcDbLine
 10
166.90196793
 20
113.243759111
 11
166.310905612
 21
113.243759111
  0
LINE
  5
7B7
100
AcDbEntity
  8
ShapeString009
  6
ByLayer
 62
  256
370
   -1
100
AcDbLine
 10
166.90196793
 20
113.5
 11
166.90196793
 21
113.243759111
  0
LINE
  5
7B8
100
AcDbEntity
  8
ShapeString009
  6
ByLayer
 62
  256
370
   -1
100
AcDbLine
 10
166
 20
113.5
 11
166.90196793
 21
113.5
  0
LINE
  5
7B9
100
AcDbEntity
  8
ShapeString009
  6
ByLayer
 62
  256
370
   -1
100
AcDbLine
 10
166
 20
110.44606414
 11
166
 21
113.5
  0
LINE
  5
7BA
100
AcDbEntity
  8
ShapeString009
  6
ByLayer
 62
  256
370
   -1
100
AcDbLine
 10
168.690187682
 20
111
 11
168.389531706
 21
111
  0
LINE
  5
7BB
100
AcDbEntity
  8
ShapeString009
  6
ByLayer
 62
  256
370
   -1
100
AcDbLine
 10
168.690187682
 20
113.5
 11
168.690187682
 21
111
  0
LINE
  5
7BC
100
AcDbEntity
  8
ShapeString009
  6
ByLayer
 62
  256
370
   -1
100
AcDbLine
 10
168.433946793
 20
113.5
 11
168.690187682
 21
113.5
  0
LINE
  5
7BD
100
AcDbEntity
  8
ShapeString009
  6
ByLayer
 62
  256
370
   -1
100
AcDbLine
 10
167.779678389
 20
112.988770955
 11
168.433946793
 21
113.5
  0
LINE
  5
7BE
100
AcDbEntity
  8
ShapeString009
  6
ByLayer
 62
  256
370
   -1
100
AcDbLine
 10
167.945380831
 20
112.778425656
 11
167.779678389
 21
112.988770955
  0
LINE
  5
7BF
100
AcDbEntity
  8
ShapeString009
  6
ByLayer
 62
  256
370
   -1
100
AcDbLine
 10
168.196496902
 20
112.98535441
 11
167.945380831
 21
112.778425656
  0
SPLINE
  5
7C0
100
AcDbEntity
  8
ShapeString009
  6
ByLayer
 62
  256
370
   -1
100
AcDbSpline
210
0
220
0
230
0
 70
    8
 71
    2
 72
    6
 73
    3
 74
    0
 42
1e-07
 43
1e-07
 40
0
 40
0
 40
0
 40
1
 40
1
 40
1
 10
168.403197886
 20
113.178503098
 30
0
 10
168.336575255
 20
113.104933491
 30
0
 10
168.196496902
 20
112.98535441
 30
0
  0
SPLINE
  5
7C1
100
AcDbEntity
  8
ShapeString009
  6
ByLayer
 62
  256
370
   -1
100
AcDbSpline
210
0
220
0
230
0
 70
    8
 71
    2
 72
    6
 73
    3
 74
    0
 42
1e-07
 43
1e-07
 40
0
 40
0
 40
0
 40
1
 40
1
 40
1
 10
168.389531706
 20
112.561247267
 30
0
 10
168.389531706
 20
112.769770408
 30
0
 10
168.403197886
 20
113.178503098
 30
0
  0
LINE
  5
7C2
100
AcDbEntity
  8
ShapeString009
  6
ByLayer
 62
  256
370
   -1
100
AcDbLine
 10
168.389531706
 20
111
 11
168.389531706
 21
112.561247267
  0
SPLINE
  5
7C3
100
AcDbEntity
  8
ShapeString009
  6
ByLayer
 62
  256
370
   -1
100
AcDbSpline
210
0
220
0
230
0
 70
    8
 71
    2
 72
    6
 73
    3
 74
    0
 42
1e-07
 43
1e-07
 40
0
 40
0
 40
0
 40
1
 40
1
 40
1
 10
170.539905248
 20
110.963556851
 30
0
 10
170.148710824
 20
110.963556851
 30
0
 10
169.947134657
 20
111.294278426
 30
0
  0
SPLINE
  5
7C4
100
AcDbEntity
  8
ShapeString009
  6
ByLayer
 62
  256
370
   -1
100
AcDbSpline
210
0
220
0
230
0
 70
    8
 71
    2
 72
    6
 73
    3
 74
    0
 42
1e-07
 43
1e-07
 40
0
 40
0
 40
0
 40
1
 40
1
 40
1
 10
171.341085095
 20
112.250911079
 30
0
 10
171.341085095
 20
110.963556851
 30
0
 10
170.539905248
 20
110.963556851
 30
0
  0
SPLINE
  5
7C5
100
AcDbEntity
  8
ShapeString009
  6
ByLayer
 62
  256
370
   -1
100
AcDbSpline
210
0
220
0
230
0
 70
    8
 71
    2
 72
    6
 73
    3
 74
    0
 42
1e-07
 43
1e-07
 40
0
 40
0
 40
0
 40
1
 40
1
 40
1
 10
171.13859785
 20
113.20560769
 30
0
 10
171.341085095
 20
112.874886115
 30
0
 10
171.341085095
 20
112.250911079
 30
0
  0
SPLINE
  5
7C6
100
AcDbEntity
  8
ShapeString009
  6
ByLayer
 62
  256
370
   -1
100
AcDbSpline
210
0
220
0
230
0
 70
    8
 71
    2
 72
    6
 73
    3
 74
    0
 42
1e-07
 43
1e-07
 40
0
 40
0
 40
0
 40
1
 40
1
 40
1
 10
170.539905248
 20
113.536443149
 30
0
 10
170.93622449
 20
113.536443149
 30
0
 10
171.13859785
 20
113.20560769
 30
0
  0
SPLINE
  5
7C7
100
AcDbEntity
  8
ShapeString009
  6
ByLayer
 62
  256
370
   -1
100
AcDbSpline
210
0
220
0
230
0
 70
    8
 71
    2
 72
    6
 73
    3
 74
    0
 42
1e-07
 43
1e-07
 40
0
 40
0
 40
0
 40
1
 40
1
 40
1
 10
169.745558491
 20
112.250911079
 30
0
 10
169.745558491
 20
113.536443149
 30
0
 10
170.539905248
 20
113.536443149
 30
0
  0
SPLINE
  5
7C8
100
AcDbEntity
  8
ShapeString009
  6
ByLayer
 62
  256
370
   -1
100
AcDbSpline
210
0
220
0
230
0
 70
    8
 71
    2
 72
    6
 73
    3
 74
    0
 42
1e-07
 43
1e-07
 40
0
 40
0
 40
0
 40
1
 40
1
 40
1
 10
169.947134657
 20
111.294278426
 30
0
 10
169.745558491
 20
111.625113885
 30
0
 10
169.745558491
 20
112.250911079
 30
0
  0
SPLINE
  5
7C9
100
AcDbEntity
  8
ShapeString009
  6
ByLayer
 62
  256
370
   -1
100
AcDbSpline
210
0
220
0
230
0
 70
    8
 71
    2
 72
    6
 73
    3
 74
    0
 42
1e-07
 43
1e-07
 40
0
 40
0
 40
0
 40
1
 40
1
 40
1
 10
170.539905248
 20
111.228339103
 30
0
 10
170.791021319
 20
111.228339103
 30
0
 10
170.908892128
 20
111.46875
 30
0
  0
SPLINE
  5
7CA
100
AcDbEntity
  8
ShapeString009
  6
ByLayer
 62
  256
370
   -1
100
AcDbSpline
210
0
220
0
230
0
 70
    8
 71
    2
 72
    6
 73
    3
 74
    0
 42
1e-07
 43
1e-07
 40
0
 40
0
 40
0
 40
1
 40
1
 40
1
 10
170.176840379
 20
111.467952806
 30
0
 10
170.292205722
 20
111.228339103
 30
0
 10
170.539905248
 20
111.228339103
 30
0
  0
SPLINE
  5
7CB
100
AcDbEntity
  8
ShapeString009
  6
ByLayer
 62
  256
370
   -1
100
AcDbSpline
210
0
220
0
230
0
 70
    8
 71
    2
 72
    6
 73
    3
 74
    0
 42
1e-07
 43
1e-07
 40
0
 40
0
 40
0
 40
1
 40
1
 40
1
 10
170.061588921
 20
112.251708273
 30
0
 10
170.061588921
 20
111.707566509
 30
0
 10
170.176840379
 20
111.467952806
 30
0
  0
SPLINE
  5
7CC
100
AcDbEntity
  8
ShapeString009
  6
ByLayer
 62
  256
370
   -1
100
AcDbSpline
210
0
220
0
230
0
 70
    8
 71
    2
 72
    6
 73
    3
 74
    0
 42
1e-07
 43
1e-07
 40
0
 40
0
 40
0
 40
1
 40
1
 40
1
 10
170.176840379
 20
113.032958273
 30
0
 10
170.061588921
 20
112.794255649
 30
0
 10
170.061588921
 20
112.251708273
 30
0
  0
SPLINE
  5
7CD
100
AcDbEntity
  8
ShapeString009
  6
ByLayer
 62
  256
370
   -1
100
AcDbSpline
210
0
220
0
230
0
 70
    8
 71
    2
 72
    6
 73
    3
 74
    0
 42
1e-07
 43
1e-07
 40
0
 40
0
 40
0
 40
1
 40
1
 40
1
 10
170.539905248
 20
113.271660897
 30
0
 10
170.292205722
 20
113.271660897
 30
0
 10
170.176840379
 20
113.032958273
 30
0
  0
SPLINE
  5
7CE
100
AcDbEntity
  8
ShapeString009
  6
ByLayer
 62
  256
370
   -1
100
AcDbSpline
210
0
220
0
230
0
 70
    8
 71
    2
 72
    6
 73
    3
 74
    0
 42
1e-07
 43
1e-07
 40
0
 40
0
 40
0
 40
1
 40
1
 40
1
 10
170.908892128
 20
113.031136115
 30
0
 10
170.791021319
 20
113.271660897
 30
0
 10
170.539905248
 20
113.271660897
 30
0
  0
SPLINE
  5
7CF
100
AcDbEntity
  8
ShapeString009
  6
ByLayer
 62
  256
370
   -1
100
AcDbSpline
210
0
220
0
230
0
 70
    8
 71
    2
 72
    6
 73
    3
 74
    0
 42
1e-07
 43
1e-07
 40
0
 40
0
 40
0
 40
1
 40
1
 40
1
 10
171.026762937
 20
112.251708273
 30
0
 10
171.026762937
 20
112.790725219
 30
0
 10
170.908892128
 20
113.031136115
 30
0
  0
SPLINE
  5
7D0
100
AcDbEntity
  8
ShapeString009
  6
ByLayer
 62
  256
370
   -1
100
AcDbSpline
210
0
220
0
230
0
 70
    8
 71
    2
 72
    6
 73
    3
 74
    0
 42
1e-07
 43
1e-07
 40
0
 40
0
 40
0
 40
1
 40
1
 40
1
 10
170.908892128
 20
111.46875
 30
0
 10
171.026762937
 20
111.709274781
 30
0
 10
171.026762937
 20
112.251708273
 30
0
  0
LINE
  5
7D1
100
AcDbEntity
  8
ShapeString009
  6
ByLayer
 62
  256
370
   -1
100
AcDbLine
 10
172.087258564
 20
110.702305029
 11
172.678320882
 21
110.702305029
  0
LINE
  5
7D2
100
AcDbEntity
  8
ShapeString009
  6
ByLayer
 62
  256
370
   -1
100
AcDbLine
 10
172.087258564
 20
110.44606414
 11
172.087258564
 21
110.702305029
  0
LINE
  5
7D3
100
AcDbEntity
  8
ShapeString009
  6
ByLayer
 62
  256
370
   -1
100
AcDbLine
 10
172.989226494
 20
110.44606414
 11
172.087258564
 21
110.44606414
  0
LINE
  5
7D4
100
AcDbEntity
  8
ShapeString009
  6
ByLayer
 62
  256
370
   -1
100
AcDbLine
 10
172.989226494
 20
113.5
 11
172.989226494
 21
110.44606414
  0
LINE
  5
7D5
100
AcDbEntity
  8
ShapeString009
  6
ByLayer
 62
  256
370
   -1
100
AcDbLine
 10
172.087258564
 20
113.5
 11
172.989226494
 21
113.5
  0
LINE
  5
7D6
100
AcDbEntity
  8
ShapeString009
  6
ByLayer
 62
  256
370
   -1
100
AcDbLine
 10
172.087258564
 20
113.243759111
 11
172.087258564
 21
113.5
  0
LINE
  5
7D7
100
AcDbEntity
  8
ShapeString009
  6
ByLayer
 62
  256
370
   -1
100
AcDbLine
 10
172.678320882
 20
113.243759111
 11
172.087258564
 21
113.243759111
  0
LINE
  5
7D8
100
AcDbEntity
  8
ShapeString009
  6
ByLayer
 62
  256
370
   -1
100
AcDbLine
 10
172.678320882
 20
110.702305029
 11
172.678320882
 21
113.243759111
  0
LINE
  5
7D9
100
AcDbEntity
  8
ShapeString008
  6
ByLayer
 62
  256
370
   -1
100
AcDbLine
 10
47.90196793
 20
187.44606414
 11
47
 21
187.44606414
  0
LINE
  5
7DA
100
AcDbEntity
  8
ShapeString008
  6
ByLayer
 62
  256
370
   -1
100
AcDbLine
 10
47.90196793
 20
187.702305029
 11
47.90196793
 21
187.44606414
  0
LINE
  5
7DB
100
AcDbEntity
  8
ShapeString008
  6
ByLayer
 62
  256
370
   -1
100
AcDbLine
 10
47.310905612
 20
187.702305029
 11
47.90196793
 21
187.702305029
  0
LINE
  5
7DC
100
AcDbEntity
  8
ShapeString008
  6
ByLayer
 62
  256
370
   -1
100
AcDbLine
 10
47.310905612
 20
190.243759111
 11
47.310905612
 21
187.702305029
  0
LINE
  5
7DD
100
AcDbEntity
  8
ShapeString008
  6
ByLayer
 62
  256
370
   -1
100
AcDbLine
 10
47.90196793
 20
190.243759111
 11
47.310905612
 21
190.243759111
  0
LINE
  5
7DE
100
AcDbEntity
  8
ShapeString008
  6
ByLayer
 62
  256
370
   -1
100
AcDbLine
 10
47.90196793
 20
190.5
 11
47.90196793
 21
190.243759111
  0
LINE
  5
7DF
100
AcDbEntity
  8
ShapeString008
  6
ByLayer
 62
  256
370
   -1
100
AcDbLine
 10
47
 20
190.5
 11
47.90196793
 21
190.5
  0
LINE
  5
7E0
100
AcDbEntity
  8
ShapeString008
  6
ByLayer
 62
  256
370
   -1
100
AcDbLine
 10
47
 20
187.44606414
 11
47
 21
190.5
  0
LINE
  5
7E1
100
AcDbEntity
  8
ShapeString008
  6
ByLayer
 62
  256
370
   -1
100
AcDbLine
 10
48.84630102
 20
187.994305758
 11
48.84630102
 21
188.260796283
  0
SPLINE
  5
7E2
100
AcDbEntity
  8
ShapeString008
  6
ByLayer
 62
  256
370
   -1
100
AcDbSpline
210
0
220
0
230
0
 70
    8
 71
    2
 72
    6
 73
    3
 74
    0
 42
1e-07
 43
1e-07
 40
0
 40
0
 40
0
 40
1
 40
1
 40
1
 10
49.140123907
 20
187.963556851
 30
0
 10
48.960755284
 20
187.963556851
 30
0
 10
48.84630102
 20
187.994305758
 30
0
  0
SPLINE
  5
7E3
100
AcDbEntity
  8
ShapeString008
  6
ByLayer
 62
  256
370
   -1
100
AcDbSpline
210
0
220
0
230
0
 70
    8
 71
    2
 72
    6
 73
    3
 74
    0
 42
1e-07
 43
1e-07
 40
0
 40
0
 40
0
 40
1
 40
1
 40
1
 10
50.231710095
 20
189.432329628
 30
0
 10
50.231710095
 20
187.963556851
 30
0
 10
49.140123907
 20
187.963556851
 30
0
  0
SPLINE
  5
7E4
100
AcDbEntity
  8
ShapeString008
  6
ByLayer
 62
  256
370
   -1
100
AcDbSpline
210
0
220
0
230
0
 70
    8
 71
    2
 72
    6
 73
    3
 74
    0
 42
1e-07
 43
1e-07
 40
0
 40
0
 40
0
 40
1
 40
1
 40
1
 10
50.012140124
 20
190.243645226
 30
0
 10
50.231710095
 20
189.950961188
 30
0
 10
50.231710095
 20
189.432329628
 30
0
  0
SPLINE
  5
7E5
100
AcDbEntity
  8
ShapeString008
  6
ByLayer
 62
  256
370
   -1
100
AcDbSpline
210
0
220
0
230
0
 70
    8
 71
    2
 72
    6
 73
    3
 74
    0
 42
1e-07
 43
1e-07
 40
0
 40
0
 40
0
 40
1
 40
1
 40
1
 10
49.416864067
 20
190.536443149
 30
0
 10
49.792684038
 20
190.536443149
 30
0
 10
50.012140124
 20
190.243645226
 30
0
  0
SPLINE
  5
7E6
100
AcDbEntity
  8
ShapeString008
  6
ByLayer
 62
  256
370
   -1
100
AcDbSpline
210
0
220
0
230
0
 70
    8
 71
    2
 72
    6
 73
    3
 74
    0
 42
1e-07
 43
1e-07
 40
0
 40
0
 40
0
 40
1
 40
1
 40
1
 10
48.86418094
 20
190.309242894
 30
0
 10
49.07008473
 20
190.536443149
 30
0
 10
49.416864067
 20
190.536443149
 30
0
  0
SPLINE
  5
7E7
100
AcDbEntity
  8
ShapeString008
  6
ByLayer
 62
  256
370
   -1
100
AcDbSpline
210
0
220
0
230
0
 70
    8
 71
    2
 72
    6
 73
    3
 74
    0
 42
1e-07
 43
1e-07
 40
0
 40
0
 40
0
 40
1
 40
1
 40
1
 10
48.658391035
 20
189.689709366
 30
0
 10
48.658391035
 20
190.082156523
 30
0
 10
48.86418094
 20
190.309242894
 30
0
  0
SPLINE
  5
7E8
100
AcDbEntity
  8
ShapeString008
  6
ByLayer
 62
  256
370
   -1
100
AcDbSpline
210
0
220
0
230
0
 70
    8
 71
    2
 72
    6
 73
    3
 74
    0
 42
1e-07
 43
1e-07
 40
0
 40
0
 40
0
 40
1
 40
1
 40
1
 10
48.847098214
 20
189.128712646
 30
0
 10
48.658391035
 20
189.331769315
 30
0
 10
48.658391035
 20
189.689709366
 30
0
  0
SPLINE
  5
7E9
100
AcDbEntity
  8
ShapeString008
  6
ByLayer
 62
  256
370
   -1
100
AcDbSpline
210
0
220
0
230
0
 70
    8
 71
    2
 72
    6
 73
    3
 74
    0
 42
1e-07
 43
1e-07
 40
0
 40
0
 40
0
 40
1
 40
1
 40
1
 10
49.367324162
 20
188.925655977
 30
0
 10
49.035919278
 20
188.925655977
 30
0
 10
48.847098214
 20
189.128712646
 30
0
  0
SPLINE
  5
7EA
100
AcDbEntity
  8
ShapeString008
  6
ByLayer
 62
  256
370
   -1
100
AcDbSpline
210
0
220
0
230
0
 70
    8
 71
    2
 72
    6
 73
    3
 74
    0
 42
1e-07
 43
1e-07
 40
0
 40
0
 40
0
 40
1
 40
1
 40
1
 10
49.893472121
 20
189.216062318
 30
0
 10
49.729477952
 20
188.925655977
 30
0
 10
49.367324162
 20
188.925655977
 30
0
  0
LINE
  5
7EB
100
AcDbEntity
  8
ShapeString008
  6
ByLayer
 62
  256
370
   -1
100
AcDbLine
 10
49.913971392
 20
189.216062318
 11
49.893472121
 21
189.216062318
  0
SPLINE
  5
7EC
100
AcDbEntity
  8
ShapeString008
  6
ByLayer
 62
  256
370
   -1
100
AcDbSpline
210
0
220
0
230
0
 70
    8
 71
    2
 72
    6
 73
    3
 74
    0
 42
1e-07
 43
1e-07
 40
0
 40
0
 40
0
 40
1
 40
1
 40
1
 10
49.704651057
 20
188.449617347
 30
0
 10
49.896888666
 20
188.691394862
 30
0
 10
49.913971392
 20
189.216062318
 30
0
  0
SPLINE
  5
7ED
100
AcDbEntity
  8
ShapeString008
  6
ByLayer
 62
  256
370
   -1
100
AcDbSpline
210
0
220
0
230
0
 70
    8
 71
    2
 72
    6
 73
    3
 74
    0
 42
1e-07
 43
1e-07
 40
0
 40
0
 40
0
 40
1
 40
1
 40
1
 10
49.129874271
 20
188.207839832
 30
0
 10
49.512527332
 20
188.207839832
 30
0
 10
49.704651057
 20
188.449617347
 30
0
  0
SPLINE
  5
7EE
100
AcDbEntity
  8
ShapeString008
  6
ByLayer
 62
  256
370
   -1
100
AcDbSpline
210
0
220
0
230
0
 70
    8
 71
    2
 72
    6
 73
    3
 74
    0
 42
1e-07
 43
1e-07
 40
0
 40
0
 40
0
 40
1
 40
1
 40
1
 10
48.84630102
 20
188.260796283
 30
0
 10
48.960755284
 20
188.207839832
 30
0
 10
49.129874271
 20
188.207839832
 30
0
  0
SPLINE
  5
7EF
100
AcDbEntity
  8
ShapeString008
  6
ByLayer
 62
  256
370
   -1
100
AcDbSpline
210
0
220
0
230
0
 70
    8
 71
    2
 72
    6
 73
    3
 74
    0
 42
1e-07
 43
1e-07
 40
0
 40
0
 40
0
 40
1
 40
1
 40
1
 10
48.959047012
 20
189.688912172
 30
0
 10
48.959047012
 20
189.438934949
 30
0
 10
49.076006742
 20
189.304436953
 30
0
  0
SPLINE
  5
7F0
100
AcDbEntity
  8
ShapeString008
  6
ByLayer
 62
  256
370
   -1
100
AcDbSpline
210
0
220
0
230
0
 70
    8
 71
    2
 72
    6
 73
    3
 74
    0
 42
1e-07
 43
1e-07
 40
0
 40
0
 40
0
 40
1
 40
1
 40
1
 10
49.080334366
 20
190.121674563
 30
0
 10
48.959047012
 20
189.971688229
 30
0
 10
48.959047012
 20
189.688912172
 30
0
  0
SPLINE
  5
7F1
100
AcDbEntity
  8
ShapeString008
  6
ByLayer
 62
  256
370
   -1
100
AcDbSpline
210
0
220
0
230
0
 70
    8
 71
    2
 72
    6
 73
    3
 74
    0
 42
1e-07
 43
1e-07
 40
0
 40
0
 40
0
 40
1
 40
1
 40
1
 10
49.420280612
 20
190.271660897
 30
0
 10
49.20162172
 20
190.271660897
 30
0
 10
49.080334366
 20
190.121674563
 30
0
  0
SPLINE
  5
7F2
100
AcDbEntity
  8
ShapeString008
  6
ByLayer
 62
  256
370
   -1
100
AcDbSpline
210
0
220
0
230
0
 70
    8
 71
    2
 72
    6
 73
    3
 74
    0
 42
1e-07
 43
1e-07
 40
0
 40
0
 40
0
 40
1
 40
1
 40
1
 10
49.784142675
 20
190.080220481
 30
0
 10
49.647480867
 20
190.271660897
 30
0
 10
49.420280612
 20
190.271660897
 30
0
  0
SPLINE
  5
7F3
100
AcDbEntity
  8
ShapeString008
  6
ByLayer
 62
  256
370
   -1
100
AcDbSpline
210
0
220
0
230
0
 70
    8
 71
    2
 72
    6
 73
    3
 74
    0
 42
1e-07
 43
1e-07
 40
0
 40
0
 40
0
 40
1
 40
1
 40
1
 10
49.920804483
 20
189.628553207
 30
0
 10
49.920804483
 20
189.88889395
 30
0
 10
49.784142675
 20
190.080220481
 30
0
  0
SPLINE
  5
7F4
100
AcDbEntity
  8
ShapeString008
  6
ByLayer
 62
  256
370
   -1
100
AcDbSpline
210
0
220
0
230
0
 70
    8
 71
    2
 72
    6
 73
    3
 74
    0
 42
1e-07
 43
1e-07
 40
0
 40
0
 40
0
 40
1
 40
1
 40
1
 10
49.773893039
 20
189.31047285
 30
0
 10
49.920804483
 20
189.451006742
 30
0
 10
49.920804483
 20
189.628553207
 30
0
  0
SPLINE
  5
7F5
100
AcDbEntity
  8
ShapeString008
  6
ByLayer
 62
  256
370
   -1
100
AcDbSpline
210
0
220
0
230
0
 70
    8
 71
    2
 72
    6
 73
    3
 74
    0
 42
1e-07
 43
1e-07
 40
0
 40
0
 40
0
 40
1
 40
1
 40
1
 10
49.410030977
 20
189.169938958
 30
0
 10
49.626981596
 20
189.169938958
 30
0
 10
49.773893039
 20
189.31047285
 30
0
  0
SPLINE
  5
7F6
100
AcDbEntity
  8
ShapeString008
  6
ByLayer
 62
  256
370
   -1
100
AcDbSpline
210
0
220
0
230
0
 70
    8
 71
    2
 72
    6
 73
    3
 74
    0
 42
1e-07
 43
1e-07
 40
0
 40
0
 40
0
 40
1
 40
1
 40
1
 10
49.076006742
 20
189.304436953
 30
0
 10
49.193080357
 20
189.169938958
 30
0
 10
49.410030977
 20
189.169938958
 30
0
  0
LINE
  5
7F7
100
AcDbEntity
  8
ShapeString008
  6
ByLayer
 62
  256
370
   -1
100
AcDbLine
 10
50.9881332
 20
187.702305029
 11
51.579195517
 21
187.702305029
  0
LINE
  5
7F8
100
AcDbEntity
  8
ShapeString008
  6
ByLayer
 62
  256
370
   -1
100
AcDbLine
 10
50.9881332
 20
187.44606414
 11
50.9881332
 21
187.702305029
  0
LINE
  5
7F9
100
AcDbEntity
  8
ShapeString008
  6
ByLayer
 62
  256
370
   -1
100
AcDbLine
 10
51.89010113
 20
187.44606414
 11
50.9881332
 21
187.44606414
  0
LINE
  5
7FA
100
AcDbEntity
  8
ShapeString008
  6
ByLayer
 62
  256
370
   -1
100
AcDbLine
 10
51.89010113
 20
190.5
 11
51.89010113
 21
187.44606414
  0
LINE
  5
7FB
100
AcDbEntity
  8
ShapeString008
  6
ByLayer
 62
  256
370
   -1
100
AcDbLine
 10
50.9881332
 20
190.5
 11
51.89010113
 21
190.5
  0
LINE
  5
7FC
100
AcDbEntity
  8
ShapeString008
  6
ByLayer
 62
  256
370
   -1
100
AcDbLine
 10
50.9881332
 20
190.243759111
 11
50.9881332
 21
190.5
  0
LINE
  5
7FD
100
AcDbEntity
  8
ShapeString008
  6
ByLayer
 62
  256
370
   -1
100
AcDbLine
 10
51.579195517
 20
190.243759111
 11
50.9881332
 21
190.243759111
  0
LINE
  5
7FE
100
AcDbEntity
  8
ShapeString008
  6
ByLayer
 62
  256
370
   -1
100
AcDbLine
 10
51.579195517
 20
187.702305029
 11
51.579195517
 21
190.243759111
  0
LINE
  5
7FF
100
AcDbEntity
  8
ShapeString007
  6
ByLayer
 62
  256
370
   -1
100
AcDbLine
 10
47.90196793
 20
157.44606414
 11
47
 21
157.44606414
  0
LINE
  5
800
100
AcDbEntity
  8
ShapeString007
  6
ByLayer
 62
  256
370
   -1
100
AcDbLine
 10
47.90196793
 20
157.702305029
 11
47.90196793
 21
157.44606414
  0
LINE
  5
801
100
AcDbEntity
  8
ShapeString007
  6
ByLayer
 62
  256
370
   -1
100
AcDbLine
 10
47.310905612
 20
157.702305029
 11
47.90196793
 21
157.702305029
  0
LINE
  5
802
100
AcDbEntity
  8
ShapeString007
  6
ByLayer
 62
  256
370
   -1
100
AcDbLine
 10
47.310905612
 20
160.243759111
 11
47.310905612
 21
157.702305029
  0
LINE
  5
803
100
AcDbEntity
  8
ShapeString007
  6
ByLayer
 62
  256
370
   -1
100
AcDbLine
 10
47.90196793
 20
160.243759111
 11
47.310905612
 21
160.243759111
  0
LINE
  5
804
100
AcDbEntity
  8
ShapeString007
  6
ByLayer
 62
  256
370
   -1
100
AcDbLine
 10
47.90196793
 20
160.5
 11
47.90196793
 21
160.243759111
  0
LINE
  5
805
100
AcDbEntity
  8
ShapeString007
  6
ByLayer
 62
  256
370
   -1
100
AcDbLine
 10
47
 20
160.5
 11
47.90196793
 21
160.5
  0
LINE
  5
806
100
AcDbEntity
  8
ShapeString007
  6
ByLayer
 62
  256
370
   -1
100
AcDbLine
 10
47
 20
157.44606414
 11
47
 21
160.5
  0
SPLINE
  5
807
100
AcDbEntity
  8
ShapeString007
  6
ByLayer
 62
  256
370
   -1
100
AcDbSpline
210
0
220
0
230
0
 70
    8
 71
    2
 72
    6
 73
    3
 74
    0
 42
1e-07
 43
1e-07
 40
0
 40
0
 40
0
 40
1
 40
1
 40
1
 10
49.700437318
 20
159.324480685
 30
0
 10
50.22829355
 20
159.050245991
 30
0
 10
50.22829355
 20
158.650851859
 30
0
  0
SPLINE
  5
808
100
AcDbEntity
  8
ShapeString007
  6
ByLayer
 62
  256
370
   -1
100
AcDbSpline
210
0
220
0
230
0
 70
    8
 71
    2
 72
    6
 73
    3
 74
    0
 42
1e-07
 43
1e-07
 40
0
 40
0
 40
0
 40
1
 40
1
 40
1
 10
50.148004738
 20
159.936383929
 30
0
 10
50.148004738
 20
159.54439231
 30
0
 10
49.700437318
 20
159.324480685
 30
0
  0
SPLINE
  5
809
100
AcDbEntity
  8
ShapeString007
  6
ByLayer
 62
  256
370
   -1
100
AcDbSpline
210
0
220
0
230
0
 70
    8
 71
    2
 72
    6
 73
    3
 74
    0
 42
1e-07
 43
1e-07
 40
0
 40
0
 40
0
 40
1
 40
1
 40
1
 10
49.953261662
 20
160.374498907
 30
0
 10
50.148004738
 20
160.212554665
 30
0
 10
50.148004738
 20
159.936383929
 30
0
  0
SPLINE
  5
80A
100
AcDbEntity
  8
ShapeString007
  6
ByLayer
 62
  256
370
   -1
100
AcDbSpline
210
0
220
0
230
0
 70
    8
 71
    2
 72
    6
 73
    3
 74
    0
 42
1e-07
 43
1e-07
 40
0
 40
0
 40
0
 40
1
 40
1
 40
1
 10
49.444196429
 20
160.536443149
 30
0
 10
49.758518586
 20
160.536443149
 30
0
 10
49.953261662
 20
160.374498907
 30
0
  0
SPLINE
  5
80B
100
AcDbEntity
  8
ShapeString007
  6
ByLayer
 62
  256
370
   -1
100
AcDbSpline
210
0
220
0
230
0
 70
    8
 71
    2
 72
    6
 73
    3
 74
    0
 42
1e-07
 43
1e-07
 40
0
 40
0
 40
0
 40
1
 40
1
 40
1
 10
48.941053207
 20
160.375296101
 30
0
 10
49.140123907
 20
160.536443149
 30
0
 10
49.444196429
 20
160.536443149
 30
0
  0
SPLINE
  5
80C
100
AcDbEntity
  8
ShapeString007
  6
ByLayer
 62
  256
370
   -1
100
AcDbSpline
210
0
220
0
230
0
 70
    8
 71
    2
 72
    6
 73
    3
 74
    0
 42
1e-07
 43
1e-07
 40
0
 40
0
 40
0
 40
1
 40
1
 40
1
 10
48.742096392
 20
159.939800474
 30
0
 10
48.742096392
 20
160.214262937
 30
0
 10
48.941053207
 20
160.375296101
 30
0
  0
SPLINE
  5
80D
100
AcDbEntity
  8
ShapeString007
  6
ByLayer
 62
  256
370
   -1
100
AcDbSpline
210
0
220
0
230
0
 70
    8
 71
    2
 72
    6
 73
    3
 74
    0
 42
1e-07
 43
1e-07
 40
0
 40
0
 40
0
 40
1
 40
1
 40
1
 10
49.143540452
 20
159.310814504
 30
0
 10
48.742096392
 20
159.559652879
 30
0
 10
48.742096392
 20
159.939800474
 30
0
  0
SPLINE
  5
80E
100
AcDbEntity
  8
ShapeString007
  6
ByLayer
 62
  256
370
   -1
100
AcDbSpline
210
0
220
0
230
0
 70
    8
 71
    2
 72
    6
 73
    3
 74
    0
 42
1e-07
 43
1e-07
 40
0
 40
0
 40
0
 40
1
 40
1
 40
1
 10
48.66180758
 20
158.637185678
 30
0
 10
48.66180758
 20
159.077692238
 30
0
 10
49.143540452
 20
159.310814504
 30
0
  0
SPLINE
  5
80F
100
AcDbEntity
  8
ShapeString007
  6
ByLayer
 62
  256
370
   -1
100
AcDbSpline
210
0
220
0
230
0
 70
    8
 71
    2
 72
    6
 73
    3
 74
    0
 42
1e-07
 43
1e-07
 40
0
 40
0
 40
0
 40
1
 40
1
 40
1
 10
48.868508564
 20
158.140989431
 30
0
 10
48.66180758
 20
158.318422012
 30
0
 10
48.66180758
 20
158.637185678
 30
0
  0
SPLINE
  5
810
100
AcDbEntity
  8
ShapeString007
  6
ByLayer
 62
  256
370
   -1
100
AcDbSpline
210
0
220
0
230
0
 70
    8
 71
    2
 72
    6
 73
    3
 74
    0
 42
1e-07
 43
1e-07
 40
0
 40
0
 40
0
 40
1
 40
1
 40
1
 10
49.444196429
 20
157.963556851
 30
0
 10
49.075209548
 20
157.963556851
 30
0
 10
48.868508564
 20
158.140989431
 30
0
  0
SPLINE
  5
811
100
AcDbEntity
  8
ShapeString007
  6
ByLayer
 62
  256
370
   -1
100
AcDbSpline
210
0
220
0
230
0
 70
    8
 71
    2
 72
    6
 73
    3
 74
    0
 42
1e-07
 43
1e-07
 40
0
 40
0
 40
0
 40
1
 40
1
 40
1
 10
50.013051203
 20
158.152036261
 30
0
 10
49.797808856
 20
157.963556851
 30
0
 10
49.444196429
 20
157.963556851
 30
0
  0
SPLINE
  5
812
100
AcDbEntity
  8
ShapeString007
  6
ByLayer
 62
  256
370
   -1
100
AcDbSpline
210
0
220
0
230
0
 70
    8
 71
    2
 72
    6
 73
    3
 74
    0
 42
1e-07
 43
1e-07
 40
0
 40
0
 40
0
 40
1
 40
1
 40
1
 10
50.22829355
 20
158.650851859
 30
0
 10
50.22829355
 20
158.340629555
 30
0
 10
50.013051203
 20
158.152036261
 30
0
  0
SPLINE
  5
813
100
AcDbEntity
  8
ShapeString007
  6
ByLayer
 62
  256
370
   -1
100
AcDbSpline
210
0
220
0
230
0
 70
    8
 71
    2
 72
    6
 73
    3
 74
    0
 42
1e-07
 43
1e-07
 40
0
 40
0
 40
0
 40
1
 40
1
 40
1
 10
49.399781341
 20
159.191463192
 30
0
 10
48.965880102
 20
158.985217748
 30
0
 10
48.965880102
 20
158.637413448
 30
0
  0
LINE
  5
814
100
AcDbEntity
  8
ShapeString007
  6
ByLayer
 62
  256
370
   -1
100
AcDbLine
 10
49.451029519
 20
159.167547376
 11
49.399781341
 21
159.191463192
  0
SPLINE
  5
815
100
AcDbEntity
  8
ShapeString007
  6
ByLayer
 62
  256
370
   -1
100
AcDbSpline
210
0
220
0
230
0
 70
    8
 71
    2
 72
    6
 73
    3
 74
    0
 42
1e-07
 43
1e-07
 40
0
 40
0
 40
0
 40
1
 40
1
 40
1
 10
49.816599854
 20
158.922922741
 30
0
 10
49.708978681
 20
159.041476859
 30
0
 10
49.451029519
 20
159.167547376
 30
0
  0
SPLINE
  5
816
100
AcDbEntity
  8
ShapeString007
  6
ByLayer
 62
  256
370
   -1
100
AcDbSpline
210
0
220
0
230
0
 70
    8
 71
    2
 72
    6
 73
    3
 74
    0
 42
1e-07
 43
1e-07
 40
0
 40
0
 40
0
 40
1
 40
1
 40
1
 10
49.924221028
 20
158.651079628
 30
0
 10
49.924221028
 20
158.804482507
 30
0
 10
49.816599854
 20
158.922922741
 30
0
  0
SPLINE
  5
817
100
AcDbEntity
  8
ShapeString007
  6
ByLayer
 62
  256
370
   -1
100
AcDbSpline
210
0
220
0
230
0
 70
    8
 71
    2
 72
    6
 73
    3
 74
    0
 42
1e-07
 43
1e-07
 40
0
 40
0
 40
0
 40
1
 40
1
 40
1
 10
49.796897777
 20
158.339946246
 30
0
 10
49.924221028
 20
158.451667274
 30
0
 10
49.924221028
 20
158.651079628
 30
0
  0
SPLINE
  5
818
100
AcDbEntity
  8
ShapeString007
  6
ByLayer
 62
  256
370
   -1
100
AcDbSpline
210
0
220
0
230
0
 70
    8
 71
    2
 72
    6
 73
    3
 74
    0
 42
1e-07
 43
1e-07
 40
0
 40
0
 40
0
 40
1
 40
1
 40
1
 10
49.437363338
 20
158.228339103
 30
0
 10
49.669688411
 20
158.228339103
 30
0
 10
49.796897777
 20
158.339946246
 30
0
  0
SPLINE
  5
819
100
AcDbEntity
  8
ShapeString007
  6
ByLayer
 62
  256
370
   -1
100
AcDbSpline
210
0
220
0
230
0
 70
    8
 71
    2
 72
    6
 73
    3
 74
    0
 42
1e-07
 43
1e-07
 40
0
 40
0
 40
0
 40
1
 40
1
 40
1
 10
48.965880102
 20
158.637413448
 30
0
 10
48.965880102
 20
158.228339103
 30
0
 10
49.437363338
 20
158.228339103
 30
0
  0
SPLINE
  5
81A
100
AcDbEntity
  8
ShapeString007
  6
ByLayer
 62
  256
370
   -1
100
AcDbSpline
210
0
220
0
230
0
 70
    8
 71
    2
 72
    6
 73
    3
 74
    0
 42
1e-07
 43
1e-07
 40
0
 40
0
 40
0
 40
1
 40
1
 40
1
 10
49.447612974
 20
159.450551203
 30
0
 10
49.843932216
 20
159.624908892
 30
0
 10
49.843932216
 20
159.921237245
 30
0
  0
SPLINE
  5
81B
100
AcDbEntity
  8
ShapeString007
  6
ByLayer
 62
  256
370
   -1
100
AcDbSpline
210
0
220
0
230
0
 70
    8
 71
    2
 72
    6
 73
    3
 74
    0
 42
1e-07
 43
1e-07
 40
0
 40
0
 40
0
 40
1
 40
1
 40
1
 10
49.130671465
 20
159.663060313
 30
0
 10
49.215287901
 20
159.557261297
 30
0
 10
49.447612974
 20
159.450551203
 30
0
  0
SPLINE
  5
81C
100
AcDbEntity
  8
ShapeString007
  6
ByLayer
 62
  256
370
   -1
100
AcDbSpline
210
0
220
0
230
0
 70
    8
 71
    2
 72
    6
 73
    3
 74
    0
 42
1e-07
 43
1e-07
 40
0
 40
0
 40
0
 40
1
 40
1
 40
1
 10
49.046168914
 20
159.921237245
 30
0
 10
49.046168914
 20
159.768859329
 30
0
 10
49.130671465
 20
159.663060313
 30
0
  0
SPLINE
  5
81D
100
AcDbEntity
  8
ShapeString007
  6
ByLayer
 62
  256
370
   -1
100
AcDbSpline
210
0
220
0
230
0
 70
    8
 71
    2
 72
    6
 73
    3
 74
    0
 42
1e-07
 43
1e-07
 40
0
 40
0
 40
0
 40
1
 40
1
 40
1
 10
49.152879009
 20
160.181919643
 30
0
 10
49.046168914
 20
160.092178389
 30
0
 10
49.046168914
 20
159.921237245
 30
0
  0
SPLINE
  5
81E
100
AcDbEntity
  8
ShapeString007
  6
ByLayer
 62
  256
370
   -1
100
AcDbSpline
210
0
220
0
230
0
 70
    8
 71
    2
 72
    6
 73
    3
 74
    0
 42
1e-07
 43
1e-07
 40
0
 40
0
 40
0
 40
1
 40
1
 40
1
 10
49.440779883
 20
160.271660897
 30
0
 10
49.259702988
 20
160.271660897
 30
0
 10
49.152879009
 20
160.181919643
 30
0
  0
SPLINE
  5
81F
100
AcDbEntity
  8
ShapeString007
  6
ByLayer
 62
  256
370
   -1
100
AcDbSpline
210
0
220
0
230
0
 70
    8
 71
    2
 72
    6
 73
    3
 74
    0
 42
1e-07
 43
1e-07
 40
0
 40
0
 40
0
 40
1
 40
1
 40
1
 10
49.736311042
 20
160.181919643
 30
0
 10
49.628689869
 20
160.271660897
 30
0
 10
49.440779883
 20
160.271660897
 30
0
  0
SPLINE
  5
820
100
AcDbEntity
  8
ShapeString007
  6
ByLayer
 62
  256
370
   -1
100
AcDbSpline
210
0
220
0
230
0
 70
    8
 71
    2
 72
    6
 73
    3
 74
    0
 42
1e-07
 43
1e-07
 40
0
 40
0
 40
0
 40
1
 40
1
 40
1
 10
49.843932216
 20
159.921237245
 30
0
 10
49.843932216
 20
160.092178389
 30
0
 10
49.736311042
 20
160.181919643
 30
0
  0
LINE
  5
821
100
AcDbEntity
  8
ShapeString007
  6
ByLayer
 62
  256
370
   -1
100
AcDbLine
 10
50.9881332
 20
157.702305029
 11
51.579195517
 21
157.702305029
  0
LINE
  5
822
100
AcDbEntity
  8
ShapeString007
  6
ByLayer
 62
  256
370
   -1
100
AcDbLine
 10
50.9881332
 20
157.44606414
 11
50.9881332
 21
157.702305029
  0
LINE
  5
823
100
AcDbEntity
  8
ShapeString007
  6
ByLayer
 62
  256
370
   -1
100
AcDbLine
 10
51.89010113
 20
157.44606414
 11
50.9881332
 21
157.44606414
  0
LINE
  5
824
100
AcDbEntity
  8
ShapeString007
  6
ByLayer
 62
  256
370
   -1
100
AcDbLine
 10
51.89010113
 20
160.5
 11
51.89010113
 21
157.44606414
  0
LINE
  5
825
100
AcDbEntity
  8
ShapeString007
  6
ByLayer
 62
  256
370
   -1
100
AcDbLine
 10
50.9881332
 20
160.5
 11
51.89010113
 21
160.5
  0
LINE
  5
826
100
AcDbEntity
  8
ShapeString007
  6
ByLayer
 62
  256
370
   -1
100
AcDbLine
 10
50.9881332
 20
160.243759111
 11
50.9881332
 21
160.5
  0
LINE
  5
827
100
AcDbEntity
  8
ShapeString007
  6
ByLayer
 62
  256
370
   -1
100
AcDbLine
 10
51.579195517
 20
160.243759111
 11
50.9881332
 21
160.243759111
  0
LINE
  5
828
100
AcDbEntity
  8
ShapeString007
  6
ByLayer
 62
  256
370
   -1
100
AcDbLine
 10
51.579195517
 20
157.702305029
 11
51.579195517
 21
160.243759111
  0
LINE
  5
829
100
AcDbEntity
  8
ShapeString005
  6
ByLayer
 62
  256
370
   -1
100
AcDbLine
 10
148.90196793
 20
154.44606414
 11
148
 21
154.44606414
  0
LINE
  5
82A
100
AcDbEntity
  8
ShapeString005
  6
ByLayer
 62
  256
370
   -1
100
AcDbLine
 10
148.90196793
 20
154.702305029
 11
148.90196793
 21
154.44606414
  0
LINE
  5
82B
100
AcDbEntity
  8
ShapeString005
  6
ByLayer
 62
  256
370
   -1
100
AcDbLine
 10
148.310905612
 20
154.702305029
 11
148.90196793
 21
154.702305029
  0
LINE
  5
82C
100
AcDbEntity
  8
ShapeString005
  6
ByLayer
 62
  256
370
   -1
100
AcDbLine
 10
148.310905612
 20
157.243759111
 11
148.310905612
 21
154.702305029
  0
LINE
  5
82D
100
AcDbEntity
  8
ShapeString005
  6
ByLayer
 62
  256
370
   -1
100
AcDbLine
 10
148.90196793
 20
157.243759111
 11
148.310905612
 21
157.243759111
  0
LINE
  5
82E
100
AcDbEntity
  8
ShapeString005
  6
ByLayer
 62
  256
370
   -1
100
AcDbLine
 10
148.90196793
 20
157.5
 11
148.90196793
 21
157.243759111
  0
LINE
  5
82F
100
AcDbEntity
  8
ShapeString005
  6
ByLayer
 62
  256
370
   -1
100
AcDbLine
 10
148
 20
157.5
 11
148.90196793
 21
157.5
  0
LINE
  5
830
100
AcDbEntity
  8
ShapeString005
  6
ByLayer
 62
  256
370
   -1
100
AcDbLine
 10
148
 20
154.44606414
 11
148
 21
157.5
  0
LINE
  5
831
100
AcDbEntity
  8
ShapeString005
  6
ByLayer
 62
  256
370
   -1
100
AcDbLine
 10
151.043800109
 20
157.503985969
 11
151.043800109
 21
157.239203717
  0
SPLINE
  5
832
100
AcDbEntity
  8
ShapeString005
  6
ByLayer
 62
  256
370
   -1
100
AcDbSpline
210
0
220
0
230
0
 70
    8
 71
    2
 72
    6
 73
    3
 74
    0
 42
1e-07
 43
1e-07
 40
0
 40
0
 40
0
 40
1
 40
1
 40
1
 10
150.749977223
 20
157.536443149
 30
0
 10
150.927637573
 20
157.536443149
 30
0
 10
151.043800109
 20
157.503985969
 30
0
  0
SPLINE
  5
833
100
AcDbEntity
  8
ShapeString005
  6
ByLayer
 62
  256
370
   -1
100
AcDbSpline
210
0
220
0
230
0
 70
    8
 71
    2
 72
    6
 73
    3
 74
    0
 42
1e-07
 43
1e-07
 40
0
 40
0
 40
0
 40
1
 40
1
 40
1
 10
149.658391035
 20
156.067670372
 30
0
 10
149.658391035
 20
157.536443149
 30
0
 10
150.749977223
 20
157.536443149
 30
0
  0
SPLINE
  5
834
100
AcDbEntity
  8
ShapeString005
  6
ByLayer
 62
  256
370
   -1
100
AcDbSpline
210
0
220
0
230
0
 70
    8
 71
    2
 72
    6
 73
    3
 74
    0
 42
1e-07
 43
1e-07
 40
0
 40
0
 40
0
 40
1
 40
1
 40
1
 10
149.879555394
 20
155.25202715
 30
0
 10
149.658391035
 20
155.540497449
 30
0
 10
149.658391035
 20
156.067670372
 30
0
  0
SPLINE
  5
835
100
AcDbEntity
  8
ShapeString005
  6
ByLayer
 62
  256
370
   -1
100
AcDbSpline
210
0
220
0
230
0
 70
    8
 71
    2
 72
    6
 73
    3
 74
    0
 42
1e-07
 43
1e-07
 40
0
 40
0
 40
0
 40
1
 40
1
 40
1
 10
150.473237063
 20
154.963556851
 30
0
 10
150.100833637
 20
154.963556851
 30
0
 10
149.879555394
 20
155.25202715
 30
0
  0
SPLINE
  5
836
100
AcDbEntity
  8
ShapeString005
  6
ByLayer
 62
  256
370
   -1
100
AcDbSpline
210
0
220
0
230
0
 70
    8
 71
    2
 72
    6
 73
    3
 74
    0
 42
1e-07
 43
1e-07
 40
0
 40
0
 40
0
 40
1
 40
1
 40
1
 10
151.025806305
 20
155.189048834
 30
0
 10
150.820016399
 20
154.963556851
 30
0
 10
150.473237063
 20
154.963556851
 30
0
  0
SPLINE
  5
837
100
AcDbEntity
  8
ShapeString005
  6
ByLayer
 62
  256
370
   -1
100
AcDbSpline
210
0
220
0
230
0
 70
    8
 71
    2
 72
    6
 73
    3
 74
    0
 42
1e-07
 43
1e-07
 40
0
 40
0
 40
0
 40
1
 40
1
 40
1
 10
151.231710095
 20
155.805621356
 30
0
 10
151.231710095
 20
155.414540816
 30
0
 10
151.025806305
 20
155.189048834
 30
0
  0
SPLINE
  5
838
100
AcDbEntity
  8
ShapeString005
  6
ByLayer
 62
  256
370
   -1
100
AcDbSpline
210
0
220
0
230
0
 70
    8
 71
    2
 72
    6
 73
    3
 74
    0
 42
1e-07
 43
1e-07
 40
0
 40
0
 40
0
 40
1
 40
1
 40
1
 10
151.042889031
 20
156.362973761
 30
0
 10
151.231710095
 20
156.158892128
 30
0
 10
151.231710095
 20
155.805621356
 30
0
  0
SPLINE
  5
839
100
AcDbEntity
  8
ShapeString005
  6
ByLayer
 62
  256
370
   -1
100
AcDbSpline
210
0
220
0
230
0
 70
    8
 71
    2
 72
    6
 73
    3
 74
    0
 42
1e-07
 43
1e-07
 40
0
 40
0
 40
0
 40
1
 40
1
 40
1
 10
150.521068695
 20
156.567055394
 30
0
 10
150.854181851
 20
156.567055394
 30
0
 10
151.042889031
 20
156.362973761
 30
0
  0
SPLINE
  5
83A
100
AcDbEntity
  8
ShapeString005
  6
ByLayer
 62
  256
370
   -1
100
AcDbSpline
210
0
220
0
230
0
 70
    8
 71
    2
 72
    6
 73
    3
 74
    0
 42
1e-07
 43
1e-07
 40
0
 40
0
 40
0
 40
1
 40
1
 40
1
 10
149.996629009
 20
156.276649052
 30
0
 10
150.158914905
 20
156.567055394
 30
0
 10
150.521068695
 20
156.567055394
 30
0
  0
LINE
  5
83B
100
AcDbEntity
  8
ShapeString005
  6
ByLayer
 62
  256
370
   -1
100
AcDbLine
 10
149.976129738
 20
156.276649052
 11
149.996629009
 21
156.276649052
  0
SPLINE
  5
83C
100
AcDbEntity
  8
ShapeString005
  6
ByLayer
 62
  256
370
   -1
100
AcDbSpline
210
0
220
0
230
0
 70
    8
 71
    2
 72
    6
 73
    3
 74
    0
 42
1e-07
 43
1e-07
 40
0
 40
0
 40
0
 40
1
 40
1
 40
1
 10
150.185336188
 20
157.033072157
 30
0
 10
149.993212464
 20
156.794483418
 30
0
 10
149.976129738
 20
156.276649052
 30
0
  0
SPLINE
  5
83D
100
AcDbEntity
  8
ShapeString005
  6
ByLayer
 62
  256
370
   -1
100
AcDbSpline
210
0
220
0
230
0
 70
    8
 71
    2
 72
    6
 73
    3
 74
    0
 42
1e-07
 43
1e-07
 40
0
 40
0
 40
0
 40
1
 40
1
 40
1
 10
150.760226859
 20
157.271660897
 30
0
 10
150.377573797
 20
157.271660897
 30
0
 10
150.185336188
 20
157.033072157
 30
0
  0
SPLINE
  5
83E
100
AcDbEntity
  8
ShapeString005
  6
ByLayer
 62
  256
370
   -1
100
AcDbSpline
210
0
220
0
230
0
 70
    8
 71
    2
 72
    6
 73
    3
 74
    0
 42
1e-07
 43
1e-07
 40
0
 40
0
 40
0
 40
1
 40
1
 40
1
 10
151.043800109
 20
157.239203717
 30
0
 10
150.922512755
 20
157.271660897
 30
0
 10
150.760226859
 20
157.271660897
 30
0
  0
SPLINE
  5
83F
100
AcDbEntity
  8
ShapeString005
  6
ByLayer
 62
  256
370
   -1
100
AcDbSpline
210
0
220
0
230
0
 70
    8
 71
    2
 72
    6
 73
    3
 74
    0
 42
1e-07
 43
1e-07
 40
0
 40
0
 40
0
 40
1
 40
1
 40
1
 10
150.931054118
 20
155.807215743
 30
0
 10
150.931054118
 20
156.055598579
 30
0
 10
150.813980503
 20
156.189185496
 30
0
  0
SPLINE
  5
840
100
AcDbEntity
  8
ShapeString005
  6
ByLayer
 62
  256
370
   -1
100
AcDbSpline
210
0
220
0
230
0
 70
    8
 71
    2
 72
    6
 73
    3
 74
    0
 42
1e-07
 43
1e-07
 40
0
 40
0
 40
0
 40
1
 40
1
 40
1
 10
150.808855685
 20
155.379008746
 30
0
 10
150.931054118
 20
155.529792274
 30
0
 10
150.931054118
 20
155.807215743
 30
0
  0
SPLINE
  5
841
100
AcDbEntity
  8
ShapeString005
  6
ByLayer
 62
  256
370
   -1
100
AcDbSpline
210
0
220
0
230
0
 70
    8
 71
    2
 72
    6
 73
    3
 74
    0
 42
1e-07
 43
1e-07
 40
0
 40
0
 40
0
 40
1
 40
1
 40
1
 10
150.469820517
 20
155.228339103
 30
0
 10
150.686771137
 20
155.228339103
 30
0
 10
150.808855685
 20
155.379008746
 30
0
  0
SPLINE
  5
842
100
AcDbEntity
  8
ShapeString005
  6
ByLayer
 62
  256
370
   -1
100
AcDbSpline
210
0
220
0
230
0
 70
    8
 71
    2
 72
    6
 73
    3
 74
    0
 42
1e-07
 43
1e-07
 40
0
 40
0
 40
0
 40
1
 40
1
 40
1
 10
150.107666727
 20
155.417615707
 30
0
 10
150.246036808
 20
155.228339103
 30
0
 10
150.469820517
 20
155.228339103
 30
0
  0
SPLINE
  5
843
100
AcDbEntity
  8
ShapeString005
  6
ByLayer
 62
  256
370
   -1
100
AcDbSpline
210
0
220
0
230
0
 70
    8
 71
    2
 72
    6
 73
    3
 74
    0
 42
1e-07
 43
1e-07
 40
0
 40
0
 40
0
 40
1
 40
1
 40
1
 10
149.969296647
 20
155.867233054
 30
0
 10
149.969296647
 20
155.60689231
 30
0
 10
150.107666727
 20
155.417615707
 30
0
  0
SPLINE
  5
844
100
AcDbEntity
  8
ShapeString005
  6
ByLayer
 62
  256
370
   -1
100
AcDbSpline
210
0
220
0
230
0
 70
    8
 71
    2
 72
    6
 73
    3
 74
    0
 42
1e-07
 43
1e-07
 40
0
 40
0
 40
0
 40
1
 40
1
 40
1
 10
150.11620809
 20
156.184060678
 30
0
 10
149.969296647
 20
156.045348943
 30
0
 10
149.969296647
 20
155.867233054
 30
0
  0
SPLINE
  5
845
100
AcDbEntity
  8
ShapeString005
  6
ByLayer
 62
  256
370
   -1
100
AcDbSpline
210
0
220
0
230
0
 70
    8
 71
    2
 72
    6
 73
    3
 74
    0
 42
1e-07
 43
1e-07
 40
0
 40
0
 40
0
 40
1
 40
1
 40
1
 10
150.480070153
 20
156.322772413
 30
0
 10
150.263119534
 20
156.322772413
 30
0
 10
150.11620809
 20
156.184060678
 30
0
  0
SPLINE
  5
846
100
AcDbEntity
  8
ShapeString005
  6
ByLayer
 62
  256
370
   -1
100
AcDbSpline
210
0
220
0
230
0
 70
    8
 71
    2
 72
    6
 73
    3
 74
    0
 42
1e-07
 43
1e-07
 40
0
 40
0
 40
0
 40
1
 40
1
 40
1
 10
150.813980503
 20
156.189185496
 30
0
 10
150.697020773
 20
156.322772413
 30
0
 10
150.480070153
 20
156.322772413
 30
0
  0
LINE
  5
847
100
AcDbEntity
  8
ShapeString005
  6
ByLayer
 62
  256
370
   -1
100
AcDbLine
 10
151.9881332
 20
154.702305029
 11
152.579195517
 21
154.702305029
  0
LINE
  5
848
100
AcDbEntity
  8
ShapeString005
  6
ByLayer
 62
  256
370
   -1
100
AcDbLine
 10
151.9881332
 20
154.44606414
 11
151.9881332
 21
154.702305029
  0
LINE
  5
849
100
AcDbEntity
  8
ShapeString005
  6
ByLayer
 62
  256
370
   -1
100
AcDbLine
 10
152.89010113
 20
154.44606414
 11
151.9881332
 21
154.44606414
  0
LINE
  5
84A
100
AcDbEntity
  8
ShapeString005
  6
ByLayer
 62
  256
370
   -1
100
AcDbLine
 10
152.89010113
 20
157.5
 11
152.89010113
 21
154.44606414
  0
LINE
  5
84B
100
AcDbEntity
  8
ShapeString005
  6
ByLayer
 62
  256
370
   -1
100
AcDbLine
 10
151.9881332
 20
157.5
 11
152.89010113
 21
157.5
  0
LINE
  5
84C
100
AcDbEntity
  8
ShapeString005
  6
ByLayer
 62
  256
370
   -1
100
AcDbLine
 10
151.9881332
 20
157.243759111
 11
151.9881332
 21
157.5
  0
LINE
  5
84D
100
AcDbEntity
  8
ShapeString005
  6
ByLayer
 62
  256
370
   -1
100
AcDbLine
 10
152.579195517
 20
157.243759111
 11
151.9881332
 21
157.243759111
  0
LINE
  5
84E
100
AcDbEntity
  8
ShapeString005
  6
ByLayer
 62
  256
370
   -1
100
AcDbLine
 10
152.579195517
 20
154.702305029
 11
152.579195517
 21
157.243759111
  0
LINE
  5
84F
100
AcDbEntity
  8
ShapeString004
  6
ByLayer
 62
  256
370
   -1
100
AcDbLine
 10
148.90196793
 20
321.44606414
 11
148
 21
321.44606414
  0
LINE
  5
850
100
AcDbEntity
  8
ShapeString004
  6
ByLayer
 62
  256
370
   -1
100
AcDbLine
 10
148.90196793
 20
321.702305029
 11
148.90196793
 21
321.44606414
  0
LINE
  5
851
100
AcDbEntity
  8
ShapeString004
  6
ByLayer
 62
  256
370
   -1
100
AcDbLine
 10
148.310905612
 20
321.702305029
 11
148.90196793
 21
321.702305029
  0
LINE
  5
852
100
AcDbEntity
  8
ShapeString004
  6
ByLayer
 62
  256
370
   -1
100
AcDbLine
 10
148.310905612
 20
324.243759111
 11
148.310905612
 21
321.702305029
  0
LINE
  5
853
100
AcDbEntity
  8
ShapeString004
  6
ByLayer
 62
  256
370
   -1
100
AcDbLine
 10
148.90196793
 20
324.243759111
 11
148.310905612
 21
324.243759111
  0
LINE
  5
854
100
AcDbEntity
  8
ShapeString004
  6
ByLayer
 62
  256
370
   -1
100
AcDbLine
 10
148.90196793
 20
324.5
 11
148.90196793
 21
324.243759111
  0
LINE
  5
855
100
AcDbEntity
  8
ShapeString004
  6
ByLayer
 62
  256
370
   -1
100
AcDbLine
 10
148
 20
324.5
 11
148.90196793
 21
324.5
  0
LINE
  5
856
100
AcDbEntity
  8
ShapeString004
  6
ByLayer
 62
  256
370
   -1
100
AcDbLine
 10
148
 20
321.44606414
 11
148
 21
324.5
  0
LINE
  5
857
100
AcDbEntity
  8
ShapeString004
  6
ByLayer
 62
  256
370
   -1
100
AcDbLine
 10
149.689139942
 20
322.098510386
 11
149.689139942
 21
322.392333273
  0
SPLINE
  5
858
100
AcDbEntity
  8
ShapeString004
  6
ByLayer
 62
  256
370
   -1
100
AcDbSpline
210
0
220
0
230
0
 70
    8
 71
    2
 72
    6
 73
    3
 74
    0
 42
1e-07
 43
1e-07
 40
0
 40
0
 40
0
 40
1
 40
1
 40
1
 10
150.297284985
 20
321.963556851
 30
0
 10
149.914631924
 20
321.963556851
 30
0
 10
149.689139942
 20
322.098510386
 30
0
  0
SPLINE
  5
859
100
AcDbEntity
  8
ShapeString004
  6
ByLayer
 62
  256
370
   -1
100
AcDbSpline
210
0
220
0
230
0
 70
    8
 71
    2
 72
    6
 73
    3
 74
    0
 42
1e-07
 43
1e-07
 40
0
 40
0
 40
0
 40
1
 40
1
 40
1
 10
150.961803025
 20
322.18141855
 30
0
 10
150.726061407
 20
321.963556851
 30
0
 10
150.297284985
 20
321.963556851
 30
0
  0
SPLINE
  5
85A
100
AcDbEntity
  8
ShapeString004
  6
ByLayer
 62
  256
370
   -1
100
AcDbSpline
210
0
220
0
230
0
 70
    8
 71
    2
 72
    6
 73
    3
 74
    0
 42
1e-07
 43
1e-07
 40
0
 40
0
 40
0
 40
1
 40
1
 40
1
 10
151.197544643
 20
322.799243805
 30
0
 10
151.197544643
 20
322.399280248
 30
0
 10
150.961803025
 20
322.18141855
 30
0
  0
SPLINE
  5
85B
100
AcDbEntity
  8
ShapeString004
  6
ByLayer
 62
  256
370
   -1
100
AcDbSpline
210
0
220
0
230
0
 70
    8
 71
    2
 72
    6
 73
    3
 74
    0
 42
1e-07
 43
1e-07
 40
0
 40
0
 40
0
 40
1
 40
1
 40
1
 10
150.976266399
 20
323.33495809
 30
0
 10
151.197544643
 20
323.139303936
 30
0
 10
151.197544643
 20
322.799243805
 30
0
  0
SPLINE
  5
85C
100
AcDbEntity
  8
ShapeString004
  6
ByLayer
 62
  256
370
   -1
100
AcDbSpline
210
0
220
0
230
0
 70
    8
 71
    2
 72
    6
 73
    3
 74
    0
 42
1e-07
 43
1e-07
 40
0
 40
0
 40
0
 40
1
 40
1
 40
1
 10
150.396364796
 20
323.530612245
 30
0
 10
150.755102041
 20
323.530612245
 30
0
 10
150.976266399
 20
323.33495809
 30
0
  0
SPLINE
  5
85D
100
AcDbEntity
  8
ShapeString004
  6
ByLayer
 62
  256
370
   -1
100
AcDbSpline
210
0
220
0
230
0
 70
    8
 71
    2
 72
    6
 73
    3
 74
    0
 42
1e-07
 43
1e-07
 40
0
 40
0
 40
0
 40
1
 40
1
 40
1
 10
150.039335824
 20
323.496446793
 30
0
 10
150.222120991
 20
323.530612245
 30
0
 10
150.396364796
 20
323.530612245
 30
0
  0
LINE
  5
85E
100
AcDbEntity
  8
ShapeString004
  6
ByLayer
 62
  256
370
   -1
100
AcDbLine
 10
150.105958455
 20
324.216426749
 11
150.039335824
 21
323.496446793
  0
LINE
  5
85F
100
AcDbEntity
  8
ShapeString004
  6
ByLayer
 62
  256
370
   -1
100
AcDbLine
 10
151.014759475
 20
324.216426749
 11
150.105958455
 21
324.216426749
  0
LINE
  5
860
100
AcDbEntity
  8
ShapeString004
  6
ByLayer
 62
  256
370
   -1
100
AcDbLine
 10
151.014759475
 20
324.5
 11
151.014759475
 21
324.216426749
  0
LINE
  5
861
100
AcDbEntity
  8
ShapeString004
  6
ByLayer
 62
  256
370
   -1
100
AcDbLine
 10
149.836051385
 20
324.5
 11
151.014759475
 21
324.5
  0
LINE
  5
862
100
AcDbEntity
  8
ShapeString004
  6
ByLayer
 62
  256
370
   -1
100
AcDbLine
 10
149.742096392
 20
323.32083637
 11
149.836051385
 21
324.5
  0
LINE
  5
863
100
AcDbEntity
  8
ShapeString004
  6
ByLayer
 62
  256
370
   -1
100
AcDbLine
 10
149.895840926
 20
323.223123178
 11
149.742096392
 21
323.32083637
  0
SPLINE
  5
864
100
AcDbEntity
  8
ShapeString004
  6
ByLayer
 62
  256
370
   -1
100
AcDbSpline
210
0
220
0
230
0
 70
    8
 71
    2
 72
    6
 73
    3
 74
    0
 42
1e-07
 43
1e-07
 40
0
 40
0
 40
0
 40
1
 40
1
 40
1
 10
150.290451895
 20
323.265829993
 30
0
 10
150.138415634
 20
323.265829993
 30
0
 10
149.895840926
 20
323.223123178
 30
0
  0
SPLINE
  5
865
100
AcDbEntity
  8
ShapeString004
  6
ByLayer
 62
  256
370
   -1
100
AcDbSpline
210
0
220
0
230
0
 70
    8
 71
    2
 72
    6
 73
    3
 74
    0
 42
1e-07
 43
1e-07
 40
0
 40
0
 40
0
 40
1
 40
1
 40
1
 10
150.878097668
 20
322.764167274
 30
0
 10
150.878097668
 20
323.265829993
 30
0
 10
150.290451895
 20
323.265829993
 30
0
  0
SPLINE
  5
866
100
AcDbEntity
  8
ShapeString004
  6
ByLayer
 62
  256
370
   -1
100
AcDbSpline
210
0
220
0
230
0
 70
    8
 71
    2
 72
    6
 73
    3
 74
    0
 42
1e-07
 43
1e-07
 40
0
 40
0
 40
0
 40
1
 40
1
 40
1
 10
150.304118076
 20
322.228339103
 30
0
 10
150.878097668
 20
322.228339103
 30
0
 10
150.878097668
 20
322.764167274
 30
0
  0
SPLINE
  5
867
100
AcDbEntity
  8
ShapeString004
  6
ByLayer
 62
  256
370
   -1
100
AcDbSpline
210
0
220
0
230
0
 70
    8
 71
    2
 72
    6
 73
    3
 74
    0
 42
1e-07
 43
1e-07
 40
0
 40
0
 40
0
 40
1
 40
1
 40
1
 10
149.689139942
 20
322.392333273
 30
0
 10
149.935131195
 20
322.228339103
 30
0
 10
150.304118076
 20
322.228339103
 30
0
  0
LINE
  5
868
100
AcDbEntity
  8
ShapeString004
  6
ByLayer
 62
  256
370
   -1
100
AcDbLine
 10
151.9881332
 20
321.702305029
 11
152.579195517
 21
321.702305029
  0
LINE
  5
869
100
AcDbEntity
  8
ShapeString004
  6
ByLayer
 62
  256
370
   -1
100
AcDbLine
 10
151.9881332
 20
321.44606414
 11
151.9881332
 21
321.702305029
  0
LINE
  5
86A
100
AcDbEntity
  8
ShapeString004
  6
ByLayer
 62
  256
370
   -1
100
AcDbLine
 10
152.89010113
 20
321.44606414
 11
151.9881332
 21
321.44606414
  0
LINE
  5
86B
100
AcDbEntity
  8
ShapeString004
  6
ByLayer
 62
  256
370
   -1
100
AcDbLine
 10
152.89010113
 20
324.5
 11
152.89010113
 21
321.44606414
  0
LINE
  5
86C
100
AcDbEntity
  8
ShapeString004
  6
ByLayer
 62
  256
370
   -1
100
AcDbLine
 10
151.9881332
 20
324.5
 11
152.89010113
 21
324.5
  0
LINE
  5
86D
100
AcDbEntity
  8
ShapeString004
  6
ByLayer
 62
  256
370
   -1
100
AcDbLine
 10
151.9881332
 20
324.243759111
 11
151.9881332
 21
324.5
  0
LINE
  5
86E
100
AcDbEntity
  8
ShapeString004
  6
ByLayer
 62
  256
370
   -1
100
AcDbLine
 10
152.579195517
 20
324.243759111
 11
151.9881332
 21
324.243759111
  0
LINE
  5
86F
100
AcDbEntity
  8
ShapeString004
  6
ByLayer
 62
  256
370
   -1
100
AcDbLine
 10
152.579195517
 20
321.702305029
 11
152.579195517
 21
324.243759111
  0
LINE
  5
870
100
AcDbEntity
  8
ShapeString003
  6
ByLayer
 62
  256
370
   -1
100
AcDbLine
 10
47.90196793
 20
247.44606414
 11
47
 21
247.44606414
  0
LINE
  5
871
100
AcDbEntity
  8
ShapeString003
  6
ByLayer
 62
  256
370
   -1
100
AcDbLine
 10
47.90196793
 20
247.702305029
 11
47.90196793
 21
247.44606414
  0
LINE
  5
872
100
AcDbEntity
  8
ShapeString003
  6
ByLayer
 62
  256
370
   -1
100
AcDbLine
 10
47.310905612
 20
247.702305029
 11
47.90196793
 21
247.702305029
  0
LINE
  5
873
100
AcDbEntity
  8
ShapeString003
  6
ByLayer
 62
  256
370
   -1
100
AcDbLine
 10
47.310905612
 20
250.243759111
 11
47.310905612
 21
247.702305029
  0
LINE
  5
874
100
AcDbEntity
  8
ShapeString003
  6
ByLayer
 62
  256
370
   -1
100
AcDbLine
 10
47.90196793
 20
250.243759111
 11
47.310905612
 21
250.243759111
  0
LINE
  5
875
100
AcDbEntity
  8
ShapeString003
  6
ByLayer
 62
  256
370
   -1
100
AcDbLine
 10
47.90196793
 20
250.5
 11
47.90196793
 21
250.243759111
  0
LINE
  5
876
100
AcDbEntity
  8
ShapeString003
  6
ByLayer
 62
  256
370
   -1
100
AcDbLine
 10
47
 20
250.5
 11
47.90196793
 21
250.5
  0
LINE
  5
877
100
AcDbEntity
  8
ShapeString003
  6
ByLayer
 62
  256
370
   -1
100
AcDbLine
 10
47
 20
247.44606414
 11
47
 21
250.5
  0
LINE
  5
878
100
AcDbEntity
  8
ShapeString003
  6
ByLayer
 62
  256
370
   -1
100
AcDbLine
 10
50.318831997
 20
248.561907799
 11
49.954969934
 21
248.561907799
  0
LINE
  5
879
100
AcDbEntity
  8
ShapeString003
  6
ByLayer
 62
  256
370
   -1
100
AcDbLine
 10
50.318831997
 20
248.84548105
 11
50.318831997
 21
248.561907799
  0
LINE
  5
87A
100
AcDbEntity
  8
ShapeString003
  6
ByLayer
 62
  256
370
   -1
100
AcDbLine
 10
49.954969934
 20
248.84548105
 11
50.318831997
 21
248.84548105
  0
LINE
  5
87B
100
AcDbEntity
  8
ShapeString003
  6
ByLayer
 62
  256
370
   -1
100
AcDbLine
 10
49.954969934
 20
250.514577259
 11
49.954969934
 21
248.84548105
  0
LINE
  5
87C
100
AcDbEntity
  8
ShapeString003
  6
ByLayer
 62
  256
370
   -1
100
AcDbLine
 10
49.633814687
 20
250.514577259
 11
49.954969934
 21
250.514577259
  0
LINE
  5
87D
100
AcDbEntity
  8
ShapeString003
  6
ByLayer
 62
  256
370
   -1
100
AcDbLine
 10
48.499521684
 20
248.833523141
 11
49.633814687
 21
250.514577259
  0
LINE
  5
87E
100
AcDbEntity
  8
ShapeString003
  6
ByLayer
 62
  256
370
   -1
100
AcDbLine
 10
48.499521684
 20
248.561907799
 11
48.499521684
 21
248.833523141
  0
LINE
  5
87F
100
AcDbEntity
  8
ShapeString003
  6
ByLayer
 62
  256
370
   -1
100
AcDbLine
 10
49.654313958
 20
248.561907799
 11
48.499521684
 21
248.561907799
  0
LINE
  5
880
100
AcDbEntity
  8
ShapeString003
  6
ByLayer
 62
  256
370
   -1
100
AcDbLine
 10
49.654313958
 20
248
 11
49.654313958
 21
248.561907799
  0
LINE
  5
881
100
AcDbEntity
  8
ShapeString003
  6
ByLayer
 62
  256
370
   -1
100
AcDbLine
 10
49.954969934
 20
248
 11
49.654313958
 21
248
  0
LINE
  5
882
100
AcDbEntity
  8
ShapeString003
  6
ByLayer
 62
  256
370
   -1
100
AcDbLine
 10
49.954969934
 20
248.561907799
 11
49.954969934
 21
248
  0
LINE
  5
883
100
AcDbEntity
  8
ShapeString003
  6
ByLayer
 62
  256
370
   -1
100
AcDbLine
 10
49.654313958
 20
248.84548105
 11
49.654313958
 21
249.454309402
  0
LINE
  5
884
100
AcDbEntity
  8
ShapeString003
  6
ByLayer
 62
  256
370
   -1
100
AcDbLine
 10
48.805302478
 20
248.84548105
 11
49.654313958
 21
248.84548105
  0
LINE
  5
885
100
AcDbEntity
  8
ShapeString003
  6
ByLayer
 62
  256
370
   -1
100
AcDbLine
 10
49.507402515
 20
249.885249636
 11
48.805302478
 21
248.84548105
  0
SPLINE
  5
886
100
AcDbEntity
  8
ShapeString003
  6
ByLayer
 62
  256
370
   -1
100
AcDbSpline
210
0
220
0
230
0
 70
    8
 71
    2
 72
    6
 73
    3
 74
    0
 42
1e-07
 43
1e-07
 40
0
 40
0
 40
0
 40
1
 40
1
 40
1
 10
49.661147048
 20
250.193080357
 30
0
 10
49.599649235
 20
250.018608783
 30
0
 10
49.507402515
 20
249.885249636
 30
0
  0
LINE
  5
887
100
AcDbEntity
  8
ShapeString003
  6
ByLayer
 62
  256
370
   -1
100
AcDbLine
 10
49.676521501
 20
250.193080357
 11
49.661147048
 21
250.193080357
  0
SPLINE
  5
888
100
AcDbEntity
  8
ShapeString003
  6
ByLayer
 62
  256
370
   -1
100
AcDbSpline
210
0
220
0
230
0
 70
    8
 71
    2
 72
    6
 73
    3
 74
    0
 42
1e-07
 43
1e-07
 40
0
 40
0
 40
0
 40
1
 40
1
 40
1
 10
49.654313958
 20
249.454309402
 30
0
 10
49.654313958
 20
249.755307034
 30
0
 10
49.676521501
 20
250.193080357
 30
0
  0
LINE
  5
889
100
AcDbEntity
  8
ShapeString003
  6
ByLayer
 62
  256
370
   -1
100
AcDbLine
 10
50.9881332
 20
247.702305029
 11
51.579195517
 21
247.702305029
  0
LINE
  5
88A
100
AcDbEntity
  8
ShapeString003
  6
ByLayer
 62
  256
370
   -1
100
AcDbLine
 10
50.9881332
 20
247.44606414
 11
50.9881332
 21
247.702305029
  0
LINE
  5
88B
100
AcDbEntity
  8
ShapeString003
  6
ByLayer
 62
  256
370
   -1
100
AcDbLine
 10
51.89010113
 20
247.44606414
 11
50.9881332
 21
247.44606414
  0
LINE
  5
88C
100
AcDbEntity
  8
ShapeString003
  6
ByLayer
 62
  256
370
   -1
100
AcDbLine
 10
51.89010113
 20
250.5
 11
51.89010113
 21
247.44606414
  0
LINE
  5
88D
100
AcDbEntity
  8
ShapeString003
  6
ByLayer
 62
  256
370
   -1
100
AcDbLine
 10
50.9881332
 20
250.5
 11
51.89010113
 21
250.5
  0
LINE
  5
88E
100
AcDbEntity
  8
ShapeString003
  6
ByLayer
 62
  256
370
   -1
100
AcDbLine
 10
50.9881332
 20
250.243759111
 11
50.9881332
 21
250.5
  0
LINE
  5
88F
100
AcDbEntity
  8
ShapeString003
  6
ByLayer
 62
  256
370
   -1
100
AcDbLine
 10
51.579195517
 20
250.243759111
 11
50.9881332
 21
250.243759111
  0
LINE
  5
890
100
AcDbEntity
  8
ShapeString003
  6
ByLayer
 62
  256
370
   -1
100
AcDbLine
 10
51.579195517
 20
247.702305029
 11
51.579195517
 21
250.243759111
  0
LINE
  5
891
100
AcDbEntity
  8
ShapeString001
  6
ByLayer
 62
  256
370
   -1
100
AcDbLine
 10
29.90196793
 20
102.44606414
 11
29
 21
102.44606414
  0
LINE
  5
892
100
AcDbEntity
  8
ShapeString001
  6
ByLayer
 62
  256
370
   -1
100
AcDbLine
 10
29.90196793
 20
102.702305029
 11
29.90196793
 21
102.44606414
  0
LINE
  5
893
100
AcDbEntity
  8
ShapeString001
  6
ByLayer
 62
  256
370
   -1
100
AcDbLine
 10
29.310905612
 20
102.702305029
 11
29.90196793
 21
102.702305029
  0
LINE
  5
894
100
AcDbEntity
  8
ShapeString001
  6
ByLayer
 62
  256
370
   -1
100
AcDbLine
 10
29.310905612
 20
105.243759111
 11
29.310905612
 21
102.702305029
  0
LINE
  5
895
100
AcDbEntity
  8
ShapeString001
  6
ByLayer
 62
  256
370
   -1
100
AcDbLine
 10
29.90196793
 20
105.243759111
 11
29.310905612
 21
105.243759111
  0
LINE
  5
896
100
AcDbEntity
  8
ShapeString001
  6
ByLayer
 62
  256
370
   -1
100
AcDbLine
 10
29.90196793
 20
105.5
 11
29.90196793
 21
105.243759111
  0
LINE
  5
897
100
AcDbEntity
  8
ShapeString001
  6
ByLayer
 62
  256
370
   -1
100
AcDbLine
 10
29
 20
105.5
 11
29.90196793
 21
105.5
  0
LINE
  5
898
100
AcDbEntity
  8
ShapeString001
  6
ByLayer
 62
  256
370
   -1
100
AcDbLine
 10
29
 20
102.44606414
 11
29
 21
105.5
  0
LINE
  5
899
100
AcDbEntity
  8
ShapeString001
  6
ByLayer
 62
  256
370
   -1
100
AcDbLine
 10
32.221460459
 20
103
 11
30.665224125
 21
103
  0
LINE
  5
89A
100
AcDbEntity
  8
ShapeString001
  6
ByLayer
 62
  256
370
   -1
100
AcDbLine
 10
32.221460459
 20
103.283573251
 11
32.221460459
 21
103
  0
LINE
  5
89B
100
AcDbEntity
  8
ShapeString001
  6
ByLayer
 62
  256
370
   -1
100
AcDbLine
 10
31.046168914
 20
103.283573251
 11
32.221460459
 21
103.283573251
  0
LINE
  5
89C
100
AcDbEntity
  8
ShapeString001
  6
ByLayer
 62
  256
370
   -1
100
AcDbLine
 10
31.046168914
 20
103.297239431
 11
31.046168914
 21
103.283573251
  0
LINE
  5
89D
100
AcDbEntity
  8
ShapeString001
  6
ByLayer
 62
  256
370
   -1
100
AcDbLine
 10
31.526193513
 20
103.808696246
 11
31.046168914
 21
103.297239431
  0
SPLINE
  5
89E
100
AcDbEntity
  8
ShapeString001
  6
ByLayer
 62
  256
370
   -1
100
AcDbSpline
210
0
220
0
230
0
 70
    8
 71
    2
 72
    6
 73
    3
 74
    0
 42
1e-07
 43
1e-07
 40
0
 40
0
 40
0
 40
1
 40
1
 40
1
 10
32.023300838
 20
104.450209548
 30
0
 10
31.922512755
 20
104.236333819
 30
0
 10
31.526193513
 20
103.808696246
 30
0
  0
SPLINE
  5
89F
100
AcDbEntity
  8
ShapeString001
  6
ByLayer
 62
  256
370
   -1
100
AcDbSpline
210
0
220
0
230
0
 70
    8
 71
    2
 72
    6
 73
    3
 74
    0
 42
1e-07
 43
1e-07
 40
0
 40
0
 40
0
 40
1
 40
1
 40
1
 10
32.124088921
 20
104.867597485
 30
0
 10
32.124088921
 20
104.664085277
 30
0
 10
32.023300838
 20
104.450209548
 30
0
  0
SPLINE
  5
8A0
100
AcDbEntity
  8
ShapeString001
  6
ByLayer
 62
  256
370
   -1
100
AcDbSpline
210
0
220
0
230
0
 70
    8
 71
    2
 72
    6
 73
    3
 74
    0
 42
1e-07
 43
1e-07
 40
0
 40
0
 40
0
 40
1
 40
1
 40
1
 10
31.932762391
 20
105.355138484
 30
0
 10
32.124088921
 20
105.173833819
 30
0
 10
32.124088921
 20
104.867597485
 30
0
  0
SPLINE
  5
8A1
100
AcDbEntity
  8
ShapeString001
  6
ByLayer
 62
  256
370
   -1
100
AcDbSpline
210
0
220
0
230
0
 70
    8
 71
    2
 72
    6
 73
    3
 74
    0
 42
1e-07
 43
1e-07
 40
0
 40
0
 40
0
 40
1
 40
1
 40
1
 10
31.410030977
 20
105.536443149
 30
0
 10
31.74143586
 20
105.536443149
 30
0
 10
31.932762391
 20
105.355138484
 30
0
  0
SPLINE
  5
8A2
100
AcDbEntity
  8
ShapeString001
  6
ByLayer
 62
  256
370
   -1
100
AcDbSpline
210
0
220
0
230
0
 70
    8
 71
    2
 72
    6
 73
    3
 74
    0
 42
1e-07
 43
1e-07
 40
0
 40
0
 40
0
 40
1
 40
1
 40
1
 10
30.689139942
 20
105.242620262
 30
0
 10
31.01712828
 20
105.536443149
 30
0
 10
31.410030977
 20
105.536443149
 30
0
  0
LINE
  5
8A3
100
AcDbEntity
  8
ShapeString001
  6
ByLayer
 62
  256
370
   -1
100
AcDbLine
 10
30.863383746
 20
105.039335824
 11
30.689139942
 21
105.242620262
  0
SPLINE
  5
8A4
100
AcDbEntity
  8
ShapeString001
  6
ByLayer
 62
  256
370
   -1
100
AcDbSpline
210
0
220
0
230
0
 70
    8
 71
    2
 72
    6
 73
    3
 74
    0
 42
1e-07
 43
1e-07
 40
0
 40
0
 40
0
 40
1
 40
1
 40
1
 10
31.406614431
 20
105.271660897
 30
0
 10
31.133290816
 20
105.271660897
 30
0
 10
30.863383746
 20
105.039335824
 30
0
  0
SPLINE
  5
8A5
100
AcDbEntity
  8
ShapeString001
  6
ByLayer
 62
  256
370
   -1
100
AcDbSpline
210
0
220
0
230
0
 70
    8
 71
    2
 72
    6
 73
    3
 74
    0
 42
1e-07
 43
1e-07
 40
0
 40
0
 40
0
 40
1
 40
1
 40
1
 10
31.699526239
 20
105.159939869
 30
0
 10
31.591107872
 20
105.271660897
 30
0
 10
31.406614431
 20
105.271660897
 30
0
  0
SPLINE
  5
8A6
100
AcDbEntity
  8
ShapeString001
  6
ByLayer
 62
  256
370
   -1
100
AcDbSpline
210
0
220
0
230
0
 70
    8
 71
    2
 72
    6
 73
    3
 74
    0
 42
1e-07
 43
1e-07
 40
0
 40
0
 40
0
 40
1
 40
1
 40
1
 10
31.808058491
 20
104.855753462
 30
0
 10
31.808058491
 20
105.048332726
 30
0
 10
31.699526239
 20
105.159939869
 30
0
  0
SPLINE
  5
8A7
100
AcDbEntity
  8
ShapeString001
  6
ByLayer
 62
  256
370
   -1
100
AcDbSpline
210
0
220
0
230
0
 70
    8
 71
    2
 72
    6
 73
    3
 74
    0
 42
1e-07
 43
1e-07
 40
0
 40
0
 40
0
 40
1
 40
1
 40
1
 10
31.70214559
 20
104.461370262
 30
0
 10
31.808058491
 20
104.640169461
 30
0
 10
31.808058491
 20
104.855753462
 30
0
  0
SPLINE
  5
8A8
100
AcDbEntity
  8
ShapeString001
  6
ByLayer
 62
  256
370
   -1
100
AcDbSpline
210
0
220
0
230
0
 70
    8
 71
    2
 72
    6
 73
    3
 74
    0
 42
1e-07
 43
1e-07
 40
0
 40
0
 40
0
 40
1
 40
1
 40
1
 10
31.263119534
 20
103.918253462
 30
0
 10
31.59623269
 20
104.282684949
 30
0
 10
31.70214559
 20
104.461370262
 30
0
  0
LINE
  5
8A9
100
AcDbEntity
  8
ShapeString001
  6
ByLayer
 62
  256
370
   -1
100
AcDbLine
 10
30.665224125
 20
103.266490525
 11
31.263119534
 21
103.918253462
  0
LINE
  5
8AA
100
AcDbEntity
  8
ShapeString001
  6
ByLayer
 62
  256
370
   -1
100
AcDbLine
 10
30.665224125
 20
103
 11
30.665224125
 21
103.266490525
  0
LINE
  5
8AB
100
AcDbEntity
  8
ShapeString001
  6
ByLayer
 62
  256
370
   -1
100
AcDbLine
 10
32.9881332
 20
102.702305029
 11
33.579195517
 21
102.702305029
  0
LINE
  5
8AC
100
AcDbEntity
  8
ShapeString001
  6
ByLayer
 62
  256
370
   -1
100
AcDbLine
 10
32.9881332
 20
102.44606414
 11
32.9881332
 21
102.702305029
  0
LINE
  5
8AD
100
AcDbEntity
  8
ShapeString001
  6
ByLayer
 62
  256
370
   -1
100
AcDbLine
 10
33.89010113
 20
102.44606414
 11
32.9881332
 21
102.44606414
  0
LINE
  5
8AE
100
AcDbEntity
  8
ShapeString001
  6
ByLayer
 62
  256
370
   -1
100
AcDbLine
 10
33.89010113
 20
105.5
 11
33.89010113
 21
102.44606414
  0
LINE
  5
8AF
100
AcDbEntity
  8
ShapeString001
  6
ByLayer
 62
  256
370
   -1
100
AcDbLine
 10
32.9881332
 20
105.5
 11
33.89010113
 21
105.5
  0
LINE
  5
8B0
100
AcDbEntity
  8
ShapeString001
  6
ByLayer
 62
  256
370
   -1
100
AcDbLine
 10
32.9881332
 20
105.243759111
 11
32.9881332
 21
105.5
  0
LINE
  5
8B1
100
AcDbEntity
  8
ShapeString001
  6
ByLayer
 62
  256
370
   -1
100
AcDbLine
 10
33.579195517
 20
105.243759111
 11
32.9881332
 21
105.243759111
  0
LINE
  5
8B2
100
AcDbEntity
  8
ShapeString001
  6
ByLayer
 62
  256
370
   -1
100
AcDbLine
 10
33.579195517
 20
102.702305029
 11
33.579195517
 21
105.243759111
  0
LINE
  5
8B3
100
AcDbEntity
  8
ShapeString002
  6
ByLayer
 62
  256
370
   -1
100
AcDbLine
 10
148.90196793
 20
282.44606414
 11
148
 21
282.44606414
  0
LINE
  5
8B4
100
AcDbEntity
  8
ShapeString002
  6
ByLayer
 62
  256
370
   -1
100
AcDbLine
 10
148.90196793
 20
282.702305029
 11
148.90196793
 21
282.44606414
  0
LINE
  5
8B5
100
AcDbEntity
  8
ShapeString002
  6
ByLayer
 62
  256
370
   -1
100
AcDbLine
 10
148.310905612
 20
282.702305029
 11
148.90196793
 21
282.702305029
  0
LINE
  5
8B6
100
AcDbEntity
  8
ShapeString002
  6
ByLayer
 62
  256
370
   -1
100
AcDbLine
 10
148.310905612
 20
285.243759111
 11
148.310905612
 21
282.702305029
  0
LINE
  5
8B7
100
AcDbEntity
  8
ShapeString002
  6
ByLayer
 62
  256
370
   -1
100
AcDbLine
 10
148.90196793
 20
285.243759111
 11
148.310905612
 21
285.243759111
  0
LINE
  5
8B8
100
AcDbEntity
  8
ShapeString002
  6
ByLayer
 62
  256
370
   -1
100
AcDbLine
 10
148.90196793
 20
285.5
 11
148.90196793
 21
285.243759111
  0
LINE
  5
8B9
100
AcDbEntity
  8
ShapeString002
  6
ByLayer
 62
  256
370
   -1
100
AcDbLine
 10
148
 20
285.5
 11
148.90196793
 21
285.5
  0
LINE
  5
8BA
100
AcDbEntity
  8
ShapeString002
  6
ByLayer
 62
  256
370
   -1
100
AcDbLine
 10
148
 20
282.44606414
 11
148
 21
285.5
  0
LINE
  5
8BB
100
AcDbEntity
  8
ShapeString002
  6
ByLayer
 62
  256
370
   -1
100
AcDbLine
 10
150.580858236
 20
284.314344934
 11
150.580858236
 21
284.304095299
  0
SPLINE
  5
8BC
100
AcDbEntity
  8
ShapeString002
  6
ByLayer
 62
  256
370
   -1
100
AcDbSpline
210
0
220
0
230
0
 70
    8
 71
    2
 72
    6
 73
    3
 74
    0
 42
1e-07
 43
1e-07
 40
0
 40
0
 40
0
 40
1
 40
1
 40
1
 10
150.980594023
 20
284.518312682
 30
0
 10
150.840515671
 20
284.358873907
 30
0
 10
150.580858236
 20
284.314344934
 30
0
  0
SPLINE
  5
8BD
100
AcDbEntity
  8
ShapeString002
  6
ByLayer
 62
  256
370
   -1
100
AcDbSpline
210
0
220
0
230
0
 70
    8
 71
    2
 72
    6
 73
    3
 74
    0
 42
1e-07
 43
1e-07
 40
0
 40
0
 40
0
 40
1
 40
1
 40
1
 10
151.120672376
 20
284.91429027
 30
0
 10
151.120672376
 20
284.677751458
 30
0
 10
150.980594023
 20
284.518312682
 30
0
  0
SPLINE
  5
8BE
100
AcDbEntity
  8
ShapeString002
  6
ByLayer
 62
  256
370
   -1
100
AcDbSpline
210
0
220
0
230
0
 70
    8
 71
    2
 72
    6
 73
    3
 74
    0
 42
1e-07
 43
1e-07
 40
0
 40
0
 40
0
 40
1
 40
1
 40
1
 10
150.923309949
 20
285.366754738
 30
0
 10
151.120672376
 20
285.197066327
 30
0
 10
151.120672376
 20
284.91429027
 30
0
  0
SPLINE
  5
8BF
100
AcDbEntity
  8
ShapeString002
  6
ByLayer
 62
  256
370
   -1
100
AcDbSpline
210
0
220
0
230
0
 70
    8
 71
    2
 72
    6
 73
    3
 74
    0
 42
1e-07
 43
1e-07
 40
0
 40
0
 40
0
 40
1
 40
1
 40
1
 10
150.374157252
 20
285.536443149
 30
0
 10
150.726061407
 20
285.536443149
 30
0
 10
150.923309949
 20
285.366754738
 30
0
  0
SPLINE
  5
8C0
100
AcDbEntity
  8
ShapeString002
  6
ByLayer
 62
  256
370
   -1
100
AcDbSpline
210
0
220
0
230
0
 70
    8
 71
    2
 72
    6
 73
    3
 74
    0
 42
1e-07
 43
1e-07
 40
0
 40
0
 40
0
 40
1
 40
1
 40
1
 10
149.629350401
 20
285.280202259
 30
0
 10
149.948797376
 20
285.536443149
 30
0
 10
150.374157252
 20
285.536443149
 30
0
  0
LINE
  5
8C1
100
AcDbEntity
  8
ShapeString002
  6
ByLayer
 62
  256
370
   -1
100
AcDbLine
 10
149.78651148
 20
285.066668185
 11
149.629350401
 21
285.280202259
  0
SPLINE
  5
8C2
100
AcDbEntity
  8
ShapeString002
  6
ByLayer
 62
  256
370
   -1
100
AcDbSpline
210
0
220
0
230
0
 70
    8
 71
    2
 72
    6
 73
    3
 74
    0
 42
1e-07
 43
1e-07
 40
0
 40
0
 40
0
 40
1
 40
1
 40
1
 10
150.374157252
 20
285.271660897
 30
0
 10
150.07008473
 20
285.271660897
 30
0
 10
149.78651148
 20
285.066668185
 30
0
  0
SPLINE
  5
8C3
100
AcDbEntity
  8
ShapeString002
  6
ByLayer
 62
  256
370
   -1
100
AcDbSpline
210
0
220
0
230
0
 70
    8
 71
    2
 72
    6
 73
    3
 74
    0
 42
1e-07
 43
1e-07
 40
0
 40
0
 40
0
 40
1
 40
1
 40
1
 10
150.685062864
 20
285.17007562
 30
0
 10
150.568900328
 20
285.271660897
 30
0
 10
150.374157252
 20
285.271660897
 30
0
  0
SPLINE
  5
8C4
100
AcDbEntity
  8
ShapeString002
  6
ByLayer
 62
  256
370
   -1
100
AcDbSpline
210
0
220
0
230
0
 70
    8
 71
    2
 72
    6
 73
    3
 74
    0
 42
1e-07
 43
1e-07
 40
0
 40
0
 40
0
 40
1
 40
1
 40
1
 10
150.801225401
 20
284.894246538
 30
0
 10
150.801225401
 20
285.068490343
 30
0
 10
150.685062864
 20
285.17007562
 30
0
  0
SPLINE
  5
8C5
100
AcDbEntity
  8
ShapeString002
  6
ByLayer
 62
  256
370
   -1
100
AcDbSpline
210
0
220
0
230
0
 70
    8
 71
    2
 72
    6
 73
    3
 74
    0
 42
1e-07
 43
1e-07
 40
0
 40
0
 40
0
 40
1
 40
1
 40
1
 10
150.650897413
 20
284.550997631
 30
0
 10
150.801225401
 20
284.680826348
 30
0
 10
150.801225401
 20
284.894246538
 30
0
  0
SPLINE
  5
8C6
100
AcDbEntity
  8
ShapeString002
  6
ByLayer
 62
  256
370
   -1
100
AcDbSpline
210
0
220
0
230
0
 70
    8
 71
    2
 72
    6
 73
    3
 74
    0
 42
1e-07
 43
1e-07
 40
0
 40
0
 40
0
 40
1
 40
1
 40
1
 10
150.227245809
 20
284.421282799
 30
0
 10
150.500569424
 20
284.421282799
 30
0
 10
150.650897413
 20
284.550997631
 30
0
  0
LINE
  5
8C7
100
AcDbEntity
  8
ShapeString002
  6
ByLayer
 62
  256
370
   -1
100
AcDbLine
 10
150.000045554
 20
284.421282799
 11
150.227245809
 21
284.421282799
  0
LINE
  5
8C8
100
AcDbEntity
  8
ShapeString002
  6
ByLayer
 62
  256
370
   -1
100
AcDbLine
 10
150.000045554
 20
284.156500547
 11
150.000045554
 21
284.421282799
  0
LINE
  5
8C9
100
AcDbEntity
  8
ShapeString002
  6
ByLayer
 62
  256
370
   -1
100
AcDbLine
 10
150.227245809
 20
284.156500547
 11
150.000045554
 21
284.156500547
  0
SPLINE
  5
8CA
100
AcDbEntity
  8
ShapeString002
  6
ByLayer
 62
  256
370
   -1
100
AcDbSpline
210
0
220
0
230
0
 70
    8
 71
    2
 72
    6
 73
    3
 74
    0
 42
1e-07
 43
1e-07
 40
0
 40
0
 40
0
 40
1
 40
1
 40
1
 10
150.878097668
 20
283.718727223
 30
0
 10
150.878097668
 20
284.156500547
 30
0
 10
150.227245809
 20
284.156500547
 30
0
  0
SPLINE
  5
8CB
100
AcDbEntity
  8
ShapeString002
  6
ByLayer
 62
  256
370
   -1
100
AcDbSpline
210
0
220
0
230
0
 70
    8
 71
    2
 72
    6
 73
    3
 74
    0
 42
1e-07
 43
1e-07
 40
0
 40
0
 40
0
 40
1
 40
1
 40
1
 10
150.273369169
 20
283.228339103
 30
0
 10
150.878097668
 20
283.228339103
 30
0
 10
150.878097668
 20
283.718727223
 30
0
  0
SPLINE
  5
8CC
100
AcDbEntity
  8
ShapeString002
  6
ByLayer
 62
  256
370
   -1
100
AcDbSpline
210
0
220
0
230
0
 70
    8
 71
    2
 72
    6
 73
    3
 74
    0
 42
1e-07
 43
1e-07
 40
0
 40
0
 40
0
 40
1
 40
1
 40
1
 10
149.619100765
 20
283.388916727
 30
0
 10
149.933422923
 20
283.228339103
 30
0
 10
150.273369169
 20
283.228339103
 30
0
  0
LINE
  5
8CD
100
AcDbEntity
  8
ShapeString002
  6
ByLayer
 62
  256
370
   -1
100
AcDbLine
 10
149.619100765
 20
283.098510386
 11
149.619100765
 21
283.388916727
  0
SPLINE
  5
8CE
100
AcDbEntity
  8
ShapeString002
  6
ByLayer
 62
  256
370
   -1
100
AcDbSpline
210
0
220
0
230
0
 70
    8
 71
    2
 72
    6
 73
    3
 74
    0
 42
1e-07
 43
1e-07
 40
0
 40
0
 40
0
 40
1
 40
1
 40
1
 10
150.280202259
 20
282.963556851
 30
0
 10
149.866800292
 20
282.963556851
 30
0
 10
149.619100765
 20
283.098510386
 30
0
  0
SPLINE
  5
8CF
100
AcDbEntity
  8
ShapeString002
  6
ByLayer
 62
  256
370
   -1
100
AcDbSpline
210
0
220
0
230
0
 70
    8
 71
    2
 72
    6
 73
    3
 74
    0
 42
1e-07
 43
1e-07
 40
0
 40
0
 40
0
 40
1
 40
1
 40
1
 10
150.961803025
 20
283.162741436
 30
0
 10
150.726061407
 20
282.963556851
 30
0
 10
150.280202259
 20
282.963556851
 30
0
  0
SPLINE
  5
8D0
100
AcDbEntity
  8
ShapeString002
  6
ByLayer
 62
  256
370
   -1
100
AcDbSpline
210
0
220
0
230
0
 70
    8
 71
    2
 72
    6
 73
    3
 74
    0
 42
1e-07
 43
1e-07
 40
0
 40
0
 40
0
 40
1
 40
1
 40
1
 10
151.197544643
 20
283.709047012
 30
0
 10
151.197544643
 20
283.36192602
 30
0
 10
150.961803025
 20
283.162741436
 30
0
  0
SPLINE
  5
8D1
100
AcDbEntity
  8
ShapeString002
  6
ByLayer
 62
  256
370
   -1
100
AcDbSpline
210
0
220
0
230
0
 70
    8
 71
    2
 72
    6
 73
    3
 74
    0
 42
1e-07
 43
1e-07
 40
0
 40
0
 40
0
 40
1
 40
1
 40
1
 10
150.580858236
 20
284.304095299
 30
0
 10
151.197544643
 20
284.223692602
 30
0
 10
151.197544643
 20
283.709047012
 30
0
  0
LINE
  5
8D2
100
AcDbEntity
  8
ShapeString002
  6
ByLayer
 62
  256
370
   -1
100
AcDbLine
 10
151.9881332
 20
282.702305029
 11
152.579195517
 21
282.702305029
  0
LINE
  5
8D3
100
AcDbEntity
  8
ShapeString002
  6
ByLayer
 62
  256
370
   -1
100
AcDbLine
 10
151.9881332
 20
282.44606414
 11
151.9881332
 21
282.702305029
  0
LINE
  5
8D4
100
AcDbEntity
  8
ShapeString002
  6
ByLayer
 62
  256
370
   -1
100
AcDbLine
 10
152.89010113
 20
282.44606414
 11
151.9881332
 21
282.44606414
  0
LINE
  5
8D5
100
AcDbEntity
  8
ShapeString002
  6
ByLayer
 62
  256
370
   -1
100
AcDbLine
 10
152.89010113
 20
285.5
 11
152.89010113
 21
282.44606414
  0
LINE
  5
8D6
100
AcDbEntity
  8
ShapeString002
  6
ByLayer
 62
  256
370
   -1
100
AcDbLine
 10
151.9881332
 20
285.5
 11
152.89010113
 21
285.5
  0
LINE
  5
8D7
100
AcDbEntity
  8
ShapeString002
  6
ByLayer
 62
  256
370
   -1
100
AcDbLine
 10
151.9881332
 20
285.243759111
 11
151.9881332
 21
285.5
  0
LINE
  5
8D8
100
AcDbEntity
  8
ShapeString002
  6
ByLayer
 62
  256
370
   -1
100
AcDbLine
 10
152.579195517
 20
285.243759111
 11
151.9881332
 21
285.243759111
  0
LINE
  5
8D9
100
AcDbEntity
  8
ShapeString002
  6
ByLayer
 62
  256
370
   -1
100
AcDbLine
 10
152.579195517
 20
282.702305029
 11
152.579195517
 21
285.243759111
  0
LINE
  5
8DA
100
AcDbEntity
  8
ShapeString
  6
ByLayer
 62
  256
370
   -1
100
AcDbLine
 10
166.90196793
 20
102.44606414
 11
166
 21
102.44606414
  0
LINE
  5
8DB
100
AcDbEntity
  8
ShapeString
  6
ByLayer
 62
  256
370
   -1
100
AcDbLine
 10
166.90196793
 20
102.702305029
 11
166.90196793
 21
102.44606414
  0
LINE
  5
8DC
100
AcDbEntity
  8
ShapeString
  6
ByLayer
 62
  256
370
   -1
100
AcDbLine
 10
166.310905612
 20
102.702305029
 11
166.90196793
 21
102.702305029
  0
LINE
  5
8DD
100
AcDbEntity
  8
ShapeString
  6
ByLayer
 62
  256
370
   -1
100
AcDbLine
 10
166.310905612
 20
105.243759111
 11
166.310905612
 21
102.702305029
  0
LINE
  5
8DE
100
AcDbEntity
  8
ShapeString
  6
ByLayer
 62
  256
370
   -1
100
AcDbLine
 10
166.90196793
 20
105.243759111
 11
166.310905612
 21
105.243759111
  0
LINE
  5
8DF
100
AcDbEntity
  8
ShapeString
  6
ByLayer
 62
  256
370
   -1
100
AcDbLine
 10
166.90196793
 20
105.5
 11
166.90196793
 21
105.243759111
  0
LINE
  5
8E0
100
AcDbEntity
  8
ShapeString
  6
ByLayer
 62
  256
370
   -1
100
AcDbLine
 10
166
 20
105.5
 11
166.90196793
 21
105.5
  0
LINE
  5
8E1
100
AcDbEntity
  8
ShapeString
  6
ByLayer
 62
  256
370
   -1
100
AcDbLine
 10
166
 20
102.44606414
 11
166
 21
105.5
  0
LINE
  5
8E2
100
AcDbEntity
  8
ShapeString
  6
ByLayer
 62
  256
370
   -1
100
AcDbLine
 10
168.690187682
 20
103
 11
168.389531706
 21
103
  0
LINE
  5
8E3
100
AcDbEntity
  8
ShapeString
  6
ByLayer
 62
  256
370
   -1
100
AcDbLine
 10
168.690187682
 20
105.5
 11
168.690187682
 21
103
  0
LINE
  5
8E4
100
AcDbEntity
  8
ShapeString
  6
ByLayer
 62
  256
370
   -1
100
AcDbLine
 10
168.433946793
 20
105.5
 11
168.690187682
 21
105.5
  0
LINE
  5
8E5
100
AcDbEntity
  8
ShapeString
  6
ByLayer
 62
  256
370
   -1
100
AcDbLine
 10
167.779678389
 20
104.988770955
 11
168.433946793
 21
105.5
  0
LINE
  5
8E6
100
AcDbEntity
  8
ShapeString
  6
ByLayer
 62
  256
370
   -1
100
AcDbLine
 10
167.945380831
 20
104.778425656
 11
167.779678389
 21
104.988770955
  0
LINE
  5
8E7
100
AcDbEntity
  8
ShapeString
  6
ByLayer
 62
  256
370
   -1
100
AcDbLine
 10
168.196496902
 20
104.98535441
 11
167.945380831
 21
104.778425656
  0
SPLINE
  5
8E8
100
AcDbEntity
  8
ShapeString
  6
ByLayer
 62
  256
370
   -1
100
AcDbSpline
210
0
220
0
230
0
 70
    8
 71
    2
 72
    6
 73
    3
 74
    0
 42
1e-07
 43
1e-07
 40
0
 40
0
 40
0
 40
1
 40
1
 40
1
 10
168.403197886
 20
105.178503098
 30
0
 10
168.336575255
 20
105.104933491
 30
0
 10
168.196496902
 20
104.98535441
 30
0
  0
SPLINE
  5
8E9
100
AcDbEntity
  8
ShapeString
  6
ByLayer
 62
  256
370
   -1
100
AcDbSpline
210
0
220
0
230
0
 70
    8
 71
    2
 72
    6
 73
    3
 74
    0
 42
1e-07
 43
1e-07
 40
0
 40
0
 40
0
 40
1
 40
1
 40
1
 10
168.389531706
 20
104.561247267
 30
0
 10
168.389531706
 20
104.769770408
 30
0
 10
168.403197886
 20
105.178503098
 30
0
  0
LINE
  5
8EA
100
AcDbEntity
  8
ShapeString
  6
ByLayer
 62
  256
370
   -1
100
AcDbLine
 10
168.389531706
 20
103
 11
168.389531706
 21
104.561247267
  0
LINE
  5
8EB
100
AcDbEntity
  8
ShapeString
  6
ByLayer
 62
  256
370
   -1
100
AcDbLine
 10
169.9881332
 20
102.702305029
 11
170.579195517
 21
102.702305029
  0
LINE
  5
8EC
100
AcDbEntity
  8
ShapeString
  6
ByLayer
 62
  256
370
   -1
100
AcDbLine
 10
169.9881332
 20
102.44606414
 11
169.9881332
 21
102.702305029
  0
LINE
  5
8ED
100
AcDbEntity
  8
ShapeString
  6
ByLayer
 62
  256
370
   -1
100
AcDbLine
 10
170.89010113
 20
102.44606414
 11
169.9881332
 21
102.44606414
  0
LINE
  5
8EE
100
AcDbEntity
  8
ShapeString
  6
ByLayer
 62
  256
370
   -1
100
AcDbLine
 10
170.89010113
 20
105.5
 11
170.89010113
 21
102.44606414
  0
LINE
  5
8EF
100
AcDbEntity
  8
ShapeString
  6
ByLayer
 62
  256
370
   -1
100
AcDbLine
 10
169.9881332
 20
105.5
 11
170.89010113
 21
105.5
  0
LINE
  5
8F0
100
AcDbEntity
  8
ShapeString
  6
ByLayer
 62
  256
370
   -1
100
AcDbLine
 10
169.9881332
 20
105.243759111
 11
169.9881332
 21
105.5
  0
LINE
  5
8F1
100
AcDbEntity
  8
ShapeString
  6
ByLayer
 62
  256
370
   -1
100
AcDbLine
 10
170.579195517
 20
105.243759111
 11
169.9881332
 21
105.243759111
  0
LINE
  5
8F2
100
AcDbEntity
  8
ShapeString
  6
ByLayer
 62
  256
370
   -1
100
AcDbLine
 10
170.579195517
 20
102.702305029
 11
170.579195517
 21
105.243759111
  0
LINE
  5
8F3
100
AcDbEntity
  8
ShapeString006
  6
ByLayer
 62
  256
370
   -1
100
AcDbLine
 10
47.90196793
 20
328.44606414
 11
47
 21
328.44606414
  0
LINE
  5
8F4
100
AcDbEntity
  8
ShapeString006
  6
ByLayer
 62
  256
370
   -1
100
AcDbLine
 10
47.90196793
 20
328.702305029
 11
47.90196793
 21
328.44606414
  0
LINE
  5
8F5
100
AcDbEntity
  8
ShapeString006
  6
ByLayer
 62
  256
370
   -1
100
AcDbLine
 10
47.310905612
 20
328.702305029
 11
47.90196793
 21
328.702305029
  0
LINE
  5
8F6
100
AcDbEntity
  8
ShapeString006
  6
ByLayer
 62
  256
370
   -1
100
AcDbLine
 10
47.310905612
 20
331.243759111
 11
47.310905612
 21
328.702305029
  0
LINE
  5
8F7
100
AcDbEntity
  8
ShapeString006
  6
ByLayer
 62
  256
370
   -1
100
AcDbLine
 10
47.90196793
 20
331.243759111
 11
47.310905612
 21
331.243759111
  0
LINE
  5
8F8
100
AcDbEntity
  8
ShapeString006
  6
ByLayer
 62
  256
370
   -1
100
AcDbLine
 10
47.90196793
 20
331.5
 11
47.90196793
 21
331.243759111
  0
LINE
  5
8F9
100
AcDbEntity
  8
ShapeString006
  6
ByLayer
 62
  256
370
   -1
100
AcDbLine
 10
47
 20
331.5
 11
47.90196793
 21
331.5
  0
LINE
  5
8FA
100
AcDbEntity
  8
ShapeString006
  6
ByLayer
 62
  256
370
   -1
100
AcDbLine
 10
47
 20
328.44606414
 11
47
 21
331.5
  0
LINE
  5
8FB
100
AcDbEntity
  8
ShapeString006
  6
ByLayer
 62
  256
370
   -1
100
AcDbLine
 10
48.965880102
 20
329
 11
49.927637573
 21
331.216426749
  0
LINE
  5
8FC
100
AcDbEntity
  8
ShapeString006
  6
ByLayer
 62
  256
370
   -1
100
AcDbLine
 10
49.297284985
 20
329
 11
48.965880102
 21
329
  0
LINE
  5
8FD
100
AcDbEntity
  8
ShapeString006
  6
ByLayer
 62
  256
370
   -1
100
AcDbLine
 10
50.245376276
 20
331.252300474
 11
49.297284985
 21
329
  0
LINE
  5
8FE
100
AcDbEntity
  8
ShapeString006
  6
ByLayer
 62
  256
370
   -1
100
AcDbLine
 10
50.245376276
 20
331.5
 11
50.245376276
 21
331.252300474
  0
LINE
  5
8FF
100
AcDbEntity
  8
ShapeString006
  6
ByLayer
 62
  256
370
   -1
100
AcDbLine
 10
48.639600036
 20
331.5
 11
50.245376276
 21
331.5
  0
LINE
  5
900
100
AcDbEntity
  8
ShapeString006
  6
ByLayer
 62
  256
370
   -1
100
AcDbLine
 10
48.639600036
 20
331.216426749
 11
48.639600036
 21
331.5
  0
LINE
  5
901
100
AcDbEntity
  8
ShapeString006
  6
ByLayer
 62
  256
370
   -1
100
AcDbLine
 10
49.927637573
 20
331.216426749
 11
48.639600036
 21
331.216426749
  0
LINE
  5
902
100
AcDbEntity
  8
ShapeString006
  6
ByLayer
 62
  256
370
   -1
100
AcDbLine
 10
50.9881332
 20
328.702305029
 11
51.579195517
 21
328.702305029
  0
LINE
  5
903
100
AcDbEntity
  8
ShapeString006
  6
ByLayer
 62
  256
370
   -1
100
AcDbLine
 10
50.9881332
 20
328.44606414
 11
50.9881332
 21
328.702305029
  0
LINE
  5
904
100
AcDbEntity
  8
ShapeString006
  6
ByLayer
 62
  256
370
   -1
100
AcDbLine
 10
51.89010113
 20
328.44606414
 11
50.9881332
 21
328.44606414
  0
LINE
  5
905
100
AcDbEntity
  8
ShapeString006
  6
ByLayer
 62
  256
370
   -1
100
AcDbLine
 10
51.89010113
 20
331.5
 11
51.89010113
 21
328.44606414
  0
LINE
  5
906
100
AcDbEntity
  8
ShapeString006
  6
ByLayer
 62
  256
370
   -1
100
AcDbLine
 10
50.9881332
 20
331.5
 11
51.89010113
 21
331.5
  0
LINE
  5
907
100
AcDbEntity
  8
ShapeString006
  6
ByLayer
 62
  256
370
   -1
100
AcDbLine
 10
50.9881332
 20
331.243759111
 11
50.9881332
 21
331.5
  0
LINE
  5
908
100
AcDbEntity
  8
ShapeString006
  6
ByLayer
 62
  256
370
   -1
100
AcDbLine
 10
51.579195517
 20
331.243759111
 11
50.9881332
 21
331.243759111
  0
LINE
  5
909
100
AcDbEntity
  8
ShapeString006
  6
ByLayer
 62
  256
370
   -1
100
AcDbLine
 10
51.579195517
 20
328.702305029
 11
51.579195517
 21
331.243759111
  0
LINE
  5
90A
100
AcDbEntity
  8
Sketch004
  6
ByLayer
 62
  256
370
   -1
100
AcDbLine
 10
87.59999999999999
 20
144.799078
 11
87.59999999999999
 21
144.475006
  0
LINE
  5
90B
100
AcDbEntity
  8
Sketch004
  6
ByLayer
 62
  256
370
   -1
100
AcDbLine
 10
87.09999999999999
 20
143.975
 11
87.59999999999999
 21
144.475006
  0
LINE
  5
90C
100
AcDbEntity
  8
Sketch004
  6
ByLayer
 62
  256
370
   -1
100
AcDbLine
 10
85.00866042299999
 20
143.975
 11
87.09999999999999
 21
143.975
  0
ARC
  5
90D
100
AcDbEntity
  8
Sketch004
  6
ByLayer
 62
  256
370
   -1
100
AcDbCircle
 10
84.835166667
 20
143.874833333
 40
0.200333333
100
AcDbArc
 50
30
 51
-120
  0
LINE
  5
90E
100
AcDbEntity
  8
Sketch004
  6
ByLayer
 62
  256
370
   -1
100
AcDbLine
 10
84.735
 20
139.511688
 11
84.735
 21
143.701339577
  0
LINE
  5
90F
100
AcDbEntity
  8
Sketch004
  6
ByLayer
 62
  256
370
   -1
100
AcDbLine
 10
84.735
 20
138.511688
 11
84.735
 21
139.511688
  0
LINE
  5
910
100
AcDbEntity
  8
Sketch004
  6
ByLayer
 62
  256
370
   -1
100
AcDbLine
 10
84.735
 20
134.298660423
 11
84.735
 21
138.511688
  0
ARC
  5
911
100
AcDbEntity
  8
Sketch004
  6
ByLayer
 62
  256
370
   -1
100
AcDbCircle
 10
84.835166667
 20
134.125166667
 40
0.200333333
100
AcDbArc
 50
120
 51
-30
  0
LINE
  5
912
100
AcDbEntity
  8
Sketch004
  6
ByLayer
 62
  256
370
   -1
100
AcDbLine
 10
85.00866042299999
 20
134.025
 11
87.09999999999999
 21
134.025
  0
LINE
  5
913
100
AcDbEntity
  8
Sketch004
  6
ByLayer
 62
  256
370
   -1
100
AcDbLine
 10
87.59999999999999
 20
133.525
 11
87.09999999999999
 21
134.025
  0
LINE
  5
914
100
AcDbEntity
  8
Sketch004
  6
ByLayer
 62
  256
370
   -1
100
AcDbLine
 10
87.59999999999999
 20
133.525
 11
87.59999999999999
 21
119.5
  0
LINE
  5
915
100
AcDbEntity
  8
Sketch004
  6
ByLayer
 62
  256
370
   -1
100
AcDbLine
 10
87.09999999999999
 20
119
 11
87.59999999999999
 21
119.5
  0
LINE
  5
916
100
AcDbEntity
  8
Sketch004
  6
ByLayer
 62
  256
370
   -1
100
AcDbLine
 10
87.09999999999999
 20
119
 11
55.061666667
 21
119
  0
ARC
  5
917
100
AcDbEntity
  8
Sketch004
  6
ByLayer
 62
  256
370
   -1
100
AcDbCircle
 10
54.875
 20
119
 40
0.186666667
100
AcDbArc
 50
0
 51
180
  0
ARC
  5
918
100
AcDbEntity
  8
Sketch004
  6
ByLayer
 62
  256
370
   -1
100
AcDbCircle
 10
54.875
 20
119
 40
0.186666667
100
AcDbArc
 50
180
 51
-90
  0
LINE
  5
919
100
AcDbEntity
  8
Sketch004
  6
ByLayer
 62
  256
370
   -1
100
AcDbLine
 10
54.875
 20
118.813333333
 11
54.875
 21
116.7
  0
LINE
  5
91A
100
AcDbEntity
  8
Sketch004
  6
ByLayer
 62
  256
370
   -1
100
AcDbLine
 10
54.375
 20
116.2
 11
54.875
 21
116.7
  0
LINE
  5
91B
100
AcDbEntity
  8
Sketch004
  6
ByLayer
 62
  256
370
   -1
100
AcDbLine
 10
45.225
 20
116.2
 11
54.375
 21
116.2
  0
LINE
  5
91C
100
AcDbEntity
  8
Sketch004
  6
ByLayer
 62
  256
370
   -1
100
AcDbLine
 10
44.725
 20
116.7
 11
45.225
 21
116.2
  0
LINE
  5
91D
100
AcDbEntity
  8
Sketch004
  6
ByLayer
 62
  256
370
   -1
100
AcDbLine
 10
44.725
 20
118.813333333
 11
44.725
 21
116.7
  0
ARC
  5
91E
100
AcDbEntity
  8
Sketch004
  6
ByLayer
 62
  256
370
   -1
100
AcDbCircle
 10
44.725
 20
119
 40
0.186666667
100
AcDbArc
 50
-90
 51
0
  0
ARC
  5
91F
100
AcDbEntity
  8
Sketch004
  6
ByLayer
 62
  256
370
   -1
100
AcDbCircle
 10
44.725
 20
119
 40
0.186666667
100
AcDbArc
 50
0
 51
180
  0
LINE
  5
920
100
AcDbEntity
  8
Sketch004
  6
ByLayer
 62
  256
370
   -1
100
AcDbLine
 10
44.538333333
 20
119
 11
12.5
 21
119
  0
LINE
  5
921
100
AcDbEntity
  8
Sketch004
  6
ByLayer
 62
  256
370
   -1
100
AcDbLine
 10
12
 20
119.5
 11
12.5
 21
119
  0
LINE
  5
922
100
AcDbEntity
  8
Sketch004
  6
ByLayer
 62
  256
370
   -1
100
AcDbLine
 10
12
 20
133.525
 11
12
 21
119.5
  0
LINE
  5
923
100
AcDbEntity
  8
Sketch004
  6
ByLayer
 62
  256
370
   -1
100
AcDbLine
 10
12.5
 20
134.025
 11
12
 21
133.525
  0
LINE
  5
924
100
AcDbEntity
  8
Sketch004
  6
ByLayer
 62
  256
370
   -1
100
AcDbLine
 10
12.5
 20
134.025
 11
14.591339577
 21
134.025
  0
ARC
  5
925
100
AcDbEntity
  8
Sketch004
  6
ByLayer
 62
  256
370
   -1
100
AcDbCircle
 10
14.764833333
 20
134.125166667
 40
0.200333333
100
AcDbArc
 50
-150
 51
0
  0
ARC
  5
926
100
AcDbEntity
  8
Sketch004
  6
ByLayer
 62
  256
370
   -1
100
AcDbCircle
 10
14.764833333
 20
134.125166667
 40
0.200333333
100
AcDbArc
 50
0
 51
59.99999999999999
  0
LINE
  5
927
100
AcDbEntity
  8
Sketch004
  6
ByLayer
 62
  256
370
   -1
100
AcDbLine
 10
14.865
 20
134.298660423
 11
14.865
 21
138.511688
  0
LINE
  5
928
100
AcDbEntity
  8
Sketch004
  6
ByLayer
 62
  256
370
   -1
100
AcDbLine
 10
14.865
 20
139.511688
 11
14.865
 21
138.511688
  0
LINE
  5
929
100
AcDbEntity
  8
Sketch004
  6
ByLayer
 62
  256
370
   -1
100
AcDbLine
 10
14.865
 20
139.511688
 11
14.865
 21
143.701339577
  0
ARC
  5
92A
100
AcDbEntity
  8
Sketch004
  6
ByLayer
 62
  256
370
   -1
100
AcDbCircle
 10
14.764833333
 20
143.874833333
 40
0.200333333
100
AcDbArc
 50
-59.99999999999999
 51
0
  0
ARC
  5
92B
100
AcDbEntity
  8
Sketch004
  6
ByLayer
 62
  256
370
   -1
100
AcDbCircle
 10
14.764833333
 20
143.874833333
 40
0.200333333
100
AcDbArc
 50
0
 51
150
  0
LINE
  5
92C
100
AcDbEntity
  8
Sketch004
  6
ByLayer
 62
  256
370
   -1
100
AcDbLine
 10
12.5
 20
143.975
 11
14.591339577
 21
143.975
  0
LINE
  5
92D
100
AcDbEntity
  8
Sketch004
  6
ByLayer
 62
  256
370
   -1
100
AcDbLine
 10
12
 20
144.475
 11
12.5
 21
143.975
  0
LINE
  5
92E
100
AcDbEntity
  8
Sketch004
  6
ByLayer
 62
  256
370
   -1
100
AcDbLine
 10
12
 20
144.475
 11
12
 21
144.807602
  0
LINE
  5
92F
100
AcDbEntity
  8
Sketch004
  6
ByLayer
 62
  256
370
   -1
100
AcDbLine
 10
87.59999999999999
 20
159.4
 11
87.59999999999999
 21
157.8
  0
LINE
  5
930
100
AcDbEntity
  8
Sketch004
  6
ByLayer
 62
  256
370
   -1
100
AcDbLine
 10
87.59999999999999
 20
157.8
 11
87.59999999999999
 21
145.797625
  0
ARC
  5
931
100
AcDbEntity
  8
Sketch004
  6
ByLayer
 62
  256
370
   -1
100
AcDbCircle
 10
87.2
 20
157.8
 40
0.4
100
AcDbArc
 50
0
 51
90
  0
LINE
  5
932
100
AcDbEntity
  8
Sketch004
  6
ByLayer
 62
  256
370
   -1
100
AcDbLine
 10
73.59999999999999
 20
158.2
 11
87.2
 21
158.2
  0
ARC
  5
933
100
AcDbEntity
  8
Sketch004
  6
ByLayer
 62
  256
370
   -1
100
AcDbCircle
 10
73.59999999999999
 20
158.6
 40
0.4
100
AcDbArc
 50
90
 51
-90
  0
LINE
  5
934
100
AcDbEntity
  8
Sketch004
  6
ByLayer
 62
  256
370
   -1
100
AcDbLine
 10
87.2
 20
159
 11
73.59999999999999
 21
159
  0
ARC
  5
935
100
AcDbEntity
  8
Sketch004
  6
ByLayer
 62
  256
370
   -1
100
AcDbCircle
 10
87.2
 20
159.4
 40
0.4
100
AcDbArc
 50
-90
 51
0
  0
LINE
  5
936
100
AcDbEntity
  8
Sketch004
  6
ByLayer
 62
  256
370
   -1
100
AcDbLine
 10
87.59999999999999
 20
161.552786405
 11
87.59999999999999
 21
159.4
  0
ARC
  5
937
100
AcDbEntity
  8
Sketch004
  6
ByLayer
 62
  256
370
   -1
100
AcDbCircle
 10
87.2
 20
161.552786405
 40
0.4
100
AcDbArc
 50
0
 51
63.43494882299999
  0
LINE
  5
938
100
AcDbEntity
  8
Sketch004
  6
ByLayer
 62
  256
370
   -1
100
AcDbLine
 10
87.378885438
 20
161.910557281
 11
85.59999999999999
 21
162.8
  0
LINE
  5
939
100
AcDbEntity
  8
Sketch004
  6
ByLayer
 62
  256
370
   -1
100
AcDbLine
 10
85.59999999999999
 20
162.8
 11
85.59999999999999
 21
161.8
  0
LINE
  5
93A
100
AcDbEntity
  8
Sketch004
  6
ByLayer
 62
  256
370
   -1
100
AcDbLine
 10
85.59999999999999
 20
161.8
 11
82.8
 21
161.8
  0
LINE
  5
93B
100
AcDbEntity
  8
Sketch004
  6
ByLayer
 62
  256
370
   -1
100
AcDbLine
 10
82.8
 20
161.8
 11
82.8
 21
163.8
  0
LINE
  5
93C
100
AcDbEntity
  8
Sketch004
  6
ByLayer
 62
  256
370
   -1
100
AcDbLine
 10
82.8
 20
163.8
 11
75.386765004
 21
161.813629669
  0
ARC
  5
93D
100
AcDbEntity
  8
Sketch004
  6
ByLayer
 62
  256
370
   -1
100
AcDbCircle
 10
75.283237386
 20
162.2
 40
0.4
100
AcDbArc
 50
-90
 51
-75
  0
LINE
  5
93E
100
AcDbEntity
  8
Sketch004
  6
ByLayer
 62
  256
370
   -1
100
AcDbLine
 10
75.283237386
 20
161.8
 11
24.316762614
 21
161.8
  0
ARC
  5
93F
100
AcDbEntity
  8
Sketch004
  6
ByLayer
 62
  256
370
   -1
100
AcDbCircle
 10
24.316762614
 20
162.2
 40
0.4
100
AcDbArc
 50
-105
 51
-90
  0
LINE
  5
940
100
AcDbEntity
  8
Sketch004
  6
ByLayer
 62
  256
370
   -1
100
AcDbLine
 10
24.213234996
 20
161.813629669
 11
16.8
 21
163.8
  0
LINE
  5
941
100
AcDbEntity
  8
Sketch004
  6
ByLayer
 62
  256
370
   -1
100
AcDbLine
 10
16.8
 20
163.8
 11
16.8
 21
161.8
  0
LINE
  5
942
100
AcDbEntity
  8
Sketch004
  6
ByLayer
 62
  256
370
   -1
100
AcDbLine
 10
14
 20
161.8
 11
16.8
 21
161.8
  0
LINE
  5
943
100
AcDbEntity
  8
Sketch004
  6
ByLayer
 62
  256
370
   -1
100
AcDbLine
 10
14
 20
162.8
 11
14
 21
161.8
  0
LINE
  5
944
100
AcDbEntity
  8
Sketch004
  6
ByLayer
 62
  256
370
   -1
100
AcDbLine
 10
12.221114562
 20
161.910557281
 11
14
 21
162.8
  0
ARC
  5
945
100
AcDbEntity
  8
Sketch004
  6
ByLayer
 62
  256
370
   -1
100
AcDbCircle
 10
12.4
 20
161.552786405
 40
0.4
100
AcDbArc
 50
116.565051177
 51
180
  0
LINE
  5
946
100
AcDbEntity
  8
Sketch004
  6
ByLayer
 62
  256
370
   -1
100
AcDbLine
 10
12
 20
159.4
 11
12
 21
161.552786405
  0
ARC
  5
947
100
AcDbEntity
  8
Sketch004
  6
ByLayer
 62
  256
370
   -1
100
AcDbCircle
 10
12.4
 20
159.4
 40
0.4
100
AcDbArc
 50
180
 51
-90
  0
LINE
  5
948
100
AcDbEntity
  8
Sketch004
  6
ByLayer
 62
  256
370
   -1
100
AcDbLine
 10
12.4
 20
159
 11
26
 21
159
  0
ARC
  5
949
100
AcDbEntity
  8
Sketch004
  6
ByLayer
 62
  256
370
   -1
100
AcDbCircle
 10
26
 20
158.6
 40
0.4
100
AcDbArc
 50
-90
 51
90
  0
LINE
  5
94A
100
AcDbEntity
  8
Sketch004
  6
ByLayer
 62
  256
370
   -1
100
AcDbLine
 10
26
 20
158.2
 11
12.4
 21
158.2
  0
ARC
  5
94B
100
AcDbEntity
  8
Sketch004
  6
ByLayer
 62
  256
370
   -1
100
AcDbCircle
 10
12.4
 20
157.8
 40
0.4
100
AcDbArc
 50
90
 51
180
  0
LINE
  5
94C
100
AcDbEntity
  8
Sketch004
  6
ByLayer
 62
  256
370
   -1
100
AcDbLine
 10
12
 20
157.8
 11
12
 21
145.803813
  0
LINE
  5
94D
100
AcDbEntity
  8
Sketch004
  6
ByLayer
 62
  256
370
   -1
100
AcDbLine
 10
12
 20
159.4
 11
12
 21
157.8
  0
LINE
  5
94E
100
AcDbEntity
  8
Sketch005
  6
ByLayer
 62
  256
370
   -1
100
AcDbLine
 10
87.59999999999999
 20
295.874619
 11
87.59999999999999
 21
282.225
  0
LINE
  5
94F
100
AcDbEntity
  8
Sketch005
  6
ByLayer
 62
  256
370
   -1
100
AcDbLine
 10
87.59999999999999
 20
282.225
 11
87.09999999999999
 21
281.725
  0
LINE
  5
950
100
AcDbEntity
  8
Sketch005
  6
ByLayer
 62
  256
370
   -1
100
AcDbLine
 10
87.09999999999999
 20
281.725
 11
85.00866042299999
 21
281.725
  0
ARC
  5
951
100
AcDbEntity
  8
Sketch005
  6
ByLayer
 62
  256
370
   -1
100
AcDbCircle
 10
84.835166667
 20
281.624833333
 40
0.200333333
100
AcDbArc
 50
30
 51
180
  0
ARC
  5
952
100
AcDbEntity
  8
Sketch005
  6
ByLayer
 62
  256
370
   -1
100
AcDbCircle
 10
84.835166667
 20
281.624833333
 40
0.200333333
100
AcDbArc
 50
180
 51
-120
  0
LINE
  5
953
100
AcDbEntity
  8
Sketch005
  6
ByLayer
 62
  256
370
   -1
100
AcDbLine
 10
84.735
 20
281.451339577
 11
84.735
 21
272.048660423
  0
ARC
  5
954
100
AcDbEntity
  8
Sketch005
  6
ByLayer
 62
  256
370
   -1
100
AcDbCircle
 10
84.835166667
 20
271.875166667
 40
0.200333333
100
AcDbArc
 50
120
 51
180
  0
ARC
  5
955
100
AcDbEntity
  8
Sketch005
  6
ByLayer
 62
  256
370
   -1
100
AcDbCircle
 10
84.835166667
 20
271.875166667
 40
0.200333333
100
AcDbArc
 50
180
 51
-30
  0
LINE
  5
956
100
AcDbEntity
  8
Sketch005
  6
ByLayer
 62
  256
370
   -1
100
AcDbLine
 10
87.09999999999999
 20
271.775
 11
85.00866042299999
 21
271.775
  0
LINE
  5
957
100
AcDbEntity
  8
Sketch005
  6
ByLayer
 62
  256
370
   -1
100
AcDbLine
 10
87.59999999999999
 20
271.275
 11
87.09999999999999
 21
271.775
  0
LINE
  5
958
100
AcDbEntity
  8
Sketch005
  6
ByLayer
 62
  256
370
   -1
100
AcDbLine
 10
87.59999999999999
 20
271.275
 11
87.59999999999999
 21
258.5
  0
LINE
  5
959
100
AcDbEntity
  8
Sketch005
  6
ByLayer
 62
  256
370
   -1
100
AcDbLine
 10
87.09999999999999
 20
258
 11
87.59999999999999
 21
258.5
  0
LINE
  5
95A
100
AcDbEntity
  8
Sketch005
  6
ByLayer
 62
  256
370
   -1
100
AcDbLine
 10
87.09999999999999
 20
258
 11
12.5
 21
258
  0
LINE
  5
95B
100
AcDbEntity
  8
Sketch005
  6
ByLayer
 62
  256
370
   -1
100
AcDbLine
 10
12.5
 20
258
 11
12
 21
258.5
  0
LINE
  5
95C
100
AcDbEntity
  8
Sketch005
  6
ByLayer
 62
  256
370
   -1
100
AcDbLine
 10
12
 20
258.5
 11
12
 21
271.275
  0
LINE
  5
95D
100
AcDbEntity
  8
Sketch005
  6
ByLayer
 62
  256
370
   -1
100
AcDbLine
 10
12
 20
271.275
 11
12.5
 21
271.775
  0
LINE
  5
95E
100
AcDbEntity
  8
Sketch005
  6
ByLayer
 62
  256
370
   -1
100
AcDbLine
 10
14.591339577
 20
271.775
 11
12.5
 21
271.775
  0
ARC
  5
95F
100
AcDbEntity
  8
Sketch005
  6
ByLayer
 62
  256
370
   -1
100
AcDbCircle
 10
14.764833333
 20
271.875166667
 40
0.200333333
100
AcDbArc
 50
-150
 51
59.99999999999999
  0
LINE
  5
960
100
AcDbEntity
  8
Sketch005
  6
ByLayer
 62
  256
370
   -1
100
AcDbLine
 10
14.865
 20
281.451339577
 11
14.865
 21
272.048660423
  0
ARC
  5
961
100
AcDbEntity
  8
Sketch005
  6
ByLayer
 62
  256
370
   -1
100
AcDbCircle
 10
14.764833333
 20
281.624833333
 40
0.200333333
100
AcDbArc
 50
-59.99999999999999
 51
150
  0
LINE
  5
962
100
AcDbEntity
  8
Sketch005
  6
ByLayer
 62
  256
370
   -1
100
AcDbLine
 10
14.591339577
 20
281.725
 11
12.5
 21
281.725
  0
LINE
  5
963
100
AcDbEntity
  8
Sketch005
  6
ByLayer
 62
  256
370
   -1
100
AcDbLine
 10
12.5
 20
281.725
 11
12
 21
282.225
  0
LINE
  5
964
100
AcDbEntity
  8
Sketch005
  6
ByLayer
 62
  256
370
   -1
100
AcDbLine
 10
12
 20
282.225
 11
12
 21
295.874619
  0
LINE
  5
965
100
AcDbEntity
  8
Sketch005
  6
ByLayer
 62
  256
370
   -1
100
AcDbLine
 10
12
 20
296.874618983
 11
12
 21
308.775
  0
LINE
  5
966
100
AcDbEntity
  8
Sketch005
  6
ByLayer
 62
  256
370
   -1
100
AcDbLine
 10
12
 20
308.775
 11
12.5
 21
309.275
  0
LINE
  5
967
100
AcDbEntity
  8
Sketch005
  6
ByLayer
 62
  256
370
   -1
100
AcDbLine
 10
14.591339577
 20
309.275
 11
12.5
 21
309.275
  0
ARC
  5
968
100
AcDbEntity
  8
Sketch005
  6
ByLayer
 62
  256
370
   -1
100
AcDbCircle
 10
14.764833333
 20
309.375166667
 40
0.200333333
100
AcDbArc
 50
-150
 51
59.99999999999999
  0
LINE
  5
969
100
AcDbEntity
  8
Sketch005
  6
ByLayer
 62
  256
370
   -1
100
AcDbLine
 10
14.865
 20
318.951339577
 11
14.865
 21
309.548660423
  0
ARC
  5
96A
100
AcDbEntity
  8
Sketch005
  6
ByLayer
 62
  256
370
   -1
100
AcDbCircle
 10
14.764833333
 20
319.124833333
 40
0.200333333
100
AcDbArc
 50
-59.99999999999999
 51
150
  0
LINE
  5
96B
100
AcDbEntity
  8
Sketch005
  6
ByLayer
 62
  256
370
   -1
100
AcDbLine
 10
14.591339577
 20
319.225
 11
12.5
 21
319.225
  0
LINE
  5
96C
100
AcDbEntity
  8
Sketch005
  6
ByLayer
 62
  256
370
   -1
100
AcDbLine
 10
12.5
 20
319.225
 11
12
 21
319.725
  0
LINE
  5
96D
100
AcDbEntity
  8
Sketch005
  6
ByLayer
 62
  256
370
   -1
100
AcDbLine
 10
12
 20
319.725
 11
12
 21
332.5
  0
LINE
  5
96E
100
AcDbEntity
  8
Sketch005
  6
ByLayer
 62
  256
370
   -1
100
AcDbLine
 10
12
 20
332.5
 11
12.5
 21
333
  0
LINE
  5
96F
100
AcDbEntity
  8
Sketch005
  6
ByLayer
 62
  256
370
   -1
100
AcDbLine
 10
12.5
 20
333
 11
33.198333333
 21
333
  0
ARC
  5
970
100
AcDbEntity
  8
Sketch005
  6
ByLayer
 62
  256
370
   -1
100
AcDbCircle
 10
33.385
 20
333
 40
0.186666667
100
AcDbArc
 50
180
 51
0
  0
ARC
  5
971
100
AcDbEntity
  8
Sketch005
  6
ByLayer
 62
  256
370
   -1
100
AcDbCircle
 10
33.385
 20
333
 40
0.186666667
100
AcDbArc
 50
0
 51
90
  0
LINE
  5
972
100
AcDbEntity
  8
Sketch005
  6
ByLayer
 62
  256
370
   -1
100
AcDbLine
 10
33.385
 20
333.186666667
 11
33.385
 21
335.3
  0
LINE
  5
973
100
AcDbEntity
  8
Sketch005
  6
ByLayer
 62
  256
370
   -1
100
AcDbLine
 10
33.385
 20
335.3
 11
33.885
 21
335.8
  0
LINE
  5
974
100
AcDbEntity
  8
Sketch005
  6
ByLayer
 62
  256
370
   -1
100
AcDbLine
 10
43.035
 20
335.8
 11
33.885
 21
335.8
  0
LINE
  5
975
100
AcDbEntity
  8
Sketch005
  6
ByLayer
 62
  256
370
   -1
100
AcDbLine
 10
43.035
 20
335.8
 11
43.535
 21
335.3
  0
LINE
  5
976
100
AcDbEntity
  8
Sketch005
  6
ByLayer
 62
  256
370
   -1
100
AcDbLine
 10
43.535
 20
333.186666667
 11
43.535
 21
335.3
  0
ARC
  5
977
100
AcDbEntity
  8
Sketch005
  6
ByLayer
 62
  256
370
   -1
100
AcDbCircle
 10
43.535
 20
333
 40
0.186666667
100
AcDbArc
 50
90
 51
180
  0
ARC
  5
978
100
AcDbEntity
  8
Sketch005
  6
ByLayer
 62
  256
370
   -1
100
AcDbCircle
 10
43.535
 20
333
 40
0.186666667
100
AcDbArc
 50
180
 51
0
  0
ARC
  5
979
100
AcDbEntity
  8
Sketch005
  6
ByLayer
 62
  256
370
   -1
100
AcDbCircle
 10
56.065
 20
333
 40
0.186666667
100
AcDbArc
 50
180
 51
0
  0
ARC
  5
97A
100
AcDbEntity
  8
Sketch005
  6
ByLayer
 62
  256
370
   -1
100
AcDbCircle
 10
56.065
 20
333
 40
0.186666667
100
AcDbArc
 50
0
 51
90
  0
LINE
  5
97B
100
AcDbEntity
  8
Sketch005
  6
ByLayer
 62
  256
370
   -1
100
AcDbLine
 10
56.065
 20
333.186666667
 11
56.065
 21
335.3
  0
LINE
  5
97C
100
AcDbEntity
  8
Sketch005
  6
ByLayer
 62
  256
370
   -1
100
AcDbLine
 10
56.065
 20
335.3
 11
56.565
 21
335.8
  0
LINE
  5
97D
100
AcDbEntity
  8
Sketch005
  6
ByLayer
 62
  256
370
   -1
100
AcDbLine
 10
65.715
 20
335.8
 11
56.565
 21
335.8
  0
LINE
  5
97E
100
AcDbEntity
  8
Sketch005
  6
ByLayer
 62
  256
370
   -1
100
AcDbLine
 10
65.715
 20
335.8
 11
66.215
 21
335.3
  0
LINE
  5
97F
100
AcDbEntity
  8
Sketch005
  6
ByLayer
 62
  256
370
   -1
100
AcDbLine
 10
66.215
 20
333.186666667
 11
66.215
 21
335.3
  0
ARC
  5
980
100
AcDbEntity
  8
Sketch005
  6
ByLayer
 62
  256
370
   -1
100
AcDbCircle
 10
66.215
 20
333
 40
0.186666667
100
AcDbArc
 50
90
 51
180
  0
ARC
  5
981
100
AcDbEntity
  8
Sketch005
  6
ByLayer
 62
  256
370
   -1
100
AcDbCircle
 10
66.215
 20
333
 40
0.186666667
100
AcDbArc
 50
180
 51
0
  0
LINE
  5
982
100
AcDbEntity
  8
Sketch005
  6
ByLayer
 62
  256
370
   -1
100
AcDbLine
 10
66.401666667
 20
333
 11
87.09999999999999
 21
333
  0
LINE
  5
983
100
AcDbEntity
  8
Sketch005
  6
ByLayer
 62
  256
370
   -1
100
AcDbLine
 10
87.09999999999999
 20
333
 11
87.59999999999999
 21
332.5
  0
LINE
  5
984
100
AcDbEntity
  8
Sketch005
  6
ByLayer
 62
  256
370
   -1
100
AcDbLine
 10
87.59999999999999
 20
332.5
 11
87.59999999999999
 21
319.725
  0
LINE
  5
985
100
AcDbEntity
  8
Sketch005
  6
ByLayer
 62
  256
370
   -1
100
AcDbLine
 10
87.59999999999999
 20
319.725
 11
87.09999999999999
 21
319.225
  0
LINE
  5
986
100
AcDbEntity
  8
Sketch005
  6
ByLayer
 62
  256
370
   -1
100
AcDbLine
 10
87.09999999999999
 20
319.225
 11
85.00866042299999
 21
319.225
  0
ARC
  5
987
100
AcDbEntity
  8
Sketch005
  6
ByLayer
 62
  256
370
   -1
100
AcDbCircle
 10
84.835166667
 20
319.124833333
 40
0.200333333
100
AcDbArc
 50
30
 51
180
  0
ARC
  5
988
100
AcDbEntity
  8
Sketch005
  6
ByLayer
 62
  256
370
   -1
100
AcDbCircle
 10
84.835166667
 20
319.124833333
 40
0.200333333
100
AcDbArc
 50
180
 51
-120
  0
LINE
  5
989
100
AcDbEntity
  8
Sketch005
  6
ByLayer
 62
  256
370
   -1
100
AcDbLine
 10
84.735
 20
318.951339577
 11
84.735
 21
309.548660423
  0
ARC
  5
98A
100
AcDbEntity
  8
Sketch005
  6
ByLayer
 62
  256
370
   -1
100
AcDbCircle
 10
84.835166667
 20
309.375166667
 40
0.200333333
100
AcDbArc
 50
120
 51
180
  0
ARC
  5
98B
100
AcDbEntity
  8
Sketch005
  6
ByLayer
 62
  256
370
   -1
100
AcDbCircle
 10
84.835166667
 20
309.375166667
 40
0.200333333
100
AcDbArc
 50
180
 51
-30
  0
LINE
  5
98C
100
AcDbEntity
  8
Sketch005
  6
ByLayer
 62
  256
370
   -1
100
AcDbLine
 10
87.09999999999999
 20
309.275
 11
85.00866042299999
 21
309.275
  0
LINE
  5
98D
100
AcDbEntity
  8
Sketch005
  6
ByLayer
 62
  256
370
   -1
100
AcDbLine
 10
87.09999999999999
 20
309.275
 11
87.59999999999999
 21
308.775
  0
LINE
  5
98E
100
AcDbEntity
  8
Sketch005
  6
ByLayer
 62
  256
370
   -1
100
AcDbLine
 10
87.59999999999999
 20
308.775
 11
87.59999999999999
 21
296.874618983
  0
LINE
  5
98F
100
AcDbEntity
  8
Sketch005
  6
ByLayer
 62
  256
370
   -1
100
AcDbLine
 10
43.721667
 20
333
 11
55.878333
 21
333
  0
LINE
  5
990
100
AcDbEntity
  8
Sketch005
  6
ByLayer
 62
  256
370
   -1
100
AcDbLine
 10
48.4
 20
295
 11
48.4
 21
285
  0
LINE
  5
991
100
AcDbEntity
  8
Sketch005
  6
ByLayer
 62
  256
370
   -1
100
AcDbLine
 10
48.4
 20
285
 11
51.2
 21
285
  0
LINE
  5
992
100
AcDbEntity
  8
Sketch005
  6
ByLayer
 62
  256
370
   -1
100
AcDbLine
 10
51.2
 20
285
 11
51.2
 21
295
  0
LINE
  5
993
100
AcDbEntity
  8
Sketch005
  6
ByLayer
 62
  256
370
   -1
100
AcDbLine
 10
51.2
 20
295
 11
48.4
 21
295
  0
LINE
  5
994
100
AcDbEntity
  8
Sketch006
  6
ByLayer
 62
  256
370
   -1
100
AcDbLine
 10
188.6
 20
316.701373
 11
188.6
 21
316.4151
  0
LINE
  5
995
100
AcDbEntity
  8
Sketch006
  6
ByLayer
 62
  256
370
   -1
100
AcDbLine
 10
188.1
 20
315.915085478
 11
188.6
 21
316.4151
  0
LINE
  5
996
100
AcDbEntity
  8
Sketch006
  6
ByLayer
 62
  256
370
   -1
100
AcDbLine
 10
186.008660423
 20
315.915085478
 11
188.1
 21
315.915085478
  0
ARC
  5
997
100
AcDbEntity
  8
Sketch006
  6
ByLayer
 62
  256
370
   -1
100
AcDbCircle
 10
185.835166667
 20
315.814918812
 40
0.200333333
100
AcDbArc
 50
30
 51
-120
  0
LINE
  5
998
100
AcDbEntity
  8
Sketch006
  6
ByLayer
 62
  256
370
   -1
100
AcDbLine
 10
185.735
 20
312.228363
 11
185.735
 21
315.641425056
  0
LINE
  5
999
100
AcDbEntity
  8
Sketch006
  6
ByLayer
 62
  256
370
   -1
100
AcDbLine
 10
185.735
 20
311.228363
 11
185.735
 21
312.228363
  0
LINE
  5
99A
100
AcDbEntity
  8
Sketch006
  6
ByLayer
 62
  256
370
   -1
100
AcDbLine
 10
185.735
 20
306.238745901
 11
185.735
 21
311.228363
  0
ARC
  5
99B
100
AcDbEntity
  8
Sketch006
  6
ByLayer
 62
  256
370
   -1
100
AcDbCircle
 10
185.835166667
 20
306.065252145
 40
0.200333333
100
AcDbArc
 50
120
 51
-30
  0
LINE
  5
99C
100
AcDbEntity
  8
Sketch006
  6
ByLayer
 62
  256
370
   -1
100
AcDbLine
 10
186.008660423
 20
305.965085478
 11
188.1
 21
305.965085478
  0
LINE
  5
99D
100
AcDbEntity
  8
Sketch006
  6
ByLayer
 62
  256
370
   -1
100
AcDbLine
 10
188.6
 20
305.465085478
 11
188.1
 21
305.965085478
  0
LINE
  5
99E
100
AcDbEntity
  8
Sketch006
  6
ByLayer
 62
  256
370
   -1
100
AcDbLine
 10
188.6
 20
305.465085478
 11
188.6
 21
299.159868719
  0
LINE
  5
99F
100
AcDbEntity
  8
Sketch006
  6
ByLayer
 62
  256
370
   -1
100
AcDbLine
 10
188.1
 20
298.659868719
 11
188.6
 21
299.159868719
  0
LINE
  5
9A0
100
AcDbEntity
  8
Sketch006
  6
ByLayer
 62
  256
370
   -1
100
AcDbLine
 10
188.1
 20
298.659868719
 11
174.961666667
 21
298.659868719
  0
ARC
  5
9A1
100
AcDbEntity
  8
Sketch006
  6
ByLayer
 62
  256
370
   -1
100
AcDbCircle
 10
174.775
 20
298.659868719
 40
0.186666667
100
AcDbArc
 50
0
 51
180
  0
ARC
  5
9A2
100
AcDbEntity
  8
Sketch006
  6
ByLayer
 62
  256
370
   -1
100
AcDbCircle
 10
174.775
 20
298.659868719
 40
0.186666667
100
AcDbArc
 50
180
 51
-90
  0
LINE
  5
9A3
100
AcDbEntity
  8
Sketch006
  6
ByLayer
 62
  256
370
   -1
100
AcDbLine
 10
174.775
 20
298.473202053
 11
174.775
 21
296.359868719
  0
LINE
  5
9A4
100
AcDbEntity
  8
Sketch006
  6
ByLayer
 62
  256
370
   -1
100
AcDbLine
 10
174.275
 20
295.859868719
 11
174.775
 21
296.359868719
  0
LINE
  5
9A5
100
AcDbEntity
  8
Sketch006
  6
ByLayer
 62
  256
370
   -1
100
AcDbLine
 10
165.125
 20
295.859868719
 11
174.275
 21
295.859868719
  0
LINE
  5
9A6
100
AcDbEntity
  8
Sketch006
  6
ByLayer
 62
  256
370
   -1
100
AcDbLine
 10
164.625
 20
296.359868719
 11
165.125
 21
295.859868719
  0
LINE
  5
9A7
100
AcDbEntity
  8
Sketch006
  6
ByLayer
 62
  256
370
   -1
100
AcDbLine
 10
164.625
 20
298.473202053
 11
164.625
 21
296.359868719
  0
ARC
  5
9A8
100
AcDbEntity
  8
Sketch006
  6
ByLayer
 62
  256
370
   -1
100
AcDbCircle
 10
164.625
 20
298.659868719
 40
0.186666667
100
AcDbArc
 50
-90
 51
0
  0
ARC
  5
9A9
100
AcDbEntity
  8
Sketch006
  6
ByLayer
 62
  256
370
   -1
100
AcDbCircle
 10
164.625
 20
298.659868719
 40
0.186666667
100
AcDbArc
 50
0
 51
180
  0
LINE
  5
9AA
100
AcDbEntity
  8
Sketch006
  6
ByLayer
 62
  256
370
   -1
100
AcDbLine
 10
164.438333333
 20
298.659868719
 11
137.161666667
 21
298.659868719
  0
ARC
  5
9AB
100
AcDbEntity
  8
Sketch006
  6
ByLayer
 62
  256
370
   -1
100
AcDbCircle
 10
136.975
 20
298.659868719
 40
0.186666667
100
AcDbArc
 50
0
 51
180
  0
ARC
  5
9AC
100
AcDbEntity
  8
Sketch006
  6
ByLayer
 62
  256
370
   -1
100
AcDbCircle
 10
136.975
 20
298.659868719
 40
0.186666667
100
AcDbArc
 50
180
 51
-90
  0
LINE
  5
9AD
100
AcDbEntity
  8
Sketch006
  6
ByLayer
 62
  256
370
   -1
100
AcDbLine
 10
136.975
 20
298.473202053
 11
136.975
 21
296.359868719
  0
LINE
  5
9AE
100
AcDbEntity
  8
Sketch006
  6
ByLayer
 62
  256
370
   -1
100
AcDbLine
 10
136.475
 20
295.859868719
 11
136.975
 21
296.359868719
  0
LINE
  5
9AF
100
AcDbEntity
  8
Sketch006
  6
ByLayer
 62
  256
370
   -1
100
AcDbLine
 10
127.325
 20
295.859868719
 11
136.475
 21
295.859868719
  0
LINE
  5
9B0
100
AcDbEntity
  8
Sketch006
  6
ByLayer
 62
  256
370
   -1
100
AcDbLine
 10
126.825
 20
296.359868719
 11
127.325
 21
295.859868719
  0
LINE
  5
9B1
100
AcDbEntity
  8
Sketch006
  6
ByLayer
 62
  256
370
   -1
100
AcDbLine
 10
126.825
 20
298.473202053
 11
126.825
 21
296.359868719
  0
ARC
  5
9B2
100
AcDbEntity
  8
Sketch006
  6
ByLayer
 62
  256
370
   -1
100
AcDbCircle
 10
126.825
 20
298.659868719
 40
0.186666667
100
AcDbArc
 50
-90
 51
0
  0
ARC
  5
9B3
100
AcDbEntity
  8
Sketch006
  6
ByLayer
 62
  256
370
   -1
100
AcDbCircle
 10
126.825
 20
298.659868719
 40
0.186666667
100
AcDbArc
 50
0
 51
180
  0
LINE
  5
9B4
100
AcDbEntity
  8
Sketch006
  6
ByLayer
 62
  256
370
   -1
100
AcDbLine
 10
126.638333333
 20
298.659868719
 11
113.5
 21
298.659868719
  0
LINE
  5
9B5
100
AcDbEntity
  8
Sketch006
  6
ByLayer
 62
  256
370
   -1
100
AcDbLine
 10
113
 20
299.159868719
 11
113.5
 21
298.659868719
  0
LINE
  5
9B6
100
AcDbEntity
  8
Sketch006
  6
ByLayer
 62
  256
370
   -1
100
AcDbLine
 10
113
 20
299.159868719
 11
113
 21
305.465085478
  0
LINE
  5
9B7
100
AcDbEntity
  8
Sketch006
  6
ByLayer
 62
  256
370
   -1
100
AcDbLine
 10
113.5
 20
305.965085478
 11
113
 21
305.465085478
  0
LINE
  5
9B8
100
AcDbEntity
  8
Sketch006
  6
ByLayer
 62
  256
370
   -1
100
AcDbLine
 10
113.5
 20
305.965085478
 11
115.591339577
 21
305.965085478
  0
ARC
  5
9B9
100
AcDbEntity
  8
Sketch006
  6
ByLayer
 62
  256
370
   -1
100
AcDbCircle
 10
115.764833333
 20
306.065252145
 40
0.200333333
100
AcDbArc
 50
-150
 51
0
  0
ARC
  5
9BA
100
AcDbEntity
  8
Sketch006
  6
ByLayer
 62
  256
370
   -1
100
AcDbCircle
 10
115.764833333
 20
306.065252145
 40
0.200333333
100
AcDbArc
 50
0
 51
59.99999999999999
  0
LINE
  5
9BB
100
AcDbEntity
  8
Sketch006
  6
ByLayer
 62
  256
370
   -1
100
AcDbLine
 10
115.865
 20
306.238745901
 11
115.865
 21
311.228363
  0
LINE
  5
9BC
100
AcDbEntity
  8
Sketch006
  6
ByLayer
 62
  256
370
   -1
100
AcDbLine
 10
115.865
 20
311.228363
 11
115.865
 21
312.228363
  0
LINE
  5
9BD
100
AcDbEntity
  8
Sketch006
  6
ByLayer
 62
  256
370
   -1
100
AcDbLine
 10
115.865
 20
312.228363
 11
115.865
 21
315.641425056
  0
ARC
  5
9BE
100
AcDbEntity
  8
Sketch006
  6
ByLayer
 62
  256
370
   -1
100
AcDbCircle
 10
115.764833333
 20
315.814918812
 40
0.200333333
100
AcDbArc
 50
-59.99999999999999
 51
0
  0
ARC
  5
9BF
100
AcDbEntity
  8
Sketch006
  6
ByLayer
 62
  256
370
   -1
100
AcDbCircle
 10
115.764833333
 20
315.814918812
 40
0.200333333
100
AcDbArc
 50
0
 51
150
  0
LINE
  5
9C0
100
AcDbEntity
  8
Sketch006
  6
ByLayer
 62
  256
370
   -1
100
AcDbLine
 10
113.5
 20
315.915085478
 11
115.591339577
 21
315.915085478
  0
LINE
  5
9C1
100
AcDbEntity
  8
Sketch006
  6
ByLayer
 62
  256
370
   -1
100
AcDbLine
 10
113
 20
316.4151
 11
113.5
 21
315.915085478
  0
LINE
  5
9C2
100
AcDbEntity
  8
Sketch006
  6
ByLayer
 62
  256
370
   -1
100
AcDbLine
 10
113
 20
316.704534
 11
113
 21
316.4151
  0
LINE
  5
9C3
100
AcDbEntity
  8
Sketch006
  6
ByLayer
 62
  256
370
   -1
100
AcDbLine
 10
188.6
 20
325.7
 11
188.6
 21
317.699057
  0
LINE
  5
9C4
100
AcDbEntity
  8
Sketch006
  6
ByLayer
 62
  256
370
   -1
100
AcDbLine
 10
188.6
 20
325.7
 11
188.1
 21
326.2
  0
LINE
  5
9C5
100
AcDbEntity
  8
Sketch006
  6
ByLayer
 62
  256
370
   -1
100
AcDbLine
 10
167.401666667
 20
326.2
 11
188.1
 21
326.2
  0
ARC
  5
9C6
100
AcDbEntity
  8
Sketch006
  6
ByLayer
 62
  256
370
   -1
100
AcDbCircle
 10
167.215
 20
326.2
 40
0.186666667
100
AcDbArc
 50
180
 51
0
  0
ARC
  5
9C7
100
AcDbEntity
  8
Sketch006
  6
ByLayer
 62
  256
370
   -1
100
AcDbCircle
 10
167.215
 20
326.2
 40
0.186666667
100
AcDbArc
 50
90
 51
180
  0
LINE
  5
9C8
100
AcDbEntity
  8
Sketch006
  6
ByLayer
 62
  256
370
   -1
100
AcDbLine
 10
167.215
 20
326.386666667
 11
167.215
 21
328.5
  0
LINE
  5
9C9
100
AcDbEntity
  8
Sketch006
  6
ByLayer
 62
  256
370
   -1
100
AcDbLine
 10
167.215
 20
328.5
 11
166.715
 21
329
  0
LINE
  5
9CA
100
AcDbEntity
  8
Sketch006
  6
ByLayer
 62
  256
370
   -1
100
AcDbLine
 10
166.715
 20
329
 11
157.565
 21
329
  0
LINE
  5
9CB
100
AcDbEntity
  8
Sketch006
  6
ByLayer
 62
  256
370
   -1
100
AcDbLine
 10
157.565
 20
329
 11
157.065
 21
328.5
  0
LINE
  5
9CC
100
AcDbEntity
  8
Sketch006
  6
ByLayer
 62
  256
370
   -1
100
AcDbLine
 10
157.065
 20
326.386666667
 11
157.065
 21
328.5
  0
ARC
  5
9CD
100
AcDbEntity
  8
Sketch006
  6
ByLayer
 62
  256
370
   -1
100
AcDbCircle
 10
157.065
 20
326.2
 40
0.186666667
100
AcDbArc
 50
0
 51
90
  0
ARC
  5
9CE
100
AcDbEntity
  8
Sketch006
  6
ByLayer
 62
  256
370
   -1
100
AcDbCircle
 10
157.065
 20
326.2
 40
0.186666667
100
AcDbArc
 50
180
 51
0
  0
LINE
  5
9CF
100
AcDbEntity
  8
Sketch006
  6
ByLayer
 62
  256
370
   -1
100
AcDbLine
 10
144.721666667
 20
326.2
 11
156.878333333
 21
326.2
  0
ARC
  5
9D0
100
AcDbEntity
  8
Sketch006
  6
ByLayer
 62
  256
370
   -1
100
AcDbCircle
 10
144.535
 20
326.2
 40
0.186666667
100
AcDbArc
 50
180
 51
0
  0
ARC
  5
9D1
100
AcDbEntity
  8
Sketch006
  6
ByLayer
 62
  256
370
   -1
100
AcDbCircle
 10
144.535
 20
326.2
 40
0.186666667
100
AcDbArc
 50
90
 51
180
  0
LINE
  5
9D2
100
AcDbEntity
  8
Sketch006
  6
ByLayer
 62
  256
370
   -1
100
AcDbLine
 10
144.535
 20
326.386666667
 11
144.535
 21
328.5
  0
LINE
  5
9D3
100
AcDbEntity
  8
Sketch006
  6
ByLayer
 62
  256
370
   -1
100
AcDbLine
 10
144.535
 20
328.5
 11
144.035
 21
329
  0
LINE
  5
9D4
100
AcDbEntity
  8
Sketch006
  6
ByLayer
 62
  256
370
   -1
100
AcDbLine
 10
144.035
 20
329
 11
134.885
 21
329
  0
LINE
  5
9D5
100
AcDbEntity
  8
Sketch006
  6
ByLayer
 62
  256
370
   -1
100
AcDbLine
 10
134.885
 20
329
 11
134.385
 21
328.5
  0
LINE
  5
9D6
100
AcDbEntity
  8
Sketch006
  6
ByLayer
 62
  256
370
   -1
100
AcDbLine
 10
134.385
 20
326.386666667
 11
134.385
 21
328.5
  0
ARC
  5
9D7
100
AcDbEntity
  8
Sketch006
  6
ByLayer
 62
  256
370
   -1
100
AcDbCircle
 10
134.385
 20
326.2
 40
0.186666667
100
AcDbArc
 50
0
 51
90
  0
ARC
  5
9D8
100
AcDbEntity
  8
Sketch006
  6
ByLayer
 62
  256
370
   -1
100
AcDbCircle
 10
134.385
 20
326.2
 40
0.186666667
100
AcDbArc
 50
180
 51
0
  0
LINE
  5
9D9
100
AcDbEntity
  8
Sketch006
  6
ByLayer
 62
  256
370
   -1
100
AcDbLine
 10
113.5
 20
326.2
 11
134.198333333
 21
326.2
  0
LINE
  5
9DA
100
AcDbEntity
  8
Sketch006
  6
ByLayer
 62
  256
370
   -1
100
AcDbLine
 10
113.5
 20
326.2
 11
113
 21
325.7
  0
LINE
  5
9DB
100
AcDbEntity
  8
Sketch006
  6
ByLayer
 62
  256
370
   -1
100
AcDbLine
 10
113
 20
325.7
 11
113
 21
317.702275
  0
CIRCLE
  5
9DC
100
AcDbEntity
  8
Sketch006
  6
ByLayer
 62
  256
370
   -1
100
AcDbCircle
 10
150.78501
 20
309.466003684
 40
7.5
  0
LINE
  5
9DD
100
AcDbEntity
  8
Sketch006
  6
ByLayer
 62
  256
370
   -1
100
AcDbLine
 10
170.364576366
 20
316.490257265
 11
168.00766952
 21
310.490316721
  0
ARC
  5
9DE
100
AcDbEntity
  8
Sketch006
  6
ByLayer
 62
  256
370
   -1
100
AcDbCircle
 10
164.75
 20
311.77
 40
3.5
100
AcDbArc
 50
-159.051235851
 51
-21.445977095
  0
LINE
  5
9DF
100
AcDbEntity
  8
Sketch006
  6
ByLayer
 62
  256
370
   -1
100
AcDbLine
 10
161.481348187
 20
310.518634616
 11
159.176596936
 21
316.538802229
  0
ARC
  5
9E0
100
AcDbEntity
  8
Sketch006
  6
ByLayer
 62
  256
370
   -1
100
AcDbCircle
 10
164.780000045
 20
318.68400003
 40
6
100
AcDbArc
 50
-21.445977095
 51
-159.051235851
  0
CIRCLE
  5
9E1
100
AcDbEntity
  8
Sketch006
  6
ByLayer
 62
  256
370
   -1
100
AcDbCircle
 10
123.76
 20
316.05
 40
5
  0
CIRCLE
  5
9E2
100
AcDbEntity
  8
Sketch006
  6
ByLayer
 62
  256
370
   -1
100
AcDbCircle
 10
177.84
 20
315.95
 40
5
  0
CIRCLE
  5
9E3
100
AcDbEntity
  8
Sketch006
  6
ByLayer
 62
  256
370
   -1
100
AcDbCircle
 10
133.782
 20
314.038
 40
3
  0
ARC
  5
9E4
100
AcDbEntity
  8
Sketch006
  6
ByLayer
 62
  256
370
   -1
100
AcDbCircle
 10
139.37
 20
316.05
 40
1.5
100
AcDbArc
 50
0
 51
180
  0
LINE
  5
9E5
100
AcDbEntity
  8
Sketch006
  6
ByLayer
 62
  256
370
   -1
100
AcDbLine
 10
137.87
 20
316.05
 11
137.87
 21
313.55
  0
ARC
  5
9E6
100
AcDbEntity
  8
Sketch006
  6
ByLayer
 62
  256
370
   -1
100
AcDbCircle
 10
139.37
 20
313.55
 40
1.5
100
AcDbArc
 50
180
 51
0
  0
LINE
  5
9E7
100
AcDbEntity
  8
Sketch006
  6
ByLayer
 62
  256
370
   -1
100
AcDbLine
 10
140.87
 20
316.05
 11
140.87
 21
313.55
  0
LINE
  5
9E8
100
AcDbEntity
  8
Sketch007
  6
ByLayer
 62
  256
370
   -1
100
AcDbLine
 10
87.59999999999999
 20
184.412933047
 11
87.59999999999999
 21
177.576752306
  0
LINE
  5
9E9
100
AcDbEntity
  8
Sketch007
  6
ByLayer
 62
  256
370
   -1
100
AcDbLine
 10
87.09999999999999
 20
177.076752306
 11
87.59999999999999
 21
177.576752306
  0
LINE
  5
9EA
100
AcDbEntity
  8
Sketch007
  6
ByLayer
 62
  256
370
   -1
100
AcDbLine
 10
87.09999999999999
 20
177.076752306
 11
12.5
 21
177.076752306
  0
LINE
  5
9EB
100
AcDbEntity
  8
Sketch007
  6
ByLayer
 62
  256
370
   -1
100
AcDbLine
 10
12.5
 20
177.076752306
 11
12
 21
177.576752306
  0
LINE
  5
9EC
100
AcDbEntity
  8
Sketch007
  6
ByLayer
 62
  256
370
   -1
100
AcDbLine
 10
12
 20
177.576752306
 11
12
 21
184.412933047
  0
LINE
  5
9ED
100
AcDbEntity
  8
Sketch007
  6
ByLayer
 62
  256
370
   -1
100
AcDbLine
 10
12
 20
185.412933047
 11
12
 21
191.7
  0
LINE
  5
9EE
100
AcDbEntity
  8
Sketch007
  6
ByLayer
 62
  256
370
   -1
100
AcDbLine
 10
12
 20
191.7
 11
12.5
 21
192.2
  0
LINE
  5
9EF
100
AcDbEntity
  8
Sketch007
  6
ByLayer
 62
  256
370
   -1
100
AcDbLine
 10
12.5
 20
192.2
 11
25.638333333
 21
192.2
  0
ARC
  5
9F0
100
AcDbEntity
  8
Sketch007
  6
ByLayer
 62
  256
370
   -1
100
AcDbCircle
 10
25.825
 20
192.2
 40
0.186666667
100
AcDbArc
 50
180
 51
0
  0
ARC
  5
9F1
100
AcDbEntity
  8
Sketch007
  6
ByLayer
 62
  256
370
   -1
100
AcDbCircle
 10
25.825
 20
192.2
 40
0.186666667
100
AcDbArc
 50
0
 51
90
  0
LINE
  5
9F2
100
AcDbEntity
  8
Sketch007
  6
ByLayer
 62
  256
370
   -1
100
AcDbLine
 10
25.825
 20
192.386666667
 11
25.825
 21
194.5
  0
LINE
  5
9F3
100
AcDbEntity
  8
Sketch007
  6
ByLayer
 62
  256
370
   -1
100
AcDbLine
 10
25.825
 20
194.5
 11
26.325
 21
195
  0
LINE
  5
9F4
100
AcDbEntity
  8
Sketch007
  6
ByLayer
 62
  256
370
   -1
100
AcDbLine
 10
35.475
 20
195
 11
26.325
 21
195
  0
LINE
  5
9F5
100
AcDbEntity
  8
Sketch007
  6
ByLayer
 62
  256
370
   -1
100
AcDbLine
 10
35.975
 20
194.5
 11
35.475
 21
195
  0
LINE
  5
9F6
100
AcDbEntity
  8
Sketch007
  6
ByLayer
 62
  256
370
   -1
100
AcDbLine
 10
35.975
 20
192.386666667
 11
35.975
 21
194.5
  0
ARC
  5
9F7
100
AcDbEntity
  8
Sketch007
  6
ByLayer
 62
  256
370
   -1
100
AcDbCircle
 10
35.975
 20
192.2
 40
0.186666667
100
AcDbArc
 50
90
 51
180
  0
ARC
  5
9F8
100
AcDbEntity
  8
Sketch007
  6
ByLayer
 62
  256
370
   -1
100
AcDbCircle
 10
35.975
 20
192.2
 40
0.186666667
100
AcDbArc
 50
180
 51
0
  0
LINE
  5
9F9
100
AcDbEntity
  8
Sketch007
  6
ByLayer
 62
  256
370
   -1
100
AcDbLine
 10
36.161666667
 20
192.2
 11
63.438333333
 21
192.2
  0
ARC
  5
9FA
100
AcDbEntity
  8
Sketch007
  6
ByLayer
 62
  256
370
   -1
100
AcDbCircle
 10
63.625
 20
192.2
 40
0.186666667
100
AcDbArc
 50
180
 51
0
  0
ARC
  5
9FB
100
AcDbEntity
  8
Sketch007
  6
ByLayer
 62
  256
370
   -1
100
AcDbCircle
 10
63.625
 20
192.2
 40
0.186666667
100
AcDbArc
 50
0
 51
90
  0
LINE
  5
9FC
100
AcDbEntity
  8
Sketch007
  6
ByLayer
 62
  256
370
   -1
100
AcDbLine
 10
63.625
 20
192.386666667
 11
63.625
 21
194.5
  0
LINE
  5
9FD
100
AcDbEntity
  8
Sketch007
  6
ByLayer
 62
  256
370
   -1
100
AcDbLine
 10
64.125
 20
195
 11
63.625
 21
194.5
  0
LINE
  5
9FE
100
AcDbEntity
  8
Sketch007
  6
ByLayer
 62
  256
370
   -1
100
AcDbLine
 10
73.27500000000001
 20
195
 11
64.125
 21
195
  0
LINE
  5
9FF
100
AcDbEntity
  8
Sketch007
  6
ByLayer
 62
  256
370
   -1
100
AcDbLine
 10
73.77500000000001
 20
194.5
 11
73.27500000000001
 21
195
  0
LINE
  5
A00
100
AcDbEntity
  8
Sketch007
  6
ByLayer
 62
  256
370
   -1
100
AcDbLine
 10
73.77500000000001
 20
192.386666667
 11
73.77500000000001
 21
194.5
  0
ARC
  5
A01
100
AcDbEntity
  8
Sketch007
  6
ByLayer
 62
  256
370
   -1
100
AcDbCircle
 10
73.77500000000001
 20
192.2
 40
0.186666667
100
AcDbArc
 50
90
 51
180
  0
ARC
  5
A02
100
AcDbEntity
  8
Sketch007
  6
ByLayer
 62
  256
370
   -1
100
AcDbCircle
 10
73.77500000000001
 20
192.2
 40
0.186666667
100
AcDbArc
 50
180
 51
0
  0
LINE
  5
A03
100
AcDbEntity
  8
Sketch007
  6
ByLayer
 62
  256
370
   -1
100
AcDbLine
 10
73.961666667
 20
192.2
 11
87.09999999999999
 21
192.2
  0
LINE
  5
A04
100
AcDbEntity
  8
Sketch007
  6
ByLayer
 62
  256
370
   -1
100
AcDbLine
 10
87.59999999999999
 20
191.7
 11
87.09999999999999
 21
192.2
  0
LINE
  5
A05
100
AcDbEntity
  8
Sketch007
  6
ByLayer
 62
  256
370
   -1
100
AcDbLine
 10
87.59999999999999
 20
191.7
 11
87.59999999999999
 21
185.412933047
  0
LINE
  5
A06
100
AcDbEntity
  8
Sketch008
  6
ByLayer
 62
  256
370
   -1
100
AcDbLine
 10
113
 20
287.2
 11
113
 21
285.6
  0
LINE
  5
A07
100
AcDbEntity
  8
Sketch008
  6
ByLayer
 62
  256
370
   -1
100
AcDbLine
 10
113
 20
240.322402547
 11
113
 21
257.575
  0
LINE
  5
A08
100
AcDbEntity
  8
Sketch008
  6
ByLayer
 62
  256
370
   -1
100
AcDbLine
 10
113
 20
257.575
 11
113.5
 21
258.075
  0
LINE
  5
A09
100
AcDbEntity
  8
Sketch008
  6
ByLayer
 62
  256
370
   -1
100
AcDbLine
 10
115.591339577
 20
258.075
 11
113.5
 21
258.075
  0
ARC
  5
A0A
100
AcDbEntity
  8
Sketch008
  6
ByLayer
 62
  256
370
   -1
100
AcDbCircle
 10
115.764833333
 20
258.175166667
 40
0.200333333
100
AcDbArc
 50
-150
 51
59.99999999999999
  0
LINE
  5
A0B
100
AcDbEntity
  8
Sketch008
  6
ByLayer
 62
  256
370
   -1
100
AcDbLine
 10
115.865
 20
258.348660423
 11
115.865
 21
267.751339577
  0
ARC
  5
A0C
100
AcDbEntity
  8
Sketch008
  6
ByLayer
 62
  256
370
   -1
100
AcDbCircle
 10
115.764833333
 20
267.924833333
 40
0.200333333
100
AcDbArc
 50
-59.99999999999999
 51
150
  0
LINE
  5
A0D
100
AcDbEntity
  8
Sketch008
  6
ByLayer
 62
  256
370
   -1
100
AcDbLine
 10
115.591339577
 20
268.025
 11
113.5
 21
268.025
  0
LINE
  5
A0E
100
AcDbEntity
  8
Sketch008
  6
ByLayer
 62
  256
370
   -1
100
AcDbLine
 10
113.5
 20
268.025
 11
113
 21
268.525
  0
LINE
  5
A0F
100
AcDbEntity
  8
Sketch008
  6
ByLayer
 62
  256
370
   -1
100
AcDbLine
 10
113
 20
268.525
 11
113
 21
285.6
  0
ARC
  5
A10
100
AcDbEntity
  8
Sketch008
  6
ByLayer
 62
  256
370
   -1
100
AcDbCircle
 10
113.4
 20
285.6
 40
0.4
100
AcDbArc
 50
90
 51
180
  0
LINE
  5
A11
100
AcDbEntity
  8
Sketch008
  6
ByLayer
 62
  256
370
   -1
100
AcDbLine
 10
127
 20
286
 11
113.4
 21
286
  0
ARC
  5
A12
100
AcDbEntity
  8
Sketch008
  6
ByLayer
 62
  256
370
   -1
100
AcDbCircle
 10
127
 20
286.4
 40
0.4
100
AcDbArc
 50
-90
 51
90
  0
LINE
  5
A13
100
AcDbEntity
  8
Sketch008
  6
ByLayer
 62
  256
370
   -1
100
AcDbLine
 10
113.4
 20
286.8
 11
127
 21
286.8
  0
ARC
  5
A14
100
AcDbEntity
  8
Sketch008
  6
ByLayer
 62
  256
370
   -1
100
AcDbCircle
 10
113.4
 20
287.2
 40
0.4
100
AcDbArc
 50
180
 51
-90
  0
LINE
  5
A15
100
AcDbEntity
  8
Sketch008
  6
ByLayer
 62
  256
370
   -1
100
AcDbLine
 10
113
 20
287.2
 11
113
 21
289.352786404
  0
ARC
  5
A16
100
AcDbEntity
  8
Sketch008
  6
ByLayer
 62
  256
370
   -1
100
AcDbCircle
 10
113.4
 20
289.352786404
 40
0.4
100
AcDbArc
 50
116.565051177
 51
180
  0
LINE
  5
A17
100
AcDbEntity
  8
Sketch008
  6
ByLayer
 62
  256
370
   -1
100
AcDbLine
 10
113.221114562
 20
289.710557281
 11
115
 21
290.6
  0
LINE
  5
A18
100
AcDbEntity
  8
Sketch008
  6
ByLayer
 62
  256
370
   -1
100
AcDbLine
 10
115
 20
290.6
 11
115
 21
289.6
  0
LINE
  5
A19
100
AcDbEntity
  8
Sketch008
  6
ByLayer
 62
  256
370
   -1
100
AcDbLine
 10
115
 20
289.6
 11
117.8
 21
289.6
  0
LINE
  5
A1A
100
AcDbEntity
  8
Sketch008
  6
ByLayer
 62
  256
370
   -1
100
AcDbLine
 10
117.8
 20
291.6
 11
117.8
 21
289.6
  0
LINE
  5
A1B
100
AcDbEntity
  8
Sketch008
  6
ByLayer
 62
  256
370
   -1
100
AcDbLine
 10
125.213234996
 20
289.613629669
 11
117.8
 21
291.6
  0
ARC
  5
A1C
100
AcDbEntity
  8
Sketch008
  6
ByLayer
 62
  256
370
   -1
100
AcDbCircle
 10
125.316762614
 20
290
 40
0.4
100
AcDbArc
 50
-105
 51
-90
  0
LINE
  5
A1D
100
AcDbEntity
  8
Sketch008
  6
ByLayer
 62
  256
370
   -1
100
AcDbLine
 10
145.325
 20
289.6
 11
125.316762614
 21
289.6
  0
LINE
  5
A1E
100
AcDbEntity
  8
Sketch008
  6
ByLayer
 62
  256
370
   -1
100
AcDbLine
 10
145.325
 20
289.6
 11
145.825
 21
289.1
  0
LINE
  5
A1F
100
AcDbEntity
  8
Sketch008
  6
ByLayer
 62
  256
370
   -1
100
AcDbLine
 10
145.825
 20
289.1
 11
145.825
 21
287.008660423
  0
ARC
  5
A20
100
AcDbEntity
  8
Sketch008
  6
ByLayer
 62
  256
370
   -1
100
AcDbCircle
 10
145.925166667
 20
286.835166667
 40
0.200333333
100
AcDbArc
 50
120
 51
-90
  0
ARC
  5
A21
100
AcDbEntity
  8
Sketch008
  6
ByLayer
 62
  256
370
   -1
100
AcDbCircle
 10
145.925166667
 20
286.835166667
 40
0.200333333
100
AcDbArc
 50
-90
 51
-30
  0
LINE
  5
A22
100
AcDbEntity
  8
Sketch008
  6
ByLayer
 62
  256
370
   -1
100
AcDbLine
 10
155.501339577
 20
286.735
 11
146.098660423
 21
286.735
  0
ARC
  5
A23
100
AcDbEntity
  8
Sketch008
  6
ByLayer
 62
  256
370
   -1
100
AcDbCircle
 10
155.674833333
 20
286.835166667
 40
0.200333333
100
AcDbArc
 50
-150
 51
-90
  0
ARC
  5
A24
100
AcDbEntity
  8
Sketch008
  6
ByLayer
 62
  256
370
   -1
100
AcDbCircle
 10
155.674833333
 20
286.835166667
 40
0.200333333
100
AcDbArc
 50
-90
 51
59.99999999999999
  0
LINE
  5
A25
100
AcDbEntity
  8
Sketch008
  6
ByLayer
 62
  256
370
   -1
100
AcDbLine
 10
155.775
 20
289.1
 11
155.775
 21
287.008660423
  0
LINE
  5
A26
100
AcDbEntity
  8
Sketch008
  6
ByLayer
 62
  256
370
   -1
100
AcDbLine
 10
155.775
 20
289.1
 11
156.275
 21
289.6
  0
LINE
  5
A27
100
AcDbEntity
  8
Sketch008
  6
ByLayer
 62
  256
370
   -1
100
AcDbLine
 10
176.283237386
 20
289.6
 11
156.275
 21
289.6
  0
ARC
  5
A28
100
AcDbEntity
  8
Sketch008
  6
ByLayer
 62
  256
370
   -1
100
AcDbCircle
 10
176.283237386
 20
290
 40
0.4
100
AcDbArc
 50
-90
 51
-75
  0
LINE
  5
A29
100
AcDbEntity
  8
Sketch008
  6
ByLayer
 62
  256
370
   -1
100
AcDbLine
 10
183.8
 20
291.6
 11
176.386765004
 21
289.613629669
  0
LINE
  5
A2A
100
AcDbEntity
  8
Sketch008
  6
ByLayer
 62
  256
370
   -1
100
AcDbLine
 10
183.8
 20
289.6
 11
183.8
 21
291.6
  0
LINE
  5
A2B
100
AcDbEntity
  8
Sketch008
  6
ByLayer
 62
  256
370
   -1
100
AcDbLine
 10
186.6
 20
289.6
 11
183.8
 21
289.6
  0
LINE
  5
A2C
100
AcDbEntity
  8
Sketch008
  6
ByLayer
 62
  256
370
   -1
100
AcDbLine
 10
186.6
 20
290.6
 11
186.6
 21
289.6
  0
LINE
  5
A2D
100
AcDbEntity
  8
Sketch008
  6
ByLayer
 62
  256
370
   -1
100
AcDbLine
 10
188.378885438
 20
289.710557281
 11
186.6
 21
290.6
  0
ARC
  5
A2E
100
AcDbEntity
  8
Sketch008
  6
ByLayer
 62
  256
370
   -1
100
AcDbCircle
 10
188.2
 20
289.352786404
 40
0.4
100
AcDbArc
 50
0
 51
63.43494882299999
  0
LINE
  5
A2F
100
AcDbEntity
  8
Sketch008
  6
ByLayer
 62
  256
370
   -1
100
AcDbLine
 10
188.6
 20
289.352786404
 11
188.6
 21
287.2
  0
ARC
  5
A30
100
AcDbEntity
  8
Sketch008
  6
ByLayer
 62
  256
370
   -1
100
AcDbCircle
 10
188.2
 20
287.2
 40
0.4
100
AcDbArc
 50
-90
 51
0
  0
LINE
  5
A31
100
AcDbEntity
  8
Sketch008
  6
ByLayer
 62
  256
370
   -1
100
AcDbLine
 10
188.2
 20
286.8
 11
174.6
 21
286.8
  0
ARC
  5
A32
100
AcDbEntity
  8
Sketch008
  6
ByLayer
 62
  256
370
   -1
100
AcDbCircle
 10
174.6
 20
286.4
 40
0.4
100
AcDbArc
 50
90
 51
-90
  0
LINE
  5
A33
100
AcDbEntity
  8
Sketch008
  6
ByLayer
 62
  256
370
   -1
100
AcDbLine
 10
174.6
 20
286
 11
188.2
 21
286
  0
ARC
  5
A34
100
AcDbEntity
  8
Sketch008
  6
ByLayer
 62
  256
370
   -1
100
AcDbCircle
 10
188.2
 20
285.6
 40
0.4
100
AcDbArc
 50
0
 51
90
  0
LINE
  5
A35
100
AcDbEntity
  8
Sketch008
  6
ByLayer
 62
  256
370
   -1
100
AcDbLine
 10
188.6
 20
285.6
 11
188.6
 21
268.525
  0
LINE
  5
A36
100
AcDbEntity
  8
Sketch008
  6
ByLayer
 62
  256
370
   -1
100
AcDbLine
 10
188.6
 20
268.525
 11
188.1
 21
268.025
  0
LINE
  5
A37
100
AcDbEntity
  8
Sketch008
  6
ByLayer
 62
  256
370
   -1
100
AcDbLine
 10
188.1
 20
268.025
 11
186.008660423
 21
268.025
  0
ARC
  5
A38
100
AcDbEntity
  8
Sketch008
  6
ByLayer
 62
  256
370
   -1
100
AcDbCircle
 10
185.835166667
 20
267.924833333
 40
0.200333333
100
AcDbArc
 50
30
 51
180
  0
ARC
  5
A39
100
AcDbEntity
  8
Sketch008
  6
ByLayer
 62
  256
370
   -1
100
AcDbCircle
 10
185.835166667
 20
267.924833333
 40
0.200333333
100
AcDbArc
 50
180
 51
-120
  0
LINE
  5
A3A
100
AcDbEntity
  8
Sketch008
  6
ByLayer
 62
  256
370
   -1
100
AcDbLine
 10
185.735
 20
258.348660423
 11
185.735
 21
267.751339577
  0
ARC
  5
A3B
100
AcDbEntity
  8
Sketch008
  6
ByLayer
 62
  256
370
   -1
100
AcDbCircle
 10
185.835166667
 20
258.175166667
 40
0.200333333
100
AcDbArc
 50
120
 51
180
  0
ARC
  5
A3C
100
AcDbEntity
  8
Sketch008
  6
ByLayer
 62
  256
370
   -1
100
AcDbCircle
 10
185.835166667
 20
258.175166667
 40
0.200333333
100
AcDbArc
 50
180
 51
-30
  0
LINE
  5
A3D
100
AcDbEntity
  8
Sketch008
  6
ByLayer
 62
  256
370
   -1
100
AcDbLine
 10
188.1
 20
258.075
 11
186.008660423
 21
258.075
  0
LINE
  5
A3E
100
AcDbEntity
  8
Sketch008
  6
ByLayer
 62
  256
370
   -1
100
AcDbLine
 10
188.1
 20
258.075
 11
188.6
 21
257.575
  0
LINE
  5
A3F
100
AcDbEntity
  8
Sketch008
  6
ByLayer
 62
  256
370
   -1
100
AcDbLine
 10
188.6
 20
257.575
 11
188.6
 21
240.322402547
  0
LINE
  5
A40
100
AcDbEntity
  8
Sketch008
  6
ByLayer
 62
  256
370
   -1
100
AcDbLine
 10
188.6
 20
287.2
 11
188.6
 21
285.6
  0
LINE
  5
A41
100
AcDbEntity
  8
Sketch008
  6
ByLayer
 62
  256
370
   -1
100
AcDbLine
 10
188.6
 20
193
 11
188.6
 21
191.4
  0
LINE
  5
A42
100
AcDbEntity
  8
Sketch008
  6
ByLayer
 62
  256
370
   -1
100
AcDbLine
 10
188.6
 20
239.322403
 11
188.6
 21
221.025
  0
LINE
  5
A43
100
AcDbEntity
  8
Sketch008
  6
ByLayer
 62
  256
370
   -1
100
AcDbLine
 10
188.6
 20
221.025
 11
188.1
 21
220.525
  0
LINE
  5
A44
100
AcDbEntity
  8
Sketch008
  6
ByLayer
 62
  256
370
   -1
100
AcDbLine
 10
188.1
 20
220.525
 11
186.008660423
 21
220.525
  0
ARC
  5
A45
100
AcDbEntity
  8
Sketch008
  6
ByLayer
 62
  256
370
   -1
100
AcDbCircle
 10
185.835166667
 20
220.424833333
 40
0.200333333
100
AcDbArc
 50
30
 51
180
  0
ARC
  5
A46
100
AcDbEntity
  8
Sketch008
  6
ByLayer
 62
  256
370
   -1
100
AcDbCircle
 10
185.835166667
 20
220.424833333
 40
0.200333333
100
AcDbArc
 50
180
 51
-120
  0
LINE
  5
A47
100
AcDbEntity
  8
Sketch008
  6
ByLayer
 62
  256
370
   -1
100
AcDbLine
 10
185.735
 20
210.848660423
 11
185.735
 21
220.251339577
  0
ARC
  5
A48
100
AcDbEntity
  8
Sketch008
  6
ByLayer
 62
  256
370
   -1
100
AcDbCircle
 10
185.835166667
 20
210.675166667
 40
0.200333333
100
AcDbArc
 50
120
 51
180
  0
ARC
  5
A49
100
AcDbEntity
  8
Sketch008
  6
ByLayer
 62
  256
370
   -1
100
AcDbCircle
 10
185.835166667
 20
210.675166667
 40
0.200333333
100
AcDbArc
 50
180
 51
-30
  0
LINE
  5
A4A
100
AcDbEntity
  8
Sketch008
  6
ByLayer
 62
  256
370
   -1
100
AcDbLine
 10
188.1
 20
210.575
 11
186.008660423
 21
210.575
  0
LINE
  5
A4B
100
AcDbEntity
  8
Sketch008
  6
ByLayer
 62
  256
370
   -1
100
AcDbLine
 10
188.1
 20
210.575
 11
188.6
 21
210.075
  0
LINE
  5
A4C
100
AcDbEntity
  8
Sketch008
  6
ByLayer
 62
  256
370
   -1
100
AcDbLine
 10
188.6
 20
210.075
 11
188.6
 21
193
  0
ARC
  5
A4D
100
AcDbEntity
  8
Sketch008
  6
ByLayer
 62
  256
370
   -1
100
AcDbCircle
 10
188.2
 20
193
 40
0.4
100
AcDbArc
 50
-90
 51
0
  0
LINE
  5
A4E
100
AcDbEntity
  8
Sketch008
  6
ByLayer
 62
  256
370
   -1
100
AcDbLine
 10
188.2
 20
192.6
 11
174.6
 21
192.6
  0
ARC
  5
A4F
100
AcDbEntity
  8
Sketch008
  6
ByLayer
 62
  256
370
   -1
100
AcDbCircle
 10
174.6
 20
192.2
 40
0.4
100
AcDbArc
 50
90
 51
-90
  0
LINE
  5
A50
100
AcDbEntity
  8
Sketch008
  6
ByLayer
 62
  256
370
   -1
100
AcDbLine
 10
174.6
 20
191.8
 11
188.2
 21
191.8
  0
ARC
  5
A51
100
AcDbEntity
  8
Sketch008
  6
ByLayer
 62
  256
370
   -1
100
AcDbCircle
 10
188.2
 20
191.4
 40
0.4
100
AcDbArc
 50
0
 51
90
  0
LINE
  5
A52
100
AcDbEntity
  8
Sketch008
  6
ByLayer
 62
  256
370
   -1
100
AcDbLine
 10
188.6
 20
191.4
 11
188.6
 21
189.247213595
  0
ARC
  5
A53
100
AcDbEntity
  8
Sketch008
  6
ByLayer
 62
  256
370
   -1
100
AcDbCircle
 10
188.2
 20
189.247213595
 40
0.4
100
AcDbArc
 50
-63.43494882299999
 51
0
  0
LINE
  5
A54
100
AcDbEntity
  8
Sketch008
  6
ByLayer
 62
  256
370
   -1
100
AcDbLine
 10
188.378885438
 20
188.889442719
 11
186.6
 21
188
  0
LINE
  5
A55
100
AcDbEntity
  8
Sketch008
  6
ByLayer
 62
  256
370
   -1
100
AcDbLine
 10
186.6
 20
188
 11
186.6
 21
189
  0
LINE
  5
A56
100
AcDbEntity
  8
Sketch008
  6
ByLayer
 62
  256
370
   -1
100
AcDbLine
 10
186.6
 20
189
 11
183.8
 21
189
  0
LINE
  5
A57
100
AcDbEntity
  8
Sketch008
  6
ByLayer
 62
  256
370
   -1
100
AcDbLine
 10
183.8
 20
187
 11
183.8
 21
189
  0
LINE
  5
A58
100
AcDbEntity
  8
Sketch008
  6
ByLayer
 62
  256
370
   -1
100
AcDbLine
 10
176.386765004
 20
188.986370331
 11
183.8
 21
187
  0
ARC
  5
A59
100
AcDbEntity
  8
Sketch008
  6
ByLayer
 62
  256
370
   -1
100
AcDbCircle
 10
176.283237386
 20
188.6
 40
0.4
100
AcDbArc
 50
75
 51
90
  0
LINE
  5
A5A
100
AcDbEntity
  8
Sketch008
  6
ByLayer
 62
  256
370
   -1
100
AcDbLine
 10
125.316762614
 20
189
 11
176.283237386
 21
189
  0
ARC
  5
A5B
100
AcDbEntity
  8
Sketch008
  6
ByLayer
 62
  256
370
   -1
100
AcDbCircle
 10
125.316762614
 20
188.6
 40
0.4
100
AcDbArc
 50
90
 51
105
  0
LINE
  5
A5C
100
AcDbEntity
  8
Sketch008
  6
ByLayer
 62
  256
370
   -1
100
AcDbLine
 10
117.8
 20
187
 11
125.213234996
 21
188.986370331
  0
LINE
  5
A5D
100
AcDbEntity
  8
Sketch008
  6
ByLayer
 62
  256
370
   -1
100
AcDbLine
 10
117.8
 20
189
 11
117.8
 21
187
  0
LINE
  5
A5E
100
AcDbEntity
  8
Sketch008
  6
ByLayer
 62
  256
370
   -1
100
AcDbLine
 10
115
 20
189
 11
117.8
 21
189
  0
LINE
  5
A5F
100
AcDbEntity
  8
Sketch008
  6
ByLayer
 62
  256
370
   -1
100
AcDbLine
 10
115
 20
188
 11
115
 21
189
  0
LINE
  5
A60
100
AcDbEntity
  8
Sketch008
  6
ByLayer
 62
  256
370
   -1
100
AcDbLine
 10
113.221114562
 20
188.889442719
 11
115
 21
188
  0
ARC
  5
A61
100
AcDbEntity
  8
Sketch008
  6
ByLayer
 62
  256
370
   -1
100
AcDbCircle
 10
113.4
 20
189.247213595
 40
0.4
100
AcDbArc
 50
180
 51
-116.565051177
  0
LINE
  5
A62
100
AcDbEntity
  8
Sketch008
  6
ByLayer
 62
  256
370
   -1
100
AcDbLine
 10
113
 20
189.247213595
 11
113
 21
191.4
  0
ARC
  5
A63
100
AcDbEntity
  8
Sketch008
  6
ByLayer
 62
  256
370
   -1
100
AcDbCircle
 10
113.4
 20
191.4
 40
0.4
100
AcDbArc
 50
90
 51
180
  0
LINE
  5
A64
100
AcDbEntity
  8
Sketch008
  6
ByLayer
 62
  256
370
   -1
100
AcDbLine
 10
113.4
 20
191.8
 11
127
 21
191.8
  0
ARC
  5
A65
100
AcDbEntity
  8
Sketch008
  6
ByLayer
 62
  256
370
   -1
100
AcDbCircle
 10
127
 20
192.2
 40
0.4
100
AcDbArc
 50
-90
 51
90
  0
LINE
  5
A66
100
AcDbEntity
  8
Sketch008
  6
ByLayer
 62
  256
370
   -1
100
AcDbLine
 10
127
 20
192.6
 11
113.4
 21
192.6
  0
ARC
  5
A67
100
AcDbEntity
  8
Sketch008
  6
ByLayer
 62
  256
370
   -1
100
AcDbCircle
 10
113.4
 20
193
 40
0.4
100
AcDbArc
 50
180
 51
-90
  0
LINE
  5
A68
100
AcDbEntity
  8
Sketch008
  6
ByLayer
 62
  256
370
   -1
100
AcDbLine
 10
113
 20
193
 11
113
 21
210.075
  0
LINE
  5
A69
100
AcDbEntity
  8
Sketch008
  6
ByLayer
 62
  256
370
   -1
100
AcDbLine
 10
113
 20
210.075
 11
113.5
 21
210.575
  0
LINE
  5
A6A
100
AcDbEntity
  8
Sketch008
  6
ByLayer
 62
  256
370
   -1
100
AcDbLine
 10
115.591339577
 20
210.575
 11
113.5
 21
210.575
  0
ARC
  5
A6B
100
AcDbEntity
  8
Sketch008
  6
ByLayer
 62
  256
370
   -1
100
AcDbCircle
 10
115.764833333
 20
210.675166667
 40
0.200333333
100
AcDbArc
 50
-150
 51
59.99999999999999
  0
LINE
  5
A6C
100
AcDbEntity
  8
Sketch008
  6
ByLayer
 62
  256
370
   -1
100
AcDbLine
 10
115.865
 20
210.848660423
 11
115.865
 21
220.251339577
  0
ARC
  5
A6D
100
AcDbEntity
  8
Sketch008
  6
ByLayer
 62
  256
370
   -1
100
AcDbCircle
 10
115.764833333
 20
220.424833333
 40
0.200333333
100
AcDbArc
 50
-59.99999999999999
 51
150
  0
LINE
  5
A6E
100
AcDbEntity
  8
Sketch008
  6
ByLayer
 62
  256
370
   -1
100
AcDbLine
 10
115.591339577
 20
220.525
 11
113.5
 21
220.525
  0
LINE
  5
A6F
100
AcDbEntity
  8
Sketch008
  6
ByLayer
 62
  256
370
   -1
100
AcDbLine
 10
113.5
 20
220.525
 11
113
 21
221.025
  0
LINE
  5
A70
100
AcDbEntity
  8
Sketch008
  6
ByLayer
 62
  256
370
   -1
100
AcDbLine
 10
113
 20
239.322402547
 11
113
 21
221.025
  0
LINE
  5
A71
100
AcDbEntity
  8
Sketch008
  6
ByLayer
 62
  256
370
   -1
100
AcDbLine
 10
113
 20
193
 11
113
 21
191.4
  0
ARC
  5
A72
100
AcDbEntity
  8
Sketch008
  6
ByLayer
 62
  256
370
   -1
100
AcDbCircle
 10
167.19
 20
208.4
 40
0.8
100
AcDbArc
 50
-18.718409075
 51
162.393976876
  0
ARC
  5
A73
100
AcDbEntity
  8
Sketch008
  6
ByLayer
 62
  256
370
   -1
100
AcDbCircle
 10
192.4
 20
200.4
 40
27.248896007
100
AcDbArc
 50
162.393976876
 51
-162.393976876
  0
ARC
  5
A74
100
AcDbEntity
  8
Sketch008
  6
ByLayer
 62
  256
370
   -1
100
AcDbCircle
 10
167.19
 20
192.4
 40
0.8
100
AcDbArc
 50
-162.393976876
 51
18.718409075
  0
ARC
  5
A75
100
AcDbEntity
  8
Sketch008
  6
ByLayer
 62
  256
370
   -1
100
AcDbCircle
 10
190.8
 20
200.4
 40
24.128539869
100
AcDbArc
 50
161.281590925
 51
-161.281590925
  0
ARC
  5
A76
100
AcDbEntity
  8
Sketch008
  6
ByLayer
 62
  256
370
   -1
100
AcDbCircle
 10
139.41
 20
193.71
 40
2.11
100
AcDbArc
 50
165.360002224
 51
-90
  0
LINE
  5
A77
100
AcDbEntity
  8
Sketch008
  6
ByLayer
 62
  256
370
   -1
100
AcDbLine
 10
139.41
 20
191.6
 11
162.19
 21
191.6
  0
ARC
  5
A78
100
AcDbEntity
  8
Sketch008
  6
ByLayer
 62
  256
370
   -1
100
AcDbCircle
 10
162.19
 20
193.71
 40
2.11
100
AcDbArc
 50
-90
 51
14.639635973
  0
ARC
  5
A79
100
AcDbEntity
  8
Sketch008
  6
ByLayer
 62
  256
370
   -1
100
AcDbCircle
 10
187.8
 20
200.4
 40
24.359382312
100
AcDbArc
 50
165.360002224
 51
-165.359970885
  0
ARC
  5
A7A
100
AcDbEntity
  8
Sketch008
  6
ByLayer
 62
  256
370
   -1
100
AcDbCircle
 10
162.19
 20
207.09
 40
2.11
100
AcDbArc
 50
-14.639997776
 51
90
  0
LINE
  5
A7B
100
AcDbEntity
  8
Sketch008
  6
ByLayer
 62
  256
370
   -1
100
AcDbLine
 10
162.19
 20
209.2
 11
139.41
 21
209.2
  0
ARC
  5
A7C
100
AcDbEntity
  8
Sketch008
  6
ByLayer
 62
  256
370
   -1
100
AcDbCircle
 10
139.41
 20
207.09
 40
2.11
100
AcDbArc
 50
90
 51
-165.360002224
  0
ARC
  5
A7D
100
AcDbEntity
  8
Sketch008
  6
ByLayer
 62
  256
370
   -1
100
AcDbCircle
 10
113.8
 20
200.4
 40
24.359382312
100
AcDbArc
 50
-14.639997776
 51
14.639997776
  0
ARC
  5
A7E
100
AcDbEntity
  8
Sketch008
  6
ByLayer
 62
  256
370
   -1
100
AcDbCircle
 10
134.41
 20
208.4
 40
0.8
100
AcDbArc
 50
17.606023124
 51
-161.281590925
  0
ARC
  5
A7F
100
AcDbEntity
  8
Sketch008
  6
ByLayer
 62
  256
370
   -1
100
AcDbCircle
 10
110.8
 20
200.4
 40
24.128539869
100
AcDbArc
 50
-18.718409075
 51
18.718409075
  0
ARC
  5
A80
100
AcDbEntity
  8
Sketch008
  6
ByLayer
 62
  256
370
   -1
100
AcDbCircle
 10
134.41
 20
192.4
 40
0.8
100
AcDbArc
 50
161.281590925
 51
-17.606023124
  0
ARC
  5
A81
100
AcDbEntity
  8
Sketch008
  6
ByLayer
 62
  256
370
   -1
100
AcDbCircle
 10
109.2
 20
200.4
 40
27.248896007
100
AcDbArc
 50
-17.606023124
 51
17.606023124
  0
LINE
  5
A82
100
AcDbEntity
  8
Sketch009
  6
ByLayer
 62
  256
370
   -1
100
AcDbLine
 10
188.6
 20
147.602064
 11
188.6
 21
146.774994
  0
LINE
  5
A83
100
AcDbEntity
  8
Sketch009
  6
ByLayer
 62
  256
370
   -1
100
AcDbLine
 10
188.1
 20
146.275
 11
188.6
 21
146.774994
  0
LINE
  5
A84
100
AcDbEntity
  8
Sketch009
  6
ByLayer
 62
  256
370
   -1
100
AcDbLine
 10
186.008660423
 20
146.275
 11
188.1
 21
146.275
  0
ARC
  5
A85
100
AcDbEntity
  8
Sketch009
  6
ByLayer
 62
  256
370
   -1
100
AcDbCircle
 10
185.835166667
 20
146.174833333
 40
0.200333333
100
AcDbArc
 50
30
 51
-120
  0
LINE
  5
A86
100
AcDbEntity
  8
Sketch009
  6
ByLayer
 62
  256
370
   -1
100
AcDbLine
 10
185.735
 20
146.001339577
 11
185.735
 21
141.777115
  0
LINE
  5
A87
100
AcDbEntity
  8
Sketch009
  6
ByLayer
 62
  256
370
   -1
100
AcDbLine
 10
185.735
 20
140.777115
 11
185.735
 21
141.777115
  0
LINE
  5
A88
100
AcDbEntity
  8
Sketch009
  6
ByLayer
 62
  256
370
   -1
100
AcDbLine
 10
185.735
 20
140.777115
 11
185.735
 21
136.598660423
  0
ARC
  5
A89
100
AcDbEntity
  8
Sketch009
  6
ByLayer
 62
  256
370
   -1
100
AcDbCircle
 10
185.835166667
 20
136.425166667
 40
0.200333333
100
AcDbArc
 50
120
 51
-30
  0
LINE
  5
A8A
100
AcDbEntity
  8
Sketch009
  6
ByLayer
 62
  256
370
   -1
100
AcDbLine
 10
186.008660423
 20
136.325
 11
188.1
 21
136.325
  0
LINE
  5
A8B
100
AcDbEntity
  8
Sketch009
  6
ByLayer
 62
  256
370
   -1
100
AcDbLine
 10
188.6
 20
135.825
 11
188.1
 21
136.325
  0
LINE
  5
A8C
100
AcDbEntity
  8
Sketch009
  6
ByLayer
 62
  256
370
   -1
100
AcDbLine
 10
188.6
 20
135.825
 11
188.6
 21
125
  0
ARC
  5
A8D
100
AcDbEntity
  8
Sketch009
  6
ByLayer
 62
  256
370
   -1
100
AcDbCircle
 10
188.2
 20
123.4
 40
0.4
100
AcDbArc
 50
0
 51
90
  0
LINE
  5
A8E
100
AcDbEntity
  8
Sketch009
  6
ByLayer
 62
  256
370
   -1
100
AcDbLine
 10
174.6
 20
123.8
 11
188.2
 21
123.8
  0
ARC
  5
A8F
100
AcDbEntity
  8
Sketch009
  6
ByLayer
 62
  256
370
   -1
100
AcDbCircle
 10
174.6
 20
124.2
 40
0.4
100
AcDbArc
 50
90
 51
-90
  0
LINE
  5
A90
100
AcDbEntity
  8
Sketch009
  6
ByLayer
 62
  256
370
   -1
100
AcDbLine
 10
188.2
 20
124.6
 11
174.6
 21
124.6
  0
ARC
  5
A91
100
AcDbEntity
  8
Sketch009
  6
ByLayer
 62
  256
370
   -1
100
AcDbCircle
 10
188.2
 20
125
 40
0.4
100
AcDbArc
 50
-90
 51
0
  0
LINE
  5
A92
100
AcDbEntity
  8
Sketch009
  6
ByLayer
 62
  256
370
   -1
100
AcDbLine
 10
188.6
 20
125
 11
188.6
 21
123.4
  0
LINE
  5
A93
100
AcDbEntity
  8
Sketch009
  6
ByLayer
 62
  256
370
   -1
100
AcDbLine
 10
188.6
 20
123.4
 11
188.6
 21
121.247213596
  0
ARC
  5
A94
100
AcDbEntity
  8
Sketch009
  6
ByLayer
 62
  256
370
   -1
100
AcDbCircle
 10
188.2
 20
121.247213596
 40
0.4
100
AcDbArc
 50
-63.43494882299999
 51
0
  0
LINE
  5
A95
100
AcDbEntity
  8
Sketch009
  6
ByLayer
 62
  256
370
   -1
100
AcDbLine
 10
188.378885438
 20
120.889442719
 11
186.6
 21
120
  0
LINE
  5
A96
100
AcDbEntity
  8
Sketch009
  6
ByLayer
 62
  256
370
   -1
100
AcDbLine
 10
186.6
 20
120
 11
186.6
 21
121
  0
LINE
  5
A97
100
AcDbEntity
  8
Sketch009
  6
ByLayer
 62
  256
370
   -1
100
AcDbLine
 10
186.6
 20
121
 11
183.8
 21
121
  0
LINE
  5
A98
100
AcDbEntity
  8
Sketch009
  6
ByLayer
 62
  256
370
   -1
100
AcDbLine
 10
183.8
 20
121
 11
183.8
 21
119
  0
LINE
  5
A99
100
AcDbEntity
  8
Sketch009
  6
ByLayer
 62
  256
370
   -1
100
AcDbLine
 10
183.8
 20
119
 11
176.386765004
 21
120.986370331
  0
ARC
  5
A9A
100
AcDbEntity
  8
Sketch009
  6
ByLayer
 62
  256
370
   -1
100
AcDbCircle
 10
176.283237386
 20
120.6
 40
0.4
100
AcDbArc
 50
75
 51
90
  0
LINE
  5
A9B
100
AcDbEntity
  8
Sketch009
  6
ByLayer
 62
  256
370
   -1
100
AcDbLine
 10
176.283237386
 20
121
 11
167.615
 21
121
  0
LINE
  5
A9C
100
AcDbEntity
  8
Sketch009
  6
ByLayer
 62
  256
370
   -1
100
AcDbLine
 10
167.115
 20
121.5
 11
167.615
 21
121
  0
LINE
  5
A9D
100
AcDbEntity
  8
Sketch009
  6
ByLayer
 62
  256
370
   -1
100
AcDbLine
 10
167.115
 20
121.5
 11
167.115
 21
123.591339577
  0
ARC
  5
A9E
100
AcDbEntity
  8
Sketch009
  6
ByLayer
 62
  256
370
   -1
100
AcDbCircle
 10
167.014833333
 20
123.764833333
 40
0.200333333
100
AcDbArc
 50
-59.99999999999999
 51
90
  0
ARC
  5
A9F
100
AcDbEntity
  8
Sketch009
  6
ByLayer
 62
  256
370
   -1
100
AcDbCircle
 10
167.014833333
 20
123.764833333
 40
0.200333333
100
AcDbArc
 50
90
 51
150
  0
LINE
  5
AA0
100
AcDbEntity
  8
Sketch009
  6
ByLayer
 62
  256
370
   -1
100
AcDbLine
 10
157.438660423
 20
123.865
 11
166.841339577
 21
123.865
  0
ARC
  5
AA1
100
AcDbEntity
  8
Sketch009
  6
ByLayer
 62
  256
370
   -1
100
AcDbCircle
 10
157.265166667
 20
123.764833333
 40
0.200333333
100
AcDbArc
 50
30
 51
90
  0
ARC
  5
AA2
100
AcDbEntity
  8
Sketch009
  6
ByLayer
 62
  256
370
   -1
100
AcDbCircle
 10
157.265166667
 20
123.764833333
 40
0.200333333
100
AcDbArc
 50
90
 51
-120
  0
LINE
  5
AA3
100
AcDbEntity
  8
Sketch009
  6
ByLayer
 62
  256
370
   -1
100
AcDbLine
 10
157.165
 20
121.5
 11
157.165
 21
123.591339577
  0
LINE
  5
AA4
100
AcDbEntity
  8
Sketch009
  6
ByLayer
 62
  256
370
   -1
100
AcDbLine
 10
156.665
 20
121
 11
157.165
 21
121.5
  0
LINE
  5
AA5
100
AcDbEntity
  8
Sketch009
  6
ByLayer
 62
  256
370
   -1
100
AcDbLine
 10
156.665
 20
121
 11
144.935
 21
121
  0
LINE
  5
AA6
100
AcDbEntity
  8
Sketch009
  6
ByLayer
 62
  256
370
   -1
100
AcDbLine
 10
144.435
 20
121.5
 11
144.935
 21
121
  0
LINE
  5
AA7
100
AcDbEntity
  8
Sketch009
  6
ByLayer
 62
  256
370
   -1
100
AcDbLine
 10
144.435
 20
121.5
 11
144.435
 21
123.591339577
  0
ARC
  5
AA8
100
AcDbEntity
  8
Sketch009
  6
ByLayer
 62
  256
370
   -1
100
AcDbCircle
 10
144.334833333
 20
123.764833333
 40
0.200333333
100
AcDbArc
 50
-59.99999999999999
 51
90
  0
ARC
  5
AA9
100
AcDbEntity
  8
Sketch009
  6
ByLayer
 62
  256
370
   -1
100
AcDbCircle
 10
144.334833333
 20
123.764833333
 40
0.200333333
100
AcDbArc
 50
90
 51
150
  0
LINE
  5
AAA
100
AcDbEntity
  8
Sketch009
  6
ByLayer
 62
  256
370
   -1
100
AcDbLine
 10
134.758660423
 20
123.865
 11
144.161339577
 21
123.865
  0
ARC
  5
AAB
100
AcDbEntity
  8
Sketch009
  6
ByLayer
 62
  256
370
   -1
100
AcDbCircle
 10
134.585166667
 20
123.764833333
 40
0.200333333
100
AcDbArc
 50
30
 51
90
  0
ARC
  5
AAC
100
AcDbEntity
  8
Sketch009
  6
ByLayer
 62
  256
370
   -1
100
AcDbCircle
 10
134.585166667
 20
123.764833333
 40
0.200333333
100
AcDbArc
 50
90
 51
-120
  0
LINE
  5
AAD
100
AcDbEntity
  8
Sketch009
  6
ByLayer
 62
  256
370
   -1
100
AcDbLine
 10
134.485
 20
121.5
 11
134.485
 21
123.591339577
  0
LINE
  5
AAE
100
AcDbEntity
  8
Sketch009
  6
ByLayer
 62
  256
370
   -1
100
AcDbLine
 10
133.985
 20
121
 11
134.485
 21
121.5
  0
LINE
  5
AAF
100
AcDbEntity
  8
Sketch009
  6
ByLayer
 62
  256
370
   -1
100
AcDbLine
 10
133.985
 20
121
 11
125.316762614
 21
121
  0
ARC
  5
AB0
100
AcDbEntity
  8
Sketch009
  6
ByLayer
 62
  256
370
   -1
100
AcDbCircle
 10
125.316762614
 20
120.6
 40
0.4
100
AcDbArc
 50
90
 51
105
  0
LINE
  5
AB1
100
AcDbEntity
  8
Sketch009
  6
ByLayer
 62
  256
370
   -1
100
AcDbLine
 10
125.213234996
 20
120.986370331
 11
117.8
 21
119
  0
LINE
  5
AB2
100
AcDbEntity
  8
Sketch009
  6
ByLayer
 62
  256
370
   -1
100
AcDbLine
 10
117.8
 20
119
 11
117.8
 21
121
  0
LINE
  5
AB3
100
AcDbEntity
  8
Sketch009
  6
ByLayer
 62
  256
370
   -1
100
AcDbLine
 10
117.8
 20
121
 11
115
 21
121
  0
LINE
  5
AB4
100
AcDbEntity
  8
Sketch009
  6
ByLayer
 62
  256
370
   -1
100
AcDbLine
 10
115
 20
120
 11
115
 21
121
  0
LINE
  5
AB5
100
AcDbEntity
  8
Sketch009
  6
ByLayer
 62
  256
370
   -1
100
AcDbLine
 10
113.221114562
 20
120.889442719
 11
115
 21
120
  0
ARC
  5
AB6
100
AcDbEntity
  8
Sketch009
  6
ByLayer
 62
  256
370
   -1
100
AcDbCircle
 10
113.4
 20
121.247213596
 40
0.4
100
AcDbArc
 50
180
 51
-116.565051177
  0
LINE
  5
AB7
100
AcDbEntity
  8
Sketch009
  6
ByLayer
 62
  256
370
   -1
100
AcDbLine
 10
113
 20
121.247213596
 11
113
 21
123.4
  0
ARC
  5
AB8
100
AcDbEntity
  8
Sketch009
  6
ByLayer
 62
  256
370
   -1
100
AcDbCircle
 10
113.4
 20
123.4
 40
0.4
100
AcDbArc
 50
90
 51
180
  0
LINE
  5
AB9
100
AcDbEntity
  8
Sketch009
  6
ByLayer
 62
  256
370
   -1
100
AcDbLine
 10
113.4
 20
123.8
 11
127
 21
123.8
  0
ARC
  5
ABA
100
AcDbEntity
  8
Sketch009
  6
ByLayer
 62
  256
370
   -1
100
AcDbCircle
 10
127
 20
124.2
 40
0.4
100
AcDbArc
 50
-90
 51
90
  0
LINE
  5
ABB
100
AcDbEntity
  8
Sketch009
  6
ByLayer
 62
  256
370
   -1
100
AcDbLine
 10
127
 20
124.6
 11
113.4
 21
124.6
  0
ARC
  5
ABC
100
AcDbEntity
  8
Sketch009
  6
ByLayer
 62
  256
370
   -1
100
AcDbCircle
 10
113.4
 20
125
 40
0.4
100
AcDbArc
 50
180
 51
-90
  0
LINE
  5
ABD
100
AcDbEntity
  8
Sketch009
  6
ByLayer
 62
  256
370
   -1
100
AcDbLine
 10
113
 20
125
 11
113
 21
135.825
  0
LINE
  5
ABE
100
AcDbEntity
  8
Sketch009
  6
ByLayer
 62
  256
370
   -1
100
AcDbLine
 10
113.5
 20
136.325
 11
113
 21
135.825
  0
LINE
  5
ABF
100
AcDbEntity
  8
Sketch009
  6
ByLayer
 62
  256
370
   -1
100
AcDbLine
 10
113.5
 20
136.325
 11
115.591339577
 21
136.325
  0
ARC
  5
AC0
100
AcDbEntity
  8
Sketch009
  6
ByLayer
 62
  256
370
   -1
100
AcDbCircle
 10
115.764833333
 20
136.425166667
 40
0.200333333
100
AcDbArc
 50
-150
 51
0
  0
ARC
  5
AC1
100
AcDbEntity
  8
Sketch009
  6
ByLayer
 62
  256
370
   -1
100
AcDbCircle
 10
115.764833333
 20
136.425166667
 40
0.200333333
100
AcDbArc
 50
0
 51
59.99999999999999
  0
LINE
  5
AC2
100
AcDbEntity
  8
Sketch009
  6
ByLayer
 62
  256
370
   -1
100
AcDbLine
 10
115.865
 20
140.777115
 11
115.865
 21
136.598660423
  0
LINE
  5
AC3
100
AcDbEntity
  8
Sketch009
  6
ByLayer
 62
  256
370
   -1
100
AcDbLine
 10
115.865
 20
140.777115
 11
115.865
 21
141.777115
  0
LINE
  5
AC4
100
AcDbEntity
  8
Sketch009
  6
ByLayer
 62
  256
370
   -1
100
AcDbLine
 10
115.865
 20
146.001339577
 11
115.865
 21
141.777115
  0
ARC
  5
AC5
100
AcDbEntity
  8
Sketch009
  6
ByLayer
 62
  256
370
   -1
100
AcDbCircle
 10
115.764833333
 20
146.174833333
 40
0.200333333
100
AcDbArc
 50
-59.99999999999999
 51
0
  0
ARC
  5
AC6
100
AcDbEntity
  8
Sketch009
  6
ByLayer
 62
  256
370
   -1
100
AcDbCircle
 10
115.764833333
 20
146.174833333
 40
0.200333333
100
AcDbArc
 50
0
 51
150
  0
LINE
  5
AC7
100
AcDbEntity
  8
Sketch009
  6
ByLayer
 62
  256
370
   -1
100
AcDbLine
 10
113.5
 20
146.275
 11
115.591339577
 21
146.275
  0
LINE
  5
AC8
100
AcDbEntity
  8
Sketch009
  6
ByLayer
 62
  256
370
   -1
100
AcDbLine
 10
113
 20
146.774994
 11
113.5
 21
146.275
  0
LINE
  5
AC9
100
AcDbEntity
  8
Sketch009
  6
ByLayer
 62
  256
370
   -1
100
AcDbLine
 10
113
 20
147.608146
 11
113
 21
146.774994
  0
LINE
  5
ACA
100
AcDbEntity
  8
Sketch009
  6
ByLayer
 62
  256
370
   -1
100
AcDbLine
 10
113
 20
125
 11
113
 21
123.4
  0
LINE
  5
ACB
100
AcDbEntity
  8
Sketch009
  6
ByLayer
 62
  256
370
   -1
100
AcDbLine
 10
188.6
 20
157.6
 11
188.6
 21
148.601423
  0
LINE
  5
ACC
100
AcDbEntity
  8
Sketch009
  6
ByLayer
 62
  256
370
   -1
100
AcDbLine
 10
188.6
 20
159.2
 11
188.6
 21
157.6
  0
ARC
  5
ACD
100
AcDbEntity
  8
Sketch009
  6
ByLayer
 62
  256
370
   -1
100
AcDbCircle
 10
188.2
 20
157.6
 40
0.4
100
AcDbArc
 50
0
 51
90
  0
LINE
  5
ACE
100
AcDbEntity
  8
Sketch009
  6
ByLayer
 62
  256
370
   -1
100
AcDbLine
 10
174.6
 20
158
 11
188.2
 21
158
  0
ARC
  5
ACF
100
AcDbEntity
  8
Sketch009
  6
ByLayer
 62
  256
370
   -1
100
AcDbCircle
 10
174.6
 20
158.4
 40
0.4
100
AcDbArc
 50
90
 51
-90
  0
LINE
  5
AD0
100
AcDbEntity
  8
Sketch009
  6
ByLayer
 62
  256
370
   -1
100
AcDbLine
 10
188.2
 20
158.8
 11
174.6
 21
158.8
  0
ARC
  5
AD1
100
AcDbEntity
  8
Sketch009
  6
ByLayer
 62
  256
370
   -1
100
AcDbCircle
 10
188.2
 20
159.2
 40
0.4
100
AcDbArc
 50
-90
 51
0
  0
LINE
  5
AD2
100
AcDbEntity
  8
Sketch009
  6
ByLayer
 62
  256
370
   -1
100
AcDbLine
 10
188.6
 20
161.352786405
 11
188.6
 21
159.2
  0
ARC
  5
AD3
100
AcDbEntity
  8
Sketch009
  6
ByLayer
 62
  256
370
   -1
100
AcDbCircle
 10
188.2
 20
161.352786405
 40
0.4
100
AcDbArc
 50
0
 51
63.43494882299999
  0
LINE
  5
AD4
100
AcDbEntity
  8
Sketch009
  6
ByLayer
 62
  256
370
   -1
100
AcDbLine
 10
188.378885438
 20
161.710557281
 11
186.6
 21
162.6
  0
LINE
  5
AD5
100
AcDbEntity
  8
Sketch009
  6
ByLayer
 62
  256
370
   -1
100
AcDbLine
 10
186.6
 20
161.6
 11
186.6
 21
162.6
  0
LINE
  5
AD6
100
AcDbEntity
  8
Sketch009
  6
ByLayer
 62
  256
370
   -1
100
AcDbLine
 10
183.8
 20
161.6
 11
186.6
 21
161.6
  0
LINE
  5
AD7
100
AcDbEntity
  8
Sketch009
  6
ByLayer
 62
  256
370
   -1
100
AcDbLine
 10
183.8
 20
163.6
 11
183.8
 21
161.6
  0
LINE
  5
AD8
100
AcDbEntity
  8
Sketch009
  6
ByLayer
 62
  256
370
   -1
100
AcDbLine
 10
176.386765004
 20
161.613629669
 11
183.8
 21
163.6
  0
ARC
  5
AD9
100
AcDbEntity
  8
Sketch009
  6
ByLayer
 62
  256
370
   -1
100
AcDbCircle
 10
176.283237386
 20
162
 40
0.4
100
AcDbArc
 50
-90
 51
-75
  0
LINE
  5
ADA
100
AcDbEntity
  8
Sketch009
  6
ByLayer
 62
  256
370
   -1
100
AcDbLine
 10
167.615
 20
161.6
 11
176.283237386
 21
161.6
  0
LINE
  5
ADB
100
AcDbEntity
  8
Sketch009
  6
ByLayer
 62
  256
370
   -1
100
AcDbLine
 10
167.615
 20
161.6
 11
167.115
 21
161.1
  0
LINE
  5
ADC
100
AcDbEntity
  8
Sketch009
  6
ByLayer
 62
  256
370
   -1
100
AcDbLine
 10
167.115
 20
161.1
 11
167.115
 21
159.008660423
  0
ARC
  5
ADD
100
AcDbEntity
  8
Sketch009
  6
ByLayer
 62
  256
370
   -1
100
AcDbCircle
 10
167.014833333
 20
158.835166667
 40
0.200333333
100
AcDbArc
 50
-90
 51
59.99999999999999
  0
ARC
  5
ADE
100
AcDbEntity
  8
Sketch009
  6
ByLayer
 62
  256
370
   -1
100
AcDbCircle
 10
167.014833333
 20
158.835166667
 40
0.200333333
100
AcDbArc
 50
-150
 51
-90
  0
LINE
  5
ADF
100
AcDbEntity
  8
Sketch009
  6
ByLayer
 62
  256
370
   -1
100
AcDbLine
 10
166.841339577
 20
158.735
 11
157.438660423
 21
158.735
  0
ARC
  5
AE0
100
AcDbEntity
  8
Sketch009
  6
ByLayer
 62
  256
370
   -1
100
AcDbCircle
 10
157.265166667
 20
158.835166667
 40
0.200333333
100
AcDbArc
 50
-90
 51
-30
  0
ARC
  5
AE1
100
AcDbEntity
  8
Sketch009
  6
ByLayer
 62
  256
370
   -1
100
AcDbCircle
 10
157.265166667
 20
158.835166667
 40
0.200333333
100
AcDbArc
 50
120
 51
-90
  0
LINE
  5
AE2
100
AcDbEntity
  8
Sketch009
  6
ByLayer
 62
  256
370
   -1
100
AcDbLine
 10
157.165
 20
161.1
 11
157.165
 21
159.008660423
  0
LINE
  5
AE3
100
AcDbEntity
  8
Sketch009
  6
ByLayer
 62
  256
370
   -1
100
AcDbLine
 10
157.165
 20
161.1
 11
156.665
 21
161.6
  0
LINE
  5
AE4
100
AcDbEntity
  8
Sketch009
  6
ByLayer
 62
  256
370
   -1
100
AcDbLine
 10
144.935
 20
161.6
 11
156.665
 21
161.6
  0
LINE
  5
AE5
100
AcDbEntity
  8
Sketch009
  6
ByLayer
 62
  256
370
   -1
100
AcDbLine
 10
144.935
 20
161.6
 11
144.435
 21
161.1
  0
LINE
  5
AE6
100
AcDbEntity
  8
Sketch009
  6
ByLayer
 62
  256
370
   -1
100
AcDbLine
 10
144.435
 20
161.1
 11
144.435
 21
159.008660423
  0
ARC
  5
AE7
100
AcDbEntity
  8
Sketch009
  6
ByLayer
 62
  256
370
   -1
100
AcDbCircle
 10
144.334833333
 20
158.835166667
 40
0.200333333
100
AcDbArc
 50
-90
 51
59.99999999999999
  0
ARC
  5
AE8
100
AcDbEntity
  8
Sketch009
  6
ByLayer
 62
  256
370
   -1
100
AcDbCircle
 10
144.334833333
 20
158.835166667
 40
0.200333333
100
AcDbArc
 50
-150
 51
-90
  0
LINE
  5
AE9
100
AcDbEntity
  8
Sketch009
  6
ByLayer
 62
  256
370
   -1
100
AcDbLine
 10
144.161339577
 20
158.735
 11
134.758660423
 21
158.735
  0
ARC
  5
AEA
100
AcDbEntity
  8
Sketch009
  6
ByLayer
 62
  256
370
   -1
100
AcDbCircle
 10
134.585166667
 20
158.835166667
 40
0.200333333
100
AcDbArc
 50
-90
 51
-30
  0
ARC
  5
AEB
100
AcDbEntity
  8
Sketch009
  6
ByLayer
 62
  256
370
   -1
100
AcDbCircle
 10
134.585166667
 20
158.835166667
 40
0.200333333
100
AcDbArc
 50
120
 51
-90
  0
LINE
  5
AEC
100
AcDbEntity
  8
Sketch009
  6
ByLayer
 62
  256
370
   -1
100
AcDbLine
 10
134.485
 20
161.1
 11
134.485
 21
159.008660423
  0
LINE
  5
AED
100
AcDbEntity
  8
Sketch009
  6
ByLayer
 62
  256
370
   -1
100
AcDbLine
 10
134.485
 20
161.1
 11
133.985
 21
161.6
  0
LINE
  5
AEE
100
AcDbEntity
  8
Sketch009
  6
ByLayer
 62
  256
370
   -1
100
AcDbLine
 10
125.316762614
 20
161.6
 11
133.985
 21
161.6
  0
ARC
  5
AEF
100
AcDbEntity
  8
Sketch009
  6
ByLayer
 62
  256
370
   -1
100
AcDbCircle
 10
125.316762614
 20
162
 40
0.4
100
AcDbArc
 50
-105
 51
-90
  0
LINE
  5
AF0
100
AcDbEntity
  8
Sketch009
  6
ByLayer
 62
  256
370
   -1
100
AcDbLine
 10
117.8
 20
163.6
 11
125.213234996
 21
161.613629669
  0
LINE
  5
AF1
100
AcDbEntity
  8
Sketch009
  6
ByLayer
 62
  256
370
   -1
100
AcDbLine
 10
117.8
 20
161.6
 11
117.8
 21
163.6
  0
LINE
  5
AF2
100
AcDbEntity
  8
Sketch009
  6
ByLayer
 62
  256
370
   -1
100
AcDbLine
 10
115
 20
161.6
 11
117.8
 21
161.6
  0
LINE
  5
AF3
100
AcDbEntity
  8
Sketch009
  6
ByLayer
 62
  256
370
   -1
100
AcDbLine
 10
115
 20
162.6
 11
115
 21
161.6
  0
LINE
  5
AF4
100
AcDbEntity
  8
Sketch009
  6
ByLayer
 62
  256
370
   -1
100
AcDbLine
 10
113.221114562
 20
161.710557281
 11
115
 21
162.6
  0
ARC
  5
AF5
100
AcDbEntity
  8
Sketch009
  6
ByLayer
 62
  256
370
   -1
100
AcDbCircle
 10
113.4
 20
161.352786405
 40
0.4
100
AcDbArc
 50
116.565051177
 51
180
  0
LINE
  5
AF6
100
AcDbEntity
  8
Sketch009
  6
ByLayer
 62
  256
370
   -1
100
AcDbLine
 10
113
 20
159.2
 11
113
 21
161.352786405
  0
ARC
  5
AF7
100
AcDbEntity
  8
Sketch009
  6
ByLayer
 62
  256
370
   -1
100
AcDbCircle
 10
113.4
 20
159.2
 40
0.4
100
AcDbArc
 50
180
 51
-90
  0
LINE
  5
AF8
100
AcDbEntity
  8
Sketch009
  6
ByLayer
 62
  256
370
   -1
100
AcDbLine
 10
127
 20
158.8
 11
113.4
 21
158.8
  0
ARC
  5
AF9
100
AcDbEntity
  8
Sketch009
  6
ByLayer
 62
  256
370
   -1
100
AcDbCircle
 10
127
 20
158.4
 40
0.4
100
AcDbArc
 50
-90
 51
90
  0
LINE
  5
AFA
100
AcDbEntity
  8
Sketch009
  6
ByLayer
 62
  256
370
   -1
100
AcDbLine
 10
113.4
 20
158
 11
127
 21
158
  0
ARC
  5
AFB
100
AcDbEntity
  8
Sketch009
  6
ByLayer
 62
  256
370
   -1
100
AcDbCircle
 10
113.4
 20
157.6
 40
0.4
100
AcDbArc
 50
90
 51
180
  0
LINE
  5
AFC
100
AcDbEntity
  8
Sketch009
  6
ByLayer
 62
  256
370
   -1
100
AcDbLine
 10
113
 20
157.6
 11
113
 21
148.604743
  0
LINE
  5
AFD
100
AcDbEntity
  8
Sketch009
  6
ByLayer
 62
  256
370
   -1
100
AcDbLine
 10
113
 20
159.2
 11
113
 21
157.6
  0
CIRCLE
  5
AFE
100
AcDbEntity
  8
Sketch009
  6
ByLayer
 62
  256
370
   -1
100
AcDbCircle
 10
138
 20
134.3
 40
8.5
  0
LINE
  5
AFF
100
AcDbEntity
  8
Sketch009
  6
ByLayer
 62
  256
370
   -1
100
AcDbLine
 10
147.95
 20
128.7
 11
153.65
 21
128.7
  0
ARC
  5
B00
100
AcDbEntity
  8
Sketch009
  6
ByLayer
 62
  256
370
   -1
100
AcDbCircle
 10
153.65
 20
126.2
 40
2.5
100
AcDbArc
 50
-90
 51
90
  0
LINE
  5
B01
100
AcDbEntity
  8
Sketch009
  6
ByLayer
 62
  256
370
   -1
100
AcDbLine
 10
147.95
 20
123.7
 11
153.65
 21
123.7
  0
ARC
  5
B02
100
AcDbEntity
  8
Sketch009
  6
ByLayer
 62
  256
370
   -1
100
AcDbCircle
 10
147.95
 20
126.2
 40
2.5
100
AcDbArc
 50
90
 51
-90
  0
LINE
  5
B03
100
AcDbEntity
  8
Sketch009
  6
ByLayer
 62
  256
370
   -1
100
AcDbLine
 10
126.8
 20
153.91
 11
138.8
 21
153.91
  0
ARC
  5
B04
100
AcDbEntity
  8
Sketch009
  6
ByLayer
 62
  256
370
   -1
100
AcDbCircle
 10
138.8
 20
153.155
 40
0.755
100
AcDbArc
 50
-90
 51
90
  0
LINE
  5
B05
100
AcDbEntity
  8
Sketch009
  6
ByLayer
 62
  256
370
   -1
100
AcDbLine
 10
126.8
 20
152.4
 11
138.8
 21
152.4
  0
ARC
  5
B06
100
AcDbEntity
  8
Sketch009
  6
ByLayer
 62
  256
370
   -1
100
AcDbCircle
 10
126.8
 20
153.155
 40
0.755
100
AcDbArc
 50
90
 51
-90
  0
CIRCLE
  5
B07
100
AcDbEntity
  8
Sketch009
  6
ByLayer
 62
  256
370
   -1
100
AcDbCircle
 10
163.6
 20
134.877413774
 40
6.899701543
  0
LINE
  5
B08
100
AcDbEntity
  8
Sketch009
  6
ByLayer
 62
  256
370
   -1
100
AcDbLine
 10
162.8
 20
153.91
 11
174.8
 21
153.91
  0
ARC
  5
B09
100
AcDbEntity
  8
Sketch009
  6
ByLayer
 62
  256
370
   -1
100
AcDbCircle
 10
174.8
 20
153.155
 40
0.755
100
AcDbArc
 50
-90
 51
90
  0
LINE
  5
B0A
100
AcDbEntity
  8
Sketch009
  6
ByLayer
 62
  256
370
   -1
100
AcDbLine
 10
162.8
 20
152.4
 11
174.8
 21
152.4
  0
ARC
  5
B0B
100
AcDbEntity
  8
Sketch009
  6
ByLayer
 62
  256
370
   -1
100
AcDbCircle
 10
162.8
 20
153.155
 40
0.755
100
AcDbArc
 50
90
 51
-90
  0
ENDSEC
  0
SECTION
  2
OBJECTS
  0
DICTIONARY
  5
C
330
0
100
AcDbDictionary
281
    1
  3
ACAD_GROUP
350
D
  0
DICTIONARY
  5
D
330
C
100
AcDbDictionary
281
    1
  0
PLOTSETTINGS
  5
B0C
100
AcDbPlotSettings
  6
1x1
 40
0
 41
0
 42
0
 43
0
  0
ENDSEC
  0
EOF
