999
FreeCAD v1.0 39319 (Git)
  0
SECTION
  2
HEADER
  9
$ACADVER
  1
AC1014
  9
$ACADMAINTVER
 70
     9
  9
$DWGCODEPAGE
  3
ANSI_1252
  9
$TEXTSTYLE
  7
STANDARD
  9
$DIMSTYLE
  2
STANDARD
  9
$DIMTXSTY
  7
STANDARD
  9
$CMLSTYLE
  2
STANDARD
  9
$LUNITS
 70
2
  9
$INSUNITS
 70
4
  9
$PEXTMAX
 10
50
 20
50
 30
50
  9
$PEXTMIN
 10
0
 20
0
 30
0
  9
$HANDSEED
  5
FFFF
  0
ENDSEC
  0
SECTION
  2
CLASSES
  0
CLASS
  1
ACDBDICTIONARYWDFLT
  2
AcDbDictionaryWithDefault
  3
ObjectDBX Classes
 90
        0
280
     0
281
     0
  0
CLASS
  1
XRECORD
  2
AcDbXrecord
  3
ObjectDBX Classes
 90
        0
280
     0
281
     0
  0
CLASS
  1
LWPOLYLINE
  2
AcDbPolyline
  3
ObjectDBX Classes
 90
        0
280
     0
281
     1
  0
ENDSEC
  0
SECTION
  2
TABLES
  0
TABLE
  2
VPORT
  5
20
330
0
100
AcDbSymbolTable
 70
     1
  0
VPORT
  5
21
330
20
100
AcDbSymbolTableRecord
100
AcDbViewportTableRecord
  2
*ACTIVE
 70
     0
  0
ENDTAB
  0
TABLE
  2
LTYPE
  5
22
330
0
100
AcDbSymbolTable
 70
     1
  0
LTYPE
  5
23
330
21
100
AcDbSymbolTableRecord
100
AcDbLinetypeTableRecord
  2
BYBLOCK
 70
     0
  3

 72
    65
 73
     0
 40
0.0
  0
LTYPE
  5
24
330
21
100
AcDbSymbolTableRecord
100
AcDbLinetypeTableRecord
  2
BYLAYER
 70
     0
  3

 72
    65
 73
     0
 40
0.0
  0
LTYPE
  5
25
330
21
100
AcDbSymbolTableRecord
100
AcDbLinetypeTableRecord
  2
CONTINUOUS
 70
     0
  3
Solid line
 72
    65
 73
     0
 40
0.0
  0
ENDTAB
  0
TABLE
  2
LAYER
  5
1327
330
0
100
AcDbSymbolTable
 70
14
  0
LAYER
  5
1328
330
1327
100
AcDbSymbolTableRecord
100
AcDbLayerTableRecord
  2
0
 70
   0
 62
   7
  6
CONTINUOUS
  0
LAYER
  5
1329
330
1327
100
AcDbSymbolTableRecord
100
AcDbLayerTableRecord
  2
none
 70
    0
 62
    7
  6
CONTINUOUS
  0
LAYER
  5
132A
330
1327
100
AcDbSymbolTableRecord
100
AcDbLayerTableRecord
  2
Shape2DView
 70
    0
 62
    7
  6
CONTINUOUS
  0
LAYER
  5
132B
330
1327
100
AcDbSymbolTableRecord
100
AcDbLayerTableRecord
  2
Shape2DView001
 70
    0
 62
    7
  6
CONTINUOUS
  0
LAYER
  5
132C
330
1327
100
AcDbSymbolTableRecord
100
AcDbLayerTableRecord
  2
Sketch001
 70
    0
 62
    7
  6
CONTINUOUS
  0
LAYER
  5
132D
330
1327
100
AcDbSymbolTableRecord
100
AcDbLayerTableRecord
  2
Sketch002
 70
    0
 62
    7
  6
CONTINUOUS
  0
LAYER
  5
132E
330
1327
100
AcDbSymbolTableRecord
100
AcDbLayerTableRecord
  2
Sketch003
 70
    0
 62
    7
  6
CONTINUOUS
  0
LAYER
  5
132F
330
1327
100
AcDbSymbolTableRecord
100
AcDbLayerTableRecord
  2
Sketch004
 70
    0
 62
    7
  6
CONTINUOUS
  0
LAYER
  5
1330
330
1327
100
AcDbSymbolTableRecord
100
AcDbLayerTableRecord
  2
Sketch005
 70
    0
 62
    7
  6
CONTINUOUS
  0
LAYER
  5
1331
330
1327
100
AcDbSymbolTableRecord
100
AcDbLayerTableRecord
  2
Sketch006
 70
    0
 62
    7
  6
CONTINUOUS
  0
LAYER
  5
1332
330
1327
100
AcDbSymbolTableRecord
100
AcDbLayerTableRecord
  2
Sketch007
 70
    0
 62
    7
  6
CONTINUOUS
  0
LAYER
  5
1333
330
1327
100
AcDbSymbolTableRecord
100
AcDbLayerTableRecord
  2
Sketch008
 70
    0
 62
    7
  6
CONTINUOUS
  0
LAYER
  5
1334
330
1327
100
AcDbSymbolTableRecord
100
AcDbLayerTableRecord
  2
Sketch009
 70
    0
 62
    7
  6
CONTINUOUS
  0
LAYER
  5
1335
330
1327
100
AcDbSymbolTableRecord
100
AcDbLayerTableRecord
  2
Sketch
 70
    0
 62
    7
  6
CONTINUOUS
  0
ENDTAB
  0
TABLE
  2
STYLE
  5
70
330
0
100
AcDbSymbolTable
 70
     2
  0
STYLE
  5
71
330
70
100
AcDbSymbolTableRecord
100
AcDbTextStyleTableRecord
  2
STANDARD
 70
     0
 40
0.0
 41
1.0
 50
0.0
 71
     0
 42
2.5
  3
arial.ttf
  4

  0
STYLE
  5
72
330
70
100
AcDbSymbolTableRecord
100
AcDbTextStyleTableRecord
  2
ANNOTATIVE
 70
     0
 40
0.0
 41
1.0
 50
0.0
 71
     0
 42
2.5
  3
arial.ttf
  4

  0
ENDTAB
  0
TABLE
  2
VIEW
  5
73
330
0
100
AcDbSymbolTable
 70
     0
  0
ENDTAB
  0
TABLE
  2
UCS
  5
74
330
0
100
AcDbSymbolTable
 70
     0
  0
ENDTAB
  0
TABLE
  2
APPID
  5
75
330
0
100
AcDbSymbolTable
 70
     2
  0
APPID
  5
76
330
75
100
AcDbSymbolTableRecord
100
AcDbRegAppTableRecord
  2
ACAD
 70
     0
  0
APPID
  5
77
330
75
100
AcDbSymbolTableRecord
100
AcDbRegAppTableRecord
  2
ACADANNOTATIVE
 70
     0
  0
ENDTAB
  0
TABLE
  2
DIMSTYLE
  5
78
330
0
100
AcDbSymbolTable
 70
     2
  0
DIMSTYLE
105
79
330
78
100
AcDbSymbolTableRecord
100
AcDbDimStyleTableRecord
  2
STANDARD
 70
     0
  3

  4

  5

  6

  7

 40
0.0
 41
2.5
 42
0.625
 43
3.75
 44
1.25
 45
0.0
 46
0.0
 47
0.0
 48
0.0
140
2.5
141
2.5
142
0.0
143
0.03937007874016
144
1.0
145
0.0
146
1.0
147
0.625
 71
     0
 72
     0
 73
     0
 74
     0
 75
     0
 76
     0
 77
     1
 78
     8
170
     0
171
     3
172
     1
173
     0
174
     0
175
     0
176
     0
177
     0
178
     0
270
     2
271
     2
272
     2
273
     2
274
     3
340
71
275
     0
280
     0
281
     0
282
     0
283
     0
284
     8
285
     0
286
     0
287
     3
288
     0
  0
ENDTAB
  0
TABLE
  2
BLOCK_RECORD
  5
A01
330
0
100
AcDbSymbolTable
  70
5
  0
BLOCK_RECORD
  5
A02
330
A01
100
AcDbSymbolTableRecord
100
AcDbBlockTableRecord
  2
*MODEL_SPACE
  0
BLOCK_RECORD
  5
A03
330
A01
100
AcDbSymbolTableRecord
100
AcDbBlockTableRecord
  2
*PAPER_SPACE
  0
ENDTAB
  0
ENDSEC
  0
SECTION
  2
BLOCKS
  0
BLOCK
  5
A04
330
A02
100
AcDbEntity
  8
0
100
AcDbBlockBegin
  2
*MODEL_SPACE
 70
   0
 10
0
 20
0
 30
0
  3
*MODEL_SPACE
  1
 
  0
ENDBLK
  5
A05
330
A02
100
AcDbEntity
  8
0
100
AcDbBlockEnd
  0
BLOCK
  5
A06
330
A03
100
AcDbEntity
 67
1
  8
0
100
AcDbBlockBegin
  2
*PAPER_SPACE
 70
   0
 10
0
 20
0
 30
0
  3
*PAPER_SPACE
  1
 
  0
ENDBLK
  5
A07
330
A03
100
AcDbEntity
 67
    1
  8
0
100
AcDbBlockEnd
  0
ENDSEC
  0
SECTION
  2
ENTITIES
  0
SPLINE
  5
A08
330
A02
100
AcDbEntity
  8
Shape2DView
100
AcDbSpline
210
0
220
0
230
1
 70
8
 71
3
 72
8
 73
4
 74
0
 40
0.000000000
 40
0.000000000
 40
0.000000000
 40
0.000000000
 40
1.000000000
 40
1.000000000
 40
1.000000000
 40
1.000000000
 10
137.252074449
 20
217.736552147
 30
3.000000000
 10
137.252079956
 20
217.784076364
 30
3.000000000
 10
137.157019605
 20
217.812590894
 30
3.000000000
 10
137.014426323
 20
217.831600581
 30
3.000000000
  0
SPLINE
  5
A09
330
A02
100
AcDbEntity
  8
Shape2DView
100
AcDbSpline
210
0
220
0
230
1
 70
8
 71
3
 72
8
 73
4
 74
0
 40
0.000000000
 40
0.000000000
 40
0.000000000
 40
0.000000000
 40
1.000000000
 40
1.000000000
 40
1.000000000
 40
1.000000000
 10
137.014426323
 20
217.831600581
 30
3.000000000
 10
136.995413592
 20
217.831600581
 30
3.000000000
 10
136.919363768
 20
217.841105425
 30
3.000000000
 10
136.890844671
 20
217.841105425
 30
3.000000000
  0
SPLINE
  5
A0A
330
A02
100
AcDbEntity
  8
Shape2DView
100
AcDbSpline
210
0
220
0
230
1
 70
8
 71
1
 72
4
 73
2
 74
0
 40
0.000000000
 40
0.000000000
 40
46.900000000
 40
46.900000000
 10
136.890844671
 20
217.841105425
 30
3.000000000
 10
136.891361256
 20
222.298876987
 30
3.000000000
  0
SPLINE
  5
A0B
330
A02
100
AcDbEntity
  8
Shape2DView
100
AcDbSpline
210
0
220
0
230
1
 70
8
 71
3
 72
8
 73
4
 74
0
 40
0.000000000
 40
0.000000000
 40
0.000000000
 40
0.000000000
 40
1.000000000
 40
1.000000000
 40
1.000000000
 40
1.000000000
 10
136.891361256
 20
222.298876987
 30
3.000000000
 10
136.891361256
 20
222.298876987
 30
3.000000000
 10
136.948415971
 20
222.441449638
 30
3.000000000
 10
136.948415971
 20
222.441449638
 30
3.000000000
  0
SPLINE
  5
A0C
330
A02
100
AcDbEntity
  8
Shape2DView
100
AcDbSpline
210
0
220
0
230
1
 70
8
 71
1
 72
4
 73
2
 74
0
 40
0.000000000
 40
0.000000000
 40
4.850773134
 40
4.850773134
 10
136.948415971
 20
222.441449638
 30
3.000000000
 10
136.881924282
 20
222.897682122
 30
3.000000000
  0
SPLINE
  5
A0D
330
A02
100
AcDbEntity
  8
Shape2DView
100
AcDbSpline
210
0
220
0
230
1
 70
8
 71
1
 72
4
 73
2
 74
0
 40
0.000000000
 40
0.000000000
 40
1.800000000
 40
1.800000000
 10
136.881924282
 20
222.897682122
 30
3.000000000
 10
136.710809701
 20
222.897682122
 30
3.000000000
  0
SPLINE
  5
A0E
330
A02
100
AcDbEntity
  8
Shape2DView
100
AcDbSpline
210
0
220
0
230
1
 70
8
 71
1
 72
4
 73
2
 74
0
 40
0.000000000
 40
0.000000000
 40
4.850773134
 40
4.850773134
 10
136.710809701
 20
222.897682122
 30
3.000000000
 10
136.644212271
 20
222.441449638
 30
3.000000000
  0
SPLINE
  5
A0F
330
A02
100
AcDbEntity
  8
Shape2DView
100
AcDbSpline
210
0
220
0
230
1
 70
8
 71
3
 72
8
 73
4
 74
0
 40
0.000000000
 40
0.000000000
 40
0.000000000
 40
0.000000000
 40
1.000000000
 40
1.000000000
 40
1.000000000
 40
1.000000000
 10
136.644212271
 20
222.441449638
 30
3.000000000
 10
136.644212271
 20
222.441449638
 30
3.000000000
 10
136.720247776
 20
222.308381830
 30
3.000000000
 10
136.720247776
 20
222.308381830
 30
3.000000000
  0
SPLINE
  5
A10
330
A02
100
AcDbEntity
  8
Shape2DView
100
AcDbSpline
210
0
220
0
230
1
 70
8
 71
1
 72
4
 73
2
 74
0
 40
0.000000000
 40
0.000000000
 40
46.900000000
 40
46.900000000
 10
136.720247776
 20
222.308381830
 30
3.000000000
 10
136.719731191
 20
217.850610268
 30
3.000000000
  0
SPLINE
  5
A11
330
A02
100
AcDbEntity
  8
Shape2DView
100
AcDbSpline
210
0
220
0
230
1
 70
8
 71
3
 72
8
 73
4
 74
0
 40
0.000000000
 40
0.000000000
 40
0.000000000
 40
0.000000000
 40
1.000000000
 40
1.000000000
 40
1.000000000
 40
1.000000000
 10
136.719731191
 20
217.850610268
 30
3.000000000
 10
136.700718460
 20
217.850610268
 30
3.000000000
 10
136.719731191
 20
217.850610268
 30
3.000000000
 10
136.691212095
 20
217.850610268
 30
3.000000000
  0
SPLINE
  5
A12
330
A02
100
AcDbEntity
  8
Shape2DView
100
AcDbSpline
210
0
220
0
230
1
 70
8
 71
3
 72
8
 73
4
 74
0
 40
0.000000000
 40
0.000000000
 40
0.000000000
 40
0.000000000
 40
1.000000000
 40
1.000000000
 40
1.000000000
 40
1.000000000
 10
136.691212095
 20
217.850610268
 30
3.000000000
 10
136.548615509
 20
217.841105425
 30
3.000000000
 10
136.453548548
 20
217.812590894
 30
3.000000000
 10
136.453544142
 20
217.774571521
 30
3.000000000
  0
SPLINE
  5
A13
330
A02
100
AcDbEntity
  8
Shape2DView
100
AcDbSpline
210
0
220
0
230
1
 70
8
 71
1
 72
4
 73
2
 74
0
 40
0.000000000
 40
0.000000000
 40
1.000000000
 40
1.000000000
 10
136.453544142
 20
217.774571521
 30
3.000000000
 10
136.453543041
 20
217.765066677
 30
3.000000000
  0
SPLINE
  5
A14
330
A02
100
AcDbEntity
  8
Shape2DView
100
AcDbSpline
210
0
220
0
230
1
 70
8
 71
3
 72
8
 73
4
 74
0
 40
0.000000000
 40
0.000000000
 40
0.000000000
 40
0.000000000
 40
1.000000000
 40
1.000000000
 40
1.000000000
 40
1.000000000
 10
136.453543041
 20
217.765066677
 30
3.000000000
 10
136.453540838
 20
217.746056990
 30
3.000000000
 10
136.463046102
 20
217.736552147
 30
3.000000000
 10
136.491562996
 20
217.717542460
 30
3.000000000
  0
SPLINE
  5
A15
330
A02
100
AcDbEntity
  8
Shape2DView
100
AcDbSpline
210
0
220
0
230
1
 70
8
 71
3
 72
8
 73
4
 74
0
 40
0.000000000
 40
0.000000000
 40
0.000000000
 40
0.000000000
 40
1.000000000
 40
1.000000000
 40
1.000000000
 40
1.000000000
 10
136.491562996
 20
217.717542460
 30
3.000000000
 10
136.529582951
 20
217.670018243
 30
3.000000000
 10
136.577105968
 20
217.593979496
 30
3.000000000
 10
136.577096054
 20
217.508435905
 30
3.000000000
  0
SPLINE
  5
A16
330
A02
100
AcDbEntity
  8
Shape2DView
100
AcDbSpline
210
0
220
0
230
1
 70
8
 71
3
 72
8
 73
4
 74
0
 40
0.000000000
 40
0.000000000
 40
0.000000000
 40
0.000000000
 40
1.000000000
 40
1.000000000
 40
1.000000000
 40
1.000000000
 10
136.577096054
 20
217.508435905
 30
3.000000000
 10
136.558078917
 20
217.470416531
 30
3.000000000
 10
136.539059577
 20
217.413387471
 30
3.000000000
 10
136.529547704
 20
217.365863254
 30
3.000000000
  0
SPLINE
  5
A17
330
A02
100
AcDbEntity
  8
Shape2DView
100
AcDbSpline
210
0
220
0
230
1
 70
8
 71
3
 72
8
 73
4
 74
0
 40
0.000000000
 40
0.000000000
 40
0.000000000
 40
0.000000000
 40
1.000000000
 40
1.000000000
 40
1.000000000
 40
1.000000000
 10
136.529547704
 20
217.365863254
 30
3.000000000
 10
136.481946484
 20
216.767058119
 30
3.000000000
 10
136.424765101
 20
215.531428474
 30
3.000000000
 10
136.377164982
 20
214.942128183
 30
3.000000000
  0
SPLINE
  5
A18
330
A02
100
AcDbEntity
  8
Shape2DView
100
AcDbSpline
210
0
220
0
230
1
 70
8
 71
3
 72
8
 73
4
 74
0
 40
0.000000000
 40
0.000000000
 40
0.000000000
 40
0.000000000
 40
1.000000000
 40
1.000000000
 40
1.000000000
 40
1.000000000
 10
136.377164982
 20
214.942128183
 30
3.000000000
 10
136.358134628
 20
214.790050688
 30
3.000000000
 10
136.453158631
 20
214.447876325
 30
3.000000000
 10
136.690812265
 20
214.400352108
 30
3.000000000
  0
SPLINE
  5
A19
330
A02
100
AcDbEntity
  8
Shape2DView
100
AcDbSpline
210
0
220
0
230
1
 70
8
 71
2
 72
6
 73
3
 74
0
 40
0.000000000
 40
0.000000000
 40
0.000000000
 40
1.000000000
 40
1.000000000
 40
1.000000000
 10
136.690812265
 20
214.400352108
 30
3.000000000
 10
136.745472490
 20
214.388471054
 30
3.000000000
 10
136.814393916
 20
214.390847265
 30
3.000000000
  0
SPLINE
  5
A1A
330
A02
100
AcDbEntity
  8
Shape2DView
100
AcDbSpline
210
0
220
0
230
1
 70
8
 71
2
 72
6
 73
3
 74
0
 40
0.000000000
 40
0.000000000
 40
0.000000000
 40
1.000000000
 40
1.000000000
 40
1.000000000
 10
136.814393916
 20
214.390847265
 30
3.000000000
 10
136.869055243
 20
214.388471054
 30
3.000000000
 10
136.909458674
 20
214.400352108
 30
3.000000000
  0
SPLINE
  5
A1B
330
A02
100
AcDbEntity
  8
Shape2DView
100
AcDbSpline
210
0
220
0
230
1
 70
8
 71
3
 72
8
 73
4
 74
0
 40
0.000000000
 40
0.000000000
 40
0.000000000
 40
0.000000000
 40
1.000000000
 40
1.000000000
 40
1.000000000
 40
1.000000000
 10
136.909458674
 20
214.400352108
 30
3.000000000
 10
137.147123322
 20
214.447876325
 30
3.000000000
 10
137.251730794
 20
214.771041001
 30
3.000000000
 10
137.242243153
 20
214.932623339
 30
3.000000000
  0
SPLINE
  5
A1C
330
A02
100
AcDbEntity
  8
Shape2DView
100
AcDbSpline
210
0
220
0
230
1
 70
8
 71
3
 72
8
 73
4
 74
0
 40
0.000000000
 40
0.000000000
 40
0.000000000
 40
0.000000000
 40
1.000000000
 40
1.000000000
 40
1.000000000
 40
1.000000000
 10
137.242243153
 20
214.932623339
 30
3.000000000
 10
137.213793448
 20
215.531428474
 30
3.000000000
 10
137.185417541
 20
216.767058119
 30
3.000000000
 10
137.156967836
 20
217.365863254
 30
3.000000000
  0
SPLINE
  5
A1D
330
A02
100
AcDbEntity
  8
Shape2DView
100
AcDbSpline
210
0
220
0
230
1
 70
8
 71
3
 72
8
 73
4
 74
0
 40
0.000000000
 40
0.000000000
 40
0.000000000
 40
0.000000000
 40
1.000000000
 40
1.000000000
 40
1.000000000
 40
1.000000000
 10
137.156967836
 20
217.365863254
 30
3.000000000
 10
137.156973343
 20
217.413387471
 30
3.000000000
 10
137.137967221
 20
217.470416531
 30
3.000000000
 10
137.118958895
 20
217.508435905
 30
3.000000000
  0
SPLINE
  5
A1E
330
A02
100
AcDbEntity
  8
Shape2DView
100
AcDbSpline
210
0
220
0
230
1
 70
8
 71
3
 72
8
 73
4
 74
0
 40
0.000000000
 40
0.000000000
 40
0.000000000
 40
0.000000000
 40
1.000000000
 40
1.000000000
 40
1.000000000
 40
1.000000000
 10
137.118958895
 20
217.508435905
 30
3.000000000
 10
137.118968808
 20
217.593979496
 30
3.000000000
 10
137.176015814
 20
217.670018243
 30
3.000000000
 10
137.214045682
 20
217.708037617
 30
3.000000000
  0
SPLINE
  5
A1F
330
A02
100
AcDbEntity
  8
Shape2DView
100
AcDbSpline
210
0
220
0
230
1
 70
8
 71
2
 72
6
 73
3
 74
0
 40
0.000000000
 40
0.000000000
 40
0.000000000
 40
1.000000000
 40
1.000000000
 40
1.000000000
 10
137.214045682
 20
217.708037617
 30
3.000000000
 10
137.254447736
 20
217.708037617
 30
3.000000000
 10
137.252074449
 20
217.736552147
 30
3.000000000
  0
SPLINE
  5
A20
330
A02
100
AcDbEntity
  8
Shape2DView
100
AcDbSpline
210
0
220
0
230
1
 70
8
 71
1
 72
4
 73
2
 74
0
 40
0.000000000
 40
0.000000000
 40
39.904009824
 40
39.904009824
 10
154.421673338
 20
227.250900407
 30
3.000000000
 10
155.485964429
 20
223.610545378
 30
3.000000000
  0
SPLINE
  5
A21
330
A02
100
AcDbEntity
  8
Shape2DView
100
AcDbSpline
210
0
220
0
230
1
 70
8
 71
1
 72
4
 73
2
 74
0
 40
0.000000000
 40
0.000000000
 40
6.100000000
 40
6.100000000
 10
155.485964429
 20
223.610545378
 30
3.000000000
 10
156.065852733
 20
223.610545378
 30
3.000000000
  0
SPLINE
  5
A22
330
A02
100
AcDbEntity
  8
Shape2DView
100
AcDbSpline
210
0
220
0
230
1
 70
8
 71
1
 72
4
 73
2
 74
0
 40
0.000000000
 40
0.000000000
 40
39.932192527
 40
39.932192527
 10
156.065852733
 20
223.610545378
 30
3.000000000
 10
157.140493908
 20
227.250900407
 30
3.000000000
  0
SPLINE
  5
A23
330
A02
100
AcDbEntity
  8
Shape2DView
100
AcDbSpline
210
0
220
0
230
1
 70
8
 71
1
 72
4
 73
2
 74
0
 40
0.000000000
 40
0.000000000
 40
0.900000000
 40
0.900000000
 10
157.140493908
 20
227.250900407
 30
3.000000000
 10
157.226051199
 20
227.250900407
 30
3.000000000
  0
SPLINE
  5
A24
330
A02
100
AcDbEntity
  8
Shape2DView
100
AcDbSpline
210
0
220
0
230
1
 70
8
 71
1
 72
4
 73
2
 74
0
 40
0.000000000
 40
0.000000000
 40
39.900000000
 40
39.900000000
 10
157.226051199
 20
227.250900407
 30
3.000000000
 10
157.225611716
 20
223.458467884
 30
3.000000000
  0
SPLINE
  5
A25
330
A02
100
AcDbEntity
  8
Shape2DView
100
AcDbSpline
210
0
220
0
230
1
 70
8
 71
1
 72
4
 73
2
 74
0
 40
0.000000000
 40
0.000000000
 40
4.700000000
 40
4.700000000
 10
157.225611716
 20
223.458467884
 30
3.000000000
 10
157.672410901
 20
223.458467884
 30
3.000000000
  0
SPLINE
  5
A26
330
A02
100
AcDbEntity
  8
Shape2DView
100
AcDbSpline
210
0
220
0
230
1
 70
8
 71
1
 72
4
 73
2
 74
0
 40
0.000000000
 40
0.000000000
 40
44.300000000
 40
44.300000000
 10
157.672410901
 20
223.458467884
 30
3.000000000
 10
157.672898847
 20
227.669113517
 30
3.000000000
  0
SPLINE
  5
A27
330
A02
100
AcDbEntity
  8
Shape2DView
100
AcDbSpline
210
0
220
0
230
1
 70
8
 71
1
 72
4
 73
2
 74
0
 40
0.000000000
 40
0.000000000
 40
8.600000000
 40
8.600000000
 10
157.672898847
 20
227.669113517
 30
3.000000000
 10
156.855351403
 20
227.669113517
 30
3.000000000
  0
SPLINE
  5
A28
330
A02
100
AcDbEntity
  8
Shape2DView
100
AcDbSpline
210
0
220
0
230
1
 70
8
 71
1
 72
4
 73
2
 74
0
 40
0.000000000
 40
0.000000000
 40
39.644545653
 40
39.644545653
 10
156.855351403
 20
227.669113517
 30
3.000000000
 10
155.780713533
 20
224.057273019
 30
3.000000000
  0
SPLINE
  5
A29
330
A02
100
AcDbEntity
  8
Shape2DView
100
AcDbSpline
210
0
220
0
230
1
 70
8
 71
1
 72
4
 73
2
 74
0
 40
0.000000000
 40
0.000000000
 40
39.644545653
 40
39.644545653
 10
155.780713533
 20
224.057273019
 30
3.000000000
 10
154.706912771
 20
227.669113517
 30
3.000000000
  0
SPLINE
  5
A2A
330
A02
100
AcDbEntity
  8
Shape2DView
100
AcDbSpline
210
0
220
0
230
1
 70
8
 71
1
 72
4
 73
2
 74
0
 40
0.000000000
 40
0.000000000
 40
8.600000000
 40
8.600000000
 10
154.706912771
 20
227.669113517
 30
3.000000000
 10
153.889365327
 20
227.669113517
 30
3.000000000
  0
SPLINE
  5
A2B
330
A02
100
AcDbEntity
  8
Shape2DView
100
AcDbSpline
210
0
220
0
230
1
 70
8
 71
1
 72
4
 73
2
 74
0
 40
0.000000000
 40
0.000000000
 40
44.300000000
 40
44.300000000
 10
153.889365327
 20
227.669113517
 30
3.000000000
 10
153.888877380
 20
223.458467884
 30
3.000000000
  0
SPLINE
  5
A2C
330
A02
100
AcDbEntity
  8
Shape2DView
100
AcDbSpline
210
0
220
0
230
1
 70
8
 71
1
 72
4
 73
2
 74
0
 40
0.000000000
 40
0.000000000
 40
4.600000000
 40
4.600000000
 10
153.888877380
 20
223.458467884
 30
3.000000000
 10
154.326170199
 20
223.458467884
 30
3.000000000
  0
SPLINE
  5
A2D
330
A02
100
AcDbEntity
  8
Shape2DView
100
AcDbSpline
210
0
220
0
230
1
 70
8
 71
1
 72
4
 73
2
 74
0
 40
0.000000000
 40
0.000000000
 40
39.900000000
 40
39.900000000
 10
154.326170199
 20
223.458467884
 30
3.000000000
 10
154.326609682
 20
227.250900407
 30
3.000000000
  0
SPLINE
  5
A2E
330
A02
100
AcDbEntity
  8
Shape2DView
100
AcDbSpline
210
0
220
0
230
1
 70
8
 71
1
 72
4
 73
2
 74
0
 40
0.000000000
 40
0.000000000
 40
1.000000000
 40
1.000000000
 10
154.326609682
 20
227.250900407
 30
3.000000000
 10
154.421673338
 20
227.250900407
 30
3.000000000
  0
SPLINE
  5
A2F
330
A02
100
AcDbEntity
  8
Shape2DView
100
AcDbSpline
210
0
220
0
230
1
 70
8
 71
1
 72
4
 73
2
 74
0
 40
0.000000000
 40
0.000000000
 40
1.900000000
 40
1.900000000
 10
159.735731725
 20
227.250900407
 30
3.000000000
 10
159.916352672
 20
227.250900407
 30
3.000000000
  0
SPLINE
  5
A30
330
A02
100
AcDbEntity
  8
Shape2DView
100
AcDbSpline
210
0
220
0
230
1
 70
8
 71
1
 72
4
 73
2
 74
0
 40
0.000000000
 40
0.000000000
 40
25.103386226
 40
25.103386226
 10
159.916352672
 20
227.250900407
 30
3.000000000
 10
160.514986052
 20
224.941223457
 30
3.000000000
  0
SPLINE
  5
A31
330
A02
100
AcDbEntity
  8
Shape2DView
100
AcDbSpline
210
0
220
0
230
1
 70
8
 71
1
 72
4
 73
2
 74
0
 40
0.000000000
 40
0.000000000
 40
14.600000000
 40
14.600000000
 10
160.514986052
 20
224.941223457
 30
3.000000000
 10
159.127056670
 20
224.941223457
 30
3.000000000
  0
SPLINE
  5
A32
330
A02
100
AcDbEntity
  8
Shape2DView
100
AcDbSpline
210
0
220
0
230
1
 70
8
 71
1
 72
4
 73
2
 74
0
 40
0.000000000
 40
0.000000000
 40
25.128668886
 40
25.128668886
 10
159.127056670
 20
224.941223457
 30
3.000000000
 10
159.735731725
 20
227.250900407
 30
3.000000000
  0
SPLINE
  5
A33
330
A02
100
AcDbEntity
  8
Shape2DView
100
AcDbSpline
210
0
220
0
230
1
 70
8
 71
1
 72
4
 73
2
 74
0
 40
0.000000000
 40
0.000000000
 40
4.900000000
 40
4.900000000
 10
158.271311936
 20
223.458467884
 30
3.000000000
 10
158.737123851
 20
223.458467884
 30
3.000000000
  0
SPLINE
  5
A34
330
A02
100
AcDbEntity
  8
Shape2DView
100
AcDbSpline
210
0
220
0
230
1
 70
8
 71
1
 72
4
 73
2
 74
0
 40
0.000000000
 40
0.000000000
 40
11.717508268
 40
11.717508268
 10
158.737123851
 20
223.458467884
 30
3.000000000
 10
159.031945651
 20
224.532515190
 30
3.000000000
  0
SPLINE
  5
A35
330
A02
100
AcDbEntity
  8
Shape2DView
100
AcDbSpline
210
0
220
0
230
1
 70
8
 71
1
 72
4
 73
2
 74
0
 40
0.000000000
 40
0.000000000
 40
16.600000000
 40
16.600000000
 10
159.031945651
 20
224.532515190
 30
3.000000000
 10
160.610002345
 20
224.532515190
 30
3.000000000
  0
SPLINE
  5
A36
330
A02
100
AcDbEntity
  8
Shape2DView
100
AcDbSpline
210
0
220
0
230
1
 70
8
 71
1
 72
4
 73
2
 74
0
 40
0.000000000
 40
0.000000000
 40
11.717508268
 40
11.717508268
 10
160.610002345
 20
224.532515190
 30
3.000000000
 10
160.904575215
 20
223.458467884
 30
3.000000000
  0
SPLINE
  5
A37
330
A02
100
AcDbEntity
  8
Shape2DView
100
AcDbSpline
210
0
220
0
230
1
 70
8
 71
1
 72
4
 73
2
 74
0
 40
0.000000000
 40
0.000000000
 40
4.900000000
 40
4.900000000
 10
160.904575215
 20
223.458467884
 30
3.000000000
 10
161.370387131
 20
223.458467884
 30
3.000000000
  0
SPLINE
  5
A38
330
A02
100
AcDbEntity
  8
Shape2DView
100
AcDbSpline
210
0
220
0
230
1
 70
8
 71
1
 72
4
 73
2
 74
0
 40
0.000000000
 40
0.000000000
 40
45.743305521
 40
45.743305521
 10
161.370387131
 20
223.458467884
 30
3.000000000
 10
160.287149396
 20
227.669113517
 30
3.000000000
  0
SPLINE
  5
A39
330
A02
100
AcDbEntity
  8
Shape2DView
100
AcDbSpline
210
0
220
0
230
1
 70
8
 71
1
 72
4
 73
2
 74
0
 40
0.000000000
 40
0.000000000
 40
9.700000000
 40
9.700000000
 10
160.287149396
 20
227.669113517
 30
3.000000000
 10
159.365031930
 20
227.669113517
 30
3.000000000
  0
SPLINE
  5
A3A
330
A02
100
AcDbEntity
  8
Shape2DView
100
AcDbSpline
210
0
220
0
230
1
 70
8
 71
1
 72
4
 73
2
 74
0
 40
0.000000000
 40
0.000000000
 40
45.768329661
 40
45.768329661
 10
159.365031930
 20
227.669113517
 30
3.000000000
 10
158.271311936
 20
223.458467884
 30
3.000000000
  0
SPLINE
  5
A3B
330
A02
100
AcDbEntity
  8
Shape2DView
100
AcDbSpline
210
0
220
0
230
1
 70
8
 71
1
 72
4
 73
2
 74
0
 40
0.000000000
 40
0.000000000
 40
5.500000000
 40
5.500000000
 10
164.546001198
 20
227.669113517
 30
3.000000000
 10
164.023151088
 20
227.669113517
 30
3.000000000
  0
SPLINE
  5
A3C
330
A02
100
AcDbEntity
  8
Shape2DView
100
AcDbSpline
210
0
220
0
230
1
 70
8
 71
1
 72
4
 73
2
 74
0
 40
0.000000000
 40
0.000000000
 40
22.858915110
 40
22.858915110
 10
164.023151088
 20
227.669113517
 30
3.000000000
 10
163.005747471
 20
225.749135147
 30
3.000000000
  0
SPLINE
  5
A3D
330
A02
100
AcDbEntity
  8
Shape2DView
100
AcDbSpline
210
0
220
0
230
1
 70
8
 71
1
 72
4
 73
2
 74
0
 40
0.000000000
 40
0.000000000
 40
6.007495318
 40
6.007495318
 10
163.005747471
 20
225.749135147
 30
3.000000000
 10
162.435362229
 20
225.720620617
 30
3.000000000
  0
SPLINE
  5
A3E
330
A02
100
AcDbEntity
  8
Shape2DView
100
AcDbSpline
210
0
220
0
230
1
 70
8
 71
1
 72
4
 73
2
 74
0
 40
0.000000000
 40
0.000000000
 40
20.500000000
 40
20.500000000
 10
162.435362229
 20
225.720620617
 30
3.000000000
 10
162.435588028
 20
227.669113517
 30
3.000000000
  0
SPLINE
  5
A3F
330
A02
100
AcDbEntity
  8
Shape2DView
100
AcDbSpline
210
0
220
0
230
1
 70
8
 71
1
 72
4
 73
2
 74
0
 40
0.000000000
 40
0.000000000
 40
4.800000000
 40
4.800000000
 10
162.435588028
 20
227.669113517
 30
3.000000000
 10
161.979282478
 20
227.669113517
 30
3.000000000
  0
SPLINE
  5
A40
330
A02
100
AcDbEntity
  8
Shape2DView
100
AcDbSpline
210
0
220
0
230
1
 70
8
 71
1
 72
4
 73
2
 74
0
 40
0.000000000
 40
0.000000000
 40
44.300000000
 40
44.300000000
 10
161.979282478
 20
227.669113517
 30
3.000000000
 10
161.978794531
 20
223.458467884
 30
3.000000000
  0
SPLINE
  5
A41
330
A02
100
AcDbEntity
  8
Shape2DView
100
AcDbSpline
210
0
220
0
230
1
 70
8
 71
1
 72
4
 73
2
 74
0
 40
0.000000000
 40
0.000000000
 40
4.800000000
 40
4.800000000
 10
161.978794531
 20
223.458467884
 30
3.000000000
 10
162.435100082
 20
223.458467884
 30
3.000000000
  0
SPLINE
  5
A42
330
A02
100
AcDbEntity
  8
Shape2DView
100
AcDbSpline
210
0
220
0
230
1
 70
8
 71
1
 72
4
 73
2
 74
0
 40
0.000000000
 40
0.000000000
 40
19.500000000
 40
19.500000000
 10
162.435100082
 20
223.458467884
 30
3.000000000
 10
162.435314866
 20
225.311912350
 30
3.000000000
  0
SPLINE
  5
A43
330
A02
100
AcDbEntity
  8
Shape2DView
100
AcDbSpline
210
0
220
0
230
1
 70
8
 71
1
 72
4
 73
2
 74
0
 40
0.000000000
 40
0.000000000
 40
6.103277808
 40
6.103277808
 10
162.435314866
 20
225.311912350
 30
3.000000000
 10
163.015205372
 20
225.330922037
 30
3.000000000
  0
SPLINE
  5
A44
330
A02
100
AcDbEntity
  8
Shape2DView
100
AcDbSpline
210
0
220
0
230
1
 70
8
 71
1
 72
4
 73
2
 74
0
 40
0.000000000
 40
0.000000000
 40
22.710790387
 40
22.710790387
 10
163.015205372
 20
225.330922037
 30
3.000000000
 10
164.089207701
 20
223.458467884
 30
3.000000000
  0
SPLINE
  5
A45
330
A02
100
AcDbEntity
  8
Shape2DView
100
AcDbSpline
210
0
220
0
230
1
 70
8
 71
1
 72
4
 73
2
 74
0
 40
0.000000000
 40
0.000000000
 40
5.500000000
 40
5.500000000
 10
164.089207701
 20
223.458467884
 30
3.000000000
 10
164.612057811
 20
223.458467884
 30
3.000000000
  0
SPLINE
  5
A46
330
A02
100
AcDbEntity
  8
Shape2DView
100
AcDbSpline
210
0
220
0
230
1
 70
8
 71
1
 72
4
 73
2
 74
0
 40
0.000000000
 40
0.000000000
 40
25.700583651
 40
25.700583651
 10
164.612057811
 20
223.458467884
 30
3.000000000
 10
163.414502468
 20
225.587552809
 30
3.000000000
  0
SPLINE
  5
A47
330
A02
100
AcDbEntity
  8
Shape2DView
100
AcDbSpline
210
0
220
0
230
1
 70
8
 71
1
 72
4
 73
2
 74
0
 40
0.000000000
 40
0.000000000
 40
24.924285346
 40
24.924285346
 10
163.414502468
 20
225.587552809
 30
3.000000000
 10
164.546001198
 20
227.669113517
 30
3.000000000
  0
SPLINE
  5
A48
330
A02
100
AcDbEntity
  8
Shape2DView
100
AcDbSpline
210
0
220
0
230
1
 70
8
 71
1
 72
4
 73
2
 74
0
 40
0.000000000
 40
0.000000000
 40
16.000000000
 40
16.000000000
 10
165.629287397
 20
223.876680994
 30
3.000000000
 10
165.629463631
 20
225.397455940
 30
3.000000000
  0
SPLINE
  5
A49
330
A02
100
AcDbEntity
  8
Shape2DView
100
AcDbSpline
210
0
220
0
230
1
 70
8
 71
1
 72
4
 73
2
 74
0
 40
0.000000000
 40
0.000000000
 40
16.300000000
 40
16.300000000
 10
165.629463631
 20
225.397455940
 30
3.000000000
 10
167.179001229
 20
225.397455940
 30
3.000000000
  0
SPLINE
  5
A4A
330
A02
100
AcDbEntity
  8
Shape2DView
100
AcDbSpline
210
0
220
0
230
1
 70
8
 71
1
 72
4
 73
2
 74
0
 40
0.000000000
 40
0.000000000
 40
4.300000000
 40
4.300000000
 10
167.179001229
 20
225.397455940
 30
3.000000000
 10
167.179048591
 20
225.806164207
 30
3.000000000
  0
SPLINE
  5
A4B
330
A02
100
AcDbEntity
  8
Shape2DView
100
AcDbSpline
210
0
220
0
230
1
 70
8
 71
1
 72
4
 73
2
 74
0
 40
0.000000000
 40
0.000000000
 40
16.300000000
 40
16.300000000
 10
167.179048591
 20
225.806164207
 30
3.000000000
 10
165.629510994
 20
225.806164207
 30
3.000000000
  0
SPLINE
  5
A4C
330
A02
100
AcDbEntity
  8
Shape2DView
100
AcDbSpline
210
0
220
0
230
1
 70
8
 71
1
 72
4
 73
2
 74
0
 40
0.000000000
 40
0.000000000
 40
15.200000000
 40
15.200000000
 10
165.629510994
 20
225.806164207
 30
3.000000000
 10
165.629678416
 20
227.250900407
 30
3.000000000
  0
SPLINE
  5
A4D
330
A02
100
AcDbEntity
  8
Shape2DView
100
AcDbSpline
210
0
220
0
230
1
 70
8
 71
1
 72
4
 73
2
 74
0
 40
0.000000000
 40
0.000000000
 40
19.900000000
 40
19.900000000
 10
165.629678416
 20
227.250900407
 30
3.000000000
 10
167.521445176
 20
227.250900407
 30
3.000000000
  0
SPLINE
  5
A4E
330
A02
100
AcDbEntity
  8
Shape2DView
100
AcDbSpline
210
0
220
0
230
1
 70
8
 71
1
 72
4
 73
2
 74
0
 40
0.000000000
 40
0.000000000
 40
4.400000000
 40
4.400000000
 10
167.521445176
 20
227.250900407
 30
3.000000000
 10
167.521493640
 20
227.669113517
 30
3.000000000
  0
SPLINE
  5
A4F
330
A02
100
AcDbEntity
  8
Shape2DView
100
AcDbSpline
210
0
220
0
230
1
 70
8
 71
1
 72
4
 73
2
 74
0
 40
0.000000000
 40
0.000000000
 40
24.700000000
 40
24.700000000
 10
167.521493640
 20
227.669113517
 30
3.000000000
 10
165.173421330
 20
227.669113517
 30
3.000000000
  0
SPLINE
  5
A50
330
A02
100
AcDbEntity
  8
Shape2DView
100
AcDbSpline
210
0
220
0
230
1
 70
8
 71
1
 72
4
 73
2
 74
0
 40
0.000000000
 40
0.000000000
 40
44.300000000
 40
44.300000000
 10
165.173421330
 20
227.669113517
 30
3.000000000
 10
165.172933383
 20
223.458467884
 30
3.000000000
  0
SPLINE
  5
A51
330
A02
100
AcDbEntity
  8
Shape2DView
100
AcDbSpline
210
0
220
0
230
1
 70
8
 71
1
 72
4
 73
2
 74
0
 40
0.000000000
 40
0.000000000
 40
24.700000000
 40
24.700000000
 10
165.172933383
 20
223.458467884
 30
3.000000000
 10
167.521005694
 20
223.458467884
 30
3.000000000
  0
SPLINE
  5
A52
330
A02
100
AcDbEntity
  8
Shape2DView
100
AcDbSpline
210
0
220
0
230
1
 70
8
 71
1
 72
4
 73
2
 74
0
 40
0.000000000
 40
0.000000000
 40
4.400000000
 40
4.400000000
 10
167.521005694
 20
223.458467884
 30
3.000000000
 10
167.521054158
 20
223.876680994
 30
3.000000000
  0
SPLINE
  5
A53
330
A02
100
AcDbEntity
  8
Shape2DView
100
AcDbSpline
210
0
220
0
230
1
 70
8
 71
1
 72
4
 73
2
 74
0
 40
0.000000000
 40
0.000000000
 40
19.900000000
 40
19.900000000
 10
167.521054158
 20
223.876680994
 30
3.000000000
 10
165.629287397
 20
223.876680994
 30
3.000000000
  0
SPLINE
  5
A54
330
A02
100
AcDbEntity
  8
Shape2DView
100
AcDbSpline
210
0
220
0
230
1
 70
8
 71
3
 72
8
 73
4
 74
0
 40
0.000000000
 40
0.000000000
 40
0.000000000
 40
0.000000000
 40
1.000000000
 40
1.000000000
 40
1.000000000
 40
1.000000000
 10
170.430292826
 20
226.385959656
 30
3.000000000
 10
170.430221231
 20
225.768144834
 30
3.000000000
 10
170.183021579
 20
225.473494688
 30
3.000000000
 10
169.641158738
 20
225.473494688
 30
3.000000000
  0
SPLINE
  5
A55
330
A02
100
AcDbEntity
  8
Shape2DView
100
AcDbSpline
210
0
220
0
230
1
 70
8
 71
1
 72
4
 73
2
 74
0
 40
0.000000000
 40
0.000000000
 40
9.700000000
 40
9.700000000
 10
169.641158738
 20
225.473494688
 30
3.000000000
 10
168.719041272
 20
225.473494688
 30
3.000000000
  0
SPLINE
  5
A56
330
A02
100
AcDbEntity
  8
Shape2DView
100
AcDbSpline
210
0
220
0
230
1
 70
8
 71
1
 72
4
 73
2
 74
0
 40
0.000000000
 40
0.000000000
 40
18.800000000
 40
18.800000000
 10
168.719041272
 20
225.473494688
 30
3.000000000
 10
168.719248347
 20
227.260405250
 30
3.000000000
  0
SPLINE
  5
A57
330
A02
100
AcDbEntity
  8
Shape2DView
100
AcDbSpline
210
0
220
0
230
1
 70
8
 71
1
 72
4
 73
2
 74
0
 40
0.000000000
 40
0.000000000
 40
9.700000000
 40
9.700000000
 10
168.719248347
 20
227.260405250
 30
3.000000000
 10
169.641365813
 20
227.260405250
 30
3.000000000
  0
SPLINE
  5
A58
330
A02
100
AcDbEntity
  8
Shape2DView
100
AcDbSpline
210
0
220
0
230
1
 70
8
 71
3
 72
8
 73
4
 74
0
 40
0.000000000
 40
0.000000000
 40
0.000000000
 40
0.000000000
 40
1.000000000
 40
1.000000000
 40
1.000000000
 40
1.000000000
 10
169.641365813
 20
227.260405250
 30
3.000000000
 10
170.183228654
 20
227.260405250
 30
3.000000000
 10
170.430361116
 20
226.975259948
 30
3.000000000
 10
170.430292826
 20
226.385959656
 30
3.000000000
  0
SPLINE
  5
A59
330
A02
100
AcDbEntity
  8
Shape2DView
100
AcDbSpline
210
0
220
0
230
1
 70
8
 71
1
 72
4
 73
2
 74
0
 40
0.000000000
 40
0.000000000
 40
5.300000000
 40
5.300000000
 10
170.506004501
 20
223.458467884
 30
3.000000000
 10
171.009841880
 20
223.458467884
 30
3.000000000
  0
SPLINE
  5
A5A
330
A02
100
AcDbEntity
  8
Shape2DView
100
AcDbSpline
210
0
220
0
230
1
 70
8
 71
1
 72
4
 73
2
 74
0
 40
0.000000000
 40
0.000000000
 40
19.815650380
 40
19.815650380
 10
171.009841880
 20
223.458467884
 30
3.000000000
 10
170.201997962
 20
225.159834855
 30
3.000000000
  0
SPLINE
  5
A5B
330
A02
100
AcDbEntity
  8
Shape2DView
100
AcDbSpline
210
0
220
0
230
1
 70
8
 71
3
 72
8
 73
4
 74
0
 40
0.000000000
 40
0.000000000
 40
0.000000000
 40
0.000000000
 40
1.000000000
 40
1.000000000
 40
1.000000000
 40
1.000000000
 10
170.201997962
 20
225.159834855
 30
3.000000000
 10
170.601281841
 20
225.302407506
 30
3.000000000
 10
170.905521889
 20
225.616067339
 30
3.000000000
 10
170.905611107
 20
226.385959656
 30
3.000000000
  0
SPLINE
  5
A5C
330
A02
100
AcDbEntity
  8
Shape2DView
100
AcDbSpline
210
0
220
0
230
1
 70
8
 71
3
 72
8
 73
4
 74
0
 40
0.000000000
 40
0.000000000
 40
0.000000000
 40
0.000000000
 40
1.000000000
 40
1.000000000
 40
1.000000000
 40
1.000000000
 10
170.905611107
 20
226.385959656
 30
3.000000000
 10
170.905713543
 20
227.269910093
 30
3.000000000
 10
170.468465884
 20
227.659608674
 30
3.000000000
 10
169.641412074
 20
227.659608674
 30
3.000000000
  0
SPLINE
  5
A5D
330
A02
100
AcDbEntity
  8
Shape2DView
100
AcDbSpline
210
0
220
0
230
1
 70
8
 71
1
 72
4
 73
2
 74
0
 40
0.000000000
 40
0.000000000
 40
14.600000000
 40
14.600000000
 10
169.641412074
 20
227.659608674
 30
3.000000000
 10
168.253482692
 20
227.659608674
 30
3.000000000
  0
SPLINE
  5
A5E
330
A02
100
AcDbEntity
  8
Shape2DView
100
AcDbSpline
210
0
220
0
230
1
 70
8
 71
1
 72
4
 73
2
 74
0
 40
0.000000000
 40
0.000000000
 40
44.300000000
 40
44.300000000
 10
168.253482692
 20
227.659608674
 30
3.000000000
 10
168.252994746
 20
223.448963040
 30
3.000000000
  0
SPLINE
  5
A5F
330
A02
100
AcDbEntity
  8
Shape2DView
100
AcDbSpline
210
0
220
0
230
1
 70
8
 71
1
 72
4
 73
2
 74
0
 40
0.000000000
 40
0.000000000
 40
4.900000000
 40
4.900000000
 10
168.252994746
 20
223.448963040
 30
3.000000000
 10
168.718806661
 20
223.448963040
 30
3.000000000
  0
SPLINE
  5
A60
330
A02
100
AcDbEntity
  8
Shape2DView
100
AcDbSpline
210
0
220
0
230
1
 70
8
 71
1
 72
4
 73
2
 74
0
 40
0.000000000
 40
0.000000000
 40
17.000000000
 40
17.000000000
 10
168.718806661
 20
223.448963040
 30
3.000000000
 10
168.718993910
 20
225.064786421
 30
3.000000000
  0
SPLINE
  5
A61
330
A02
100
AcDbEntity
  8
Shape2DView
100
AcDbSpline
210
0
220
0
230
1
 70
8
 71
1
 72
4
 73
2
 74
0
 40
0.000000000
 40
0.000000000
 40
10.900000000
 40
10.900000000
 10
168.718993910
 20
225.064786421
 30
3.000000000
 10
169.755187763
 20
225.064786421
 30
3.000000000
  0
SPLINE
  5
A62
330
A02
100
AcDbEntity
  8
Shape2DView
100
AcDbSpline
210
0
220
0
230
1
 70
8
 71
1
 72
4
 73
2
 74
0
 40
0.000000000
 40
0.000000000
 40
18.655294155
 40
18.655294155
 10
169.755187763
 20
225.064786421
 30
3.000000000
 10
170.506004501
 20
223.458467884
 30
3.000000000
  0
SPLINE
  5
A63
330
A02
100
AcDbEntity
  8
Shape2DView
100
AcDbSpline
210
0
220
0
230
1
 70
8
 71
1
 72
4
 73
2
 74
0
 40
0.000000000
 40
0.000000000
 40
4.200000000
 40
4.200000000
 10
171.628083881
 20
226.290911222
 30
3.000000000
 10
172.027351237
 20
226.290911222
 30
3.000000000
  0
SPLINE
  5
A64
330
A02
100
AcDbEntity
  8
Shape2DView
100
AcDbSpline
210
0
220
0
230
1
 70
8
 71
1
 72
4
 73
2
 74
0
 40
0.000000000
 40
0.000000000
 40
14.600342462
 40
14.600342462
 10
172.027351237
 20
226.290911222
 30
3.000000000
 10
172.037018416
 20
227.678618360
 30
3.000000000
  0
SPLINE
  5
A65
330
A02
100
AcDbEntity
  8
Shape2DView
100
AcDbSpline
210
0
220
0
230
1
 70
8
 71
1
 72
4
 73
2
 74
0
 40
0.000000000
 40
0.000000000
 40
4.500000000
 40
4.500000000
 10
172.037018416
 20
227.678618360
 30
3.000000000
 10
171.609231962
 20
227.678618360
 30
3.000000000
  0
SPLINE
  5
A66
330
A02
100
AcDbEntity
  8
Shape2DView
100
AcDbSpline
210
0
220
0
230
1
 70
8
 71
1
 72
4
 73
2
 74
0
 40
0.000000000
 40
0.000000000
 40
14.601369799
 40
14.601369799
 10
171.609231962
 20
227.678618360
 30
3.000000000
 10
171.628083881
 20
226.290911222
 30
3.000000000
  0
SPLINE
  5
A67
330
A02
100
AcDbEntity
  8
Shape2DView
100
AcDbSpline
210
0
220
0
230
1
 70
8
 71
3
 72
8
 73
4
 74
0
 40
0.000000000
 40
0.000000000
 40
0.000000000
 40
0.000000000
 40
1.000000000
 40
1.000000000
 40
1.000000000
 40
1.000000000
 10
175.098059337
 20
227.602579613
 30
3.000000000
 10
175.098059337
 20
227.602579613
 30
3.000000000
 10
174.451640793
 20
227.726142577
 30
3.000000000
 10
173.976322512
 20
227.726142577
 30
3.000000000
  0
SPLINE
  5
A68
330
A02
100
AcDbEntity
  8
Shape2DView
100
AcDbSpline
210
0
220
0
230
1
 70
8
 71
3
 72
8
 73
4
 74
0
 40
0.000000000
 40
0.000000000
 40
0.000000000
 40
0.000000000
 40
1.000000000
 40
1.000000000
 40
1.000000000
 40
1.000000000
 10
173.976322512
 20
227.726142577
 30
3.000000000
 10
173.139762336
 20
227.726142577
 30
3.000000000
 10
172.683414930
 20
227.364958528
 30
3.000000000
 10
172.683321306
 20
226.557046837
 30
3.000000000
  0
SPLINE
  5
A69
330
A02
100
AcDbEntity
  8
Shape2DView
100
AcDbSpline
210
0
220
0
230
1
 70
8
 71
3
 72
8
 73
4
 74
0
 40
0.000000000
 40
0.000000000
 40
0.000000000
 40
0.000000000
 40
1.000000000
 40
1.000000000
 40
1.000000000
 40
1.000000000
 10
172.683321306
 20
226.557046837
 30
3.000000000
 10
172.683238697
 20
225.844183581
 30
3.000000000
 10
173.101491248
 20
225.606562496
 30
3.000000000
 10
173.880991201
 20
225.416465627
 30
3.000000000
  0
SPLINE
  5
A6A
330
A02
100
AcDbEntity
  8
Shape2DView
100
AcDbSpline
210
0
220
0
230
1
 70
8
 71
3
 72
8
 73
4
 74
0
 40
0.000000000
 40
0.000000000
 40
0.000000000
 40
0.000000000
 40
1.000000000
 40
1.000000000
 40
1.000000000
 40
1.000000000
 10
173.880991201
 20
225.416465627
 30
3.000000000
 10
174.451358819
 20
225.292902663
 30
3.000000000
 10
174.736533266
 20
225.150330012
 30
3.000000000
 10
174.736473788
 20
224.637068467
 30
3.000000000
  0
SPLINE
  5
A6B
330
A02
100
AcDbEntity
  8
Shape2DView
100
AcDbSpline
210
0
220
0
230
1
 70
8
 71
3
 72
8
 73
4
 74
0
 40
0.000000000
 40
0.000000000
 40
0.000000000
 40
0.000000000
 40
1.000000000
 40
1.000000000
 40
1.000000000
 40
1.000000000
 10
174.736473788
 20
224.637068467
 30
3.000000000
 10
174.736409903
 20
224.085787549
 30
3.000000000
 10
174.489211353
 20
223.800642247
 30
3.000000000
 10
173.947348512
 20
223.800642247
 30
3.000000000
  0
SPLINE
  5
A6C
330
A02
100
AcDbEntity
  8
Shape2DView
100
AcDbSpline
210
0
220
0
230
1
 70
8
 71
3
 72
8
 73
4
 74
0
 40
0.000000000
 40
0.000000000
 40
0.000000000
 40
0.000000000
 40
1.000000000
 40
1.000000000
 40
1.000000000
 40
1.000000000
 10
173.947348512
 20
223.800642247
 30
3.000000000
 10
173.548081155
 20
223.800642247
 30
3.000000000
 10
172.768569087
 20
223.886185837
 30
3.000000000
 10
172.768569087
 20
223.886185837
 30
3.000000000
  0
SPLINE
  5
A6D
330
A02
100
AcDbEntity
  8
Shape2DView
100
AcDbSpline
210
0
220
0
230
1
 70
8
 71
1
 72
4
 73
2
 74
0
 40
0.000000000
 40
0.000000000
 40
4.011234224
 40
4.011234224
 10
172.768569087
 20
223.886185837
 30
3.000000000
 10
172.740005932
 20
223.505992101
 30
3.000000000
  0
SPLINE
  5
A6E
330
A02
100
AcDbEntity
  8
Shape2DView
100
AcDbSpline
210
0
220
0
230
1
 70
8
 71
3
 72
8
 73
4
 74
0
 40
0.000000000
 40
0.000000000
 40
0.000000000
 40
0.000000000
 40
1.000000000
 40
1.000000000
 40
1.000000000
 40
1.000000000
 10
172.740005932
 20
223.505992101
 30
3.000000000
 10
172.740005932
 20
223.505992101
 30
3.000000000
 10
173.471982868
 20
223.391933980
 30
3.000000000
 10
173.947301149
 20
223.391933980
 30
3.000000000
  0
SPLINE
  5
A6F
330
A02
100
AcDbEntity
  8
Shape2DView
100
AcDbSpline
210
0
220
0
230
1
 70
8
 71
3
 72
8
 73
4
 74
0
 40
0.000000000
 40
0.000000000
 40
0.000000000
 40
0.000000000
 40
1.000000000
 40
1.000000000
 40
1.000000000
 40
1.000000000
 10
173.947301149
 20
223.391933980
 30
3.000000000
 10
174.812380421
 20
223.391933980
 30
3.000000000
 10
175.211699547
 20
223.838661620
 30
3.000000000
 10
175.211797576
 20
224.684592684
 30
3.000000000
  0
SPLINE
  5
A70
330
A02
100
AcDbEntity
  8
Shape2DView
100
AcDbSpline
210
0
220
0
230
1
 70
8
 71
3
 72
8
 73
4
 74
0
 40
0.000000000
 40
0.000000000
 40
0.000000000
 40
0.000000000
 40
1.000000000
 40
1.000000000
 40
1.000000000
 40
1.000000000
 10
175.211797576
 20
224.684592684
 30
3.000000000
 10
175.211884592
 20
225.435475314
 30
3.000000000
 10
174.831654199
 20
225.644581869
 30
3.000000000
 10
174.080673343
 20
225.834678738
 30
3.000000000
  0
SPLINE
  5
A71
330
A02
100
AcDbEntity
  8
Shape2DView
100
AcDbSpline
210
0
220
0
230
1
 70
8
 71
3
 72
8
 73
4
 74
0
 40
0.000000000
 40
0.000000000
 40
0.000000000
 40
0.000000000
 40
1.000000000
 40
1.000000000
 40
1.000000000
 40
1.000000000
 10
174.080673343
 20
225.834678738
 30
3.000000000
 10
173.443765571
 20
225.996261076
 30
3.000000000
 10
173.168093083
 20
226.100814353
 30
3.000000000
 10
173.168151461
 20
226.604571054
 30
3.000000000
  0
SPLINE
  5
A72
330
A02
100
AcDbEntity
  8
Shape2DView
100
AcDbSpline
210
0
220
0
230
1
 70
8
 71
3
 72
8
 73
4
 74
0
 40
0.000000000
 40
0.000000000
 40
0.000000000
 40
0.000000000
 40
1.000000000
 40
1.000000000
 40
1.000000000
 40
1.000000000
 10
173.168151461
 20
226.604571054
 30
3.000000000
 10
173.168209838
 20
227.108327755
 30
3.000000000
 10
173.443917572
 20
227.307929467
 30
3.000000000
 10
174.004793144
 20
227.307929467
 30
3.000000000
  0
SPLINE
  5
A73
330
A02
100
AcDbEntity
  8
Shape2DView
100
AcDbSpline
210
0
220
0
230
1
 70
8
 71
3
 72
8
 73
4
 74
0
 40
0.000000000
 40
0.000000000
 40
0.000000000
 40
0.000000000
 40
1.000000000
 40
1.000000000
 40
1.000000000
 40
1.000000000
 10
174.004793144
 20
227.307929467
 30
3.000000000
 10
174.413566866
 20
227.307929467
 30
3.000000000
 10
175.079002547
 20
227.222385876
 30
3.000000000
 10
175.079002547
 20
227.222385876
 30
3.000000000
  0
SPLINE
  5
A74
330
A02
100
AcDbEntity
  8
Shape2DView
100
AcDbSpline
210
0
220
0
230
1
 70
8
 71
1
 72
4
 73
2
 74
0
 40
0.000000000
 40
0.000000000
 40
4.004996879
 40
4.004996879
 10
175.079002547
 20
227.222385876
 30
3.000000000
 10
175.098059337
 20
227.602579613
 30
3.000000000
  0
SPLINE
  5
A75
330
A02
100
AcDbEntity
  8
Shape2DView
100
AcDbSpline
210
0
220
0
230
1
 70
8
 71
1
 72
4
 73
2
 74
0
 40
0.000000000
 40
0.000000000
 40
1.900000000
 40
1.900000000
 10
155.105403598
 20
220.968198909
 30
3.000000000
 10
155.286024545
 20
220.968198909
 30
3.000000000
  0
SPLINE
  5
A76
330
A02
100
AcDbEntity
  8
Shape2DView
100
AcDbSpline
210
0
220
0
230
1
 70
8
 71
1
 72
4
 73
2
 74
0
 40
0.000000000
 40
0.000000000
 40
25.103386226
 40
25.103386226
 10
155.286024545
 20
220.968198909
 30
3.000000000
 10
155.884657925
 20
218.658521958
 30
3.000000000
  0
SPLINE
  5
A77
330
A02
100
AcDbEntity
  8
Shape2DView
100
AcDbSpline
210
0
220
0
230
1
 70
8
 71
1
 72
4
 73
2
 74
0
 40
0.000000000
 40
0.000000000
 40
14.600000000
 40
14.600000000
 10
155.884657925
 20
218.658521958
 30
3.000000000
 10
154.496728543
 20
218.658521958
 30
3.000000000
  0
SPLINE
  5
A78
330
A02
100
AcDbEntity
  8
Shape2DView
100
AcDbSpline
210
0
220
0
230
1
 70
8
 71
1
 72
4
 73
2
 74
0
 40
0.000000000
 40
0.000000000
 40
25.128668886
 40
25.128668886
 10
154.496728543
 20
218.658521958
 30
3.000000000
 10
155.105403598
 20
220.968198909
 30
3.000000000
  0
SPLINE
  5
A79
330
A02
100
AcDbEntity
  8
Shape2DView
100
AcDbSpline
210
0
220
0
230
1
 70
8
 71
1
 72
4
 73
2
 74
0
 40
0.000000000
 40
0.000000000
 40
4.900000000
 40
4.900000000
 10
153.640983809
 20
217.175766385
 30
3.000000000
 10
154.106795725
 20
217.175766385
 30
3.000000000
  0
SPLINE
  5
A7A
330
A02
100
AcDbEntity
  8
Shape2DView
100
AcDbSpline
210
0
220
0
230
1
 70
8
 71
1
 72
4
 73
2
 74
0
 40
0.000000000
 40
0.000000000
 40
11.717508268
 40
11.717508268
 10
154.106795725
 20
217.175766385
 30
3.000000000
 10
154.401617524
 20
218.249813692
 30
3.000000000
  0
SPLINE
  5
A7B
330
A02
100
AcDbEntity
  8
Shape2DView
100
AcDbSpline
210
0
220
0
230
1
 70
8
 71
1
 72
4
 73
2
 74
0
 40
0.000000000
 40
0.000000000
 40
16.600000000
 40
16.600000000
 10
154.401617524
 20
218.249813692
 30
3.000000000
 10
155.979674219
 20
218.249813692
 30
3.000000000
  0
SPLINE
  5
A7C
330
A02
100
AcDbEntity
  8
Shape2DView
100
AcDbSpline
210
0
220
0
230
1
 70
8
 71
1
 72
4
 73
2
 74
0
 40
0.000000000
 40
0.000000000
 40
11.717508268
 40
11.717508268
 10
155.979674219
 20
218.249813692
 30
3.000000000
 10
156.274247089
 20
217.175766385
 30
3.000000000
  0
SPLINE
  5
A7D
330
A02
100
AcDbEntity
  8
Shape2DView
100
AcDbSpline
210
0
220
0
230
1
 70
8
 71
1
 72
4
 73
2
 74
0
 40
0.000000000
 40
0.000000000
 40
4.900000000
 40
4.900000000
 10
156.274247089
 20
217.175766385
 30
3.000000000
 10
156.740059004
 20
217.175766385
 30
3.000000000
  0
SPLINE
  5
A7E
330
A02
100
AcDbEntity
  8
Shape2DView
100
AcDbSpline
210
0
220
0
230
1
 70
8
 71
1
 72
4
 73
2
 74
0
 40
0.000000000
 40
0.000000000
 40
45.743305521
 40
45.743305521
 10
156.740059004
 20
217.175766385
 30
3.000000000
 10
155.656821269
 20
221.386412019
 30
3.000000000
  0
SPLINE
  5
A7F
330
A02
100
AcDbEntity
  8
Shape2DView
100
AcDbSpline
210
0
220
0
230
1
 70
8
 71
1
 72
4
 73
2
 74
0
 40
0.000000000
 40
0.000000000
 40
9.700000000
 40
9.700000000
 10
155.656821269
 20
221.386412019
 30
3.000000000
 10
154.734703803
 20
221.386412019
 30
3.000000000
  0
SPLINE
  5
A80
330
A02
100
AcDbEntity
  8
Shape2DView
100
AcDbSpline
210
0
220
0
230
1
 70
8
 71
1
 72
4
 73
2
 74
0
 40
0.000000000
 40
0.000000000
 40
45.768329661
 40
45.768329661
 10
154.734703803
 20
221.386412019
 30
3.000000000
 10
153.640983809
 20
217.175766385
 30
3.000000000
  0
SPLINE
  5
A81
330
A02
100
AcDbEntity
  8
Shape2DView
100
AcDbSpline
210
0
220
0
230
1
 70
8
 71
3
 72
8
 73
4
 74
0
 40
0.000000000
 40
0.000000000
 40
0.000000000
 40
0.000000000
 40
1.000000000
 40
1.000000000
 40
1.000000000
 40
1.000000000
 10
159.506891639
 20
221.319878115
 30
3.000000000
 10
159.506891639
 20
221.319878115
 30
3.000000000
 10
158.860473095
 20
221.443441079
 30
3.000000000
 10
158.385154814
 20
221.443441079
 30
3.000000000
  0
SPLINE
  5
A82
330
A02
100
AcDbEntity
  8
Shape2DView
100
AcDbSpline
210
0
220
0
230
1
 70
8
 71
3
 72
8
 73
4
 74
0
 40
0.000000000
 40
0.000000000
 40
0.000000000
 40
0.000000000
 40
1.000000000
 40
1.000000000
 40
1.000000000
 40
1.000000000
 10
158.385154814
 20
221.443441079
 30
3.000000000
 10
157.548594638
 20
221.443441079
 30
3.000000000
 10
157.092247233
 20
221.082257030
 30
3.000000000
 10
157.092153609
 20
220.274345339
 30
3.000000000
  0
SPLINE
  5
A83
330
A02
100
AcDbEntity
  8
Shape2DView
100
AcDbSpline
210
0
220
0
230
1
 70
8
 71
3
 72
8
 73
4
 74
0
 40
0.000000000
 40
0.000000000
 40
0.000000000
 40
0.000000000
 40
1.000000000
 40
1.000000000
 40
1.000000000
 40
1.000000000
 10
157.092153609
 20
220.274345339
 30
3.000000000
 10
157.092070999
 20
219.561482083
 30
3.000000000
 10
157.510323550
 20
219.323860998
 30
3.000000000
 10
158.289823503
 20
219.133764129
 30
3.000000000
  0
SPLINE
  5
A84
330
A02
100
AcDbEntity
  8
Shape2DView
100
AcDbSpline
210
0
220
0
230
1
 70
8
 71
3
 72
8
 73
4
 74
0
 40
0.000000000
 40
0.000000000
 40
0.000000000
 40
0.000000000
 40
1.000000000
 40
1.000000000
 40
1.000000000
 40
1.000000000
 10
158.289823503
 20
219.133764129
 30
3.000000000
 10
158.860191122
 20
219.010201165
 30
3.000000000
 10
159.145365569
 20
218.867628514
 30
3.000000000
 10
159.145306090
 20
218.354366969
 30
3.000000000
  0
SPLINE
  5
A85
330
A02
100
AcDbEntity
  8
Shape2DView
100
AcDbSpline
210
0
220
0
230
1
 70
8
 71
3
 72
8
 73
4
 74
0
 40
0.000000000
 40
0.000000000
 40
0.000000000
 40
0.000000000
 40
1.000000000
 40
1.000000000
 40
1.000000000
 40
1.000000000
 10
159.145306090
 20
218.354366969
 30
3.000000000
 10
159.145242205
 20
217.803086051
 30
3.000000000
 10
158.898043655
 20
217.517940748
 30
3.000000000
 10
158.356180814
 20
217.517940748
 30
3.000000000
  0
SPLINE
  5
A86
330
A02
100
AcDbEntity
  8
Shape2DView
100
AcDbSpline
210
0
220
0
230
1
 70
8
 71
3
 72
8
 73
4
 74
0
 40
0.000000000
 40
0.000000000
 40
0.000000000
 40
0.000000000
 40
1.000000000
 40
1.000000000
 40
1.000000000
 40
1.000000000
 10
158.356180814
 20
217.517940748
 30
3.000000000
 10
157.956913458
 20
217.517940748
 30
3.000000000
 10
157.177401389
 20
217.603484339
 30
3.000000000
 10
157.177401389
 20
217.603484339
 30
3.000000000
  0
SPLINE
  5
A87
330
A02
100
AcDbEntity
  8
Shape2DView
100
AcDbSpline
210
0
220
0
230
1
 70
8
 71
1
 72
4
 73
2
 74
0
 40
0.000000000
 40
0.000000000
 40
4.011234224
 40
4.011234224
 10
157.177401389
 20
217.603484339
 30
3.000000000
 10
157.148838234
 20
217.223290603
 30
3.000000000
  0
SPLINE
  5
A88
330
A02
100
AcDbEntity
  8
Shape2DView
100
AcDbSpline
210
0
220
0
230
1
 70
8
 71
3
 72
8
 73
4
 74
0
 40
0.000000000
 40
0.000000000
 40
0.000000000
 40
0.000000000
 40
1.000000000
 40
1.000000000
 40
1.000000000
 40
1.000000000
 10
157.148838234
 20
217.223290603
 30
3.000000000
 10
157.148838234
 20
217.223290603
 30
3.000000000
 10
157.880815170
 20
217.109232482
 30
3.000000000
 10
158.356133451
 20
217.109232482
 30
3.000000000
  0
SPLINE
  5
A89
330
A02
100
AcDbEntity
  8
Shape2DView
100
AcDbSpline
210
0
220
0
230
1
 70
8
 71
3
 72
8
 73
4
 74
0
 40
0.000000000
 40
0.000000000
 40
0.000000000
 40
0.000000000
 40
1.000000000
 40
1.000000000
 40
1.000000000
 40
1.000000000
 10
158.356133451
 20
217.109232482
 30
3.000000000
 10
159.221212724
 20
217.109232482
 30
3.000000000
 10
159.620531849
 20
217.555960122
 30
3.000000000
 10
159.620629879
 20
218.401891186
 30
3.000000000
  0
SPLINE
  5
A8A
330
A02
100
AcDbEntity
  8
Shape2DView
100
AcDbSpline
210
0
220
0
230
1
 70
8
 71
3
 72
8
 73
4
 74
0
 40
0.000000000
 40
0.000000000
 40
0.000000000
 40
0.000000000
 40
1.000000000
 40
1.000000000
 40
1.000000000
 40
1.000000000
 10
159.620629879
 20
218.401891186
 30
3.000000000
 10
159.620716894
 20
219.152773816
 30
3.000000000
 10
159.240486501
 20
219.361880371
 30
3.000000000
 10
158.489505645
 20
219.551977240
 30
3.000000000
  0
SPLINE
  5
A8B
330
A02
100
AcDbEntity
  8
Shape2DView
100
AcDbSpline
210
0
220
0
230
1
 70
8
 71
3
 72
8
 73
4
 74
0
 40
0.000000000
 40
0.000000000
 40
0.000000000
 40
0.000000000
 40
1.000000000
 40
1.000000000
 40
1.000000000
 40
1.000000000
 10
158.489505645
 20
219.551977240
 30
3.000000000
 10
157.852597873
 20
219.713559578
 30
3.000000000
 10
157.576925386
 20
219.818112855
 30
3.000000000
 10
157.576983763
 20
220.321869556
 30
3.000000000
  0
SPLINE
  5
A8C
330
A02
100
AcDbEntity
  8
Shape2DView
100
AcDbSpline
210
0
220
0
230
1
 70
8
 71
3
 72
8
 73
4
 74
0
 40
0.000000000
 40
0.000000000
 40
0.000000000
 40
0.000000000
 40
1.000000000
 40
1.000000000
 40
1.000000000
 40
1.000000000
 10
157.576983763
 20
220.321869556
 30
3.000000000
 10
157.577042140
 20
220.825626257
 30
3.000000000
 10
157.852749874
 20
221.025227969
 30
3.000000000
 10
158.413625446
 20
221.025227969
 30
3.000000000
  0
SPLINE
  5
A8D
330
A02
100
AcDbEntity
  8
Shape2DView
100
AcDbSpline
210
0
220
0
230
1
 70
8
 71
3
 72
8
 73
4
 74
0
 40
0.000000000
 40
0.000000000
 40
0.000000000
 40
0.000000000
 40
1.000000000
 40
1.000000000
 40
1.000000000
 40
1.000000000
 10
158.413625446
 20
221.025227969
 30
3.000000000
 10
158.822399169
 20
221.025227969
 30
3.000000000
 10
159.487834849
 20
220.939684378
 30
3.000000000
 10
159.487834849
 20
220.939684378
 30
3.000000000
  0
SPLINE
  5
A8E
330
A02
100
AcDbEntity
  8
Shape2DView
100
AcDbSpline
210
0
220
0
230
1
 70
8
 71
1
 72
4
 73
2
 74
0
 40
0.000000000
 40
0.000000000
 40
4.004996879
 40
4.004996879
 10
159.487834849
 20
220.939684378
 30
3.000000000
 10
159.506891639
 20
221.319878115
 30
3.000000000
  0
SPLINE
  5
A8F
330
A02
100
AcDbEntity
  8
Shape2DView
100
AcDbSpline
210
0
220
0
230
1
 70
8
 71
1
 72
4
 73
2
 74
0
 40
0.000000000
 40
0.000000000
 40
5.300000000
 40
5.300000000
 10
160.352965890
 20
221.386412019
 30
3.000000000
 10
159.849128512
 20
221.386412019
 30
3.000000000
  0
SPLINE
  5
A90
330
A02
100
AcDbEntity
  8
Shape2DView
100
AcDbSpline
210
0
220
0
230
1
 70
8
 71
1
 72
4
 73
2
 74
0
 40
0.000000000
 40
0.000000000
 40
28.755868966
 40
28.755868966
 10
159.849128512
 20
221.386412019
 30
3.000000000
 10
161.075166603
 20
218.943667261
 30
3.000000000
  0
SPLINE
  5
A91
330
A02
100
AcDbEntity
  8
Shape2DView
100
AcDbSpline
210
0
220
0
230
1
 70
8
 71
1
 72
4
 73
2
 74
0
 40
0.000000000
 40
0.000000000
 40
18.600000000
 40
18.600000000
 10
161.075166603
 20
218.943667261
 30
3.000000000
 10
161.074961732
 20
217.175766385
 30
3.000000000
  0
SPLINE
  5
A92
330
A02
100
AcDbEntity
  8
Shape2DView
100
AcDbSpline
210
0
220
0
230
1
 70
8
 71
1
 72
4
 73
2
 74
0
 40
0.000000000
 40
0.000000000
 40
4.700000000
 40
4.700000000
 10
161.074961732
 20
217.175766385
 30
3.000000000
 10
161.521760916
 20
217.175766385
 30
3.000000000
  0
SPLINE
  5
A93
330
A02
100
AcDbEntity
  8
Shape2DView
100
AcDbSpline
210
0
220
0
230
1
 70
8
 71
1
 72
4
 73
2
 74
0
 40
0.000000000
 40
0.000000000
 40
18.600000000
 40
18.600000000
 10
161.521760916
 20
217.175766385
 30
3.000000000
 10
161.521965788
 20
218.943667261
 30
3.000000000
  0
SPLINE
  5
A94
330
A02
100
AcDbEntity
  8
Shape2DView
100
AcDbSpline
210
0
220
0
230
1
 70
8
 71
1
 72
4
 73
2
 74
0
 40
0.000000000
 40
0.000000000
 40
28.711147661
 40
28.711147661
 10
161.521965788
 20
218.943667261
 30
3.000000000
 10
162.739063664
 20
221.386412019
 30
3.000000000
  0
SPLINE
  5
A95
330
A02
100
AcDbEntity
  8
Shape2DView
100
AcDbSpline
210
0
220
0
230
1
 70
8
 71
1
 72
4
 73
2
 74
0
 40
0.000000000
 40
0.000000000
 40
5.200000000
 40
5.200000000
 10
162.739063664
 20
221.386412019
 30
3.000000000
 10
162.244732651
 20
221.386412019
 30
3.000000000
  0
SPLINE
  5
A96
330
A02
100
AcDbEntity
  8
Shape2DView
100
AcDbSpline
210
0
220
0
230
1
 70
8
 71
1
 72
4
 73
2
 74
0
 40
0.000000000
 40
0.000000000
 40
22.719154914
 40
22.719154914
 10
162.244732651
 20
221.386412019
 30
3.000000000
 10
161.293871390
 20
219.447423962
 30
3.000000000
  0
SPLINE
  5
A97
330
A02
100
AcDbEntity
  8
Shape2DView
100
AcDbSpline
210
0
220
0
230
1
 70
8
 71
1
 72
4
 73
2
 74
0
 40
0.000000000
 40
0.000000000
 40
22.675316977
 40
22.675316977
 10
161.293871390
 20
219.447423962
 30
3.000000000
 10
160.352965890
 20
221.386412019
 30
3.000000000
  0
SPLINE
  5
A98
330
A02
100
AcDbEntity
  8
Shape2DView
100
AcDbSpline
210
0
220
0
230
1
 70
8
 71
1
 72
4
 73
2
 74
0
 40
0.000000000
 40
0.000000000
 40
4.900000000
 40
4.900000000
 10
163.746738420
 20
221.386412019
 30
3.000000000
 10
163.280926504
 20
221.386412019
 30
3.000000000
  0
SPLINE
  5
A99
330
A02
100
AcDbEntity
  8
Shape2DView
100
AcDbSpline
210
0
220
0
230
1
 70
8
 71
1
 72
4
 73
2
 74
0
 40
0.000000000
 40
0.000000000
 40
44.300000000
 40
44.300000000
 10
163.280926504
 20
221.386412019
 30
3.000000000
 10
163.280438558
 20
217.175766385
 30
3.000000000
  0
SPLINE
  5
A9A
330
A02
100
AcDbEntity
  8
Shape2DView
100
AcDbSpline
210
0
220
0
230
1
 70
8
 71
1
 72
4
 73
2
 74
0
 40
0.000000000
 40
0.000000000
 40
22.300000000
 40
22.300000000
 10
163.280438558
 20
217.175766385
 30
3.000000000
 10
165.400358093
 20
217.175766385
 30
3.000000000
  0
SPLINE
  5
A9B
330
A02
100
AcDbEntity
  8
Shape2DView
100
AcDbSpline
210
0
220
0
230
1
 70
8
 71
1
 72
4
 73
2
 74
0
 40
0.000000000
 40
0.000000000
 40
4.300000000
 40
4.300000000
 10
165.400358093
 20
217.175766385
 30
3.000000000
 10
165.400405456
 20
217.584474652
 30
3.000000000
  0
SPLINE
  5
A9C
330
A02
100
AcDbEntity
  8
Shape2DView
100
AcDbSpline
210
0
220
0
230
1
 70
8
 71
1
 72
4
 73
2
 74
0
 40
0.000000000
 40
0.000000000
 40
17.400000000
 40
17.400000000
 10
165.400405456
 20
217.584474652
 30
3.000000000
 10
163.746297836
 20
217.584474652
 30
3.000000000
  0
SPLINE
  5
A9D
330
A02
100
AcDbEntity
  8
Shape2DView
100
AcDbSpline
210
0
220
0
230
1
 70
8
 71
1
 72
4
 73
2
 74
0
 40
0.000000000
 40
0.000000000
 40
40.000000000
 40
40.000000000
 10
163.746297836
 20
217.584474652
 30
3.000000000
 10
163.746738420
 20
221.386412019
 30
3.000000000
  0
SPLINE
  5
A9E
330
A02
100
AcDbEntity
  8
Shape2DView
100
AcDbSpline
210
0
220
0
230
1
 70
8
 71
1
 72
4
 73
2
 74
0
 40
0.000000000
 40
0.000000000
 40
4.900000000
 40
4.900000000
 10
166.303950775
 20
221.386412019
 30
3.000000000
 10
165.838138859
 20
221.386412019
 30
3.000000000
  0
SPLINE
  5
A9F
330
A02
100
AcDbEntity
  8
Shape2DView
100
AcDbSpline
210
0
220
0
230
1
 70
8
 71
1
 72
4
 73
2
 74
0
 40
0.000000000
 40
0.000000000
 40
30.800000000
 40
30.800000000
 10
165.838138859
 20
221.386412019
 30
3.000000000
 10
165.837799609
 20
218.458920247
 30
3.000000000
  0
SPLINE
  5
AA0
330
A02
100
AcDbEntity
  8
Shape2DView
100
AcDbSpline
210
0
220
0
230
1
 70
8
 71
3
 72
8
 73
4
 74
0
 40
0.000000000
 40
0.000000000
 40
0.000000000
 40
0.000000000
 40
1.000000000
 40
1.000000000
 40
1.000000000
 40
1.000000000
 10
165.837799609
 20
218.458920247
 30
3.000000000
 10
165.837692768
 20
217.536950435
 30
3.000000000
 10
166.274937123
 20
217.118737325
 30
3.000000000
 10
167.206560954
 20
217.118737325
 30
3.000000000
  0
SPLINE
  5
AA1
330
A02
100
AcDbEntity
  8
Shape2DView
100
AcDbSpline
210
0
220
0
230
1
 70
8
 71
3
 72
8
 73
4
 74
0
 40
0.000000000
 40
0.000000000
 40
0.000000000
 40
0.000000000
 40
1.000000000
 40
1.000000000
 40
1.000000000
 40
1.000000000
 10
167.206560954
 20
217.118737325
 30
3.000000000
 10
168.147691152
 20
217.118737325
 30
3.000000000
 10
168.585032435
 20
217.536950435
 30
3.000000000
 10
168.585139276
 20
218.458920247
 30
3.000000000
  0
SPLINE
  5
AA2
330
A02
100
AcDbEntity
  8
Shape2DView
100
AcDbSpline
210
0
220
0
230
1
 70
8
 71
1
 72
4
 73
2
 74
0
 40
0.000000000
 40
0.000000000
 40
30.800000000
 40
30.800000000
 10
168.585139276
 20
218.458920247
 30
3.000000000
 10
168.585478526
 20
221.386412019
 30
3.000000000
  0
SPLINE
  5
AA3
330
A02
100
AcDbEntity
  8
Shape2DView
100
AcDbSpline
210
0
220
0
230
1
 70
8
 71
1
 72
4
 73
2
 74
0
 40
0.000000000
 40
0.000000000
 40
4.900000000
 40
4.900000000
 10
168.585478526
 20
221.386412019
 30
3.000000000
 10
168.119666610
 20
221.386412019
 30
3.000000000
  0
SPLINE
  5
AA4
330
A02
100
AcDbEntity
  8
Shape2DView
100
AcDbSpline
210
0
220
0
230
1
 70
8
 71
1
 72
4
 73
2
 74
0
 40
0.000000000
 40
0.000000000
 40
31.100000000
 40
31.100000000
 10
168.119666610
 20
221.386412019
 30
3.000000000
 10
168.119324056
 20
218.430405716
 30
3.000000000
  0
SPLINE
  5
AA5
330
A02
100
AcDbEntity
  8
Shape2DView
100
AcDbSpline
210
0
220
0
230
1
 70
8
 71
3
 72
8
 73
4
 74
0
 40
0.000000000
 40
0.000000000
 40
0.000000000
 40
0.000000000
 40
1.000000000
 40
1.000000000
 40
1.000000000
 40
1.000000000
 10
168.119324056
 20
218.430405716
 30
3.000000000
 10
168.119249157
 20
217.784076364
 30
3.000000000
 10
167.843534814
 20
217.527445592
 30
3.000000000
 10
167.216114683
 20
217.527445592
 30
3.000000000
  0
SPLINE
  5
AA6
330
A02
100
AcDbEntity
  8
Shape2DView
100
AcDbSpline
210
0
220
0
230
1
 70
8
 71
3
 72
8
 73
4
 74
0
 40
0.000000000
 40
0.000000000
 40
0.000000000
 40
0.000000000
 40
1.000000000
 40
1.000000000
 40
1.000000000
 40
1.000000000
 10
167.216114683
 20
217.527445592
 30
3.000000000
 10
166.598200917
 20
217.527445592
 30
3.000000000
 10
166.313039687
 20
217.784076364
 30
3.000000000
 10
166.313114586
 20
218.430405716
 30
3.000000000
  0
SPLINE
  5
AA7
330
A02
100
AcDbEntity
  8
Shape2DView
100
AcDbSpline
210
0
220
0
230
1
 70
8
 71
1
 72
4
 73
2
 74
0
 40
0.000000000
 40
0.000000000
 40
31.100000000
 40
31.100000000
 10
166.313114586
 20
218.430405716
 30
3.000000000
 10
166.313457140
 20
221.386412019
 30
3.000000000
  0
SPLINE
  5
AA8
330
A02
100
AcDbEntity
  8
Shape2DView
100
AcDbSpline
210
0
220
0
230
1
 70
8
 71
1
 72
4
 73
2
 74
0
 40
0.000000000
 40
0.000000000
 40
0.100000000
 40
0.100000000
 10
166.313457140
 20
221.386412019
 30
3.000000000
 10
166.303950775
 20
221.386412019
 30
3.000000000
  0
SPLINE
  5
AA9
330
A02
100
AcDbEntity
  8
Shape2DView
100
AcDbSpline
210
0
220
0
230
1
 70
8
 71
1
 72
4
 73
2
 74
0
 40
0.000000000
 40
0.000000000
 40
39.932192527
 40
39.932192527
 10
170.030397637
 20
220.968198909
 30
3.000000000
 10
171.104195095
 20
217.327843880
 30
3.000000000
  0
SPLINE
  5
AAA
330
A02
100
AcDbEntity
  8
Shape2DView
100
AcDbSpline
210
0
220
0
230
1
 70
8
 71
1
 72
4
 73
2
 74
0
 40
0.000000000
 40
0.000000000
 40
6.000000000
 40
6.000000000
 10
171.104195095
 20
217.327843880
 30
3.000000000
 10
171.674577032
 20
217.327843880
 30
3.000000000
  0
SPLINE
  5
AAB
330
A02
100
AcDbEntity
  8
Shape2DView
100
AcDbSpline
210
0
220
0
230
1
 70
8
 71
1
 72
4
 73
2
 74
0
 40
0.000000000
 40
0.000000000
 40
39.960605601
 40
39.960605601
 10
171.674577032
 20
217.327843880
 30
3.000000000
 10
172.758724573
 20
220.968198909
 30
3.000000000
  0
SPLINE
  5
AAC
330
A02
100
AcDbEntity
  8
Shape2DView
100
AcDbSpline
210
0
220
0
230
1
 70
8
 71
1
 72
4
 73
2
 74
0
 40
0.000000000
 40
0.000000000
 40
0.900000000
 40
0.900000000
 10
172.758724573
 20
220.968198909
 30
3.000000000
 10
172.844281864
 20
220.968198909
 30
3.000000000
  0
SPLINE
  5
AAD
330
A02
100
AcDbEntity
  8
Shape2DView
100
AcDbSpline
210
0
220
0
230
1
 70
8
 71
1
 72
4
 73
2
 74
0
 40
0.000000000
 40
0.000000000
 40
39.900000000
 40
39.900000000
 10
172.844281864
 20
220.968198909
 30
3.000000000
 10
172.843842382
 20
217.175766385
 30
3.000000000
  0
SPLINE
  5
AAE
330
A02
100
AcDbEntity
  8
Shape2DView
100
AcDbSpline
210
0
220
0
230
1
 70
8
 71
1
 72
4
 73
2
 74
0
 40
0.000000000
 40
0.000000000
 40
4.600000000
 40
4.600000000
 10
172.843842382
 20
217.175766385
 30
3.000000000
 10
173.281135201
 20
217.175766385
 30
3.000000000
  0
SPLINE
  5
AAF
330
A02
100
AcDbEntity
  8
Shape2DView
100
AcDbSpline
210
0
220
0
230
1
 70
8
 71
1
 72
4
 73
2
 74
0
 40
0.000000000
 40
0.000000000
 40
44.300000000
 40
44.300000000
 10
173.281135201
 20
217.175766385
 30
3.000000000
 10
173.281623147
 20
221.386412019
 30
3.000000000
  0
SPLINE
  5
AB0
330
A02
100
AcDbEntity
  8
Shape2DView
100
AcDbSpline
210
0
220
0
230
1
 70
8
 71
1
 72
4
 73
2
 74
0
 40
0.000000000
 40
0.000000000
 40
8.500000000
 40
8.500000000
 10
173.281623147
 20
221.386412019
 30
3.000000000
 10
172.473582069
 20
221.386412019
 30
3.000000000
  0
SPLINE
  5
AB1
330
A02
100
AcDbEntity
  8
Shape2DView
100
AcDbSpline
210
0
220
0
230
1
 70
8
 71
1
 72
4
 73
2
 74
0
 40
0.000000000
 40
0.000000000
 40
39.673164734
 40
39.673164734
 10
172.473582069
 20
221.386412019
 30
3.000000000
 10
171.389437832
 20
217.774571521
 30
3.000000000
  0
SPLINE
  5
AB2
330
A02
100
AcDbEntity
  8
Shape2DView
100
AcDbSpline
210
0
220
0
230
1
 70
8
 71
1
 72
4
 73
2
 74
0
 40
0.000000000
 40
0.000000000
 40
39.616158320
 40
39.616158320
 10
171.389437832
 20
217.774571521
 30
3.000000000
 10
170.325143436
 20
221.386412019
 30
3.000000000
  0
SPLINE
  5
AB3
330
A02
100
AcDbEntity
  8
Shape2DView
100
AcDbSpline
210
0
220
0
230
1
 70
8
 71
1
 72
4
 73
2
 74
0
 40
0.000000000
 40
0.000000000
 40
8.700000000
 40
8.700000000
 10
170.325143436
 20
221.386412019
 30
3.000000000
 10
169.498089626
 20
221.386412019
 30
3.000000000
  0
SPLINE
  5
AB4
330
A02
100
AcDbEntity
  8
Shape2DView
100
AcDbSpline
210
0
220
0
230
1
 70
8
 71
1
 72
4
 73
2
 74
0
 40
0.000000000
 40
0.000000000
 40
44.300000000
 40
44.300000000
 10
169.498089626
 20
221.386412019
 30
3.000000000
 10
169.497601680
 20
217.175766385
 30
3.000000000
  0
SPLINE
  5
AB5
330
A02
100
AcDbEntity
  8
Shape2DView
100
AcDbSpline
210
0
220
0
230
1
 70
8
 71
1
 72
4
 73
2
 74
0
 40
0.000000000
 40
0.000000000
 40
4.600000000
 40
4.600000000
 10
169.497601680
 20
217.175766385
 30
3.000000000
 10
169.934894499
 20
217.175766385
 30
3.000000000
  0
SPLINE
  5
AB6
330
A02
100
AcDbEntity
  8
Shape2DView
100
AcDbSpline
210
0
220
0
230
1
 70
8
 71
1
 72
4
 73
2
 74
0
 40
0.000000000
 40
0.000000000
 40
39.900000000
 40
39.900000000
 10
169.934894499
 20
217.175766385
 30
3.000000000
 10
169.935333981
 20
220.968198909
 30
3.000000000
  0
SPLINE
  5
AB7
330
A02
100
AcDbEntity
  8
Shape2DView
100
AcDbSpline
210
0
220
0
230
1
 70
8
 71
1
 72
4
 73
2
 74
0
 40
0.000000000
 40
0.000000000
 40
1.000000000
 40
1.000000000
 10
169.935333981
 20
220.968198909
 30
3.000000000
 10
170.030397637
 20
220.968198909
 30
3.000000000
  0
SPLINE
  5
AB8
330
A02
100
AcDbEntity
  8
Shape2DView
100
AcDbSpline
210
0
220
0
230
1
 70
8
 71
1
 72
4
 73
2
 74
0
 40
0.000000000
 40
0.000000000
 40
1.900000000
 40
1.900000000
 10
176.229364210
 20
228.011287880
 30
3.000000000
 10
176.409985157
 20
228.011287880
 30
3.000000000
  0
SPLINE
  5
AB9
330
A02
100
AcDbEntity
  8
Shape2DView
100
AcDbSpline
210
0
220
0
230
1
 70
8
 71
1
 72
4
 73
2
 74
0
 40
0.000000000
 40
0.000000000
 40
8.100000000
 40
8.100000000
 10
176.409985157
 20
228.011287880
 30
3.000000000
 10
176.410074375
 20
228.781180197
 30
3.000000000
  0
SPLINE
  5
ABA
330
A02
100
AcDbEntity
  8
Shape2DView
100
AcDbSpline
210
0
220
0
230
1
 70
8
 71
1
 72
4
 73
2
 74
0
 40
0.000000000
 40
0.000000000
 40
7.844743463
 40
7.844743463
 10
176.410074375
 20
228.781180197
 30
3.000000000
 10
176.628638175
 20
228.068316940
 30
3.000000000
  0
SPLINE
  5
ABB
330
A02
100
AcDbEntity
  8
Shape2DView
100
AcDbSpline
210
0
220
0
230
1
 70
8
 71
1
 72
4
 73
2
 74
0
 40
0.000000000
 40
0.000000000
 40
1.500000000
 40
1.500000000
 10
176.628638175
 20
228.068316940
 30
3.000000000
 10
176.771233659
 20
228.068316940
 30
3.000000000
  0
SPLINE
  5
ABC
330
A02
100
AcDbEntity
  8
Shape2DView
100
AcDbSpline
210
0
220
0
230
1
 70
8
 71
1
 72
4
 73
2
 74
0
 40
0.000000000
 40
0.000000000
 40
7.874642849
 40
7.874642849
 10
176.771233659
 20
228.068316940
 30
3.000000000
 10
176.999469044
 20
228.781180197
 30
3.000000000
  0
SPLINE
  5
ABD
330
A02
100
AcDbEntity
  8
Shape2DView
100
AcDbSpline
210
0
220
0
230
1
 70
8
 71
1
 72
4
 73
2
 74
0
 40
0.000000000
 40
0.000000000
 40
8.100000000
 40
8.100000000
 10
176.999469044
 20
228.781180197
 30
3.000000000
 10
176.999379826
 20
228.011287880
 30
3.000000000
  0
SPLINE
  5
ABE
330
A02
100
AcDbEntity
  8
Shape2DView
100
AcDbSpline
210
0
220
0
230
1
 70
8
 71
1
 72
4
 73
2
 74
0
 40
0.000000000
 40
0.000000000
 40
1.900000000
 40
1.900000000
 10
176.999379826
 20
228.011287880
 30
3.000000000
 10
177.180000773
 20
228.011287880
 30
3.000000000
  0
SPLINE
  5
ABF
330
A02
100
AcDbEntity
  8
Shape2DView
100
AcDbSpline
210
0
220
0
230
1
 70
8
 71
1
 72
4
 73
2
 74
0
 40
0.000000000
 40
0.000000000
 40
10.800000000
 40
10.800000000
 10
177.180000773
 20
228.011287880
 30
3.000000000
 10
177.180119730
 20
229.037810969
 30
3.000000000
  0
SPLINE
  5
AC0
330
A02
100
AcDbEntity
  8
Shape2DView
100
AcDbSpline
210
0
220
0
230
1
 70
8
 71
1
 72
4
 73
2
 74
0
 40
0.000000000
 40
0.000000000
 40
2.600000000
 40
2.600000000
 10
177.180119730
 20
229.037810969
 30
3.000000000
 10
176.932954224
 20
229.037810969
 30
3.000000000
  0
SPLINE
  5
AC1
330
A02
100
AcDbEntity
  8
Shape2DView
100
AcDbSpline
210
0
220
0
230
1
 70
8
 71
1
 72
4
 73
2
 74
0
 40
0.000000000
 40
0.000000000
 40
7.905694150
 40
7.905694150
 10
176.932954224
 20
229.037810969
 30
3.000000000
 10
176.695212474
 20
228.324947713
 30
3.000000000
  0
SPLINE
  5
AC2
330
A02
100
AcDbEntity
  8
Shape2DView
100
AcDbSpline
210
0
220
0
230
1
 70
8
 71
1
 72
4
 73
2
 74
0
 40
0.000000000
 40
0.000000000
 40
7.874642849
 40
7.874642849
 10
176.695212474
 20
228.324947713
 30
3.000000000
 10
176.467142308
 20
229.037810969
 30
3.000000000
  0
SPLINE
  5
AC3
330
A02
100
AcDbEntity
  8
Shape2DView
100
AcDbSpline
210
0
220
0
230
1
 70
8
 71
1
 72
4
 73
2
 74
0
 40
0.000000000
 40
0.000000000
 40
2.600000000
 40
2.600000000
 10
176.467142308
 20
229.037810969
 30
3.000000000
 10
176.219976802
 20
229.037810969
 30
3.000000000
  0
SPLINE
  5
AC4
330
A02
100
AcDbEntity
  8
Shape2DView
100
AcDbSpline
210
0
220
0
230
1
 70
8
 71
1
 72
4
 73
2
 74
0
 40
0.000000000
 40
0.000000000
 40
10.800462953
 40
10.800462953
 10
176.219976802
 20
229.037810969
 30
3.000000000
 10
176.229364210
 20
228.011287880
 30
3.000000000
  0
SPLINE
  5
AC5
330
A02
100
AcDbEntity
  8
Shape2DView
100
AcDbSpline
210
0
220
0
230
1
 70
8
 71
1
 72
4
 73
2
 74
0
 40
0.000000000
 40
0.000000000
 40
2.800000000
 40
2.800000000
 10
175.430928628
 20
228.866723787
 30
3.000000000
 10
175.697106866
 20
228.866723787
 30
3.000000000
  0
SPLINE
  5
AC6
330
A02
100
AcDbEntity
  8
Shape2DView
100
AcDbSpline
210
0
220
0
230
1
 70
8
 71
1
 72
4
 73
2
 74
0
 40
0.000000000
 40
0.000000000
 40
8.900000000
 40
8.900000000
 10
175.697106866
 20
228.866723787
 30
3.000000000
 10
175.697008836
 20
228.020792723
 30
3.000000000
  0
SPLINE
  5
AC7
330
A02
100
AcDbEntity
  8
Shape2DView
100
AcDbSpline
210
0
220
0
230
1
 70
8
 71
1
 72
4
 73
2
 74
0
 40
0.000000000
 40
0.000000000
 40
2.000000000
 40
2.000000000
 10
175.697008836
 20
228.020792723
 30
3.000000000
 10
175.887136148
 20
228.020792723
 30
3.000000000
  0
SPLINE
  5
AC8
330
A02
100
AcDbEntity
  8
Shape2DView
100
AcDbSpline
210
0
220
0
230
1
 70
8
 71
1
 72
4
 73
2
 74
0
 40
0.000000000
 40
0.000000000
 40
8.900000000
 40
8.900000000
 10
175.887136148
 20
228.020792723
 30
3.000000000
 10
175.887234178
 20
228.866723787
 30
3.000000000
  0
SPLINE
  5
AC9
330
A02
100
AcDbEntity
  8
Shape2DView
100
AcDbSpline
210
0
220
0
230
1
 70
8
 71
1
 72
4
 73
2
 74
0
 40
0.000000000
 40
0.000000000
 40
2.400000000
 40
2.400000000
 10
175.887234178
 20
228.866723787
 30
3.000000000
 10
176.115386953
 20
228.866723787
 30
3.000000000
  0
SPLINE
  5
ACA
330
A02
100
AcDbEntity
  8
Shape2DView
100
AcDbSpline
210
0
220
0
230
1
 70
8
 71
1
 72
4
 73
2
 74
0
 40
0.000000000
 40
0.000000000
 40
1.800000000
 40
1.800000000
 10
176.115386953
 20
228.866723787
 30
3.000000000
 10
176.115406780
 20
229.037810969
 30
3.000000000
  0
SPLINE
  5
ACB
330
A02
100
AcDbEntity
  8
Shape2DView
100
AcDbSpline
210
0
220
0
230
1
 70
8
 71
1
 72
4
 73
2
 74
0
 40
0.000000000
 40
0.000000000
 40
7.200000000
 40
7.200000000
 10
176.115406780
 20
229.037810969
 30
3.000000000
 10
175.430948454
 20
229.037810969
 30
3.000000000
  0
SPLINE
  5
ACC
330
A02
100
AcDbEntity
  8
Shape2DView
100
AcDbSpline
210
0
220
0
230
1
 70
8
 71
1
 72
4
 73
2
 74
0
 40
0.000000000
 40
0.000000000
 40
1.800000000
 40
1.800000000
 10
175.430948454
 20
229.037810969
 30
3.000000000
 10
175.430928628
 20
228.866723787
 30
3.000000000
  0
SPLINE
  5
ACD
330
A02
100
AcDbEntity
  8
Shape2DView
100
AcDbSpline
210
0
220
0
230
1
 70
8
 71
1
 72
4
 73
2
 74
0
 40
0.000000000
 40
0.000000000
 40
38.118237105
 40
38.118237105
 10
151.093011267
 20
214.875594279
 30
3.000000000
 10
149.154067349
 20
217.936153859
 30
3.000000000
  0
SPLINE
  5
ACE
330
A02
100
AcDbEntity
  8
Shape2DView
100
AcDbSpline
210
0
220
0
230
1
 70
8
 71
2
 72
6
 73
3
 74
0
 40
0.000000000
 40
0.000000000
 40
0.000000000
 40
1.000000000
 40
1.000000000
 40
1.000000000
 10
149.154067349
 20
217.936153859
 30
3.000000000
 10
149.225406395
 20
218.292585487
 30
3.000000000
 10
149.268226346
 20
218.649017115
 30
3.000000000
  0
SPLINE
  5
ACF
330
A02
100
AcDbEntity
  8
Shape2DView
100
AcDbSpline
210
0
220
0
230
1
 70
8
 71
3
 72
8
 73
4
 74
0
 40
0.000000000
 40
0.000000000
 40
0.000000000
 40
0.000000000
 40
1.000000000
 40
1.000000000
 40
1.000000000
 40
1.000000000
 10
149.268226346
 20
218.649017115
 30
3.000000000
 10
149.239706147
 20
218.639512272
 30
3.000000000
 10
148.868951279
 20
218.582483211
 30
3.000000000
 10
148.754872688
 20
218.563473524
 30
3.000000000
  0
SPLINE
  5
AD0
330
A02
100
AcDbEntity
  8
Shape2DView
100
AcDbSpline
210
0
220
0
230
1
 70
8
 71
1
 72
4
 73
2
 74
0
 40
0.000000000
 40
0.000000000
 40
4.992995093
 40
4.992995093
 10
148.754872688
 20
218.563473524
 30
3.000000000
 10
148.498247078
 20
218.962676948
 30
3.000000000
  0
SPLINE
  5
AD1
330
A02
100
AcDbEntity
  8
Shape2DView
100
AcDbSpline
210
0
220
0
230
1
 70
8
 71
1
 72
4
 73
2
 74
0
 40
0.000000000
 40
0.000000000
 40
0.300000000
 40
0.300000000
 10
148.498247078
 20
218.962676948
 30
3.000000000
 10
148.526766175
 20
218.962676948
 30
3.000000000
  0
SPLINE
  5
AD2
330
A02
100
AcDbEntity
  8
Shape2DView
100
AcDbSpline
210
0
220
0
230
1
 70
8
 71
3
 72
8
 73
4
 74
0
 40
0.000000000
 40
0.000000000
 40
0.000000000
 40
0.000000000
 40
1.000000000
 40
1.000000000
 40
1.000000000
 40
1.000000000
 10
148.526766175
 20
218.962676948
 30
3.000000000
 10
148.583810977
 20
219.019706008
 30
3.000000000
 10
148.650357739
 20
219.038715695
 30
3.000000000
 10
148.650357739
 20
219.038715695
 30
3.000000000
  0
SPLINE
  5
AD3
330
A02
100
AcDbEntity
  8
Shape2DView
100
AcDbSpline
210
0
220
0
230
1
 70
8
 71
1
 72
4
 73
2
 74
0
 40
0.000000000
 40
0.000000000
 40
7.212489168
 40
7.212489168
 10
148.650357739
 20
219.038715695
 30
3.000000000
 10
149.306320099
 20
219.238317407
 30
3.000000000
  0
SPLINE
  5
AD4
330
A02
100
AcDbEntity
  8
Shape2DView
100
AcDbSpline
210
0
220
0
230
1
 70
8
 71
3
 72
8
 73
4
 74
0
 40
0.000000000
 40
0.000000000
 40
0.000000000
 40
0.000000000
 40
1.000000000
 40
1.000000000
 40
1.000000000
 40
1.000000000
 10
149.306320099
 20
219.238317407
 30
3.000000000
 10
149.315849595
 20
219.437919119
 30
3.000000000
 10
149.325377990
 20
219.628015987
 30
3.000000000
 10
149.325401120
 20
219.827617699
 30
3.000000000
  0
SPLINE
  5
AD5
330
A02
100
AcDbEntity
  8
Shape2DView
100
AcDbSpline
210
0
220
0
230
1
 70
8
 71
3
 72
8
 73
4
 74
0
 40
0.000000000
 40
0.000000000
 40
0.000000000
 40
0.000000000
 40
1.000000000
 40
1.000000000
 40
1.000000000
 40
1.000000000
 10
149.325401120
 20
219.827617699
 30
3.000000000
 10
149.325422048
 20
220.008209724
 30
3.000000000
 10
149.315935509
 20
220.179296905
 30
3.000000000
 10
149.306450071
 20
220.359888930
 30
3.000000000
  0
SPLINE
  5
AD6
330
A02
100
AcDbEntity
  8
Shape2DView
100
AcDbSpline
210
0
220
0
230
1
 70
8
 71
3
 72
8
 73
4
 74
0
 40
0.000000000
 40
0.000000000
 40
0.000000000
 40
0.000000000
 40
1.000000000
 40
1.000000000
 40
1.000000000
 40
1.000000000
 10
149.306450071
 20
220.359888930
 30
3.000000000
 10
149.268423507
 20
220.350384086
 30
3.000000000
 10
148.869138527
 20
220.198306592
 30
3.000000000
 10
148.802591765
 20
220.179296905
 30
3.000000000
  0
SPLINE
  5
AD7
330
A02
100
AcDbEntity
  8
Shape2DView
100
AcDbSpline
210
0
220
0
230
1
 70
8
 71
3
 72
8
 73
4
 74
0
 40
0.000000000
 40
0.000000000
 40
0.000000000
 40
0.000000000
 40
1.000000000
 40
1.000000000
 40
1.000000000
 40
1.000000000
 10
148.802591765
 20
220.179296905
 30
3.000000000
 10
148.726537535
 20
220.150782375
 30
3.000000000
 10
148.583940949
 20
220.141277531
 30
3.000000000
 10
148.507913155
 20
220.340879243
 30
3.000000000
  0
SPLINE
  5
AD8
330
A02
100
AcDbEntity
  8
Shape2DView
100
AcDbSpline
210
0
220
0
230
1
 70
8
 71
3
 72
8
 73
4
 74
0
 40
0.000000000
 40
0.000000000
 40
0.000000000
 40
0.000000000
 40
1.000000000
 40
1.000000000
 40
1.000000000
 40
1.000000000
 10
148.507913155
 20
220.340879243
 30
3.000000000
 10
148.431885361
 20
220.540480955
 30
3.000000000
 10
148.641036419
 20
220.635529389
 30
3.000000000
 10
148.641036419
 20
220.635529389
 30
3.000000000
  0
SPLINE
  5
AD9
330
A02
100
AcDbEntity
  8
Shape2DView
100
AcDbSpline
210
0
220
0
230
1
 70
8
 71
1
 72
4
 73
2
 74
0
 40
0.000000000
 40
0.000000000
 40
7.155417528
 40
7.155417528
 10
148.641036419
 20
220.635529389
 30
3.000000000
 10
149.249479066
 20
220.939684378
 30
3.000000000
  0
SPLINE
  5
ADA
330
A02
100
AcDbEntity
  8
Shape2DView
100
AcDbSpline
210
0
220
0
230
1
 70
8
 71
2
 72
6
 73
3
 74
0
 40
0.000000000
 40
0.000000000
 40
0.000000000
 40
1.000000000
 40
1.000000000
 40
1.000000000
 10
149.249479066
 20
220.939684378
 30
3.000000000
 10
149.190130368
 20
221.509974983
 30
3.000000000
 10
149.059480624
 20
222.051751058
 30
3.000000000
  0
SPLINE
  5
ADB
330
A02
100
AcDbEntity
  8
Shape2DView
100
AcDbSpline
210
0
220
0
230
1
 70
8
 71
3
 72
8
 73
4
 74
0
 40
0.000000000
 40
0.000000000
 40
0.000000000
 40
0.000000000
 40
1.000000000
 40
1.000000000
 40
1.000000000
 40
1.000000000
 10
149.059480624
 20
222.051751058
 30
3.000000000
 10
149.049973157
 20
222.042246215
 30
3.000000000
 10
148.660186833
 20
221.823634816
 30
3.000000000
 10
148.593637867
 20
221.785615442
 30
3.000000000
  0
SPLINE
  5
ADC
330
A02
100
AcDbEntity
  8
Shape2DView
100
AcDbSpline
210
0
220
0
230
1
 70
8
 71
3
 72
8
 73
4
 74
0
 40
0.000000000
 40
0.000000000
 40
0.000000000
 40
0.000000000
 40
1.000000000
 40
1.000000000
 40
1.000000000
 40
1.000000000
 10
148.593637867
 20
221.785615442
 30
3.000000000
 10
148.527088902
 20
221.747596069
 30
3.000000000
 10
148.384489012
 20
221.709576695
 30
3.000000000
 10
148.279939918
 20
221.890168720
 30
3.000000000
  0
SPLINE
  5
ADD
330
A02
100
AcDbEntity
  8
Shape2DView
100
AcDbSpline
210
0
220
0
230
1
 70
8
 71
3
 72
8
 73
4
 74
0
 40
0.000000000
 40
0.000000000
 40
0.000000000
 40
0.000000000
 40
1.000000000
 40
1.000000000
 40
1.000000000
 40
1.000000000
 10
148.279939918
 20
221.890168720
 30
3.000000000
 10
148.175390824
 20
222.070760745
 30
3.000000000
 10
148.365533557
 20
222.203828553
 30
3.000000000
 10
148.365533557
 20
222.203828553
 30
3.000000000
  0
SPLINE
  5
ADE
330
A02
100
AcDbEntity
  8
Shape2DView
100
AcDbSpline
210
0
220
0
230
1
 70
8
 71
1
 72
4
 73
2
 74
0
 40
0.000000000
 40
0.000000000
 40
7.220110802
 40
7.220110802
 10
148.365533557
 20
222.203828553
 30
3.000000000
 10
148.916950126
 20
222.612536820
 30
3.000000000
  0
SPLINE
  5
ADF
330
A02
100
AcDbEntity
  8
Shape2DView
100
AcDbSpline
210
0
220
0
230
1
 70
8
 71
2
 72
6
 73
3
 74
0
 40
0.000000000
 40
0.000000000
 40
0.000000000
 40
1.000000000
 40
1.000000000
 40
1.000000000
 10
148.916950126
 20
222.612536820
 30
3.000000000
 10
148.755404693
 20
223.154312894
 30
3.000000000
 10
148.536817763
 20
223.667574439
 30
3.000000000
  0
SPLINE
  5
AE0
330
A02
100
AcDbEntity
  8
Shape2DView
100
AcDbSpline
210
0
220
0
230
1
 70
8
 71
3
 72
8
 73
4
 74
0
 40
0.000000000
 40
0.000000000
 40
0.000000000
 40
0.000000000
 40
1.000000000
 40
1.000000000
 40
1.000000000
 40
1.000000000
 10
148.536817763
 20
223.667574439
 30
3.000000000
 10
148.536817763
 20
223.667574439
 30
3.000000000
 10
148.185048089
 20
223.372924293
 30
3.000000000
 10
148.118498022
 20
223.325400076
 30
3.000000000
  0
SPLINE
  5
AE1
330
A02
100
AcDbEntity
  8
Shape2DView
100
AcDbSpline
210
0
220
0
230
1
 70
8
 71
3
 72
8
 73
4
 74
0
 40
0.000000000
 40
0.000000000
 40
0.000000000
 40
0.000000000
 40
1.000000000
 40
1.000000000
 40
1.000000000
 40
1.000000000
 10
148.118498022
 20
223.325400076
 30
3.000000000
 10
148.061454321
 20
223.277875859
 30
3.000000000
 10
147.928357492
 20
223.211341955
 30
3.000000000
 10
147.785780733
 20
223.372924293
 30
3.000000000
  0
SPLINE
  5
AE2
330
A02
100
AcDbEntity
  8
Shape2DView
100
AcDbSpline
210
0
220
0
230
1
 70
8
 71
3
 72
8
 73
4
 74
0
 40
0.000000000
 40
0.000000000
 40
0.000000000
 40
0.000000000
 40
1.000000000
 40
1.000000000
 40
1.000000000
 40
1.000000000
 10
147.785780733
 20
223.372924293
 30
3.000000000
 10
147.652710339
 20
223.534506631
 30
3.000000000
 10
147.814337279
 20
223.696088969
 30
3.000000000
 10
147.814337279
 20
223.696088969
 30
3.000000000
  0
SPLINE
  5
AE3
330
A02
100
AcDbEntity
  8
Shape2DView
100
AcDbSpline
210
0
220
0
230
1
 70
8
 71
1
 72
4
 73
2
 74
0
 40
0.000000000
 40
0.000000000
 40
7.213875519
 40
7.213875519
 10
147.814337279
 20
223.696088969
 30
3.000000000
 10
148.289712837
 20
224.190340827
 30
3.000000000
  0
SPLINE
  5
AE4
330
A02
100
AcDbEntity
  8
Shape2DView
100
AcDbSpline
210
0
220
0
230
1
 70
8
 71
3
 72
8
 73
4
 74
0
 40
0.000000000
 40
0.000000000
 40
0.000000000
 40
0.000000000
 40
1.000000000
 40
1.000000000
 40
1.000000000
 40
1.000000000
 10
148.289712837
 20
224.190340827
 30
3.000000000
 10
148.118636806
 20
224.523010346
 30
3.000000000
 10
147.938054410
 20
224.855679866
 30
3.000000000
 10
147.728950715
 20
225.169339699
 30
3.000000000
  0
SPLINE
  5
AE5
330
A02
100
AcDbEntity
  8
Shape2DView
100
AcDbSpline
210
0
220
0
230
1
 70
8
 71
3
 72
8
 73
4
 74
0
 40
0.000000000
 40
0.000000000
 40
0.000000000
 40
0.000000000
 40
1.000000000
 40
1.000000000
 40
1.000000000
 40
1.000000000
 10
147.728950715
 20
225.169339699
 30
3.000000000
 10
147.719442146
 20
225.150330012
 30
3.000000000
 10
147.434212626
 20
224.817660492
 30
3.000000000
 10
147.377167824
 20
224.760631432
 30
3.000000000
  0
SPLINE
  5
AE6
330
A02
100
AcDbEntity
  8
Shape2DView
100
AcDbSpline
210
0
220
0
230
1
 70
8
 71
3
 72
8
 73
4
 74
0
 40
0.000000000
 40
0.000000000
 40
0.000000000
 40
0.000000000
 40
1.000000000
 40
1.000000000
 40
1.000000000
 40
1.000000000
 10
147.377167824
 20
224.760631432
 30
3.000000000
 10
147.329629387
 20
224.703602371
 30
3.000000000
 10
147.206036720
 20
224.618058780
 30
3.000000000
 10
147.044443925
 20
224.751126588
 30
3.000000000
  0
SPLINE
  5
AE7
330
A02
100
AcDbEntity
  8
Shape2DView
100
AcDbSpline
210
0
220
0
230
1
 70
8
 71
3
 72
8
 73
4
 74
0
 40
0.000000000
 40
0.000000000
 40
0.000000000
 40
0.000000000
 40
1.000000000
 40
1.000000000
 40
1.000000000
 40
1.000000000
 10
147.044443925
 20
224.751126588
 30
3.000000000
 10
146.882851130
 20
224.884194396
 30
3.000000000
 10
147.015962278
 20
225.074291264
 30
3.000000000
 10
147.015962278
 20
225.074291264
 30
3.000000000
  0
SPLINE
  5
AE8
330
A02
100
AcDbEntity
  8
Shape2DView
100
AcDbSpline
210
0
220
0
230
1
 70
8
 71
1
 72
4
 73
2
 74
0
 40
0.000000000
 40
0.000000000
 40
7.211102551
 40
7.211102551
 10
147.015962278
 20
225.074291264
 30
3.000000000
 10
147.396282991
 20
225.644581869
 30
3.000000000
  0
SPLINE
  5
AE9
330
A02
100
AcDbEntity
  8
Shape2DView
100
AcDbSpline
210
0
220
0
230
1
 70
8
 71
3
 72
8
 73
4
 74
0
 40
0.000000000
 40
0.000000000
 40
0.000000000
 40
0.000000000
 40
1.000000000
 40
1.000000000
 40
1.000000000
 40
1.000000000
 10
147.396282991
 20
225.644581869
 30
3.000000000
 10
147.177671828
 20
225.948736859
 30
3.000000000
 10
146.930539365
 20
226.233882161
 30
3.000000000
 10
146.683405801
 20
226.509522620
 30
3.000000000
  0
SPLINE
  5
AEA
330
A02
100
AcDbEntity
  8
Shape2DView
100
AcDbSpline
210
0
220
0
230
1
 70
8
 71
3
 72
8
 73
4
 74
0
 40
0.000000000
 40
0.000000000
 40
0.000000000
 40
0.000000000
 40
1.000000000
 40
1.000000000
 40
1.000000000
 40
1.000000000
 10
146.683405801
 20
226.509522620
 30
3.000000000
 10
146.664388664
 20
226.471503247
 30
3.000000000
 10
146.445700399
 20
226.110319197
 30
3.000000000
 10
146.407667226
 20
226.043785293
 30
3.000000000
  0
SPLINE
  5
AEB
330
A02
100
AcDbEntity
  8
Shape2DView
100
AcDbSpline
210
0
220
0
230
1
 70
8
 71
3
 72
8
 73
4
 74
0
 40
0.000000000
 40
0.000000000
 40
0.000000000
 40
0.000000000
 40
1.000000000
 40
1.000000000
 40
1.000000000
 40
1.000000000
 10
146.407667226
 20
226.043785293
 30
3.000000000
 10
146.369634054
 20
225.977251389
 30
3.000000000
 10
146.265051916
 20
225.872698111
 30
3.000000000
 10
146.084443085
 20
225.977251389
 30
3.000000000
  0
SPLINE
  5
AEC
330
A02
100
AcDbEntity
  8
Shape2DView
100
AcDbSpline
210
0
220
0
230
1
 70
8
 71
3
 72
8
 73
4
 74
0
 40
0.000000000
 40
0.000000000
 40
0.000000000
 40
0.000000000
 40
1.000000000
 40
1.000000000
 40
1.000000000
 40
1.000000000
 10
146.084443085
 20
225.977251389
 30
3.000000000
 10
145.903834254
 20
226.081804666
 30
3.000000000
 10
145.998922142
 20
226.290911222
 30
3.000000000
 10
145.998922142
 20
226.290911222
 30
3.000000000
  0
SPLINE
  5
AED
330
A02
100
AcDbEntity
  8
Shape2DView
100
AcDbSpline
210
0
220
0
230
1
 70
8
 71
1
 72
4
 73
2
 74
0
 40
0.000000000
 40
0.000000000
 40
7.209022125
 40
7.209022125
 10
145.998922142
 20
226.290911222
 30
3.000000000
 10
146.274679442
 20
226.918230887
 30
3.000000000
  0
SPLINE
  5
AEE
330
A02
100
AcDbEntity
  8
Shape2DView
100
AcDbSpline
210
0
220
0
230
1
 70
8
 71
3
 72
8
 73
4
 74
0
 40
0.000000000
 40
0.000000000
 40
0.000000000
 40
0.000000000
 40
1.000000000
 40
1.000000000
 40
1.000000000
 40
1.000000000
 10
146.274679442
 20
226.918230887
 30
3.000000000
 10
146.008530944
 20
227.174861659
 30
3.000000000
 10
145.713862247
 20
227.421987588
 30
3.000000000
 10
145.419191348
 20
227.650103830
 30
3.000000000
  0
SPLINE
  5
AEF
330
A02
100
AcDbEntity
  8
Shape2DView
100
AcDbSpline
210
0
220
0
230
1
 70
8
 71
3
 72
8
 73
4
 74
0
 40
0.000000000
 40
0.000000000
 40
0.000000000
 40
0.000000000
 40
1.000000000
 40
1.000000000
 40
1.000000000
 40
1.000000000
 10
145.419191348
 20
227.650103830
 30
3.000000000
 10
145.409680576
 20
227.612084456
 30
3.000000000
 10
145.257532465
 20
227.212881033
 30
3.000000000
 10
145.229005658
 20
227.146347129
 30
3.000000000
  0
SPLINE
  5
AF0
330
A02
100
AcDbEntity
  8
Shape2DView
100
AcDbSpline
210
0
220
0
230
1
 70
8
 71
3
 72
8
 73
4
 74
0
 40
0.000000000
 40
0.000000000
 40
0.000000000
 40
0.000000000
 40
1.000000000
 40
1.000000000
 40
1.000000000
 40
1.000000000
 10
145.229005658
 20
227.146347129
 30
3.000000000
 10
145.200477749
 20
227.070308382
 30
3.000000000
 10
145.114907241
 20
226.956250261
 30
3.000000000
 10
144.915281273
 20
227.022784165
 30
3.000000000
  0
SPLINE
  5
AF1
330
A02
100
AcDbEntity
  8
Shape2DView
100
AcDbSpline
210
0
220
0
230
1
 70
8
 71
3
 72
8
 73
4
 74
0
 40
0.000000000
 40
0.000000000
 40
0.000000000
 40
0.000000000
 40
1.000000000
 40
1.000000000
 40
1.000000000
 40
1.000000000
 10
144.915281273
 20
227.022784165
 30
3.000000000
 10
144.715656406
 20
227.098822912
 30
3.000000000
 10
144.782226299
 20
227.317434311
 30
3.000000000
 10
144.782226299
 20
227.317434311
 30
3.000000000
  0
SPLINE
  5
AF2
330
A02
100
AcDbEntity
  8
Shape2DView
100
AcDbSpline
210
0
220
0
230
1
 70
8
 71
1
 72
4
 73
2
 74
0
 40
0.000000000
 40
0.000000000
 40
7.203471385
 40
7.203471385
 10
144.782226299
 20
227.317434311
 30
3.000000000
 10
144.943911617
 20
227.982773350
 30
3.000000000
  0
SPLINE
  5
AF3
330
A02
100
AcDbEntity
  8
Shape2DView
100
AcDbSpline
210
0
220
0
230
1
 70
8
 71
2
 72
6
 73
3
 74
0
 40
0.000000000
 40
0.000000000
 40
0.000000000
 40
1.000000000
 40
1.000000000
 40
1.000000000
 10
144.943911617
 20
227.982773350
 30
3.000000000
 10
144.473382867
 20
228.296433182
 30
3.000000000
 10
143.974328410
 20
228.553063955
 30
3.000000000
  0
SPLINE
  5
AF4
330
A02
100
AcDbEntity
  8
Shape2DView
100
AcDbSpline
210
0
220
0
230
1
 70
8
 71
3
 72
8
 73
4
 74
0
 40
0.000000000
 40
0.000000000
 40
0.000000000
 40
0.000000000
 40
1.000000000
 40
1.000000000
 40
1.000000000
 40
1.000000000
 10
143.974328410
 20
228.553063955
 30
3.000000000
 10
143.974326208
 20
228.534054268
 30
3.000000000
 10
143.888718250
 20
228.096831471
 30
3.000000000
 10
143.879203072
 20
228.020792723
 30
3.000000000
  0
SPLINE
  5
AF5
330
A02
100
AcDbEntity
  8
Shape2DView
100
AcDbSpline
210
0
220
0
230
1
 70
8
 71
3
 72
8
 73
4
 74
0
 40
0.000000000
 40
0.000000000
 40
0.000000000
 40
0.000000000
 40
1.000000000
 40
1.000000000
 40
1.000000000
 40
1.000000000
 10
143.879203072
 20
228.020792723
 30
3.000000000
 10
143.860181529
 20
227.944753976
 30
3.000000000
 10
143.803127915
 20
227.811686168
 30
3.000000000
 10
143.593992277
 20
227.849705542
 30
3.000000000
  0
SPLINE
  5
AF6
330
A02
100
AcDbEntity
  8
Shape2DView
100
AcDbSpline
210
0
220
0
230
1
 70
8
 71
3
 72
8
 73
4
 74
0
 40
0.000000000
 40
0.000000000
 40
0.000000000
 40
0.000000000
 40
1.000000000
 40
1.000000000
 40
1.000000000
 40
1.000000000
 10
143.593992277
 20
227.849705542
 30
3.000000000
 10
143.384856639
 20
227.887724916
 30
3.000000000
 10
143.413402171
 20
228.115841158
 30
3.000000000
 10
143.413402171
 20
228.115841158
 30
3.000000000
  0
SPLINE
  5
AF7
330
A02
100
AcDbEntity
  8
Shape2DView
100
AcDbSpline
210
0
220
0
230
1
 70
8
 71
1
 72
4
 73
2
 74
0
 40
0.000000000
 40
0.000000000
 40
7.217340230
 40
7.217340230
 10
143.413402171
 20
228.115841158
 30
3.000000000
 10
143.461013304
 20
228.800189883
 30
3.000000000
  0
SPLINE
  5
AF8
330
A02
100
AcDbEntity
  8
Shape2DView
100
AcDbSpline
210
0
220
0
230
1
 70
8
 71
2
 72
6
 73
3
 74
0
 40
0.000000000
 40
0.000000000
 40
0.000000000
 40
1.000000000
 40
1.000000000
 40
1.000000000
 10
143.461013304
 20
228.800189883
 30
3.000000000
 10
142.919178275
 20
229.040187180
 30
3.000000000
 10
142.348815888
 20
229.208898150
 30
3.000000000
  0
SPLINE
  5
AF9
330
A02
100
AcDbEntity
  8
Shape2DView
100
AcDbSpline
210
0
220
0
230
1
 70
8
 71
1
 72
4
 73
2
 74
0
 40
0.000000000
 40
0.000000000
 40
5.700000000
 40
5.700000000
 10
142.348815888
 20
229.208898150
 30
3.000000000
 10
142.348753105
 20
228.667122076
 30
3.000000000
  0
SPLINE
  5
AFA
330
A02
100
AcDbEntity
  8
Shape2DView
100
AcDbSpline
210
0
220
0
230
1
 70
8
 71
3
 72
8
 73
4
 74
0
 40
0.000000000
 40
0.000000000
 40
0.000000000
 40
0.000000000
 40
1.000000000
 40
1.000000000
 40
1.000000000
 40
1.000000000
 10
142.348753105
 20
228.667122076
 30
3.000000000
 10
142.348752004
 20
228.657617232
 30
3.000000000
 10
142.348729975
 20
228.467520364
 30
3.000000000
 10
142.348728873
 20
228.458015521
 30
3.000000000
  0
SPLINE
  5
AFB
330
A02
100
AcDbEntity
  8
Shape2DView
100
AcDbSpline
210
0
220
0
230
1
 70
8
 71
1
 72
4
 73
2
 74
0
 40
0.000000000
 40
0.000000000
 40
24.021656895
 40
24.021656895
 10
142.348728873
 20
228.458015521
 30
3.000000000
 10
141.113123836
 20
230.377993891
 30
3.000000000
  0
SPLINE
  5
AFC
330
A02
100
AcDbEntity
  8
Shape2DView
100
AcDbSpline
210
0
220
0
230
1
 70
8
 71
3
 72
8
 73
4
 74
0
 40
0.000000000
 40
0.000000000
 40
0.000000000
 40
0.000000000
 40
1.000000000
 40
1.000000000
 40
1.000000000
 40
1.000000000
 10
141.113123836
 20
230.377993891
 30
3.000000000
 10
140.077118332
 20
232.003322115
 30
3.000000000
 10
138.584618928
 20
232.003322115
 30
3.000000000
 10
137.548236725
 20
230.377993891
 30
3.000000000
  0
SPLINE
  5
AFD
330
A02
100
AcDbEntity
  8
Shape2DView
100
AcDbSpline
210
0
220
0
230
1
 70
8
 71
1
 72
4
 73
2
 74
0
 40
0.000000000
 40
0.000000000
 40
14.480331488
 40
14.480331488
 10
137.548236725
 20
230.377993891
 30
3.000000000
 10
136.806605828
 20
229.218402994
 30
3.000000000
  0
SPLINE
  5
AFE
330
A02
100
AcDbEntity
  8
Shape2DView
100
AcDbSpline
210
0
220
0
230
1
 70
8
 71
1
 72
4
 73
2
 74
0
 40
0.000000000
 40
0.000000000
 40
0.707106781
 40
0.707106781
 10
136.806605828
 20
229.218402994
 30
3.000000000
 10
136.740062370
 20
229.227907837
 30
3.000000000
  0
SPLINE
  5
AFF
330
A02
100
AcDbEntity
  8
Shape2DView
100
AcDbSpline
210
0
220
0
230
1
 70
8
 71
2
 72
6
 73
3
 74
0
 40
0.000000000
 40
0.000000000
 40
0.000000000
 40
1.000000000
 40
1.000000000
 40
1.000000000
 10
136.740062370
 20
229.227907837
 30
3.000000000
 10
136.198180804
 20
229.066325499
 30
3.000000000
 10
135.684811726
 20
228.847714101
 30
3.000000000
  0
SPLINE
  5
B00
330
A02
100
AcDbEntity
  8
Shape2DView
100
AcDbSpline
210
0
220
0
230
1
 70
8
 71
3
 72
8
 73
4
 74
0
 40
0.000000000
 40
0.000000000
 40
0.000000000
 40
0.000000000
 40
1.000000000
 40
1.000000000
 40
1.000000000
 40
1.000000000
 10
135.684811726
 20
228.847714101
 30
3.000000000
 10
135.684811726
 20
228.847714101
 30
3.000000000
 10
135.979468307
 20
228.496034894
 30
3.000000000
 10
136.036498790
 20
228.429500990
 30
3.000000000
  0
SPLINE
  5
B01
330
A02
100
AcDbEntity
  8
Shape2DView
100
AcDbSpline
210
0
220
0
230
1
 70
8
 71
3
 72
8
 73
4
 74
0
 40
0.000000000
 40
0.000000000
 40
0.000000000
 40
0.000000000
 40
1.000000000
 40
1.000000000
 40
1.000000000
 40
1.000000000
 10
136.036498790
 20
228.429500990
 30
3.000000000
 10
136.084024010
 20
228.372471930
 30
3.000000000
 10
136.150553149
 20
228.239404122
 30
3.000000000
 10
135.988928411
 20
228.096831471
 30
3.000000000
  0
SPLINE
  5
B02
330
A02
100
AcDbEntity
  8
Shape2DView
100
AcDbSpline
210
0
220
0
230
1
 70
8
 71
3
 72
8
 73
4
 74
0
 40
0.000000000
 40
0.000000000
 40
0.000000000
 40
0.000000000
 40
1.000000000
 40
1.000000000
 40
1.000000000
 40
1.000000000
 10
135.988928411
 20
228.096831471
 30
3.000000000
 10
135.827304775
 20
227.963763663
 30
3.000000000
 10
135.665715284
 20
228.125346001
 30
3.000000000
 10
135.665715284
 20
228.125346001
 30
3.000000000
  0
SPLINE
  5
B03
330
A02
100
AcDbEntity
  8
Shape2DView
100
AcDbSpline
210
0
220
0
230
1
 70
8
 71
1
 72
4
 73
2
 74
0
 40
0.000000000
 40
0.000000000
 40
7.213875519
 40
7.213875519
 10
135.665715284
 20
228.125346001
 30
3.000000000
 10
135.171439344
 20
228.600588172
 30
3.000000000
  0
SPLINE
  5
B04
330
A02
100
AcDbEntity
  8
Shape2DView
100
AcDbSpline
210
0
220
0
230
1
 70
8
 71
3
 72
8
 73
4
 74
0
 40
0.000000000
 40
0.000000000
 40
0.000000000
 40
0.000000000
 40
1.000000000
 40
1.000000000
 40
1.000000000
 40
1.000000000
 10
135.171439344
 20
228.600588172
 30
3.000000000
 10
134.838696721
 20
228.429500990
 30
3.000000000
 10
134.505952996
 20
228.248908965
 30
3.000000000
 10
134.192218698
 20
228.039802410
 30
3.000000000
  0
SPLINE
  5
B05
330
A02
100
AcDbEntity
  8
Shape2DView
100
AcDbSpline
210
0
220
0
230
1
 70
8
 71
3
 72
8
 73
4
 74
0
 40
0.000000000
 40
0.000000000
 40
0.000000000
 40
0.000000000
 40
1.000000000
 40
1.000000000
 40
1.000000000
 40
1.000000000
 10
134.192218698
 20
228.039802410
 30
3.000000000
 10
134.211230328
 20
228.030297567
 30
3.000000000
 10
134.543920082
 20
227.745152264
 30
3.000000000
 10
134.600951667
 20
227.688123204
 30
3.000000000
  0
SPLINE
  5
B06
330
A02
100
AcDbEntity
  8
Shape2DView
100
AcDbSpline
210
0
220
0
230
1
 70
8
 71
3
 72
8
 73
4
 74
0
 40
0.000000000
 40
0.000000000
 40
0.000000000
 40
0.000000000
 40
1.000000000
 40
1.000000000
 40
1.000000000
 40
1.000000000
 10
134.600951667
 20
227.688123204
 30
3.000000000
 10
134.657984353
 20
227.640598987
 30
3.000000000
 10
134.743527325
 20
227.517036022
 30
3.000000000
 10
134.610419481
 20
227.355453684
 30
3.000000000
  0
SPLINE
  5
B07
330
A02
100
AcDbEntity
  8
Shape2DView
100
AcDbSpline
210
0
220
0
230
1
 70
8
 71
3
 72
8
 73
4
 74
0
 40
0.000000000
 40
0.000000000
 40
0.000000000
 40
0.000000000
 40
1.000000000
 40
1.000000000
 40
1.000000000
 40
1.000000000
 10
134.610419481
 20
227.355453684
 30
3.000000000
 10
134.477311637
 20
227.193871346
 30
3.000000000
 10
134.287199745
 20
227.326939154
 30
3.000000000
 10
134.287199745
 20
227.326939154
 30
3.000000000
  0
SPLINE
  5
B08
330
A02
100
AcDbEntity
  8
Shape2DView
100
AcDbSpline
210
0
220
0
230
1
 70
8
 71
1
 72
4
 73
2
 74
0
 40
0.000000000
 40
0.000000000
 40
7.211102551
 40
7.211102551
 10
134.287199745
 20
227.326939154
 30
3.000000000
 10
133.716861866
 20
227.707132891
 30
3.000000000
  0
SPLINE
  5
B09
330
A02
100
AcDbEntity
  8
Shape2DView
100
AcDbSpline
210
0
220
0
230
1
 70
8
 71
3
 72
8
 73
4
 74
0
 40
0.000000000
 40
0.000000000
 40
0.000000000
 40
0.000000000
 40
1.000000000
 40
1.000000000
 40
1.000000000
 40
1.000000000
 10
133.716861866
 20
227.707132891
 30
3.000000000
 10
133.412632832
 20
227.488521492
 30
3.000000000
 10
133.127413225
 20
227.241395563
 30
3.000000000
 10
132.851699984
 20
226.994269634
 30
3.000000000
  0
SPLINE
  5
B0A
330
A02
100
AcDbEntity
  8
Shape2DView
100
AcDbSpline
210
0
220
0
230
1
 70
8
 71
3
 72
8
 73
4
 74
0
 40
0.000000000
 40
0.000000000
 40
0.000000000
 40
0.000000000
 40
1.000000000
 40
1.000000000
 40
1.000000000
 40
1.000000000
 10
132.851699984
 20
226.994269634
 30
3.000000000
 10
132.889723244
 20
226.975259948
 30
3.000000000
 10
133.250939804
 20
226.756648549
 30
3.000000000
 10
133.317479958
 20
226.718629175
 30
3.000000000
  0
SPLINE
  5
B0B
330
A02
100
AcDbEntity
  8
Shape2DView
100
AcDbSpline
210
0
220
0
230
1
 70
8
 71
3
 72
8
 73
4
 74
0
 40
0.000000000
 40
0.000000000
 40
0.000000000
 40
0.000000000
 40
1.000000000
 40
1.000000000
 40
1.000000000
 40
1.000000000
 10
133.317479958
 20
226.718629175
 30
3.000000000
 10
133.384020111
 20
226.680609802
 30
3.000000000
 10
133.488578017
 20
226.576056524
 30
3.000000000
 10
133.383987067
 20
226.395464499
 30
3.000000000
  0
SPLINE
  5
B0C
330
A02
100
AcDbEntity
  8
Shape2DView
100
AcDbSpline
210
0
220
0
230
1
 70
8
 71
3
 72
8
 73
4
 74
0
 40
0.000000000
 40
0.000000000
 40
0.000000000
 40
0.000000000
 40
1.000000000
 40
1.000000000
 40
1.000000000
 40
1.000000000
 10
133.383987067
 20
226.395464499
 30
3.000000000
 10
133.279396118
 20
226.214872474
 30
3.000000000
 10
133.070267088
 20
226.309920908
 30
3.000000000
 10
133.070267088
 20
226.309920908
 30
3.000000000
  0
SPLINE
  5
B0D
330
A02
100
AcDbEntity
  8
Shape2DView
100
AcDbSpline
210
0
220
0
230
1
 70
8
 71
1
 72
4
 73
2
 74
0
 40
0.000000000
 40
0.000000000
 40
7.209022125
 40
7.209022125
 10
133.070267088
 20
226.309920908
 30
3.000000000
 10
132.442878899
 20
226.585561368
 30
3.000000000
  0
SPLINE
  5
B0E
330
A02
100
AcDbEntity
  8
Shape2DView
100
AcDbSpline
210
0
220
0
230
1
 70
8
 71
3
 72
8
 73
4
 74
0
 40
0.000000000
 40
0.000000000
 40
0.000000000
 40
0.000000000
 40
1.000000000
 40
1.000000000
 40
1.000000000
 40
1.000000000
 10
132.442878899
 20
226.585561368
 30
3.000000000
 10
132.186176186
 20
226.319425752
 30
3.000000000
 10
131.938976535
 20
226.024775606
 30
3.000000000
 10
131.710789614
 20
225.730125460
 30
3.000000000
  0
SPLINE
  5
B0F
330
A02
100
AcDbEntity
  8
Shape2DView
100
AcDbSpline
210
0
220
0
230
1
 70
8
 71
3
 72
8
 73
4
 74
0
 40
0.000000000
 40
0.000000000
 40
0.000000000
 40
0.000000000
 40
1.000000000
 40
1.000000000
 40
1.000000000
 40
1.000000000
 10
131.710789614
 20
225.730125460
 30
3.000000000
 10
131.748813975
 20
225.720620617
 30
3.000000000
 10
132.148063709
 20
225.568543122
 30
3.000000000
 10
132.214604964
 20
225.540028592
 30
3.000000000
  0
SPLINE
  5
B10
330
A02
100
AcDbEntity
  8
Shape2DView
100
AcDbSpline
210
0
220
0
230
1
 70
8
 71
3
 72
8
 73
4
 74
0
 40
0.000000000
 40
0.000000000
 40
0.000000000
 40
0.000000000
 40
1.000000000
 40
1.000000000
 40
1.000000000
 40
1.000000000
 10
132.214604964
 20
225.540028592
 30
3.000000000
 10
132.290652584
 20
225.511514061
 30
3.000000000
 10
132.404719059
 20
225.425970471
 30
3.000000000
 10
132.338151369
 20
225.226368759
 30
3.000000000
  0
SPLINE
  5
B11
330
A02
100
AcDbEntity
  8
Shape2DView
100
AcDbSpline
210
0
220
0
230
1
 70
8
 71
3
 72
8
 73
4
 74
0
 40
0.000000000
 40
0.000000000
 40
0.000000000
 40
0.000000000
 40
1.000000000
 40
1.000000000
 40
1.000000000
 40
1.000000000
 10
132.338151369
 20
225.226368759
 30
3.000000000
 10
132.262077313
 20
225.026767047
 30
3.000000000
 10
132.043438614
 20
225.093300951
 30
3.000000000
 10
132.043438614
 20
225.093300951
 30
3.000000000
  0
SPLINE
  5
B12
330
A02
100
AcDbEntity
  8
Shape2DView
100
AcDbSpline
210
0
220
0
230
1
 70
8
 71
1
 72
4
 73
2
 74
0
 40
0.000000000
 40
0.000000000
 40
7.203471385
 40
7.203471385
 10
132.043438614
 20
225.093300951
 30
3.000000000
 10
131.378011744
 20
225.254883289
 30
3.000000000
  0
SPLINE
  5
B13
330
A02
100
AcDbEntity
  8
Shape2DView
100
AcDbSpline
210
0
220
0
230
1
 70
8
 71
2
 72
6
 73
3
 74
0
 40
0.000000000
 40
0.000000000
 40
0.000000000
 40
1.000000000
 40
1.000000000
 40
1.000000000
 10
131.378011744
 20
225.254883289
 30
3.000000000
 10
131.064247156
 20
224.784393540
 30
3.000000000
 10
130.807517458
 20
224.285389261
 30
3.000000000
  0
SPLINE
  5
B14
330
A02
100
AcDbEntity
  8
Shape2DView
100
AcDbSpline
210
0
220
0
230
1
 70
8
 71
3
 72
8
 73
4
 74
0
 40
0.000000000
 40
0.000000000
 40
0.000000000
 40
0.000000000
 40
1.000000000
 40
1.000000000
 40
1.000000000
 40
1.000000000
 10
130.807517458
 20
224.285389261
 30
3.000000000
 10
130.817023823
 20
224.285389261
 30
3.000000000
 10
131.263813095
 20
224.199845670
 30
3.000000000
 10
131.339862918
 20
224.190340827
 30
3.000000000
  0
SPLINE
  5
B15
330
A02
100
AcDbEntity
  8
Shape2DView
100
AcDbSpline
210
0
220
0
230
1
 70
8
 71
3
 72
8
 73
4
 74
0
 40
0.000000000
 40
0.000000000
 40
0.000000000
 40
0.000000000
 40
1.000000000
 40
1.000000000
 40
1.000000000
 40
1.000000000
 10
131.339862918
 20
224.190340827
 30
3.000000000
 10
131.415911640
 20
224.171331140
 30
3.000000000
 10
131.548994151
 20
224.114302079
 30
3.000000000
 10
131.510944456
 20
223.905195524
 30
3.000000000
  0
SPLINE
  5
B16
330
A02
100
AcDbEntity
  8
Shape2DView
100
AcDbSpline
210
0
220
0
230
1
 70
8
 71
3
 72
8
 73
4
 74
0
 40
0.000000000
 40
0.000000000
 40
0.000000000
 40
0.000000000
 40
1.000000000
 40
1.000000000
 40
1.000000000
 40
1.000000000
 10
131.510944456
 20
223.905195524
 30
3.000000000
 10
131.472894761
 20
223.696088969
 30
3.000000000
 10
131.244745291
 20
223.724603499
 30
3.000000000
 10
131.244745291
 20
223.724603499
 30
3.000000000
  0
SPLINE
  5
B17
330
A02
100
AcDbEntity
  8
Shape2DView
100
AcDbSpline
210
0
220
0
230
1
 70
8
 71
1
 72
4
 73
2
 74
0
 40
0.000000000
 40
0.000000000
 40
7.217340230
 40
7.217340230
 10
131.244745291
 20
223.724603499
 30
3.000000000
 10
130.560292472
 20
223.772127716
 30
3.000000000
  0
SPLINE
  5
B18
330
A02
100
AcDbEntity
  8
Shape2DView
100
AcDbSpline
210
0
220
0
230
1
 70
8
 71
2
 72
6
 73
3
 74
0
 40
0.000000000
 40
0.000000000
 40
0.000000000
 40
1.000000000
 40
1.000000000
 40
1.000000000
 10
130.560292472
 20
223.772127716
 30
3.000000000
 10
130.320193957
 20
223.230351642
 30
3.000000000
 10
130.151389880
 20
222.660061037
 30
3.000000000
  0
SPLINE
  5
B19
330
A02
100
AcDbEntity
  8
Shape2DView
100
AcDbSpline
210
0
220
0
230
1
 70
8
 71
1
 72
4
 73
2
 74
0
 40
0.000000000
 40
0.000000000
 40
5.700000000
 40
5.700000000
 10
130.151389880
 20
222.660061037
 30
3.000000000
 10
130.693252721
 20
222.660061037
 30
3.000000000
  0
SPLINE
  5
B1A
330
A02
100
AcDbEntity
  8
Shape2DView
100
AcDbSpline
210
0
220
0
230
1
 70
8
 71
3
 72
8
 73
4
 74
0
 40
0.000000000
 40
0.000000000
 40
0.000000000
 40
0.000000000
 40
1.000000000
 40
1.000000000
 40
1.000000000
 40
1.000000000
 10
130.693252721
 20
222.660061037
 30
3.000000000
 10
130.769303646
 20
222.660061037
 30
3.000000000
 10
130.911894724
 20
222.622041663
 30
3.000000000
 10
130.911870492
 20
222.412935108
 30
3.000000000
  0
SPLINE
  5
B1B
330
A02
100
AcDbEntity
  8
Shape2DView
100
AcDbSpline
210
0
220
0
230
1
 70
8
 71
3
 72
8
 73
4
 74
0
 40
0.000000000
 40
0.000000000
 40
0.000000000
 40
0.000000000
 40
1.000000000
 40
1.000000000
 40
1.000000000
 40
1.000000000
 10
130.911870492
 20
222.412935108
 30
3.000000000
 10
130.911846260
 20
222.203828553
 30
3.000000000
 10
130.683691282
 20
222.184818866
 30
3.000000000
 10
130.683691282
 20
222.184818866
 30
3.000000000
  0
SPLINE
  5
B1C
330
A02
100
AcDbEntity
  8
Shape2DView
100
AcDbSpline
210
0
220
0
230
1
 70
8
 71
1
 72
4
 73
2
 74
0
 40
0.000000000
 40
0.000000000
 40
7.244308111
 40
7.244308111
 10
130.683691282
 20
222.184818866
 30
3.000000000
 10
129.999224145
 20
222.108780118
 30
3.000000000
  0
SPLINE
  5
B1D
330
A02
100
AcDbEntity
  8
Shape2DView
100
AcDbSpline
210
0
220
0
230
1
 70
8
 71
2
 72
6
 73
3
 74
0
 40
0.000000000
 40
0.000000000
 40
0.000000000
 40
1.000000000
 40
1.000000000
 40
1.000000000
 10
129.999224145
 20
222.108780118
 30
3.000000000
 10
129.870825150
 20
221.564627833
 30
3.000000000
 10
129.799462697
 20
221.006218282
 30
3.000000000
  0
SPLINE
  5
B1E
330
A02
100
AcDbEntity
  8
Shape2DView
100
AcDbSpline
210
0
220
0
230
1
 70
8
 71
3
 72
8
 73
4
 74
0
 40
0.000000000
 40
0.000000000
 40
0.000000000
 40
0.000000000
 40
1.000000000
 40
1.000000000
 40
1.000000000
 40
1.000000000
 10
129.799462697
 20
221.006218282
 30
3.000000000
 10
129.827982896
 20
221.015723126
 30
3.000000000
 10
130.255777059
 20
221.082257030
 30
3.000000000
 10
130.331830187
 20
221.101266716
 30
3.000000000
  0
SPLINE
  5
B1F
330
A02
100
AcDbEntity
  8
Shape2DView
100
AcDbSpline
210
0
220
0
230
1
 70
8
 71
3
 72
8
 73
4
 74
0
 40
0.000000000
 40
0.000000000
 40
0.000000000
 40
0.000000000
 40
1.000000000
 40
1.000000000
 40
1.000000000
 40
1.000000000
 10
130.331830187
 20
221.101266716
 30
3.000000000
 10
130.407882214
 20
221.110771560
 30
3.000000000
 10
130.531463865
 20
221.101266716
 30
3.000000000
 10
130.578976969
 20
220.939684378
 30
3.000000000
  0
SPLINE
  5
B20
330
A02
100
AcDbEntity
  8
Shape2DView
100
AcDbSpline
210
0
220
0
230
1
 70
8
 71
1
 72
4
 73
2
 74
0
 40
0.000000000
 40
0.000000000
 40
8.956003573
 40
8.956003573
 10
130.578976969
 20
220.939684378
 30
3.000000000
 10
131.425032495
 20
220.844635944
 30
3.000000000
  0
SPLINE
  5
B21
330
A02
100
AcDbEntity
  8
Shape2DView
100
AcDbSpline
210
0
220
0
230
1
 70
8
 71
1
 72
4
 73
2
 74
0
 40
0.000000000
 40
0.000000000
 40
2.830194340
 40
2.830194340
 10
131.425032495
 20
220.844635944
 30
3.000000000
 10
131.282410576
 20
220.616519702
 30
3.000000000
  0
SPLINE
  5
B22
330
A02
100
AcDbEntity
  8
Shape2DView
100
AcDbSpline
210
0
220
0
230
1
 70
8
 71
1
 72
4
 73
2
 74
0
 40
0.000000000
 40
0.000000000
 40
8.050465825
 40
8.050465825
 10
131.282410576
 20
220.616519702
 30
3.000000000
 10
130.521911239
 20
220.702063293
 30
3.000000000
  0
SPLINE
  5
B23
330
A02
100
AcDbEntity
  8
Shape2DView
100
AcDbSpline
210
0
220
0
230
1
 70
8
 71
3
 72
8
 73
4
 74
0
 40
0.000000000
 40
0.000000000
 40
0.000000000
 40
0.000000000
 40
1.000000000
 40
1.000000000
 40
1.000000000
 40
1.000000000
 10
130.521911239
 20
220.702063293
 30
3.000000000
 10
130.464866436
 20
220.645034232
 30
3.000000000
 10
130.398319674
 20
220.626024546
 30
3.000000000
 10
130.398319674
 20
220.626024546
 30
3.000000000
  0
SPLINE
  5
B24
330
A02
100
AcDbEntity
  8
Shape2DView
100
AcDbSpline
210
0
220
0
230
1
 70
8
 71
1
 72
4
 73
2
 74
0
 40
0.000000000
 40
0.000000000
 40
7.212489168
 40
7.212489168
 10
130.398319674
 20
220.626024546
 30
3.000000000
 10
129.742357315
 20
220.426422834
 30
3.000000000
  0
SPLINE
  5
B25
330
A02
100
AcDbEntity
  8
Shape2DView
100
AcDbSpline
210
0
220
0
230
1
 70
8
 71
3
 72
8
 73
4
 74
0
 40
0.000000000
 40
0.000000000
 40
0.000000000
 40
0.000000000
 40
1.000000000
 40
1.000000000
 40
1.000000000
 40
1.000000000
 10
129.742357315
 20
220.426422834
 30
3.000000000
 10
129.732827818
 20
220.226821122
 30
3.000000000
 10
129.723299423
 20
220.036724254
 30
3.000000000
 10
129.723276293
 20
219.837122542
 30
3.000000000
  0
SPLINE
  5
B26
330
A02
100
AcDbEntity
  8
Shape2DView
100
AcDbSpline
210
0
220
0
230
1
 70
8
 71
3
 72
8
 73
4
 74
0
 40
0.000000000
 40
0.000000000
 40
0.000000000
 40
0.000000000
 40
1.000000000
 40
1.000000000
 40
1.000000000
 40
1.000000000
 10
129.723276293
 20
219.837122542
 30
3.000000000
 10
129.723255365
 20
219.656530517
 30
3.000000000
 10
129.732741904
 20
219.485443336
 30
3.000000000
 10
129.742227342
 20
219.304851311
 30
3.000000000
  0
SPLINE
  5
B27
330
A02
100
AcDbEntity
  8
Shape2DView
100
AcDbSpline
210
0
220
0
230
1
 70
8
 71
3
 72
8
 73
4
 74
0
 40
0.000000000
 40
0.000000000
 40
0.000000000
 40
0.000000000
 40
1.000000000
 40
1.000000000
 40
1.000000000
 40
1.000000000
 10
129.742227342
 20
219.304851311
 30
3.000000000
 10
129.780253906
 20
219.314356154
 30
3.000000000
 10
130.179538886
 20
219.466433649
 30
3.000000000
 10
130.246085648
 20
219.485443336
 30
3.000000000
  0
SPLINE
  5
B28
330
A02
100
AcDbEntity
  8
Shape2DView
100
AcDbSpline
210
0
220
0
230
1
 70
8
 71
3
 72
8
 73
4
 74
0
 40
0.000000000
 40
0.000000000
 40
0.000000000
 40
0.000000000
 40
1.000000000
 40
1.000000000
 40
1.000000000
 40
1.000000000
 10
130.246085648
 20
219.485443336
 30
3.000000000
 10
130.312632411
 20
219.504453022
 30
3.000000000
 10
130.426711001
 20
219.523462709
 30
3.000000000
 10
130.502746506
 20
219.390394901
 30
3.000000000
  0
SPLINE
  5
B29
330
A02
100
AcDbEntity
  8
Shape2DView
100
AcDbSpline
210
0
220
0
230
1
 70
8
 71
1
 72
4
 73
2
 74
0
 40
0.000000000
 40
0.000000000
 40
5.575840744
 40
5.575840744
 10
130.502746506
 20
219.390394901
 30
3.000000000
 10
130.217503768
 20
218.943667261
 30
3.000000000
  0
SPLINE
  5
B2A
330
A02
100
AcDbEntity
  8
Shape2DView
100
AcDbSpline
210
0
220
0
230
1
 70
8
 71
1
 72
4
 73
2
 74
0
 40
0.000000000
 40
0.000000000
 40
5.142956348
 40
5.142956348
 10
130.217503768
 20
218.943667261
 30
3.000000000
 10
129.780185616
 20
218.725055862
 30
3.000000000
  0
SPLINE
  5
B2B
330
A02
100
AcDbEntity
  8
Shape2DView
100
AcDbSpline
210
0
220
0
230
1
 70
8
 71
3
 72
8
 73
4
 74
0
 40
0.000000000
 40
0.000000000
 40
0.000000000
 40
0.000000000
 40
1.000000000
 40
1.000000000
 40
1.000000000
 40
1.000000000
 10
129.780185616
 20
218.725055862
 30
3.000000000
 10
129.799182927
 20
218.591988054
 30
3.000000000
 10
129.808674973
 20
218.468425090
 30
3.000000000
 10
129.837178650
 20
218.335357282
 30
3.000000000
  0
SPLINE
  5
B2C
330
A02
100
AcDbEntity
  8
Shape2DView
100
AcDbSpline
210
0
220
0
230
1
 70
8
 71
1
 72
4
 73
2
 74
0
 40
0.000000000
 40
0.000000000
 40
42.973131140
 40
42.973131140
 10
129.837178650
 20
218.335357282
 30
3.000000000
 10
127.650314725
 20
214.885099122
 30
3.000000000
  0
SPLINE
  5
B2D
330
A02
100
AcDbEntity
  8
Shape2DView
100
AcDbSpline
210
0
220
0
230
1
 70
8
 71
3
 72
8
 73
4
 74
0
 40
0.000000000
 40
0.000000000
 40
0.000000000
 40
0.000000000
 40
1.000000000
 40
1.000000000
 40
1.000000000
 40
1.000000000
 10
127.650314725
 20
214.885099122
 30
3.000000000
 10
126.613932522
 20
213.259770898
 30
3.000000000
 10
127.345768471
 20
211.929092820
 30
3.000000000
 10
129.275560694
 20
211.929092820
 30
3.000000000
  0
SPLINE
  5
B2E
330
A02
100
AcDbEntity
  8
Shape2DView
100
AcDbSpline
210
0
220
0
230
1
 70
8
 71
1
 72
4
 73
2
 74
0
 40
0.000000000
 40
0.000000000
 40
51.200000000
 40
51.200000000
 10
129.275560694
 20
211.929092820
 30
3.000000000
 10
134.142819896
 20
211.929092820
 30
3.000000000
  0
SPLINE
  5
B2F
330
A02
100
AcDbEntity
  8
Shape2DView
100
AcDbSpline
210
0
220
0
230
1
 70
8
 71
1
 72
4
 73
2
 74
0
 40
0.000000000
 40
0.000000000
 40
2.668332813
 40
2.668332813
 10
134.142819896
 20
211.929092820
 30
3.000000000
 10
134.085753065
 20
211.681966891
 30
3.000000000
  0
SPLINE
  5
B30
330
A02
100
AcDbEntity
  8
Shape2DView
100
AcDbSpline
210
0
220
0
230
1
 70
8
 71
2
 72
6
 73
3
 74
0
 40
0.000000000
 40
0.000000000
 40
0.000000000
 40
1.000000000
 40
1.000000000
 40
1.000000000
 10
134.085753065
 20
211.681966891
 30
3.000000000
 10
134.556281815
 20
211.368307058
 30
3.000000000
 10
135.055336271
 20
211.111676286
 30
3.000000000
  0
SPLINE
  5
B31
330
A02
100
AcDbEntity
  8
Shape2DView
100
AcDbSpline
210
0
220
0
230
1
 70
8
 71
3
 72
8
 73
4
 74
0
 40
0.000000000
 40
0.000000000
 40
0.000000000
 40
0.000000000
 40
1.000000000
 40
1.000000000
 40
1.000000000
 40
1.000000000
 10
135.055336271
 20
211.111676286
 30
3.000000000
 10
135.055337373
 20
211.121181129
 30
3.000000000
 10
135.140946432
 20
211.567908770
 30
3.000000000
 10
135.150461609
 20
211.643947517
 30
3.000000000
  0
SPLINE
  5
B32
330
A02
100
AcDbEntity
  8
Shape2DView
100
AcDbSpline
210
0
220
0
230
1
 70
8
 71
3
 72
8
 73
4
 74
0
 40
0.000000000
 40
0.000000000
 40
0.000000000
 40
0.000000000
 40
1.000000000
 40
1.000000000
 40
1.000000000
 40
1.000000000
 10
135.150461609
 20
211.643947517
 30
3.000000000
 10
135.159976787
 20
211.719986265
 30
3.000000000
 10
135.226536767
 20
211.853054072
 30
3.000000000
 10
135.435672405
 20
211.815034699
 30
3.000000000
  0
SPLINE
  5
B33
330
A02
100
AcDbEntity
  8
Shape2DView
100
AcDbSpline
210
0
220
0
230
1
 70
8
 71
3
 72
8
 73
4
 74
0
 40
0.000000000
 40
0.000000000
 40
0.000000000
 40
0.000000000
 40
1.000000000
 40
1.000000000
 40
1.000000000
 40
1.000000000
 10
135.435672405
 20
211.815034699
 30
3.000000000
 10
135.644808043
 20
211.777015325
 30
3.000000000
 10
135.616262511
 20
211.548899083
 30
3.000000000
 10
135.616262511
 20
211.548899083
 30
3.000000000
  0
SPLINE
  5
B34
330
A02
100
AcDbEntity
  8
Shape2DView
100
AcDbSpline
210
0
220
0
230
1
 70
8
 71
1
 72
4
 73
2
 74
0
 40
0.000000000
 40
0.000000000
 40
7.217340230
 40
7.217340230
 10
135.616262511
 20
211.548899083
 30
3.000000000
 10
135.568651377
 20
210.864550357
 30
3.000000000
  0
SPLINE
  5
B35
330
A02
100
AcDbEntity
  8
Shape2DView
100
AcDbSpline
210
0
220
0
230
1
 70
8
 71
2
 72
6
 73
3
 74
0
 40
0.000000000
 40
0.000000000
 40
0.000000000
 40
1.000000000
 40
1.000000000
 40
1.000000000
 10
135.568651377
 20
210.864550357
 30
3.000000000
 10
136.110486407
 20
210.624553061
 30
3.000000000
 10
136.680848793
 20
210.455842090
 30
3.000000000
  0
SPLINE
  5
B36
330
A02
100
AcDbEntity
  8
Shape2DView
100
AcDbSpline
210
0
220
0
230
1
 70
8
 71
1
 72
4
 73
2
 74
0
 40
0.000000000
 40
0.000000000
 40
5.700000000
 40
5.700000000
 10
136.680848793
 20
210.455842090
 30
3.000000000
 10
136.680911577
 20
210.997618165
 30
3.000000000
  0
SPLINE
  5
B37
330
A02
100
AcDbEntity
  8
Shape2DView
100
AcDbSpline
210
0
220
0
230
1
 70
8
 71
3
 72
8
 73
4
 74
0
 40
0.000000000
 40
0.000000000
 40
0.000000000
 40
0.000000000
 40
1.000000000
 40
1.000000000
 40
1.000000000
 40
1.000000000
 10
136.680911577
 20
210.997618165
 30
3.000000000
 10
136.680920388
 20
211.073656912
 30
3.000000000
 10
136.718962373
 20
211.216229564
 30
3.000000000
 10
136.928102417
 20
211.216229564
 30
3.000000000
  0
SPLINE
  5
B38
330
A02
100
AcDbEntity
  8
Shape2DView
100
AcDbSpline
210
0
220
0
230
1
 70
8
 71
3
 72
8
 73
4
 74
0
 40
0.000000000
 40
0.000000000
 40
0.000000000
 40
0.000000000
 40
1.000000000
 40
1.000000000
 40
1.000000000
 40
1.000000000
 10
136.928102417
 20
211.216229564
 30
3.000000000
 10
137.137242460
 20
211.216229564
 30
3.000000000
 10
137.156228757
 20
210.988113322
 30
3.000000000
 10
137.156228757
 20
210.988113322
 30
3.000000000
  0
SPLINE
  5
B39
330
A02
100
AcDbEntity
  8
Shape2DView
100
AcDbSpline
210
0
220
0
230
1
 70
8
 71
1
 72
4
 73
2
 74
0
 40
0.000000000
 40
0.000000000
 40
7.244308111
 40
7.244308111
 10
137.156228757
 20
210.988113322
 30
3.000000000
 10
137.232200377
 20
210.303764596
 30
3.000000000
  0
SPLINE
  5
B3A
330
A02
100
AcDbEntity
  8
Shape2DView
100
AcDbSpline
210
0
220
0
230
1
 70
8
 71
2
 72
6
 73
3
 74
0
 40
0.000000000
 40
0.000000000
 40
0.000000000
 40
1.000000000
 40
1.000000000
 40
1.000000000
 10
137.232200377
 20
210.303764596
 30
3.000000000
 10
137.776424939
 20
210.175449209
 30
3.000000000
 10
138.334915659
 20
210.104162884
 30
3.000000000
  0
SPLINE
  5
B3B
330
A02
100
AcDbEntity
  8
Shape2DView
100
AcDbSpline
210
0
220
0
230
1
 70
8
 71
3
 72
8
 73
4
 74
0
 40
0.000000000
 40
0.000000000
 40
0.000000000
 40
0.000000000
 40
1.000000000
 40
1.000000000
 40
1.000000000
 40
1.000000000
 10
138.334915659
 20
210.104162884
 30
3.000000000
 10
138.325412598
 20
210.132677414
 30
3.000000000
 10
138.258917604
 20
210.560395368
 30
3.000000000
 10
138.239913684
 20
210.636434115
 30
3.000000000
  0
SPLINE
  5
B3C
330
A02
100
AcDbEntity
  8
Shape2DView
100
AcDbSpline
210
0
220
0
230
1
 70
8
 71
3
 72
8
 73
4
 74
0
 40
0.000000000
 40
0.000000000
 40
0.000000000
 40
0.000000000
 40
1.000000000
 40
1.000000000
 40
1.000000000
 40
1.000000000
 10
138.239913684
 20
210.636434115
 30
3.000000000
 10
138.230416131
 20
210.712472862
 30
3.000000000
 10
138.239936815
 20
210.836035827
 30
3.000000000
 10
138.401550538
 20
210.883560044
 30
3.000000000
  0
SPLINE
  5
B3D
330
A02
100
AcDbEntity
  8
Shape2DView
100
AcDbSpline
210
0
220
0
230
1
 70
8
 71
1
 72
4
 73
2
 74
0
 40
0.000000000
 40
0.000000000
 40
11.065260955
 40
11.065260955
 10
138.401550538
 20
210.883560044
 30
3.000000000
 10
138.515748086
 20
211.929092820
 30
3.000000000
  0
SPLINE
  5
B3E
330
A02
100
AcDbEntity
  8
Shape2DView
100
AcDbSpline
210
0
220
0
230
1
 70
8
 71
1
 72
4
 73
2
 74
0
 40
0.000000000
 40
0.000000000
 40
2.500000000
 40
2.500000000
 10
138.515748086
 20
211.929092820
 30
3.000000000
 10
138.753407227
 20
211.929092820
 30
3.000000000
  0
SPLINE
  5
B3F
330
A02
100
AcDbEntity
  8
Shape2DView
100
AcDbSpline
210
0
220
0
230
1
 70
8
 71
1
 72
4
 73
2
 74
0
 40
0.000000000
 40
0.000000000
 40
11.573245007
 40
11.573245007
 10
138.753407227
 20
211.929092820
 30
3.000000000
 10
138.629697806
 20
210.836035827
 30
3.000000000
  0
SPLINE
  5
B40
330
A02
100
AcDbEntity
  8
Shape2DView
100
AcDbSpline
210
0
220
0
230
1
 70
8
 71
3
 72
8
 73
4
 74
0
 40
0.000000000
 40
0.000000000
 40
0.000000000
 40
0.000000000
 40
1.000000000
 40
1.000000000
 40
1.000000000
 40
1.000000000
 10
138.629697806
 20
210.836035827
 30
3.000000000
 10
138.686729391
 20
210.779006766
 30
3.000000000
 10
138.705734412
 20
210.712472862
 30
3.000000000
 10
138.705734412
 20
210.712472862
 30
3.000000000
  0
SPLINE
  5
B41
330
A02
100
AcDbEntity
  8
Shape2DView
100
AcDbSpline
210
0
220
0
230
1
 70
8
 71
1
 72
4
 73
2
 74
0
 40
0.000000000
 40
0.000000000
 40
7.184010022
 40
7.184010022
 10
138.705734412
 20
210.712472862
 30
3.000000000
 10
138.895785724
 20
210.056638667
 30
3.000000000
  0
SPLINE
  5
B42
330
A02
100
AcDbEntity
  8
Shape2DView
100
AcDbSpline
210
0
220
0
230
1
 70
8
 71
3
 72
8
 73
4
 74
0
 40
0.000000000
 40
0.000000000
 40
0.000000000
 40
0.000000000
 40
1.000000000
 40
1.000000000
 40
1.000000000
 40
1.000000000
 10
138.895785724
 20
210.056638667
 30
3.000000000
 10
139.095418301
 20
210.047133823
 30
3.000000000
 10
139.285544512
 20
210.037628980
 30
3.000000000
 10
139.485178190
 20
210.037628980
 30
3.000000000
  0
SPLINE
  5
B43
330
A02
100
AcDbEntity
  8
Shape2DView
100
AcDbSpline
210
0
220
0
230
1
 70
8
 71
3
 72
8
 73
4
 74
0
 40
0.000000000
 40
0.000000000
 40
0.000000000
 40
0.000000000
 40
1.000000000
 40
1.000000000
 40
1.000000000
 40
1.000000000
 10
139.485178190
 20
210.037628980
 30
3.000000000
 10
139.665799137
 20
210.037628980
 30
3.000000000
 10
139.836914820
 20
210.047133823
 30
3.000000000
 10
140.017536868
 20
210.056638667
 30
3.000000000
  0
SPLINE
  5
B44
330
A02
100
AcDbEntity
  8
Shape2DView
100
AcDbSpline
210
0
220
0
230
1
 70
8
 71
3
 72
8
 73
4
 74
0
 40
0.000000000
 40
0.000000000
 40
0.000000000
 40
0.000000000
 40
1.000000000
 40
1.000000000
 40
1.000000000
 40
1.000000000
 10
140.017536868
 20
210.056638667
 30
3.000000000
 10
140.008034908
 20
210.094658040
 30
3.000000000
 10
139.855979320
 20
210.493861464
 30
3.000000000
 10
139.836974299
 20
210.560395368
 30
3.000000000
  0
SPLINE
  5
B45
330
A02
100
AcDbEntity
  8
Shape2DView
100
AcDbSpline
210
0
220
0
230
1
 70
8
 71
3
 72
8
 73
4
 74
0
 40
0.000000000
 40
0.000000000
 40
0.000000000
 40
0.000000000
 40
1.000000000
 40
1.000000000
 40
1.000000000
 40
1.000000000
 10
139.836974299
 20
210.560395368
 30
3.000000000
 10
139.808464013
 20
210.636434115
 30
3.000000000
 10
139.798974170
 20
210.779006766
 30
3.000000000
 10
139.998616660
 20
210.855045514
 30
3.000000000
  0
SPLINE
  5
B46
330
A02
100
AcDbEntity
  8
Shape2DView
100
AcDbSpline
210
0
220
0
230
1
 70
8
 71
3
 72
8
 73
4
 74
0
 40
0.000000000
 40
0.000000000
 40
0.000000000
 40
0.000000000
 40
1.000000000
 40
1.000000000
 40
1.000000000
 40
1.000000000
 10
139.998616660
 20
210.855045514
 30
3.000000000
 10
140.198259149
 20
210.931084261
 30
3.000000000
 10
140.293298574
 20
210.721977706
 30
3.000000000
 10
140.293298574
 20
210.721977706
 30
3.000000000
  0
SPLINE
  5
B47
330
A02
100
AcDbEntity
  8
Shape2DView
100
AcDbSpline
210
0
220
0
230
1
 70
8
 71
1
 72
4
 73
2
 74
0
 40
0.000000000
 40
0.000000000
 40
7.155417528
 40
7.155417528
 10
140.293298574
 20
210.721977706
 30
3.000000000
 10
140.597431780
 20
210.113667727
 30
3.000000000
  0
SPLINE
  5
B48
330
A02
100
AcDbEntity
  8
Shape2DView
100
AcDbSpline
210
0
220
0
230
1
 70
8
 71
3
 72
8
 73
4
 74
0
 40
0.000000000
 40
0.000000000
 40
0.000000000
 40
0.000000000
 40
1.000000000
 40
1.000000000
 40
1.000000000
 40
1.000000000
 10
140.597431780
 20
210.113667727
 30
3.000000000
 10
140.977690811
 20
210.151687101
 30
3.000000000
 10
141.338940416
 20
210.218221005
 30
3.000000000
 10
141.709698588
 20
210.303764596
 30
3.000000000
  0
SPLINE
  5
B49
330
A02
100
AcDbEntity
  8
Shape2DView
100
AcDbSpline
210
0
220
0
230
1
 70
8
 71
3
 72
8
 73
4
 74
0
 40
0.000000000
 40
0.000000000
 40
0.000000000
 40
0.000000000
 40
1.000000000
 40
1.000000000
 40
1.000000000
 40
1.000000000
 10
141.709698588
 20
210.303764596
 30
3.000000000
 10
141.709699690
 20
210.313269439
 30
3.000000000
 10
141.481592074
 20
210.702968019
 30
3.000000000
 10
141.443574322
 20
210.769501923
 30
3.000000000
  0
SPLINE
  5
B4A
330
A02
100
AcDbEntity
  8
Shape2DView
100
AcDbSpline
210
0
220
0
230
1
 70
8
 71
3
 72
8
 73
4
 74
0
 40
0.000000000
 40
0.000000000
 40
0.000000000
 40
0.000000000
 40
1.000000000
 40
1.000000000
 40
1.000000000
 40
1.000000000
 10
141.443574322
 20
210.769501923
 30
3.000000000
 10
141.405556570
 20
210.836035827
 30
3.000000000
 10
141.367547629
 20
210.978608478
 30
3.000000000
 10
141.548180692
 20
211.083161756
 30
3.000000000
  0
SPLINE
  5
B4B
330
A02
100
AcDbEntity
  8
Shape2DView
100
AcDbSpline
210
0
220
0
230
1
 70
8
 71
3
 72
8
 73
4
 74
0
 40
0.000000000
 40
0.000000000
 40
0.000000000
 40
0.000000000
 40
1.000000000
 40
1.000000000
 40
1.000000000
 40
1.000000000
 10
141.548180692
 20
211.083161756
 30
3.000000000
 10
141.728813755
 20
211.187715033
 30
3.000000000
 10
141.861880845
 20
210.997618165
 30
3.000000000
 10
141.861880845
 20
210.997618165
 30
3.000000000
  0
SPLINE
  5
B4C
330
A02
100
AcDbEntity
  8
Shape2DView
100
AcDbSpline
210
0
220
0
230
1
 70
8
 71
1
 72
4
 73
2
 74
0
 40
0.000000000
 40
0.000000000
 40
7.220110802
 40
7.220110802
 10
141.861880845
 20
210.997618165
 30
3.000000000
 10
142.270590682
 20
210.446337247
 30
3.000000000
  0
SPLINE
  5
B4D
330
A02
100
AcDbEntity
  8
Shape2DView
100
AcDbSpline
210
0
220
0
230
1
 70
8
 71
2
 72
6
 73
3
 74
0
 40
0.000000000
 40
0.000000000
 40
0.000000000
 40
1.000000000
 40
1.000000000
 40
1.000000000
 10
142.270590682
 20
210.446337247
 30
3.000000000
 10
142.812472248
 20
210.607919585
 30
3.000000000
 10
143.325841326
 20
210.826530983
 30
3.000000000
  0
SPLINE
  5
B4E
330
A02
100
AcDbEntity
  8
Shape2DView
100
AcDbSpline
210
0
220
0
230
1
 70
8
 71
3
 72
8
 73
4
 74
0
 40
0.000000000
 40
0.000000000
 40
0.000000000
 40
0.000000000
 40
1.000000000
 40
1.000000000
 40
1.000000000
 40
1.000000000
 10
143.325841326
 20
210.826530983
 30
3.000000000
 10
143.325841326
 20
210.826530983
 30
3.000000000
 10
143.031184745
 20
211.178210190
 30
3.000000000
 10
142.983660627
 20
211.244744094
 30
3.000000000
  0
SPLINE
  5
B4F
330
A02
100
AcDbEntity
  8
Shape2DView
100
AcDbSpline
210
0
220
0
230
1
 70
8
 71
3
 72
8
 73
4
 74
0
 40
0.000000000
 40
0.000000000
 40
0.000000000
 40
0.000000000
 40
1.000000000
 40
1.000000000
 40
1.000000000
 40
1.000000000
 10
142.983660627
 20
211.244744094
 30
3.000000000
 10
142.936135408
 20
211.301773154
 30
3.000000000
 10
142.869606269
 20
211.434840962
 30
3.000000000
 10
143.031231006
 20
211.577413613
 30
3.000000000
  0
SPLINE
  5
B50
330
A02
100
AcDbEntity
  8
Shape2DView
100
AcDbSpline
210
0
220
0
230
1
 70
8
 71
3
 72
8
 73
4
 74
0
 40
0.000000000
 40
0.000000000
 40
0.000000000
 40
0.000000000
 40
1.000000000
 40
1.000000000
 40
1.000000000
 40
1.000000000
 10
143.031231006
 20
211.577413613
 30
3.000000000
 10
143.192854643
 20
211.710481421
 30
3.000000000
 10
143.354444133
 20
211.548899083
 30
3.000000000
 10
143.354444133
 20
211.548899083
 30
3.000000000
  0
SPLINE
  5
B51
330
A02
100
AcDbEntity
  8
Shape2DView
100
AcDbSpline
210
0
220
0
230
1
 70
8
 71
1
 72
4
 73
2
 74
0
 40
0.000000000
 40
0.000000000
 40
7.213875519
 40
7.213875519
 10
143.354444133
 20
211.548899083
 30
3.000000000
 10
143.848720073
 20
211.073656912
 30
3.000000000
  0
SPLINE
  5
B52
330
A02
100
AcDbEntity
  8
Shape2DView
100
AcDbSpline
210
0
220
0
230
1
 70
8
 71
3
 72
8
 73
4
 74
0
 40
0.000000000
 40
0.000000000
 40
0.000000000
 40
0.000000000
 40
1.000000000
 40
1.000000000
 40
1.000000000
 40
1.000000000
 10
143.848720073
 20
211.073656912
 30
3.000000000
 10
144.181462697
 20
211.244744094
 30
3.000000000
 10
144.514206421
 20
211.425336119
 30
3.000000000
 10
144.827940719
 20
211.634442674
 30
3.000000000
  0
SPLINE
  5
B53
330
A02
100
AcDbEntity
  8
Shape2DView
100
AcDbSpline
210
0
220
0
230
1
 70
8
 71
3
 72
8
 73
4
 74
0
 40
0.000000000
 40
0.000000000
 40
0.000000000
 40
0.000000000
 40
1.000000000
 40
1.000000000
 40
1.000000000
 40
1.000000000
 10
144.827940719
 20
211.634442674
 30
3.000000000
 10
144.818435455
 20
211.643947517
 30
3.000000000
 10
144.561788917
 20
211.862558916
 30
3.000000000
 10
144.457228808
 20
211.948102507
 30
3.000000000
  0
SPLINE
  5
B54
330
A02
100
AcDbEntity
  8
Shape2DView
100
AcDbSpline
210
0
220
0
230
1
 70
8
 71
1
 72
4
 73
2
 74
0
 40
0.000000000
 40
0.000000000
 40
52.300000000
 40
52.300000000
 10
144.457228808
 20
211.948102507
 30
3.000000000
 10
149.429058032
 20
211.948102507
 30
3.000000000
  0
SPLINE
  5
B55
330
A02
100
AcDbEntity
  8
Shape2DView
100
AcDbSpline
210
0
220
0
230
1
 70
8
 71
3
 72
8
 73
4
 74
0
 40
0.000000000
 40
0.000000000
 40
0.000000000
 40
0.000000000
 40
1.000000000
 40
1.000000000
 40
1.000000000
 40
1.000000000
 10
149.429058032
 20
211.948102507
 30
3.000000000
 10
151.396872413
 20
211.919587976
 30
3.000000000
 10
152.129016771
 20
213.250266055
 30
3.000000000
 10
151.093011267
 20
214.875594279
 30
3.000000000
  0
SPLINE
  5
B56
330
A02
100
AcDbEntity
  8
Shape2DView
100
AcDbSpline
210
0
220
0
230
1
 70
8
 71
1
 72
4
 73
2
 74
0
 40
0.000000000
 40
0.000000000
 40
212.900000000
 40
212.900000000
 10
149.505234524
 20
213.031654656
 30
3.000000000
 10
129.266182098
 20
213.031654656
 30
3.000000000
  0
SPLINE
  5
B57
330
A02
100
AcDbEntity
  8
Shape2DView
100
AcDbSpline
210
0
220
0
230
1
 70
8
 71
3
 72
8
 73
4
 74
0
 40
0.000000000
 40
0.000000000
 40
0.000000000
 40
0.000000000
 40
1.000000000
 40
1.000000000
 40
1.000000000
 40
1.000000000
 10
129.266182098
 20
213.031654656
 30
3.000000000
 10
128.439128288
 20
213.031654656
 30
3.000000000
 10
128.125484310
 20
213.601945261
 30
3.000000000
 10
128.572363901
 20
214.295798830
 30
3.000000000
  0
SPLINE
  5
B58
330
A02
100
AcDbEntity
  8
Shape2DView
100
AcDbSpline
210
0
220
0
230
1
 70
8
 71
1
 72
4
 73
2
 74
0
 40
0.000000000
 40
0.000000000
 40
194.787088895
 40
194.787088895
 10
128.572363901
 20
214.295798830
 30
3.000000000
 10
138.565360571
 20
229.883742033
 30
3.000000000
  0
SPLINE
  5
B59
330
A02
100
AcDbEntity
  8
Shape2DView
100
AcDbSpline
210
0
220
0
230
1
 70
8
 71
3
 72
8
 73
4
 74
0
 40
0.000000000
 40
0.000000000
 40
0.000000000
 40
0.000000000
 40
1.000000000
 40
1.000000000
 40
1.000000000
 40
1.000000000
 10
138.565360571
 20
229.883742033
 30
3.000000000
 10
139.012240163
 20
230.577595602
 30
3.000000000
 10
139.744230316
 20
230.577595602
 30
3.000000000
 10
140.190949094
 20
229.883742033
 30
3.000000000
  0
SPLINE
  5
B5A
330
A02
100
AcDbEntity
  8
Shape2DView
100
AcDbSpline
210
0
220
0
230
1
 70
8
 71
1
 72
4
 73
2
 74
0
 40
0.000000000
 40
0.000000000
 40
194.810933985
 40
194.810933985
 10
140.190949094
 20
229.883742033
 30
3.000000000
 10
150.199346810
 20
214.305303674
 30
3.000000000
  0
SPLINE
  5
B5B
330
A02
100
AcDbEntity
  8
Shape2DView
100
AcDbSpline
210
0
220
0
230
1
 70
8
 71
3
 72
8
 73
4
 74
0
 40
0.000000000
 40
0.000000000
 40
0.000000000
 40
0.000000000
 40
1.000000000
 40
1.000000000
 40
1.000000000
 40
1.000000000
 10
150.199346810
 20
214.305303674
 30
3.000000000
 10
150.646064487
 20
213.601945261
 30
3.000000000
 10
150.332288334
 20
213.031654656
 30
3.000000000
 10
149.505234524
 20
213.031654656
 30
3.000000000
  0
SPLINE
  5
B5C
330
A02
100
AcDbEntity
  8
Shape2DView
100
AcDbSpline
210
0
220
0
230
1
 70
8
 71
1
 72
4
 73
2
 74
0
 40
0.000000000
 40
0.000000000
 40
0.282842712
 40
0.282842712
 10
138.858738357
 20
218.496939620
 30
3.000000000
 10
138.839723423
 20
218.477929934
 30
3.000000000
  0
SPLINE
  5
B5D
330
A02
100
AcDbEntity
  8
Shape2DView
100
AcDbSpline
210
0
220
0
230
1
 70
8
 71
1
 72
4
 73
2
 74
0
 40
0.000000000
 40
0.000000000
 40
0.141421356
 40
0.141421356
 10
138.839723423
 20
218.477929934
 30
3.000000000
 10
138.830215956
 20
218.468425090
 30
3.000000000
  0
SPLINE
  5
B5E
330
A02
100
AcDbEntity
  8
Shape2DView
100
AcDbSpline
210
0
220
0
230
1
 70
8
 71
1
 72
4
 73
2
 74
0
 40
0.000000000
 40
0.000000000
 40
0.141421356
 40
0.141421356
 10
138.830215956
 20
218.468425090
 30
3.000000000
 10
138.820708489
 20
218.458920247
 30
3.000000000
  0
SPLINE
  5
B5F
330
A02
100
AcDbEntity
  8
Shape2DView
100
AcDbSpline
210
0
220
0
230
1
 70
8
 71
1
 72
4
 73
2
 74
0
 40
0.000000000
 40
0.000000000
 40
0.100000000
 40
0.100000000
 10
138.820708489
 20
218.458920247
 30
3.000000000
 10
138.811202123
 20
218.458920247
 30
3.000000000
  0
SPLINE
  5
B60
330
A02
100
AcDbEntity
  8
Shape2DView
100
AcDbSpline
210
0
220
0
230
1
 70
8
 71
1
 72
4
 73
2
 74
0
 40
0.000000000
 40
0.000000000
 40
0.141421356
 40
0.141421356
 10
138.811202123
 20
218.458920247
 30
3.000000000
 10
138.801694656
 20
218.449415403
 30
3.000000000
  0
SPLINE
  5
B61
330
A02
100
AcDbEntity
  8
Shape2DView
100
AcDbSpline
210
0
220
0
230
1
 70
8
 71
1
 72
4
 73
2
 74
0
 40
0.000000000
 40
0.000000000
 40
0.100000000
 40
0.100000000
 10
138.801694656
 20
218.449415403
 30
3.000000000
 10
138.792188291
 20
218.449415403
 30
3.000000000
  0
SPLINE
  5
B62
330
A02
100
AcDbEntity
  8
Shape2DView
100
AcDbSpline
210
0
220
0
230
1
 70
8
 71
1
 72
4
 73
2
 74
0
 40
0.000000000
 40
0.000000000
 40
0.141421356
 40
0.141421356
 10
138.792188291
 20
218.449415403
 30
3.000000000
 10
138.782680824
 20
218.439910560
 30
3.000000000
  0
SPLINE
  5
B63
330
A02
100
AcDbEntity
  8
Shape2DView
100
AcDbSpline
210
0
220
0
230
1
 70
8
 71
1
 72
4
 73
2
 74
0
 40
0.000000000
 40
0.000000000
 40
0.141421356
 40
0.141421356
 10
138.782680824
 20
218.439910560
 30
3.000000000
 10
138.773173357
 20
218.430405716
 30
3.000000000
  0
SPLINE
  5
B64
330
A02
100
AcDbEntity
  8
Shape2DView
100
AcDbSpline
210
0
220
0
230
1
 70
8
 71
1
 72
4
 73
2
 74
0
 40
0.000000000
 40
0.000000000
 40
0.223606798
 40
0.223606798
 10
138.773173357
 20
218.430405716
 30
3.000000000
 10
138.754159524
 20
218.420900873
 30
3.000000000
  0
SPLINE
  5
B65
330
A02
100
AcDbEntity
  8
Shape2DView
100
AcDbSpline
210
0
220
0
230
1
 70
8
 71
1
 72
4
 73
2
 74
0
 40
0.000000000
 40
0.000000000
 40
0.223606798
 40
0.223606798
 10
138.754159524
 20
218.420900873
 30
3.000000000
 10
138.735145691
 20
218.411396030
 30
3.000000000
  0
SPLINE
  5
B66
330
A02
100
AcDbEntity
  8
Shape2DView
100
AcDbSpline
210
0
220
0
230
1
 70
8
 71
1
 72
4
 73
2
 74
0
 40
0.000000000
 40
0.000000000
 40
0.141421356
 40
0.141421356
 10
138.735145691
 20
218.411396030
 30
3.000000000
 10
138.725638224
 20
218.401891186
 30
3.000000000
  0
SPLINE
  5
B67
330
A02
100
AcDbEntity
  8
Shape2DView
100
AcDbSpline
210
0
220
0
230
1
 70
8
 71
1
 72
4
 73
2
 74
0
 40
0.000000000
 40
0.000000000
 40
0.141421356
 40
0.141421356
 10
138.725638224
 20
218.401891186
 30
3.000000000
 10
138.716130757
 20
218.392386343
 30
3.000000000
  0
SPLINE
  5
B68
330
A02
100
AcDbEntity
  8
Shape2DView
100
AcDbSpline
210
0
220
0
230
1
 70
8
 71
1
 72
4
 73
2
 74
0
 40
0.000000000
 40
0.000000000
 40
0.223606798
 40
0.223606798
 10
138.716130757
 20
218.392386343
 30
3.000000000
 10
138.697116924
 20
218.382881499
 30
3.000000000
  0
SPLINE
  5
B69
330
A02
100
AcDbEntity
  8
Shape2DView
100
AcDbSpline
210
0
220
0
230
1
 70
8
 71
1
 72
4
 73
2
 74
0
 40
0.000000000
 40
0.000000000
 40
0.141421356
 40
0.141421356
 10
138.697116924
 20
218.382881499
 30
3.000000000
 10
138.687609457
 20
218.373376656
 30
3.000000000
  0
SPLINE
  5
B6A
330
A02
100
AcDbEntity
  8
Shape2DView
100
AcDbSpline
210
0
220
0
230
1
 70
8
 71
1
 72
4
 73
2
 74
0
 40
0.000000000
 40
0.000000000
 40
0.223606798
 40
0.223606798
 10
138.687609457
 20
218.373376656
 30
3.000000000
 10
138.668595624
 20
218.363871813
 30
3.000000000
  0
SPLINE
  5
B6B
330
A02
100
AcDbEntity
  8
Shape2DView
100
AcDbSpline
210
0
220
0
230
1
 70
8
 71
1
 72
4
 73
2
 74
0
 40
0.000000000
 40
0.000000000
 40
0.223606798
 40
0.223606798
 10
138.668595624
 20
218.363871813
 30
3.000000000
 10
138.649581792
 20
218.354366969
 30
3.000000000
  0
SPLINE
  5
B6C
330
A02
100
AcDbEntity
  8
Shape2DView
100
AcDbSpline
210
0
220
0
230
1
 70
8
 71
1
 72
4
 73
2
 74
0
 40
0.000000000
 40
0.000000000
 40
0.141421356
 40
0.141421356
 10
138.649581792
 20
218.354366969
 30
3.000000000
 10
138.640074325
 20
218.344862126
 30
3.000000000
  0
SPLINE
  5
B6D
330
A02
100
AcDbEntity
  8
Shape2DView
100
AcDbSpline
210
0
220
0
230
1
 70
8
 71
1
 72
4
 73
2
 74
0
 40
0.000000000
 40
0.000000000
 40
0.100000000
 40
0.100000000
 10
138.640074325
 20
218.344862126
 30
3.000000000
 10
138.630567959
 20
218.344862126
 30
3.000000000
  0
SPLINE
  5
B6E
330
A02
100
AcDbEntity
  8
Shape2DView
100
AcDbSpline
210
0
220
0
230
1
 70
8
 71
1
 72
4
 73
2
 74
0
 40
0.000000000
 40
0.000000000
 40
0.100000000
 40
0.100000000
 10
138.630567959
 20
218.344862126
 30
3.000000000
 10
138.621061593
 20
218.344862126
 30
3.000000000
  0
SPLINE
  5
B6F
330
A02
100
AcDbEntity
  8
Shape2DView
100
AcDbSpline
210
0
220
0
230
1
 70
8
 71
1
 72
4
 73
2
 74
0
 40
0.000000000
 40
0.000000000
 40
2.308679276
 40
2.308679276
 10
138.621061593
 20
218.344862126
 30
3.000000000
 10
138.411913839
 20
218.278328222
 30
3.000000000
  0
SPLINE
  5
B70
330
A02
100
AcDbEntity
  8
Shape2DView
100
AcDbSpline
210
0
220
0
230
1
 70
8
 71
1
 72
4
 73
2
 74
0
 40
0.000000000
 40
0.000000000
 40
0.200000000
 40
0.200000000
 10
138.411913839
 20
218.278328222
 30
3.000000000
 10
138.392901108
 20
218.278328222
 30
3.000000000
  0
SPLINE
  5
B71
330
A02
100
AcDbEntity
  8
Shape2DView
100
AcDbSpline
210
0
220
0
230
1
 70
8
 71
1
 72
4
 73
2
 74
0
 40
0.000000000
 40
0.000000000
 40
0.223606798
 40
0.223606798
 10
138.392901108
 20
218.278328222
 30
3.000000000
 10
138.373887275
 20
218.268823378
 30
3.000000000
  0
SPLINE
  5
B72
330
A02
100
AcDbEntity
  8
Shape2DView
100
AcDbSpline
210
0
220
0
230
1
 70
8
 71
1
 72
4
 73
2
 74
0
 40
0.000000000
 40
0.000000000
 40
0.141421356
 40
0.141421356
 10
138.373887275
 20
218.268823378
 30
3.000000000
 10
138.364379808
 20
218.259318535
 30
3.000000000
  0
SPLINE
  5
B73
330
A02
100
AcDbEntity
  8
Shape2DView
100
AcDbSpline
210
0
220
0
230
1
 70
8
 71
1
 72
4
 73
2
 74
0
 40
0.000000000
 40
0.000000000
 40
0.100000000
 40
0.100000000
 10
138.364379808
 20
218.259318535
 30
3.000000000
 10
138.354873443
 20
218.259318535
 30
3.000000000
  0
SPLINE
  5
B74
330
A02
100
AcDbEntity
  8
Shape2DView
100
AcDbSpline
210
0
220
0
230
1
 70
8
 71
1
 72
4
 73
2
 74
0
 40
0.000000000
 40
0.000000000
 40
0.100000000
 40
0.100000000
 10
138.354873443
 20
218.259318535
 30
3.000000000
 10
138.345367077
 20
218.259318535
 30
3.000000000
  0
SPLINE
  5
B75
330
A02
100
AcDbEntity
  8
Shape2DView
100
AcDbSpline
210
0
220
0
230
1
 70
8
 71
1
 72
4
 73
2
 74
0
 40
0.000000000
 40
0.000000000
 40
0.100000000
 40
0.100000000
 10
138.345367077
 20
218.259318535
 30
3.000000000
 10
138.335860711
 20
218.259318535
 30
3.000000000
  0
SPLINE
  5
B76
330
A02
100
AcDbEntity
  8
Shape2DView
100
AcDbSpline
210
0
220
0
230
1
 70
8
 71
1
 72
4
 73
2
 74
0
 40
0.000000000
 40
0.000000000
 40
0.100000000
 40
0.100000000
 10
138.335860711
 20
218.259318535
 30
3.000000000
 10
138.326354346
 20
218.259318535
 30
3.000000000
  0
SPLINE
  5
B77
330
A02
100
AcDbEntity
  8
Shape2DView
100
AcDbSpline
210
0
220
0
230
1
 70
8
 71
1
 72
4
 73
2
 74
0
 40
0.000000000
 40
0.000000000
 40
0.100000000
 40
0.100000000
 10
138.326354346
 20
218.259318535
 30
3.000000000
 10
138.326353244
 20
218.249813692
 30
3.000000000
  0
SPLINE
  5
B78
330
A02
100
AcDbEntity
  8
Shape2DView
100
AcDbSpline
210
0
220
0
230
1
 70
8
 71
1
 72
4
 73
2
 74
0
 40
0.000000000
 40
0.000000000
 40
0.100000000
 40
0.100000000
 10
138.326353244
 20
218.249813692
 30
3.000000000
 10
138.326352143
 20
218.240308848
 30
3.000000000
  0
SPLINE
  5
B79
330
A02
100
AcDbEntity
  8
Shape2DView
100
AcDbSpline
210
0
220
0
230
1
 70
8
 71
1
 72
4
 73
2
 74
0
 40
0.000000000
 40
0.000000000
 40
0.141421356
 40
0.141421356
 10
138.326352143
 20
218.240308848
 30
3.000000000
 10
138.316844676
 20
218.230804005
 30
3.000000000
  0
SPLINE
  5
B7A
330
A02
100
AcDbEntity
  8
Shape2DView
100
AcDbSpline
210
0
220
0
230
1
 70
8
 71
1
 72
4
 73
2
 74
0
 40
0.000000000
 40
0.000000000
 40
0.100000000
 40
0.100000000
 10
138.316844676
 20
218.230804005
 30
3.000000000
 10
138.316843574
 20
218.221299161
 30
3.000000000
  0
SPLINE
  5
B7B
330
A02
100
AcDbEntity
  8
Shape2DView
100
AcDbSpline
210
0
220
0
230
1
 70
8
 71
1
 72
4
 73
2
 74
0
 40
0.000000000
 40
0.000000000
 40
0.100000000
 40
0.100000000
 10
138.316843574
 20
218.221299161
 30
3.000000000
 10
138.316842473
 20
218.211794318
 30
3.000000000
  0
SPLINE
  5
B7C
330
A02
100
AcDbEntity
  8
Shape2DView
100
AcDbSpline
210
0
220
0
230
1
 70
8
 71
1
 72
4
 73
2
 74
0
 40
0.000000000
 40
0.000000000
 40
0.100000000
 40
0.100000000
 10
138.316842473
 20
218.211794318
 30
3.000000000
 10
138.316841371
 20
218.202289474
 30
3.000000000
  0
SPLINE
  5
B7D
330
A02
100
AcDbEntity
  8
Shape2DView
100
AcDbSpline
210
0
220
0
230
1
 70
8
 71
1
 72
4
 73
2
 74
0
 40
0.000000000
 40
0.000000000
 40
0.100000000
 40
0.100000000
 10
138.316841371
 20
218.202289474
 30
3.000000000
 10
138.316840270
 20
218.192784631
 30
3.000000000
  0
SPLINE
  5
B7E
330
A02
100
AcDbEntity
  8
Shape2DView
100
AcDbSpline
210
0
220
0
230
1
 70
8
 71
1
 72
4
 73
2
 74
0
 40
0.000000000
 40
0.000000000
 40
0.100000000
 40
0.100000000
 10
138.316840270
 20
218.192784631
 30
3.000000000
 10
138.316839168
 20
218.183279788
 30
3.000000000
  0
SPLINE
  5
B7F
330
A02
100
AcDbEntity
  8
Shape2DView
100
AcDbSpline
210
0
220
0
230
1
 70
8
 71
1
 72
4
 73
2
 74
0
 40
0.000000000
 40
0.000000000
 40
0.200000000
 40
0.200000000
 10
138.316839168
 20
218.183279788
 30
3.000000000
 10
138.316836965
 20
218.164270101
 30
3.000000000
  0
SPLINE
  5
B80
330
A02
100
AcDbEntity
  8
Shape2DView
100
AcDbSpline
210
0
220
0
230
1
 70
8
 71
1
 72
4
 73
2
 74
0
 40
0.000000000
 40
0.000000000
 40
0.223606798
 40
0.223606798
 10
138.316836965
 20
218.164270101
 30
3.000000000
 10
138.326341128
 20
218.145260414
 30
3.000000000
  0
SPLINE
  5
B81
330
A02
100
AcDbEntity
  8
Shape2DView
100
AcDbSpline
210
0
220
0
230
1
 70
8
 71
1
 72
4
 73
2
 74
0
 40
0.000000000
 40
0.000000000
 40
0.223606798
 40
0.223606798
 10
138.326341128
 20
218.145260414
 30
3.000000000
 10
138.335845291
 20
218.126250727
 30
3.000000000
  0
SPLINE
  5
B82
330
A02
100
AcDbEntity
  8
Shape2DView
100
AcDbSpline
210
0
220
0
230
1
 70
8
 71
1
 72
4
 73
2
 74
0
 40
0.000000000
 40
0.000000000
 40
0.223606798
 40
0.223606798
 10
138.335845291
 20
218.126250727
 30
3.000000000
 10
138.345349454
 20
218.107241040
 30
3.000000000
  0
SPLINE
  5
B83
330
A02
100
AcDbEntity
  8
Shape2DView
100
AcDbSpline
210
0
220
0
230
1
 70
8
 71
1
 72
4
 73
2
 74
0
 40
0.000000000
 40
0.000000000
 40
0.141421356
 40
0.141421356
 10
138.345349454
 20
218.107241040
 30
3.000000000
 10
138.354854718
 20
218.097736197
 30
3.000000000
  0
SPLINE
  5
B84
330
A02
100
AcDbEntity
  8
Shape2DView
100
AcDbSpline
210
0
220
0
230
1
 70
8
 71
1
 72
4
 73
2
 74
0
 40
0.000000000
 40
0.000000000
 40
0.141421356
 40
0.141421356
 10
138.354854718
 20
218.097736197
 30
3.000000000
 10
138.364359982
 20
218.088231353
 30
3.000000000
  0
SPLINE
  5
B85
330
A02
100
AcDbEntity
  8
Shape2DView
100
AcDbSpline
210
0
220
0
230
1
 70
8
 71
1
 72
4
 73
2
 74
0
 40
0.000000000
 40
0.000000000
 40
0.848528137
 40
0.848528137
 10
138.364359982
 20
218.088231353
 30
3.000000000
 10
138.421391567
 20
218.031202293
 30
3.000000000
  0
SPLINE
  5
B86
330
A02
100
AcDbEntity
  8
Shape2DView
100
AcDbSpline
210
0
220
0
230
1
 70
8
 71
1
 72
4
 73
2
 74
0
 40
0.000000000
 40
0.000000000
 40
0.848528137
 40
0.848528137
 10
138.421391567
 20
218.031202293
 30
3.000000000
 10
138.478423152
 20
217.974173232
 30
3.000000000
  0
SPLINE
  5
B87
330
A02
100
AcDbEntity
  8
Shape2DView
100
AcDbSpline
210
0
220
0
230
1
 70
8
 71
1
 72
4
 73
2
 74
0
 40
0.000000000
 40
0.000000000
 40
0.848528137
 40
0.848528137
 10
138.478423152
 20
217.974173232
 30
3.000000000
 10
138.535454737
 20
217.917144172
 30
3.000000000
  0
SPLINE
  5
B88
330
A02
100
AcDbEntity
  8
Shape2DView
100
AcDbSpline
210
0
220
0
230
1
 70
8
 71
1
 72
4
 73
2
 74
0
 40
0.000000000
 40
0.000000000
 40
0.848528137
 40
0.848528137
 10
138.535454737
 20
217.917144172
 30
3.000000000
 10
138.592486322
 20
217.860115111
 30
3.000000000
  0
SPLINE
  5
B89
330
A02
100
AcDbEntity
  8
Shape2DView
100
AcDbSpline
210
0
220
0
230
1
 70
8
 71
1
 72
4
 73
2
 74
0
 40
0.000000000
 40
0.000000000
 40
0.848528137
 40
0.848528137
 10
138.592486322
 20
217.860115111
 30
3.000000000
 10
138.649517907
 20
217.803086051
 30
3.000000000
  0
SPLINE
  5
B8A
330
A02
100
AcDbEntity
  8
Shape2DView
100
AcDbSpline
210
0
220
0
230
1
 70
8
 71
1
 72
4
 73
2
 74
0
 40
0.000000000
 40
0.000000000
 40
0.424264069
 40
0.424264069
 10
138.649517907
 20
217.803086051
 30
3.000000000
 10
138.678033700
 20
217.774571521
 30
3.000000000
  0
SPLINE
  5
B8B
330
A02
100
AcDbEntity
  8
Shape2DView
100
AcDbSpline
210
0
220
0
230
1
 70
8
 71
1
 72
4
 73
2
 74
0
 40
0.000000000
 40
0.000000000
 40
0.424264069
 40
0.424264069
 10
138.678033700
 20
217.774571521
 30
3.000000000
 10
138.706549492
 20
217.746056990
 30
3.000000000
  0
SPLINE
  5
B8C
330
A02
100
AcDbEntity
  8
Shape2DView
100
AcDbSpline
210
0
220
0
230
1
 70
8
 71
1
 72
4
 73
2
 74
0
 40
0.000000000
 40
0.000000000
 40
0.921954446
 40
0.921954446
 10
138.706549492
 20
217.746056990
 30
3.000000000
 10
138.773087443
 20
217.689027930
 30
3.000000000
  0
SPLINE
  5
B8D
330
A02
100
AcDbEntity
  8
Shape2DView
100
AcDbSpline
210
0
220
0
230
1
 70
8
 71
1
 72
4
 73
2
 74
0
 40
0.000000000
 40
0.000000000
 40
0.921954446
 40
0.921954446
 10
138.773087443
 20
217.689027930
 30
3.000000000
 10
138.839625393
 20
217.631998869
 30
3.000000000
  0
SPLINE
  5
B8E
330
A02
100
AcDbEntity
  8
Shape2DView
100
AcDbSpline
210
0
220
0
230
1
 70
8
 71
1
 72
4
 73
2
 74
0
 40
0.000000000
 40
0.000000000
 40
0.948683298
 40
0.948683298
 10
138.839625393
 20
217.631998869
 30
3.000000000
 10
138.925185988
 20
217.660513400
 30
3.000000000
  0
SPLINE
  5
B8F
330
A02
100
AcDbEntity
  8
Shape2DView
100
AcDbSpline
210
0
220
0
230
1
 70
8
 71
1
 72
4
 73
2
 74
0
 40
0.000000000
 40
0.000000000
 40
0.583095189
 40
0.583095189
 10
138.925185988
 20
217.660513400
 30
3.000000000
 10
138.953710593
 20
217.708037617
 30
3.000000000
  0
SPLINE
  5
B90
330
A02
100
AcDbEntity
  8
Shape2DView
100
AcDbSpline
210
0
220
0
230
1
 70
8
 71
1
 72
4
 73
2
 74
0
 40
0.000000000
 40
0.000000000
 40
0.583095189
 40
0.583095189
 10
138.953710593
 20
217.708037617
 30
3.000000000
 10
138.982235197
 20
217.755561834
 30
3.000000000
  0
SPLINE
  5
B91
330
A02
100
AcDbEntity
  8
Shape2DView
100
AcDbSpline
210
0
220
0
230
1
 70
8
 71
1
 72
4
 73
2
 74
0
 40
0.000000000
 40
0.000000000
 40
0.500000000
 40
0.500000000
 10
138.982235197
 20
217.755561834
 30
3.000000000
 10
139.010758699
 20
217.793581208
 30
3.000000000
  0
SPLINE
  5
B92
330
A02
100
AcDbEntity
  8
Shape2DView
100
AcDbSpline
210
0
220
0
230
1
 70
8
 71
1
 72
4
 73
2
 74
0
 40
0.000000000
 40
0.000000000
 40
0.500000000
 40
0.500000000
 10
139.010758699
 20
217.793581208
 30
3.000000000
 10
139.039282202
 20
217.831600581
 30
3.000000000
  0
SPLINE
  5
B93
330
A02
100
AcDbEntity
  8
Shape2DView
100
AcDbSpline
210
0
220
0
230
1
 70
8
 71
1
 72
4
 73
2
 74
0
 40
0.000000000
 40
0.000000000
 40
0.360555128
 40
0.360555128
 10
139.039282202
 20
217.831600581
 30
3.000000000
 10
139.058298238
 20
217.860115111
 30
3.000000000
  0
SPLINE
  5
B94
330
A02
100
AcDbEntity
  8
Shape2DView
100
AcDbSpline
210
0
220
0
230
1
 70
8
 71
1
 72
4
 73
2
 74
0
 40
0.000000000
 40
0.000000000
 40
0.282842712
 40
0.282842712
 10
139.058298238
 20
217.860115111
 30
3.000000000
 10
139.077313172
 20
217.879124798
 30
3.000000000
  0
SPLINE
  5
B95
330
A02
100
AcDbEntity
  8
Shape2DView
100
AcDbSpline
210
0
220
0
230
1
 70
8
 71
1
 72
4
 73
2
 74
0
 40
0.000000000
 40
0.000000000
 40
0.282842712
 40
0.282842712
 10
139.077313172
 20
217.879124798
 30
3.000000000
 10
139.096328106
 20
217.898134485
 30
3.000000000
  0
SPLINE
  5
B96
330
A02
100
AcDbEntity
  8
Shape2DView
100
AcDbSpline
210
0
220
0
230
1
 70
8
 71
1
 72
4
 73
2
 74
0
 40
0.000000000
 40
0.000000000
 40
0.282842712
 40
0.282842712
 10
139.096328106
 20
217.898134485
 30
3.000000000
 10
139.115343040
 20
217.917144172
 30
3.000000000
  0
SPLINE
  5
B97
330
A02
100
AcDbEntity
  8
Shape2DView
100
AcDbSpline
210
0
220
0
230
1
 70
8
 71
1
 72
4
 73
2
 74
0
 40
0.000000000
 40
0.000000000
 40
1.486606875
 40
1.486606875
 10
139.115343040
 20
217.917144172
 30
3.000000000
 10
139.219924077
 20
218.012192606
 30
3.000000000
  0
SPLINE
  5
B98
330
A02
100
AcDbEntity
  8
Shape2DView
100
AcDbSpline
210
0
220
0
230
1
 70
8
 71
1
 72
4
 73
2
 74
0
 40
0.000000000
 40
0.000000000
 40
0.500000000
 40
0.500000000
 10
139.219924077
 20
218.012192606
 30
3.000000000
 10
139.257952844
 20
218.040707136
 30
3.000000000
  0
SPLINE
  5
B99
330
A02
100
AcDbEntity
  8
Shape2DView
100
AcDbSpline
210
0
220
0
230
1
 70
8
 71
1
 72
4
 73
2
 74
0
 40
0.000000000
 40
0.000000000
 40
0.781024968
 40
0.781024968
 10
139.257952844
 20
218.040707136
 30
3.000000000
 10
139.314996545
 20
218.088231353
 30
3.000000000
  0
SPLINE
  5
B9A
330
A02
100
AcDbEntity
  8
Shape2DView
100
AcDbSpline
210
0
220
0
230
1
 70
8
 71
1
 72
4
 73
2
 74
0
 40
0.000000000
 40
0.000000000
 40
1.000000000
 40
1.000000000
 10
139.314996545
 20
218.088231353
 30
3.000000000
 10
139.315000951
 20
218.126250727
 30
3.000000000
  0
SPLINE
  5
B9B
330
A02
100
AcDbEntity
  8
Shape2DView
100
AcDbSpline
210
0
220
0
230
1
 70
8
 71
3
 72
8
 73
4
 74
0
 40
0.000000000
 40
0.000000000
 40
0.000000000
 40
0.000000000
 40
1.000000000
 40
1.000000000
 40
1.000000000
 40
1.000000000
 10
139.315000951
 20
218.126250727
 30
3.000000000
 10
139.200931172
 20
218.183279788
 30
3.000000000
 10
139.058351108
 20
218.316347595
 30
3.000000000
 10
138.858738357
 20
218.496939620
 30
3.000000000
  0
SPLINE
  5
B9C
330
A02
100
AcDbEntity
  8
Shape2DView
100
AcDbSpline
210
0
220
0
230
1
 70
8
 71
1
 72
4
 73
2
 74
0
 40
0.000000000
 40
0.000000000
 40
1.204159458
 40
1.204159458
 10
141.292541989
 20
219.998704880
 30
3.000000000
 10
141.378108092
 20
220.074743627
 30
3.000000000
  0
SPLINE
  5
B9D
330
A02
100
AcDbEntity
  8
Shape2DView
100
AcDbSpline
210
0
220
0
230
1
 70
8
 71
1
 72
4
 73
2
 74
0
 40
0.000000000
 40
0.000000000
 40
1.204159458
 40
1.204159458
 10
141.378108092
 20
220.074743627
 30
3.000000000
 10
141.463674194
 20
220.150782375
 30
3.000000000
  0
SPLINE
  5
B9E
330
A02
100
AcDbEntity
  8
Shape2DView
100
AcDbSpline
210
0
220
0
230
1
 70
8
 71
1
 72
4
 73
2
 74
0
 40
0.000000000
 40
0.000000000
 40
1.204159458
 40
1.204159458
 10
141.463674194
 20
220.150782375
 30
3.000000000
 10
141.549240296
 20
220.226821122
 30
3.000000000
  0
SPLINE
  5
B9F
330
A02
100
AcDbEntity
  8
Shape2DView
100
AcDbSpline
210
0
220
0
230
1
 70
8
 71
1
 72
4
 73
2
 74
0
 40
0.000000000
 40
0.000000000
 40
0.500000000
 40
0.500000000
 10
141.549240296
 20
220.226821122
 30
3.000000000
 10
141.587269063
 20
220.255335652
 30
3.000000000
  0
SPLINE
  5
BA0
330
A02
100
AcDbEntity
  8
Shape2DView
100
AcDbSpline
210
0
220
0
230
1
 70
8
 71
3
 72
8
 73
4
 74
0
 40
0.000000000
 40
0.000000000
 40
0.000000000
 40
0.000000000
 40
1.000000000
 40
1.000000000
 40
1.000000000
 40
1.000000000
 10
141.587269063
 20
220.255335652
 30
3.000000000
 10
141.463696223
 20
220.340879243
 30
3.000000000
 10
141.368644683
 20
220.445432521
 30
3.000000000
 10
141.311623011
 20
220.588005172
 30
3.000000000
  0
SPLINE
  5
BA1
330
A02
100
AcDbEntity
  8
Shape2DView
100
AcDbSpline
210
0
220
0
230
1
 70
8
 71
1
 72
4
 73
2
 74
0
 40
0.000000000
 40
0.000000000
 40
0.223606798
 40
0.223606798
 10
141.311623011
 20
220.588005172
 30
3.000000000
 10
141.292609178
 20
220.578500328
 30
3.000000000
  0
SPLINE
  5
BA2
330
A02
100
AcDbEntity
  8
Shape2DView
100
AcDbSpline
210
0
220
0
230
1
 70
8
 71
1
 72
4
 73
2
 74
0
 40
0.000000000
 40
0.000000000
 40
0.282842712
 40
0.282842712
 10
141.292609178
 20
220.578500328
 30
3.000000000
 10
141.273594244
 20
220.559490642
 30
3.000000000
  0
SPLINE
  5
BA3
330
A02
100
AcDbEntity
  8
Shape2DView
100
AcDbSpline
210
0
220
0
230
1
 70
8
 71
1
 72
4
 73
2
 74
0
 40
0.000000000
 40
0.000000000
 40
1.280624847
 40
1.280624847
 10
141.273594244
 20
220.559490642
 30
3.000000000
 10
141.178521776
 20
220.483451894
 30
3.000000000
  0
SPLINE
  5
BA4
330
A02
100
AcDbEntity
  8
Shape2DView
100
AcDbSpline
210
0
220
0
230
1
 70
8
 71
1
 72
4
 73
2
 74
0
 40
0.000000000
 40
0.000000000
 40
1.280624847
 40
1.280624847
 10
141.178521776
 20
220.483451894
 30
3.000000000
 10
141.083449308
 20
220.407413147
 30
3.000000000
  0
SPLINE
  5
BA5
330
A02
100
AcDbEntity
  8
Shape2DView
100
AcDbSpline
210
0
220
0
230
1
 70
8
 71
1
 72
4
 73
2
 74
0
 40
0.000000000
 40
0.000000000
 40
1.280624847
 40
1.280624847
 10
141.083449308
 20
220.407413147
 30
3.000000000
 10
140.988376840
 20
220.331374400
 30
3.000000000
  0
SPLINE
  5
BA6
330
A02
100
AcDbEntity
  8
Shape2DView
100
AcDbSpline
210
0
220
0
230
1
 70
8
 71
1
 72
4
 73
2
 74
0
 40
0.000000000
 40
0.000000000
 40
0.640312424
 40
0.640312424
 10
140.988376840
 20
220.331374400
 30
3.000000000
 10
140.940840606
 20
220.293355026
 30
3.000000000
  0
SPLINE
  5
BA7
330
A02
100
AcDbEntity
  8
Shape2DView
100
AcDbSpline
210
0
220
0
230
1
 70
8
 71
1
 72
4
 73
2
 74
0
 40
0.000000000
 40
0.000000000
 40
0.640312424
 40
0.640312424
 10
140.940840606
 20
220.293355026
 30
3.000000000
 10
140.893304372
 20
220.255335652
 30
3.000000000
  0
SPLINE
  5
BA8
330
A02
100
AcDbEntity
  8
Shape2DView
100
AcDbSpline
210
0
220
0
230
1
 70
8
 71
1
 72
4
 73
2
 74
0
 40
0.000000000
 40
0.000000000
 40
0.640312424
 40
0.640312424
 10
140.893304372
 20
220.255335652
 30
3.000000000
 10
140.845768138
 20
220.217316279
 30
3.000000000
  0
SPLINE
  5
BA9
330
A02
100
AcDbEntity
  8
Shape2DView
100
AcDbSpline
210
0
220
0
230
1
 70
8
 71
1
 72
4
 73
2
 74
0
 40
0.000000000
 40
0.000000000
 40
0.640312424
 40
0.640312424
 10
140.845768138
 20
220.217316279
 30
3.000000000
 10
140.798231904
 20
220.179296905
 30
3.000000000
  0
SPLINE
  5
BAA
330
A02
100
AcDbEntity
  8
Shape2DView
100
AcDbSpline
210
0
220
0
230
1
 70
8
 71
1
 72
4
 73
2
 74
0
 40
0.000000000
 40
0.000000000
 40
0.640312424
 40
0.640312424
 10
140.798231904
 20
220.179296905
 30
3.000000000
 10
140.750695670
 20
220.141277531
 30
3.000000000
  0
SPLINE
  5
BAB
330
A02
100
AcDbEntity
  8
Shape2DView
100
AcDbSpline
210
0
220
0
230
1
 70
8
 71
1
 72
4
 73
2
 74
0
 40
0.000000000
 40
0.000000000
 40
0.282842712
 40
0.282842712
 10
140.750695670
 20
220.141277531
 30
3.000000000
 10
140.731680736
 20
220.122267845
 30
3.000000000
  0
SPLINE
  5
BAC
330
A02
100
AcDbEntity
  8
Shape2DView
100
AcDbSpline
210
0
220
0
230
1
 70
8
 71
1
 72
4
 73
2
 74
0
 40
0.000000000
 40
0.000000000
 40
0.141421356
 40
0.141421356
 10
140.731680736
 20
220.122267845
 30
3.000000000
 10
140.722173269
 20
220.112763001
 30
3.000000000
  0
SPLINE
  5
BAD
330
A02
100
AcDbEntity
  8
Shape2DView
100
AcDbSpline
210
0
220
0
230
1
 70
8
 71
1
 72
4
 73
2
 74
0
 40
0.000000000
 40
0.000000000
 40
0.141421356
 40
0.141421356
 10
140.722173269
 20
220.112763001
 30
3.000000000
 10
140.712665802
 20
220.103258158
 30
3.000000000
  0
SPLINE
  5
BAE
330
A02
100
AcDbEntity
  8
Shape2DView
100
AcDbSpline
210
0
220
0
230
1
 70
8
 71
1
 72
4
 73
2
 74
0
 40
0.000000000
 40
0.000000000
 40
1.140175425
 40
1.140175425
 10
140.712665802
 20
220.103258158
 30
3.000000000
 10
140.627100801
 20
220.036724254
 30
3.000000000
  0
SPLINE
  5
BAF
330
A02
100
AcDbEntity
  8
Shape2DView
100
AcDbSpline
210
0
220
0
230
1
 70
8
 71
1
 72
4
 73
2
 74
0
 40
0.000000000
 40
0.000000000
 40
5.560575510
 40
5.560575510
 10
140.627100801
 20
220.036724254
 30
3.000000000
 10
140.208783264
 20
219.713559578
 30
3.000000000
  0
SPLINE
  5
BB0
330
A02
100
AcDbEntity
  8
Shape2DView
100
AcDbSpline
210
0
220
0
230
1
 70
8
 71
1
 72
4
 73
2
 74
0
 40
0.000000000
 40
0.000000000
 40
1.000000000
 40
1.000000000
 10
140.208783264
 20
219.713559578
 30
3.000000000
 10
140.132725730
 20
219.656530517
 30
3.000000000
  0
SPLINE
  5
BB1
330
A02
100
AcDbEntity
  8
Shape2DView
100
AcDbSpline
210
0
220
0
230
1
 70
8
 71
1
 72
4
 73
2
 74
0
 40
0.000000000
 40
0.000000000
 40
0.640312424
 40
0.640312424
 10
140.132725730
 20
219.656530517
 30
3.000000000
 10
140.085189496
 20
219.618511143
 30
3.000000000
  0
SPLINE
  5
BB2
330
A02
100
AcDbEntity
  8
Shape2DView
100
AcDbSpline
210
0
220
0
230
1
 70
8
 71
1
 72
4
 73
2
 74
0
 40
0.000000000
 40
0.000000000
 40
0.640312424
 40
0.640312424
 10
140.085189496
 20
219.618511143
 30
3.000000000
 10
140.037653262
 20
219.580491770
 30
3.000000000
  0
SPLINE
  5
BB3
330
A02
100
AcDbEntity
  8
Shape2DView
100
AcDbSpline
210
0
220
0
230
1
 70
8
 71
1
 72
4
 73
2
 74
0
 40
0.000000000
 40
0.000000000
 40
0.424264069
 40
0.424264069
 10
140.037653262
 20
219.580491770
 30
3.000000000
 10
140.009130861
 20
219.551977240
 30
3.000000000
  0
SPLINE
  5
BB4
330
A02
100
AcDbEntity
  8
Shape2DView
100
AcDbSpline
210
0
220
0
230
1
 70
8
 71
1
 72
4
 73
2
 74
0
 40
0.000000000
 40
0.000000000
 40
0.781024968
 40
0.781024968
 10
140.009130861
 20
219.551977240
 30
3.000000000
 10
139.952087160
 20
219.504453022
 30
3.000000000
  0
SPLINE
  5
BB5
330
A02
100
AcDbEntity
  8
Shape2DView
100
AcDbSpline
210
0
220
0
230
1
 70
8
 71
1
 72
4
 73
2
 74
0
 40
0.000000000
 40
0.000000000
 40
0.781024968
 40
0.781024968
 10
139.952087160
 20
219.504453022
 30
3.000000000
 10
139.895043458
 20
219.456928805
 30
3.000000000
  0
SPLINE
  5
BB6
330
A02
100
AcDbEntity
  8
Shape2DView
100
AcDbSpline
210
0
220
0
230
1
 70
8
 71
1
 72
4
 73
2
 74
0
 40
0.000000000
 40
0.000000000
 40
0.223606798
 40
0.223606798
 10
139.895043458
 20
219.456928805
 30
3.000000000
 10
139.876029626
 20
219.447423962
 30
3.000000000
  0
SPLINE
  5
BB7
330
A02
100
AcDbEntity
  8
Shape2DView
100
AcDbSpline
210
0
220
0
230
1
 70
8
 71
1
 72
4
 73
2
 74
0
 40
0.000000000
 40
0.000000000
 40
0.223606798
 40
0.223606798
 10
139.876029626
 20
219.447423962
 30
3.000000000
 10
139.857015793
 20
219.437919119
 30
3.000000000
  0
SPLINE
  5
BB8
330
A02
100
AcDbEntity
  8
Shape2DView
100
AcDbSpline
210
0
220
0
230
1
 70
8
 71
1
 72
4
 73
2
 74
0
 40
0.000000000
 40
0.000000000
 40
0.640312424
 40
0.640312424
 10
139.857015793
 20
219.437919119
 30
3.000000000
 10
139.809479559
 20
219.399899745
 30
3.000000000
  0
SPLINE
  5
BB9
330
A02
100
AcDbEntity
  8
Shape2DView
100
AcDbSpline
210
0
220
0
230
1
 70
8
 71
1
 72
4
 73
2
 74
0
 40
0.000000000
 40
0.000000000
 40
0.640312424
 40
0.640312424
 10
139.809479559
 20
219.399899745
 30
3.000000000
 10
139.761943325
 20
219.361880371
 30
3.000000000
  0
SPLINE
  5
BBA
330
A02
100
AcDbEntity
  8
Shape2DView
100
AcDbSpline
210
0
220
0
230
1
 70
8
 71
1
 72
4
 73
2
 74
0
 40
0.000000000
 40
0.000000000
 40
0.565685425
 40
0.565685425
 10
139.761943325
 20
219.361880371
 30
3.000000000
 10
139.723913457
 20
219.323860998
 30
3.000000000
  0
SPLINE
  5
BBB
330
A02
100
AcDbEntity
  8
Shape2DView
100
AcDbSpline
210
0
220
0
230
1
 70
8
 71
1
 72
4
 73
2
 74
0
 40
0.000000000
 40
0.000000000
 40
0.707106781
 40
0.707106781
 10
139.723913457
 20
219.323860998
 30
3.000000000
 10
139.676376121
 20
219.276336780
 30
3.000000000
  0
SPLINE
  5
BBC
330
A02
100
AcDbEntity
  8
Shape2DView
100
AcDbSpline
210
0
220
0
230
1
 70
8
 71
1
 72
4
 73
2
 74
0
 40
0.000000000
 40
0.000000000
 40
0.707106781
 40
0.707106781
 10
139.676376121
 20
219.276336780
 30
3.000000000
 10
139.628838786
 20
219.228812563
 30
3.000000000
  0
SPLINE
  5
BBD
330
A02
100
AcDbEntity
  8
Shape2DView
100
AcDbSpline
210
0
220
0
230
1
 70
8
 71
1
 72
4
 73
2
 74
0
 40
0.000000000
 40
0.000000000
 40
0.565685425
 40
0.565685425
 10
139.628838786
 20
219.228812563
 30
3.000000000
 10
139.590808917
 20
219.190793190
 30
3.000000000
  0
SPLINE
  5
BBE
330
A02
100
AcDbEntity
  8
Shape2DView
100
AcDbSpline
210
0
220
0
230
1
 70
8
 71
1
 72
4
 73
2
 74
0
 40
0.000000000
 40
0.000000000
 40
0.500000000
 40
0.500000000
 10
139.590808917
 20
219.190793190
 30
3.000000000
 10
139.552780151
 20
219.162278659
 30
3.000000000
  0
SPLINE
  5
BBF
330
A02
100
AcDbEntity
  8
Shape2DView
100
AcDbSpline
210
0
220
0
230
1
 70
8
 71
1
 72
4
 73
2
 74
0
 40
0.000000000
 40
0.000000000
 40
0.223606798
 40
0.223606798
 10
139.552780151
 20
219.162278659
 30
3.000000000
 10
139.533766318
 20
219.152773816
 30
3.000000000
  0
SPLINE
  5
BC0
330
A02
100
AcDbEntity
  8
Shape2DView
100
AcDbSpline
210
0
220
0
230
1
 70
8
 71
2
 72
6
 73
3
 74
0
 40
0.000000000
 40
0.000000000
 40
0.000000000
 40
1.000000000
 40
1.000000000
 40
1.000000000
 10
139.533766318
 20
219.152773816
 30
3.000000000
 10
139.828435565
 20
218.910400309
 30
3.000000000
 10
139.923494265
 20
218.867628514
 30
3.000000000
  0
SPLINE
  5
BC1
330
A02
100
AcDbEntity
  8
Shape2DView
100
AcDbSpline
210
0
220
0
230
1
 70
8
 71
1
 72
4
 73
2
 74
0
 40
0.000000000
 40
0.000000000
 40
1.000000000
 40
1.000000000
 10
139.923494265
 20
218.867628514
 30
3.000000000
 10
139.952013362
 20
218.867628514
 30
3.000000000
  0
SPLINE
  5
BC2
330
A02
100
AcDbEntity
  8
Shape2DView
100
AcDbSpline
210
0
220
0
230
1
 70
8
 71
3
 72
8
 73
4
 74
0
 40
0.000000000
 40
0.000000000
 40
0.000000000
 40
0.000000000
 40
1.000000000
 40
1.000000000
 40
1.000000000
 40
1.000000000
 10
139.952013362
 20
218.867628514
 30
3.000000000
 10
139.999545190
 20
218.867628514
 30
3.000000000
 10
140.047077018
 20
218.867628514
 30
3.000000000
 10
140.113620476
 20
218.858123670
 30
3.000000000
  0
SPLINE
  5
BC3
330
A02
100
AcDbEntity
  8
Shape2DView
100
AcDbSpline
210
0
220
0
230
1
 70
8
 71
1
 72
4
 73
2
 74
0
 40
0.000000000
 40
0.000000000
 40
0.848528137
 40
0.848528137
 10
140.113620476
 20
218.858123670
 30
3.000000000
 10
140.170665279
 20
218.915152731
 30
3.000000000
  0
SPLINE
  5
BC4
330
A02
100
AcDbEntity
  8
Shape2DView
100
AcDbSpline
210
0
220
0
230
1
 70
8
 71
1
 72
4
 73
2
 74
0
 40
0.000000000
 40
0.000000000
 40
0.500000000
 40
0.500000000
 10
140.170665279
 20
218.915152731
 30
3.000000000
 10
140.208694045
 20
218.943667261
 30
3.000000000
  0
SPLINE
  5
BC5
330
A02
100
AcDbEntity
  8
Shape2DView
100
AcDbSpline
210
0
220
0
230
1
 70
8
 71
1
 72
4
 73
2
 74
0
 40
0.000000000
 40
0.000000000
 40
1.063014581
 40
1.063014581
 10
140.208694045
 20
218.943667261
 30
3.000000000
 10
140.284752681
 20
219.010201165
 30
3.000000000
  0
SPLINE
  5
BC6
330
A02
100
AcDbEntity
  8
Shape2DView
100
AcDbSpline
210
0
220
0
230
1
 70
8
 71
1
 72
4
 73
2
 74
0
 40
0.000000000
 40
0.000000000
 40
0.424264069
 40
0.424264069
 10
140.284752681
 20
219.010201165
 30
3.000000000
 10
140.313275082
 20
219.038715695
 30
3.000000000
  0
SPLINE
  5
BC7
330
A02
100
AcDbEntity
  8
Shape2DView
100
AcDbSpline
210
0
220
0
230
1
 70
8
 71
1
 72
4
 73
2
 74
0
 40
0.000000000
 40
0.000000000
 40
1.131370850
 40
1.131370850
 10
140.313275082
 20
219.038715695
 30
3.000000000
 10
140.389334819
 20
219.114754442
 30
3.000000000
  0
SPLINE
  5
BC8
330
A02
100
AcDbEntity
  8
Shape2DView
100
AcDbSpline
210
0
220
0
230
1
 70
8
 71
1
 72
4
 73
2
 74
0
 40
0.000000000
 40
0.000000000
 40
0.424264069
 40
0.424264069
 10
140.389334819
 20
219.114754442
 30
3.000000000
 10
140.417857220
 20
219.143268973
 30
3.000000000
  0
SPLINE
  5
BC9
330
A02
100
AcDbEntity
  8
Shape2DView
100
AcDbSpline
210
0
220
0
230
1
 70
8
 71
1
 72
4
 73
2
 74
0
 40
0.000000000
 40
0.000000000
 40
0.640312424
 40
0.640312424
 10
140.417857220
 20
219.143268973
 30
3.000000000
 10
140.465393454
 20
219.181288346
 30
3.000000000
  0
SPLINE
  5
BCA
330
A02
100
AcDbEntity
  8
Shape2DView
100
AcDbSpline
210
0
220
0
230
1
 70
8
 71
1
 72
4
 73
2
 74
0
 40
0.000000000
 40
0.000000000
 40
0.565685425
 40
0.565685425
 10
140.465393454
 20
219.181288346
 30
3.000000000
 10
140.503423322
 20
219.219307720
 30
3.000000000
  0
SPLINE
  5
BCB
330
A02
100
AcDbEntity
  8
Shape2DView
100
AcDbSpline
210
0
220
0
230
1
 70
8
 71
1
 72
4
 73
2
 74
0
 40
0.000000000
 40
0.000000000
 40
1.063014581
 40
1.063014581
 10
140.503423322
 20
219.219307720
 30
3.000000000
 10
140.579481958
 20
219.285841624
 30
3.000000000
  0
SPLINE
  5
BCC
330
A02
100
AcDbEntity
  8
Shape2DView
100
AcDbSpline
210
0
220
0
230
1
 70
8
 71
1
 72
4
 73
2
 74
0
 40
0.000000000
 40
0.000000000
 40
1.063014581
 40
1.063014581
 10
140.579481958
 20
219.285841624
 30
3.000000000
 10
140.655540593
 20
219.352375528
 30
3.000000000
  0
SPLINE
  5
BCD
330
A02
100
AcDbEntity
  8
Shape2DView
100
AcDbSpline
210
0
220
0
230
1
 70
8
 71
1
 72
4
 73
2
 74
0
 40
0.000000000
 40
0.000000000
 40
1.063014581
 40
1.063014581
 10
140.655540593
 20
219.352375528
 30
3.000000000
 10
140.731599228
 20
219.418909432
 30
3.000000000
  0
SPLINE
  5
BCE
330
A02
100
AcDbEntity
  8
Shape2DView
100
AcDbSpline
210
0
220
0
230
1
 70
8
 71
1
 72
4
 73
2
 74
0
 40
0.000000000
 40
0.000000000
 40
0.989949494
 40
0.989949494
 10
140.731599228
 20
219.418909432
 30
3.000000000
 10
140.798151498
 20
219.485443336
 30
3.000000000
  0
SPLINE
  5
BCF
330
A02
100
AcDbEntity
  8
Shape2DView
100
AcDbSpline
210
0
220
0
230
1
 70
8
 71
1
 72
4
 73
2
 74
0
 40
0.000000000
 40
0.000000000
 40
2.701851217
 40
2.701851217
 10
140.798151498
 20
219.485443336
 30
3.000000000
 10
140.959782844
 20
219.685045047
 30
3.000000000
  0
SPLINE
  5
BD0
330
A02
100
AcDbEntity
  8
Shape2DView
100
AcDbSpline
210
0
220
0
230
1
 70
8
 71
1
 72
4
 73
2
 74
0
 40
0.000000000
 40
0.000000000
 40
1.131370850
 40
1.131370850
 10
140.959782844
 20
219.685045047
 30
3.000000000
 10
141.035842581
 20
219.761083795
 30
3.000000000
  0
SPLINE
  5
BD1
330
A02
100
AcDbEntity
  8
Shape2DView
100
AcDbSpline
210
0
220
0
230
1
 70
8
 71
1
 72
4
 73
2
 74
0
 40
0.000000000
 40
0.000000000
 40
1.131370850
 40
1.131370850
 10
141.035842581
 20
219.761083795
 30
3.000000000
 10
141.111902317
 20
219.837122542
 30
3.000000000
  0
SPLINE
  5
BD2
330
A02
100
AcDbEntity
  8
Shape2DView
100
AcDbSpline
210
0
220
0
230
1
 70
8
 71
1
 72
4
 73
2
 74
0
 40
0.000000000
 40
0.000000000
 40
1.131370850
 40
1.131370850
 10
141.111902317
 20
219.837122542
 30
3.000000000
 10
141.187962054
 20
219.913161289
 30
3.000000000
  0
SPLINE
  5
BD3
330
A02
100
AcDbEntity
  8
Shape2DView
100
AcDbSpline
210
0
220
0
230
1
 70
8
 71
1
 72
4
 73
2
 74
0
 40
0.000000000
 40
0.000000000
 40
1.421267040
 40
1.421267040
 10
141.187962054
 20
219.913161289
 30
3.000000000
 10
141.292541989
 20
219.998704880
 30
3.000000000
  0
SPLINE
  5
BD4
330
A02
100
AcDbEntity
  8
Shape2DView
100
AcDbSpline
210
0
220
0
230
1
 70
8
 71
1
 72
4
 73
2
 74
0
 40
0.000000000
 40
0.000000000
 40
43.600000000
 40
43.600000000
 10
142.489900170
 20
216.168252983
 30
3.000000000
 10
142.490380407
 20
220.312364713
 30
3.000000000
  0
SPLINE
  5
BD5
330
A02
100
AcDbEntity
  8
Shape2DView
100
AcDbSpline
210
0
220
0
230
1
 70
8
 71
3
 72
8
 73
4
 74
0
 40
0.000000000
 40
0.000000000
 40
0.000000000
 40
0.000000000
 40
1.000000000
 40
1.000000000
 40
1.000000000
 40
1.000000000
 10
142.490380407
 20
220.312364713
 30
3.000000000
 10
142.709042237
 20
220.445432521
 30
3.000000000
 10
142.851666359
 20
220.692558449
 30
3.000000000
 10
142.851698301
 20
220.968198909
 30
3.000000000
  0
SPLINE
  5
BD6
330
A02
100
AcDbEntity
  8
Shape2DView
100
AcDbSpline
210
0
220
0
230
1
 70
8
 71
2
 72
6
 73
3
 74
0
 40
0.000000000
 40
0.000000000
 40
0.000000000
 40
1.000000000
 40
1.000000000
 40
1.000000000
 10
142.851698301
 20
220.968198909
 30
3.000000000
 10
142.851709867
 20
221.067999764
 30
3.000000000
 10
142.823202335
 20
221.167800620
 30
3.000000000
  0
SPLINE
  5
BD7
330
A02
100
AcDbEntity
  8
Shape2DView
100
AcDbSpline
210
0
220
0
230
1
 70
8
 71
1
 72
4
 73
2
 74
0
 40
0.000000000
 40
0.000000000
 40
0.424264069
 40
0.424264069
 10
142.823202335
 20
221.167800620
 30
3.000000000
 10
142.794679934
 20
221.139286090
 30
3.000000000
  0
SPLINE
  5
BD8
330
A02
100
AcDbEntity
  8
Shape2DView
100
AcDbSpline
210
0
220
0
230
1
 70
8
 71
1
 72
4
 73
2
 74
0
 40
0.000000000
 40
0.000000000
 40
1.280624847
 40
1.280624847
 10
142.794679934
 20
221.139286090
 30
3.000000000
 10
142.699607466
 20
221.063247343
 30
3.000000000
  0
SPLINE
  5
BD9
330
A02
100
AcDbEntity
  8
Shape2DView
100
AcDbSpline
210
0
220
0
230
1
 70
8
 71
1
 72
4
 73
2
 74
0
 40
0.000000000
 40
0.000000000
 40
1.280624847
 40
1.280624847
 10
142.699607466
 20
221.063247343
 30
3.000000000
 10
142.604534998
 20
220.987208595
 30
3.000000000
  0
SPLINE
  5
BDA
330
A02
100
AcDbEntity
  8
Shape2DView
100
AcDbSpline
210
0
220
0
230
1
 70
8
 71
1
 72
4
 73
2
 74
0
 40
0.000000000
 40
0.000000000
 40
1.280624847
 40
1.280624847
 10
142.604534998
 20
220.987208595
 30
3.000000000
 10
142.509462530
 20
220.911169848
 30
3.000000000
  0
SPLINE
  5
BDB
330
A02
100
AcDbEntity
  8
Shape2DView
100
AcDbSpline
210
0
220
0
230
1
 70
8
 71
1
 72
4
 73
2
 74
0
 40
0.000000000
 40
0.000000000
 40
0.640312424
 40
0.640312424
 10
142.509462530
 20
220.911169848
 30
3.000000000
 10
142.461926296
 20
220.873150474
 30
3.000000000
  0
SPLINE
  5
BDC
330
A02
100
AcDbEntity
  8
Shape2DView
100
AcDbSpline
210
0
220
0
230
1
 70
8
 71
1
 72
4
 73
2
 74
0
 40
0.000000000
 40
0.000000000
 40
0.700000000
 40
0.700000000
 10
142.461926296
 20
220.873150474
 30
3.000000000
 10
142.461918586
 20
220.806616570
 30
3.000000000
  0
SPLINE
  5
BDD
330
A02
100
AcDbEntity
  8
Shape2DView
100
AcDbSpline
210
0
220
0
230
1
 70
8
 71
1
 72
4
 73
2
 74
0
 40
0.000000000
 40
0.000000000
 40
3.111269837
 40
3.111269837
 10
142.461918586
 20
220.806616570
 30
3.000000000
 10
142.252754310
 20
220.597510015
 30
3.000000000
  0
SPLINE
  5
BDE
330
A02
100
AcDbEntity
  8
Shape2DView
100
AcDbSpline
210
0
220
0
230
1
 70
8
 71
1
 72
4
 73
2
 74
0
 40
0.000000000
 40
0.000000000
 40
1.100000000
 40
1.100000000
 10
142.252754310
 20
220.597510015
 30
3.000000000
 10
142.148184288
 20
220.597510015
 30
3.000000000
  0
SPLINE
  5
BDF
330
A02
100
AcDbEntity
  8
Shape2DView
100
AcDbSpline
210
0
220
0
230
1
 70
8
 71
1
 72
4
 73
2
 74
0
 40
0.000000000
 40
0.000000000
 40
2.000000000
 40
2.000000000
 10
142.148184288
 20
220.597510015
 30
3.000000000
 10
141.958056975
 20
220.597510015
 30
3.000000000
  0
SPLINE
  5
BE0
330
A02
100
AcDbEntity
  8
Shape2DView
100
AcDbSpline
210
0
220
0
230
1
 70
8
 71
1
 72
4
 73
2
 74
0
 40
0.000000000
 40
0.000000000
 40
0.200000000
 40
0.200000000
 10
141.958056975
 20
220.597510015
 30
3.000000000
 10
141.939044244
 20
220.597510015
 30
3.000000000
  0
SPLINE
  5
BE1
330
A02
100
AcDbEntity
  8
Shape2DView
100
AcDbSpline
210
0
220
0
230
1
 70
8
 71
1
 72
4
 73
2
 74
0
 40
0.000000000
 40
0.000000000
 40
3.330165161
 40
3.330165161
 10
141.939044244
 20
220.597510015
 30
3.000000000
 10
141.701409335
 20
220.806616570
 30
3.000000000
  0
SPLINE
  5
BE2
330
A02
100
AcDbEntity
  8
Shape2DView
100
AcDbSpline
210
0
220
0
230
1
 70
8
 71
1
 72
4
 73
2
 74
0
 40
0.000000000
 40
0.000000000
 40
1.500000000
 40
1.500000000
 10
141.701409335
 20
220.806616570
 30
3.000000000
 10
141.701425857
 20
220.949189222
 30
3.000000000
  0
SPLINE
  5
BE3
330
A02
100
AcDbEntity
  8
Shape2DView
100
AcDbSpline
210
0
220
0
230
1
 70
8
 71
1
 72
4
 73
2
 74
0
 40
0.000000000
 40
0.000000000
 40
1.800000000
 40
1.800000000
 10
141.701425857
 20
220.949189222
 30
3.000000000
 10
141.701445684
 20
221.120276403
 30
3.000000000
  0
SPLINE
  5
BE4
330
A02
100
AcDbEntity
  8
Shape2DView
100
AcDbSpline
210
0
220
0
230
1
 70
8
 71
1
 72
4
 73
2
 74
0
 40
0.000000000
 40
0.000000000
 40
0.100000000
 40
0.100000000
 10
141.701445684
 20
221.120276403
 30
3.000000000
 10
141.701446785
 20
221.129781247
 30
3.000000000
  0
SPLINE
  5
BE5
330
A02
100
AcDbEntity
  8
Shape2DView
100
AcDbSpline
210
0
220
0
230
1
 70
8
 71
1
 72
4
 73
2
 74
0
 40
0.000000000
 40
0.000000000
 40
3.606937759
 40
3.606937759
 10
141.701446785
 20
221.129781247
 30
3.000000000
 10
141.939134564
 20
221.376907175
 30
3.000000000
  0
SPLINE
  5
BE6
330
A02
100
AcDbEntity
  8
Shape2DView
100
AcDbSpline
210
0
220
0
230
1
 70
8
 71
1
 72
4
 73
2
 74
0
 40
0.000000000
 40
0.000000000
 40
0.500000000
 40
0.500000000
 10
141.939134564
 20
221.376907175
 30
3.000000000
 10
141.986666392
 20
221.376907175
 30
3.000000000
  0
SPLINE
  5
BE7
330
A02
100
AcDbEntity
  8
Shape2DView
100
AcDbSpline
210
0
220
0
230
1
 70
8
 71
1
 72
4
 73
2
 74
0
 40
0.000000000
 40
0.000000000
 40
1.345362405
 40
1.345362405
 10
141.986666392
 20
221.376907175
 30
3.000000000
 10
142.081739961
 20
221.462450766
 30
3.000000000
  0
SPLINE
  5
BE8
330
A02
100
AcDbEntity
  8
Shape2DView
100
AcDbSpline
210
0
220
0
230
1
 70
8
 71
1
 72
4
 73
2
 74
0
 40
0.000000000
 40
0.000000000
 40
0.640312424
 40
0.640312424
 10
142.081739961
 20
221.462450766
 30
3.000000000
 10
142.129276195
 20
221.500470140
 30
3.000000000
  0
SPLINE
  5
BE9
330
A02
100
AcDbEntity
  8
Shape2DView
100
AcDbSpline
210
0
220
0
230
1
 70
8
 71
1
 72
4
 73
2
 74
0
 40
0.000000000
 40
0.000000000
 40
0.640312424
 40
0.640312424
 10
142.129276195
 20
221.500470140
 30
3.000000000
 10
142.176812429
 20
221.538489514
 30
3.000000000
  0
SPLINE
  5
BEA
330
A02
100
AcDbEntity
  8
Shape2DView
100
AcDbSpline
210
0
220
0
230
1
 70
8
 71
1
 72
4
 73
2
 74
0
 40
0.000000000
 40
0.000000000
 40
0.282842712
 40
0.282842712
 10
142.176812429
 20
221.538489514
 30
3.000000000
 10
142.195827363
 20
221.557499200
 30
3.000000000
  0
SPLINE
  5
BEB
330
A02
100
AcDbEntity
  8
Shape2DView
100
AcDbSpline
210
0
220
0
230
1
 70
8
 71
1
 72
4
 73
2
 74
0
 40
0.000000000
 40
0.000000000
 40
0.282842712
 40
0.282842712
 10
142.195827363
 20
221.557499200
 30
3.000000000
 10
142.214842298
 20
221.576508887
 30
3.000000000
  0
SPLINE
  5
BEC
330
A02
100
AcDbEntity
  8
Shape2DView
100
AcDbSpline
210
0
220
0
230
1
 70
8
 71
1
 72
4
 73
2
 74
0
 40
0.000000000
 40
0.000000000
 40
0.640312424
 40
0.640312424
 10
142.214842298
 20
221.576508887
 30
3.000000000
 10
142.262378532
 20
221.614528261
 30
3.000000000
  0
SPLINE
  5
BED
330
A02
100
AcDbEntity
  8
Shape2DView
100
AcDbSpline
210
0
220
0
230
1
 70
8
 71
1
 72
4
 73
2
 74
0
 40
0.000000000
 40
0.000000000
 40
0.707106781
 40
0.707106781
 10
142.262378532
 20
221.614528261
 30
3.000000000
 10
142.309915867
 20
221.662052478
 30
3.000000000
  0
SPLINE
  5
BEE
330
A02
100
AcDbEntity
  8
Shape2DView
100
AcDbSpline
210
0
220
0
230
1
 70
8
 71
1
 72
4
 73
2
 74
0
 40
0.000000000
 40
0.000000000
 40
0.565685425
 40
0.565685425
 10
142.309915867
 20
221.662052478
 30
3.000000000
 10
142.347945735
 20
221.700071852
 30
3.000000000
  0
SPLINE
  5
BEF
330
A02
100
AcDbEntity
  8
Shape2DView
100
AcDbSpline
210
0
220
0
230
1
 70
8
 71
2
 72
6
 73
3
 74
0
 40
0.000000000
 40
0.000000000
 40
0.000000000
 40
1.000000000
 40
1.000000000
 40
1.000000000
 10
142.347945735
 20
221.700071852
 30
3.000000000
 10
142.231497438
 20
221.740467436
 30
3.000000000
 10
142.100784635
 20
221.738091225
 30
3.000000000
  0
SPLINE
  5
BF0
330
A02
100
AcDbEntity
  8
Shape2DView
100
AcDbSpline
210
0
220
0
230
1
 70
8
 71
3
 72
8
 73
4
 74
0
 40
0.000000000
 40
0.000000000
 40
0.000000000
 40
0.000000000
 40
1.000000000
 40
1.000000000
 40
1.000000000
 40
1.000000000
 10
142.100784635
 20
221.738091225
 30
3.000000000
 10
141.672998182
 20
221.738091225
 30
3.000000000
 10
141.330729366
 20
221.395916862
 30
3.000000000
 10
141.330679801
 20
220.968198909
 30
3.000000000
  0
SPLINE
  5
BF1
330
A02
100
AcDbEntity
  8
Shape2DView
100
AcDbSpline
210
0
220
0
230
1
 70
8
 71
2
 72
6
 73
3
 74
0
 40
0.000000000
 40
0.000000000
 40
0.000000000
 40
1.000000000
 40
1.000000000
 40
1.000000000
 10
141.330679801
 20
220.968198909
 30
3.000000000
 10
141.328283383
 20
220.797111727
 30
3.000000000
 10
141.397188012
 20
220.654539076
 30
3.000000000
  0
SPLINE
  5
BF2
330
A02
100
AcDbEntity
  8
Shape2DView
100
AcDbSpline
210
0
220
0
230
1
 70
8
 71
2
 72
6
 73
3
 74
0
 40
0.000000000
 40
0.000000000
 40
0.000000000
 40
1.000000000
 40
1.000000000
 40
1.000000000
 10
141.397188012
 20
220.654539076
 30
3.000000000
 10
141.485098488
 20
220.452561153
 30
3.000000000
 10
141.672834064
 20
220.321869556
 30
3.000000000
  0
SPLINE
  5
BF3
330
A02
100
AcDbEntity
  8
Shape2DView
100
AcDbSpline
210
0
220
0
230
1
 70
8
 71
1
 72
4
 73
2
 74
0
 40
0.000000000
 40
0.000000000
 40
1.000000000
 40
1.000000000
 10
141.672834064
 20
220.321869556
 30
3.000000000
 10
141.720362588
 20
220.293355026
 30
3.000000000
  0
SPLINE
  5
BF4
330
A02
100
AcDbEntity
  8
Shape2DView
100
AcDbSpline
210
0
220
0
230
1
 70
8
 71
1
 72
4
 73
2
 74
0
 40
0.000000000
 40
0.000000000
 40
43.400000000
 40
43.400000000
 10
141.720362588
 20
220.293355026
 30
3.000000000
 10
141.719884554
 20
216.168252983
 30
3.000000000
  0
SPLINE
  5
BF5
330
A02
100
AcDbEntity
  8
Shape2DView
100
AcDbSpline
210
0
220
0
230
1
 70
8
 71
3
 72
8
 73
4
 74
0
 40
0.000000000
 40
0.000000000
 40
0.000000000
 40
0.000000000
 40
1.000000000
 40
1.000000000
 40
1.000000000
 40
1.000000000
 10
141.719884554
 20
216.168252983
 30
3.000000000
 10
141.396651601
 20
216.025680332
 30
3.000000000
 10
141.158953909
 20
215.693010813
 30
3.000000000
 10
141.158909851
 20
215.312817076
 30
3.000000000
  0
SPLINE
  5
BF6
330
A02
100
AcDbEntity
  8
Shape2DView
100
AcDbSpline
210
0
220
0
230
1
 70
8
 71
3
 72
8
 73
4
 74
0
 40
0.000000000
 40
0.000000000
 40
0.000000000
 40
0.000000000
 40
1.000000000
 40
1.000000000
 40
1.000000000
 40
1.000000000
 10
141.158909851
 20
215.312817076
 30
3.000000000
 10
141.158875706
 20
215.018166930
 30
3.000000000
 10
141.291933984
 20
214.752031314
 30
3.000000000
 10
141.510560567
 20
214.580944133
 30
3.000000000
  0
SPLINE
  5
BF7
330
A02
100
AcDbEntity
  8
Shape2DView
100
AcDbSpline
210
0
220
0
230
1
 70
8
 71
1
 72
4
 73
2
 74
0
 40
0.000000000
 40
0.000000000
 40
0.900000000
 40
0.900000000
 10
141.510560567
 20
214.580944133
 30
3.000000000
 10
141.596117858
 20
214.580944133
 30
3.000000000
  0
SPLINE
  5
BF8
330
A02
100
AcDbEntity
  8
Shape2DView
100
AcDbSpline
210
0
220
0
230
1
 70
8
 71
1
 72
4
 73
2
 74
0
 40
0.000000000
 40
0.000000000
 40
6.200000000
 40
6.200000000
 10
141.596117858
 20
214.580944133
 30
3.000000000
 10
141.596186148
 20
215.170244425
 30
3.000000000
  0
SPLINE
  5
BF9
330
A02
100
AcDbEntity
  8
Shape2DView
100
AcDbSpline
210
0
220
0
230
1
 70
8
 71
1
 72
4
 73
2
 74
0
 40
0.000000000
 40
0.000000000
 40
6.762396025
 40
6.762396025
 10
141.596186148
 20
215.170244425
 30
3.000000000
 10
142.100069788
 20
215.569447848
 30
3.000000000
  0
SPLINE
  5
BFA
330
A02
100
AcDbEntity
  8
Shape2DView
100
AcDbSpline
210
0
220
0
230
1
 70
8
 71
1
 72
4
 73
2
 74
0
 40
0.000000000
 40
0.000000000
 40
6.841052551
 40
6.841052551
 10
142.100069788
 20
215.569447848
 30
3.000000000
 10
142.613367270
 20
215.170244425
 30
3.000000000
  0
SPLINE
  5
BFB
330
A02
100
AcDbEntity
  8
Shape2DView
100
AcDbSpline
210
0
220
0
230
1
 70
8
 71
1
 72
4
 73
2
 74
0
 40
0.000000000
 40
0.000000000
 40
6.200000000
 40
6.200000000
 10
142.613367270
 20
215.170244425
 30
3.000000000
 10
142.613298980
 20
214.580944133
 30
3.000000000
  0
SPLINE
  5
BFC
330
A02
100
AcDbEntity
  8
Shape2DView
100
AcDbSpline
210
0
220
0
230
1
 70
8
 71
1
 72
4
 73
2
 74
0
 40
0.000000000
 40
0.000000000
 40
0.800000000
 40
0.800000000
 10
142.613298980
 20
214.580944133
 30
3.000000000
 10
142.689349905
 20
214.580944133
 30
3.000000000
  0
SPLINE
  5
BFD
330
A02
100
AcDbEntity
  8
Shape2DView
100
AcDbSpline
210
0
220
0
230
1
 70
8
 71
1
 72
4
 73
2
 74
0
 40
0.000000000
 40
0.000000000
 40
0.100000000
 40
0.100000000
 10
142.689349905
 20
214.580944133
 30
3.000000000
 10
142.698856271
 20
214.580944133
 30
3.000000000
  0
SPLINE
  5
BFE
330
A02
100
AcDbEntity
  8
Shape2DView
100
AcDbSpline
210
0
220
0
230
1
 70
8
 71
3
 72
8
 73
4
 74
0
 40
0.000000000
 40
0.000000000
 40
0.000000000
 40
0.000000000
 40
1.000000000
 40
1.000000000
 40
1.000000000
 40
1.000000000
 10
142.698856271
 20
214.580944133
 30
3.000000000
 10
142.917522506
 20
214.752031314
 30
3.000000000
 10
143.050642466
 20
215.018166930
 30
3.000000000
 10
143.050676611
 20
215.312817076
 30
3.000000000
  0
SPLINE
  5
BFF
330
A02
100
AcDbEntity
  8
Shape2DView
100
AcDbSpline
210
0
220
0
230
1
 70
8
 71
3
 72
8
 73
4
 74
0
 40
0.000000000
 40
0.000000000
 40
0.000000000
 40
0.000000000
 40
1.000000000
 40
1.000000000
 40
1.000000000
 40
1.000000000
 10
143.050676611
 20
215.312817076
 30
3.000000000
 10
143.041214304
 20
215.693010813
 30
3.000000000
 10
142.813100080
 20
216.025680332
 30
3.000000000
 10
142.489900170
 20
216.168252983
 30
3.000000000
  0
SPLINE
  5
C00
330
A02
100
AcDbEntity
  8
Shape2DView
100
AcDbSpline
210
0
220
0
230
1
 70
8
 71
3
 72
8
 73
4
 74
0
 40
0.000000000
 40
0.000000000
 40
0.000000000
 40
0.000000000
 40
1.000000000
 40
1.000000000
 40
1.000000000
 40
1.000000000
 10
142.176205525
 20
216.301320791
 30
3.000000000
 10
142.176203322
 20
216.282311104
 30
3.000000000
 10
142.166695855
 20
216.272806261
 30
3.000000000
 10
142.166693652
 20
216.253796574
 30
3.000000000
  0
SPLINE
  5
C01
330
A02
100
AcDbEntity
  8
Shape2DView
100
AcDbSpline
210
0
220
0
230
1
 70
8
 71
2
 72
6
 73
3
 74
0
 40
0.000000000
 40
0.000000000
 40
0.000000000
 40
1.000000000
 40
1.000000000
 40
1.000000000
 10
142.166693652
 20
216.253796574
 30
3.000000000
 10
142.138169323
 20
216.208648568
 30
3.000000000
 10
142.081130854
 20
216.206272357
 30
3.000000000
  0
SPLINE
  5
C02
330
A02
100
AcDbEntity
  8
Shape2DView
100
AcDbSpline
210
0
220
0
230
1
 70
8
 71
2
 72
6
 73
3
 74
0
 40
0.000000000
 40
0.000000000
 40
0.000000000
 40
1.000000000
 40
1.000000000
 40
1.000000000
 10
142.081130854
 20
216.206272357
 30
3.000000000
 10
142.024092936
 20
216.208648568
 30
3.000000000
 10
141.995579071
 20
216.253796574
 30
3.000000000
  0
SPLINE
  5
C03
330
A02
100
AcDbEntity
  8
Shape2DView
100
AcDbSpline
210
0
220
0
230
1
 70
8
 71
2
 72
6
 73
3
 74
0
 40
0.000000000
 40
0.000000000
 40
0.000000000
 40
1.000000000
 40
1.000000000
 40
1.000000000
 10
141.995579071
 20
216.253796574
 30
3.000000000
 10
141.983698041
 20
216.270430050
 30
3.000000000
 10
141.986078213
 20
216.301320791
 30
3.000000000
  0
SPLINE
  5
C04
330
A02
100
AcDbEntity
  8
Shape2DView
100
AcDbSpline
210
0
220
0
230
1
 70
8
 71
1
 72
4
 73
2
 74
0
 40
0.000000000
 40
0.000000000
 40
37.200000000
 40
37.200000000
 10
141.986078213
 20
216.301320791
 30
3.000000000
 10
141.986487955
 20
219.837122542
 30
3.000000000
  0
SPLINE
  5
C05
330
A02
100
AcDbEntity
  8
Shape2DView
100
AcDbSpline
210
0
220
0
230
1
 70
8
 71
3
 72
8
 73
4
 74
0
 40
0.000000000
 40
0.000000000
 40
0.000000000
 40
0.000000000
 40
1.000000000
 40
1.000000000
 40
1.000000000
 40
1.000000000
 10
141.986487955
 20
219.837122542
 30
3.000000000
 10
141.986494564
 20
219.894151603
 30
3.000000000
 10
142.034030798
 20
219.932170976
 30
3.000000000
 10
142.081562626
 20
219.932170976
 30
3.000000000
  0
SPLINE
  5
C06
330
A02
100
AcDbEntity
  8
Shape2DView
100
AcDbSpline
210
0
220
0
230
1
 70
8
 71
3
 72
8
 73
4
 74
0
 40
0.000000000
 40
0.000000000
 40
0.000000000
 40
0.000000000
 40
1.000000000
 40
1.000000000
 40
1.000000000
 40
1.000000000
 10
142.081562626
 20
219.932170976
 30
3.000000000
 10
142.138600820
 20
219.932170976
 30
3.000000000
 10
142.176620775
 20
219.884646759
 30
3.000000000
 10
142.176615268
 20
219.837122542
 30
3.000000000
  0
SPLINE
  5
C07
330
A02
100
AcDbEntity
  8
Shape2DView
100
AcDbSpline
210
0
220
0
230
1
 70
8
 71
1
 72
4
 73
2
 74
0
 40
0.000000000
 40
0.000000000
 40
37.200000000
 40
37.200000000
 10
142.176615268
 20
219.837122542
 30
3.000000000
 10
142.176205525
 20
216.301320791
 30
3.000000000
  0
SPLINE
  5
C08
330
A02
100
AcDbEntity
  8
Shape2DView
100
AcDbSpline
210
0
220
0
230
1
 70
8
 71
3
 72
8
 73
4
 74
0
 40
0.000000000
 40
0.000000000
 40
0.000000000
 40
0.000000000
 40
1.000000000
 40
1.000000000
 40
1.000000000
 40
1.000000000
 10
136.530037854
 20
221.595518574
 30
3.000000000
 10
136.406468318
 20
221.709576695
 30
3.000000000
 10
136.330426205
 20
221.785615442
 30
3.000000000
 10
136.330428408
 20
221.804625129
 30
3.000000000
  0
SPLINE
  5
C09
330
A02
100
AcDbEntity
  8
Shape2DView
100
AcDbSpline
210
0
220
0
230
1
 70
8
 71
3
 72
8
 73
4
 74
0
 40
0.000000000
 40
0.000000000
 40
0.000000000
 40
0.000000000
 40
1.000000000
 40
1.000000000
 40
1.000000000
 40
1.000000000
 10
136.330428408
 20
221.804625129
 30
3.000000000
 10
136.301921427
 20
221.909178407
 30
3.000000000
 10
136.320962796
 20
222.156304336
 30
3.000000000
 10
136.130855310
 20
222.327391517
 30
3.000000000
  0
SPLINE
  5
C0A
330
A02
100
AcDbEntity
  8
Shape2DView
100
AcDbSpline
210
0
220
0
230
1
 70
8
 71
3
 72
8
 73
4
 74
0
 40
0.000000000
 40
0.000000000
 40
0.000000000
 40
0.000000000
 40
1.000000000
 40
1.000000000
 40
1.000000000
 40
1.000000000
 10
136.130855310
 20
222.327391517
 30
3.000000000
 10
135.959758352
 20
222.479469012
 30
3.000000000
 10
135.807660908
 20
222.517488385
 30
3.000000000
 10
135.712597251
 20
222.517488385
 30
3.000000000
  0
SPLINE
  5
C0B
330
A02
100
AcDbEntity
  8
Shape2DView
100
AcDbSpline
210
0
220
0
230
1
 70
8
 71
1
 72
4
 73
2
 74
0
 40
0.000000000
 40
0.000000000
 40
1.000000000
 40
1.000000000
 10
135.712597251
 20
222.517488385
 30
3.000000000
 10
135.674571789
 20
222.517488385
 30
3.000000000
  0
SPLINE
  5
C0C
330
A02
100
AcDbEntity
  8
Shape2DView
100
AcDbSpline
210
0
220
0
230
1
 70
8
 71
2
 72
6
 73
3
 74
0
 40
0.000000000
 40
0.000000000
 40
0.000000000
 40
1.000000000
 40
1.000000000
 40
1.000000000
 10
135.674571789
 20
222.517488385
 30
3.000000000
 10
135.560495126
 20
222.515112175
 30
3.000000000
 10
135.503455004
 20
222.498478699
 30
3.000000000
  0
SPLINE
  5
C0D
330
A02
100
AcDbEntity
  8
Shape2DView
100
AcDbSpline
210
0
220
0
230
1
 70
8
 71
1
 72
4
 73
2
 74
0
 40
0.000000000
 40
0.000000000
 40
1.000000000
 40
1.000000000
 10
135.503455004
 20
222.498478699
 30
3.000000000
 10
135.417894409
 20
222.469964168
 30
3.000000000
  0
SPLINE
  5
C0E
330
A02
100
AcDbEntity
  8
Shape2DView
100
AcDbSpline
210
0
220
0
230
1
 70
8
 71
2
 72
6
 73
3
 74
0
 40
0.000000000
 40
0.000000000
 40
0.000000000
 40
1.000000000
 40
1.000000000
 40
1.000000000
 10
135.417894409
 20
222.469964168
 30
3.000000000
 10
135.389373385
 20
222.453330692
 30
3.000000000
 10
135.389373110
 20
222.450954481
 30
3.000000000
  0
SPLINE
  5
C0F
330
A02
100
AcDbEntity
  8
Shape2DView
100
AcDbSpline
210
0
220
0
230
1
 70
8
 71
1
 72
4
 73
2
 74
0
 40
0.000000000
 40
0.000000000
 40
4.742362281
 40
4.742362281
 10
135.389373110
 20
222.450954481
 30
3.000000000
 10
135.722060660
 20
222.146799492
 30
3.000000000
  0
SPLINE
  5
C10
330
A02
100
AcDbEntity
  8
Shape2DView
100
AcDbSpline
210
0
220
0
230
1
 70
8
 71
3
 72
8
 73
4
 74
0
 40
0.000000000
 40
0.000000000
 40
0.000000000
 40
0.000000000
 40
1.000000000
 40
1.000000000
 40
1.000000000
 40
1.000000000
 10
135.722060660
 20
222.146799492
 30
3.000000000
 10
135.741063478
 20
222.061255901
 30
3.000000000
 10
135.731549402
 20
221.994721997
 30
3.000000000
 10
135.712530062
 20
221.937692937
 30
3.000000000
  0
SPLINE
  5
C11
330
A02
100
AcDbEntity
  8
Shape2DView
100
AcDbSpline
210
0
220
0
230
1
 70
8
 71
3
 72
8
 73
4
 74
0
 40
0.000000000
 40
0.000000000
 40
0.000000000
 40
0.000000000
 40
1.000000000
 40
1.000000000
 40
1.000000000
 40
1.000000000
 10
135.712530062
 20
221.937692937
 30
3.000000000
 10
135.693514027
 20
221.909178407
 30
3.000000000
 10
135.674495788
 20
221.861654190
 30
3.000000000
 10
135.645974488
 20
221.842644503
 30
3.000000000
  0
SPLINE
  5
C12
330
A02
100
AcDbEntity
  8
Shape2DView
100
AcDbSpline
210
0
220
0
230
1
 70
8
 71
1
 72
4
 73
2
 74
0
 40
0.000000000
 40
0.000000000
 40
1.000000000
 40
1.000000000
 10
135.645974488
 20
221.842644503
 30
3.000000000
 10
135.569916954
 20
221.785615442
 30
3.000000000
  0
SPLINE
  5
C13
330
A02
100
AcDbEntity
  8
Shape2DView
100
AcDbSpline
210
0
220
0
230
1
 70
8
 71
1
 72
4
 73
2
 74
0
 40
0.000000000
 40
0.000000000
 40
1.000000000
 40
1.000000000
 10
135.569916954
 20
221.785615442
 30
3.000000000
 10
135.503369091
 20
221.757100912
 30
3.000000000
  0
SPLINE
  5
C14
330
A02
100
AcDbEntity
  8
Shape2DView
100
AcDbSpline
210
0
220
0
230
1
 70
8
 71
1
 72
4
 73
2
 74
0
 40
0.000000000
 40
0.000000000
 40
4.393176527
 40
4.393176527
 10
135.503369091
 20
221.757100912
 30
3.000000000
 10
135.189690967
 20
222.032741371
 30
3.000000000
  0
SPLINE
  5
C15
330
A02
100
AcDbEntity
  8
Shape2DView
100
AcDbSpline
210
0
220
0
230
1
 70
8
 71
1
 72
4
 73
2
 74
0
 40
0.000000000
 40
0.000000000
 40
1.603121954
 40
1.603121954
 10
135.189690967
 20
222.032741371
 30
3.000000000
 10
135.037588016
 20
222.023236528
 30
3.000000000
  0
SPLINE
  5
C16
330
A02
100
AcDbEntity
  8
Shape2DView
100
AcDbSpline
210
0
220
0
230
1
 70
8
 71
3
 72
8
 73
4
 74
0
 40
0.000000000
 40
0.000000000
 40
0.000000000
 40
0.000000000
 40
1.000000000
 40
1.000000000
 40
1.000000000
 40
1.000000000
 10
135.037588016
 20
222.023236528
 30
3.000000000
 10
135.037588016
 20
222.023236528
 30
3.000000000
 10
134.961501844
 20
221.719081538
 30
3.000000000
 10
135.265674703
 20
221.452945923
 30
3.000000000
  0
SPLINE
  5
C17
330
A02
100
AcDbEntity
  8
Shape2DView
100
AcDbSpline
210
0
220
0
230
1
 70
8
 71
3
 72
8
 73
4
 74
0
 40
0.000000000
 40
0.000000000
 40
0.000000000
 40
0.000000000
 40
1.000000000
 40
1.000000000
 40
1.000000000
 40
1.000000000
 10
135.265674703
 20
221.452945923
 30
3.000000000
 10
135.379740076
 20
221.357897489
 30
3.000000000
 10
135.503320626
 20
221.338887802
 30
3.000000000
 10
135.607890648
 20
221.338887802
 30
3.000000000
  0
SPLINE
  5
C18
330
A02
100
AcDbEntity
  8
Shape2DView
100
AcDbSpline
210
0
220
0
230
1
 70
8
 71
3
 72
8
 73
4
 74
0
 40
0.000000000
 40
0.000000000
 40
0.000000000
 40
0.000000000
 40
1.000000000
 40
1.000000000
 40
1.000000000
 40
1.000000000
 10
135.607890648
 20
221.338887802
 30
3.000000000
 10
135.712460670
 20
221.338887802
 30
3.000000000
 10
135.798020164
 20
221.357897489
 30
3.000000000
 10
135.836045626
 20
221.357897489
 30
3.000000000
  0
SPLINE
  5
C19
330
A02
100
AcDbEntity
  8
Shape2DView
100
AcDbSpline
210
0
220
0
230
1
 70
8
 71
1
 72
4
 73
2
 74
0
 40
0.000000000
 40
0.000000000
 40
0.100000000
 40
0.100000000
 10
135.836045626
 20
221.357897489
 30
3.000000000
 10
135.845551992
 20
221.357897489
 30
3.000000000
  0
SPLINE
  5
C1A
330
A02
100
AcDbEntity
  8
Shape2DView
100
AcDbSpline
210
0
220
0
230
1
 70
8
 71
3
 72
8
 73
4
 74
0
 40
0.000000000
 40
0.000000000
 40
0.000000000
 40
0.000000000
 40
1.000000000
 40
1.000000000
 40
1.000000000
 40
1.000000000
 10
135.845551992
 20
221.357897489
 30
3.000000000
 10
135.864564723
 20
221.357897489
 30
3.000000000
 10
136.140221790
 20
221.120276403
 30
3.000000000
 10
136.539450595
 20
220.787606884
 30
3.000000000
  0
SPLINE
  5
C1B
330
A02
100
AcDbEntity
  8
Shape2DView
100
AcDbSpline
210
0
220
0
230
1
 70
8
 71
1
 72
4
 73
2
 74
0
 40
0.000000000
 40
0.000000000
 40
8.500000000
 40
8.500000000
 10
136.539450595
 20
220.787606884
 30
3.000000000
 10
136.539544220
 20
221.595518574
 30
3.000000000
  0
SPLINE
  5
C1C
330
A02
100
AcDbEntity
  8
Shape2DView
100
AcDbSpline
210
0
220
0
230
1
 70
8
 71
1
 72
4
 73
2
 74
0
 40
0.000000000
 40
0.000000000
 40
0.100000000
 40
0.100000000
 10
136.539544220
 20
221.595518574
 30
3.000000000
 10
136.530037854
 20
221.595518574
 30
3.000000000
  0
SPLINE
  5
C1D
330
A02
100
AcDbEntity
  8
Shape2DView
100
AcDbSpline
210
0
220
0
230
1
 70
8
 71
3
 72
8
 73
4
 74
0
 40
0.000000000
 40
0.000000000
 40
0.000000000
 40
0.000000000
 40
1.000000000
 40
1.000000000
 40
1.000000000
 40
1.000000000
 10
140.493834347
 20
218.506444464
 30
3.000000000
 10
140.256199439
 20
218.715551019
 30
3.000000000
 10
140.037548623
 20
218.677531645
 30
3.000000000
 10
139.904460606
 20
218.687036489
 30
3.000000000
  0
SPLINE
  5
C1E
330
A02
100
AcDbEntity
  8
Shape2DView
100
AcDbSpline
210
0
220
0
230
1
 70
8
 71
3
 72
8
 73
4
 74
0
 40
0.000000000
 40
0.000000000
 40
0.000000000
 40
0.000000000
 40
1.000000000
 40
1.000000000
 40
1.000000000
 40
1.000000000
 10
139.904460606
 20
218.687036489
 30
3.000000000
 10
139.676316642
 20
218.763075236
 30
3.000000000
 10
138.079410233
 20
220.169792062
 30
3.000000000
 10
137.100359211
 20
221.072752186
 30
3.000000000
  0
SPLINE
  5
C1F
330
A02
100
AcDbEntity
  8
Shape2DView
100
AcDbSpline
210
0
220
0
230
1
 70
8
 71
1
 72
4
 73
2
 74
0
 40
0.000000000
 40
0.000000000
 40
8.000000000
 40
8.000000000
 10
137.100359211
 20
221.072752186
 30
3.000000000
 10
137.100271095
 20
220.312364713
 30
3.000000000
  0
SPLINE
  5
C20
330
A02
100
AcDbEntity
  8
Shape2DView
100
AcDbSpline
210
0
220
0
230
1
 70
8
 71
3
 72
8
 73
4
 74
0
 40
0.000000000
 40
0.000000000
 40
0.000000000
 40
0.000000000
 40
1.000000000
 40
1.000000000
 40
1.000000000
 40
1.000000000
 10
137.100271095
 20
220.312364713
 30
3.000000000
 10
138.136360310
 20
219.409404588
 30
3.000000000
 10
139.448105490
 20
218.259318535
 30
3.000000000
 10
139.457607450
 20
218.221299161
 30
3.000000000
  0
SPLINE
  5
C21
330
A02
100
AcDbEntity
  8
Shape2DView
100
AcDbSpline
210
0
220
0
230
1
 70
8
 71
3
 72
8
 73
4
 74
0
 40
0.000000000
 40
0.000000000
 40
0.000000000
 40
0.000000000
 40
1.000000000
 40
1.000000000
 40
1.000000000
 40
1.000000000
 10
139.457607450
 20
218.221299161
 30
3.000000000
 10
139.467106105
 20
218.154765257
 30
3.000000000
 10
139.486078082
 20
217.803086051
 30
3.000000000
 10
139.666678102
 20
217.622494026
 30
3.000000000
  0
SPLINE
  5
C22
330
A02
100
AcDbEntity
  8
Shape2DView
100
AcDbSpline
210
0
220
0
230
1
 70
8
 71
3
 72
8
 73
4
 74
0
 40
0.000000000
 40
0.000000000
 40
0.000000000
 40
0.000000000
 40
1.000000000
 40
1.000000000
 40
1.000000000
 40
1.000000000
 10
139.666678102
 20
217.622494026
 30
3.000000000
 10
139.799751800
 20
217.489426218
 30
3.000000000
 10
139.923330147
 20
217.451406845
 30
3.000000000
 10
140.018393804
 20
217.451406845
 30
3.000000000
  0
SPLINE
  5
C23
330
A02
100
AcDbEntity
  8
Shape2DView
100
AcDbSpline
210
0
220
0
230
1
 70
8
 71
2
 72
6
 73
3
 74
0
 40
0.000000000
 40
0.000000000
 40
0.000000000
 40
1.000000000
 40
1.000000000
 40
1.000000000
 10
140.018393804
 20
217.451406845
 30
3.000000000
 10
140.075432273
 20
217.453783055
 30
3.000000000
 10
140.132472394
 20
217.470416531
 30
3.000000000
  0
SPLINE
  5
C24
330
A02
100
AcDbEntity
  8
Shape2DView
100
AcDbSpline
210
0
220
0
230
1
 70
8
 71
3
 72
8
 73
4
 74
0
 40
0.000000000
 40
0.000000000
 40
0.000000000
 40
0.000000000
 40
1.000000000
 40
1.000000000
 40
1.000000000
 40
1.000000000
 10
140.132472394
 20
217.470416531
 30
3.000000000
 10
140.246549883
 20
217.479921375
 30
3.000000000
 10
140.322606316
 20
217.527445592
 30
3.000000000
 10
140.322606316
 20
217.527445592
 30
3.000000000
  0
SPLINE
  5
C25
330
A02
100
AcDbEntity
  8
Shape2DView
100
AcDbSpline
210
0
220
0
230
1
 70
8
 71
1
 72
4
 73
2
 74
0
 40
0.000000000
 40
0.000000000
 40
4.596737974
 40
4.596737974
 10
140.322606316
 20
217.527445592
 30
3.000000000
 10
140.008931496
 20
217.831600581
 30
3.000000000
  0
SPLINE
  5
C26
330
A02
100
AcDbEntity
  8
Shape2DView
100
AcDbSpline
210
0
220
0
230
1
 70
8
 71
3
 72
8
 73
4
 74
0
 40
0.000000000
 40
0.000000000
 40
0.000000000
 40
0.000000000
 40
1.000000000
 40
1.000000000
 40
1.000000000
 40
1.000000000
 10
140.008931496
 20
217.831600581
 30
3.000000000
 10
140.008934801
 20
217.860115111
 30
3.000000000
 10
140.018472007
 20
218.126250727
 30
3.000000000
 10
140.265647427
 20
218.211794318
 30
3.000000000
  0
SPLINE
  5
C27
330
A02
100
AcDbEntity
  8
Shape2DView
100
AcDbSpline
210
0
220
0
230
1
 70
8
 71
1
 72
4
 73
2
 74
0
 40
0.000000000
 40
0.000000000
 40
4.601086828
 40
4.601086828
 10
140.265647427
 20
218.211794318
 30
3.000000000
 10
140.588829713
 20
217.917144172
 30
3.000000000
  0
SPLINE
  5
C28
330
A02
100
AcDbEntity
  8
Shape2DView
100
AcDbSpline
210
0
220
0
230
1
 70
8
 71
1
 72
4
 73
2
 74
0
 40
0.000000000
 40
0.000000000
 40
1.204159458
 40
1.204159458
 10
140.588829713
 20
217.917144172
 30
3.000000000
 10
140.702907202
 20
217.926649015
 30
3.000000000
  0
SPLINE
  5
C29
330
A02
100
AcDbEntity
  8
Shape2DView
100
AcDbSpline
210
0
220
0
230
1
 70
8
 71
3
 72
8
 73
4
 74
0
 40
0.000000000
 40
0.000000000
 40
0.000000000
 40
0.000000000
 40
1.000000000
 40
1.000000000
 40
1.000000000
 40
1.000000000
 10
140.702907202
 20
217.926649015
 30
3.000000000
 10
140.693399735
 20
217.917144172
 30
3.000000000
 10
140.778994475
 20
218.240308848
 30
3.000000000
 10
140.493834347
 20
218.506444464
 30
3.000000000
  0
SPLINE
  5
C2A
330
A02
100
AcDbEntity
  8
Shape2DView
100
AcDbSpline
210
0
220
0
230
1
 70
8
 71
1
 72
4
 73
2
 74
0
 40
0.000000000
 40
0.000000000
 40
0.509901951
 40
0.509901951
 10
144.039992904
 20
220.958694065
 30
3.000000000
 10
144.030492045
 20
221.006218282
 30
3.000000000
  0
SPLINE
  5
C2B
330
A02
100
AcDbEntity
  8
Shape2DView
100
AcDbSpline
210
0
220
0
230
1
 70
8
 71
1
 72
4
 73
2
 74
0
 40
0.000000000
 40
0.000000000
 40
0.412310563
 40
0.412310563
 10
144.030492045
 20
221.006218282
 30
3.000000000
 10
144.020990086
 20
221.044237656
 30
3.000000000
  0
SPLINE
  5
C2C
330
A02
100
AcDbEntity
  8
Shape2DView
100
AcDbSpline
210
0
220
0
230
1
 70
8
 71
1
 72
4
 73
2
 74
0
 40
0.000000000
 40
0.000000000
 40
0.412310563
 40
0.412310563
 10
144.020990086
 20
221.044237656
 30
3.000000000
 10
144.011488126
 20
221.082257030
 30
3.000000000
  0
SPLINE
  5
C2D
330
A02
100
AcDbEntity
  8
Shape2DView
100
AcDbSpline
210
0
220
0
230
1
 70
8
 71
1
 72
4
 73
2
 74
0
 40
0.000000000
 40
0.000000000
 40
0.538516481
 40
0.538516481
 10
144.011488126
 20
221.082257030
 30
3.000000000
 10
143.992480902
 20
221.129781247
 30
3.000000000
  0
SPLINE
  5
C2E
330
A02
100
AcDbEntity
  8
Shape2DView
100
AcDbSpline
210
0
220
0
230
1
 70
8
 71
1
 72
4
 73
2
 74
0
 40
0.000000000
 40
0.000000000
 40
0.412310563
 40
0.412310563
 10
143.992480902
 20
221.129781247
 30
3.000000000
 10
143.982978942
 20
221.167800620
 30
3.000000000
  0
SPLINE
  5
C2F
330
A02
100
AcDbEntity
  8
Shape2DView
100
AcDbSpline
210
0
220
0
230
1
 70
8
 71
1
 72
4
 73
2
 74
0
 40
0.000000000
 40
0.000000000
 40
0.412310563
 40
0.412310563
 10
143.982978942
 20
221.167800620
 30
3.000000000
 10
143.973476982
 20
221.205819994
 30
3.000000000
  0
SPLINE
  5
C30
330
A02
100
AcDbEntity
  8
Shape2DView
100
AcDbSpline
210
0
220
0
230
1
 70
8
 71
1
 72
4
 73
2
 74
0
 40
0.000000000
 40
0.000000000
 40
0.538516481
 40
0.538516481
 10
143.973476982
 20
221.205819994
 30
3.000000000
 10
143.954469758
 20
221.253344211
 30
3.000000000
  0
SPLINE
  5
C31
330
A02
100
AcDbEntity
  8
Shape2DView
100
AcDbSpline
210
0
220
0
230
1
 70
8
 71
1
 72
4
 73
2
 74
0
 40
0.000000000
 40
0.000000000
 40
0.412310563
 40
0.412310563
 10
143.954469758
 20
221.253344211
 30
3.000000000
 10
143.944967799
 20
221.291363585
 30
3.000000000
  0
SPLINE
  5
C32
330
A02
100
AcDbEntity
  8
Shape2DView
100
AcDbSpline
210
0
220
0
230
1
 70
8
 71
1
 72
4
 73
2
 74
0
 40
0.000000000
 40
0.000000000
 40
0.447213595
 40
0.447213595
 10
143.944967799
 20
221.291363585
 30
3.000000000
 10
143.925959473
 20
221.329382958
 30
3.000000000
  0
SPLINE
  5
C33
330
A02
100
AcDbEntity
  8
Shape2DView
100
AcDbSpline
210
0
220
0
230
1
 70
8
 71
1
 72
4
 73
2
 74
0
 40
0.000000000
 40
0.000000000
 40
0.948683298
 40
0.948683298
 10
143.925959473
 20
221.329382958
 30
3.000000000
 10
143.897450289
 20
221.414926549
 30
3.000000000
  0
SPLINE
  5
C34
330
A02
100
AcDbEntity
  8
Shape2DView
100
AcDbSpline
210
0
220
0
230
1
 70
8
 71
1
 72
4
 73
2
 74
0
 40
0.000000000
 40
0.000000000
 40
0.447213595
 40
0.447213595
 10
143.897450289
 20
221.414926549
 30
3.000000000
 10
143.878441964
 20
221.452945923
 30
3.000000000
  0
SPLINE
  5
C35
330
A02
100
AcDbEntity
  8
Shape2DView
100
AcDbSpline
210
0
220
0
230
1
 70
8
 71
1
 72
4
 73
2
 74
0
 40
0.000000000
 40
0.000000000
 40
0.538516481
 40
0.538516481
 10
143.878441964
 20
221.452945923
 30
3.000000000
 10
143.859434740
 20
221.500470140
 30
3.000000000
  0
SPLINE
  5
C36
330
A02
100
AcDbEntity
  8
Shape2DView
100
AcDbSpline
210
0
220
0
230
1
 70
8
 71
1
 72
4
 73
2
 74
0
 40
0.000000000
 40
0.000000000
 40
0.894427191
 40
0.894427191
 10
143.859434740
 20
221.500470140
 30
3.000000000
 10
143.821418089
 20
221.576508887
 30
3.000000000
  0
SPLINE
  5
C37
330
A02
100
AcDbEntity
  8
Shape2DView
100
AcDbSpline
210
0
220
0
230
1
 70
8
 71
1
 72
4
 73
2
 74
0
 40
0.000000000
 40
0.000000000
 40
0.984885780
 40
0.984885780
 10
143.821418089
 20
221.576508887
 30
3.000000000
 10
143.783402540
 20
221.662052478
 30
3.000000000
  0
SPLINE
  5
C38
330
A02
100
AcDbEntity
  8
Shape2DView
100
AcDbSpline
210
0
220
0
230
1
 70
8
 71
1
 72
4
 73
2
 74
0
 40
0.000000000
 40
0.000000000
 40
0.894427191
 40
0.894427191
 10
143.783402540
 20
221.662052478
 30
3.000000000
 10
143.745385889
 20
221.738091225
 30
3.000000000
  0
SPLINE
  5
C39
330
A02
100
AcDbEntity
  8
Shape2DView
100
AcDbSpline
210
0
220
0
230
1
 70
8
 71
1
 72
4
 73
2
 74
0
 40
0.000000000
 40
0.000000000
 40
0.984885780
 40
0.984885780
 10
143.745385889
 20
221.738091225
 30
3.000000000
 10
143.707370340
 20
221.823634816
 30
3.000000000
  0
SPLINE
  5
C3A
330
A02
100
AcDbEntity
  8
Shape2DView
100
AcDbSpline
210
0
220
0
230
1
 70
8
 71
1
 72
4
 73
2
 74
0
 40
0.000000000
 40
0.000000000
 40
0.447213595
 40
0.447213595
 10
143.707370340
 20
221.823634816
 30
3.000000000
 10
143.688362014
 20
221.861654190
 30
3.000000000
  0
SPLINE
  5
C3B
330
A02
100
AcDbEntity
  8
Shape2DView
100
AcDbSpline
210
0
220
0
230
1
 70
8
 71
1
 72
4
 73
2
 74
0
 40
0.000000000
 40
0.000000000
 40
0.583095189
 40
0.583095189
 10
143.688362014
 20
221.861654190
 30
3.000000000
 10
143.659848424
 20
221.909178407
 30
3.000000000
  0
SPLINE
  5
C3C
330
A02
100
AcDbEntity
  8
Shape2DView
100
AcDbSpline
210
0
220
0
230
1
 70
8
 71
1
 72
4
 73
2
 74
0
 40
0.000000000
 40
0.000000000
 40
0.894427191
 40
0.894427191
 10
143.659848424
 20
221.909178407
 30
3.000000000
 10
143.621831774
 20
221.985217154
 30
3.000000000
  0
SPLINE
  5
C3D
330
A02
100
AcDbEntity
  8
Shape2DView
100
AcDbSpline
210
0
220
0
230
1
 70
8
 71
1
 72
4
 73
2
 74
0
 40
0.000000000
 40
0.000000000
 40
1.029563014
 40
1.029563014
 10
143.621831774
 20
221.985217154
 30
3.000000000
 10
143.574309859
 20
222.070760745
 30
3.000000000
  0
SPLINE
  5
C3E
330
A02
100
AcDbEntity
  8
Shape2DView
100
AcDbSpline
210
0
220
0
230
1
 70
8
 71
1
 72
4
 73
2
 74
0
 40
0.000000000
 40
0.000000000
 40
0.500000000
 40
0.500000000
 10
143.574309859
 20
222.070760745
 30
3.000000000
 10
143.545795168
 20
222.108780118
 30
3.000000000
  0
SPLINE
  5
C3F
330
A02
100
AcDbEntity
  8
Shape2DView
100
AcDbSpline
210
0
220
0
230
1
 70
8
 71
1
 72
4
 73
2
 74
0
 40
0.000000000
 40
0.000000000
 40
0.538516481
 40
0.538516481
 10
143.545795168
 20
222.108780118
 30
3.000000000
 10
143.526787944
 20
222.156304336
 30
3.000000000
  0
SPLINE
  5
C40
330
A02
100
AcDbEntity
  8
Shape2DView
100
AcDbSpline
210
0
220
0
230
1
 70
8
 71
1
 72
4
 73
2
 74
0
 40
0.000000000
 40
0.000000000
 40
0.500000000
 40
0.500000000
 10
143.526787944
 20
222.156304336
 30
3.000000000
 10
143.498273253
 20
222.194323709
 30
3.000000000
  0
SPLINE
  5
C41
330
A02
100
AcDbEntity
  8
Shape2DView
100
AcDbSpline
210
0
220
0
230
1
 70
8
 71
1
 72
4
 73
2
 74
0
 40
0.000000000
 40
0.000000000
 40
0.424264069
 40
0.424264069
 10
143.498273253
 20
222.194323709
 30
3.000000000
 10
143.469757460
 20
222.222838239
 30
3.000000000
  0
SPLINE
  5
C42
330
A02
100
AcDbEntity
  8
Shape2DView
100
AcDbSpline
210
0
220
0
230
1
 70
8
 71
1
 72
4
 73
2
 74
0
 40
0.000000000
 40
0.000000000
 40
0.447213595
 40
0.447213595
 10
143.469757460
 20
222.222838239
 30
3.000000000
 10
143.450749135
 20
222.260857613
 30
3.000000000
  0
SPLINE
  5
C43
330
A02
100
AcDbEntity
  8
Shape2DView
100
AcDbSpline
210
0
220
0
230
1
 70
8
 71
1
 72
4
 73
2
 74
0
 40
0.000000000
 40
0.000000000
 40
0.500000000
 40
0.500000000
 10
143.450749135
 20
222.260857613
 30
3.000000000
 10
143.422234444
 20
222.298876987
 30
3.000000000
  0
SPLINE
  5
C44
330
A02
100
AcDbEntity
  8
Shape2DView
100
AcDbSpline
210
0
220
0
230
1
 70
8
 71
1
 72
4
 73
2
 74
0
 40
0.000000000
 40
0.000000000
 40
0.424264069
 40
0.424264069
 10
143.422234444
 20
222.298876987
 30
3.000000000
 10
143.393718651
 20
222.327391517
 30
3.000000000
  0
SPLINE
  5
C45
330
A02
100
AcDbEntity
  8
Shape2DView
100
AcDbSpline
210
0
220
0
230
1
 70
8
 71
1
 72
4
 73
2
 74
0
 40
0.000000000
 40
0.000000000
 40
0.424264069
 40
0.424264069
 10
143.393718651
 20
222.327391517
 30
3.000000000
 10
143.365202859
 20
222.355906047
 30
3.000000000
  0
SPLINE
  5
C46
330
A02
100
AcDbEntity
  8
Shape2DView
100
AcDbSpline
210
0
220
0
230
1
 70
8
 71
1
 72
4
 73
2
 74
0
 40
0.000000000
 40
0.000000000
 40
0.424264069
 40
0.424264069
 10
143.365202859
 20
222.355906047
 30
3.000000000
 10
143.336687066
 20
222.384420578
 30
3.000000000
  0
SPLINE
  5
C47
330
A02
100
AcDbEntity
  8
Shape2DView
100
AcDbSpline
210
0
220
0
230
1
 70
8
 71
1
 72
4
 73
2
 74
0
 40
0.000000000
 40
0.000000000
 40
0.360555128
 40
0.360555128
 10
143.336687066
 20
222.384420578
 30
3.000000000
 10
143.308170172
 20
222.403430264
 30
3.000000000
  0
SPLINE
  5
C48
330
A02
100
AcDbEntity
  8
Shape2DView
100
AcDbSpline
210
0
220
0
230
1
 70
8
 71
1
 72
4
 73
2
 74
0
 40
0.000000000
 40
0.000000000
 40
0.282842712
 40
0.282842712
 10
143.308170172
 20
222.403430264
 30
3.000000000
 10
143.289159644
 20
222.422439951
 30
3.000000000
  0
SPLINE
  5
C49
330
A02
100
AcDbEntity
  8
Shape2DView
100
AcDbSpline
210
0
220
0
230
1
 70
8
 71
1
 72
4
 73
2
 74
0
 40
0.000000000
 40
0.000000000
 40
0.500000000
 40
0.500000000
 10
143.289159644
 20
222.422439951
 30
3.000000000
 10
143.251137486
 20
222.450954481
 30
3.000000000
  0
SPLINE
  5
C4A
330
A02
100
AcDbEntity
  8
Shape2DView
100
AcDbSpline
210
0
220
0
230
1
 70
8
 71
1
 72
4
 73
2
 74
0
 40
0.000000000
 40
0.000000000
 40
0.360555128
 40
0.360555128
 10
143.251137486
 20
222.450954481
 30
3.000000000
 10
143.222620592
 20
222.469964168
 30
3.000000000
  0
SPLINE
  5
C4B
330
A02
100
AcDbEntity
  8
Shape2DView
100
AcDbSpline
210
0
220
0
230
1
 70
8
 71
1
 72
4
 73
2
 74
0
 40
0.000000000
 40
0.000000000
 40
0.316227766
 40
0.316227766
 10
143.222620592
 20
222.469964168
 30
3.000000000
 10
143.194102596
 20
222.479469012
 30
3.000000000
  0
SPLINE
  5
C4C
330
A02
100
AcDbEntity
  8
Shape2DView
100
AcDbSpline
210
0
220
0
230
1
 70
8
 71
1
 72
4
 73
2
 74
0
 40
0.000000000
 40
0.000000000
 40
0.360555128
 40
0.360555128
 10
143.194102596
 20
222.479469012
 30
3.000000000
 10
143.165585702
 20
222.498478699
 30
3.000000000
  0
SPLINE
  5
C4D
330
A02
100
AcDbEntity
  8
Shape2DView
100
AcDbSpline
210
0
220
0
230
1
 70
8
 71
1
 72
4
 73
2
 74
0
 40
0.000000000
 40
0.000000000
 40
0.316227766
 40
0.316227766
 10
143.165585702
 20
222.498478699
 30
3.000000000
 10
143.137067707
 20
222.507983542
 30
3.000000000
  0
SPLINE
  5
C4E
330
A02
100
AcDbEntity
  8
Shape2DView
100
AcDbSpline
210
0
220
0
230
1
 70
8
 71
1
 72
4
 73
2
 74
0
 40
0.000000000
 40
0.000000000
 40
0.100000000
 40
0.100000000
 10
143.137067707
 20
222.507983542
 30
3.000000000
 10
143.127561341
 20
222.507983542
 30
3.000000000
  0
SPLINE
  5
C4F
330
A02
100
AcDbEntity
  8
Shape2DView
100
AcDbSpline
210
0
220
0
230
1
 70
8
 71
1
 72
4
 73
2
 74
0
 40
0.000000000
 40
0.000000000
 40
0.141421356
 40
0.141421356
 10
143.127561341
 20
222.507983542
 30
3.000000000
 10
143.118053874
 20
222.498478699
 30
3.000000000
  0
SPLINE
  5
C50
330
A02
100
AcDbEntity
  8
Shape2DView
100
AcDbSpline
210
0
220
0
230
1
 70
8
 71
1
 72
4
 73
2
 74
0
 40
0.000000000
 40
0.000000000
 40
0.200000000
 40
0.200000000
 10
143.118053874
 20
222.498478699
 30
3.000000000
 10
143.099041143
 20
222.498478699
 30
3.000000000
  0
SPLINE
  5
C51
330
A02
100
AcDbEntity
  8
Shape2DView
100
AcDbSpline
210
0
220
0
230
1
 70
8
 71
1
 72
4
 73
2
 74
0
 40
0.000000000
 40
0.000000000
 40
0.100000000
 40
0.100000000
 10
143.099041143
 20
222.498478699
 30
3.000000000
 10
143.089534777
 20
222.498478699
 30
3.000000000
  0
SPLINE
  5
C52
330
A02
100
AcDbEntity
  8
Shape2DView
100
AcDbSpline
210
0
220
0
230
1
 70
8
 71
1
 72
4
 73
2
 74
0
 40
0.000000000
 40
0.000000000
 40
0.100000000
 40
0.100000000
 10
143.089534777
 20
222.498478699
 30
3.000000000
 10
143.080028412
 20
222.498478699
 30
3.000000000
  0
SPLINE
  5
C53
330
A02
100
AcDbEntity
  8
Shape2DView
100
AcDbSpline
210
0
220
0
230
1
 70
8
 71
1
 72
4
 73
2
 74
0
 40
0.000000000
 40
0.000000000
 40
0.100000000
 40
0.100000000
 10
143.080028412
 20
222.498478699
 30
3.000000000
 10
143.070522046
 20
222.498478699
 30
3.000000000
  0
SPLINE
  5
C54
330
A02
100
AcDbEntity
  8
Shape2DView
100
AcDbSpline
210
0
220
0
230
1
 70
8
 71
1
 72
4
 73
2
 74
0
 40
0.000000000
 40
0.000000000
 40
0.200000000
 40
0.200000000
 10
143.070522046
 20
222.498478699
 30
3.000000000
 10
143.051509315
 20
222.498478699
 30
3.000000000
  0
SPLINE
  5
C55
330
A02
100
AcDbEntity
  8
Shape2DView
100
AcDbSpline
210
0
220
0
230
1
 70
8
 71
1
 72
4
 73
2
 74
0
 40
0.000000000
 40
0.000000000
 40
0.100000000
 40
0.100000000
 10
143.051509315
 20
222.498478699
 30
3.000000000
 10
143.042002949
 20
222.498478699
 30
3.000000000
  0
SPLINE
  5
C56
330
A02
100
AcDbEntity
  8
Shape2DView
100
AcDbSpline
210
0
220
0
230
1
 70
8
 71
1
 72
4
 73
2
 74
0
 40
0.000000000
 40
0.000000000
 40
0.100000000
 40
0.100000000
 10
143.042002949
 20
222.498478699
 30
3.000000000
 10
143.032496583
 20
222.498478699
 30
3.000000000
  0
SPLINE
  5
C57
330
A02
100
AcDbEntity
  8
Shape2DView
100
AcDbSpline
210
0
220
0
230
1
 70
8
 71
1
 72
4
 73
2
 74
0
 40
0.000000000
 40
0.000000000
 40
0.141421356
 40
0.141421356
 10
143.032496583
 20
222.498478699
 30
3.000000000
 10
143.022991319
 20
222.507983542
 30
3.000000000
  0
SPLINE
  5
C58
330
A02
100
AcDbEntity
  8
Shape2DView
100
AcDbSpline
210
0
220
0
230
1
 70
8
 71
1
 72
4
 73
2
 74
0
 40
0.000000000
 40
0.000000000
 40
0.100000000
 40
0.100000000
 10
143.022991319
 20
222.507983542
 30
3.000000000
 10
143.013484954
 20
222.507983542
 30
3.000000000
  0
SPLINE
  5
C59
330
A02
100
AcDbEntity
  8
Shape2DView
100
AcDbSpline
210
0
220
0
230
1
 70
8
 71
1
 72
4
 73
2
 74
0
 40
0.000000000
 40
0.000000000
 40
0.100000000
 40
0.100000000
 10
143.013484954
 20
222.507983542
 30
3.000000000
 10
143.003978588
 20
222.507983542
 30
3.000000000
  0
SPLINE
  5
C5A
330
A02
100
AcDbEntity
  8
Shape2DView
100
AcDbSpline
210
0
220
0
230
1
 70
8
 71
1
 72
4
 73
2
 74
0
 40
0.000000000
 40
0.000000000
 40
0.100000000
 40
0.100000000
 10
143.003978588
 20
222.507983542
 30
3.000000000
 10
143.003979689
 20
222.517488385
 30
3.000000000
  0
SPLINE
  5
C5B
330
A02
100
AcDbEntity
  8
Shape2DView
100
AcDbSpline
210
0
220
0
230
1
 70
8
 71
1
 72
4
 73
2
 74
0
 40
0.000000000
 40
0.000000000
 40
0.100000000
 40
0.100000000
 10
143.003979689
 20
222.517488385
 30
3.000000000
 10
142.994473324
 20
222.517488385
 30
3.000000000
  0
SPLINE
  5
C5C
330
A02
100
AcDbEntity
  8
Shape2DView
100
AcDbSpline
210
0
220
0
230
1
 70
8
 71
1
 72
4
 73
2
 74
0
 40
0.000000000
 40
0.000000000
 40
0.141421356
 40
0.141421356
 10
142.994473324
 20
222.517488385
 30
3.000000000
 10
142.984968060
 20
222.526993229
 30
3.000000000
  0
SPLINE
  5
C5D
330
A02
100
AcDbEntity
  8
Shape2DView
100
AcDbSpline
210
0
220
0
230
1
 70
8
 71
1
 72
4
 73
2
 74
0
 40
0.000000000
 40
0.000000000
 40
0.141421356
 40
0.141421356
 10
142.984968060
 20
222.526993229
 30
3.000000000
 10
142.975462795
 20
222.536498072
 30
3.000000000
  0
SPLINE
  5
C5E
330
A02
100
AcDbEntity
  8
Shape2DView
100
AcDbSpline
210
0
220
0
230
1
 70
8
 71
1
 72
4
 73
2
 74
0
 40
0.000000000
 40
0.000000000
 40
0.100000000
 40
0.100000000
 10
142.975462795
 20
222.536498072
 30
3.000000000
 10
142.965956430
 20
222.536498072
 30
3.000000000
  0
SPLINE
  5
C5F
330
A02
100
AcDbEntity
  8
Shape2DView
100
AcDbSpline
210
0
220
0
230
1
 70
8
 71
1
 72
4
 73
2
 74
0
 40
0.000000000
 40
0.000000000
 40
0.141421356
 40
0.141421356
 10
142.965956430
 20
222.536498072
 30
3.000000000
 10
142.956451166
 20
222.546002916
 30
3.000000000
  0
SPLINE
  5
C60
330
A02
100
AcDbEntity
  8
Shape2DView
100
AcDbSpline
210
0
220
0
230
1
 70
8
 71
1
 72
4
 73
2
 74
0
 40
0.000000000
 40
0.000000000
 40
0.223606798
 40
0.223606798
 10
142.956451166
 20
222.546002916
 30
3.000000000
 10
142.946947003
 20
222.565012602
 30
3.000000000
  0
SPLINE
  5
C61
330
A02
100
AcDbEntity
  8
Shape2DView
100
AcDbSpline
210
0
220
0
230
1
 70
8
 71
1
 72
4
 73
2
 74
0
 40
0.000000000
 40
0.000000000
 40
0.141421356
 40
0.141421356
 10
142.946947003
 20
222.565012602
 30
3.000000000
 10
142.937441739
 20
222.574517446
 30
3.000000000
  0
SPLINE
  5
C62
330
A02
100
AcDbEntity
  8
Shape2DView
100
AcDbSpline
210
0
220
0
230
1
 70
8
 71
1
 72
4
 73
2
 74
0
 40
0.000000000
 40
0.000000000
 40
0.100000000
 40
0.100000000
 10
142.937441739
 20
222.574517446
 30
3.000000000
 10
142.927935373
 20
222.574517446
 30
3.000000000
  0
SPLINE
  5
C63
330
A02
100
AcDbEntity
  8
Shape2DView
100
AcDbSpline
210
0
220
0
230
1
 70
8
 71
1
 72
4
 73
2
 74
0
 40
0.000000000
 40
0.000000000
 40
0.100000000
 40
0.100000000
 10
142.927935373
 20
222.574517446
 30
3.000000000
 10
142.927936475
 20
222.584022289
 30
3.000000000
  0
SPLINE
  5
C64
330
A02
100
AcDbEntity
  8
Shape2DView
100
AcDbSpline
210
0
220
0
230
1
 70
8
 71
1
 72
4
 73
2
 74
0
 40
0.000000000
 40
0.000000000
 40
0.141421356
 40
0.141421356
 10
142.927936475
 20
222.584022289
 30
3.000000000
 10
142.918431210
 20
222.593527133
 30
3.000000000
  0
SPLINE
  5
C65
330
A02
100
AcDbEntity
  8
Shape2DView
100
AcDbSpline
210
0
220
0
230
1
 70
8
 71
1
 72
4
 73
2
 74
0
 40
0.000000000
 40
0.000000000
 40
0.223606798
 40
0.223606798
 10
142.918431210
 20
222.593527133
 30
3.000000000
 10
142.908927048
 20
222.612536820
 30
3.000000000
  0
SPLINE
  5
C66
330
A02
100
AcDbEntity
  8
Shape2DView
100
AcDbSpline
210
0
220
0
230
1
 70
8
 71
1
 72
4
 73
2
 74
0
 40
0.000000000
 40
0.000000000
 40
0.141421356
 40
0.141421356
 10
142.908927048
 20
222.612536820
 30
3.000000000
 10
142.899421784
 20
222.622041663
 30
3.000000000
  0
SPLINE
  5
C67
330
A02
100
AcDbEntity
  8
Shape2DView
100
AcDbSpline
210
0
220
0
230
1
 70
8
 71
1
 72
4
 73
2
 74
0
 40
0.000000000
 40
0.000000000
 40
0.223606798
 40
0.223606798
 10
142.899421784
 20
222.622041663
 30
3.000000000
 10
142.889917621
 20
222.641051350
 30
3.000000000
  0
SPLINE
  5
C68
330
A02
100
AcDbEntity
  8
Shape2DView
100
AcDbSpline
210
0
220
0
230
1
 70
8
 71
1
 72
4
 73
2
 74
0
 40
0.000000000
 40
0.000000000
 40
0.100000000
 40
0.100000000
 10
142.889917621
 20
222.641051350
 30
3.000000000
 10
142.889918722
 20
222.650556193
 30
3.000000000
  0
SPLINE
  5
C69
330
A02
100
AcDbEntity
  8
Shape2DView
100
AcDbSpline
210
0
220
0
230
1
 70
8
 71
1
 72
4
 73
2
 74
0
 40
0.000000000
 40
0.000000000
 40
0.223606798
 40
0.223606798
 10
142.889918722
 20
222.650556193
 30
3.000000000
 10
142.880414560
 20
222.669565880
 30
3.000000000
  0
SPLINE
  5
C6A
330
A02
100
AcDbEntity
  8
Shape2DView
100
AcDbSpline
210
0
220
0
230
1
 70
8
 71
1
 72
4
 73
2
 74
0
 40
0.000000000
 40
0.000000000
 40
0.223606798
 40
0.223606798
 10
142.880414560
 20
222.669565880
 30
3.000000000
 10
142.870910397
 20
222.688575567
 30
3.000000000
  0
SPLINE
  5
C6B
330
A02
100
AcDbEntity
  8
Shape2DView
100
AcDbSpline
210
0
220
0
230
1
 70
8
 71
1
 72
4
 73
2
 74
0
 40
0.000000000
 40
0.000000000
 40
0.223606798
 40
0.223606798
 10
142.870910397
 20
222.688575567
 30
3.000000000
 10
142.861406234
 20
222.707585254
 30
3.000000000
  0
SPLINE
  5
C6C
330
A02
100
AcDbEntity
  8
Shape2DView
100
AcDbSpline
210
0
220
0
230
1
 70
8
 71
1
 72
4
 73
2
 74
0
 40
0.000000000
 40
0.000000000
 40
0.100000000
 40
0.100000000
 10
142.861406234
 20
222.707585254
 30
3.000000000
 10
142.861407336
 20
222.717090097
 30
3.000000000
  0
SPLINE
  5
C6D
330
A02
100
AcDbEntity
  8
Shape2DView
100
AcDbSpline
210
0
220
0
230
1
 70
8
 71
1
 72
4
 73
2
 74
0
 40
0.000000000
 40
0.000000000
 40
0.100000000
 40
0.100000000
 10
142.861407336
 20
222.717090097
 30
3.000000000
 10
142.861408437
 20
222.726594941
 30
3.000000000
  0
SPLINE
  5
C6E
330
A02
100
AcDbEntity
  8
Shape2DView
100
AcDbSpline
210
0
220
0
230
1
 70
8
 71
1
 72
4
 73
2
 74
0
 40
0.000000000
 40
0.000000000
 40
0.223606798
 40
0.223606798
 10
142.861408437
 20
222.726594941
 30
3.000000000
 10
142.851904274
 20
222.745604627
 30
3.000000000
  0
SPLINE
  5
C6F
330
A02
100
AcDbEntity
  8
Shape2DView
100
AcDbSpline
210
0
220
0
230
1
 70
8
 71
1
 72
4
 73
2
 74
0
 40
0.000000000
 40
0.000000000
 40
0.223606798
 40
0.223606798
 10
142.851904274
 20
222.745604627
 30
3.000000000
 10
142.842400112
 20
222.764614314
 30
3.000000000
  0
SPLINE
  5
C70
330
A02
100
AcDbEntity
  8
Shape2DView
100
AcDbSpline
210
0
220
0
230
1
 70
8
 71
1
 72
4
 73
2
 74
0
 40
0.000000000
 40
0.000000000
 40
0.300000000
 40
0.300000000
 10
142.842400112
 20
222.764614314
 30
3.000000000
 10
142.842403416
 20
222.793128844
 30
3.000000000
  0
SPLINE
  5
C71
330
A02
100
AcDbEntity
  8
Shape2DView
100
AcDbSpline
210
0
220
0
230
1
 70
8
 71
1
 72
4
 73
2
 74
0
 40
0.000000000
 40
0.000000000
 40
0.223606798
 40
0.223606798
 10
142.842403416
 20
222.793128844
 30
3.000000000
 10
142.832899253
 20
222.812138531
 30
3.000000000
  0
SPLINE
  5
C72
330
A02
100
AcDbEntity
  8
Shape2DView
100
AcDbSpline
210
0
220
0
230
1
 70
8
 71
1
 72
4
 73
2
 74
0
 40
0.000000000
 40
0.000000000
 40
3.324154028
 40
3.324154028
 10
142.832899253
 20
222.812138531
 30
3.000000000
 10
142.614279279
 20
223.040254773
 30
3.000000000
  0
SPLINE
  5
C73
330
A02
100
AcDbEntity
  8
Shape2DView
100
AcDbSpline
210
0
220
0
230
1
 70
8
 71
1
 72
4
 73
2
 74
0
 40
0.000000000
 40
0.000000000
 40
0.223606798
 40
0.223606798
 10
142.614279279
 20
223.040254773
 30
3.000000000
 10
142.595265446
 20
223.030749930
 30
3.000000000
  0
SPLINE
  5
C74
330
A02
100
AcDbEntity
  8
Shape2DView
100
AcDbSpline
210
0
220
0
230
1
 70
8
 71
1
 72
4
 73
2
 74
0
 40
0.000000000
 40
0.000000000
 40
0.316227766
 40
0.316227766
 10
142.595265446
 20
223.030749930
 30
3.000000000
 10
142.566745248
 20
223.021245086
 30
3.000000000
  0
SPLINE
  5
C75
330
A02
100
AcDbEntity
  8
Shape2DView
100
AcDbSpline
210
0
220
0
230
1
 70
8
 71
1
 72
4
 73
2
 74
0
 40
0.000000000
 40
0.000000000
 40
0.223606798
 40
0.223606798
 10
142.566745248
 20
223.021245086
 30
3.000000000
 10
142.547731415
 20
223.011740243
 30
3.000000000
  0
SPLINE
  5
C76
330
A02
100
AcDbEntity
  8
Shape2DView
100
AcDbSpline
210
0
220
0
230
1
 70
8
 71
1
 72
4
 73
2
 74
0
 40
0.000000000
 40
0.000000000
 40
0.300000000
 40
0.300000000
 10
142.547731415
 20
223.011740243
 30
3.000000000
 10
142.519212318
 20
223.011740243
 30
3.000000000
  0
SPLINE
  5
C77
330
A02
100
AcDbEntity
  8
Shape2DView
100
AcDbSpline
210
0
220
0
230
1
 70
8
 71
1
 72
4
 73
2
 74
0
 40
0.000000000
 40
0.000000000
 40
0.223606798
 40
0.223606798
 10
142.519212318
 20
223.011740243
 30
3.000000000
 10
142.500198485
 20
223.002235400
 30
3.000000000
  0
SPLINE
  5
C78
330
A02
100
AcDbEntity
  8
Shape2DView
100
AcDbSpline
210
0
220
0
230
1
 70
8
 71
1
 72
4
 73
2
 74
0
 40
0.000000000
 40
0.000000000
 40
0.223606798
 40
0.223606798
 10
142.500198485
 20
223.002235400
 30
3.000000000
 10
142.481184653
 20
222.992730556
 30
3.000000000
  0
SPLINE
  5
C79
330
A02
100
AcDbEntity
  8
Shape2DView
100
AcDbSpline
210
0
220
0
230
1
 70
8
 71
1
 72
4
 73
2
 74
0
 40
0.000000000
 40
0.000000000
 40
0.223606798
 40
0.223606798
 10
142.481184653
 20
222.992730556
 30
3.000000000
 10
142.462170820
 20
222.983225713
 30
3.000000000
  0
SPLINE
  5
C7A
330
A02
100
AcDbEntity
  8
Shape2DView
100
AcDbSpline
210
0
220
0
230
1
 70
8
 71
1
 72
4
 73
2
 74
0
 40
0.000000000
 40
0.000000000
 40
0.223606798
 40
0.223606798
 10
142.462170820
 20
222.983225713
 30
3.000000000
 10
142.443156987
 20
222.973720869
 30
3.000000000
  0
SPLINE
  5
C7B
330
A02
100
AcDbEntity
  8
Shape2DView
100
AcDbSpline
210
0
220
0
230
1
 70
8
 71
1
 72
4
 73
2
 74
0
 40
0.000000000
 40
0.000000000
 40
0.223606798
 40
0.223606798
 10
142.443156987
 20
222.973720869
 30
3.000000000
 10
142.424143155
 20
222.964216026
 30
3.000000000
  0
SPLINE
  5
C7C
330
A02
100
AcDbEntity
  8
Shape2DView
100
AcDbSpline
210
0
220
0
230
1
 70
8
 71
1
 72
4
 73
2
 74
0
 40
0.000000000
 40
0.000000000
 40
0.223606798
 40
0.223606798
 10
142.424143155
 20
222.964216026
 30
3.000000000
 10
142.405129322
 20
222.954711183
 30
3.000000000
  0
SPLINE
  5
C7D
330
A02
100
AcDbEntity
  8
Shape2DView
100
AcDbSpline
210
0
220
0
230
1
 70
8
 71
1
 72
4
 73
2
 74
0
 40
0.000000000
 40
0.000000000
 40
0.141421356
 40
0.141421356
 10
142.405129322
 20
222.954711183
 30
3.000000000
 10
142.395621855
 20
222.945206339
 30
3.000000000
  0
SPLINE
  5
C7E
330
A02
100
AcDbEntity
  8
Shape2DView
100
AcDbSpline
210
0
220
0
230
1
 70
8
 71
1
 72
4
 73
2
 74
0
 40
0.000000000
 40
0.000000000
 40
0.223606798
 40
0.223606798
 10
142.395621855
 20
222.945206339
 30
3.000000000
 10
142.376608022
 20
222.935701496
 30
3.000000000
  0
SPLINE
  5
C7F
330
A02
100
AcDbEntity
  8
Shape2DView
100
AcDbSpline
210
0
220
0
230
1
 70
8
 71
1
 72
4
 73
2
 74
0
 40
0.000000000
 40
0.000000000
 40
0.141421356
 40
0.141421356
 10
142.376608022
 20
222.935701496
 30
3.000000000
 10
142.367100555
 20
222.926196652
 30
3.000000000
  0
SPLINE
  5
C80
330
A02
100
AcDbEntity
  8
Shape2DView
100
AcDbSpline
210
0
220
0
230
1
 70
8
 71
1
 72
4
 73
2
 74
0
 40
0.000000000
 40
0.000000000
 40
0.223606798
 40
0.223606798
 10
142.367100555
 20
222.926196652
 30
3.000000000
 10
142.357591986
 20
222.907186965
 30
3.000000000
  0
SPLINE
  5
C81
330
A02
100
AcDbEntity
  8
Shape2DView
100
AcDbSpline
210
0
220
0
230
1
 70
8
 71
1
 72
4
 73
2
 74
0
 40
0.000000000
 40
0.000000000
 40
0.223606798
 40
0.223606798
 10
142.357591986
 20
222.907186965
 30
3.000000000
 10
142.338578154
 20
222.897682122
 30
3.000000000
  0
SPLINE
  5
C82
330
A02
100
AcDbEntity
  8
Shape2DView
100
AcDbSpline
210
0
220
0
230
1
 70
8
 71
1
 72
4
 73
2
 74
0
 40
0.000000000
 40
0.000000000
 40
0.141421356
 40
0.141421356
 10
142.338578154
 20
222.897682122
 30
3.000000000
 10
142.329070687
 20
222.888177279
 30
3.000000000
  0
SPLINE
  5
C83
330
A02
100
AcDbEntity
  8
Shape2DView
100
AcDbSpline
210
0
220
0
230
1
 70
8
 71
1
 72
4
 73
2
 74
0
 40
0.000000000
 40
0.000000000
 40
0.223606798
 40
0.223606798
 10
142.329070687
 20
222.888177279
 30
3.000000000
 10
142.319562118
 20
222.869167592
 30
3.000000000
  0
SPLINE
  5
C84
330
A02
100
AcDbEntity
  8
Shape2DView
100
AcDbSpline
210
0
220
0
230
1
 70
8
 71
1
 72
4
 73
2
 74
0
 40
0.000000000
 40
0.000000000
 40
0.223606798
 40
0.223606798
 10
142.319562118
 20
222.869167592
 30
3.000000000
 10
142.310053550
 20
222.850157905
 30
3.000000000
  0
SPLINE
  5
C85
330
A02
100
AcDbEntity
  8
Shape2DView
100
AcDbSpline
210
0
220
0
230
1
 70
8
 71
1
 72
4
 73
2
 74
0
 40
0.000000000
 40
0.000000000
 40
0.141421356
 40
0.141421356
 10
142.310053550
 20
222.850157905
 30
3.000000000
 10
142.300546082
 20
222.840653062
 30
3.000000000
  0
SPLINE
  5
C86
330
A02
100
AcDbEntity
  8
Shape2DView
100
AcDbSpline
210
0
220
0
230
1
 70
8
 71
1
 72
4
 73
2
 74
0
 40
0.000000000
 40
0.000000000
 40
0.223606798
 40
0.223606798
 10
142.300546082
 20
222.840653062
 30
3.000000000
 10
142.291037514
 20
222.821643375
 30
3.000000000
  0
SPLINE
  5
C87
330
A02
100
AcDbEntity
  8
Shape2DView
100
AcDbSpline
210
0
220
0
230
1
 70
8
 71
1
 72
4
 73
2
 74
0
 40
0.000000000
 40
0.000000000
 40
0.223606798
 40
0.223606798
 10
142.291037514
 20
222.821643375
 30
3.000000000
 10
142.281528945
 20
222.802633688
 30
3.000000000
  0
SPLINE
  5
C88
330
A02
100
AcDbEntity
  8
Shape2DView
100
AcDbSpline
210
0
220
0
230
1
 70
8
 71
1
 72
4
 73
2
 74
0
 40
0.000000000
 40
0.000000000
 40
0.200000000
 40
0.200000000
 10
142.281528945
 20
222.802633688
 30
3.000000000
 10
142.281526742
 20
222.783624001
 30
3.000000000
  0
SPLINE
  5
C89
330
A02
100
AcDbEntity
  8
Shape2DView
100
AcDbSpline
210
0
220
0
230
1
 70
8
 71
1
 72
4
 73
2
 74
0
 40
0.000000000
 40
0.000000000
 40
0.223606798
 40
0.223606798
 10
142.281526742
 20
222.783624001
 30
3.000000000
 10
142.272018174
 20
222.764614314
 30
3.000000000
  0
SPLINE
  5
C8A
330
A02
100
AcDbEntity
  8
Shape2DView
100
AcDbSpline
210
0
220
0
230
1
 70
8
 71
1
 72
4
 73
2
 74
0
 40
0.000000000
 40
0.000000000
 40
0.300000000
 40
0.300000000
 10
142.272018174
 20
222.764614314
 30
3.000000000
 10
142.272014869
 20
222.736099784
 30
3.000000000
  0
SPLINE
  5
C8B
330
A02
100
AcDbEntity
  8
Shape2DView
100
AcDbSpline
210
0
220
0
230
1
 70
8
 71
1
 72
4
 73
2
 74
0
 40
0.000000000
 40
0.000000000
 40
3.220248438
 40
3.220248438
 10
142.272014869
 20
222.736099784
 30
3.000000000
 10
142.452607179
 20
222.488973855
 30
3.000000000
  0
SPLINE
  5
C8C
330
A02
100
AcDbEntity
  8
Shape2DView
100
AcDbSpline
210
0
220
0
230
1
 70
8
 71
1
 72
4
 73
2
 74
0
 40
0.000000000
 40
0.000000000
 40
0.223606798
 40
0.223606798
 10
142.452607179
 20
222.488973855
 30
3.000000000
 10
142.471618808
 20
222.479469012
 30
3.000000000
  0
SPLINE
  5
C8D
330
A02
100
AcDbEntity
  8
Shape2DView
100
AcDbSpline
210
0
220
0
230
1
 70
8
 71
1
 72
4
 73
2
 74
0
 40
0.000000000
 40
0.000000000
 40
0.300000000
 40
0.300000000
 10
142.471618808
 20
222.479469012
 30
3.000000000
 10
142.500137905
 20
222.479469012
 30
3.000000000
  0
SPLINE
  5
C8E
330
A02
100
AcDbEntity
  8
Shape2DView
100
AcDbSpline
210
0
220
0
230
1
 70
8
 71
1
 72
4
 73
2
 74
0
 40
0.000000000
 40
0.000000000
 40
0.223606798
 40
0.223606798
 10
142.500137905
 20
222.479469012
 30
3.000000000
 10
142.519149535
 20
222.469964168
 30
3.000000000
  0
SPLINE
  5
C8F
330
A02
100
AcDbEntity
  8
Shape2DView
100
AcDbSpline
210
0
220
0
230
1
 70
8
 71
1
 72
4
 73
2
 74
0
 40
0.000000000
 40
0.000000000
 40
0.200000000
 40
0.200000000
 10
142.519149535
 20
222.469964168
 30
3.000000000
 10
142.538162266
 20
222.469964168
 30
3.000000000
  0
SPLINE
  5
C90
330
A02
100
AcDbEntity
  8
Shape2DView
100
AcDbSpline
210
0
220
0
230
1
 70
8
 71
1
 72
4
 73
2
 74
0
 40
0.000000000
 40
0.000000000
 40
0.447213595
 40
0.447213595
 10
142.538162266
 20
222.469964168
 30
3.000000000
 10
142.576185526
 20
222.450954481
 30
3.000000000
  0
SPLINE
  5
C91
330
A02
100
AcDbEntity
  8
Shape2DView
100
AcDbSpline
210
0
220
0
230
1
 70
8
 71
1
 72
4
 73
2
 74
0
 40
0.000000000
 40
0.000000000
 40
0.447213595
 40
0.447213595
 10
142.576185526
 20
222.450954481
 30
3.000000000
 10
142.614208785
 20
222.431944795
 30
3.000000000
  0
SPLINE
  5
C92
330
A02
100
AcDbEntity
  8
Shape2DView
100
AcDbSpline
210
0
220
0
230
1
 70
8
 71
1
 72
4
 73
2
 74
0
 40
0.000000000
 40
0.000000000
 40
0.447213595
 40
0.447213595
 10
142.614208785
 20
222.431944795
 30
3.000000000
 10
142.652232045
 20
222.412935108
 30
3.000000000
  0
SPLINE
  5
C93
330
A02
100
AcDbEntity
  8
Shape2DView
100
AcDbSpline
210
0
220
0
230
1
 70
8
 71
1
 72
4
 73
2
 74
0
 40
0.000000000
 40
0.000000000
 40
0.360555128
 40
0.360555128
 10
142.652232045
 20
222.412935108
 30
3.000000000
 10
142.680748939
 20
222.393925421
 30
3.000000000
  0
SPLINE
  5
C94
330
A02
100
AcDbEntity
  8
Shape2DView
100
AcDbSpline
210
0
220
0
230
1
 70
8
 71
1
 72
4
 73
2
 74
0
 40
0.000000000
 40
0.000000000
 40
0.223606798
 40
0.223606798
 10
142.680748939
 20
222.393925421
 30
3.000000000
 10
142.690253102
 20
222.374915734
 30
3.000000000
  0
SPLINE
  5
C95
330
A02
100
AcDbEntity
  8
Shape2DView
100
AcDbSpline
210
0
220
0
230
1
 70
8
 71
1
 72
4
 73
2
 74
0
 40
0.000000000
 40
0.000000000
 40
0.141421356
 40
0.141421356
 10
142.690253102
 20
222.374915734
 30
3.000000000
 10
142.699758366
 20
222.365410891
 30
3.000000000
  0
SPLINE
  5
C96
330
A02
100
AcDbEntity
  8
Shape2DView
100
AcDbSpline
210
0
220
0
230
1
 70
8
 71
1
 72
4
 73
2
 74
0
 40
0.000000000
 40
0.000000000
 40
0.282842712
 40
0.282842712
 10
142.699758366
 20
222.365410891
 30
3.000000000
 10
142.718768894
 20
222.346401204
 30
3.000000000
  0
SPLINE
  5
C97
330
A02
100
AcDbEntity
  8
Shape2DView
100
AcDbSpline
210
0
220
0
230
1
 70
8
 71
1
 72
4
 73
2
 74
0
 40
0.000000000
 40
0.000000000
 40
0.141421356
 40
0.141421356
 10
142.718768894
 20
222.346401204
 30
3.000000000
 10
142.728274158
 20
222.336896360
 30
3.000000000
  0
SPLINE
  5
C98
330
A02
100
AcDbEntity
  8
Shape2DView
100
AcDbSpline
210
0
220
0
230
1
 70
8
 71
1
 72
4
 73
2
 74
0
 40
0.000000000
 40
0.000000000
 40
0.223606798
 40
0.223606798
 10
142.728274158
 20
222.336896360
 30
3.000000000
 10
142.737778321
 20
222.317886674
 30
3.000000000
  0
SPLINE
  5
C99
330
A02
100
AcDbEntity
  8
Shape2DView
100
AcDbSpline
210
0
220
0
230
1
 70
8
 71
1
 72
4
 73
2
 74
0
 40
0.000000000
 40
0.000000000
 40
0.223606798
 40
0.223606798
 10
142.737778321
 20
222.317886674
 30
3.000000000
 10
142.747282484
 20
222.298876987
 30
3.000000000
  0
SPLINE
  5
C9A
330
A02
100
AcDbEntity
  8
Shape2DView
100
AcDbSpline
210
0
220
0
230
1
 70
8
 71
1
 72
4
 73
2
 74
0
 40
0.000000000
 40
0.000000000
 40
0.200000000
 40
0.200000000
 10
142.747282484
 20
222.298876987
 30
3.000000000
 10
142.747280281
 20
222.279867300
 30
3.000000000
  0
SPLINE
  5
C9B
330
A02
100
AcDbEntity
  8
Shape2DView
100
AcDbSpline
210
0
220
0
230
1
 70
8
 71
1
 72
4
 73
2
 74
0
 40
0.000000000
 40
0.000000000
 40
0.223606798
 40
0.223606798
 10
142.747280281
 20
222.279867300
 30
3.000000000
 10
142.756784444
 20
222.260857613
 30
3.000000000
  0
SPLINE
  5
C9C
330
A02
100
AcDbEntity
  8
Shape2DView
100
AcDbSpline
210
0
220
0
230
1
 70
8
 71
1
 72
4
 73
2
 74
0
 40
0.000000000
 40
0.000000000
 40
0.141421356
 40
0.141421356
 10
142.756784444
 20
222.260857613
 30
3.000000000
 10
142.766289708
 20
222.251352770
 30
3.000000000
  0
SPLINE
  5
C9D
330
A02
100
AcDbEntity
  8
Shape2DView
100
AcDbSpline
210
0
220
0
230
1
 70
8
 71
1
 72
4
 73
2
 74
0
 40
0.000000000
 40
0.000000000
 40
0.300000000
 40
0.300000000
 10
142.766289708
 20
222.251352770
 30
3.000000000
 10
142.766286403
 20
222.222838239
 30
3.000000000
  0
SPLINE
  5
C9E
330
A02
100
AcDbEntity
  8
Shape2DView
100
AcDbSpline
210
0
220
0
230
1
 70
8
 71
1
 72
4
 73
2
 74
0
 40
0.000000000
 40
0.000000000
 40
0.223606798
 40
0.223606798
 10
142.766286403
 20
222.222838239
 30
3.000000000
 10
142.775790566
 20
222.203828553
 30
3.000000000
  0
SPLINE
  5
C9F
330
A02
100
AcDbEntity
  8
Shape2DView
100
AcDbSpline
210
0
220
0
230
1
 70
8
 71
1
 72
4
 73
2
 74
0
 40
0.000000000
 40
0.000000000
 40
0.200000000
 40
0.200000000
 10
142.775790566
 20
222.203828553
 30
3.000000000
 10
142.775788363
 20
222.184818866
 30
3.000000000
  0
SPLINE
  5
CA0
330
A02
100
AcDbEntity
  8
Shape2DView
100
AcDbSpline
210
0
220
0
230
1
 70
8
 71
1
 72
4
 73
2
 74
0
 40
0.000000000
 40
0.000000000
 40
0.223606798
 40
0.223606798
 10
142.775788363
 20
222.184818866
 30
3.000000000
 10
142.785292526
 20
222.165809179
 30
3.000000000
  0
SPLINE
  5
CA1
330
A02
100
AcDbEntity
  8
Shape2DView
100
AcDbSpline
210
0
220
0
230
1
 70
8
 71
1
 72
4
 73
2
 74
0
 40
0.000000000
 40
0.000000000
 40
0.300000000
 40
0.300000000
 10
142.785292526
 20
222.165809179
 30
3.000000000
 10
142.785289222
 20
222.137294649
 30
3.000000000
  0
SPLINE
  5
CA2
330
A02
100
AcDbEntity
  8
Shape2DView
100
AcDbSpline
210
0
220
0
230
1
 70
8
 71
1
 72
4
 73
2
 74
0
 40
0.000000000
 40
0.000000000
 40
0.200000000
 40
0.200000000
 10
142.785289222
 20
222.137294649
 30
3.000000000
 10
142.785287019
 20
222.118284962
 30
3.000000000
  0
SPLINE
  5
CA3
330
A02
100
AcDbEntity
  8
Shape2DView
100
AcDbSpline
210
0
220
0
230
1
 70
8
 71
1
 72
4
 73
2
 74
0
 40
0.000000000
 40
0.000000000
 40
0.300000000
 40
0.300000000
 10
142.785287019
 20
222.118284962
 30
3.000000000
 10
142.785283714
 20
222.089770432
 30
3.000000000
  0
SPLINE
  5
CA4
330
A02
100
AcDbEntity
  8
Shape2DView
100
AcDbSpline
210
0
220
0
230
1
 70
8
 71
1
 72
4
 73
2
 74
0
 40
0.000000000
 40
0.000000000
 40
0.500000000
 40
0.500000000
 10
142.785283714
 20
222.089770432
 30
3.000000000
 10
142.785278207
 20
222.042246215
 30
3.000000000
  0
SPLINE
  5
CA5
330
A02
100
AcDbEntity
  8
Shape2DView
100
AcDbSpline
210
0
220
0
230
1
 70
8
 71
1
 72
4
 73
2
 74
0
 40
0.000000000
 40
0.000000000
 40
0.608276253
 40
0.608276253
 10
142.785278207
 20
222.042246215
 30
3.000000000
 10
142.775765233
 20
221.985217154
 30
3.000000000
  0
SPLINE
  5
CA6
330
A02
100
AcDbEntity
  8
Shape2DView
100
AcDbSpline
210
0
220
0
230
1
 70
8
 71
1
 72
4
 73
2
 74
0
 40
0.000000000
 40
0.000000000
 40
0.223606798
 40
0.223606798
 10
142.775765233
 20
221.985217154
 30
3.000000000
 10
142.756751400
 20
221.975712311
 30
3.000000000
  0
SPLINE
  5
CA7
330
A02
100
AcDbEntity
  8
Shape2DView
100
AcDbSpline
210
0
220
0
230
1
 70
8
 71
1
 72
4
 73
2
 74
0
 40
0.000000000
 40
0.000000000
 40
0.141421356
 40
0.141421356
 10
142.756751400
 20
221.975712311
 30
3.000000000
 10
142.747243933
 20
221.966207467
 30
3.000000000
  0
SPLINE
  5
CA8
330
A02
100
AcDbEntity
  8
Shape2DView
100
AcDbSpline
210
0
220
0
230
1
 70
8
 71
1
 72
4
 73
2
 74
0
 40
0.000000000
 40
0.000000000
 40
0.360555128
 40
0.360555128
 10
142.747243933
 20
221.966207467
 30
3.000000000
 10
142.718722633
 20
221.947197780
 30
3.000000000
  0
SPLINE
  5
CA9
330
A02
100
AcDbEntity
  8
Shape2DView
100
AcDbSpline
210
0
220
0
230
1
 70
8
 71
1
 72
4
 73
2
 74
0
 40
0.000000000
 40
0.000000000
 40
0.223606798
 40
0.223606798
 10
142.718722633
 20
221.947197780
 30
3.000000000
 10
142.709214064
 20
221.928188094
 30
3.000000000
  0
SPLINE
  5
CAA
330
A02
100
AcDbEntity
  8
Shape2DView
100
AcDbSpline
210
0
220
0
230
1
 70
8
 71
1
 72
4
 73
2
 74
0
 40
0.000000000
 40
0.000000000
 40
0.223606798
 40
0.223606798
 10
142.709214064
 20
221.928188094
 30
3.000000000
 10
142.690200232
 20
221.918683250
 30
3.000000000
  0
SPLINE
  5
CAB
330
A02
100
AcDbEntity
  8
Shape2DView
100
AcDbSpline
210
0
220
0
230
1
 70
8
 71
1
 72
4
 73
2
 74
0
 40
0.000000000
 40
0.000000000
 40
0.282842712
 40
0.282842712
 10
142.690200232
 20
221.918683250
 30
3.000000000
 10
142.671185298
 20
221.899673563
 30
3.000000000
  0
SPLINE
  5
CAC
330
A02
100
AcDbEntity
  8
Shape2DView
100
AcDbSpline
210
0
220
0
230
1
 70
8
 71
1
 72
4
 73
2
 74
0
 40
0.000000000
 40
0.000000000
 40
0.141421356
 40
0.141421356
 10
142.671185298
 20
221.899673563
 30
3.000000000
 10
142.661677830
 20
221.890168720
 30
3.000000000
  0
SPLINE
  5
CAD
330
A02
100
AcDbEntity
  8
Shape2DView
100
AcDbSpline
210
0
220
0
230
1
 70
8
 71
1
 72
4
 73
2
 74
0
 40
0.000000000
 40
0.000000000
 40
0.141421356
 40
0.141421356
 10
142.661677830
 20
221.890168720
 30
3.000000000
 10
142.652170363
 20
221.880663877
 30
3.000000000
  0
SPLINE
  5
CAE
330
A02
100
AcDbEntity
  8
Shape2DView
100
AcDbSpline
210
0
220
0
230
1
 70
8
 71
1
 72
4
 73
2
 74
0
 40
0.000000000
 40
0.000000000
 40
0.200000000
 40
0.200000000
 10
142.652170363
 20
221.880663877
 30
3.000000000
 10
142.652168160
 20
221.861654190
 30
3.000000000
  0
SPLINE
  5
CAF
330
A02
100
AcDbEntity
  8
Shape2DView
100
AcDbSpline
210
0
220
0
230
1
 70
8
 71
1
 72
4
 73
2
 74
0
 40
0.000000000
 40
0.000000000
 40
0.141421356
 40
0.141421356
 10
142.652168160
 20
221.861654190
 30
3.000000000
 10
142.642660693
 20
221.852149346
 30
3.000000000
  0
SPLINE
  5
CB0
330
A02
100
AcDbEntity
  8
Shape2DView
100
AcDbSpline
210
0
220
0
230
1
 70
8
 71
1
 72
4
 73
2
 74
0
 40
0.000000000
 40
0.000000000
 40
0.223606798
 40
0.223606798
 10
142.642660693
 20
221.852149346
 30
3.000000000
 10
142.633152125
 20
221.833139659
 30
3.000000000
  0
SPLINE
  5
CB1
330
A02
100
AcDbEntity
  8
Shape2DView
100
AcDbSpline
210
0
220
0
230
1
 70
8
 71
1
 72
4
 73
2
 74
0
 40
0.000000000
 40
0.000000000
 40
0.200000000
 40
0.200000000
 10
142.633152125
 20
221.833139659
 30
3.000000000
 10
142.633149922
 20
221.814129973
 30
3.000000000
  0
SPLINE
  5
CB2
330
A02
100
AcDbEntity
  8
Shape2DView
100
AcDbSpline
210
0
220
0
230
1
 70
8
 71
1
 72
4
 73
2
 74
0
 40
0.000000000
 40
0.000000000
 40
0.141421356
 40
0.141421356
 10
142.633149922
 20
221.814129973
 30
3.000000000
 10
142.623642455
 20
221.804625129
 30
3.000000000
  0
SPLINE
  5
CB3
330
A02
100
AcDbEntity
  8
Shape2DView
100
AcDbSpline
210
0
220
0
230
1
 70
8
 71
1
 72
4
 73
2
 74
0
 40
0.000000000
 40
0.000000000
 40
1.345362405
 40
1.345362405
 10
142.623642455
 20
221.804625129
 30
3.000000000
 10
142.538074150
 20
221.709576695
 30
3.000000000
  0
SPLINE
  5
CB4
330
A02
100
AcDbEntity
  8
Shape2DView
100
AcDbSpline
210
0
220
0
230
1
 70
8
 71
1
 72
4
 73
2
 74
0
 40
0.000000000
 40
0.000000000
 40
0.360555128
 40
0.360555128
 10
142.538074150
 20
221.709576695
 30
3.000000000
 10
142.509552850
 20
221.690567008
 30
3.000000000
  0
SPLINE
  5
CB5
330
A02
100
AcDbEntity
  8
Shape2DView
100
AcDbSpline
210
0
220
0
230
1
 70
8
 71
1
 72
4
 73
2
 74
0
 40
0.000000000
 40
0.000000000
 40
0.141421356
 40
0.141421356
 10
142.509552850
 20
221.690567008
 30
3.000000000
 10
142.500045383
 20
221.681062165
 30
3.000000000
  0
SPLINE
  5
CB6
330
A02
100
AcDbEntity
  8
Shape2DView
100
AcDbSpline
210
0
220
0
230
1
 70
8
 71
1
 72
4
 73
2
 74
0
 40
0.000000000
 40
0.000000000
 40
0.223606798
 40
0.223606798
 10
142.500045383
 20
221.681062165
 30
3.000000000
 10
142.490536814
 20
221.662052478
 30
3.000000000
  0
SPLINE
  5
CB7
330
A02
100
AcDbEntity
  8
Shape2DView
100
AcDbSpline
210
0
220
0
230
1
 70
8
 71
1
 72
4
 73
2
 74
0
 40
0.000000000
 40
0.000000000
 40
0.707106781
 40
0.707106781
 10
142.490536814
 20
221.662052478
 30
3.000000000
 10
142.442999479
 20
221.614528261
 30
3.000000000
  0
SPLINE
  5
CB8
330
A02
100
AcDbEntity
  8
Shape2DView
100
AcDbSpline
210
0
220
0
230
1
 70
8
 71
1
 72
4
 73
2
 74
0
 40
0.000000000
 40
0.000000000
 40
0.640312424
 40
0.640312424
 10
142.442999479
 20
221.614528261
 30
3.000000000
 10
142.395463245
 20
221.576508887
 30
3.000000000
  0
SPLINE
  5
CB9
330
A02
100
AcDbEntity
  8
Shape2DView
100
AcDbSpline
210
0
220
0
230
1
 70
8
 71
1
 72
4
 73
2
 74
0
 40
0.000000000
 40
0.000000000
 40
0.707106781
 40
0.707106781
 10
142.395463245
 20
221.576508887
 30
3.000000000
 10
142.347925909
 20
221.528984670
 30
3.000000000
  0
SPLINE
  5
CBA
330
A02
100
AcDbEntity
  8
Shape2DView
100
AcDbSpline
210
0
220
0
230
1
 70
8
 71
1
 72
4
 73
2
 74
0
 40
0.000000000
 40
0.000000000
 40
0.707106781
 40
0.707106781
 10
142.347925909
 20
221.528984670
 30
3.000000000
 10
142.300388574
 20
221.481460453
 30
3.000000000
  0
SPLINE
  5
CBB
330
A02
100
AcDbEntity
  8
Shape2DView
100
AcDbSpline
210
0
220
0
230
1
 70
8
 71
1
 72
4
 73
2
 74
0
 40
0.000000000
 40
0.000000000
 40
0.282842712
 40
0.282842712
 10
142.300388574
 20
221.481460453
 30
3.000000000
 10
142.281373640
 20
221.462450766
 30
3.000000000
  0
SPLINE
  5
CBC
330
A02
100
AcDbEntity
  8
Shape2DView
100
AcDbSpline
210
0
220
0
230
1
 70
8
 71
1
 72
4
 73
2
 74
0
 40
0.000000000
 40
0.000000000
 40
0.424264069
 40
0.424264069
 10
142.281373640
 20
221.462450766
 30
3.000000000
 10
142.252851238
 20
221.433936236
 30
3.000000000
  0
SPLINE
  5
CBD
330
A02
100
AcDbEntity
  8
Shape2DView
100
AcDbSpline
210
0
220
0
230
1
 70
8
 71
1
 72
4
 73
2
 74
0
 40
0.000000000
 40
0.000000000
 40
0.565685425
 40
0.565685425
 10
142.252851238
 20
221.433936236
 30
3.000000000
 10
142.214821370
 20
221.395916862
 30
3.000000000
  0
SPLINE
  5
CBE
330
A02
100
AcDbEntity
  8
Shape2DView
100
AcDbSpline
210
0
220
0
230
1
 70
8
 71
1
 72
4
 73
2
 74
0
 40
0.000000000
 40
0.000000000
 40
0.707106781
 40
0.707106781
 10
142.214821370
 20
221.395916862
 30
3.000000000
 10
142.167284034
 20
221.348392645
 30
3.000000000
  0
SPLINE
  5
CBF
330
A02
100
AcDbEntity
  8
Shape2DView
100
AcDbSpline
210
0
220
0
230
1
 70
8
 71
1
 72
4
 73
2
 74
0
 40
0.000000000
 40
0.000000000
 40
4.252058325
 40
4.252058325
 10
142.167284034
 20
221.348392645
 30
3.000000000
 10
141.863049493
 20
221.082257030
 30
3.000000000
  0
SPLINE
  5
CC0
330
A02
100
AcDbEntity
  8
Shape2DView
100
AcDbSpline
210
0
220
0
230
1
 70
8
 71
1
 72
4
 73
2
 74
0
 40
0.000000000
 40
0.000000000
 40
1.500000000
 40
1.500000000
 10
141.863049493
 20
221.082257030
 30
3.000000000
 10
141.863032972
 20
220.939684378
 30
3.000000000
  0
SPLINE
  5
CC1
330
A02
100
AcDbEntity
  8
Shape2DView
100
AcDbSpline
210
0
220
0
230
1
 70
8
 71
1
 72
4
 73
2
 74
0
 40
0.000000000
 40
0.000000000
 40
3.330165161
 40
3.330165161
 10
141.863032972
 20
220.939684378
 30
3.000000000
 10
142.100667880
 20
220.730577823
 30
3.000000000
  0
SPLINE
  5
CC2
330
A02
100
AcDbEntity
  8
Shape2DView
100
AcDbSpline
210
0
220
0
230
1
 70
8
 71
1
 72
4
 73
2
 74
0
 40
0.000000000
 40
0.000000000
 40
0.100000000
 40
0.100000000
 10
142.100667880
 20
220.730577823
 30
3.000000000
 10
142.110174246
 20
220.730577823
 30
3.000000000
  0
SPLINE
  5
CC3
330
A02
100
AcDbEntity
  8
Shape2DView
100
AcDbSpline
210
0
220
0
230
1
 70
8
 71
1
 72
4
 73
2
 74
0
 40
0.000000000
 40
0.000000000
 40
4.468780594
 40
4.468780594
 10
142.110174246
 20
220.730577823
 30
3.000000000
 10
142.433422620
 20
221.006218282
 30
3.000000000
  0
SPLINE
  5
CC4
330
A02
100
AcDbEntity
  8
Shape2DView
100
AcDbSpline
210
0
220
0
230
1
 70
8
 71
1
 72
4
 73
2
 74
0
 40
0.000000000
 40
0.000000000
 40
1.280624847
 40
1.280624847
 10
142.433422620
 20
221.006218282
 30
3.000000000
 10
142.528495088
 20
221.082257030
 30
3.000000000
  0
SPLINE
  5
CC5
330
A02
100
AcDbEntity
  8
Shape2DView
100
AcDbSpline
210
0
220
0
230
1
 70
8
 71
1
 72
4
 73
2
 74
0
 40
0.000000000
 40
0.000000000
 40
1.280624847
 40
1.280624847
 10
142.528495088
 20
221.082257030
 30
3.000000000
 10
142.623567556
 20
221.158295777
 30
3.000000000
  0
SPLINE
  5
CC6
330
A02
100
AcDbEntity
  8
Shape2DView
100
AcDbSpline
210
0
220
0
230
1
 70
8
 71
1
 72
4
 73
2
 74
0
 40
0.000000000
 40
0.000000000
 40
1.345362405
 40
1.345362405
 10
142.623567556
 20
221.158295777
 30
3.000000000
 10
142.718641125
 20
221.243839368
 30
3.000000000
  0
SPLINE
  5
CC7
330
A02
100
AcDbEntity
  8
Shape2DView
100
AcDbSpline
210
0
220
0
230
1
 70
8
 71
1
 72
4
 73
2
 74
0
 40
0.000000000
 40
0.000000000
 40
1.360147051
 40
1.360147051
 10
142.718641125
 20
221.243839368
 30
3.000000000
 10
142.823219959
 20
221.319878115
 30
3.000000000
  0
SPLINE
  5
CC8
330
A02
100
AcDbEntity
  8
Shape2DView
100
AcDbSpline
210
0
220
0
230
1
 70
8
 71
1
 72
4
 73
2
 74
0
 40
0.000000000
 40
0.000000000
 40
1.421267040
 40
1.421267040
 10
142.823219959
 20
221.319878115
 30
3.000000000
 10
142.927799894
 20
221.405421706
 30
3.000000000
  0
SPLINE
  5
CC9
330
A02
100
AcDbEntity
  8
Shape2DView
100
AcDbSpline
210
0
220
0
230
1
 70
8
 71
1
 72
4
 73
2
 74
0
 40
0.000000000
 40
0.000000000
 40
0.100000000
 40
0.100000000
 10
142.927799894
 20
221.405421706
 30
3.000000000
 10
142.937306259
 20
221.405421706
 30
3.000000000
  0
SPLINE
  5
CCA
330
A02
100
AcDbEntity
  8
Shape2DView
100
AcDbSpline
210
0
220
0
230
1
 70
8
 71
1
 72
4
 73
2
 74
0
 40
0.000000000
 40
0.000000000
 40
0.200000000
 40
0.200000000
 10
142.937306259
 20
221.405421706
 30
3.000000000
 10
142.956318991
 20
221.405421706
 30
3.000000000
  0
SPLINE
  5
CCB
330
A02
100
AcDbEntity
  8
Shape2DView
100
AcDbSpline
210
0
220
0
230
1
 70
8
 71
1
 72
4
 73
2
 74
0
 40
0.000000000
 40
0.000000000
 40
0.100000000
 40
0.100000000
 10
142.956318991
 20
221.405421706
 30
3.000000000
 10
142.965825356
 20
221.405421706
 30
3.000000000
  0
SPLINE
  5
CCC
330
A02
100
AcDbEntity
  8
Shape2DView
100
AcDbSpline
210
0
220
0
230
1
 70
8
 71
1
 72
4
 73
2
 74
0
 40
0.000000000
 40
0.000000000
 40
0.100000000
 40
0.100000000
 10
142.965825356
 20
221.405421706
 30
3.000000000
 10
142.975331722
 20
221.405421706
 30
3.000000000
  0
SPLINE
  5
CCD
330
A02
100
AcDbEntity
  8
Shape2DView
100
AcDbSpline
210
0
220
0
230
1
 70
8
 71
1
 72
4
 73
2
 74
0
 40
0.000000000
 40
0.000000000
 40
0.200000000
 40
0.200000000
 10
142.975331722
 20
221.405421706
 30
3.000000000
 10
142.994344453
 20
221.405421706
 30
3.000000000
  0
SPLINE
  5
CCE
330
A02
100
AcDbEntity
  8
Shape2DView
100
AcDbSpline
210
0
220
0
230
1
 70
8
 71
1
 72
4
 73
2
 74
0
 40
0.000000000
 40
0.000000000
 40
0.316227766
 40
0.316227766
 10
142.994344453
 20
221.405421706
 30
3.000000000
 10
143.022864651
 20
221.414926549
 30
3.000000000
  0
SPLINE
  5
CCF
330
A02
100
AcDbEntity
  8
Shape2DView
100
AcDbSpline
210
0
220
0
230
1
 70
8
 71
1
 72
4
 73
2
 74
0
 40
0.000000000
 40
0.000000000
 40
0.200000000
 40
0.200000000
 10
143.022864651
 20
221.414926549
 30
3.000000000
 10
143.041877383
 20
221.414926549
 30
3.000000000
  0
SPLINE
  5
CD0
330
A02
100
AcDbEntity
  8
Shape2DView
100
AcDbSpline
210
0
220
0
230
1
 70
8
 71
1
 72
4
 73
2
 74
0
 40
0.000000000
 40
0.000000000
 40
0.223606798
 40
0.223606798
 10
143.041877383
 20
221.414926549
 30
3.000000000
 10
143.060891215
 20
221.424431393
 30
3.000000000
  0
SPLINE
  5
CD1
330
A02
100
AcDbEntity
  8
Shape2DView
100
AcDbSpline
210
0
220
0
230
1
 70
8
 71
1
 72
4
 73
2
 74
0
 40
0.000000000
 40
0.000000000
 40
0.200000000
 40
0.200000000
 10
143.060891215
 20
221.424431393
 30
3.000000000
 10
143.079903947
 20
221.424431393
 30
3.000000000
  0
SPLINE
  5
CD2
330
A02
100
AcDbEntity
  8
Shape2DView
100
AcDbSpline
210
0
220
0
230
1
 70
8
 71
1
 72
4
 73
2
 74
0
 40
0.000000000
 40
0.000000000
 40
0.141421356
 40
0.141421356
 10
143.079903947
 20
221.424431393
 30
3.000000000
 10
143.089411414
 20
221.433936236
 30
3.000000000
  0
SPLINE
  5
CD3
330
A02
100
AcDbEntity
  8
Shape2DView
100
AcDbSpline
210
0
220
0
230
1
 70
8
 71
1
 72
4
 73
2
 74
0
 40
0.000000000
 40
0.000000000
 40
0.100000000
 40
0.100000000
 10
143.089411414
 20
221.433936236
 30
3.000000000
 10
143.098917779
 20
221.433936236
 30
3.000000000
  0
SPLINE
  5
CD4
330
A02
100
AcDbEntity
  8
Shape2DView
100
AcDbSpline
210
0
220
0
230
1
 70
8
 71
1
 72
4
 73
2
 74
0
 40
0.000000000
 40
0.000000000
 40
0.141421356
 40
0.141421356
 10
143.098917779
 20
221.433936236
 30
3.000000000
 10
143.108425246
 20
221.443441079
 30
3.000000000
  0
SPLINE
  5
CD5
330
A02
100
AcDbEntity
  8
Shape2DView
100
AcDbSpline
210
0
220
0
230
1
 70
8
 71
1
 72
4
 73
2
 74
0
 40
0.000000000
 40
0.000000000
 40
0.316227766
 40
0.316227766
 10
143.108425246
 20
221.443441079
 30
3.000000000
 10
143.136945445
 20
221.452945923
 30
3.000000000
  0
SPLINE
  5
CD6
330
A02
100
AcDbEntity
  8
Shape2DView
100
AcDbSpline
210
0
220
0
230
1
 70
8
 71
1
 72
4
 73
2
 74
0
 40
0.000000000
 40
0.000000000
 40
0.316227766
 40
0.316227766
 10
143.136945445
 20
221.452945923
 30
3.000000000
 10
143.165465643
 20
221.462450766
 30
3.000000000
  0
SPLINE
  5
CD7
330
A02
100
AcDbEntity
  8
Shape2DView
100
AcDbSpline
210
0
220
0
230
1
 70
8
 71
1
 72
4
 73
2
 74
0
 40
0.000000000
 40
0.000000000
 40
0.316227766
 40
0.316227766
 10
143.165465643
 20
221.462450766
 30
3.000000000
 10
143.193985841
 20
221.471955610
 30
3.000000000
  0
SPLINE
  5
CD8
330
A02
100
AcDbEntity
  8
Shape2DView
100
AcDbSpline
210
0
220
0
230
1
 70
8
 71
1
 72
4
 73
2
 74
0
 40
0.000000000
 40
0.000000000
 40
0.360555128
 40
0.360555128
 10
143.193985841
 20
221.471955610
 30
3.000000000
 10
143.222507141
 20
221.490965296
 30
3.000000000
  0
SPLINE
  5
CD9
330
A02
100
AcDbEntity
  8
Shape2DView
100
AcDbSpline
210
0
220
0
230
1
 70
8
 71
1
 72
4
 73
2
 74
0
 40
0.000000000
 40
0.000000000
 40
0.200000000
 40
0.200000000
 10
143.222507141
 20
221.490965296
 30
3.000000000
 10
143.241519873
 20
221.490965296
 30
3.000000000
  0
SPLINE
  5
CDA
330
A02
100
AcDbEntity
  8
Shape2DView
100
AcDbSpline
210
0
220
0
230
1
 70
8
 71
1
 72
4
 73
2
 74
0
 40
0.000000000
 40
0.000000000
 40
0.223606798
 40
0.223606798
 10
143.241519873
 20
221.490965296
 30
3.000000000
 10
143.260533705
 20
221.500470140
 30
3.000000000
  0
SPLINE
  5
CDB
330
A02
100
AcDbEntity
  8
Shape2DView
100
AcDbSpline
210
0
220
0
230
1
 70
8
 71
1
 72
4
 73
2
 74
0
 40
0.000000000
 40
0.000000000
 40
0.360555128
 40
0.360555128
 10
143.260533705
 20
221.500470140
 30
3.000000000
 10
143.289055005
 20
221.519479827
 30
3.000000000
  0
SPLINE
  5
CDC
330
A02
100
AcDbEntity
  8
Shape2DView
100
AcDbSpline
210
0
220
0
230
1
 70
8
 71
1
 72
4
 73
2
 74
0
 40
0.000000000
 40
0.000000000
 40
0.100000000
 40
0.100000000
 10
143.289055005
 20
221.519479827
 30
3.000000000
 10
143.298561371
 20
221.519479827
 30
3.000000000
  0
SPLINE
  5
CDD
330
A02
100
AcDbEntity
  8
Shape2DView
100
AcDbSpline
210
0
220
0
230
1
 70
8
 71
1
 72
4
 73
2
 74
0
 40
0.000000000
 40
0.000000000
 40
0.141421356
 40
0.141421356
 10
143.298561371
 20
221.519479827
 30
3.000000000
 10
143.308068838
 20
221.528984670
 30
3.000000000
  0
SPLINE
  5
CDE
330
A02
100
AcDbEntity
  8
Shape2DView
100
AcDbSpline
210
0
220
0
230
1
 70
8
 71
1
 72
4
 73
2
 74
0
 40
0.000000000
 40
0.000000000
 40
0.141421356
 40
0.141421356
 10
143.308068838
 20
221.528984670
 30
3.000000000
 10
143.317576305
 20
221.538489514
 30
3.000000000
  0
SPLINE
  5
CDF
330
A02
100
AcDbEntity
  8
Shape2DView
100
AcDbSpline
210
0
220
0
230
1
 70
8
 71
1
 72
4
 73
2
 74
0
 40
0.000000000
 40
0.000000000
 40
0.200000000
 40
0.200000000
 10
143.317576305
 20
221.538489514
 30
3.000000000
 10
143.336589036
 20
221.538489514
 30
3.000000000
  0
SPLINE
  5
CE0
330
A02
100
AcDbEntity
  8
Shape2DView
100
AcDbSpline
210
0
220
0
230
1
 70
8
 71
1
 72
4
 73
2
 74
0
 40
0.000000000
 40
0.000000000
 40
0.200000000
 40
0.200000000
 10
143.336589036
 20
221.538489514
 30
3.000000000
 10
143.355601767
 20
221.538489514
 30
3.000000000
  0
SPLINE
  5
CE1
330
A02
100
AcDbEntity
  8
Shape2DView
100
AcDbSpline
210
0
220
0
230
1
 70
8
 71
1
 72
4
 73
2
 74
0
 40
0.000000000
 40
0.000000000
 40
0.100000000
 40
0.100000000
 10
143.355601767
 20
221.538489514
 30
3.000000000
 10
143.365108133
 20
221.538489514
 30
3.000000000
  0
SPLINE
  5
CE2
330
A02
100
AcDbEntity
  8
Shape2DView
100
AcDbSpline
210
0
220
0
230
1
 70
8
 71
1
 72
4
 73
2
 74
0
 40
0.000000000
 40
0.000000000
 40
0.200000000
 40
0.200000000
 10
143.365108133
 20
221.538489514
 30
3.000000000
 10
143.384120864
 20
221.538489514
 30
3.000000000
  0
SPLINE
  5
CE3
330
A02
100
AcDbEntity
  8
Shape2DView
100
AcDbSpline
210
0
220
0
230
1
 70
8
 71
1
 72
4
 73
2
 74
0
 40
0.000000000
 40
0.000000000
 40
0.100000000
 40
0.100000000
 10
143.384120864
 20
221.538489514
 30
3.000000000
 10
143.393627230
 20
221.538489514
 30
3.000000000
  0
SPLINE
  5
CE4
330
A02
100
AcDbEntity
  8
Shape2DView
100
AcDbSpline
210
0
220
0
230
1
 70
8
 71
1
 72
4
 73
2
 74
0
 40
0.000000000
 40
0.000000000
 40
0.141421356
 40
0.141421356
 10
143.393627230
 20
221.538489514
 30
3.000000000
 10
143.403132494
 20
221.528984670
 30
3.000000000
  0
SPLINE
  5
CE5
330
A02
100
AcDbEntity
  8
Shape2DView
100
AcDbSpline
210
0
220
0
230
1
 70
8
 71
1
 72
4
 73
2
 74
0
 40
0.000000000
 40
0.000000000
 40
0.223606798
 40
0.223606798
 10
143.403132494
 20
221.528984670
 30
3.000000000
 10
143.422144124
 20
221.519479827
 30
3.000000000
  0
SPLINE
  5
CE6
330
A02
100
AcDbEntity
  8
Shape2DView
100
AcDbSpline
210
0
220
0
230
1
 70
8
 71
1
 72
4
 73
2
 74
0
 40
0.000000000
 40
0.000000000
 40
0.141421356
 40
0.141421356
 10
143.422144124
 20
221.519479827
 30
3.000000000
 10
143.431649388
 20
221.509974983
 30
3.000000000
  0
SPLINE
  5
CE7
330
A02
100
AcDbEntity
  8
Shape2DView
100
AcDbSpline
210
0
220
0
230
1
 70
8
 71
1
 72
4
 73
2
 74
0
 40
0.000000000
 40
0.000000000
 40
0.141421356
 40
0.141421356
 10
143.431649388
 20
221.509974983
 30
3.000000000
 10
143.441154652
 20
221.500470140
 30
3.000000000
  0
SPLINE
  5
CE8
330
A02
100
AcDbEntity
  8
Shape2DView
100
AcDbSpline
210
0
220
0
230
1
 70
8
 71
1
 72
4
 73
2
 74
0
 40
0.000000000
 40
0.000000000
 40
0.141421356
 40
0.141421356
 10
143.441154652
 20
221.500470140
 30
3.000000000
 10
143.450659916
 20
221.490965296
 30
3.000000000
  0
SPLINE
  5
CE9
330
A02
100
AcDbEntity
  8
Shape2DView
100
AcDbSpline
210
0
220
0
230
1
 70
8
 71
1
 72
4
 73
2
 74
0
 40
0.000000000
 40
0.000000000
 40
0.223606798
 40
0.223606798
 10
143.450659916
 20
221.490965296
 30
3.000000000
 10
143.460164079
 20
221.471955610
 30
3.000000000
  0
SPLINE
  5
CEA
330
A02
100
AcDbEntity
  8
Shape2DView
100
AcDbSpline
210
0
220
0
230
1
 70
8
 71
1
 72
4
 73
2
 74
0
 40
0.000000000
 40
0.000000000
 40
0.141421356
 40
0.141421356
 10
143.460164079
 20
221.471955610
 30
3.000000000
 10
143.469669343
 20
221.462450766
 30
3.000000000
  0
SPLINE
  5
CEB
330
A02
100
AcDbEntity
  8
Shape2DView
100
AcDbSpline
210
0
220
0
230
1
 70
8
 71
1
 72
4
 73
2
 74
0
 40
0.000000000
 40
0.000000000
 40
0.223606798
 40
0.223606798
 10
143.469669343
 20
221.462450766
 30
3.000000000
 10
143.479173506
 20
221.443441079
 30
3.000000000
  0
SPLINE
  5
CEC
330
A02
100
AcDbEntity
  8
Shape2DView
100
AcDbSpline
210
0
220
0
230
1
 70
8
 71
1
 72
4
 73
2
 74
0
 40
0.000000000
 40
0.000000000
 40
0.200000000
 40
0.200000000
 10
143.479173506
 20
221.443441079
 30
3.000000000
 10
143.479171303
 20
221.424431393
 30
3.000000000
  0
SPLINE
  5
CED
330
A02
100
AcDbEntity
  8
Shape2DView
100
AcDbSpline
210
0
220
0
230
1
 70
8
 71
1
 72
4
 73
2
 74
0
 40
0.000000000
 40
0.000000000
 40
0.316227766
 40
0.316227766
 10
143.479171303
 20
221.424431393
 30
3.000000000
 10
143.488674364
 20
221.395916862
 30
3.000000000
  0
SPLINE
  5
CEE
330
A02
100
AcDbEntity
  8
Shape2DView
100
AcDbSpline
210
0
220
0
230
1
 70
8
 71
1
 72
4
 73
2
 74
0
 40
0.000000000
 40
0.000000000
 40
0.223606798
 40
0.223606798
 10
143.488674364
 20
221.395916862
 30
3.000000000
 10
143.498178527
 20
221.376907175
 30
3.000000000
  0
SPLINE
  5
CEF
330
A02
100
AcDbEntity
  8
Shape2DView
100
AcDbSpline
210
0
220
0
230
1
 70
8
 71
1
 72
4
 73
2
 74
0
 40
0.000000000
 40
0.000000000
 40
0.500000000
 40
0.500000000
 10
143.498178527
 20
221.376907175
 30
3.000000000
 10
143.536200685
 20
221.348392645
 30
3.000000000
  0
SPLINE
  5
CF0
330
A02
100
AcDbEntity
  8
Shape2DView
100
AcDbSpline
210
0
220
0
230
1
 70
8
 71
1
 72
4
 73
2
 74
0
 40
0.000000000
 40
0.000000000
 40
0.223606798
 40
0.223606798
 10
143.536200685
 20
221.348392645
 30
3.000000000
 10
143.545704848
 20
221.329382958
 30
3.000000000
  0
SPLINE
  5
CF1
330
A02
100
AcDbEntity
  8
Shape2DView
100
AcDbSpline
210
0
220
0
230
1
 70
8
 71
1
 72
4
 73
2
 74
0
 40
0.000000000
 40
0.000000000
 40
0.282842712
 40
0.282842712
 10
143.545704848
 20
221.329382958
 30
3.000000000
 10
143.564715376
 20
221.310373272
 30
3.000000000
  0
SPLINE
  5
CF2
330
A02
100
AcDbEntity
  8
Shape2DView
100
AcDbSpline
210
0
220
0
230
1
 70
8
 71
1
 72
4
 73
2
 74
0
 40
0.000000000
 40
0.000000000
 40
0.565685425
 40
0.565685425
 10
143.564715376
 20
221.310373272
 30
3.000000000
 10
143.602736433
 20
221.272353898
 30
3.000000000
  0
SPLINE
  5
CF3
330
A02
100
AcDbEntity
  8
Shape2DView
100
AcDbSpline
210
0
220
0
230
1
 70
8
 71
1
 72
4
 73
2
 74
0
 40
0.000000000
 40
0.000000000
 40
0.500000000
 40
0.500000000
 10
143.602736433
 20
221.272353898
 30
3.000000000
 10
143.631251124
 20
221.234334524
 30
3.000000000
  0
SPLINE
  5
CF4
330
A02
100
AcDbEntity
  8
Shape2DView
100
AcDbSpline
210
0
220
0
230
1
 70
8
 71
1
 72
4
 73
2
 74
0
 40
0.000000000
 40
0.000000000
 40
0.565685425
 40
0.565685425
 10
143.631251124
 20
221.234334524
 30
3.000000000
 10
143.669272181
 20
221.196315151
 30
3.000000000
  0
SPLINE
  5
CF5
330
A02
100
AcDbEntity
  8
Shape2DView
100
AcDbSpline
210
0
220
0
230
1
 70
8
 71
1
 72
4
 73
2
 74
0
 40
0.000000000
 40
0.000000000
 40
0.500000000
 40
0.500000000
 10
143.669272181
 20
221.196315151
 30
3.000000000
 10
143.697786872
 20
221.158295777
 30
3.000000000
  0
SPLINE
  5
CF6
330
A02
100
AcDbEntity
  8
Shape2DView
100
AcDbSpline
210
0
220
0
230
1
 70
8
 71
1
 72
4
 73
2
 74
0
 40
0.000000000
 40
0.000000000
 40
0.583095189
 40
0.583095189
 10
143.697786872
 20
221.158295777
 30
3.000000000
 10
143.726300461
 20
221.110771560
 30
3.000000000
  0
SPLINE
  5
CF7
330
A02
100
AcDbEntity
  8
Shape2DView
100
AcDbSpline
210
0
220
0
230
1
 70
8
 71
1
 72
4
 73
2
 74
0
 40
0.000000000
 40
0.000000000
 40
0.282842712
 40
0.282842712
 10
143.726300461
 20
221.110771560
 30
3.000000000
 10
143.745310990
 20
221.091761873
 30
3.000000000
  0
SPLINE
  5
CF8
330
A02
100
AcDbEntity
  8
Shape2DView
100
AcDbSpline
210
0
220
0
230
1
 70
8
 71
1
 72
4
 73
2
 74
0
 40
0.000000000
 40
0.000000000
 40
0.316227766
 40
0.316227766
 10
143.745310990
 20
221.091761873
 30
3.000000000
 10
143.754814051
 20
221.063247343
 30
3.000000000
  0
SPLINE
  5
CF9
330
A02
100
AcDbEntity
  8
Shape2DView
100
AcDbSpline
210
0
220
0
230
1
 70
8
 71
1
 72
4
 73
2
 74
0
 40
0.000000000
 40
0.000000000
 40
0.583095189
 40
0.583095189
 10
143.754814051
 20
221.063247343
 30
3.000000000
 10
143.783327640
 20
221.015723126
 30
3.000000000
  0
SPLINE
  5
CFA
330
A02
100
AcDbEntity
  8
Shape2DView
100
AcDbSpline
210
0
220
0
230
1
 70
8
 71
1
 72
4
 73
2
 74
0
 40
0.000000000
 40
0.000000000
 40
0.583095189
 40
0.583095189
 10
143.783327640
 20
221.015723126
 30
3.000000000
 10
143.811841230
 20
220.968198909
 30
3.000000000
  0
SPLINE
  5
CFB
330
A02
100
AcDbEntity
  8
Shape2DView
100
AcDbSpline
210
0
220
0
230
1
 70
8
 71
1
 72
4
 73
2
 74
0
 40
0.000000000
 40
0.000000000
 40
0.583095189
 40
0.583095189
 10
143.811841230
 20
220.968198909
 30
3.000000000
 10
143.840354820
 20
220.920674691
 30
3.000000000
  0
SPLINE
  5
CFC
330
A02
100
AcDbEntity
  8
Shape2DView
100
AcDbSpline
210
0
220
0
230
1
 70
8
 71
1
 72
4
 73
2
 74
0
 40
0.000000000
 40
0.000000000
 40
0.360555128
 40
0.360555128
 10
143.840354820
 20
220.920674691
 30
3.000000000
 10
143.859364247
 20
220.892160161
 30
3.000000000
  0
SPLINE
  5
CFD
330
A02
100
AcDbEntity
  8
Shape2DView
100
AcDbSpline
210
0
220
0
230
1
 70
8
 71
1
 72
4
 73
2
 74
0
 40
0.000000000
 40
0.000000000
 40
0.316227766
 40
0.316227766
 10
143.859364247
 20
220.892160161
 30
3.000000000
 10
143.868867308
 20
220.863645631
 30
3.000000000
  0
SPLINE
  5
CFE
330
A02
100
AcDbEntity
  8
Shape2DView
100
AcDbSpline
210
0
220
0
230
1
 70
8
 71
1
 72
4
 73
2
 74
0
 40
0.000000000
 40
0.000000000
 40
0.632455532
 40
0.632455532
 10
143.868867308
 20
220.863645631
 30
3.000000000
 10
143.887873430
 20
220.806616570
 30
3.000000000
  0
SPLINE
  5
CFF
330
A02
100
AcDbEntity
  8
Shape2DView
100
AcDbSpline
210
0
220
0
230
1
 70
8
 71
1
 72
4
 73
2
 74
0
 40
0.000000000
 40
0.000000000
 40
0.670820393
 40
0.670820393
 10
143.887873430
 20
220.806616570
 30
3.000000000
 10
143.916385918
 20
220.749587510
 30
3.000000000
  0
SPLINE
  5
D00
330
A02
100
AcDbEntity
  8
Shape2DView
100
AcDbSpline
210
0
220
0
230
1
 70
8
 71
1
 72
4
 73
2
 74
0
 40
0.000000000
 40
0.000000000
 40
0.632455532
 40
0.632455532
 10
143.916385918
 20
220.749587510
 30
3.000000000
 10
143.935392041
 20
220.692558449
 30
3.000000000
  0
SPLINE
  5
D01
330
A02
100
AcDbEntity
  8
Shape2DView
100
AcDbSpline
210
0
220
0
230
1
 70
8
 71
1
 72
4
 73
2
 74
0
 40
0.000000000
 40
0.000000000
 40
0.670820393
 40
0.670820393
 10
143.935392041
 20
220.692558449
 30
3.000000000
 10
143.963904529
 20
220.635529389
 30
3.000000000
  0
SPLINE
  5
D02
330
A02
100
AcDbEntity
  8
Shape2DView
100
AcDbSpline
210
0
220
0
230
1
 70
8
 71
1
 72
4
 73
2
 74
0
 40
0.000000000
 40
0.000000000
 40
0.223606798
 40
0.223606798
 10
143.963904529
 20
220.635529389
 30
3.000000000
 10
143.982916159
 20
220.626024546
 30
3.000000000
  0
SPLINE
  5
D03
330
A02
100
AcDbEntity
  8
Shape2DView
100
AcDbSpline
210
0
220
0
230
1
 70
8
 71
1
 72
4
 73
2
 74
0
 40
0.000000000
 40
0.000000000
 40
0.300000000
 40
0.300000000
 10
143.982916159
 20
220.626024546
 30
3.000000000
 10
144.011435256
 20
220.626024546
 30
3.000000000
  0
SPLINE
  5
D04
330
A02
100
AcDbEntity
  8
Shape2DView
100
AcDbSpline
210
0
220
0
230
1
 70
8
 71
1
 72
4
 73
2
 74
0
 40
0.000000000
 40
0.000000000
 40
0.200000000
 40
0.200000000
 10
144.011435256
 20
220.626024546
 30
3.000000000
 10
144.030447987
 20
220.626024546
 30
3.000000000
  0
SPLINE
  5
D05
330
A02
100
AcDbEntity
  8
Shape2DView
100
AcDbSpline
210
0
220
0
230
1
 70
8
 71
1
 72
4
 73
2
 74
0
 40
0.000000000
 40
0.000000000
 40
0.300000000
 40
0.300000000
 10
144.030447987
 20
220.626024546
 30
3.000000000
 10
144.058967084
 20
220.626024546
 30
3.000000000
  0
SPLINE
  5
D06
330
A02
100
AcDbEntity
  8
Shape2DView
100
AcDbSpline
210
0
220
0
230
1
 70
8
 71
1
 72
4
 73
2
 74
0
 40
0.000000000
 40
0.000000000
 40
0.223606798
 40
0.223606798
 10
144.058967084
 20
220.626024546
 30
3.000000000
 10
144.077980917
 20
220.635529389
 30
3.000000000
  0
SPLINE
  5
D07
330
A02
100
AcDbEntity
  8
Shape2DView
100
AcDbSpline
210
0
220
0
230
1
 70
8
 71
1
 72
4
 73
2
 74
0
 40
0.000000000
 40
0.000000000
 40
0.200000000
 40
0.200000000
 10
144.077980917
 20
220.635529389
 30
3.000000000
 10
144.096993648
 20
220.635529389
 30
3.000000000
  0
SPLINE
  5
D08
330
A02
100
AcDbEntity
  8
Shape2DView
100
AcDbSpline
210
0
220
0
230
1
 70
8
 71
1
 72
4
 73
2
 74
0
 40
0.000000000
 40
0.000000000
 40
0.141421356
 40
0.141421356
 10
144.096993648
 20
220.635529389
 30
3.000000000
 10
144.106501115
 20
220.645034232
 30
3.000000000
  0
SPLINE
  5
D09
330
A02
100
AcDbEntity
  8
Shape2DView
100
AcDbSpline
210
0
220
0
230
1
 70
8
 71
1
 72
4
 73
2
 74
0
 40
0.000000000
 40
0.000000000
 40
0.223606798
 40
0.223606798
 10
144.106501115
 20
220.645034232
 30
3.000000000
 10
144.125514948
 20
220.654539076
 30
3.000000000
  0
SPLINE
  5
D0A
330
A02
100
AcDbEntity
  8
Shape2DView
100
AcDbSpline
210
0
220
0
230
1
 70
8
 71
1
 72
4
 73
2
 74
0
 40
0.000000000
 40
0.000000000
 40
1.170469991
 40
1.170469991
 10
144.125514948
 20
220.654539076
 30
3.000000000
 10
144.087501601
 20
220.759092353
 30
3.000000000
  0
SPLINE
  5
D0B
330
A02
100
AcDbEntity
  8
Shape2DView
100
AcDbSpline
210
0
220
0
230
1
 70
8
 71
1
 72
4
 73
2
 74
0
 40
0.000000000
 40
0.000000000
 40
0.824621125
 40
0.824621125
 10
144.087501601
 20
220.759092353
 30
3.000000000
 10
144.068497682
 20
220.835131101
 30
3.000000000
  0
SPLINE
  5
D0C
330
A02
100
AcDbEntity
  8
Shape2DView
100
AcDbSpline
210
0
220
0
230
1
 70
8
 71
1
 72
4
 73
2
 74
0
 40
0.000000000
 40
0.000000000
 40
0.509901951
 40
0.509901951
 10
144.068497682
 20
220.835131101
 30
3.000000000
 10
144.058996823
 20
220.882655318
 30
3.000000000
  0
SPLINE
  5
D0D
330
A02
100
AcDbEntity
  8
Shape2DView
100
AcDbSpline
210
0
220
0
230
1
 70
8
 71
1
 72
4
 73
2
 74
0
 40
0.000000000
 40
0.000000000
 40
0.412310563
 40
0.412310563
 10
144.058996823
 20
220.882655318
 30
3.000000000
 10
144.049494864
 20
220.920674691
 30
3.000000000
  0
SPLINE
  5
D0E
330
A02
100
AcDbEntity
  8
Shape2DView
100
AcDbSpline
210
0
220
0
230
1
 70
8
 71
1
 72
4
 73
2
 74
0
 40
0.000000000
 40
0.000000000
 40
0.412310563
 40
0.412310563
 10
144.049494864
 20
220.920674691
 30
3.000000000
 10
144.039992904
 20
220.958694065
 30
3.000000000
  0
SPLINE
  5
D0F
330
A02
100
AcDbEntity
  8
Shape2DView001
100
AcDbSpline
210
0
220
0
230
1
 70
8
 71
3
 72
8
 73
4
 74
0
 40
0.000000000
 40
0.000000000
 40
0.000000000
 40
0.000000000
 40
1.000000000
 40
1.000000000
 40
1.000000000
 40
1.000000000
 10
63.616975000
 20
160.089720000
 30
3.000000000
 10
64.615860000
 20
159.899890000
 30
3.000000000
 10
66.155137000
 20
159.003100000
 30
3.000000000
 10
66.085939000
 20
158.651300000
 30
3.000000000
  0
SPLINE
  5
D10
330
A02
100
AcDbEntity
  8
Shape2DView001
100
AcDbSpline
210
0
220
0
230
1
 70
8
 71
3
 72
8
 73
4
 74
0
 40
0.000000000
 40
0.000000000
 40
0.000000000
 40
0.000000000
 40
1.000000000
 40
1.000000000
 40
1.000000000
 40
1.000000000
 10
66.085939000
 20
158.651300000
 30
3.000000000
 10
66.022919000
 20
158.330910000
 30
3.000000000
 10
65.601159000
 20
158.330150000
 30
3.000000000
 10
65.221195000
 20
158.649300000
 30
3.000000000
  0
SPLINE
  5
D11
330
A02
100
AcDbEntity
  8
Shape2DView001
100
AcDbSpline
210
0
220
0
230
1
 70
8
 71
3
 72
8
 73
4
 74
0
 40
0.000000000
 40
0.000000000
 40
0.000000000
 40
0.000000000
 40
1.000000000
 40
1.000000000
 40
1.000000000
 40
1.000000000
 10
65.221195000
 20
158.649300000
 30
3.000000000
 10
64.552036000
 20
159.212150000
 30
3.000000000
 10
63.605497000
 20
159.520070000
 30
3.000000000
 10
62.538991000
 20
159.521840000
 30
3.000000000
  0
SPLINE
  5
D12
330
A02
100
AcDbEntity
  8
Shape2DView001
100
AcDbSpline
210
0
220
0
230
1
 70
8
 71
3
 72
8
 73
4
 74
0
 40
0.000000000
 40
0.000000000
 40
0.000000000
 40
0.000000000
 40
1.000000000
 40
1.000000000
 40
1.000000000
 40
1.000000000
 10
62.538991000
 20
159.521840000
 30
3.000000000
 10
61.517330000
 20
159.523840000
 30
3.000000000
 10
60.639852000
 20
159.237230000
 30
3.000000000
 10
59.873566000
 20
158.652130000
 30
3.000000000
  0
SPLINE
  5
D13
330
A02
100
AcDbEntity
  8
Shape2DView001
100
AcDbSpline
210
0
220
0
230
1
 70
8
 71
3
 72
8
 73
4
 74
0
 40
0.000000000
 40
0.000000000
 40
0.000000000
 40
0.000000000
 40
1.000000000
 40
1.000000000
 40
1.000000000
 40
1.000000000
 10
59.873566000
 20
158.652130000
 30
3.000000000
 10
59.502795000
 20
158.369030000
 30
3.000000000
 10
59.328829000
 20
158.335660000
 30
3.000000000
 10
59.150943000
 20
158.513550000
 30
3.000000000
  0
SPLINE
  5
D14
330
A02
100
AcDbEntity
  8
Shape2DView001
100
AcDbSpline
210
0
220
0
230
1
 70
8
 71
3
 72
8
 73
4
 74
0
 40
0.000000000
 40
0.000000000
 40
0.000000000
 40
0.000000000
 40
1.000000000
 40
1.000000000
 40
1.000000000
 40
1.000000000
 10
59.150943000
 20
158.513550000
 30
3.000000000
 10
58.976769000
 20
158.687720000
 30
3.000000000
 10
59.001878000
 20
158.765800000
 30
3.000000000
 10
59.329261000
 20
159.068040000
 30
3.000000000
  0
SPLINE
  5
D15
330
A02
100
AcDbEntity
  8
Shape2DView001
100
AcDbSpline
210
0
220
0
230
1
 70
8
 71
3
 72
8
 73
4
 74
0
 40
0.000000000
 40
0.000000000
 40
0.000000000
 40
0.000000000
 40
1.000000000
 40
1.000000000
 40
1.000000000
 40
1.000000000
 10
59.329261000
 20
159.068040000
 30
3.000000000
 10
59.689645000
 20
159.400740000
 30
3.000000000
 10
60.563276000
 20
159.845240000
 30
3.000000000
 10
61.175114000
 20
160.007180000
 30
3.000000000
  0
SPLINE
  5
D16
330
A02
100
AcDbEntity
  8
Shape2DView001
100
AcDbSpline
210
0
220
0
230
1
 70
8
 71
3
 72
8
 73
4
 74
0
 40
0.000000000
 40
0.000000000
 40
0.000000000
 40
0.000000000
 40
1.000000000
 40
1.000000000
 40
1.000000000
 40
1.000000000
 10
61.175114000
 20
160.007180000
 30
3.000000000
 10
61.827021000
 20
160.179740000
 30
3.000000000
 10
62.943487000
 20
160.217270000
 30
3.000000000
 10
63.616975000
 20
160.089280000
 30
3.000000000
  0
SPLINE
  5
D17
330
A02
100
AcDbEntity
  8
Shape2DView001
100
AcDbSpline
210
0
220
0
230
1
 70
8
 71
1
 72
4
 73
2
 74
0
 40
0.000000000
 40
0.000000000
 40
0.000440000
 40
0.000440000
 10
63.616975000
 20
160.089280000
 30
3.000000000
 10
63.616975000
 20
160.089720000
 30
3.000000000
  0
SPLINE
  5
D18
330
A02
100
AcDbEntity
  8
Shape2DView001
100
AcDbSpline
210
0
220
0
230
1
 70
8
 71
3
 72
8
 73
4
 74
0
 40
0.000000000
 40
0.000000000
 40
0.000000000
 40
0.000000000
 40
1.000000000
 40
1.000000000
 40
1.000000000
 40
1.000000000
 10
63.054317000
 20
158.920100000
 30
3.000000000
 10
63.583139000
 20
158.862500000
 30
3.000000000
 10
64.458263000
 20
158.511610000
 30
3.000000000
 10
64.847515000
 20
158.201020000
 30
3.000000000
  0
SPLINE
  5
D19
330
A02
100
AcDbEntity
  8
Shape2DView001
100
AcDbSpline
210
0
220
0
230
1
 70
8
 71
3
 72
8
 73
4
 74
0
 40
0.000000000
 40
0.000000000
 40
0.000000000
 40
0.000000000
 40
1.000000000
 40
1.000000000
 40
1.000000000
 40
1.000000000
 10
64.847515000
 20
158.201020000
 30
3.000000000
 10
65.127117000
 20
157.977930000
 30
3.000000000
 10
65.195492000
 20
157.748320000
 30
3.000000000
 10
65.031239000
 20
157.584070000
 30
3.000000000
  0
SPLINE
  5
D1A
330
A02
100
AcDbEntity
  8
Shape2DView001
100
AcDbSpline
210
0
220
0
230
1
 70
8
 71
3
 72
8
 73
4
 74
0
 40
0.000000000
 40
0.000000000
 40
0.000000000
 40
0.000000000
 40
1.000000000
 40
1.000000000
 40
1.000000000
 40
1.000000000
 10
65.031239000
 20
157.584070000
 30
3.000000000
 10
64.883121000
 20
157.435950000
 30
3.000000000
 10
64.690885000
 20
157.479610000
 30
3.000000000
 10
64.313557000
 20
157.747090000
 30
3.000000000
  0
SPLINE
  5
D1B
330
A02
100
AcDbEntity
  8
Shape2DView001
100
AcDbSpline
210
0
220
0
230
1
 70
8
 71
3
 72
8
 73
4
 74
0
 40
0.000000000
 40
0.000000000
 40
0.000000000
 40
0.000000000
 40
1.000000000
 40
1.000000000
 40
1.000000000
 40
1.000000000
 10
64.313557000
 20
157.747090000
 30
3.000000000
 10
63.244687000
 20
158.504780000
 30
3.000000000
 10
61.945463000
 20
158.514460000
 30
3.000000000
 10
60.828492000
 20
157.773090000
 30
3.000000000
  0
SPLINE
  5
D1C
330
A02
100
AcDbEntity
  8
Shape2DView001
100
AcDbSpline
210
0
220
0
230
1
 70
8
 71
3
 72
8
 73
4
 74
0
 40
0.000000000
 40
0.000000000
 40
0.000000000
 40
0.000000000
 40
1.000000000
 40
1.000000000
 40
1.000000000
 40
1.000000000
 10
60.828492000
 20
157.773090000
 30
3.000000000
 10
60.380358000
 20
157.475640000
 30
3.000000000
 10
60.244044000
 20
157.440270000
 30
3.000000000
 10
60.100207000
 20
157.584100000
 30
3.000000000
  0
SPLINE
  5
D1D
330
A02
100
AcDbEntity
  8
Shape2DView001
100
AcDbSpline
210
0
220
0
230
1
 70
8
 71
2
 72
6
 73
3
 74
0
 40
0.000000000
 40
0.000000000
 40
0.000000000
 40
1.000000000
 40
1.000000000
 40
1.000000000
 10
60.100207000
 20
157.584100000
 30
3.000000000
 10
59.706093000
 20
157.984590000
 30
3.000000000
 10
60.874439000
 20
158.565170000
 30
3.000000000
  0
SPLINE
  5
D1E
330
A02
100
AcDbEntity
  8
Shape2DView001
100
AcDbSpline
210
0
220
0
230
1
 70
8
 71
3
 72
8
 73
4
 74
0
 40
0.000000000
 40
0.000000000
 40
0.000000000
 40
0.000000000
 40
1.000000000
 40
1.000000000
 40
1.000000000
 40
1.000000000
 10
60.874439000
 20
158.565170000
 30
3.000000000
 10
61.577939000
 20
158.913450000
 30
3.000000000
 10
62.194039000
 20
159.013770000
 30
3.000000000
 10
63.054317000
 20
158.920130000
 30
3.000000000
  0
SPLINE
  5
D1F
330
A02
100
AcDbEntity
  8
Shape2DView001
100
AcDbSpline
210
0
220
0
230
1
 70
8
 71
1
 72
4
 73
2
 74
0
 40
0.000000000
 40
0.000000000
 40
0.000030000
 40
0.000030000
 10
63.054317000
 20
158.920130000
 30
3.000000000
 10
63.054317000
 20
158.920100000
 30
3.000000000
  0
SPLINE
  5
D20
330
A02
100
AcDbEntity
  8
Shape2DView001
100
AcDbSpline
210
0
220
0
230
1
 70
8
 71
3
 72
8
 73
4
 74
0
 40
0.000000000
 40
0.000000000
 40
0.000000000
 40
0.000000000
 40
1.000000000
 40
1.000000000
 40
1.000000000
 40
1.000000000
 10
47.021653000
 20
157.487780000
 30
3.000000000
 10
47.257698000
 20
157.453180000
 30
3.000000000
 10
47.586150000
 20
157.355830000
 30
3.000000000
 10
47.751551000
 20
157.271450000
 30
3.000000000
  0
SPLINE
  5
D21
330
A02
100
AcDbEntity
  8
Shape2DView001
100
AcDbSpline
210
0
220
0
230
1
 70
8
 71
3
 72
8
 73
4
 74
0
 40
0.000000000
 40
0.000000000
 40
0.000000000
 40
0.000000000
 40
1.000000000
 40
1.000000000
 40
1.000000000
 40
1.000000000
 10
47.751551000
 20
157.271450000
 30
3.000000000
 10
48.128318000
 20
157.079230000
 30
3.000000000
 10
48.223729000
 20
157.080010000
 30
3.000000000
 10
48.734780000
 20
157.279450000
 30
3.000000000
  0
SPLINE
  5
D22
330
A02
100
AcDbEntity
  8
Shape2DView001
100
AcDbSpline
210
0
220
0
230
1
 70
8
 71
3
 72
8
 73
4
 74
0
 40
0.000000000
 40
0.000000000
 40
0.000000000
 40
0.000000000
 40
1.000000000
 40
1.000000000
 40
1.000000000
 40
1.000000000
 10
48.734780000
 20
157.279450000
 30
3.000000000
 10
49.325256000
 20
157.509840000
 30
3.000000000
 10
50.701378000
 20
157.567060000
 30
3.000000000
 10
51.187446000
 20
157.381430000
 30
3.000000000
  0
SPLINE
  5
D23
330
A02
100
AcDbEntity
  8
Shape2DView001
100
AcDbSpline
210
0
220
0
230
1
 70
8
 71
3
 72
8
 73
4
 74
0
 40
0.000000000
 40
0.000000000
 40
0.000000000
 40
0.000000000
 40
1.000000000
 40
1.000000000
 40
1.000000000
 40
1.000000000
 10
51.187446000
 20
157.381430000
 30
3.000000000
 10
51.977779000
 20
157.079600000
 30
3.000000000
 10
52.353891000
 20
156.432540000
 30
3.000000000
 10
52.367299000
 20
155.351600000
 30
3.000000000
  0
SPLINE
  5
D24
330
A02
100
AcDbEntity
  8
Shape2DView001
100
AcDbSpline
210
0
220
0
230
1
 70
8
 71
3
 72
8
 73
4
 74
0
 40
0.000000000
 40
0.000000000
 40
0.000000000
 40
0.000000000
 40
1.000000000
 40
1.000000000
 40
1.000000000
 40
1.000000000
 10
52.367299000
 20
155.351600000
 30
3.000000000
 10
52.381099000
 20
154.241250000
 30
3.000000000
 10
51.971440000
 20
153.568740000
 30
3.000000000
 10
51.154559000
 20
153.360580000
 30
3.000000000
  0
SPLINE
  5
D25
330
A02
100
AcDbEntity
  8
Shape2DView001
100
AcDbSpline
210
0
220
0
230
1
 70
8
 71
3
 72
8
 73
4
 74
0
 40
0.000000000
 40
0.000000000
 40
0.000000000
 40
0.000000000
 40
1.000000000
 40
1.000000000
 40
1.000000000
 40
1.000000000
 10
51.154559000
 20
153.360580000
 30
3.000000000
 10
50.684758000
 20
153.240870000
 30
3.000000000
 10
49.312567000
 20
153.060380000
 30
3.000000000
 10
48.866325000
 20
153.059600000
 30
3.000000000
  0
SPLINE
  5
D26
330
A02
100
AcDbEntity
  8
Shape2DView001
100
AcDbSpline
210
0
220
0
230
1
 70
8
 71
1
 72
4
 73
2
 74
0
 40
0.000000000
 40
0.000000000
 40
0.357045408
 40
0.357045408
 10
48.866325000
 20
153.059600000
 30
3.000000000
 10
48.509280000
 20
153.059060000
 30
3.000000000
  0
SPLINE
  5
D27
330
A02
100
AcDbEntity
  8
Shape2DView001
100
AcDbSpline
210
0
220
0
230
1
 70
8
 71
1
 72
4
 73
2
 74
0
 40
0.000000000
 40
0.000000000
 40
0.405100000
 40
0.405100000
 10
48.509280000
 20
153.059060000
 30
3.000000000
 10
48.509280000
 20
152.653960000
 30
3.000000000
  0
SPLINE
  5
D28
330
A02
100
AcDbEntity
  8
Shape2DView001
100
AcDbSpline
210
0
220
0
230
1
 70
8
 71
3
 72
8
 73
4
 74
0
 40
0.000000000
 40
0.000000000
 40
0.000000000
 40
0.000000000
 40
1.000000000
 40
1.000000000
 40
1.000000000
 40
1.000000000
 10
48.509280000
 20
152.653960000
 30
3.000000000
 10
48.509280000
 20
152.366240000
 30
3.000000000
 10
48.551070000
 20
152.197440000
 30
3.000000000
 10
48.653584000
 20
152.071410000
 30
3.000000000
  0
SPLINE
  5
D29
330
A02
100
AcDbEntity
  8
Shape2DView001
100
AcDbSpline
210
0
220
0
230
1
 70
8
 71
3
 72
8
 73
4
 74
0
 40
0.000000000
 40
0.000000000
 40
0.000000000
 40
0.000000000
 40
1.000000000
 40
1.000000000
 40
1.000000000
 40
1.000000000
 10
48.653584000
 20
152.071410000
 30
3.000000000
 10
48.796871000
 20
151.895210000
 30
3.000000000
 10
48.808992000
 20
151.893950000
 30
3.000000000
 10
50.363663000
 20
151.893950000
 30
3.000000000
  0
SPLINE
  5
D2A
330
A02
100
AcDbEntity
  8
Shape2DView001
100
AcDbSpline
210
0
220
0
230
1
 70
8
 71
1
 72
4
 73
2
 74
0
 40
0.000000000
 40
0.000000000
 40
1.565769000
 40
1.565769000
 10
50.363663000
 20
151.893950000
 30
3.000000000
 10
51.929432000
 20
151.893950000
 30
3.000000000
  0
SPLINE
  5
D2B
330
A02
100
AcDbEntity
  8
Shape2DView001
100
AcDbSpline
210
0
220
0
230
1
 70
8
 71
1
 72
4
 73
2
 74
0
 40
0.000000000
 40
0.000000000
 40
0.613724107
 40
0.613724107
 10
51.929432000
 20
151.893950000
 30
3.000000000
 10
51.951142000
 20
151.280610000
 30
3.000000000
  0
SPLINE
  5
D2C
330
A02
100
AcDbEntity
  8
Shape2DView001
100
AcDbSpline
210
0
220
0
230
1
 70
8
 71
1
 72
4
 73
2
 74
0
 40
0.000000000
 40
0.000000000
 40
0.613725878
 40
0.613725878
 10
51.951142000
 20
151.280610000
 30
3.000000000
 10
51.972902000
 20
150.667270000
 30
3.000000000
  0
SPLINE
  5
D2D
330
A02
100
AcDbEntity
  8
Shape2DView001
100
AcDbSpline
210
0
220
0
230
1
 70
8
 71
1
 72
4
 73
2
 74
0
 40
0.000000000
 40
0.000000000
 40
0.258943378
 40
0.258943378
 10
51.972902000
 20
150.667270000
 30
3.000000000
 10
51.725672000
 20
150.590270000
 30
3.000000000
  0
SPLINE
  5
D2E
330
A02
100
AcDbEntity
  8
Shape2DView001
100
AcDbSpline
210
0
220
0
230
1
 70
8
 71
3
 72
8
 73
4
 74
0
 40
0.000000000
 40
0.000000000
 40
0.000000000
 40
0.000000000
 40
1.000000000
 40
1.000000000
 40
1.000000000
 40
1.000000000
 10
51.725672000
 20
150.590270000
 30
3.000000000
 10
51.087190000
 20
150.391340000
 30
3.000000000
 10
50.487170000
 20
150.322110000
 30
3.000000000
 10
49.373738000
 20
150.318910000
 30
3.000000000
  0
SPLINE
  5
D2F
330
A02
100
AcDbEntity
  8
Shape2DView001
100
AcDbSpline
210
0
220
0
230
1
 70
8
 71
3
 72
8
 73
4
 74
0
 40
0.000000000
 40
0.000000000
 40
0.000000000
 40
0.000000000
 40
1.000000000
 40
1.000000000
 40
1.000000000
 40
1.000000000
 10
49.373738000
 20
150.318910000
 30
3.000000000
 10
48.539151000
 20
150.316910000
 30
3.000000000
 10
48.081762000
 20
150.347010000
 30
3.000000000
 10
47.879340000
 20
150.418510000
 30
3.000000000
  0
SPLINE
  5
D30
330
A02
100
AcDbEntity
  8
Shape2DView001
100
AcDbSpline
210
0
220
0
230
1
 70
8
 71
3
 72
8
 73
4
 74
0
 40
0.000000000
 40
0.000000000
 40
0.000000000
 40
0.000000000
 40
1.000000000
 40
1.000000000
 40
1.000000000
 40
1.000000000
 10
47.879340000
 20
150.418510000
 30
3.000000000
 10
47.464149000
 20
150.565160000
 30
3.000000000
 10
47.052358000
 20
150.967040000
 30
3.000000000
 10
46.848208000
 20
151.424840000
 30
3.000000000
  0
SPLINE
  5
D31
330
A02
100
AcDbEntity
  8
Shape2DView001
100
AcDbSpline
210
0
220
0
230
1
 70
8
 71
3
 72
8
 73
4
 74
0
 40
0.000000000
 40
0.000000000
 40
0.000000000
 40
0.000000000
 40
1.000000000
 40
1.000000000
 40
1.000000000
 40
1.000000000
 10
46.848208000
 20
151.424840000
 30
3.000000000
 10
46.682288000
 20
151.796880000
 30
3.000000000
 10
46.670270000
 20
151.930870000
 30
3.000000000
 10
46.632506000
 20
153.829080000
 30
3.000000000
  0
SPLINE
  5
D32
330
A02
100
AcDbEntity
  8
Shape2DView001
100
AcDbSpline
210
0
220
0
230
1
 70
8
 71
1
 72
4
 73
2
 74
0
 40
0.000000000
 40
0.000000000
 40
2.010628124
 40
2.010628124
 10
46.632506000
 20
153.829080000
 30
3.000000000
 10
46.592496000
 20
155.839310000
 30
3.000000000
  0
SPLINE
  5
D33
330
A02
100
AcDbEntity
  8
Shape2DView001
100
AcDbSpline
210
0
220
0
230
1
 70
8
 71
1
 72
4
 73
2
 74
0
 40
0.000000000
 40
0.000000000
 40
0.281773127
 40
0.281773127
 10
46.592496000
 20
155.839310000
 30
3.000000000
 10
46.385780000
 20
156.030790000
 30
3.000000000
  0
SPLINE
  5
D34
330
A02
100
AcDbEntity
  8
Shape2DView001
100
AcDbSpline
210
0
220
0
230
1
 70
8
 71
3
 72
8
 73
4
 74
0
 40
0.000000000
 40
0.000000000
 40
0.000000000
 40
0.000000000
 40
1.000000000
 40
1.000000000
 40
1.000000000
 40
1.000000000
 10
46.385780000
 20
156.030790000
 30
3.000000000
 10
46.193778000
 20
156.208640000
 30
3.000000000
 10
46.179070000
 20
156.264650000
 30
3.000000000
 10
46.179070000
 20
156.817920000
 30
3.000000000
  0
SPLINE
  5
D35
330
A02
100
AcDbEntity
  8
Shape2DView001
100
AcDbSpline
210
0
220
0
230
1
 70
8
 71
3
 72
8
 73
4
 74
0
 40
0.000000000
 40
0.000000000
 40
0.000000000
 40
0.000000000
 40
1.000000000
 40
1.000000000
 40
1.000000000
 40
1.000000000
 10
46.179070000
 20
156.817920000
 30
3.000000000
 10
46.179070000
 20
157.329900000
 30
3.000000000
 10
46.199480000
 20
157.424510000
 30
3.000000000
 10
46.324463000
 20
157.491390000
 30
3.000000000
  0
SPLINE
  5
D36
330
A02
100
AcDbEntity
  8
Shape2DView001
100
AcDbSpline
210
0
220
0
230
1
 70
8
 71
3
 72
8
 73
4
 74
0
 40
0.000000000
 40
0.000000000
 40
0.000000000
 40
0.000000000
 40
1.000000000
 40
1.000000000
 40
1.000000000
 40
1.000000000
 10
46.324463000
 20
157.491390000
 30
3.000000000
 10
46.404433000
 20
157.534190000
 30
3.000000000
 10
46.497453000
 20
157.565090000
 30
3.000000000
 10
46.531173000
 20
157.560090000
 30
3.000000000
  0
SPLINE
  5
D37
330
A02
100
AcDbEntity
  8
Shape2DView001
100
AcDbSpline
210
0
220
0
230
1
 70
8
 71
3
 72
8
 73
4
 74
0
 40
0.000000000
 40
0.000000000
 40
0.000000000
 40
0.000000000
 40
1.000000000
 40
1.000000000
 40
1.000000000
 40
1.000000000
 10
46.531173000
 20
157.560090000
 30
3.000000000
 10
46.564903000
 20
157.555090000
 30
3.000000000
 10
46.785619000
 20
157.522590000
 30
3.000000000
 10
47.021659000
 20
157.487990000
 30
3.000000000
  0
SPLINE
  5
D38
330
A02
100
AcDbEntity
  8
Shape2DView001
100
AcDbSpline
210
0
220
0
230
1
 70
8
 71
1
 72
4
 73
2
 74
0
 40
0.000000000
 40
0.000000000
 40
0.000210086
 40
0.000210086
 10
47.021659000
 20
157.487990000
 30
3.000000000
 10
47.021653000
 20
157.487780000
 30
3.000000000
  0
SPLINE
  5
D39
330
A02
100
AcDbEntity
  8
Shape2DView001
100
AcDbSpline
210
0
220
0
230
1
 70
8
 71
3
 72
8
 73
4
 74
0
 40
0.000000000
 40
0.000000000
 40
0.000000000
 40
0.000000000
 40
1.000000000
 40
1.000000000
 40
1.000000000
 40
1.000000000
 10
49.068050000
 20
155.985510000
 30
3.000000000
 10
48.822742000
 20
155.941410000
 30
3.000000000
 10
48.579746000
 20
155.850390000
 30
3.000000000
 10
48.528069000
 20
155.783230000
 30
3.000000000
  0
SPLINE
  5
D3A
330
A02
100
AcDbEntity
  8
Shape2DView001
100
AcDbSpline
210
0
220
0
230
1
 70
8
 71
3
 72
8
 73
4
 74
0
 40
0.000000000
 40
0.000000000
 40
0.000000000
 40
0.000000000
 40
1.000000000
 40
1.000000000
 40
1.000000000
 40
1.000000000
 10
48.528069000
 20
155.783230000
 30
3.000000000
 10
48.470169000
 20
155.707930000
 30
3.000000000
 10
48.434109000
 20
155.420460000
 30
3.000000000
 10
48.434109000
 20
155.034170000
 30
3.000000000
  0
SPLINE
  5
D3B
330
A02
100
AcDbEntity
  8
Shape2DView001
100
AcDbSpline
210
0
220
0
230
1
 70
8
 71
3
 72
8
 73
4
 74
0
 40
0.000000000
 40
0.000000000
 40
0.000000000
 40
0.000000000
 40
1.000000000
 40
1.000000000
 40
1.000000000
 40
1.000000000
 10
48.434109000
 20
155.034170000
 30
3.000000000
 10
48.434109000
 20
154.515270000
 30
3.000000000
 10
48.455979000
 20
154.398860000
 30
3.000000000
 10
48.560961000
 20
154.358570000
 30
3.000000000
  0
SPLINE
  5
D3C
330
A02
100
AcDbEntity
  8
Shape2DView001
100
AcDbSpline
210
0
220
0
230
1
 70
8
 71
3
 72
8
 73
4
 74
0
 40
0.000000000
 40
0.000000000
 40
0.000000000
 40
0.000000000
 40
1.000000000
 40
1.000000000
 40
1.000000000
 40
1.000000000
 10
48.560961000
 20
154.358570000
 30
3.000000000
 10
48.630731000
 20
154.331870000
 30
3.000000000
 10
49.028115000
 20
154.347670000
 30
3.000000000
 10
49.444031000
 20
154.393770000
 30
3.000000000
  0
SPLINE
  5
D3D
330
A02
100
AcDbEntity
  8
Shape2DView001
100
AcDbSpline
210
0
220
0
230
1
 70
8
 71
3
 72
8
 73
4
 74
0
 40
0.000000000
 40
0.000000000
 40
0.000000000
 40
0.000000000
 40
1.000000000
 40
1.000000000
 40
1.000000000
 40
1.000000000
 10
49.444031000
 20
154.393770000
 30
3.000000000
 10
50.112763000
 20
154.467970000
 30
3.000000000
 10
50.219824000
 20
154.500470000
 30
3.000000000
 10
50.369531000
 20
154.674510000
 30
3.000000000
  0
SPLINE
  5
D3E
330
A02
100
AcDbEntity
  8
Shape2DView001
100
AcDbSpline
210
0
220
0
230
1
 70
8
 71
3
 72
8
 73
4
 74
0
 40
0.000000000
 40
0.000000000
 40
0.000000000
 40
0.000000000
 40
1.000000000
 40
1.000000000
 40
1.000000000
 40
1.000000000
 10
50.369531000
 20
154.674510000
 30
3.000000000
 10
50.556845000
 20
154.892280000
 30
3.000000000
 10
50.606059000
 20
155.498870000
 30
3.000000000
 10
50.458741000
 20
155.774140000
 30
3.000000000
  0
SPLINE
  5
D3F
330
A02
100
AcDbEntity
  8
Shape2DView001
100
AcDbSpline
210
0
220
0
230
1
 70
8
 71
3
 72
8
 73
4
 74
0
 40
0.000000000
 40
0.000000000
 40
0.000000000
 40
0.000000000
 40
1.000000000
 40
1.000000000
 40
1.000000000
 40
1.000000000
 10
50.458741000
 20
155.774140000
 30
3.000000000
 10
50.304713000
 20
156.061940000
 30
3.000000000
 10
49.865200000
 20
156.128730000
 30
3.000000000
 10
49.068052000
 20
155.985470000
 30
3.000000000
  0
SPLINE
  5
D40
330
A02
100
AcDbEntity
  8
Shape2DView001
100
AcDbSpline
210
0
220
0
230
1
 70
8
 71
1
 72
4
 73
2
 74
0
 40
0.000000000
 40
0.000000000
 40
0.000040050
 40
0.000040050
 10
49.068052000
 20
155.985470000
 30
3.000000000
 10
49.068050000
 20
155.985510000
 30
3.000000000
  0
SPLINE
  5
D41
330
A02
100
AcDbEntity
  8
Shape2DView001
100
AcDbSpline
210
0
220
0
230
1
 70
8
 71
3
 72
8
 73
4
 74
0
 40
0.000000000
 40
0.000000000
 40
0.000000000
 40
0.000000000
 40
1.000000000
 40
1.000000000
 40
1.000000000
 40
1.000000000
 10
43.081674000
 20
157.487830000
 30
3.000000000
 10
43.585282000
 20
157.420130000
 30
3.000000000
 10
44.009865000
 20
157.142090000
 30
3.000000000
 10
44.259054000
 20
156.716880000
 30
3.000000000
  0
SPLINE
  5
D42
330
A02
100
AcDbEntity
  8
Shape2DView001
100
AcDbSpline
210
0
220
0
230
1
 70
8
 71
3
 72
8
 73
4
 74
0
 40
0.000000000
 40
0.000000000
 40
0.000000000
 40
0.000000000
 40
1.000000000
 40
1.000000000
 40
1.000000000
 40
1.000000000
 10
44.259054000
 20
156.716880000
 30
3.000000000
 10
44.506181000
 20
156.295190000
 30
3.000000000
 10
44.595940000
 20
155.433590000
 30
3.000000000
 10
44.598593000
 20
153.457510000
 30
3.000000000
  0
SPLINE
  5
D43
330
A02
100
AcDbEntity
  8
Shape2DView001
100
AcDbSpline
210
0
220
0
230
1
 70
8
 71
1
 72
4
 73
2
 74
0
 40
0.000000000
 40
0.000000000
 40
1.443061677
 40
1.443061677
 10
44.598593000
 20
153.457510000
 30
3.000000000
 10
44.600793000
 20
152.014450000
 30
3.000000000
  0
SPLINE
  5
D44
330
A02
100
AcDbEntity
  8
Shape2DView001
100
AcDbSpline
210
0
220
0
230
1
 70
8
 71
1
 72
4
 73
2
 74
0
 40
0.000000000
 40
0.000000000
 40
0.395288328
 40
0.395288328
 10
44.600793000
 20
152.014450000
 30
3.000000000
 10
44.995429000
 20
151.991750000
 30
3.000000000
  0
SPLINE
  5
D45
330
A02
100
AcDbEntity
  8
Shape2DView001
100
AcDbSpline
210
0
220
0
230
1
 70
8
 71
1
 72
4
 73
2
 74
0
 40
0.000000000
 40
0.000000000
 40
0.395283337
 40
0.395283337
 10
44.995429000
 20
151.991750000
 30
3.000000000
 10
45.390060000
 20
151.969050000
 30
3.000000000
  0
SPLINE
  5
D46
330
A02
100
AcDbEntity
  8
Shape2DView001
100
AcDbSpline
210
0
220
0
230
1
 70
8
 71
1
 72
4
 73
2
 74
0
 40
0.000000000
 40
0.000000000
 40
0.766758134
 40
0.766758134
 10
45.390060000
 20
151.969050000
 30
3.000000000
 10
45.411440000
 20
151.202590000
 30
3.000000000
  0
SPLINE
  5
D47
330
A02
100
AcDbEntity
  8
Shape2DView001
100
AcDbSpline
210
0
220
0
230
1
 70
8
 71
1
 72
4
 73
2
 74
0
 40
0.000000000
 40
0.000000000
 40
0.766758134
 40
0.766758134
 10
45.411440000
 20
151.202590000
 30
3.000000000
 10
45.432820000
 20
150.436130000
 30
3.000000000
  0
SPLINE
  5
D48
330
A02
100
AcDbEntity
  8
Shape2DView001
100
AcDbSpline
210
0
220
0
230
1
 70
8
 71
1
 72
4
 73
2
 74
0
 40
0.000000000
 40
0.000000000
 40
0.397872811
 40
0.397872811
 10
45.432820000
 20
150.436130000
 30
3.000000000
 10
45.035601000
 20
150.413330000
 30
3.000000000
  0
SPLINE
  5
D49
330
A02
100
AcDbEntity
  8
Shape2DView001
100
AcDbSpline
210
0
220
0
230
1
 70
8
 71
1
 72
4
 73
2
 74
0
 40
0.000000000
 40
0.000000000
 40
0.397871813
 40
0.397871813
 10
45.035601000
 20
150.413330000
 30
3.000000000
 10
44.638383000
 20
150.390530000
 30
3.000000000
  0
SPLINE
  5
D4A
330
A02
100
AcDbEntity
  8
Shape2DView001
100
AcDbSpline
210
0
220
0
230
1
 70
8
 71
1
 72
4
 73
2
 74
0
 40
0.000000000
 40
0.000000000
 40
0.949661112
 40
0.949661112
 10
44.638383000
 20
150.390530000
 30
3.000000000
 10
44.617433000
 20
149.441100000
 30
3.000000000
  0
SPLINE
  5
D4B
330
A02
100
AcDbEntity
  8
Shape2DView001
100
AcDbSpline
210
0
220
0
230
1
 70
8
 71
1
 72
4
 73
2
 74
0
 40
0.000000000
 40
0.000000000
 40
0.949661112
 40
0.949661112
 10
44.617433000
 20
149.441100000
 30
3.000000000
 10
44.596483000
 20
148.491670000
 30
3.000000000
  0
SPLINE
  5
D4C
330
A02
100
AcDbEntity
  8
Shape2DView001
100
AcDbSpline
210
0
220
0
230
1
 70
8
 71
1
 72
4
 73
2
 74
0
 40
0.000000000
 40
0.000000000
 40
0.237340734
 40
0.237340734
 10
44.596483000
 20
148.491670000
 30
3.000000000
 10
44.363762000
 20
148.445070000
 30
3.000000000
  0
SPLINE
  5
D4D
330
A02
100
AcDbEntity
  8
Shape2DView001
100
AcDbSpline
210
0
220
0
230
1
 70
8
 71
3
 72
8
 73
4
 74
0
 40
0.000000000
 40
0.000000000
 40
0.000000000
 40
0.000000000
 40
1.000000000
 40
1.000000000
 40
1.000000000
 40
1.000000000
 10
44.363762000
 20
148.445070000
 30
3.000000000
 10
44.067687000
 20
148.385870000
 30
3.000000000
 10
43.112819000
 20
148.386370000
 30
3.000000000
 10
42.890768000
 20
148.446070000
 30
3.000000000
  0
SPLINE
  5
D4E
330
A02
100
AcDbEntity
  8
Shape2DView001
100
AcDbSpline
210
0
220
0
230
1
 70
8
 71
3
 72
8
 73
4
 74
0
 40
0.000000000
 40
0.000000000
 40
0.000000000
 40
0.000000000
 40
1.000000000
 40
1.000000000
 40
1.000000000
 40
1.000000000
 10
42.890768000
 20
148.446070000
 30
3.000000000
 10
42.727613000
 20
148.489770000
 30
3.000000000
 10
42.721637000
 20
148.522370000
 30
3.000000000
 10
42.721637000
 20
149.369620000
 30
3.000000000
  0
SPLINE
  5
D4F
330
A02
100
AcDbEntity
  8
Shape2DView001
100
AcDbSpline
210
0
220
0
230
1
 70
8
 71
2
 72
6
 73
3
 74
0
 40
0.000000000
 40
0.000000000
 40
0.000000000
 40
1.000000000
 40
1.000000000
 40
1.000000000
 10
42.721637000
 20
149.369620000
 30
3.000000000
 10
42.721447000
 20
150.246050000
 30
3.000000000
 10
42.631437000
 20
150.338040000
 30
3.000000000
  0
SPLINE
  5
D50
330
A02
100
AcDbEntity
  8
Shape2DView001
100
AcDbSpline
210
0
220
0
230
1
 70
8
 71
3
 72
8
 73
4
 74
0
 40
0.000000000
 40
0.000000000
 40
0.000000000
 40
0.000000000
 40
1.000000000
 40
1.000000000
 40
1.000000000
 40
1.000000000
 10
42.631437000
 20
150.338040000
 30
3.000000000
 10
42.572957000
 20
150.396540000
 30
3.000000000
 10
42.268962000
 20
150.428240000
 30
3.000000000
 10
41.767005000
 20
150.428240000
 30
3.000000000
  0
SPLINE
  5
D51
330
A02
100
AcDbEntity
  8
Shape2DView001
100
AcDbSpline
210
0
220
0
230
1
 70
8
 71
1
 72
4
 73
2
 74
0
 40
0.000000000
 40
0.000000000
 40
0.774234000
 40
0.774234000
 10
41.767005000
 20
150.428240000
 30
3.000000000
 10
40.992771000
 20
150.428240000
 30
3.000000000
  0
SPLINE
  5
D52
330
A02
100
AcDbEntity
  8
Shape2DView001
100
AcDbSpline
210
0
220
0
230
1
 70
8
 71
1
 72
4
 73
2
 74
0
 40
0.000000000
 40
0.000000000
 40
0.786800000
 40
0.786800000
 10
40.992771000
 20
150.428240000
 30
3.000000000
 10
40.992771000
 20
151.215040000
 30
3.000000000
  0
SPLINE
  5
D53
330
A02
100
AcDbEntity
  8
Shape2DView001
100
AcDbSpline
210
0
220
0
230
1
 70
8
 71
1
 72
4
 73
2
 74
0
 40
0.000000000
 40
0.000000000
 40
0.786800000
 40
0.786800000
 10
40.992771000
 20
151.215040000
 30
3.000000000
 10
40.992771000
 20
152.001840000
 30
3.000000000
  0
SPLINE
  5
D54
330
A02
100
AcDbEntity
  8
Shape2DView001
100
AcDbSpline
210
0
220
0
230
1
 70
8
 71
1
 72
4
 73
2
 74
0
 40
0.000000000
 40
0.000000000
 40
0.845910209
 40
0.845910209
 10
40.992771000
 20
152.001840000
 30
3.000000000
 10
41.838413000
 20
152.023140000
 30
3.000000000
  0
SPLINE
  5
D55
330
A02
100
AcDbEntity
  8
Shape2DView001
100
AcDbSpline
210
0
220
0
230
1
 70
8
 71
1
 72
4
 73
2
 74
0
 40
0.000000000
 40
0.000000000
 40
0.845910209
 40
0.845910209
 10
41.838413000
 20
152.023140000
 30
3.000000000
 10
42.684055000
 20
152.044440000
 30
3.000000000
  0
SPLINE
  5
D56
330
A02
100
AcDbEntity
  8
Shape2DView001
100
AcDbSpline
210
0
220
0
230
1
 70
8
 71
1
 72
4
 73
2
 74
0
 40
0.000000000
 40
0.000000000
 40
1.181840355
 40
1.181840355
 10
42.684055000
 20
152.044440000
 30
3.000000000
 10
42.749625000
 20
153.224460000
 30
3.000000000
  0
SPLINE
  5
D57
330
A02
100
AcDbEntity
  8
Shape2DView001
100
AcDbSpline
210
0
220
0
230
1
 70
8
 71
3
 72
8
 73
4
 74
0
 40
0.000000000
 40
0.000000000
 40
0.000000000
 40
0.000000000
 40
1.000000000
 40
1.000000000
 40
1.000000000
 40
1.000000000
 10
42.749625000
 20
153.224460000
 30
3.000000000
 10
42.821115000
 20
154.510930000
 30
3.000000000
 10
42.767165000
 20
155.448730000
 30
3.000000000
 10
42.609213000
 20
155.664890000
 30
3.000000000
  0
SPLINE
  5
D58
330
A02
100
AcDbEntity
  8
Shape2DView001
100
AcDbSpline
210
0
220
0
230
1
 70
8
 71
3
 72
8
 73
4
 74
0
 40
0.000000000
 40
0.000000000
 40
0.000000000
 40
0.000000000
 40
1.000000000
 40
1.000000000
 40
1.000000000
 40
1.000000000
 10
42.609213000
 20
155.664890000
 30
3.000000000
 10
42.526323000
 20
155.778340000
 30
3.000000000
 10
42.381212000
 20
155.807460000
 30
3.000000000
 10
41.792695000
 20
155.828750000
 30
3.000000000
  0
SPLINE
  5
D59
330
A02
100
AcDbEntity
  8
Shape2DView001
100
AcDbSpline
210
0
220
0
230
1
 70
8
 71
1
 72
4
 73
2
 74
0
 40
0.000000000
 40
0.000000000
 40
0.716183476
 40
0.716183476
 10
41.792695000
 20
155.828750000
 30
3.000000000
 10
41.076980000
 20
155.854650000
 30
3.000000000
  0
SPLINE
  5
D5A
330
A02
100
AcDbEntity
  8
Shape2DView001
100
AcDbSpline
210
0
220
0
230
1
 70
8
 71
1
 72
4
 73
2
 74
0
 40
0.000000000
 40
0.000000000
 40
0.390453374
 40
0.390453374
 10
41.076980000
 20
155.854650000
 30
3.000000000
 10
41.029290000
 20
156.242180000
 30
3.000000000
  0
SPLINE
  5
D5B
330
A02
100
AcDbEntity
  8
Shape2DView001
100
AcDbSpline
210
0
220
0
230
1
 70
8
 71
3
 72
8
 73
4
 74
0
 40
0.000000000
 40
0.000000000
 40
0.000000000
 40
0.000000000
 40
1.000000000
 40
1.000000000
 40
1.000000000
 40
1.000000000
 10
41.029290000
 20
156.242180000
 30
3.000000000
 10
41.003090000
 20
156.455320000
 30
3.000000000
 10
40.992590000
 20
156.798530000
 30
3.000000000
 10
41.005960000
 20
157.004860000
 30
3.000000000
  0
SPLINE
  5
D5C
330
A02
100
AcDbEntity
  8
Shape2DView001
100
AcDbSpline
210
0
220
0
230
1
 70
8
 71
1
 72
4
 73
2
 74
0
 40
0.000000000
 40
0.000000000
 40
0.375950043
 40
0.375950043
 10
41.005960000
 20
157.004860000
 30
3.000000000
 10
41.030320000
 20
157.380020000
 30
3.000000000
  0
SPLINE
  5
D5D
330
A02
100
AcDbEntity
  8
Shape2DView001
100
AcDbSpline
210
0
220
0
230
1
 70
8
 71
1
 72
4
 73
2
 74
0
 40
0.000000000
 40
0.000000000
 40
0.379065569
 40
0.379065569
 10
41.030320000
 20
157.380020000
 30
3.000000000
 10
41.406166000
 20
157.429320000
 30
3.000000000
  0
SPLINE
  5
D5E
330
A02
100
AcDbEntity
  8
Shape2DView001
100
AcDbSpline
210
0
220
0
230
1
 70
8
 71
3
 72
8
 73
4
 74
0
 40
0.000000000
 40
0.000000000
 40
0.000000000
 40
0.000000000
 40
1.000000000
 40
1.000000000
 40
1.000000000
 40
1.000000000
 10
41.406166000
 20
157.429320000
 30
3.000000000
 10
42.109598000
 20
157.521620000
 30
3.000000000
 10
42.683260000
 20
157.541720000
 30
3.000000000
 10
43.081945000
 20
157.488120000
 30
3.000000000
  0
SPLINE
  5
D5F
330
A02
100
AcDbEntity
  8
Shape2DView001
100
AcDbSpline
210
0
220
0
230
1
 70
8
 71
1
 72
4
 73
2
 74
0
 40
0.000000000
 40
0.000000000
 40
0.000396914
 40
0.000396914
 10
43.081945000
 20
157.488120000
 30
3.000000000
 10
43.081674000
 20
157.487830000
 30
3.000000000
  0
SPLINE
  5
D60
330
A02
100
AcDbEntity
  8
Shape2DView001
100
AcDbSpline
210
0
220
0
230
1
 70
8
 71
3
 72
8
 73
4
 74
0
 40
0.000000000
 40
0.000000000
 40
0.000000000
 40
0.000000000
 40
1.000000000
 40
1.000000000
 40
1.000000000
 40
1.000000000
 10
37.815080000
 20
157.489830000
 30
3.000000000
 10
38.951550000
 20
157.340100000
 30
3.000000000
 10
39.711211000
 20
156.650130000
 30
3.000000000
 10
39.975937000
 20
155.527200000
 30
3.000000000
  0
SPLINE
  5
D61
330
A02
100
AcDbEntity
  8
Shape2DView001
100
AcDbSpline
210
0
220
0
230
1
 70
8
 71
3
 72
8
 73
4
 74
0
 40
0.000000000
 40
0.000000000
 40
0.000000000
 40
0.000000000
 40
1.000000000
 40
1.000000000
 40
1.000000000
 40
1.000000000
 10
39.975937000
 20
155.527200000
 30
3.000000000
 10
40.129845000
 20
154.874340000
 30
3.000000000
 10
40.127896000
 20
153.140520000
 30
3.000000000
 10
39.972737000
 20
152.457240000
 30
3.000000000
  0
SPLINE
  5
D62
330
A02
100
AcDbEntity
  8
Shape2DView001
100
AcDbSpline
210
0
220
0
230
1
 70
8
 71
3
 72
8
 73
4
 74
0
 40
0.000000000
 40
0.000000000
 40
0.000000000
 40
0.000000000
 40
1.000000000
 40
1.000000000
 40
1.000000000
 40
1.000000000
 10
39.972737000
 20
152.457240000
 30
3.000000000
 10
39.758810000
 20
151.516700000
 30
3.000000000
 10
39.133218000
 20
150.779850000
 30
3.000000000
 10
38.268688000
 20
150.450160000
 30
3.000000000
  0
SPLINE
  5
D63
330
A02
100
AcDbEntity
  8
Shape2DView001
100
AcDbSpline
210
0
220
0
230
1
 70
8
 71
3
 72
8
 73
4
 74
0
 40
0.000000000
 40
0.000000000
 40
0.000000000
 40
0.000000000
 40
1.000000000
 40
1.000000000
 40
1.000000000
 40
1.000000000
 10
38.268688000
 20
150.450160000
 30
3.000000000
 10
37.794460000
 20
150.269300000
 30
3.000000000
 10
36.274910000
 20
150.269750000
 30
3.000000000
 10
35.755710000
 20
150.451160000
 30
3.000000000
  0
SPLINE
  5
D64
330
A02
100
AcDbEntity
  8
Shape2DView001
100
AcDbSpline
210
0
220
0
230
1
 70
8
 71
3
 72
8
 73
4
 74
0
 40
0.000000000
 40
0.000000000
 40
0.000000000
 40
0.000000000
 40
1.000000000
 40
1.000000000
 40
1.000000000
 40
1.000000000
 10
35.755710000
 20
150.451160000
 30
3.000000000
 10
34.947870000
 20
150.733010000
 30
3.000000000
 10
34.411110000
 20
151.433930000
 30
3.000000000
 10
34.190220000
 20
152.495430000
 30
3.000000000
  0
SPLINE
  5
D65
330
A02
100
AcDbEntity
  8
Shape2DView001
100
AcDbSpline
210
0
220
0
230
1
 70
8
 71
3
 72
8
 73
4
 74
0
 40
0.000000000
 40
0.000000000
 40
0.000000000
 40
0.000000000
 40
1.000000000
 40
1.000000000
 40
1.000000000
 40
1.000000000
 10
34.190220000
 20
152.495430000
 30
3.000000000
 10
34.070140000
 20
153.072470000
 30
3.000000000
 10
34.071880000
 20
153.385030000
 30
3.000000000
 10
34.200420000
 20
154.317050000
 30
3.000000000
  0
SPLINE
  5
D66
330
A02
100
AcDbEntity
  8
Shape2DView001
100
AcDbSpline
210
0
220
0
230
1
 70
8
 71
1
 72
4
 73
2
 74
0
 40
0.000000000
 40
0.000000000
 40
0.321263556
 40
0.321263556
 10
34.200420000
 20
154.317050000
 30
3.000000000
 10
34.244320000
 20
154.635300000
 30
3.000000000
  0
SPLINE
  5
D67
330
A02
100
AcDbEntity
  8
Shape2DView001
100
AcDbSpline
210
0
220
0
230
1
 70
8
 71
1
 72
4
 73
2
 74
0
 40
0.000000000
 40
0.000000000
 40
2.002489878
 40
2.002489878
 10
34.244320000
 20
154.635300000
 30
3.000000000
 10
36.246710000
 20
154.655300000
 30
3.000000000
  0
SPLINE
  5
D68
330
A02
100
AcDbEntity
  8
Shape2DView001
100
AcDbSpline
210
0
220
0
230
1
 70
8
 71
1
 72
4
 73
2
 74
0
 40
0.000000000
 40
0.000000000
 40
2.002495878
 40
2.002495878
 10
36.246710000
 20
154.655300000
 30
3.000000000
 10
38.249106000
 20
154.675300000
 30
3.000000000
  0
SPLINE
  5
D69
330
A02
100
AcDbEntity
  8
Shape2DView001
100
AcDbSpline
210
0
220
0
230
1
 70
8
 71
1
 72
4
 73
2
 74
0
 40
0.000000000
 40
0.000000000
 40
0.280085990
 40
0.280085990
 10
38.249106000
 20
154.675300000
 30
3.000000000
 10
38.240706000
 20
154.955260000
 30
3.000000000
  0
SPLINE
  5
D6A
330
A02
100
AcDbEntity
  8
Shape2DView001
100
AcDbSpline
210
0
220
0
230
1
 70
8
 71
3
 72
8
 73
4
 74
0
 40
0.000000000
 40
0.000000000
 40
0.000000000
 40
0.000000000
 40
1.000000000
 40
1.000000000
 40
1.000000000
 40
1.000000000
 10
38.240706000
 20
154.955260000
 30
3.000000000
 10
38.228746000
 20
155.353590000
 30
3.000000000
 10
37.916340000
 20
155.737300000
 30
3.000000000
 10
37.514190000
 20
155.847600000
 30
3.000000000
  0
SPLINE
  5
D6B
330
A02
100
AcDbEntity
  8
Shape2DView001
100
AcDbSpline
210
0
220
0
230
1
 70
8
 71
3
 72
8
 73
4
 74
0
 40
0.000000000
 40
0.000000000
 40
0.000000000
 40
0.000000000
 40
1.000000000
 40
1.000000000
 40
1.000000000
 40
1.000000000
 10
37.514190000
 20
155.847600000
 30
3.000000000
 10
37.295060000
 20
155.907700000
 30
3.000000000
 10
36.782000000
 20
155.919600000
 30
3.000000000
 10
35.857540000
 20
155.885900000
 30
3.000000000
  0
SPLINE
  5
D6C
330
A02
100
AcDbEntity
  8
Shape2DView001
100
AcDbSpline
210
0
220
0
230
1
 70
8
 71
3
 72
8
 73
4
 74
0
 40
0.000000000
 40
0.000000000
 40
0.000000000
 40
0.000000000
 40
1.000000000
 40
1.000000000
 40
1.000000000
 40
1.000000000
 10
35.857540000
 20
155.885900000
 30
3.000000000
 10
35.120970000
 20
155.859100000
 30
3.000000000
 10
34.478280000
 20
155.829400000
 30
3.000000000
 10
34.429340000
 20
155.820000000
 30
3.000000000
  0
SPLINE
  5
D6D
330
A02
100
AcDbEntity
  8
Shape2DView001
100
AcDbSpline
210
0
220
0
230
1
 70
8
 71
3
 72
8
 73
4
 74
0
 40
0.000000000
 40
0.000000000
 40
0.000000000
 40
0.000000000
 40
1.000000000
 40
1.000000000
 40
1.000000000
 40
1.000000000
 10
34.429340000
 20
155.820000000
 30
3.000000000
 10
34.366140000
 20
155.807800000
 30
3.000000000
 10
34.340340000
 20
155.998670000
 30
3.000000000
 10
34.340340000
 20
156.478580000
 30
3.000000000
  0
SPLINE
  5
D6E
330
A02
100
AcDbEntity
  8
Shape2DView001
100
AcDbSpline
210
0
220
0
230
1
 70
8
 71
1
 72
4
 73
2
 74
0
 40
0.000000000
 40
0.000000000
 40
0.675720000
 40
0.675720000
 10
34.340340000
 20
156.478580000
 30
3.000000000
 10
34.340340000
 20
157.154300000
 30
3.000000000
  0
SPLINE
  5
D6F
330
A02
100
AcDbEntity
  8
Shape2DView001
100
AcDbSpline
210
0
220
0
230
1
 70
8
 71
1
 72
4
 73
2
 74
0
 40
0.000000000
 40
0.000000000
 40
0.614431559
 40
0.614431559
 10
34.340340000
 20
157.154300000
 30
3.000000000
 10
34.941680000
 20
157.280460000
 30
3.000000000
  0
SPLINE
  5
D70
330
A02
100
AcDbEntity
  8
Shape2DView001
100
AcDbSpline
210
0
220
0
230
1
 70
8
 71
3
 72
8
 73
4
 74
0
 40
0.000000000
 40
0.000000000
 40
0.000000000
 40
0.000000000
 40
1.000000000
 40
1.000000000
 40
1.000000000
 40
1.000000000
 10
34.941680000
 20
157.280460000
 30
3.000000000
 10
35.272420000
 20
157.349860000
 30
3.000000000
 10
35.813630000
 20
157.427610000
 30
3.000000000
 10
36.144370000
 20
157.453260000
 30
3.000000000
  0
SPLINE
  5
D71
330
A02
100
AcDbEntity
  8
Shape2DView001
100
AcDbSpline
210
0
220
0
230
1
 70
8
 71
3
 72
8
 73
4
 74
0
 40
0.000000000
 40
0.000000000
 40
0.000000000
 40
0.000000000
 40
1.000000000
 40
1.000000000
 40
1.000000000
 40
1.000000000
 10
36.144370000
 20
157.453260000
 30
3.000000000
 10
36.475110000
 20
157.478960000
 30
3.000000000
 10
36.881020000
 20
157.511560000
 30
3.000000000
 10
37.046390000
 20
157.525860000
 30
3.000000000
  0
SPLINE
  5
D72
330
A02
100
AcDbEntity
  8
Shape2DView001
100
AcDbSpline
210
0
220
0
230
1
 70
8
 71
3
 72
8
 73
4
 74
0
 40
0.000000000
 40
0.000000000
 40
0.000000000
 40
0.000000000
 40
1.000000000
 40
1.000000000
 40
1.000000000
 40
1.000000000
 10
37.046390000
 20
157.525860000
 30
3.000000000
 10
37.211760000
 20
157.540160000
 30
3.000000000
 10
37.557780000
 20
157.523860000
 30
3.000000000
 10
37.815340000
 20
157.490160000
 30
3.000000000
  0
SPLINE
  5
D73
330
A02
100
AcDbEntity
  8
Shape2DView001
100
AcDbSpline
210
0
220
0
230
1
 70
8
 71
1
 72
4
 73
2
 74
0
 40
0.000000000
 40
0.000000000
 40
0.000420119
 40
0.000420119
 10
37.815340000
 20
157.490160000
 30
3.000000000
 10
37.815080000
 20
157.489830000
 30
3.000000000
  0
SPLINE
  5
D74
330
A02
100
AcDbEntity
  8
Shape2DView001
100
AcDbSpline
210
0
220
0
230
1
 70
8
 71
3
 72
8
 73
4
 74
0
 40
0.000000000
 40
0.000000000
 40
0.000000000
 40
0.000000000
 40
1.000000000
 40
1.000000000
 40
1.000000000
 40
1.000000000
 10
35.898050000
 20
152.946180000
 30
3.000000000
 10
35.873550000
 20
152.587640000
 30
3.000000000
 10
36.058580000
 20
152.192740000
 30
3.000000000
 10
36.351890000
 20
151.977660000
 30
3.000000000
  0
SPLINE
  5
D75
330
A02
100
AcDbEntity
  8
Shape2DView001
100
AcDbSpline
210
0
220
0
230
1
 70
8
 71
3
 72
8
 73
4
 74
0
 40
0.000000000
 40
0.000000000
 40
0.000000000
 40
0.000000000
 40
1.000000000
 40
1.000000000
 40
1.000000000
 40
1.000000000
 10
36.351890000
 20
151.977660000
 30
3.000000000
 10
36.513640000
 20
151.859060000
 30
3.000000000
 10
36.675810000
 20
151.825300000
 30
3.000000000
 10
37.083710000
 20
151.825300000
 30
3.000000000
  0
SPLINE
  5
D76
330
A02
100
AcDbEntity
  8
Shape2DView001
100
AcDbSpline
210
0
220
0
230
1
 70
8
 71
3
 72
8
 73
4
 74
0
 40
0.000000000
 40
0.000000000
 40
0.000000000
 40
0.000000000
 40
1.000000000
 40
1.000000000
 40
1.000000000
 40
1.000000000
 10
37.083710000
 20
151.825300000
 30
3.000000000
 10
37.491620000
 20
151.825300000
 30
3.000000000
 10
37.653800000
 20
151.859100000
 30
3.000000000
 10
37.815530000
 20
151.977660000
 30
3.000000000
  0
SPLINE
  5
D77
330
A02
100
AcDbEntity
  8
Shape2DView001
100
AcDbSpline
210
0
220
0
230
1
 70
8
 71
3
 72
8
 73
4
 74
0
 40
0.000000000
 40
0.000000000
 40
0.000000000
 40
0.000000000
 40
1.000000000
 40
1.000000000
 40
1.000000000
 40
1.000000000
 10
37.815530000
 20
151.977660000
 30
3.000000000
 10
38.098135000
 20
152.184880000
 30
3.000000000
 10
38.286147000
 20
152.579970000
 30
3.000000000
 10
38.286293000
 20
152.966890000
 30
3.000000000
  0
SPLINE
  5
D78
330
A02
100
AcDbEntity
  8
Shape2DView001
100
AcDbSpline
210
0
220
0
230
1
 70
8
 71
1
 72
4
 73
2
 74
0
 40
0.000000000
 40
0.000000000
 40
0.321370020
 40
0.321370020
 10
38.286293000
 20
152.966890000
 30
3.000000000
 10
38.286407000
 20
153.288260000
 30
3.000000000
  0
SPLINE
  5
D79
330
A02
100
AcDbEntity
  8
Shape2DView001
100
AcDbSpline
210
0
220
0
230
1
 70
8
 71
1
 72
4
 73
2
 74
0
 40
0.000000000
 40
0.000000000
 40
1.184077952
 40
1.184077952
 10
38.286407000
 20
153.288260000
 30
3.000000000
 10
37.102510000
 20
153.267560000
 30
3.000000000
  0
SPLINE
  5
D7A
330
A02
100
AcDbEntity
  8
Shape2DView001
100
AcDbSpline
210
0
220
0
230
1
 70
8
 71
1
 72
4
 73
2
 74
0
 40
0.000000000
 40
0.000000000
 40
1.184080952
 40
1.184080952
 10
37.102510000
 20
153.267560000
 30
3.000000000
 10
35.918610000
 20
153.246860000
 30
3.000000000
  0
SPLINE
  5
D7B
330
A02
100
AcDbEntity
  8
Shape2DView001
100
AcDbSpline
210
0
220
0
230
1
 70
8
 71
1
 72
4
 73
2
 74
0
 40
0.000000000
 40
0.000000000
 40
0.301382110
 40
0.301382110
 10
35.918610000
 20
153.246860000
 30
3.000000000
 10
35.898050000
 20
152.946180000
 30
3.000000000
  0
SPLINE
  5
D7C
330
A02
100
AcDbEntity
  8
Shape2DView001
100
AcDbSpline
210
0
220
0
230
1
 70
8
 71
3
 72
8
 73
4
 74
0
 40
0.000000000
 40
0.000000000
 40
0.000000000
 40
0.000000000
 40
1.000000000
 40
1.000000000
 40
1.000000000
 40
1.000000000
 10
68.879851000
 20
157.428500000
 30
3.000000000
 10
69.708787000
 20
157.153800000
 30
3.000000000
 10
70.213548000
 20
156.633410000
 30
3.000000000
 10
70.503887000
 20
155.754170000
 30
3.000000000
  0
SPLINE
  5
D7D
330
A02
100
AcDbEntity
  8
Shape2DView001
100
AcDbSpline
210
0
220
0
230
1
 70
8
 71
3
 72
8
 73
4
 74
0
 40
0.000000000
 40
0.000000000
 40
0.000000000
 40
0.000000000
 40
1.000000000
 40
1.000000000
 40
1.000000000
 40
1.000000000
 10
70.503887000
 20
155.754170000
 30
3.000000000
 10
70.696680000
 20
155.170340000
 30
3.000000000
 10
70.711259000
 20
155.038690000
 30
3.000000000
 10
70.710803000
 20
153.885810000
 30
3.000000000
  0
SPLINE
  5
D7E
330
A02
100
AcDbEntity
  8
Shape2DView001
100
AcDbSpline
210
0
220
0
230
1
 70
8
 71
3
 72
8
 73
4
 74
0
 40
0.000000000
 40
0.000000000
 40
0.000000000
 40
0.000000000
 40
1.000000000
 40
1.000000000
 40
1.000000000
 40
1.000000000
 10
70.710803000
 20
153.885810000
 30
3.000000000
 10
70.710261000
 20
152.719930000
 30
3.000000000
 10
70.697443000
 20
152.607720000
 30
3.000000000
 10
70.495804000
 20
152.015060000
 30
3.000000000
  0
SPLINE
  5
D7F
330
A02
100
AcDbEntity
  8
Shape2DView001
100
AcDbSpline
210
0
220
0
230
1
 70
8
 71
3
 72
8
 73
4
 74
0
 40
0.000000000
 40
0.000000000
 40
0.000000000
 40
0.000000000
 40
1.000000000
 40
1.000000000
 40
1.000000000
 40
1.000000000
 10
70.495804000
 20
152.015060000
 30
3.000000000
 10
70.319923000
 20
151.498120000
 30
3.000000000
 10
70.211624000
 20
151.313220000
 30
3.000000000
 10
69.894418000
 20
150.988320000
 30
3.000000000
  0
SPLINE
  5
D80
330
A02
100
AcDbEntity
  8
Shape2DView001
100
AcDbSpline
210
0
220
0
230
1
 70
8
 71
3
 72
8
 73
4
 74
0
 40
0.000000000
 40
0.000000000
 40
0.000000000
 40
0.000000000
 40
1.000000000
 40
1.000000000
 40
1.000000000
 40
1.000000000
 10
69.894418000
 20
150.988320000
 30
3.000000000
 10
69.431255000
 20
150.513920000
 30
3.000000000
 10
69.022012000
 20
150.364460000
 30
3.000000000
 10
68.015416000
 20
150.302080000
 30
3.000000000
  0
SPLINE
  5
D81
330
A02
100
AcDbEntity
  8
Shape2DView001
100
AcDbSpline
210
0
220
0
230
1
 70
8
 71
3
 72
8
 73
4
 74
0
 40
0.000000000
 40
0.000000000
 40
0.000000000
 40
0.000000000
 40
1.000000000
 40
1.000000000
 40
1.000000000
 40
1.000000000
 10
68.015416000
 20
150.302080000
 30
3.000000000
 10
67.383262000
 20
150.262880000
 30
3.000000000
 10
65.834453000
 20
150.425360000
 30
3.000000000
 10
65.628904000
 20
150.552390000
 30
3.000000000
  0
SPLINE
  5
D82
330
A02
100
AcDbEntity
  8
Shape2DView001
100
AcDbSpline
210
0
220
0
230
1
 70
8
 71
3
 72
8
 73
4
 74
0
 40
0.000000000
 40
0.000000000
 40
0.000000000
 40
0.000000000
 40
1.000000000
 40
1.000000000
 40
1.000000000
 40
1.000000000
 10
65.628904000
 20
150.552390000
 30
3.000000000
 10
65.545084000
 20
150.604190000
 30
3.000000000
 10
65.616974000
 20
151.934380000
 30
3.000000000
 10
65.707994000
 20
152.015960000
 30
3.000000000
  0
SPLINE
  5
D83
330
A02
100
AcDbEntity
  8
Shape2DView001
100
AcDbSpline
210
0
220
0
230
1
 70
8
 71
3
 72
8
 73
4
 74
0
 40
0.000000000
 40
0.000000000
 40
0.000000000
 40
0.000000000
 40
1.000000000
 40
1.000000000
 40
1.000000000
 40
1.000000000
 10
65.707994000
 20
152.015960000
 30
3.000000000
 10
65.736804000
 20
152.041760000
 30
3.000000000
 10
66.030975000
 20
152.030860000
 30
3.000000000
 10
66.361716000
 20
151.991660000
 30
3.000000000
  0
SPLINE
  5
D84
330
A02
100
AcDbEntity
  8
Shape2DView001
100
AcDbSpline
210
0
220
0
230
1
 70
8
 71
3
 72
8
 73
4
 74
0
 40
0.000000000
 40
0.000000000
 40
0.000000000
 40
0.000000000
 40
1.000000000
 40
1.000000000
 40
1.000000000
 40
1.000000000
 10
66.361716000
 20
151.991660000
 30
3.000000000
 10
67.529987000
 20
151.853250000
 30
3.000000000
 10
68.352279000
 20
152.005860000
 30
3.000000000
 10
68.617213000
 20
152.410170000
 30
3.000000000
  0
SPLINE
  5
D85
330
A02
100
AcDbEntity
  8
Shape2DView001
100
AcDbSpline
210
0
220
0
230
1
 70
8
 71
3
 72
8
 73
4
 74
0
 40
0.000000000
 40
0.000000000
 40
0.000000000
 40
0.000000000
 40
1.000000000
 40
1.000000000
 40
1.000000000
 40
1.000000000
 10
68.617213000
 20
152.410170000
 30
3.000000000
 10
68.818765000
 20
152.717770000
 30
3.000000000
 10
68.919928000
 20
153.715620000
 30
3.000000000
 10
68.823001000
 20
154.440030000
 30
3.000000000
  0
SPLINE
  5
D86
330
A02
100
AcDbEntity
  8
Shape2DView001
100
AcDbSpline
210
0
220
0
230
1
 70
8
 71
3
 72
8
 73
4
 74
0
 40
0.000000000
 40
0.000000000
 40
0.000000000
 40
0.000000000
 40
1.000000000
 40
1.000000000
 40
1.000000000
 40
1.000000000
 10
68.823001000
 20
154.440030000
 30
3.000000000
 10
68.722512000
 20
155.191080000
 30
3.000000000
 10
68.586656000
 20
155.491310000
 30
3.000000000
 10
68.256062000
 20
155.692880000
 30
3.000000000
  0
SPLINE
  5
D87
330
A02
100
AcDbEntity
  8
Shape2DView001
100
AcDbSpline
210
0
220
0
230
1
 70
8
 71
3
 72
8
 73
4
 74
0
 40
0.000000000
 40
0.000000000
 40
0.000000000
 40
0.000000000
 40
1.000000000
 40
1.000000000
 40
1.000000000
 40
1.000000000
 10
68.256062000
 20
155.692880000
 30
3.000000000
 10
68.044340000
 20
155.821980000
 30
3.000000000
 10
67.873115000
 20
155.839650000
 30
3.000000000
 10
66.831516000
 20
155.839900000
 30
3.000000000
  0
SPLINE
  5
D88
330
A02
100
AcDbEntity
  8
Shape2DView001
100
AcDbSpline
210
0
220
0
230
1
 70
8
 71
1
 72
4
 73
2
 74
0
 40
0.000000000
 40
0.000000000
 40
1.183899033
 40
1.183899033
 10
66.831516000
 20
155.839900000
 30
3.000000000
 10
65.647617000
 20
155.840180000
 30
3.000000000
  0
SPLINE
  5
D89
330
A02
100
AcDbEntity
  8
Shape2DView001
100
AcDbSpline
210
0
220
0
230
1
 70
8
 71
1
 72
4
 73
2
 74
0
 40
0.000000000
 40
0.000000000
 40
0.701180000
 40
0.701180000
 10
65.647617000
 20
155.840180000
 30
3.000000000
 10
65.647617000
 20
156.541360000
 30
3.000000000
  0
SPLINE
  5
D8A
330
A02
100
AcDbEntity
  8
Shape2DView001
100
AcDbSpline
210
0
220
0
230
1
 70
8
 71
1
 72
4
 73
2
 74
0
 40
0.000000000
 40
0.000000000
 40
0.701190000
 40
0.701190000
 10
65.647617000
 20
156.541360000
 30
3.000000000
 10
65.647617000
 20
157.242550000
 30
3.000000000
  0
SPLINE
  5
D8B
330
A02
100
AcDbEntity
  8
Shape2DView001
100
AcDbSpline
210
0
220
0
230
1
 70
8
 71
1
 72
4
 73
2
 74
0
 40
0.000000000
 40
0.000000000
 40
0.406167445
 40
0.406167445
 10
65.647617000
 20
157.242550000
 30
3.000000000
 10
66.042252000
 20
157.338650000
 30
3.000000000
  0
SPLINE
  5
D8C
330
A02
100
AcDbEntity
  8
Shape2DView001
100
AcDbSpline
210
0
220
0
230
1
 70
8
 71
3
 72
8
 73
4
 74
0
 40
0.000000000
 40
0.000000000
 40
0.000000000
 40
0.000000000
 40
1.000000000
 40
1.000000000
 40
1.000000000
 40
1.000000000
 10
66.042252000
 20
157.338650000
 30
3.000000000
 10
66.507344000
 20
157.451930000
 30
3.000000000
 10
68.608389000
 20
157.518440000
 30
3.000000000
 10
68.879850000
 20
157.428450000
 30
3.000000000
  0
SPLINE
  5
D8D
330
A02
100
AcDbEntity
  8
Shape2DView001
100
AcDbSpline
210
0
220
0
230
1
 70
8
 71
1
 72
4
 73
2
 74
0
 40
0.000000000
 40
0.000000000
 40
0.000050010
 40
0.000050010
 10
68.879850000
 20
157.428450000
 30
3.000000000
 10
68.879851000
 20
157.428500000
 30
3.000000000
  0
SPLINE
  5
D8E
330
A02
100
AcDbEntity
  8
Shape2DView001
100
AcDbSpline
210
0
220
0
230
1
 70
8
 71
3
 72
8
 73
4
 74
0
 40
0.000000000
 40
0.000000000
 40
0.000000000
 40
0.000000000
 40
1.000000000
 40
1.000000000
 40
1.000000000
 40
1.000000000
 10
57.533174000
 20
157.396500000
 30
3.000000000
 10
58.821560000
 20
157.029690000
 30
3.000000000
 10
59.325258000
 20
156.075670000
 30
3.000000000
 10
59.330852000
 20
153.991660000
 30
3.000000000
  0
SPLINE
  5
D8F
330
A02
100
AcDbEntity
  8
Shape2DView001
100
AcDbSpline
210
0
220
0
230
1
 70
8
 71
3
 72
8
 73
4
 74
0
 40
0.000000000
 40
0.000000000
 40
0.000000000
 40
0.000000000
 40
1.000000000
 40
1.000000000
 40
1.000000000
 40
1.000000000
 10
59.330852000
 20
153.991660000
 30
3.000000000
 10
59.335252000
 20
152.339560000
 30
3.000000000
 10
58.954487000
 20
151.332380000
 30
3.000000000
 10
58.106869000
 20
150.754340000
 30
3.000000000
  0
SPLINE
  5
D90
330
A02
100
AcDbEntity
  8
Shape2DView001
100
AcDbSpline
210
0
220
0
230
1
 70
8
 71
3
 72
8
 73
4
 74
0
 40
0.000000000
 40
0.000000000
 40
0.000000000
 40
0.000000000
 40
1.000000000
 40
1.000000000
 40
1.000000000
 40
1.000000000
 10
58.106869000
 20
150.754340000
 30
3.000000000
 10
57.668372000
 20
150.455300000
 30
3.000000000
 10
57.367672000
 20
150.363990000
 30
3.000000000
 10
56.622278000
 20
150.303550000
 30
3.000000000
  0
SPLINE
  5
D91
330
A02
100
AcDbEntity
  8
Shape2DView001
100
AcDbSpline
210
0
220
0
230
1
 70
8
 71
3
 72
8
 73
4
 74
0
 40
0.000000000
 40
0.000000000
 40
0.000000000
 40
0.000000000
 40
1.000000000
 40
1.000000000
 40
1.000000000
 40
1.000000000
 10
56.622278000
 20
150.303550000
 30
3.000000000
 10
54.977654000
 20
150.170210000
 30
3.000000000
 10
53.823076000
 20
150.846980000
 30
3.000000000
 10
53.472198000
 20
152.150040000
 30
3.000000000
  0
SPLINE
  5
D92
330
A02
100
AcDbEntity
  8
Shape2DView001
100
AcDbSpline
210
0
220
0
230
1
 70
8
 71
3
 72
8
 73
4
 74
0
 40
0.000000000
 40
0.000000000
 40
0.000000000
 40
0.000000000
 40
1.000000000
 40
1.000000000
 40
1.000000000
 40
1.000000000
 10
53.472198000
 20
152.150040000
 30
3.000000000
 10
53.379398000
 20
152.494690000
 30
3.000000000
 10
53.355524000
 20
154.114820000
 30
3.000000000
 10
53.438388000
 20
154.444970000
 30
3.000000000
  0
SPLINE
  5
D93
330
A02
100
AcDbEntity
  8
Shape2DView001
100
AcDbSpline
210
0
220
0
230
1
 70
8
 71
1
 72
4
 73
2
 74
0
 40
0.000000000
 40
0.000000000
 40
0.195852455
 40
0.195852455
 10
53.438388000
 20
154.444970000
 30
3.000000000
 10
53.486068000
 20
154.634930000
 30
3.000000000
  0
SPLINE
  5
D94
330
A02
100
AcDbEntity
  8
Shape2DView001
100
AcDbSpline
210
0
220
0
230
1
 70
8
 71
1
 72
4
 73
2
 74
0
 40
0.000000000
 40
0.000000000
 40
2.003002853
 40
2.003002853
 10
53.486068000
 20
154.634930000
 30
3.000000000
 10
55.488971000
 20
154.654930000
 30
3.000000000
  0
SPLINE
  5
D95
330
A02
100
AcDbEntity
  8
Shape2DView001
100
AcDbSpline
210
0
220
0
230
1
 70
8
 71
1
 72
4
 73
2
 74
0
 40
0.000000000
 40
0.000000000
 40
2.003003853
 40
2.003003853
 10
55.488971000
 20
154.654930000
 30
3.000000000
 10
57.491875000
 20
154.674930000
 30
3.000000000
  0
SPLINE
  5
D96
330
A02
100
AcDbEntity
  8
Shape2DView001
100
AcDbSpline
210
0
220
0
230
1
 70
8
 71
1
 72
4
 73
2
 74
0
 40
0.000000000
 40
0.000000000
 40
0.209672346
 40
0.209672346
 10
57.491875000
 20
154.674930000
 30
3.000000000
 10
57.515825000
 20
154.883230000
 30
3.000000000
  0
SPLINE
  5
D97
330
A02
100
AcDbEntity
  8
Shape2DView001
100
AcDbSpline
210
0
220
0
230
1
 70
8
 71
3
 72
8
 73
4
 74
0
 40
0.000000000
 40
0.000000000
 40
0.000000000
 40
0.000000000
 40
1.000000000
 40
1.000000000
 40
1.000000000
 40
1.000000000
 10
57.515825000
 20
154.883230000
 30
3.000000000
 10
57.544545000
 20
155.133150000
 30
3.000000000
 10
57.306338000
 20
155.544580000
 30
3.000000000
 10
57.020763000
 20
155.738300000
 30
3.000000000
  0
SPLINE
  5
D98
330
A02
100
AcDbEntity
  8
Shape2DView001
100
AcDbSpline
210
0
220
0
230
1
 70
8
 71
3
 72
8
 73
4
 74
0
 40
0.000000000
 40
0.000000000
 40
0.000000000
 40
0.000000000
 40
1.000000000
 40
1.000000000
 40
1.000000000
 40
1.000000000
 10
57.020763000
 20
155.738300000
 30
3.000000000
 10
56.834502000
 20
155.864640000
 30
3.000000000
 10
56.663115000
 20
155.876220000
 30
3.000000000
 10
55.180465000
 20
155.862630000
 30
3.000000000
  0
SPLINE
  5
D99
330
A02
100
AcDbEntity
  8
Shape2DView001
100
AcDbSpline
210
0
220
0
230
1
 70
8
 71
1
 72
4
 73
2
 74
0
 40
0.000000000
 40
0.000000000
 40
1.634974810
 40
1.634974810
 10
55.180465000
 20
155.862630000
 30
3.000000000
 10
53.545559000
 20
155.847630000
 30
3.000000000
  0
SPLINE
  5
D9A
330
A02
100
AcDbEntity
  8
Shape2DView001
100
AcDbSpline
210
0
220
0
230
1
 70
8
 71
1
 72
4
 73
2
 74
0
 40
0.000000000
 40
0.000000000
 40
0.630700000
 40
0.630700000
 10
53.545559000
 20
155.847630000
 30
3.000000000
 10
53.545559000
 20
156.478330000
 30
3.000000000
  0
SPLINE
  5
D9B
330
A02
100
AcDbEntity
  8
Shape2DView001
100
AcDbSpline
210
0
220
0
230
1
 70
8
 71
3
 72
8
 73
4
 74
0
 40
0.000000000
 40
0.000000000
 40
0.000000000
 40
0.000000000
 40
1.000000000
 40
1.000000000
 40
1.000000000
 40
1.000000000
 10
53.545559000
 20
156.478330000
 30
3.000000000
 10
53.545559000
 20
156.825210000
 30
3.000000000
 10
53.573399000
 20
157.126230000
 30
3.000000000
 10
53.607449000
 20
157.147270000
 30
3.000000000
  0
SPLINE
  5
D9C
330
A02
100
AcDbEntity
  8
Shape2DView001
100
AcDbSpline
210
0
220
0
230
1
 70
8
 71
3
 72
8
 73
4
 74
0
 40
0.000000000
 40
0.000000000
 40
0.000000000
 40
0.000000000
 40
1.000000000
 40
1.000000000
 40
1.000000000
 40
1.000000000
 10
53.607449000
 20
157.147270000
 30
3.000000000
 10
54.019306000
 20
157.401800000
 30
3.000000000
 10
56.877237000
 20
157.583240000
 30
3.000000000
 10
57.533191000
 20
157.396480000
 30
3.000000000
  0
SPLINE
  5
D9D
330
A02
100
AcDbEntity
  8
Shape2DView001
100
AcDbSpline
210
0
220
0
230
1
 70
8
 71
1
 72
4
 73
2
 74
0
 40
0.000000000
 40
0.000000000
 40
0.000026249
 40
0.000026249
 10
57.533191000
 20
157.396480000
 30
3.000000000
 10
57.533174000
 20
157.396500000
 30
3.000000000
  0
SPLINE
  5
D9E
330
A02
100
AcDbEntity
  8
Shape2DView001
100
AcDbSpline
210
0
220
0
230
1
 70
8
 71
3
 72
8
 73
4
 74
0
 40
0.000000000
 40
0.000000000
 40
0.000000000
 40
0.000000000
 40
1.000000000
 40
1.000000000
 40
1.000000000
 40
1.000000000
 10
55.146312000
 20
152.865080000
 30
3.000000000
 10
55.222892000
 20
152.123080000
 30
3.000000000
 10
55.556979000
 20
151.817010000
 30
3.000000000
 10
56.285875000
 20
151.821100000
 30
3.000000000
  0
SPLINE
  5
D9F
330
A02
100
AcDbEntity
  8
Shape2DView001
100
AcDbSpline
210
0
220
0
230
1
 70
8
 71
3
 72
8
 73
4
 74
0
 40
0.000000000
 40
0.000000000
 40
0.000000000
 40
0.000000000
 40
1.000000000
 40
1.000000000
 40
1.000000000
 40
1.000000000
 10
56.285875000
 20
151.821100000
 30
3.000000000
 10
57.073423000
 20
151.825100000
 30
3.000000000
 10
57.431259000
 20
152.129110000
 30
3.000000000
 10
57.506338000
 20
152.856540000
 30
3.000000000
  0
SPLINE
  5
DA0
330
A02
100
AcDbEntity
  8
Shape2DView001
100
AcDbSpline
210
0
220
0
230
1
 70
8
 71
1
 72
4
 73
2
 74
0
 40
0.000000000
 40
0.000000000
 40
0.430062212
 40
0.430062212
 10
57.506338000
 20
152.856540000
 30
3.000000000
 10
57.550488000
 20
153.284330000
 30
3.000000000
  0
SPLINE
  5
DA1
330
A02
100
AcDbEntity
  8
Shape2DView001
100
AcDbSpline
210
0
220
0
230
1
 70
8
 71
1
 72
4
 73
2
 74
0
 40
0.000000000
 40
0.000000000
 40
1.223725000
 40
1.223725000
 10
57.550488000
 20
153.284330000
 30
3.000000000
 10
56.326763000
 20
153.284330000
 30
3.000000000
  0
SPLINE
  5
DA2
330
A02
100
AcDbEntity
  8
Shape2DView001
100
AcDbSpline
210
0
220
0
230
1
 70
8
 71
1
 72
4
 73
2
 74
0
 40
0.000000000
 40
0.000000000
 40
1.223721000
 40
1.223721000
 10
56.326763000
 20
153.284330000
 30
3.000000000
 10
55.103042000
 20
153.284330000
 30
3.000000000
  0
SPLINE
  5
DA3
330
A02
100
AcDbEntity
  8
Shape2DView001
100
AcDbSpline
210
0
220
0
230
1
 70
8
 71
1
 72
4
 73
2
 74
0
 40
0.000000000
 40
0.000000000
 40
0.421476993
 40
0.421476993
 10
55.103042000
 20
153.284330000
 30
3.000000000
 10
55.146312000
 20
152.865080000
 30
3.000000000
  0
SPLINE
  5
DA4
330
A02
100
AcDbEntity
  8
Shape2DView001
100
AcDbSpline
210
0
220
0
230
1
 70
8
 71
3
 72
8
 73
4
 74
0
 40
0.000000000
 40
0.000000000
 40
0.000000000
 40
0.000000000
 40
1.000000000
 40
1.000000000
 40
1.000000000
 40
1.000000000
 10
64.093161000
 20
157.356690000
 30
3.000000000
 10
64.209213000
 20
157.334290000
 30
3.000000000
 10
64.219424000
 20
157.053220000
 30
3.000000000
 10
64.219424000
 20
153.880160000
 30
3.000000000
  0
SPLINE
  5
DA5
330
A02
100
AcDbEntity
  8
Shape2DView001
100
AcDbSpline
210
0
220
0
230
1
 70
8
 71
1
 72
4
 73
2
 74
0
 40
0.000000000
 40
0.000000000
 40
3.452220000
 40
3.452220000
 10
64.219424000
 20
153.880160000
 30
3.000000000
 10
64.219424000
 20
150.427940000
 30
3.000000000
  0
SPLINE
  5
DA6
330
A02
100
AcDbEntity
  8
Shape2DView001
100
AcDbSpline
210
0
220
0
230
1
 70
8
 71
1
 72
4
 73
2
 74
0
 40
0.000000000
 40
0.000000000
 40
0.902019000
 40
0.902019000
 10
64.219424000
 20
150.427940000
 30
3.000000000
 10
63.317405000
 20
150.427940000
 30
3.000000000
  0
SPLINE
  5
DA7
330
A02
100
AcDbEntity
  8
Shape2DView001
100
AcDbSpline
210
0
220
0
230
1
 70
8
 71
1
 72
4
 73
2
 74
0
 40
0.000000000
 40
0.000000000
 40
0.902018000
 40
0.902018000
 10
63.317405000
 20
150.427940000
 30
3.000000000
 10
62.415387000
 20
150.427940000
 30
3.000000000
  0
SPLINE
  5
DA8
330
A02
100
AcDbEntity
  8
Shape2DView001
100
AcDbSpline
210
0
220
0
230
1
 70
8
 71
1
 72
4
 73
2
 74
0
 40
0.000000000
 40
0.000000000
 40
0.225695835
 40
0.225695835
 10
62.415387000
 20
150.427940000
 30
3.000000000
 10
62.405987000
 20
150.653440000
 30
3.000000000
  0
SPLINE
  5
DA9
330
A02
100
AcDbEntity
  8
Shape2DView001
100
AcDbSpline
210
0
220
0
230
1
 70
8
 71
3
 72
8
 73
4
 74
0
 40
0.000000000
 40
0.000000000
 40
0.000000000
 40
0.000000000
 40
1.000000000
 40
1.000000000
 40
1.000000000
 40
1.000000000
 10
62.405987000
 20
150.653440000
 30
3.000000000
 10
62.393087000
 20
150.963140000
 30
3.000000000
 10
62.384657000
 20
151.009910000
 30
3.000000000
 10
62.332227000
 20
151.062330000
 30
3.000000000
  0
SPLINE
  5
DAA
330
A02
100
AcDbEntity
  8
Shape2DView001
100
AcDbSpline
210
0
220
0
230
1
 70
8
 71
3
 72
8
 73
4
 74
0
 40
0.000000000
 40
0.000000000
 40
0.000000000
 40
0.000000000
 40
1.000000000
 40
1.000000000
 40
1.000000000
 40
1.000000000
 10
62.332227000
 20
151.062330000
 30
3.000000000
 10
62.307167000
 20
151.087430000
 30
3.000000000
 10
62.002733000
 20
150.972530000
 30
3.000000000
 10
61.655714000
 20
150.807090000
 30
3.000000000
  0
SPLINE
  5
DAB
330
A02
100
AcDbEntity
  8
Shape2DView001
100
AcDbSpline
210
0
220
0
230
1
 70
8
 71
3
 72
8
 73
4
 74
0
 40
0.000000000
 40
0.000000000
 40
0.000000000
 40
0.000000000
 40
1.000000000
 40
1.000000000
 40
1.000000000
 40
1.000000000
 10
61.655714000
 20
150.807090000
 30
3.000000000
 10
61.308696000
 20
150.641650000
 30
3.000000000
 10
60.838730000
 20
150.459370000
 30
3.000000000
 10
60.611344000
 20
150.402030000
 30
3.000000000
  0
SPLINE
  5
DAC
330
A02
100
AcDbEntity
  8
Shape2DView001
100
AcDbSpline
210
0
220
0
230
1
 70
8
 71
1
 72
4
 73
2
 74
0
 40
0.000000000
 40
0.000000000
 40
0.426363475
 40
0.426363475
 10
60.611344000
 20
150.402030000
 30
3.000000000
 10
60.197922000
 20
150.297780000
 30
3.000000000
  0
SPLINE
  5
DAD
330
A02
100
AcDbEntity
  8
Shape2DView001
100
AcDbSpline
210
0
220
0
230
1
 70
8
 71
1
 72
4
 73
2
 74
0
 40
0.000000000
 40
0.000000000
 40
0.867151146
 40
0.867151146
 10
60.197922000
 20
150.297780000
 30
3.000000000
 10
60.176642000
 20
151.164670000
 30
3.000000000
  0
SPLINE
  5
DAE
330
A02
100
AcDbEntity
  8
Shape2DView001
100
AcDbSpline
210
0
220
0
230
1
 70
8
 71
3
 72
8
 73
4
 74
0
 40
0.000000000
 40
0.000000000
 40
0.000000000
 40
0.000000000
 40
1.000000000
 40
1.000000000
 40
1.000000000
 40
1.000000000
 10
60.176642000
 20
151.164670000
 30
3.000000000
 10
60.164942000
 20
151.641460000
 30
3.000000000
 10
60.181842000
 20
152.055900000
 30
3.000000000
 10
60.214222000
 20
152.085650000
 30
3.000000000
  0
SPLINE
  5
DAF
330
A02
100
AcDbEntity
  8
Shape2DView001
100
AcDbSpline
210
0
220
0
230
1
 70
8
 71
3
 72
8
 73
4
 74
0
 40
0.000000000
 40
0.000000000
 40
0.000000000
 40
0.000000000
 40
1.000000000
 40
1.000000000
 40
1.000000000
 40
1.000000000
 10
60.214222000
 20
152.085650000
 30
3.000000000
 10
60.246602000
 20
152.115450000
 30
3.000000000
 10
60.658000000
 20
152.230650000
 30
3.000000000
 10
61.128445000
 20
152.341750000
 30
3.000000000
  0
SPLINE
  5
DB0
330
A02
100
AcDbEntity
  8
Shape2DView001
100
AcDbSpline
210
0
220
0
230
1
 70
8
 71
3
 72
8
 73
4
 74
0
 40
0.000000000
 40
0.000000000
 40
0.000000000
 40
0.000000000
 40
1.000000000
 40
1.000000000
 40
1.000000000
 40
1.000000000
 10
61.128445000
 20
152.341750000
 30
3.000000000
 10
61.598889000
 20
152.452850000
 30
3.000000000
 10
62.063992000
 20
152.574240000
 30
3.000000000
 10
62.162007000
 20
152.611510000
 30
3.000000000
  0
SPLINE
  5
DB1
330
A02
100
AcDbEntity
  8
Shape2DView001
100
AcDbSpline
210
0
220
0
230
1
 70
8
 71
1
 72
4
 73
2
 74
0
 40
0.000000000
 40
0.000000000
 40
0.190671561
 40
0.190671561
 10
62.162007000
 20
152.611510000
 30
3.000000000
 10
62.340217000
 20
152.679310000
 30
3.000000000
  0
SPLINE
  5
DB2
330
A02
100
AcDbEntity
  8
Shape2DView001
100
AcDbSpline
210
0
220
0
230
1
 70
8
 71
1
 72
4
 73
2
 74
0
 40
0.000000000
 40
0.000000000
 40
2.332080000
 40
2.332080000
 10
62.340217000
 20
152.679310000
 30
3.000000000
 10
62.340217000
 20
155.011390000
 30
3.000000000
  0
SPLINE
  5
DB3
330
A02
100
AcDbEntity
  8
Shape2DView001
100
AcDbSpline
210
0
220
0
230
1
 70
8
 71
1
 72
4
 73
2
 74
0
 40
0.000000000
 40
0.000000000
 40
2.332070000
 40
2.332070000
 10
62.340217000
 20
155.011390000
 30
3.000000000
 10
62.340217000
 20
157.343460000
 30
3.000000000
  0
SPLINE
  5
DB4
330
A02
100
AcDbEntity
  8
Shape2DView001
100
AcDbSpline
210
0
220
0
230
1
 70
8
 71
1
 72
4
 73
2
 74
0
 40
0.000000000
 40
0.000000000
 40
0.206829489
 40
0.206829489
 10
62.340217000
 20
157.343460000
 30
3.000000000
 10
62.546928000
 20
157.350460000
 30
3.000000000
  0
SPLINE
  5
DB5
330
A02
100
AcDbEntity
  8
Shape2DView001
100
AcDbSpline
210
0
220
0
230
1
 70
8
 71
3
 72
8
 73
4
 74
0
 40
0.000000000
 40
0.000000000
 40
0.000000000
 40
0.000000000
 40
1.000000000
 40
1.000000000
 40
1.000000000
 40
1.000000000
 10
62.546928000
 20
157.350460000
 30
3.000000000
 10
63.212291000
 20
157.374360000
 30
3.000000000
 10
63.984117000
 20
157.377360000
 30
3.000000000
 10
64.093158000
 20
157.356460000
 30
3.000000000
  0
SPLINE
  5
DB6
330
A02
100
AcDbEntity
  8
Shape2DView001
100
AcDbSpline
210
0
220
0
230
1
 70
8
 71
1
 72
4
 73
2
 74
0
 40
0.000000000
 40
0.000000000
 40
0.000230020
 40
0.000230020
 10
64.093158000
 20
157.356460000
 30
3.000000000
 10
64.093161000
 20
157.356690000
 30
3.000000000
  0
SPLINE
  5
DB7
330
A02
100
AcDbEntity
  8
Shape2DView001
100
AcDbSpline
210
0
220
0
230
1
 70
8
 71
3
 72
8
 73
4
 74
0
 40
0.000000000
 40
0.000000000
 40
0.000000000
 40
0.000000000
 40
1.000000000
 40
1.000000000
 40
1.000000000
 40
1.000000000
 10
32.671600000
 20
157.295590000
 30
3.000000000
 10
32.700400000
 20
157.266790000
 30
3.000000000
 10
32.723900000
 20
156.775940000
 30
3.000000000
 10
32.723900000
 20
156.204820000
 30
3.000000000
  0
SPLINE
  5
DB8
330
A02
100
AcDbEntity
  8
Shape2DView001
100
AcDbSpline
210
0
220
0
230
1
 70
8
 71
3
 72
8
 73
4
 74
0
 40
0.000000000
 40
0.000000000
 40
0.000000000
 40
0.000000000
 40
1.000000000
 40
1.000000000
 40
1.000000000
 40
1.000000000
 10
32.723900000
 20
156.204820000
 30
3.000000000
 10
32.723900000
 20
154.982580000
 30
3.000000000
 10
32.810100000
 20
155.069620000
 30
3.000000000
 10
31.633960000
 20
155.104000000
 30
3.000000000
  0
SPLINE
  5
DB9
330
A02
100
AcDbEntity
  8
Shape2DView001
100
AcDbSpline
210
0
220
0
230
1
 70
8
 71
1
 72
4
 73
2
 74
0
 40
0.000000000
 40
0.000000000
 40
0.752001877
 40
0.752001877
 10
31.633960000
 20
155.104000000
 30
3.000000000
 10
30.882280000
 20
155.126000000
 30
3.000000000
  0
SPLINE
  5
DBA
330
A02
100
AcDbEntity
  8
Shape2DView001
100
AcDbSpline
210
0
220
0
230
1
 70
8
 71
1
 72
4
 73
2
 74
0
 40
0.000000000
 40
0.000000000
 40
1.089950000
 40
1.089950000
 10
30.882280000
 20
155.126000000
 30
3.000000000
 10
30.882280000
 20
156.215950000
 30
3.000000000
  0
SPLINE
  5
DBB
330
A02
100
AcDbEntity
  8
Shape2DView001
100
AcDbSpline
210
0
220
0
230
1
 70
8
 71
1
 72
4
 73
2
 74
0
 40
0.000000000
 40
0.000000000
 40
1.089930000
 40
1.089930000
 10
30.882280000
 20
156.215950000
 30
3.000000000
 10
30.882280000
 20
157.305880000
 30
3.000000000
  0
SPLINE
  5
DBC
330
A02
100
AcDbEntity
  8
Shape2DView001
100
AcDbSpline
210
0
220
0
230
1
 70
8
 71
1
 72
4
 73
2
 74
0
 40
0.000000000
 40
0.000000000
 40
0.868696290
 40
0.868696290
 10
30.882280000
 20
157.305880000
 30
3.000000000
 10
31.750720000
 20
157.326980000
 30
3.000000000
  0
SPLINE
  5
DBD
330
A02
100
AcDbEntity
  8
Shape2DView001
100
AcDbSpline
210
0
220
0
230
1
 70
8
 71
3
 72
8
 73
4
 74
0
 40
0.000000000
 40
0.000000000
 40
0.000000000
 40
0.000000000
 40
1.000000000
 40
1.000000000
 40
1.000000000
 40
1.000000000
 10
31.750720000
 20
157.326980000
 30
3.000000000
 10
32.228370000
 20
157.338580000
 30
3.000000000
 10
32.642730000
 20
157.323980000
 30
3.000000000
 10
32.671530000
 20
157.295680000
 30
3.000000000
  0
SPLINE
  5
DBE
330
A02
100
AcDbEntity
  8
Shape2DView001
100
AcDbSpline
210
0
220
0
230
1
 70
8
 71
1
 72
4
 73
2
 74
0
 40
0.000000000
 40
0.000000000
 40
0.000114018
 40
0.000114018
 10
32.671530000
 20
157.295680000
 30
3.000000000
 10
32.671600000
 20
157.295590000
 30
3.000000000
  0
SPLINE
  5
DBF
330
A02
100
AcDbEntity
  8
Shape2DView001
100
AcDbSpline
210
0
220
0
230
1
 70
8
 71
3
 72
8
 73
4
 74
0
 40
0.000000000
 40
0.000000000
 40
0.000000000
 40
0.000000000
 40
1.000000000
 40
1.000000000
 40
1.000000000
 40
1.000000000
 10
32.222840000
 20
153.534920000
 30
3.000000000
 10
32.250440000
 20
153.507420000
 30
3.000000000
 10
32.272940000
 20
153.363600000
 30
3.000000000
 10
32.272840000
 20
153.215460000
 30
3.000000000
  0
SPLINE
  5
DC0
330
A02
100
AcDbEntity
  8
Shape2DView001
100
AcDbSpline
210
0
220
0
230
1
 70
8
 71
3
 72
8
 73
4
 74
0
 40
0.000000000
 40
0.000000000
 40
0.000000000
 40
0.000000000
 40
1.000000000
 40
1.000000000
 40
1.000000000
 40
1.000000000
 10
32.272840000
 20
153.215460000
 30
3.000000000
 10
32.272790000
 20
153.067310000
 30
3.000000000
 10
32.311040000
 20
152.672260000
 30
3.000000000
 10
32.357740000
 20
152.337560000
 30
3.000000000
  0
SPLINE
  5
DC1
330
A02
100
AcDbEntity
  8
Shape2DView001
100
AcDbSpline
210
0
220
0
230
1
 70
8
 71
3
 72
8
 73
4
 74
0
 40
0.000000000
 40
0.000000000
 40
0.000000000
 40
0.000000000
 40
1.000000000
 40
1.000000000
 40
1.000000000
 40
1.000000000
 10
32.357740000
 20
152.337560000
 30
3.000000000
 10
32.433040000
 20
151.798790000
 30
3.000000000
 10
32.424440000
 20
151.639340000
 30
3.000000000
 10
32.282640000
 20
150.946950000
 30
3.000000000
  0
SPLINE
  5
DC2
330
A02
100
AcDbEntity
  8
Shape2DView001
100
AcDbSpline
210
0
220
0
230
1
 70
8
 71
3
 72
8
 73
4
 74
0
 40
0.000000000
 40
0.000000000
 40
0.000000000
 40
0.000000000
 40
1.000000000
 40
1.000000000
 40
1.000000000
 40
1.000000000
 10
32.282640000
 20
150.946950000
 30
3.000000000
 10
32.131250000
 20
150.207630000
 30
3.000000000
 10
32.122500000
 20
149.950230000
 30
3.000000000
 10
32.122530000
 20
146.237340000
 30
3.000000000
  0
SPLINE
  5
DC3
330
A02
100
AcDbEntity
  8
Shape2DView001
100
AcDbSpline
210
0
220
0
230
1
 70
8
 71
1
 72
4
 73
2
 74
0
 40
0.000000000
 40
0.000000000
 40
3.927530000
 40
3.927530000
 10
32.122530000
 20
146.237340000
 30
3.000000000
 10
32.122560000
 20
142.309810000
 30
3.000000000
  0
SPLINE
  5
DC4
330
A02
100
AcDbEntity
  8
Shape2DView001
100
AcDbSpline
210
0
220
0
230
1
 70
8
 71
1
 72
4
 73
2
 74
0
 40
0.000000000
 40
0.000000000
 40
0.381620000
 40
0.381620000
 10
32.122560000
 20
142.309810000
 30
3.000000000
 10
32.504180000
 20
142.309810000
 30
3.000000000
  0
SPLINE
  5
DC5
330
A02
100
AcDbEntity
  8
Shape2DView001
100
AcDbSpline
210
0
220
0
230
1
 70
8
 71
3
 72
8
 73
4
 74
0
 40
0.000000000
 40
0.000000000
 40
0.000000000
 40
0.000000000
 40
1.000000000
 40
1.000000000
 40
1.000000000
 40
1.000000000
 10
32.504180000
 20
142.309810000
 30
3.000000000
 10
32.828880000
 20
142.309810000
 30
3.000000000
 10
32.919800000
 20
142.275810000
 30
3.000000000
 10
33.113710000
 20
142.081910000
 30
3.000000000
  0
SPLINE
  5
DC6
330
A02
100
AcDbEntity
  8
Shape2DView001
100
AcDbSpline
210
0
220
0
230
1
 70
8
 71
3
 72
8
 73
4
 74
0
 40
0.000000000
 40
0.000000000
 40
0.000000000
 40
0.000000000
 40
1.000000000
 40
1.000000000
 40
1.000000000
 40
1.000000000
 10
33.113710000
 20
142.081910000
 30
3.000000000
 10
33.306480000
 20
141.889130000
 30
3.000000000
 10
33.333880000
 20
141.816720000
 30
3.000000000
 10
33.291430000
 20
141.612110000
 30
3.000000000
  0
SPLINE
  5
DC7
330
A02
100
AcDbEntity
  8
Shape2DView001
100
AcDbSpline
210
0
220
0
230
1
 70
8
 71
3
 72
8
 73
4
 74
0
 40
0.000000000
 40
0.000000000
 40
0.000000000
 40
0.000000000
 40
1.000000000
 40
1.000000000
 40
1.000000000
 40
1.000000000
 10
33.291430000
 20
141.612110000
 30
3.000000000
 10
33.263830000
 20
141.479060000
 30
3.000000000
 10
33.246830000
 20
141.302560000
 30
3.000000000
 10
33.253830000
 20
141.219870000
 30
3.000000000
  0
SPLINE
  5
DC8
330
A02
100
AcDbEntity
  8
Shape2DView001
100
AcDbSpline
210
0
220
0
230
1
 70
8
 71
3
 72
8
 73
4
 74
0
 40
0.000000000
 40
0.000000000
 40
0.000000000
 40
0.000000000
 40
1.000000000
 40
1.000000000
 40
1.000000000
 40
1.000000000
 10
33.253830000
 20
141.219870000
 30
3.000000000
 10
33.314430000
 20
140.494120000
 30
3.000000000
 10
33.312730000
 20
132.428760000
 30
3.000000000
 10
33.251830000
 20
132.099590000
 30
3.000000000
  0
SPLINE
  5
DC9
330
A02
100
AcDbEntity
  8
Shape2DView001
100
AcDbSpline
210
0
220
0
230
1
 70
8
 71
3
 72
8
 73
4
 74
0
 40
0.000000000
 40
0.000000000
 40
0.000000000
 40
0.000000000
 40
1.000000000
 40
1.000000000
 40
1.000000000
 40
1.000000000
 10
33.251830000
 20
132.099590000
 30
3.000000000
 10
33.208930000
 20
131.867280000
 30
3.000000000
 10
33.089830000
 20
131.576160000
 30
3.000000000
 10
32.977590000
 20
131.429010000
 30
3.000000000
  0
SPLINE
  5
DCA
330
A02
100
AcDbEntity
  8
Shape2DView001
100
AcDbSpline
210
0
220
0
230
1
 70
8
 71
3
 72
8
 73
4
 74
0
 40
0.000000000
 40
0.000000000
 40
0.000000000
 40
0.000000000
 40
1.000000000
 40
1.000000000
 40
1.000000000
 40
1.000000000
 10
32.977590000
 20
131.429010000
 30
3.000000000
 10
32.679100000
 20
131.037670000
 30
3.000000000
 10
32.363620000
 20
130.937520000
 30
3.000000000
 10
31.542470000
 20
130.973430000
 30
3.000000000
  0
SPLINE
  5
DCB
330
A02
100
AcDbEntity
  8
Shape2DView001
100
AcDbSpline
210
0
220
0
230
1
 70
8
 71
3
 72
8
 73
4
 74
0
 40
0.000000000
 40
0.000000000
 40
0.000000000
 40
0.000000000
 40
1.000000000
 40
1.000000000
 40
1.000000000
 40
1.000000000
 10
31.542470000
 20
130.973430000
 30
3.000000000
 10
30.794870000
 20
131.006130000
 30
3.000000000
 10
30.603750000
 20
131.088410000
 30
3.000000000
 10
30.285580000
 20
131.514530000
 30
3.000000000
  0
SPLINE
  5
DCC
330
A02
100
AcDbEntity
  8
Shape2DView001
100
AcDbSpline
210
0
220
0
230
1
 70
8
 71
3
 72
8
 73
4
 74
0
 40
0.000000000
 40
0.000000000
 40
0.000000000
 40
0.000000000
 40
1.000000000
 40
1.000000000
 40
1.000000000
 40
1.000000000
 10
30.285580000
 20
131.514530000
 30
3.000000000
 10
30.132620000
 20
131.719380000
 30
3.000000000
 10
30.130770000
 20
131.782690000
 30
3.000000000
 10
30.143690000
 20
136.358230000
 30
3.000000000
  0
SPLINE
  5
DCD
330
A02
100
AcDbEntity
  8
Shape2DView001
100
AcDbSpline
210
0
220
0
230
1
 70
8
 71
3
 72
8
 73
4
 74
0
 40
0.000000000
 40
0.000000000
 40
0.000000000
 40
0.000000000
 40
1.000000000
 40
1.000000000
 40
1.000000000
 40
1.000000000
 10
30.143690000
 20
136.358230000
 30
3.000000000
 10
30.150690000
 20
138.908110000
 30
3.000000000
 10
30.170390000
 20
141.227770000
 30
3.000000000
 10
30.186990000
 20
141.513040000
 30
3.000000000
  0
SPLINE
  5
DCE
330
A02
100
AcDbEntity
  8
Shape2DView001
100
AcDbSpline
210
0
220
0
230
1
 70
8
 71
3
 72
8
 73
4
 74
0
 40
0.000000000
 40
0.000000000
 40
0.000000000
 40
0.000000000
 40
1.000000000
 40
1.000000000
 40
1.000000000
 40
1.000000000
 10
30.186990000
 20
141.513040000
 30
3.000000000
 10
30.225190000
 20
142.168150000
 30
3.000000000
 10
30.364140000
 20
142.309810000
 30
3.000000000
 10
30.968640000
 20
142.309810000
 30
3.000000000
  0
SPLINE
  5
DCF
330
A02
100
AcDbEntity
  8
Shape2DView001
100
AcDbSpline
210
0
220
0
230
1
 70
8
 71
1
 72
4
 73
2
 74
0
 40
0.000000000
 40
0.000000000
 40
0.407980000
 40
0.407980000
 10
30.968640000
 20
142.309810000
 30
3.000000000
 10
31.376620000
 20
142.309810000
 30
3.000000000
  0
SPLINE
  5
DD0
330
A02
100
AcDbEntity
  8
Shape2DView001
100
AcDbSpline
210
0
220
0
230
1
 70
8
 71
1
 72
4
 73
2
 74
0
 40
0.000000000
 40
0.000000000
 40
4.378750157
 40
4.378750157
 10
31.376620000
 20
142.309810000
 30
3.000000000
 10
31.333720000
 20
146.688350000
 30
3.000000000
  0
SPLINE
  5
DD1
330
A02
100
AcDbEntity
  8
Shape2DView001
100
AcDbSpline
210
0
220
0
230
1
 70
8
 71
3
 72
8
 73
4
 74
0
 40
0.000000000
 40
0.000000000
 40
0.000000000
 40
0.000000000
 40
1.000000000
 40
1.000000000
 40
1.000000000
 40
1.000000000
 10
31.333720000
 20
146.688350000
 30
3.000000000
 10
31.310120000
 20
149.096560000
 30
3.000000000
 10
31.284420000
 20
151.506630000
 30
3.000000000
 10
31.276620000
 20
152.044090000
 30
3.000000000
  0
SPLINE
  5
DD2
330
A02
100
AcDbEntity
  8
Shape2DView001
100
AcDbSpline
210
0
220
0
230
1
 70
8
 71
3
 72
8
 73
4
 74
0
 40
0.000000000
 40
0.000000000
 40
0.000000000
 40
0.000000000
 40
1.000000000
 40
1.000000000
 40
1.000000000
 40
1.000000000
 10
31.276620000
 20
152.044090000
 30
3.000000000
 10
31.268620000
 20
152.581540000
 30
3.000000000
 10
31.288320000
 20
153.148120000
 30
3.000000000
 10
31.320020000
 20
153.303150000
 30
3.000000000
  0
SPLINE
  5
DD3
330
A02
100
AcDbEntity
  8
Shape2DView001
100
AcDbSpline
210
0
220
0
230
1
 70
8
 71
1
 72
4
 73
2
 74
0
 40
0.000000000
 40
0.000000000
 40
0.287704874
 40
0.287704874
 10
31.320020000
 20
153.303150000
 30
3.000000000
 10
31.377620000
 20
153.585030000
 30
3.000000000
  0
SPLINE
  5
DD4
330
A02
100
AcDbEntity
  8
Shape2DView001
100
AcDbSpline
210
0
220
0
230
1
 70
8
 71
1
 72
4
 73
2
 74
0
 40
0.000000000
 40
0.000000000
 40
0.397510000
 40
0.397510000
 10
31.377620000
 20
153.585030000
 30
3.000000000
 10
31.775130000
 20
153.585030000
 30
3.000000000
  0
SPLINE
  5
DD5
330
A02
100
AcDbEntity
  8
Shape2DView001
100
AcDbSpline
210
0
220
0
230
1
 70
8
 71
3
 72
8
 73
4
 74
0
 40
0.000000000
 40
0.000000000
 40
0.000000000
 40
0.000000000
 40
1.000000000
 40
1.000000000
 40
1.000000000
 40
1.000000000
 10
31.775130000
 20
153.585030000
 30
3.000000000
 10
31.993750000
 20
153.585030000
 30
3.000000000
 10
32.195170000
 20
153.562430000
 30
3.000000000
 10
32.222740000
 20
153.534930000
 30
3.000000000
  0
SPLINE
  5
DD6
330
A02
100
AcDbEntity
  8
Shape2DView001
100
AcDbSpline
210
0
220
0
230
1
 70
8
 71
1
 72
4
 73
2
 74
0
 40
0.000000000
 40
0.000000000
 40
0.000100499
 40
0.000100499
 10
32.222740000
 20
153.534930000
 30
3.000000000
 10
32.222840000
 20
153.534920000
 30
3.000000000
  0
SPLINE
  5
DD7
330
A02
100
AcDbEntity
  8
Shape2DView001
100
AcDbSpline
210
0
220
0
230
1
 70
8
 71
3
 72
8
 73
4
 74
0
 40
0.000000000
 40
0.000000000
 40
0.000000000
 40
0.000000000
 40
1.000000000
 40
1.000000000
 40
1.000000000
 40
1.000000000
 10
32.397530000
 20
140.347150000
 30
3.000000000
 10
32.296790000
 20
140.301250000
 30
3.000000000
 10
32.176810000
 20
140.181270000
 30
3.000000000
 10
32.130910000
 20
140.080520000
 30
3.000000000
  0
SPLINE
  5
DD8
330
A02
100
AcDbEntity
  8
Shape2DView001
100
AcDbSpline
210
0
220
0
230
1
 70
8
 71
3
 72
8
 73
4
 74
0
 40
0.000000000
 40
0.000000000
 40
0.000000000
 40
0.000000000
 40
1.000000000
 40
1.000000000
 40
1.000000000
 40
1.000000000
 10
32.130910000
 20
140.080520000
 30
3.000000000
 10
32.073710000
 20
139.955020000
 30
3.000000000
 10
32.047410000
 20
138.840960000
 30
3.000000000
 10
32.047410000
 20
136.541960000
 30
3.000000000
  0
SPLINE
  5
DD9
330
A02
100
AcDbEntity
  8
Shape2DView001
100
AcDbSpline
210
0
220
0
230
1
 70
8
 71
3
 72
8
 73
4
 74
0
 40
0.000000000
 40
0.000000000
 40
0.000000000
 40
0.000000000
 40
1.000000000
 40
1.000000000
 40
1.000000000
 40
1.000000000
 10
32.047410000
 20
136.541960000
 30
3.000000000
 10
32.047410000
 20
133.200360000
 30
3.000000000
 10
32.047950000
 20
133.185850000
 30
3.000000000
 10
32.210850000
 20
133.012600000
 30
3.000000000
  0
SPLINE
  5
DDA
330
A02
100
AcDbEntity
  8
Shape2DView001
100
AcDbSpline
210
0
220
0
230
1
 70
8
 71
2
 72
6
 73
3
 74
0
 40
0.000000000
 40
0.000000000
 40
0.000000000
 40
1.000000000
 40
1.000000000
 40
1.000000000
 10
32.210850000
 20
133.012600000
 30
3.000000000
 10
32.468815000
 20
132.733457500
 30
3.000000000
 10
32.797640000
 20
132.913000000
 30
3.000000000
  0
SPLINE
  5
DDB
330
A02
100
AcDbEntity
  8
Shape2DView001
100
AcDbSpline
210
0
220
0
230
1
 70
8
 71
3
 72
8
 73
4
 74
0
 40
0.000000000
 40
0.000000000
 40
0.000000000
 40
0.000000000
 40
1.000000000
 40
1.000000000
 40
1.000000000
 40
1.000000000
 10
32.797640000
 20
132.913000000
 30
3.000000000
 10
33.056410000
 20
133.051500000
 30
3.000000000
 10
33.099770000
 20
133.619240000
 30
3.000000000
 10
33.099770000
 20
136.869590000
 30
3.000000000
  0
SPLINE
  5
DDC
330
A02
100
AcDbEntity
  8
Shape2DView001
100
AcDbSpline
210
0
220
0
230
1
 70
8
 71
1
 72
4
 73
2
 74
0
 40
0.000000000
 40
0.000000000
 40
3.121560000
 40
3.121560000
 10
33.099770000
 20
136.869590000
 30
3.000000000
 10
33.099770000
 20
139.991150000
 30
3.000000000
  0
SPLINE
  5
DDD
330
A02
100
AcDbEntity
  8
Shape2DView001
100
AcDbSpline
210
0
220
0
230
1
 70
8
 71
1
 72
4
 73
2
 74
0
 40
0.000000000
 40
0.000000000
 40
0.310738075
 40
0.310738075
 10
33.099770000
 20
139.991150000
 30
3.000000000
 10
32.880040000
 20
140.210870000
 30
3.000000000
  0
SPLINE
  5
DDE
330
A02
100
AcDbEntity
  8
Shape2DView001
100
AcDbSpline
210
0
220
0
230
1
 70
8
 71
3
 72
8
 73
4
 74
0
 40
0.000000000
 40
0.000000000
 40
0.000000000
 40
0.000000000
 40
1.000000000
 40
1.000000000
 40
1.000000000
 40
1.000000000
 10
32.880040000
 20
140.210870000
 30
3.000000000
 10
32.629130000
 20
140.461790000
 30
3.000000000
 10
32.641470000
 20
140.458300000
 30
3.000000000
 10
32.397490000
 20
140.347140000
 30
3.000000000
  0
SPLINE
  5
DDF
330
A02
100
AcDbEntity
  8
Shape2DView001
100
AcDbSpline
210
0
220
0
230
1
 70
8
 71
1
 72
4
 73
2
 74
0
 40
0.000000000
 40
0.000000000
 40
0.000041231
 40
0.000041231
 10
32.397490000
 20
140.347140000
 30
3.000000000
 10
32.397530000
 20
140.347150000
 30
3.000000000
  0
SPLINE
  5
DE0
330
A02
100
AcDbEntity
  8
Shape2DView001
100
AcDbSpline
210
0
220
0
230
1
 70
8
 71
1
 72
4
 73
2
 74
0
 40
0.000000000
 40
0.000000000
 40
0.278168141
 40
0.278168141
 10
30.642240000
 20
140.249250000
 30
3.000000000
 10
30.431340000
 20
140.067870000
 30
3.000000000
  0
SPLINE
  5
DE1
330
A02
100
AcDbEntity
  8
Shape2DView001
100
AcDbSpline
210
0
220
0
230
1
 70
8
 71
1
 72
4
 73
2
 74
0
 40
0.000000000
 40
0.000000000
 40
3.456340000
 40
3.456340000
 10
30.431340000
 20
140.067870000
 30
3.000000000
 10
30.431340000
 20
136.611530000
 30
3.000000000
  0
SPLINE
  5
DE2
330
A02
100
AcDbEntity
  8
Shape2DView001
100
AcDbSpline
210
0
220
0
230
1
 70
8
 71
3
 72
8
 73
4
 74
0
 40
0.000000000
 40
0.000000000
 40
0.000000000
 40
0.000000000
 40
1.000000000
 40
1.000000000
 40
1.000000000
 40
1.000000000
 10
30.431340000
 20
136.611530000
 30
3.000000000
 10
30.431340000
 20
133.318170000
 30
3.000000000
 10
30.438340000
 20
133.147740000
 30
3.000000000
 10
30.574530000
 20
132.996930000
 30
3.000000000
  0
SPLINE
  5
DE3
330
A02
100
AcDbEntity
  8
Shape2DView001
100
AcDbSpline
210
0
220
0
230
1
 70
8
 71
3
 72
8
 73
4
 74
0
 40
0.000000000
 40
0.000000000
 40
0.000000000
 40
0.000000000
 40
1.000000000
 40
1.000000000
 40
1.000000000
 40
1.000000000
 10
30.574530000
 20
132.996930000
 30
3.000000000
 10
30.752220000
 20
132.800520000
 30
3.000000000
 10
31.025100000
 20
132.793490000
 30
3.000000000
 10
31.212110000
 20
132.980530000
 30
3.000000000
  0
SPLINE
  5
DE4
330
A02
100
AcDbEntity
  8
Shape2DView001
100
AcDbSpline
210
0
220
0
230
1
 70
8
 71
3
 72
8
 73
4
 74
0
 40
0.000000000
 40
0.000000000
 40
0.000000000
 40
0.000000000
 40
1.000000000
 40
1.000000000
 40
1.000000000
 40
1.000000000
 10
31.212110000
 20
132.980530000
 30
3.000000000
 10
31.336510000
 20
133.104930000
 30
3.000000000
 10
31.360370000
 20
133.292250000
 30
3.000000000
 10
31.405980000
 20
134.502690000
 30
3.000000000
  0
SPLINE
  5
DE5
330
A02
100
AcDbEntity
  8
Shape2DView001
100
AcDbSpline
210
0
220
0
230
1
 70
8
 71
3
 72
8
 73
4
 74
0
 40
0.000000000
 40
0.000000000
 40
0.000000000
 40
0.000000000
 40
1.000000000
 40
1.000000000
 40
1.000000000
 40
1.000000000
 10
31.405980000
 20
134.502690000
 30
3.000000000
 10
31.434580000
 20
135.261860000
 30
3.000000000
 10
31.446880000
 20
136.824630000
 30
3.000000000
 10
31.433280000
 20
137.975520000
 30
3.000000000
  0
SPLINE
  5
DE6
330
A02
100
AcDbEntity
  8
Shape2DView001
100
AcDbSpline
210
0
220
0
230
1
 70
8
 71
1
 72
4
 73
2
 74
0
 40
0.000000000
 40
0.000000000
 40
2.092675773
 40
2.092675773
 10
31.433280000
 20
137.975520000
 30
3.000000000
 10
31.408580000
 20
140.068050000
 30
3.000000000
  0
SPLINE
  5
DE7
330
A02
100
AcDbEntity
  8
Shape2DView001
100
AcDbSpline
210
0
220
0
230
1
 70
8
 71
1
 72
4
 73
2
 74
0
 40
0.000000000
 40
0.000000000
 40
0.278122502
 40
0.278122502
 10
31.408580000
 20
140.068050000
 30
3.000000000
 10
31.197680000
 20
140.249360000
 30
3.000000000
  0
SPLINE
  5
DE8
330
A02
100
AcDbEntity
  8
Shape2DView001
100
AcDbSpline
210
0
220
0
230
1
 70
8
 71
3
 72
8
 73
4
 74
0
 40
0.000000000
 40
0.000000000
 40
0.000000000
 40
0.000000000
 40
1.000000000
 40
1.000000000
 40
1.000000000
 40
1.000000000
 10
31.197680000
 20
140.249360000
 30
3.000000000
 10
30.936390000
 20
140.473980000
 30
3.000000000
 10
30.903560000
 20
140.473980000
 30
3.000000000
 10
30.642300000
 20
140.249280000
 30
3.000000000
  0
SPLINE
  5
DE9
330
A02
100
AcDbEntity
  8
Shape2DView001
100
AcDbSpline
210
0
220
0
230
1
 70
8
 71
1
 72
4
 73
2
 74
0
 40
0.000000000
 40
0.000000000
 40
0.000067082
 40
0.000067082
 10
30.642300000
 20
140.249280000
 30
3.000000000
 10
30.642240000
 20
140.249250000
 30
3.000000000
  0
SPLINE
  5
DEA
330
A02
100
AcDbEntity
  8
Shape2DView001
100
AcDbSpline
210
0
220
0
230
1
 70
8
 71
3
 72
8
 73
4
 74
0
 40
0.000000000
 40
0.000000000
 40
0.000000000
 40
0.000000000
 40
1.000000000
 40
1.000000000
 40
1.000000000
 40
1.000000000
 10
64.775143000
 20
149.858080000
 30
3.000000000
 10
64.872473000
 20
149.604450000
 30
3.000000000
 10
64.808563000
 20
149.467520000
 30
3.000000000
 10
64.484122000
 20
149.234520000
 30
3.000000000
  0
SPLINE
  5
DEB
330
A02
100
AcDbEntity
  8
Shape2DView001
100
AcDbSpline
210
0
220
0
230
1
 70
8
 71
3
 72
8
 73
4
 74
0
 40
0.000000000
 40
0.000000000
 40
0.000000000
 40
0.000000000
 40
1.000000000
 40
1.000000000
 40
1.000000000
 40
1.000000000
 10
64.484122000
 20
149.234520000
 30
3.000000000
 10
63.192768000
 20
148.307150000
 30
3.000000000
 10
61.486468000
 20
148.276520000
 30
3.000000000
 10
60.167865000
 20
149.157020000
 30
3.000000000
  0
SPLINE
  5
DEC
330
A02
100
AcDbEntity
  8
Shape2DView001
100
AcDbSpline
210
0
220
0
230
1
 70
8
 71
3
 72
8
 73
4
 74
0
 40
0.000000000
 40
0.000000000
 40
0.000000000
 40
0.000000000
 40
1.000000000
 40
1.000000000
 40
1.000000000
 40
1.000000000
 10
60.167865000
 20
149.157020000
 30
3.000000000
 10
59.685097000
 20
149.479400000
 30
3.000000000
 10
59.583215000
 20
149.703540000
 30
3.000000000
 10
59.827354000
 20
149.906150000
 30
3.000000000
  0
SPLINE
  5
DED
330
A02
100
AcDbEntity
  8
Shape2DView001
100
AcDbSpline
210
0
220
0
230
1
 70
8
 71
3
 72
8
 73
4
 74
0
 40
0.000000000
 40
0.000000000
 40
0.000000000
 40
0.000000000
 40
1.000000000
 40
1.000000000
 40
1.000000000
 40
1.000000000
 10
59.827354000
 20
149.906150000
 30
3.000000000
 10
59.927154000
 20
149.988950000
 30
3.000000000
 10
60.051896000
 20
149.949750000
 30
3.000000000
 10
60.635411000
 20
149.651950000
 30
3.000000000
  0
SPLINE
  5
DEE
330
A02
100
AcDbEntity
  8
Shape2DView001
100
AcDbSpline
210
0
220
0
230
1
 70
8
 71
3
 72
8
 73
4
 74
0
 40
0.000000000
 40
0.000000000
 40
0.000000000
 40
0.000000000
 40
1.000000000
 40
1.000000000
 40
1.000000000
 40
1.000000000
 10
60.635411000
 20
149.651950000
 30
3.000000000
 10
61.014932000
 20
149.458270000
 30
3.000000000
 10
61.507514000
 20
149.262360000
 30
3.000000000
 10
61.730035000
 20
149.216590000
 30
3.000000000
  0
SPLINE
  5
DEF
330
A02
100
AcDbEntity
  8
Shape2DView001
100
AcDbSpline
210
0
220
0
230
1
 70
8
 71
3
 72
8
 73
4
 74
0
 40
0.000000000
 40
0.000000000
 40
0.000000000
 40
0.000000000
 40
1.000000000
 40
1.000000000
 40
1.000000000
 40
1.000000000
 10
61.730035000
 20
149.216590000
 30
3.000000000
 10
62.444107000
 20
149.069720000
 30
3.000000000
 10
63.335690000
 20
149.268090000
 30
3.000000000
 10
63.992780000
 20
149.720120000
 30
3.000000000
  0
SPLINE
  5
DF0
330
A02
100
AcDbEntity
  8
Shape2DView001
100
AcDbSpline
210
0
220
0
230
1
 70
8
 71
3
 72
8
 73
4
 74
0
 40
0.000000000
 40
0.000000000
 40
0.000000000
 40
0.000000000
 40
1.000000000
 40
1.000000000
 40
1.000000000
 40
1.000000000
 10
63.992780000
 20
149.720120000
 30
3.000000000
 10
64.393341000
 20
149.995670000
 30
3.000000000
 10
64.701490000
 20
150.049990000
 30
3.000000000
 10
64.775143000
 20
149.858050000
 30
3.000000000
  0
SPLINE
  5
DF1
330
A02
100
AcDbEntity
  8
Shape2DView001
100
AcDbSpline
210
0
220
0
230
1
 70
8
 71
1
 72
4
 73
2
 74
0
 40
0.000000000
 40
0.000000000
 40
0.000030000
 40
0.000030000
 10
64.775143000
 20
149.858050000
 30
3.000000000
 10
64.775143000
 20
149.858080000
 30
3.000000000
  0
SPLINE
  5
DF2
330
A02
100
AcDbEntity
  8
Shape2DView001
100
AcDbSpline
210
0
220
0
230
1
 70
8
 71
3
 72
8
 73
4
 74
0
 40
0.000000000
 40
0.000000000
 40
0.000000000
 40
0.000000000
 40
1.000000000
 40
1.000000000
 40
1.000000000
 40
1.000000000
 10
65.715333000
 20
148.905830000
 30
3.000000000
 10
65.804903000
 20
148.664870000
 30
3.000000000
 10
65.756243000
 20
148.586940000
 30
3.000000000
 10
65.320786000
 20
148.273970000
 30
3.000000000
  0
SPLINE
  5
DF3
330
A02
100
AcDbEntity
  8
Shape2DView001
100
AcDbSpline
210
0
220
0
230
1
 70
8
 71
3
 72
8
 73
4
 74
0
 40
0.000000000
 40
0.000000000
 40
0.000000000
 40
0.000000000
 40
1.000000000
 40
1.000000000
 40
1.000000000
 40
1.000000000
 10
65.320786000
 20
148.273970000
 30
3.000000000
 10
64.846233000
 20
147.932900000
 30
3.000000000
 10
64.021644000
 20
147.549880000
 30
3.000000000
 10
63.467742000
 20
147.413230000
 30
3.000000000
  0
SPLINE
  5
DF4
330
A02
100
AcDbEntity
  8
Shape2DView001
100
AcDbSpline
210
0
220
0
230
1
 70
8
 71
3
 72
8
 73
4
 74
0
 40
0.000000000
 40
0.000000000
 40
0.000000000
 40
0.000000000
 40
1.000000000
 40
1.000000000
 40
1.000000000
 40
1.000000000
 10
63.467742000
 20
147.413230000
 30
3.000000000
 10
62.931566000
 20
147.280960000
 30
3.000000000
 10
61.590397000
 20
147.282300000
 30
3.000000000
 10
61.062360000
 20
147.415230000
 30
3.000000000
  0
SPLINE
  5
DF5
330
A02
100
AcDbEntity
  8
Shape2DView001
100
AcDbSpline
210
0
220
0
230
1
 70
8
 71
3
 72
8
 73
4
 74
0
 40
0.000000000
 40
0.000000000
 40
0.000000000
 40
0.000000000
 40
1.000000000
 40
1.000000000
 40
1.000000000
 40
1.000000000
 10
61.062360000
 20
147.415230000
 30
3.000000000
 10
60.110727000
 20
147.655530000
 30
3.000000000
 10
58.807315000
 20
148.412040000
 30
3.000000000
 10
58.807315000
 20
148.724060000
 30
3.000000000
  0
SPLINE
  5
DF6
330
A02
100
AcDbEntity
  8
Shape2DView001
100
AcDbSpline
210
0
220
0
230
1
 70
8
 71
3
 72
8
 73
4
 74
0
 40
0.000000000
 40
0.000000000
 40
0.000000000
 40
0.000000000
 40
1.000000000
 40
1.000000000
 40
1.000000000
 40
1.000000000
 10
58.807315000
 20
148.724060000
 30
3.000000000
 10
58.807315000
 20
149.126250000
 30
3.000000000
 10
59.167909000
 20
149.182800000
 30
3.000000000
 10
59.577849000
 20
148.844900000
 30
3.000000000
  0
SPLINE
  5
DF7
330
A02
100
AcDbEntity
  8
Shape2DView001
100
AcDbSpline
210
0
220
0
230
1
 70
8
 71
3
 72
8
 73
4
 74
0
 40
0.000000000
 40
0.000000000
 40
0.000000000
 40
0.000000000
 40
1.000000000
 40
1.000000000
 40
1.000000000
 40
1.000000000
 10
59.577849000
 20
148.844900000
 30
3.000000000
 10
59.932179000
 20
148.552830000
 30
3.000000000
 10
60.831634000
 20
148.139090000
 30
3.000000000
 10
61.347941000
 20
148.030670000
 30
3.000000000
  0
SPLINE
  5
DF8
330
A02
100
AcDbEntity
  8
Shape2DView001
100
AcDbSpline
210
0
220
0
230
1
 70
8
 71
3
 72
8
 73
4
 74
0
 40
0.000000000
 40
0.000000000
 40
0.000000000
 40
0.000000000
 40
1.000000000
 40
1.000000000
 40
1.000000000
 40
1.000000000
 10
61.347941000
 20
148.030670000
 30
3.000000000
 10
62.571171000
 20
147.773810000
 30
3.000000000
 10
63.939389000
 20
148.092170000
 30
3.000000000
 10
65.038598000
 20
148.889320000
 30
3.000000000
  0
SPLINE
  5
DF9
330
A02
100
AcDbEntity
  8
Shape2DView001
100
AcDbSpline
210
0
220
0
230
1
 70
8
 71
3
 72
8
 73
4
 74
0
 40
0.000000000
 40
0.000000000
 40
0.000000000
 40
0.000000000
 40
1.000000000
 40
1.000000000
 40
1.000000000
 40
1.000000000
 10
65.038598000
 20
148.889320000
 30
3.000000000
 10
65.363557000
 20
149.124990000
 30
3.000000000
 10
65.631344000
 20
149.131360000
 30
3.000000000
 10
65.715333000
 20
148.905420000
 30
3.000000000
  0
SPLINE
  5
DFA
330
A02
100
AcDbEntity
  8
Shape2DView001
100
AcDbSpline
210
0
220
0
230
1
 70
8
 71
1
 72
4
 73
2
 74
0
 40
0.000000000
 40
0.000000000
 40
0.000410000
 40
0.000410000
 10
65.715333000
 20
148.905420000
 30
3.000000000
 10
65.715333000
 20
148.905830000
 30
3.000000000
  0
SPLINE
  5
DFB
330
A02
100
AcDbEntity
  8
Shape2DView001
100
AcDbSpline
210
0
220
0
230
1
 70
8
 71
3
 72
8
 73
4
 74
0
 40
0.000000000
 40
0.000000000
 40
0.000000000
 40
0.000000000
 40
1.000000000
 40
1.000000000
 40
1.000000000
 40
1.000000000
 10
49.362062000
 20
148.260990000
 30
3.000000000
 10
49.451512000
 20
148.162190000
 30
3.000000000
 10
49.486461000
 20
147.983380000
 30
3.000000000
 10
49.486461000
 20
147.624700000
 30
3.000000000
  0
SPLINE
  5
DFC
330
A02
100
AcDbEntity
  8
Shape2DView001
100
AcDbSpline
210
0
220
0
230
1
 70
8
 71
3
 72
8
 73
4
 74
0
 40
0.000000000
 40
0.000000000
 40
0.000000000
 40
0.000000000
 40
1.000000000
 40
1.000000000
 40
1.000000000
 40
1.000000000
 10
49.486461000
 20
147.624700000
 30
3.000000000
 10
49.486461000
 20
147.028760000
 30
3.000000000
 10
49.552351000
 20
146.970250000
 30
3.000000000
 10
50.223500000
 20
146.970250000
 30
3.000000000
  0
SPLINE
  5
DFD
330
A02
100
AcDbEntity
  8
Shape2DView001
100
AcDbSpline
210
0
220
0
230
1
 70
8
 71
1
 72
4
 73
2
 74
0
 40
0.000000000
 40
0.000000000
 40
0.446242000
 40
0.446242000
 10
50.223500000
 20
146.970250000
 30
3.000000000
 10
50.669742000
 20
146.970250000
 30
3.000000000
  0
SPLINE
  5
DFE
330
A02
100
AcDbEntity
  8
Shape2DView001
100
AcDbSpline
210
0
220
0
230
1
 70
8
 71
1
 72
4
 73
2
 74
0
 40
0.000000000
 40
0.000000000
 40
0.603752568
 40
0.603752568
 10
50.669742000
 20
146.970250000
 30
3.000000000
 10
50.722192000
 20
146.368780000
 30
3.000000000
  0
SPLINE
  5
DFF
330
A02
100
AcDbEntity
  8
Shape2DView001
100
AcDbSpline
210
0
220
0
230
1
 70
8
 71
3
 72
8
 73
4
 74
0
 40
0.000000000
 40
0.000000000
 40
0.000000000
 40
0.000000000
 40
1.000000000
 40
1.000000000
 40
1.000000000
 40
1.000000000
 10
50.722192000
 20
146.368780000
 30
3.000000000
 10
50.783342000
 20
145.667800000
 30
3.000000000
 10
50.833665000
 20
145.617230000
 30
3.000000000
 10
51.470058000
 20
145.617230000
 30
3.000000000
  0
SPLINE
  5
E00
330
A02
100
AcDbEntity
  8
Shape2DView001
100
AcDbSpline
210
0
220
0
230
1
 70
8
 71
3
 72
8
 73
4
 74
0
 40
0.000000000
 40
0.000000000
 40
0.000000000
 40
0.000000000
 40
1.000000000
 40
1.000000000
 40
1.000000000
 40
1.000000000
 10
51.470058000
 20
145.617230000
 30
3.000000000
 10
51.879716000
 20
145.617230000
 30
3.000000000
 10
51.885541000
 20
145.614230000
 30
3.000000000
 10
51.925903000
 20
145.372930000
 30
3.000000000
  0
SPLINE
  5
E01
330
A02
100
AcDbEntity
  8
Shape2DView001
100
AcDbSpline
210
0
220
0
230
1
 70
8
 71
3
 72
8
 73
4
 74
0
 40
0.000000000
 40
0.000000000
 40
0.000000000
 40
0.000000000
 40
1.000000000
 40
1.000000000
 40
1.000000000
 40
1.000000000
 10
51.925903000
 20
145.372930000
 30
3.000000000
 10
51.948423000
 20
145.238570000
 30
3.000000000
 10
51.975273000
 20
144.959610000
 30
3.000000000
 10
51.985683000
 20
144.753030000
 30
3.000000000
  0
SPLINE
  5
E02
330
A02
100
AcDbEntity
  8
Shape2DView001
100
AcDbSpline
210
0
220
0
230
1
 70
8
 71
1
 72
4
 73
2
 74
0
 40
0.000000000
 40
0.000000000
 40
0.376084703
 40
0.376084703
 10
51.985683000
 20
144.753030000
 30
3.000000000
 10
52.004573000
 20
144.377420000
 30
3.000000000
  0
SPLINE
  5
E03
330
A02
100
AcDbEntity
  8
Shape2DView001
100
AcDbSpline
210
0
220
0
230
1
 70
8
 71
1
 72
4
 73
2
 74
0
 40
0.000000000
 40
0.000000000
 40
0.465057816
 40
0.465057816
 10
52.004573000
 20
144.377420000
 30
3.000000000
 10
52.462416000
 20
144.295820000
 30
3.000000000
  0
SPLINE
  5
E04
330
A02
100
AcDbEntity
  8
Shape2DView001
100
AcDbSpline
210
0
220
0
230
1
 70
8
 71
3
 72
8
 73
4
 74
0
 40
0.000000000
 40
0.000000000
 40
0.000000000
 40
0.000000000
 40
1.000000000
 40
1.000000000
 40
1.000000000
 40
1.000000000
 10
52.462416000
 20
144.295820000
 30
3.000000000
 10
53.157509000
 20
144.171990000
 30
3.000000000
 10
53.143403000
 20
144.184760000
 30
3.000000000
 10
53.187166000
 20
143.639580000
 30
3.000000000
  0
SPLINE
  5
E05
330
A02
100
AcDbEntity
  8
Shape2DView001
100
AcDbSpline
210
0
220
0
230
1
 70
8
 71
3
 72
8
 73
4
 74
0
 40
0.000000000
 40
0.000000000
 40
0.000000000
 40
0.000000000
 40
1.000000000
 40
1.000000000
 40
1.000000000
 40
1.000000000
 10
53.187166000
 20
143.639580000
 30
3.000000000
 10
53.208676000
 20
143.371590000
 30
3.000000000
 10
53.247236000
 20
143.118420000
 30
3.000000000
 10
53.272846000
 20
143.076980000
 30
3.000000000
  0
SPLINE
  5
E06
330
A02
100
AcDbEntity
  8
Shape2DView001
100
AcDbSpline
210
0
220
0
230
1
 70
8
 71
3
 72
8
 73
4
 74
0
 40
0.000000000
 40
0.000000000
 40
0.000000000
 40
0.000000000
 40
1.000000000
 40
1.000000000
 40
1.000000000
 40
1.000000000
 10
53.272846000
 20
143.076980000
 30
3.000000000
 10
53.298476000
 20
143.035480000
 30
3.000000000
 10
53.554750000
 20
142.977980000
 30
3.000000000
 10
53.842379000
 20
142.949100000
 30
3.000000000
  0
SPLINE
  5
E07
330
A02
100
AcDbEntity
  8
Shape2DView001
100
AcDbSpline
210
0
220
0
230
1
 70
8
 71
1
 72
4
 73
2
 74
0
 40
0.000000000
 40
0.000000000
 40
0.525585648
 40
0.525585648
 10
53.842379000
 20
142.949100000
 30
3.000000000
 10
54.365336000
 20
142.896600000
 30
3.000000000
  0
SPLINE
  5
E08
330
A02
100
AcDbEntity
  8
Shape2DView001
100
AcDbSpline
210
0
220
0
230
1
 70
8
 71
1
 72
4
 73
2
 74
0
 40
0.000000000
 40
0.000000000
 40
0.352688373
 40
0.352688373
 10
54.365336000
 20
142.896600000
 30
3.000000000
 10
54.410536000
 20
142.546820000
 30
3.000000000
  0
SPLINE
  5
E09
330
A02
100
AcDbEntity
  8
Shape2DView001
100
AcDbSpline
210
0
220
0
230
1
 70
8
 71
3
 72
8
 73
4
 74
0
 40
0.000000000
 40
0.000000000
 40
0.000000000
 40
0.000000000
 40
1.000000000
 40
1.000000000
 40
1.000000000
 40
1.000000000
 10
54.410536000
 20
142.546820000
 30
3.000000000
 10
54.494306000
 20
141.898630000
 30
3.000000000
 10
54.504416000
 20
141.878960000
 30
3.000000000
 10
54.780557000
 20
141.827150000
 30
3.000000000
  0
SPLINE
  5
E0A
330
A02
100
AcDbEntity
  8
Shape2DView001
100
AcDbSpline
210
0
220
0
230
1
 70
8
 71
3
 72
8
 73
4
 74
0
 40
0.000000000
 40
0.000000000
 40
0.000000000
 40
0.000000000
 40
1.000000000
 40
1.000000000
 40
1.000000000
 40
1.000000000
 10
54.780557000
 20
141.827150000
 30
3.000000000
 10
54.934332000
 20
141.798250000
 30
3.000000000
 10
55.116005000
 20
141.687970000
 30
3.000000000
 10
55.227071000
 20
141.555970000
 30
3.000000000
  0
SPLINE
  5
E0B
330
A02
100
AcDbEntity
  8
Shape2DView001
100
AcDbSpline
210
0
220
0
230
1
 70
8
 71
3
 72
8
 73
4
 74
0
 40
0.000000000
 40
0.000000000
 40
0.000000000
 40
0.000000000
 40
1.000000000
 40
1.000000000
 40
1.000000000
 40
1.000000000
 10
55.227071000
 20
141.555970000
 30
3.000000000
 10
55.418827000
 20
141.328090000
 30
3.000000000
 10
55.541607000
 20
141.048610000
 30
3.000000000
 10
55.477937000
 20
140.984940000
 30
3.000000000
  0
SPLINE
  5
E0C
330
A02
100
AcDbEntity
  8
Shape2DView001
100
AcDbSpline
210
0
220
0
230
1
 70
8
 71
3
 72
8
 73
4
 74
0
 40
0.000000000
 40
0.000000000
 40
0.000000000
 40
0.000000000
 40
1.000000000
 40
1.000000000
 40
1.000000000
 40
1.000000000
 10
55.477937000
 20
140.984940000
 30
3.000000000
 10
55.458307000
 20
140.965340000
 30
3.000000000
 10
55.226906000
 20
141.022240000
 30
3.000000000
 10
54.963691000
 20
141.111360000
 30
3.000000000
  0
SPLINE
  5
E0D
330
A02
100
AcDbEntity
  8
Shape2DView001
100
AcDbSpline
210
0
220
0
230
1
 70
8
 71
3
 72
8
 73
4
 74
0
 40
0.000000000
 40
0.000000000
 40
0.000000000
 40
0.000000000
 40
1.000000000
 40
1.000000000
 40
1.000000000
 40
1.000000000
 10
54.963691000
 20
141.111360000
 30
3.000000000
 10
54.079068000
 20
141.410970000
 30
3.000000000
 10
53.216284000
 20
141.190160000
 30
3.000000000
 10
52.312095000
 20
140.432800000
 30
3.000000000
  0
SPLINE
  5
E0E
330
A02
100
AcDbEntity
  8
Shape2DView001
100
AcDbSpline
210
0
220
0
230
1
 70
8
 71
3
 72
8
 73
4
 74
0
 40
0.000000000
 40
0.000000000
 40
0.000000000
 40
0.000000000
 40
1.000000000
 40
1.000000000
 40
1.000000000
 40
1.000000000
 10
52.312095000
 20
140.432800000
 30
3.000000000
 10
52.109152000
 20
140.262810000
 30
3.000000000
 10
51.917075000
 20
140.150500000
 30
3.000000000
 10
51.885249000
 20
140.183210000
 30
3.000000000
  0
SPLINE
  5
E0F
330
A02
100
AcDbEntity
  8
Shape2DView001
100
AcDbSpline
210
0
220
0
230
1
 70
8
 71
3
 72
8
 73
4
 74
0
 40
0.000000000
 40
0.000000000
 40
0.000000000
 40
0.000000000
 40
1.000000000
 40
1.000000000
 40
1.000000000
 40
1.000000000
 10
51.885249000
 20
140.183210000
 30
3.000000000
 10
51.853419000
 20
140.215910000
 30
3.000000000
 10
51.457012000
 20
140.902280000
 30
3.000000000
 10
51.004328000
 20
141.708460000
 30
3.000000000
  0
SPLINE
  5
E10
330
A02
100
AcDbEntity
  8
Shape2DView001
100
AcDbSpline
210
0
220
0
230
1
 70
8
 71
3
 72
8
 73
4
 74
0
 40
0.000000000
 40
0.000000000
 40
0.000000000
 40
0.000000000
 40
1.000000000
 40
1.000000000
 40
1.000000000
 40
1.000000000
 10
51.004328000
 20
141.708460000
 30
3.000000000
 10
50.551650000
 20
142.514640000
 30
3.000000000
 10
50.008021000
 20
143.472880000
 30
3.000000000
 10
49.796271000
 20
143.837890000
 30
3.000000000
  0
SPLINE
  5
E11
330
A02
100
AcDbEntity
  8
Shape2DView001
100
AcDbSpline
210
0
220
0
230
1
 70
8
 71
3
 72
8
 73
4
 74
0
 40
0.000000000
 40
0.000000000
 40
0.000000000
 40
0.000000000
 40
1.000000000
 40
1.000000000
 40
1.000000000
 40
1.000000000
 10
49.796271000
 20
143.837890000
 30
3.000000000
 10
49.584515000
 20
144.202900000
 30
3.000000000
 10
49.411265000
 20
144.514490000
 30
3.000000000
 10
49.411265000
 20
144.530320000
 30
3.000000000
  0
SPLINE
  5
E12
330
A02
100
AcDbEntity
  8
Shape2DView001
100
AcDbSpline
210
0
220
0
230
1
 70
8
 71
3
 72
8
 73
4
 74
0
 40
0.000000000
 40
0.000000000
 40
0.000000000
 40
0.000000000
 40
1.000000000
 40
1.000000000
 40
1.000000000
 40
1.000000000
 10
49.411265000
 20
144.530320000
 30
3.000000000
 10
49.411265000
 20
144.546120000
 30
3.000000000
 10
49.022389000
 20
145.236540000
 30
3.000000000
 10
48.547104000
 20
146.064520000
 30
3.000000000
  0
SPLINE
  5
E13
330
A02
100
AcDbEntity
  8
Shape2DView001
100
AcDbSpline
210
0
220
0
230
1
 70
8
 71
3
 72
8
 73
4
 74
0
 40
0.000000000
 40
0.000000000
 40
0.000000000
 40
0.000000000
 40
1.000000000
 40
1.000000000
 40
1.000000000
 40
1.000000000
 10
48.547104000
 20
146.064520000
 30
3.000000000
 10
48.071814000
 20
146.892500000
 30
3.000000000
 10
47.674363000
 20
147.607990000
 30
3.000000000
 10
47.663877000
 20
147.654500000
 30
3.000000000
  0
SPLINE
  5
E14
330
A02
100
AcDbEntity
  8
Shape2DView001
100
AcDbSpline
210
0
220
0
230
1
 70
8
 71
3
 72
8
 73
4
 74
0
 40
0.000000000
 40
0.000000000
 40
0.000000000
 40
0.000000000
 40
1.000000000
 40
1.000000000
 40
1.000000000
 40
1.000000000
 10
47.663877000
 20
147.654500000
 30
3.000000000
 10
47.640817000
 20
147.756810000
 30
3.000000000
 10
48.857984000
 20
148.394890000
 30
3.000000000
 10
49.080150000
 20
148.396960000
 30
3.000000000
  0
SPLINE
  5
E15
330
A02
100
AcDbEntity
  8
Shape2DView001
100
AcDbSpline
210
0
220
0
230
1
 70
8
 71
3
 72
8
 73
4
 74
0
 40
0.000000000
 40
0.000000000
 40
0.000000000
 40
0.000000000
 40
1.000000000
 40
1.000000000
 40
1.000000000
 40
1.000000000
 10
49.080150000
 20
148.396960000
 30
3.000000000
 10
49.166760000
 20
148.397960000
 30
3.000000000
 10
49.293611000
 20
148.336560000
 30
3.000000000
 10
49.362030000
 20
148.260970000
 30
3.000000000
  0
SPLINE
  5
E16
330
A02
100
AcDbEntity
  8
Shape2DView001
100
AcDbSpline
210
0
220
0
230
1
 70
8
 71
1
 72
4
 73
2
 74
0
 40
0.000000000
 40
0.000000000
 40
0.000037736
 40
0.000037736
 10
49.362030000
 20
148.260970000
 30
3.000000000
 10
49.362062000
 20
148.260990000
 30
3.000000000
  0
SPLINE
  5
E17
330
A02
100
AcDbEntity
  8
Shape2DView001
100
AcDbSpline
210
0
220
0
230
1
 70
8
 71
3
 72
8
 73
4
 74
0
 40
0.000000000
 40
0.000000000
 40
0.000000000
 40
0.000000000
 40
1.000000000
 40
1.000000000
 40
1.000000000
 40
1.000000000
 10
69.590675000
 20
148.008940000
 30
3.000000000
 10
70.084987000
 20
147.971840000
 30
3.000000000
 10
70.497875000
 20
147.933040000
 30
3.000000000
 10
70.508208000
 20
147.922640000
 30
3.000000000
  0
SPLINE
  5
E18
330
A02
100
AcDbEntity
  8
Shape2DView001
100
AcDbSpline
210
0
220
0
230
1
 70
8
 71
3
 72
8
 73
4
 74
0
 40
0.000000000
 40
0.000000000
 40
0.000000000
 40
0.000000000
 40
1.000000000
 40
1.000000000
 40
1.000000000
 40
1.000000000
 10
70.508208000
 20
147.922640000
 30
3.000000000
 10
70.556778000
 20
147.874040000
 30
3.000000000
 10
70.625890000
 20
138.779250000
 30
3.000000000
 10
70.579568000
 20
138.532340000
 30
3.000000000
  0
SPLINE
  5
E19
330
A02
100
AcDbEntity
  8
Shape2DView001
100
AcDbSpline
210
0
220
0
230
1
 70
8
 71
1
 72
4
 73
2
 74
0
 40
0.000000000
 40
0.000000000
 40
0.286534274
 40
0.286534274
 10
70.579568000
 20
138.532340000
 30
3.000000000
 10
70.526728000
 20
138.250720000
 30
3.000000000
  0
SPLINE
  5
E1A
330
A02
100
AcDbEntity
  8
Shape2DView001
100
AcDbSpline
210
0
220
0
230
1
 70
8
 71
1
 72
4
 73
2
 74
0
 40
0.000000000
 40
0.000000000
 40
0.898611000
 40
0.898611000
 10
70.526728000
 20
138.250720000
 30
3.000000000
 10
69.628117000
 20
138.250720000
 30
3.000000000
  0
SPLINE
  5
E1B
330
A02
100
AcDbEntity
  8
Shape2DView001
100
AcDbSpline
210
0
220
0
230
1
 70
8
 71
1
 72
4
 73
2
 74
0
 40
0.000000000
 40
0.000000000
 40
0.898612000
 40
0.898612000
 10
69.628117000
 20
138.250720000
 30
3.000000000
 10
68.729505000
 20
138.250720000
 30
3.000000000
  0
SPLINE
  5
E1C
330
A02
100
AcDbEntity
  8
Shape2DView001
100
AcDbSpline
210
0
220
0
230
1
 70
8
 71
1
 72
4
 73
2
 74
0
 40
0.000000000
 40
0.000000000
 40
1.465770000
 40
1.465770000
 10
68.729505000
 20
138.250720000
 30
3.000000000
 10
68.729505000
 20
139.716490000
 30
3.000000000
  0
SPLINE
  5
E1D
330
A02
100
AcDbEntity
  8
Shape2DView001
100
AcDbSpline
210
0
220
0
230
1
 70
8
 71
3
 72
8
 73
4
 74
0
 40
0.000000000
 40
0.000000000
 40
0.000000000
 40
0.000000000
 40
1.000000000
 40
1.000000000
 40
1.000000000
 40
1.000000000
 10
68.729505000
 20
139.716490000
 30
3.000000000
 10
68.729505000
 20
140.522670000
 30
3.000000000
 10
68.711525000
 20
141.182270000
 30
3.000000000
 10
68.689545000
 20
141.182270000
 30
3.000000000
  0
SPLINE
  5
E1E
330
A02
100
AcDbEntity
  8
Shape2DView001
100
AcDbSpline
210
0
220
0
230
1
 70
8
 71
3
 72
8
 73
4
 74
0
 40
0.000000000
 40
0.000000000
 40
0.000000000
 40
0.000000000
 40
1.000000000
 40
1.000000000
 40
1.000000000
 40
1.000000000
 10
68.689545000
 20
141.182270000
 30
3.000000000
 10
68.667585000
 20
141.182270000
 30
3.000000000
 10
68.443193000
 20
141.112770000
 30
3.000000000
 10
68.190926000
 20
141.027760000
 30
3.000000000
  0
SPLINE
  5
E1F
330
A02
100
AcDbEntity
  8
Shape2DView001
100
AcDbSpline
210
0
220
0
230
1
 70
8
 71
3
 72
8
 73
4
 74
0
 40
0.000000000
 40
0.000000000
 40
0.000000000
 40
0.000000000
 40
1.000000000
 40
1.000000000
 40
1.000000000
 40
1.000000000
 10
68.190926000
 20
141.027760000
 30
3.000000000
 10
67.672256000
 20
140.853030000
 30
3.000000000
 10
66.828407000
 20
140.822060000
 30
3.000000000
 10
66.310075000
 20
140.958760000
 30
3.000000000
  0
SPLINE
  5
E20
330
A02
100
AcDbEntity
  8
Shape2DView001
100
AcDbSpline
210
0
220
0
230
1
 70
8
 71
3
 72
8
 73
4
 74
0
 40
0.000000000
 40
0.000000000
 40
0.000000000
 40
0.000000000
 40
1.000000000
 40
1.000000000
 40
1.000000000
 40
1.000000000
 10
66.310075000
 20
140.958760000
 30
3.000000000
 10
65.927702000
 20
141.059580000
 30
3.000000000
 10
65.367896000
 20
141.370950000
 30
3.000000000
 10
65.174311000
 20
141.590480000
 30
3.000000000
  0
SPLINE
  5
E21
330
A02
100
AcDbEntity
  8
Shape2DView001
100
AcDbSpline
210
0
220
0
230
1
 70
8
 71
3
 72
8
 73
4
 74
0
 40
0.000000000
 40
0.000000000
 40
0.000000000
 40
0.000000000
 40
1.000000000
 40
1.000000000
 40
1.000000000
 40
1.000000000
 10
65.174311000
 20
141.590480000
 30
3.000000000
 10
64.247715000
 20
142.641250000
 30
3.000000000
 10
64.183023000
 20
145.979170000
 30
3.000000000
 10
65.066981000
 20
147.128360000
 30
3.000000000
  0
SPLINE
  5
E22
330
A02
100
AcDbEntity
  8
Shape2DView001
100
AcDbSpline
210
0
220
0
230
1
 70
8
 71
3
 72
8
 73
4
 74
0
 40
0.000000000
 40
0.000000000
 40
0.000000000
 40
0.000000000
 40
1.000000000
 40
1.000000000
 40
1.000000000
 40
1.000000000
 10
65.066981000
 20
147.128360000
 30
3.000000000
 10
65.723749000
 20
147.982200000
 30
3.000000000
 10
66.899273000
 20
148.211030000
 30
3.000000000
 10
69.590662000
 20
148.008930000
 30
3.000000000
  0
SPLINE
  5
E23
330
A02
100
AcDbEntity
  8
Shape2DView001
100
AcDbSpline
210
0
220
0
230
1
 70
8
 71
1
 72
4
 73
2
 74
0
 40
0.000000000
 40
0.000000000
 40
0.000016401
 40
0.000016401
 10
69.590662000
 20
148.008930000
 30
3.000000000
 10
69.590675000
 20
148.008940000
 30
3.000000000
  0
SPLINE
  5
E24
330
A02
100
AcDbEntity
  8
Shape2DView001
100
AcDbSpline
210
0
220
0
230
1
 70
8
 71
3
 72
8
 73
4
 74
0
 40
0.000000000
 40
0.000000000
 40
0.000000000
 40
0.000000000
 40
1.000000000
 40
1.000000000
 40
1.000000000
 40
1.000000000
 10
67.202382000
 20
146.335170000
 30
3.000000000
 10
66.838881000
 20
146.205530000
 30
3.000000000
 10
66.649173000
 20
146.033320000
 30
3.000000000
 10
66.452885000
 20
145.654810000
 30
3.000000000
  0
SPLINE
  5
E25
330
A02
100
AcDbEntity
  8
Shape2DView001
100
AcDbSpline
210
0
220
0
230
1
 70
8
 71
3
 72
8
 73
4
 74
0
 40
0.000000000
 40
0.000000000
 40
0.000000000
 40
0.000000000
 40
1.000000000
 40
1.000000000
 40
1.000000000
 40
1.000000000
 10
66.452885000
 20
145.654810000
 30
3.000000000
 10
66.324236000
 20
145.406730000
 30
3.000000000
 10
66.297693000
 20
145.221840000
 30
3.000000000
 10
66.301125000
 20
144.597730000
 30
3.000000000
  0
SPLINE
  5
E26
330
A02
100
AcDbEntity
  8
Shape2DView001
100
AcDbSpline
210
0
220
0
230
1
 70
8
 71
3
 72
8
 73
4
 74
0
 40
0.000000000
 40
0.000000000
 40
0.000000000
 40
0.000000000
 40
1.000000000
 40
1.000000000
 40
1.000000000
 40
1.000000000
 10
66.301125000
 20
144.597730000
 30
3.000000000
 10
66.311215000
 20
142.763030000
 30
3.000000000
 10
66.880621000
 20
142.229870000
 30
3.000000000
 10
68.410049000
 20
142.623080000
 30
3.000000000
  0
SPLINE
  5
E27
330
A02
100
AcDbEntity
  8
Shape2DView001
100
AcDbSpline
210
0
220
0
230
1
 70
8
 71
1
 72
4
 73
2
 74
0
 40
0.000000000
 40
0.000000000
 40
0.329844899
 40
0.329844899
 10
68.410049000
 20
142.623080000
 30
3.000000000
 10
68.729513000
 20
142.705180000
 30
3.000000000
  0
SPLINE
  5
E28
330
A02
100
AcDbEntity
  8
Shape2DView001
100
AcDbSpline
210
0
220
0
230
1
 70
8
 71
1
 72
4
 73
2
 74
0
 40
0.000000000
 40
0.000000000
 40
1.826330000
 40
1.826330000
 10
68.729513000
 20
142.705180000
 30
3.000000000
 10
68.729513000
 20
144.531510000
 30
3.000000000
  0
SPLINE
  5
E29
330
A02
100
AcDbEntity
  8
Shape2DView001
100
AcDbSpline
210
0
220
0
230
1
 70
8
 71
3
 72
8
 73
4
 74
0
 40
0.000000000
 40
0.000000000
 40
0.000000000
 40
0.000000000
 40
1.000000000
 40
1.000000000
 40
1.000000000
 40
1.000000000
 10
68.729513000
 20
144.531510000
 30
3.000000000
 10
68.729513000
 20
146.207680000
 30
3.000000000
 10
68.718683000
 20
146.360680000
 30
3.000000000
 10
68.597969000
 20
146.392230000
 30
3.000000000
  0
SPLINE
  5
E2A
330
A02
100
AcDbEntity
  8
Shape2DView001
100
AcDbSpline
210
0
220
0
230
1
 70
8
 71
3
 72
8
 73
4
 74
0
 40
0.000000000
 40
0.000000000
 40
0.000000000
 40
0.000000000
 40
1.000000000
 40
1.000000000
 40
1.000000000
 40
1.000000000
 10
68.597969000
 20
146.392230000
 30
3.000000000
 10
68.313960000
 20
146.466430000
 30
3.000000000
 10
67.474245000
 20
146.432030000
 30
3.000000000
 10
67.202382000
 20
146.335130000
 30
3.000000000
  0
SPLINE
  5
E2B
330
A02
100
AcDbEntity
  8
Shape2DView001
100
AcDbSpline
210
0
220
0
230
1
 70
8
 71
1
 72
4
 73
2
 74
0
 40
0.000000000
 40
0.000000000
 40
0.000040000
 40
0.000040000
 10
67.202382000
 20
146.335130000
 30
3.000000000
 10
67.202382000
 20
146.335170000
 30
3.000000000
  0
SPLINE
  5
E2C
330
A02
100
AcDbEntity
  8
Shape2DView001
100
AcDbSpline
210
0
220
0
230
1
 70
8
 71
3
 72
8
 73
4
 74
0
 40
0.000000000
 40
0.000000000
 40
0.000000000
 40
0.000000000
 40
1.000000000
 40
1.000000000
 40
1.000000000
 40
1.000000000
 10
56.245613000
 20
147.981160000
 30
3.000000000
 10
57.238679000
 20
147.765780000
 30
3.000000000
 10
57.879526000
 20
147.005070000
 30
3.000000000
 10
58.097448000
 20
145.782970000
 30
3.000000000
  0
SPLINE
  5
E2D
330
A02
100
AcDbEntity
  8
Shape2DView001
100
AcDbSpline
210
0
220
0
230
1
 70
8
 71
3
 72
8
 73
4
 74
0
 40
0.000000000
 40
0.000000000
 40
0.000000000
 40
0.000000000
 40
1.000000000
 40
1.000000000
 40
1.000000000
 40
1.000000000
 10
58.097448000
 20
145.782970000
 30
3.000000000
 10
58.382142000
 20
144.186430000
 30
3.000000000
 10
58.071458000
 20
142.526320000
 30
3.000000000
 10
57.335543000
 20
141.711750000
 30
3.000000000
  0
SPLINE
  5
E2E
330
A02
100
AcDbEntity
  8
Shape2DView001
100
AcDbSpline
210
0
220
0
230
1
 70
8
 71
3
 72
8
 73
4
 74
0
 40
0.000000000
 40
0.000000000
 40
0.000000000
 40
0.000000000
 40
1.000000000
 40
1.000000000
 40
1.000000000
 40
1.000000000
 10
57.335543000
 20
141.711750000
 30
3.000000000
 10
57.067270000
 20
141.414800000
 30
3.000000000
 10
56.304771000
 20
140.956800000
 30
3.000000000
 10
56.078670000
 20
140.956800000
 30
3.000000000
  0
SPLINE
  5
E2F
330
A02
100
AcDbEntity
  8
Shape2DView001
100
AcDbSpline
210
0
220
0
230
1
 70
8
 71
3
 72
8
 73
4
 74
0
 40
0.000000000
 40
0.000000000
 40
0.000000000
 40
0.000000000
 40
1.000000000
 40
1.000000000
 40
1.000000000
 40
1.000000000
 10
56.078670000
 20
140.956800000
 30
3.000000000
 10
56.022550000
 20
140.956800000
 30
3.000000000
 10
55.895970000
 20
141.129000000
 30
3.000000000
 10
55.797396000
 20
141.339460000
 30
3.000000000
  0
SPLINE
  5
E30
330
A02
100
AcDbEntity
  8
Shape2DView001
100
AcDbSpline
210
0
220
0
230
1
 70
8
 71
3
 72
8
 73
4
 74
0
 40
0.000000000
 40
0.000000000
 40
0.000000000
 40
0.000000000
 40
1.000000000
 40
1.000000000
 40
1.000000000
 40
1.000000000
 10
55.797396000
 20
141.339460000
 30
3.000000000
 10
55.603958000
 20
141.752460000
 30
3.000000000
 10
55.355899000
 20
142.001200000
 30
3.000000000
 10
54.983725000
 20
142.155350000
 30
3.000000000
  0
SPLINE
  5
E31
330
A02
100
AcDbEntity
  8
Shape2DView001
100
AcDbSpline
210
0
220
0
230
1
 70
8
 71
3
 72
8
 73
4
 74
0
 40
0.000000000
 40
0.000000000
 40
0.000000000
 40
0.000000000
 40
1.000000000
 40
1.000000000
 40
1.000000000
 40
1.000000000
 10
54.983725000
 20
142.155350000
 30
3.000000000
 10
54.633341000
 20
142.300490000
 30
3.000000000
 10
54.697520000
 20
142.384990000
 30
3.000000000
 10
55.158123000
 20
142.384990000
 30
3.000000000
  0
SPLINE
  5
E32
330
A02
100
AcDbEntity
  8
Shape2DView001
100
AcDbSpline
210
0
220
0
230
1
 70
8
 71
3
 72
8
 73
4
 74
0
 40
0.000000000
 40
0.000000000
 40
0.000000000
 40
0.000000000
 40
1.000000000
 40
1.000000000
 40
1.000000000
 40
1.000000000
 10
55.158123000
 20
142.384990000
 30
3.000000000
 10
55.383562000
 20
142.384990000
 30
3.000000000
 10
55.654997000
 20
142.424590000
 30
3.000000000
 10
55.761316000
 20
142.473090000
 30
3.000000000
  0
SPLINE
  5
E33
330
A02
100
AcDbEntity
  8
Shape2DView001
100
AcDbSpline
210
0
220
0
230
1
 70
8
 71
3
 72
8
 73
4
 74
0
 40
0.000000000
 40
0.000000000
 40
0.000000000
 40
0.000000000
 40
1.000000000
 40
1.000000000
 40
1.000000000
 40
1.000000000
 10
55.761316000
 20
142.473090000
 30
3.000000000
 10
56.056745000
 20
142.607700000
 30
3.000000000
 10
56.267585000
 20
143.009690000
 30
3.000000000
 10
56.279159000
 20
143.460430000
 30
3.000000000
  0
SPLINE
  5
E34
330
A02
100
AcDbEntity
  8
Shape2DView001
100
AcDbSpline
210
0
220
0
230
1
 70
8
 71
1
 72
4
 73
2
 74
0
 40
0.000000000
 40
0.000000000
 40
0.390488835
 40
0.390488835
 10
56.279159000
 20
143.460430000
 30
3.000000000
 10
56.289189000
 20
143.850790000
 30
3.000000000
  0
SPLINE
  5
E35
330
A02
100
AcDbEntity
  8
Shape2DView001
100
AcDbSpline
210
0
220
0
230
1
 70
8
 71
1
 72
4
 73
2
 74
0
 40
0.000000000
 40
0.000000000
 40
1.146502883
 40
1.146502883
 10
56.289189000
 20
143.850790000
 30
3.000000000
 10
55.142873000
 20
143.871490000
 30
3.000000000
  0
SPLINE
  5
E36
330
A02
100
AcDbEntity
  8
Shape2DView001
100
AcDbSpline
210
0
220
0
230
1
 70
8
 71
1
 72
4
 73
2
 74
0
 40
0.000000000
 40
0.000000000
 40
1.146499884
 40
1.146499884
 10
55.142873000
 20
143.871490000
 30
3.000000000
 10
53.996560000
 20
143.892190000
 30
3.000000000
  0
SPLINE
  5
E37
330
A02
100
AcDbEntity
  8
Shape2DView001
100
AcDbSpline
210
0
220
0
230
1
 70
8
 71
1
 72
4
 73
2
 74
0
 40
0.000000000
 40
0.000000000
 40
0.302630000
 40
0.302630000
 10
53.996560000
 20
143.892190000
 30
3.000000000
 10
53.996560000
 20
143.589560000
 30
3.000000000
  0
SPLINE
  5
E38
330
A02
100
AcDbEntity
  8
Shape2DView001
100
AcDbSpline
210
0
220
0
230
1
 70
8
 71
3
 72
8
 73
4
 74
0
 40
0.000000000
 40
0.000000000
 40
0.000000000
 40
0.000000000
 40
1.000000000
 40
1.000000000
 40
1.000000000
 40
1.000000000
 10
53.996560000
 20
143.589560000
 30
3.000000000
 10
53.996560000
 20
143.303420000
 30
3.000000000
 10
53.984290000
 20
143.286930000
 30
3.000000000
 10
53.771056000
 20
143.286930000
 30
3.000000000
  0
SPLINE
  5
E39
330
A02
100
AcDbEntity
  8
Shape2DView001
100
AcDbSpline
210
0
220
0
230
1
 70
8
 71
3
 72
8
 73
4
 74
0
 40
0.000000000
 40
0.000000000
 40
0.000000000
 40
0.000000000
 40
1.000000000
 40
1.000000000
 40
1.000000000
 40
1.000000000
 10
53.771056000
 20
143.286930000
 30
3.000000000
 10
53.569120000
 20
143.286930000
 30
3.000000000
 10
53.544344000
 20
143.312530000
 30
3.000000000
 10
53.534000000
 20
143.531230000
 30
3.000000000
  0
SPLINE
  5
E3A
330
A02
100
AcDbEntity
  8
Shape2DView001
100
AcDbSpline
210
0
220
0
230
1
 70
8
 71
3
 72
8
 73
4
 74
0
 40
0.000000000
 40
0.000000000
 40
0.000000000
 40
0.000000000
 40
1.000000000
 40
1.000000000
 40
1.000000000
 40
1.000000000
 10
53.534000000
 20
143.531230000
 30
3.000000000
 10
53.527600000
 20
143.665590000
 30
3.000000000
 10
53.514510000
 20
143.860090000
 30
3.000000000
 10
53.504800000
 20
143.963450000
 30
3.000000000
  0
SPLINE
  5
E3B
330
A02
100
AcDbEntity
  8
Shape2DView001
100
AcDbSpline
210
0
220
0
230
1
 70
8
 71
3
 72
8
 73
4
 74
0
 40
0.000000000
 40
0.000000000
 40
0.000000000
 40
0.000000000
 40
1.000000000
 40
1.000000000
 40
1.000000000
 40
1.000000000
 10
53.504800000
 20
143.963450000
 30
3.000000000
 10
53.495100000
 20
144.066800000
 30
3.000000000
 10
53.483380000
 20
144.223170000
 30
3.000000000
 10
53.478780000
 20
144.310940000
 30
3.000000000
  0
SPLINE
  5
E3C
330
A02
100
AcDbEntity
  8
Shape2DView001
100
AcDbSpline
210
0
220
0
230
1
 70
8
 71
3
 72
8
 73
4
 74
0
 40
0.000000000
 40
0.000000000
 40
0.000000000
 40
0.000000000
 40
1.000000000
 40
1.000000000
 40
1.000000000
 40
1.000000000
 10
53.478780000
 20
144.310940000
 30
3.000000000
 10
53.471580000
 20
144.447880000
 30
3.000000000
 10
53.393090000
 20
144.485210000
 30
3.000000000
 10
52.925432000
 20
144.574030000
 30
3.000000000
  0
SPLINE
  5
E3D
330
A02
100
AcDbEntity
  8
Shape2DView001
100
AcDbSpline
210
0
220
0
230
1
 70
8
 71
1
 72
4
 73
2
 74
0
 40
0.000000000
 40
0.000000000
 40
0.554715063
 40
0.554715063
 10
52.925432000
 20
144.574030000
 30
3.000000000
 10
52.380460000
 20
144.677540000
 30
3.000000000
  0
SPLINE
  5
E3E
330
A02
100
AcDbEntity
  8
Shape2DView001
100
AcDbSpline
210
0
220
0
230
1
 70
8
 71
1
 72
4
 73
2
 74
0
 40
0.000000000
 40
0.000000000
 40
0.282843814
 40
0.282843814
 10
52.380460000
 20
144.677540000
 30
3.000000000
 10
52.357130000
 20
144.959420000
 30
3.000000000
  0
SPLINE
  5
E3F
330
A02
100
AcDbEntity
  8
Shape2DView001
100
AcDbSpline
210
0
220
0
230
1
 70
8
 71
1
 72
4
 73
2
 74
0
 40
0.000000000
 40
0.000000000
 40
0.282843814
 40
0.282843814
 10
52.357130000
 20
144.959420000
 30
3.000000000
 10
52.333800000
 20
145.241300000
 30
3.000000000
  0
SPLINE
  5
E40
330
A02
100
AcDbEntity
  8
Shape2DView001
100
AcDbSpline
210
0
220
0
230
1
 70
8
 71
1
 72
4
 73
2
 74
0
 40
0.000000000
 40
0.000000000
 40
1.961268000
 40
1.961268000
 10
52.333800000
 20
145.241300000
 30
3.000000000
 10
54.295068000
 20
145.241300000
 30
3.000000000
  0
SPLINE
  5
E41
330
A02
100
AcDbEntity
  8
Shape2DView001
100
AcDbSpline
210
0
220
0
230
1
 70
8
 71
3
 72
8
 73
4
 74
0
 40
0.000000000
 40
0.000000000
 40
0.000000000
 40
0.000000000
 40
1.000000000
 40
1.000000000
 40
1.000000000
 40
1.000000000
 10
54.295068000
 20
145.241300000
 30
3.000000000
 10
56.494580000
 20
145.241300000
 30
3.000000000
 10
56.419078000
 20
145.220200000
 30
3.000000000
 10
56.240367000
 20
145.784970000
 30
3.000000000
  0
SPLINE
  5
E42
330
A02
100
AcDbEntity
  8
Shape2DView001
100
AcDbSpline
210
0
220
0
230
1
 70
8
 71
3
 72
8
 73
4
 74
0
 40
0.000000000
 40
0.000000000
 40
0.000000000
 40
0.000000000
 40
1.000000000
 40
1.000000000
 40
1.000000000
 40
1.000000000
 10
56.240367000
 20
145.784970000
 30
3.000000000
 10
56.157557000
 20
146.046690000
 30
3.000000000
 10
56.076598000
 20
146.138070000
 30
3.000000000
 10
55.800608000
 20
146.281410000
 30
3.000000000
  0
SPLINE
  5
E43
330
A02
100
AcDbEntity
  8
Shape2DView001
100
AcDbSpline
210
0
220
0
230
1
 70
8
 71
3
 72
8
 73
4
 74
0
 40
0.000000000
 40
0.000000000
 40
0.000000000
 40
0.000000000
 40
1.000000000
 40
1.000000000
 40
1.000000000
 40
1.000000000
 10
55.800608000
 20
146.281410000
 30
3.000000000
 10
55.467950000
 20
146.454170000
 30
3.000000000
 10
55.436639000
 20
146.456280000
 30
3.000000000
 10
53.908695000
 20
146.408910000
 30
3.000000000
  0
SPLINE
  5
E44
330
A02
100
AcDbEntity
  8
Shape2DView001
100
AcDbSpline
210
0
220
0
230
1
 70
8
 71
1
 72
4
 73
2
 74
0
 40
0.000000000
 40
0.000000000
 40
1.554411485
 40
1.554411485
 10
53.908695000
 20
146.408910000
 30
3.000000000
 10
52.355031000
 20
146.360710000
 30
3.000000000
  0
SPLINE
  5
E45
330
A02
100
AcDbEntity
  8
Shape2DView001
100
AcDbSpline
210
0
220
0
230
1
 70
8
 71
1
 72
4
 73
2
 74
0
 40
0.000000000
 40
0.000000000
 40
0.574227950
 40
0.574227950
 10
52.355031000
 20
146.360710000
 30
3.000000000
 10
52.330181000
 20
146.934400000
 30
3.000000000
  0
SPLINE
  5
E46
330
A02
100
AcDbEntity
  8
Shape2DView001
100
AcDbSpline
210
0
220
0
230
1
 70
8
 71
3
 72
8
 73
4
 74
0
 40
0.000000000
 40
0.000000000
 40
0.000000000
 40
0.000000000
 40
1.000000000
 40
1.000000000
 40
1.000000000
 40
1.000000000
 10
52.330181000
 20
146.934400000
 30
3.000000000
 10
52.290391000
 20
147.852230000
 30
3.000000000
 10
52.217691000
 20
147.797790000
 30
3.000000000
 10
53.733507000
 20
147.985040000
 30
3.000000000
  0
SPLINE
  5
E47
330
A02
100
AcDbEntity
  8
Shape2DView001
100
AcDbSpline
210
0
220
0
230
1
 70
8
 71
3
 72
8
 73
4
 74
0
 40
0.000000000
 40
0.000000000
 40
0.000000000
 40
0.000000000
 40
1.000000000
 40
1.000000000
 40
1.000000000
 40
1.000000000
 10
53.733507000
 20
147.985040000
 30
3.000000000
 10
54.832759000
 20
148.120830000
 30
3.000000000
 10
55.606815000
 20
148.119600000
 30
3.000000000
 10
56.245657000
 20
147.981040000
 30
3.000000000
  0
SPLINE
  5
E48
330
A02
100
AcDbEntity
  8
Shape2DView001
100
AcDbSpline
210
0
220
0
230
1
 70
8
 71
1
 72
4
 73
2
 74
0
 40
0.000000000
 40
0.000000000
 40
0.000127812
 40
0.000127812
 10
56.245657000
 20
147.981040000
 30
3.000000000
 10
56.245613000
 20
147.981160000
 30
3.000000000
  0
SPLINE
  5
E49
330
A02
100
AcDbEntity
  8
Shape2DView001
100
AcDbSpline
210
0
220
0
230
1
 70
8
 71
3
 72
8
 73
4
 74
0
 40
0.000000000
 40
0.000000000
 40
0.000000000
 40
0.000000000
 40
1.000000000
 40
1.000000000
 40
1.000000000
 40
1.000000000
 10
46.435161000
 20
147.911660000
 30
3.000000000
 10
47.126906000
 20
147.627270000
 30
3.000000000
 10
47.617765000
 20
147.176290000
 30
3.000000000
 10
47.724484000
 20
146.727080000
 30
3.000000000
  0
SPLINE
  5
E4A
330
A02
100
AcDbEntity
  8
Shape2DView001
100
AcDbSpline
210
0
220
0
230
1
 70
8
 71
3
 72
8
 73
4
 74
0
 40
0.000000000
 40
0.000000000
 40
0.000000000
 40
0.000000000
 40
1.000000000
 40
1.000000000
 40
1.000000000
 40
1.000000000
 10
47.724484000
 20
146.727080000
 30
3.000000000
 10
47.765784000
 20
146.553200000
 30
3.000000000
 10
47.743104000
 20
146.510010000
 30
3.000000000
 10
47.577538000
 20
146.447060000
 30
3.000000000
  0
SPLINE
  5
E4B
330
A02
100
AcDbEntity
  8
Shape2DView001
100
AcDbSpline
210
0
220
0
230
1
 70
8
 71
3
 72
8
 73
4
 74
0
 40
0.000000000
 40
0.000000000
 40
0.000000000
 40
0.000000000
 40
1.000000000
 40
1.000000000
 40
1.000000000
 40
1.000000000
 10
47.577538000
 20
146.447060000
 30
3.000000000
 10
47.385341000
 20
146.373960000
 30
3.000000000
 10
47.381757000
 20
146.359360000
 30
3.000000000
 10
47.381757000
 20
145.649910000
 30
3.000000000
  0
SPLINE
  5
E4C
330
A02
100
AcDbEntity
  8
Shape2DView001
100
AcDbSpline
210
0
220
0
230
1
 70
8
 71
1
 72
4
 73
2
 74
0
 40
0.000000000
 40
0.000000000
 40
0.722700000
 40
0.722700000
 10
47.381757000
 20
145.649910000
 30
3.000000000
 10
47.381757000
 20
144.927210000
 30
3.000000000
  0
SPLINE
  5
E4D
330
A02
100
AcDbEntity
  8
Shape2DView001
100
AcDbSpline
210
0
220
0
230
1
 70
8
 71
1
 72
4
 73
2
 74
0
 40
0.000000000
 40
0.000000000
 40
0.627899235
 40
0.627899235
 10
47.381757000
 20
144.927210000
 30
3.000000000
 10
48.007491000
 20
144.979310000
 30
3.000000000
  0
SPLINE
  5
E4E
330
A02
100
AcDbEntity
  8
Shape2DView001
100
AcDbSpline
210
0
220
0
230
1
 70
8
 71
1
 72
4
 73
2
 74
0
 40
0.000000000
 40
0.000000000
 40
0.627893255
 40
0.627893255
 10
48.007491000
 20
144.979310000
 30
3.000000000
 10
48.633219000
 20
145.031410000
 30
3.000000000
  0
SPLINE
  5
E4F
330
A02
100
AcDbEntity
  8
Shape2DView001
100
AcDbSpline
210
0
220
0
230
1
 70
8
 71
1
 72
4
 73
2
 74
0
 40
0.000000000
 40
0.000000000
 40
0.614520255
 40
0.614520255
 10
48.633219000
 20
145.031410000
 30
3.000000000
 10
48.947087000
 20
144.503090000
 30
3.000000000
  0
SPLINE
  5
E50
330
A02
100
AcDbEntity
  8
Shape2DView001
100
AcDbSpline
210
0
220
0
230
1
 70
8
 71
3
 72
8
 73
4
 74
0
 40
0.000000000
 40
0.000000000
 40
0.000000000
 40
0.000000000
 40
1.000000000
 40
1.000000000
 40
1.000000000
 40
1.000000000
 10
48.947087000
 20
144.503090000
 30
3.000000000
 10
49.119715000
 20
144.212520000
 30
3.000000000
 10
49.260956000
 20
143.941100000
 30
3.000000000
 10
49.260956000
 20
143.899930000
 30
3.000000000
  0
SPLINE
  5
E51
330
A02
100
AcDbEntity
  8
Shape2DView001
100
AcDbSpline
210
0
220
0
230
1
 70
8
 71
3
 72
8
 73
4
 74
0
 40
0.000000000
 40
0.000000000
 40
0.000000000
 40
0.000000000
 40
1.000000000
 40
1.000000000
 40
1.000000000
 40
1.000000000
 10
49.260956000
 20
143.899930000
 30
3.000000000
 10
49.260956000
 20
143.811130000
 30
3.000000000
 10
49.033144000
 20
143.763100000
 30
3.000000000
 10
48.321354000
 20
143.701800000
 30
3.000000000
  0
SPLINE
  5
E52
330
A02
100
AcDbEntity
  8
Shape2DView001
100
AcDbSpline
210
0
220
0
230
1
 70
8
 71
3
 72
8
 73
4
 74
0
 40
0.000000000
 40
0.000000000
 40
0.000000000
 40
0.000000000
 40
1.000000000
 40
1.000000000
 40
1.000000000
 40
1.000000000
 10
48.321354000
 20
143.701800000
 30
3.000000000
 10
47.323325000
 20
143.615800000
 30
3.000000000
 10
47.360001000
 20
143.638600000
 30
3.000000000
 10
47.396958000
 20
143.127670000
 30
3.000000000
  0
SPLINE
  5
E53
330
A02
100
AcDbEntity
  8
Shape2DView001
100
AcDbSpline
210
0
220
0
230
1
 70
8
 71
3
 72
8
 73
4
 74
0
 40
0.000000000
 40
0.000000000
 40
0.000000000
 40
0.000000000
 40
1.000000000
 40
1.000000000
 40
1.000000000
 40
1.000000000
 10
47.396958000
 20
143.127670000
 30
3.000000000
 10
47.414608000
 20
142.883310000
 30
3.000000000
 10
47.463218000
 20
142.649250000
 30
3.000000000
 10
47.504928000
 20
142.607540000
 30
3.000000000
  0
SPLINE
  5
E54
330
A02
100
AcDbEntity
  8
Shape2DView001
100
AcDbSpline
210
0
220
0
230
1
 70
8
 71
3
 72
8
 73
4
 74
0
 40
0.000000000
 40
0.000000000
 40
0.000000000
 40
0.000000000
 40
1.000000000
 40
1.000000000
 40
1.000000000
 40
1.000000000
 10
47.504928000
 20
142.607540000
 30
3.000000000
 10
47.649926000
 20
142.462550000
 30
3.000000000
 10
48.473286000
 20
142.381590000
 30
3.000000000
 10
49.306791000
 20
142.430370000
 30
3.000000000
  0
SPLINE
  5
E55
330
A02
100
AcDbEntity
  8
Shape2DView001
100
AcDbSpline
210
0
220
0
230
1
 70
8
 71
1
 72
4
 73
2
 74
0
 40
0.000000000
 40
0.000000000
 40
0.836521481
 40
0.836521481
 10
49.306791000
 20
142.430370000
 30
3.000000000
 10
50.141882000
 20
142.479270000
 30
3.000000000
  0
SPLINE
  5
E56
330
A02
100
AcDbEntity
  8
Shape2DView001
100
AcDbSpline
210
0
220
0
230
1
 70
8
 71
1
 72
4
 73
2
 74
0
 40
0.000000000
 40
0.000000000
 40
0.662066814
 40
0.662066814
 10
50.141882000
 20
142.479270000
 30
3.000000000
 10
50.461840000
 20
141.899650000
 30
3.000000000
  0
SPLINE
  5
E57
330
A02
100
AcDbEntity
  8
Shape2DView001
100
AcDbSpline
210
0
220
0
230
1
 70
8
 71
3
 72
8
 73
4
 74
0
 40
0.000000000
 40
0.000000000
 40
0.000000000
 40
0.000000000
 40
1.000000000
 40
1.000000000
 40
1.000000000
 40
1.000000000
 10
50.461840000
 20
141.899650000
 30
3.000000000
 10
50.637824000
 20
141.580860000
 30
3.000000000
 10
50.752502000
 20
141.294570000
 30
3.000000000
 10
50.716687000
 20
141.263470000
 30
3.000000000
  0
SPLINE
  5
E58
330
A02
100
AcDbEntity
  8
Shape2DView001
100
AcDbSpline
210
0
220
0
230
1
 70
8
 71
3
 72
8
 73
4
 74
0
 40
0.000000000
 40
0.000000000
 40
0.000000000
 40
0.000000000
 40
1.000000000
 40
1.000000000
 40
1.000000000
 40
1.000000000
 10
50.716687000
 20
141.263470000
 30
3.000000000
 10
50.589894000
 20
141.153330000
 30
3.000000000
 10
49.587508000
 20
140.961090000
 30
3.000000000
 10
48.719308000
 20
140.880400000
 30
3.000000000
  0
SPLINE
  5
E59
330
A02
100
AcDbEntity
  8
Shape2DView001
100
AcDbSpline
210
0
220
0
230
1
 70
8
 71
3
 72
8
 73
4
 74
0
 40
0.000000000
 40
0.000000000
 40
0.000000000
 40
0.000000000
 40
1.000000000
 40
1.000000000
 40
1.000000000
 40
1.000000000
 10
48.719308000
 20
140.880400000
 30
3.000000000
 10
47.048801000
 20
140.725140000
 30
3.000000000
 10
46.092196000
 20
141.076650000
 30
3.000000000
 10
45.674033000
 20
141.999410000
 30
3.000000000
  0
SPLINE
  5
E5A
330
A02
100
AcDbEntity
  8
Shape2DView001
100
AcDbSpline
210
0
220
0
230
1
 70
8
 71
3
 72
8
 73
4
 74
0
 40
0.000000000
 40
0.000000000
 40
0.000000000
 40
0.000000000
 40
1.000000000
 40
1.000000000
 40
1.000000000
 40
1.000000000
 10
45.674033000
 20
141.999410000
 30
3.000000000
 10
45.572927000
 20
142.222520000
 30
3.000000000
 10
45.542623000
 20
142.646950000
 30
3.000000000
 10
45.507685000
 20
144.328960000
 30
3.000000000
  0
SPLINE
  5
E5B
330
A02
100
AcDbEntity
  8
Shape2DView001
100
AcDbSpline
210
0
220
0
230
1
 70
8
 71
1
 72
4
 73
2
 74
0
 40
0.000000000
 40
0.000000000
 40
2.057193405
 40
2.057193405
 10
45.507685000
 20
144.328960000
 30
3.000000000
 10
45.464975000
 20
146.385710000
 30
3.000000000
  0
SPLINE
  5
E5C
330
A02
100
AcDbEntity
  8
Shape2DView001
100
AcDbSpline
210
0
220
0
230
1
 70
8
 71
1
 72
4
 73
2
 74
0
 40
0.000000000
 40
0.000000000
 40
0.314781776
 40
0.314781776
 10
45.464975000
 20
146.385710000
 30
3.000000000
 10
45.223246000
 20
146.587340000
 30
3.000000000
  0
SPLINE
  5
E5D
330
A02
100
AcDbEntity
  8
Shape2DView001
100
AcDbSpline
210
0
220
0
230
1
 70
8
 71
1
 72
4
 73
2
 74
0
 40
0.000000000
 40
0.000000000
 40
0.314782544
 40
0.314782544
 10
45.223246000
 20
146.587340000
 30
3.000000000
 10
44.981516000
 20
146.788970000
 30
3.000000000
  0
SPLINE
  5
E5E
330
A02
100
AcDbEntity
  8
Shape2DView001
100
AcDbSpline
210
0
220
0
230
1
 70
8
 71
1
 72
4
 73
2
 74
0
 40
0.000000000
 40
0.000000000
 40
0.656017427
 40
0.656017427
 10
44.981516000
 20
146.788970000
 30
3.000000000
 10
45.027696000
 20
147.443360000
 30
3.000000000
  0
SPLINE
  5
E5F
330
A02
100
AcDbEntity
  8
Shape2DView001
100
AcDbSpline
210
0
220
0
230
1
 70
8
 71
1
 72
4
 73
2
 74
0
 40
0.000000000
 40
0.000000000
 40
0.656017427
 40
0.656017427
 10
45.027696000
 20
147.443360000
 30
3.000000000
 10
45.073876000
 20
148.097750000
 30
3.000000000
  0
SPLINE
  5
E60
330
A02
100
AcDbEntity
  8
Shape2DView001
100
AcDbSpline
210
0
220
0
230
1
 70
8
 71
1
 72
4
 73
2
 74
0
 40
0.000000000
 40
0.000000000
 40
0.458637361
 40
0.458637361
 10
45.073876000
 20
148.097750000
 30
3.000000000
 10
45.532509000
 20
148.095750000
 30
3.000000000
  0
SPLINE
  5
E61
330
A02
100
AcDbEntity
  8
Shape2DView001
100
AcDbSpline
210
0
220
0
230
1
 70
8
 71
3
 72
8
 73
4
 74
0
 40
0.000000000
 40
0.000000000
 40
0.000000000
 40
0.000000000
 40
1.000000000
 40
1.000000000
 40
1.000000000
 40
1.000000000
 10
45.532509000
 20
148.095750000
 30
3.000000000
 10
45.842772000
 20
148.094750000
 30
3.000000000
 10
46.134792000
 20
148.034950000
 30
3.000000000
 10
46.435165000
 20
147.911430000
 30
3.000000000
  0
SPLINE
  5
E62
330
A02
100
AcDbEntity
  8
Shape2DView001
100
AcDbSpline
210
0
220
0
230
1
 70
8
 71
1
 72
4
 73
2
 74
0
 40
0.000000000
 40
0.000000000
 40
0.000230035
 40
0.000230035
 10
46.435165000
 20
147.911430000
 30
3.000000000
 10
46.435161000
 20
147.911660000
 30
3.000000000
  0
SPLINE
  5
E63
330
A02
100
AcDbEntity
  8
Shape2DView001
100
AcDbSpline
210
0
220
0
230
1
 70
8
 71
1
 72
4
 73
2
 74
0
 40
0.000000000
 40
0.000000000
 40
4.848350000
 40
4.848350000
 10
43.698514000
 20
143.099090000
 30
3.000000000
 10
43.698514000
 20
138.250740000
 30
3.000000000
  0
SPLINE
  5
E64
330
A02
100
AcDbEntity
  8
Shape2DView001
100
AcDbSpline
210
0
220
0
230
1
 70
8
 71
1
 72
4
 73
2
 74
0
 40
0.000000000
 40
0.000000000
 40
0.902017000
 40
0.902017000
 10
43.698514000
 20
138.250740000
 30
3.000000000
 10
42.796497000
 20
138.250740000
 30
3.000000000
  0
SPLINE
  5
E65
330
A02
100
AcDbEntity
  8
Shape2DView001
100
AcDbSpline
210
0
220
0
230
1
 70
8
 71
1
 72
4
 73
2
 74
0
 40
0.000000000
 40
0.000000000
 40
0.902017000
 40
0.902017000
 10
42.796497000
 20
138.250740000
 30
3.000000000
 10
41.894480000
 20
138.250740000
 30
3.000000000
  0
SPLINE
  5
E66
330
A02
100
AcDbEntity
  8
Shape2DView001
100
AcDbSpline
210
0
220
0
230
1
 70
8
 71
1
 72
4
 73
2
 74
0
 40
0.000000000
 40
0.000000000
 40
2.743630000
 40
2.743630000
 10
41.894480000
 20
138.250740000
 30
3.000000000
 10
41.894480000
 20
140.994370000
 30
3.000000000
  0
SPLINE
  5
E67
330
A02
100
AcDbEntity
  8
Shape2DView001
100
AcDbSpline
210
0
220
0
230
1
 70
8
 71
1
 72
4
 73
2
 74
0
 40
0.000000000
 40
0.000000000
 40
2.743640000
 40
2.743640000
 10
41.894480000
 20
140.994370000
 30
3.000000000
 10
41.894480000
 20
143.738010000
 30
3.000000000
  0
SPLINE
  5
E68
330
A02
100
AcDbEntity
  8
Shape2DView001
100
AcDbSpline
210
0
220
0
230
1
 70
8
 71
1
 72
4
 73
2
 74
0
 40
0.000000000
 40
0.000000000
 40
0.220612000
 40
0.220612000
 10
41.894480000
 20
143.738010000
 30
3.000000000
 10
41.673868000
 20
143.738010000
 30
3.000000000
  0
SPLINE
  5
E69
330
A02
100
AcDbEntity
  8
Shape2DView001
100
AcDbSpline
210
0
220
0
230
1
 70
8
 71
3
 72
8
 73
4
 74
0
 40
0.000000000
 40
0.000000000
 40
0.000000000
 40
0.000000000
 40
1.000000000
 40
1.000000000
 40
1.000000000
 40
1.000000000
 10
41.673868000
 20
143.738010000
 30
3.000000000
 10
41.203071000
 20
143.738010000
 30
3.000000000
 10
41.132600000
 20
143.656810000
 30
3.000000000
 10
40.441710000
 20
142.317840000
 30
3.000000000
  0
SPLINE
  5
E6A
330
A02
100
AcDbEntity
  8
Shape2DView001
100
AcDbSpline
210
0
220
0
230
1
 70
8
 71
1
 72
4
 73
2
 74
0
 40
0.000000000
 40
0.000000000
 40
1.446970492
 40
1.446970492
 10
40.441710000
 20
142.317840000
 30
3.000000000
 10
39.778207000
 20
141.031960000
 30
3.000000000
  0
SPLINE
  5
E6B
330
A02
100
AcDbEntity
  8
Shape2DView001
100
AcDbSpline
210
0
220
0
230
1
 70
8
 71
1
 72
4
 73
2
 74
0
 40
0.000000000
 40
0.000000000
 40
1.008985000
 40
1.008985000
 10
39.778207000
 20
141.031960000
 30
3.000000000
 10
38.769222000
 20
141.031960000
 30
3.000000000
  0
SPLINE
  5
E6C
330
A02
100
AcDbEntity
  8
Shape2DView001
100
AcDbSpline
210
0
220
0
230
1
 70
8
 71
3
 72
8
 73
4
 74
0
 40
0.000000000
 40
0.000000000
 40
0.000000000
 40
0.000000000
 40
1.000000000
 40
1.000000000
 40
1.000000000
 40
1.000000000
 10
38.769222000
 20
141.031960000
 30
3.000000000
 10
38.214274000
 20
141.031960000
 30
3.000000000
 10
37.760230000
 20
141.053760000
 30
3.000000000
 10
37.760230000
 20
141.080260000
 30
3.000000000
  0
SPLINE
  5
E6D
330
A02
100
AcDbEntity
  8
Shape2DView001
100
AcDbSpline
210
0
220
0
230
1
 70
8
 71
3
 72
8
 73
4
 74
0
 40
0.000000000
 40
0.000000000
 40
0.000000000
 40
0.000000000
 40
1.000000000
 40
1.000000000
 40
1.000000000
 40
1.000000000
 10
37.760230000
 20
141.080260000
 30
3.000000000
 10
37.760230000
 20
141.141360000
 30
3.000000000
 10
38.898591000
 20
143.254190000
 30
3.000000000
 10
39.244247000
 20
143.834600000
 30
3.000000000
  0
SPLINE
  5
E6E
330
A02
100
AcDbEntity
  8
Shape2DView001
100
AcDbSpline
210
0
220
0
230
1
 70
8
 71
1
 72
4
 73
2
 74
0
 40
0.000000000
 40
0.000000000
 40
0.506177226
 40
0.506177226
 10
39.244247000
 20
143.834600000
 30
3.000000000
 10
39.503240000
 20
144.269500000
 30
3.000000000
  0
SPLINE
  5
E6F
330
A02
100
AcDbEntity
  8
Shape2DView001
100
AcDbSpline
210
0
220
0
230
1
 70
8
 71
1
 72
4
 73
2
 74
0
 40
0.000000000
 40
0.000000000
 40
0.604631223
 40
0.604631223
 10
39.503240000
 20
144.269500000
 30
3.000000000
 10
39.235824000
 20
144.811780000
 30
3.000000000
  0
SPLINE
  5
E70
330
A02
100
AcDbEntity
  8
Shape2DView001
100
AcDbSpline
210
0
220
0
230
1
 70
8
 71
3
 72
8
 73
4
 74
0
 40
0.000000000
 40
0.000000000
 40
0.000000000
 40
0.000000000
 40
1.000000000
 40
1.000000000
 40
1.000000000
 40
1.000000000
 10
39.235824000
 20
144.811780000
 30
3.000000000
 10
39.088742000
 20
145.110040000
 30
3.000000000
 10
38.680908000
 20
145.895280000
 30
3.000000000
 10
38.329525000
 20
146.556760000
 30
3.000000000
  0
SPLINE
  5
E71
330
A02
100
AcDbEntity
  8
Shape2DView001
100
AcDbSpline
210
0
220
0
230
1
 70
8
 71
3
 72
8
 73
4
 74
0
 40
0.000000000
 40
0.000000000
 40
0.000000000
 40
0.000000000
 40
1.000000000
 40
1.000000000
 40
1.000000000
 40
1.000000000
 10
38.329525000
 20
146.556760000
 30
3.000000000
 10
37.978150000
 20
147.218240000
 30
3.000000000
 10
37.689400000
 20
147.801730000
 30
3.000000000
 10
37.687860000
 20
147.853410000
 30
3.000000000
  0
SPLINE
  5
E72
330
A02
100
AcDbEntity
  8
Shape2DView001
100
AcDbSpline
210
0
220
0
230
1
 70
8
 71
3
 72
8
 73
4
 74
0
 40
0.000000000
 40
0.000000000
 40
0.000000000
 40
0.000000000
 40
1.000000000
 40
1.000000000
 40
1.000000000
 40
1.000000000
 10
37.687860000
 20
147.853410000
 30
3.000000000
 10
37.685860000
 20
147.924010000
 30
3.000000000
 10
37.933140000
 20
147.947410000
 30
3.000000000
 10
38.682332000
 20
147.947410000
 30
3.000000000
  0
SPLINE
  5
E73
330
A02
100
AcDbEntity
  8
Shape2DView001
100
AcDbSpline
210
0
220
0
230
1
 70
8
 71
1
 72
4
 73
2
 74
0
 40
0.000000000
 40
0.000000000
 40
0.997270000
 40
0.997270000
 10
38.682332000
 20
147.947410000
 30
3.000000000
 10
39.679602000
 20
147.947410000
 30
3.000000000
  0
SPLINE
  5
E74
330
A02
100
AcDbEntity
  8
Shape2DView001
100
AcDbSpline
210
0
220
0
230
1
 70
8
 71
1
 72
4
 73
2
 74
0
 40
0.000000000
 40
0.000000000
 40
1.472995053
 40
1.472995053
 10
39.679602000
 20
147.947410000
 30
3.000000000
 10
40.348697000
 20
146.635150000
 30
3.000000000
  0
SPLINE
  5
E75
330
A02
100
AcDbEntity
  8
Shape2DView001
100
AcDbSpline
210
0
220
0
230
1
 70
8
 71
3
 72
8
 73
4
 74
0
 40
0.000000000
 40
0.000000000
 40
0.000000000
 40
0.000000000
 40
1.000000000
 40
1.000000000
 40
1.000000000
 40
1.000000000
 10
40.348697000
 20
146.635150000
 30
3.000000000
 10
40.716700000
 20
145.913400000
 30
3.000000000
 10
41.057738000
 20
145.307560000
 30
3.000000000
 10
41.106567000
 20
145.288820000
 30
3.000000000
  0
SPLINE
  5
E76
330
A02
100
AcDbEntity
  8
Shape2DView001
100
AcDbSpline
210
0
220
0
230
1
 70
8
 71
3
 72
8
 73
4
 74
0
 40
0.000000000
 40
0.000000000
 40
0.000000000
 40
0.000000000
 40
1.000000000
 40
1.000000000
 40
1.000000000
 40
1.000000000
 10
41.106567000
 20
145.288820000
 30
3.000000000
 10
41.155397000
 20
145.270120000
 30
3.000000000
 10
41.352648000
 20
145.288280000
 30
3.000000000
 10
41.544910000
 20
145.329320000
 30
3.000000000
  0
SPLINE
  5
E77
330
A02
100
AcDbEntity
  8
Shape2DView001
100
AcDbSpline
210
0
220
0
230
1
 70
8
 71
1
 72
4
 73
2
 74
0
 40
0.000000000
 40
0.000000000
 40
0.357441387
 40
0.357441387
 10
41.544910000
 20
145.329320000
 30
3.000000000
 10
41.894480000
 20
145.403920000
 30
3.000000000
  0
SPLINE
  5
E78
330
A02
100
AcDbEntity
  8
Shape2DView001
100
AcDbSpline
210
0
220
0
230
1
 70
8
 71
1
 72
4
 73
2
 74
0
 40
0.000000000
 40
0.000000000
 40
1.271770000
 40
1.271770000
 10
41.894480000
 20
145.403920000
 30
3.000000000
 10
41.894480000
 20
146.675690000
 30
3.000000000
  0
SPLINE
  5
E79
330
A02
100
AcDbEntity
  8
Shape2DView001
100
AcDbSpline
210
0
220
0
230
1
 70
8
 71
1
 72
4
 73
2
 74
0
 40
0.000000000
 40
0.000000000
 40
1.271780000
 40
1.271780000
 10
41.894480000
 20
146.675690000
 30
3.000000000
 10
41.894480000
 20
147.947470000
 30
3.000000000
  0
SPLINE
  5
E7A
330
A02
100
AcDbEntity
  8
Shape2DView001
100
AcDbSpline
210
0
220
0
230
1
 70
8
 71
1
 72
4
 73
2
 74
0
 40
0.000000000
 40
0.000000000
 40
0.902017000
 40
0.902017000
 10
41.894480000
 20
147.947470000
 30
3.000000000
 10
42.796497000
 20
147.947470000
 30
3.000000000
  0
SPLINE
  5
E7B
330
A02
100
AcDbEntity
  8
Shape2DView001
100
AcDbSpline
210
0
220
0
230
1
 70
8
 71
1
 72
4
 73
2
 74
0
 40
0.000000000
 40
0.000000000
 40
0.902017000
 40
0.902017000
 10
42.796497000
 20
147.947470000
 30
3.000000000
 10
43.698514000
 20
147.947470000
 30
3.000000000
  0
SPLINE
  5
E7C
330
A02
100
AcDbEntity
  8
Shape2DView001
100
AcDbSpline
210
0
220
0
230
1
 70
8
 71
1
 72
4
 73
2
 74
0
 40
0.000000000
 40
0.000000000
 40
4.848380000
 40
4.848380000
 10
43.698514000
 20
147.947470000
 30
3.000000000
 10
43.698514000
 20
143.099090000
 30
3.000000000
  0
SPLINE
  5
E7D
330
A02
100
AcDbEntity
  8
Shape2DView001
100
AcDbSpline
210
0
220
0
230
1
 70
8
 71
1
 72
4
 73
2
 74
0
 40
0.000000000
 40
0.000000000
 40
1.094560000
 40
1.094560000
 10
36.557540000
 20
146.782320000
 30
3.000000000
 10
36.557540000
 20
145.687760000
 30
3.000000000
  0
SPLINE
  5
E7E
330
A02
100
AcDbEntity
  8
Shape2DView001
100
AcDbSpline
210
0
220
0
230
1
 70
8
 71
1
 72
4
 73
2
 74
0
 40
0.000000000
 40
0.000000000
 40
0.921051717
 40
0.921051717
 10
36.557540000
 20
145.687760000
 30
3.000000000
 10
35.636730000
 20
145.708860000
 30
3.000000000
  0
SPLINE
  5
E7F
330
A02
100
AcDbEntity
  8
Shape2DView001
100
AcDbSpline
210
0
220
0
230
1
 70
8
 71
1
 72
4
 73
2
 74
0
 40
0.000000000
 40
0.000000000
 40
0.921051717
 40
0.921051717
 10
35.636730000
 20
145.708860000
 30
3.000000000
 10
34.715920000
 20
145.729960000
 30
3.000000000
  0
SPLINE
  5
E80
330
A02
100
AcDbEntity
  8
Shape2DView001
100
AcDbSpline
210
0
220
0
230
1
 70
8
 71
1
 72
4
 73
2
 74
0
 40
0.000000000
 40
0.000000000
 40
1.052350000
 40
1.052350000
 10
34.715920000
 20
145.729960000
 30
3.000000000
 10
34.715920000
 20
146.782310000
 30
3.000000000
  0
SPLINE
  5
E81
330
A02
100
AcDbEntity
  8
Shape2DView001
100
AcDbSpline
210
0
220
0
230
1
 70
8
 71
1
 72
4
 73
2
 74
0
 40
0.000000000
 40
0.000000000
 40
1.052360000
 40
1.052360000
 10
34.715920000
 20
146.782310000
 30
3.000000000
 10
34.715920000
 20
147.834670000
 30
3.000000000
  0
SPLINE
  5
E82
330
A02
100
AcDbEntity
  8
Shape2DView001
100
AcDbSpline
210
0
220
0
230
1
 70
8
 71
1
 72
4
 73
2
 74
0
 40
0.000000000
 40
0.000000000
 40
0.921051717
 40
0.921051717
 10
34.715920000
 20
147.834670000
 30
3.000000000
 10
35.636730000
 20
147.855770000
 30
3.000000000
  0
SPLINE
  5
E83
330
A02
100
AcDbEntity
  8
Shape2DView001
100
AcDbSpline
210
0
220
0
230
1
 70
8
 71
1
 72
4
 73
2
 74
0
 40
0.000000000
 40
0.000000000
 40
0.921051717
 40
0.921051717
 10
35.636730000
 20
147.855770000
 30
3.000000000
 10
36.557540000
 20
147.876870000
 30
3.000000000
  0
SPLINE
  5
E84
330
A02
100
AcDbEntity
  8
Shape2DView001
100
AcDbSpline
210
0
220
0
230
1
 70
8
 71
1
 72
4
 73
2
 74
0
 40
0.000000000
 40
0.000000000
 40
1.094550000
 40
1.094550000
 10
36.557540000
 20
147.876870000
 30
3.000000000
 10
36.557540000
 20
146.782320000
 30
3.000000000
  0
SPLINE
  5
E85
330
A02
100
AcDbEntity
  8
Shape2DView001
100
AcDbSpline
210
0
220
0
230
1
 70
8
 71
1
 72
4
 73
2
 74
0
 40
0.000000000
 40
0.000000000
 40
2.912836550
 40
2.912836550
 10
62.998824000
 20
143.982310000
 30
3.000000000
 10
62.979134000
 20
141.069540000
 30
3.000000000
  0
SPLINE
  5
E86
330
A02
100
AcDbEntity
  8
Shape2DView001
100
AcDbSpline
210
0
220
0
230
1
 70
8
 71
1
 72
4
 73
2
 74
0
 40
0.000000000
 40
0.000000000
 40
0.883479395
 40
0.883479395
 10
62.979134000
 20
141.069540000
 30
3.000000000
 10
62.095909000
 20
141.048340000
 30
3.000000000
  0
SPLINE
  5
E87
330
A02
100
AcDbEntity
  8
Shape2DView001
100
AcDbSpline
210
0
220
0
230
1
 70
8
 71
1
 72
4
 73
2
 74
0
 40
0.000000000
 40
0.000000000
 40
0.883481394
 40
0.883481394
 10
62.095909000
 20
141.048340000
 30
3.000000000
 10
61.212682000
 20
141.027140000
 30
3.000000000
  0
SPLINE
  5
E88
330
A02
100
AcDbEntity
  8
Shape2DView001
100
AcDbSpline
210
0
220
0
230
1
 70
8
 71
1
 72
4
 73
2
 74
0
 40
0.000000000
 40
0.000000000
 40
0.340640000
 40
0.340640000
 10
61.212682000
 20
141.027140000
 30
3.000000000
 10
61.212682000
 20
141.367780000
 30
3.000000000
  0
SPLINE
  5
E89
330
A02
100
AcDbEntity
  8
Shape2DView001
100
AcDbSpline
210
0
220
0
230
1
 70
8
 71
3
 72
8
 73
4
 74
0
 40
0.000000000
 40
0.000000000
 40
0.000000000
 40
0.000000000
 40
1.000000000
 40
1.000000000
 40
1.000000000
 40
1.000000000
 10
61.212682000
 20
141.367780000
 30
3.000000000
 10
61.212682000
 20
141.750850000
 30
3.000000000
 10
61.174672000
 20
141.769630000
 30
3.000000000
 10
60.821351000
 20
141.561160000
 30
3.000000000
  0
SPLINE
  5
E8A
330
A02
100
AcDbEntity
  8
Shape2DView001
100
AcDbSpline
210
0
220
0
230
1
 70
8
 71
3
 72
8
 73
4
 74
0
 40
0.000000000
 40
0.000000000
 40
0.000000000
 40
0.000000000
 40
1.000000000
 40
1.000000000
 40
1.000000000
 40
1.000000000
 10
60.821351000
 20
141.561160000
 30
3.000000000
 10
60.465140000
 20
141.350990000
 30
3.000000000
 10
59.522689000
 20
140.970850000
 30
3.000000000
 10
59.214529000
 20
140.913040000
 30
3.000000000
  0
SPLINE
  5
E8B
330
A02
100
AcDbEntity
  8
Shape2DView001
100
AcDbSpline
210
0
220
0
230
1
 70
8
 71
1
 72
4
 73
2
 74
0
 40
0.000000000
 40
0.000000000
 40
0.266226906
 40
0.266226906
 10
59.214529000
 20
140.913040000
 30
3.000000000
 10
58.952869000
 20
140.863940000
 30
3.000000000
  0
SPLINE
  5
E8C
330
A02
100
AcDbEntity
  8
Shape2DView001
100
AcDbSpline
210
0
220
0
230
1
 70
8
 71
1
 72
4
 73
2
 74
0
 40
0.000000000
 40
0.000000000
 40
0.923282736
 40
0.923282736
 10
58.952869000
 20
140.863940000
 30
3.000000000
 10
58.974039000
 20
141.786980000
 30
3.000000000
  0
SPLINE
  5
E8D
330
A02
100
AcDbEntity
  8
Shape2DView001
100
AcDbSpline
210
0
220
0
230
1
 70
8
 71
1
 72
4
 73
2
 74
0
 40
0.000000000
 40
0.000000000
 40
0.923292733
 40
0.923292733
 10
58.974039000
 20
141.786980000
 30
3.000000000
 10
58.995209000
 20
142.710030000
 30
3.000000000
  0
SPLINE
  5
E8E
330
A02
100
AcDbEntity
  8
Shape2DView001
100
AcDbSpline
210
0
220
0
230
1
 70
8
 71
1
 72
4
 73
2
 74
0
 40
0.000000000
 40
0.000000000
 40
0.967839369
 40
0.967839369
 10
58.995209000
 20
142.710030000
 30
3.000000000
 10
59.934811000
 20
142.942110000
 30
3.000000000
  0
SPLINE
  5
E8F
330
A02
100
AcDbEntity
  8
Shape2DView001
100
AcDbSpline
210
0
220
0
230
1
 70
8
 71
3
 72
8
 73
4
 74
0
 40
0.000000000
 40
0.000000000
 40
0.000000000
 40
0.000000000
 40
1.000000000
 40
1.000000000
 40
1.000000000
 40
1.000000000
 10
59.934811000
 20
142.942110000
 30
3.000000000
 10
61.352840000
 20
143.292360000
 30
3.000000000
 10
61.212671000
 20
143.052240000
 30
3.000000000
 10
61.212671000
 20
145.131210000
 30
3.000000000
  0
SPLINE
  5
E90
330
A02
100
AcDbEntity
  8
Shape2DView001
100
AcDbSpline
210
0
220
0
230
1
 70
8
 71
1
 72
4
 73
2
 74
0
 40
0.000000000
 40
0.000000000
 40
1.763810000
 40
1.763810000
 10
61.212671000
 20
145.131210000
 30
3.000000000
 10
61.212671000
 20
146.895020000
 30
3.000000000
  0
SPLINE
  5
E91
330
A02
100
AcDbEntity
  8
Shape2DView001
100
AcDbSpline
210
0
220
0
230
1
 70
8
 71
1
 72
4
 73
2
 74
0
 40
0.000000000
 40
0.000000000
 40
0.902898000
 40
0.902898000
 10
61.212671000
 20
146.895020000
 30
3.000000000
 10
62.115569000
 20
146.895020000
 30
3.000000000
  0
SPLINE
  5
E92
330
A02
100
AcDbEntity
  8
Shape2DView001
100
AcDbSpline
210
0
220
0
230
1
 70
8
 71
1
 72
4
 73
2
 74
0
 40
0.000000000
 40
0.000000000
 40
0.902899000
 40
0.902899000
 10
62.115569000
 20
146.895020000
 30
3.000000000
 10
63.018468000
 20
146.895020000
 30
3.000000000
  0
SPLINE
  5
E93
330
A02
100
AcDbEntity
  8
Shape2DView001
100
AcDbSpline
210
0
220
0
230
1
 70
8
 71
1
 72
4
 73
2
 74
0
 40
0.000000000
 40
0.000000000
 40
2.912776241
 40
2.912776241
 10
63.018468000
 20
146.895020000
 30
3.000000000
 10
62.998824000
 20
143.982310000
 30
3.000000000
  0
SPLINE
  5
E94
330
A02
100
AcDbEntity
  8
Shape2DView001
100
AcDbSpline
210
0
220
0
230
1
 70
8
 71
3
 72
8
 73
4
 74
0
 40
0.000000000
 40
0.000000000
 40
0.000000000
 40
0.000000000
 40
1.000000000
 40
1.000000000
 40
1.000000000
 40
1.000000000
 10
54.910237000
 20
140.920310000
 30
3.000000000
 10
55.061352000
 20
140.864710000
 30
3.000000000
 10
55.266518000
 20
140.765840000
 30
3.000000000
 10
55.366158000
 20
140.700550000
 30
3.000000000
  0
SPLINE
  5
E95
330
A02
100
AcDbEntity
  8
Shape2DView001
100
AcDbSpline
210
0
220
0
230
1
 70
8
 71
3
 72
8
 73
4
 74
0
 40
0.000000000
 40
0.000000000
 40
0.000000000
 40
0.000000000
 40
1.000000000
 40
1.000000000
 40
1.000000000
 40
1.000000000
 10
55.366158000
 20
140.700550000
 30
3.000000000
 10
55.522390000
 20
140.598180000
 30
3.000000000
 10
57.153617000
 20
138.265410000
 30
3.000000000
 10
57.153617000
 20
138.144350000
 30
3.000000000
  0
SPLINE
  5
E96
330
A02
100
AcDbEntity
  8
Shape2DView001
100
AcDbSpline
210
0
220
0
230
1
 70
8
 71
3
 72
8
 73
4
 74
0
 40
0.000000000
 40
0.000000000
 40
0.000000000
 40
0.000000000
 40
1.000000000
 40
1.000000000
 40
1.000000000
 40
1.000000000
 10
57.153617000
 20
138.144350000
 30
3.000000000
 10
57.153617000
 20
138.120150000
 30
3.000000000
 10
57.021135000
 20
138.100350000
 30
3.000000000
 10
56.859215000
 20
138.100350000
 30
3.000000000
  0
SPLINE
  5
E97
330
A02
100
AcDbEntity
  8
Shape2DView001
100
AcDbSpline
210
0
220
0
230
1
 70
8
 71
3
 72
8
 73
4
 74
0
 40
0.000000000
 40
0.000000000
 40
0.000000000
 40
0.000000000
 40
1.000000000
 40
1.000000000
 40
1.000000000
 40
1.000000000
 10
56.859215000
 20
138.100350000
 30
3.000000000
 10
56.631892000
 20
138.100350000
 30
3.000000000
 10
56.375926000
 20
137.988910000
 30
3.000000000
 10
55.735815000
 20
137.611260000
 30
3.000000000
  0
SPLINE
  5
E98
330
A02
100
AcDbEntity
  8
Shape2DView001
100
AcDbSpline
210
0
220
0
230
1
 70
8
 71
3
 72
8
 73
4
 74
0
 40
0.000000000
 40
0.000000000
 40
0.000000000
 40
0.000000000
 40
1.000000000
 40
1.000000000
 40
1.000000000
 40
1.000000000
 10
55.735815000
 20
137.611260000
 30
3.000000000
 10
55.279865000
 20
137.342250000
 30
3.000000000
 10
54.879591000
 20
137.080100000
 30
3.000000000
 10
54.846317000
 20
137.028700000
 30
3.000000000
  0
SPLINE
  5
E99
330
A02
100
AcDbEntity
  8
Shape2DView001
100
AcDbSpline
210
0
220
0
230
1
 70
8
 71
3
 72
8
 73
4
 74
0
 40
0.000000000
 40
0.000000000
 40
0.000000000
 40
0.000000000
 40
1.000000000
 40
1.000000000
 40
1.000000000
 40
1.000000000
 10
54.846317000
 20
137.028700000
 30
3.000000000
 10
54.813037000
 20
136.977300000
 30
3.000000000
 10
54.751997000
 20
136.799940000
 30
3.000000000
 10
54.710650000
 20
136.634570000
 30
3.000000000
  0
SPLINE
  5
E9A
330
A02
100
AcDbEntity
  8
Shape2DView001
100
AcDbSpline
210
0
220
0
230
1
 70
8
 71
3
 72
8
 73
4
 74
0
 40
0.000000000
 40
0.000000000
 40
0.000000000
 40
0.000000000
 40
1.000000000
 40
1.000000000
 40
1.000000000
 40
1.000000000
 10
54.710650000
 20
136.634570000
 30
3.000000000
 10
54.644310000
 20
136.369190000
 30
3.000000000
 10
54.609602000
 20
136.333900000
 30
3.000000000
 10
54.414931000
 20
136.333900000
 30
3.000000000
  0
SPLINE
  5
E9B
330
A02
100
AcDbEntity
  8
Shape2DView001
100
AcDbSpline
210
0
220
0
230
1
 70
8
 71
3
 72
8
 73
4
 74
0
 40
0.000000000
 40
0.000000000
 40
0.000000000
 40
0.000000000
 40
1.000000000
 40
1.000000000
 40
1.000000000
 40
1.000000000
 10
54.414931000
 20
136.333900000
 30
3.000000000
 10
54.214691000
 20
136.333900000
 30
3.000000000
 10
54.148246000
 20
136.410100000
 30
3.000000000
 10
53.693546000
 20
137.160750000
 30
3.000000000
  0
SPLINE
  5
E9C
330
A02
100
AcDbEntity
  8
Shape2DView001
100
AcDbSpline
210
0
220
0
230
1
 70
8
 71
3
 72
8
 73
4
 74
0
 40
0.000000000
 40
0.000000000
 40
0.000000000
 40
0.000000000
 40
1.000000000
 40
1.000000000
 40
1.000000000
 40
1.000000000
 10
53.693546000
 20
137.160750000
 30
3.000000000
 10
52.646306000
 20
138.889700000
 30
3.000000000
 10
52.029206000
 20
140.000510000
 30
3.000000000
 10
52.090919000
 20
140.045570000
 30
3.000000000
  0
SPLINE
  5
E9D
330
A02
100
AcDbEntity
  8
Shape2DView001
100
AcDbSpline
210
0
220
0
230
1
 70
8
 71
3
 72
8
 73
4
 74
0
 40
0.000000000
 40
0.000000000
 40
0.000000000
 40
0.000000000
 40
1.000000000
 40
1.000000000
 40
1.000000000
 40
1.000000000
 10
52.090919000
 20
140.045570000
 30
3.000000000
 10
52.479828000
 20
140.329530000
 30
3.000000000
 10
53.273732000
 20
140.804180000
 30
3.000000000
 10
53.528274000
 20
140.904900000
 30
3.000000000
  0
SPLINE
  5
E9E
330
A02
100
AcDbEntity
  8
Shape2DView001
100
AcDbSpline
210
0
220
0
230
1
 70
8
 71
3
 72
8
 73
4
 74
0
 40
0.000000000
 40
0.000000000
 40
0.000000000
 40
0.000000000
 40
1.000000000
 40
1.000000000
 40
1.000000000
 40
1.000000000
 10
53.528274000
 20
140.904900000
 30
3.000000000
 10
53.907465000
 20
141.054940000
 30
3.000000000
 10
54.525375000
 20
141.061810000
 30
3.000000000
 10
54.910237000
 20
140.920300000
 30
3.000000000
  0
SPLINE
  5
E9F
330
A02
100
AcDbEntity
  8
Shape2DView001
100
AcDbSpline
210
0
220
0
230
1
 70
8
 71
1
 72
4
 73
2
 74
0
 40
0.000000000
 40
0.000000000
 40
0.000010000
 40
0.000010000
 10
54.910237000
 20
140.920300000
 30
3.000000000
 10
54.910237000
 20
140.920310000
 30
3.000000000
  0
SPLINE
  5
EA0
330
A02
100
AcDbEntity
  8
Shape2DView001
100
AcDbSpline
210
0
220
0
230
1
 70
8
 71
3
 72
8
 73
4
 74
0
 40
0.000000000
 40
0.000000000
 40
0.000000000
 40
0.000000000
 40
1.000000000
 40
1.000000000
 40
1.000000000
 40
1.000000000
 10
53.268564000
 20
140.573630000
 30
3.000000000
 10
52.364928000
 20
140.097720000
 30
3.000000000
 10
52.250955000
 20
140.002140000
 30
3.000000000
 10
52.352521000
 20
139.805410000
 30
3.000000000
  0
SPLINE
  5
EA1
330
A02
100
AcDbEntity
  8
Shape2DView001
100
AcDbSpline
210
0
220
0
230
1
 70
8
 71
3
 72
8
 73
4
 74
0
 40
0.000000000
 40
0.000000000
 40
0.000000000
 40
0.000000000
 40
1.000000000
 40
1.000000000
 40
1.000000000
 40
1.000000000
 10
52.352521000
 20
139.805410000
 30
3.000000000
 10
52.707022000
 20
139.118750000
 30
3.000000000
 10
54.350440000
 20
136.446700000
 30
3.000000000
 10
54.418266000
 20
136.446700000
 30
3.000000000
  0
SPLINE
  5
EA2
330
A02
100
AcDbEntity
  8
Shape2DView001
100
AcDbSpline
210
0
220
0
230
1
 70
8
 71
3
 72
8
 73
4
 74
0
 40
0.000000000
 40
0.000000000
 40
0.000000000
 40
0.000000000
 40
1.000000000
 40
1.000000000
 40
1.000000000
 40
1.000000000
 10
54.418266000
 20
136.446700000
 30
3.000000000
 10
54.465156000
 20
136.446700000
 30
3.000000000
 10
54.524028000
 20
136.574980000
 30
3.000000000
 10
54.549100000
 20
136.731770000
 30
3.000000000
  0
SPLINE
  5
EA3
330
A02
100
AcDbEntity
  8
Shape2DView001
100
AcDbSpline
210
0
220
0
230
1
 70
8
 71
3
 72
8
 73
4
 74
0
 40
0.000000000
 40
0.000000000
 40
0.000000000
 40
0.000000000
 40
1.000000000
 40
1.000000000
 40
1.000000000
 40
1.000000000
 10
54.549100000
 20
136.731770000
 30
3.000000000
 10
54.577050000
 20
136.906610000
 30
3.000000000
 10
54.675235000
 20
137.090270000
 30
3.000000000
 10
54.803003000
 20
137.206740000
 30
3.000000000
  0
SPLINE
  5
EA4
330
A02
100
AcDbEntity
  8
Shape2DView001
100
AcDbSpline
210
0
220
0
230
1
 70
8
 71
3
 72
8
 73
4
 74
0
 40
0.000000000
 40
0.000000000
 40
0.000000000
 40
0.000000000
 40
1.000000000
 40
1.000000000
 40
1.000000000
 40
1.000000000
 10
54.803003000
 20
137.206740000
 30
3.000000000
 10
55.110579000
 20
137.487110000
 30
3.000000000
 10
56.440815000
 20
138.250740000
 30
3.000000000
 10
56.621650000
 20
138.250740000
 30
3.000000000
  0
SPLINE
  5
EA5
330
A02
100
AcDbEntity
  8
Shape2DView001
100
AcDbSpline
210
0
220
0
230
1
 70
8
 71
3
 72
8
 73
4
 74
0
 40
0.000000000
 40
0.000000000
 40
0.000000000
 40
0.000000000
 40
1.000000000
 40
1.000000000
 40
1.000000000
 40
1.000000000
 10
56.621650000
 20
138.250740000
 30
3.000000000
 10
56.707520000
 20
138.250740000
 30
3.000000000
 10
56.777775000
 20
138.294340000
 30
3.000000000
 10
56.777775000
 20
138.347640000
 30
3.000000000
  0
SPLINE
  5
EA6
330
A02
100
AcDbEntity
  8
Shape2DView001
100
AcDbSpline
210
0
220
0
230
1
 70
8
 71
3
 72
8
 73
4
 74
0
 40
0.000000000
 40
0.000000000
 40
0.000000000
 40
0.000000000
 40
1.000000000
 40
1.000000000
 40
1.000000000
 40
1.000000000
 10
56.777775000
 20
138.347640000
 30
3.000000000
 10
56.777775000
 20
138.518940000
 30
3.000000000
 10
55.421563000
 20
140.456760000
 30
3.000000000
 10
55.212843000
 20
140.583690000
 30
3.000000000
  0
SPLINE
  5
EA7
330
A02
100
AcDbEntity
  8
Shape2DView001
100
AcDbSpline
210
0
220
0
230
1
 70
8
 71
3
 72
8
 73
4
 74
0
 40
0.000000000
 40
0.000000000
 40
0.000000000
 40
0.000000000
 40
1.000000000
 40
1.000000000
 40
1.000000000
 40
1.000000000
 10
55.212843000
 20
140.583690000
 30
3.000000000
 10
54.557924000
 20
140.981970000
 30
3.000000000
 10
54.038768000
 20
140.979290000
 30
3.000000000
 10
53.268564000
 20
140.573690000
 30
3.000000000
  0
SPLINE
  5
EA8
330
A02
100
AcDbEntity
  8
Shape2DView001
100
AcDbSpline
210
0
220
0
230
1
 70
8
 71
1
 72
4
 73
2
 74
0
 40
0.000000000
 40
0.000000000
 40
0.000060000
 40
0.000060000
 10
53.268564000
 20
140.573690000
 30
3.000000000
 10
53.268564000
 20
140.573630000
 30
3.000000000
  0
SPLINE
  5
EA9
330
A02
100
AcDbEntity
  8
Shape2DView001
100
AcDbSpline
210
0
220
0
230
1
 70
8
 71
3
 72
8
 73
4
 74
0
 40
0.000000000
 40
0.000000000
 40
0.000000000
 40
0.000000000
 40
1.000000000
 40
1.000000000
 40
1.000000000
 40
1.000000000
 10
54.128098000
 20
140.681500000
 30
3.000000000
 10
54.260005000
 20
140.628300000
 30
3.000000000
 10
54.245368000
 20
140.242860000
 30
3.000000000
 10
54.107068000
 20
140.128090000
 30
3.000000000
  0
SPLINE
  5
EAA
330
A02
100
AcDbEntity
  8
Shape2DView001
100
AcDbSpline
210
0
220
0
230
1
 70
8
 71
3
 72
8
 73
4
 74
0
 40
0.000000000
 40
0.000000000
 40
0.000000000
 40
0.000000000
 40
1.000000000
 40
1.000000000
 40
1.000000000
 40
1.000000000
 10
54.107068000
 20
140.128090000
 30
3.000000000
 10
53.937130000
 20
139.987060000
 30
3.000000000
 10
53.620700000
 20
140.148590000
 30
3.000000000
 10
53.620700000
 20
140.376380000
 30
3.000000000
  0
SPLINE
  5
EAB
330
A02
100
AcDbEntity
  8
Shape2DView001
100
AcDbSpline
210
0
220
0
230
1
 70
8
 71
3
 72
8
 73
4
 74
0
 40
0.000000000
 40
0.000000000
 40
0.000000000
 40
0.000000000
 40
1.000000000
 40
1.000000000
 40
1.000000000
 40
1.000000000
 10
53.620700000
 20
140.376380000
 30
3.000000000
 10
53.620700000
 20
140.665380000
 30
3.000000000
 10
53.840482000
 20
140.797560000
 30
3.000000000
 10
54.128085000
 20
140.681500000
 30
3.000000000
  0
SPLINE
  5
EAC
330
A02
100
AcDbEntity
  8
Shape2DView001
100
AcDbSpline
210
0
220
0
230
1
 70
8
 71
1
 72
4
 73
2
 74
0
 40
0.000000000
 40
0.000000000
 40
0.000013000
 40
0.000013000
 10
54.128085000
 20
140.681500000
 30
3.000000000
 10
54.128098000
 20
140.681500000
 30
3.000000000
  0
SPLINE
  5
EAD
330
A02
100
AcDbEntity
  8
Shape2DView001
100
AcDbSpline
210
0
220
0
230
1
 70
8
 71
3
 72
8
 73
4
 74
0
 40
0.000000000
 40
0.000000000
 40
0.000000000
 40
0.000000000
 40
1.000000000
 40
1.000000000
 40
1.000000000
 40
1.000000000
 10
53.263663000
 20
140.199090000
 30
3.000000000
 10
53.397889000
 20
140.120890000
 30
3.000000000
 10
53.431305000
 20
139.935630000
 30
3.000000000
 10
53.349583000
 20
139.722660000
 30
3.000000000
  0
SPLINE
  5
EAE
330
A02
100
AcDbEntity
  8
Shape2DView001
100
AcDbSpline
210
0
220
0
230
1
 70
8
 71
3
 72
8
 73
4
 74
0
 40
0.000000000
 40
0.000000000
 40
0.000000000
 40
0.000000000
 40
1.000000000
 40
1.000000000
 40
1.000000000
 40
1.000000000
 10
53.349583000
 20
139.722660000
 30
3.000000000
 10
53.254463000
 20
139.474770000
 30
3.000000000
 10
52.718695000
 20
139.661960000
 30
3.000000000
 10
52.718695000
 20
139.943120000
 30
3.000000000
  0
SPLINE
  5
EAF
330
A02
100
AcDbEntity
  8
Shape2DView001
100
AcDbSpline
210
0
220
0
230
1
 70
8
 71
3
 72
8
 73
4
 74
0
 40
0.000000000
 40
0.000000000
 40
0.000000000
 40
0.000000000
 40
1.000000000
 40
1.000000000
 40
1.000000000
 40
1.000000000
 10
52.718695000
 20
139.943120000
 30
3.000000000
 10
52.718695000
 20
140.036120000
 30
3.000000000
 10
52.994908000
 20
140.283610000
 30
3.000000000
 10
53.092469000
 20
140.277990000
 30
3.000000000
  0
SPLINE
  5
EB0
330
A02
100
AcDbEntity
  8
Shape2DView001
100
AcDbSpline
210
0
220
0
230
1
 70
8
 71
3
 72
8
 73
4
 74
0
 40
0.000000000
 40
0.000000000
 40
0.000000000
 40
0.000000000
 40
1.000000000
 40
1.000000000
 40
1.000000000
 40
1.000000000
 10
53.092469000
 20
140.277990000
 30
3.000000000
 10
53.114289000
 20
140.276990000
 30
3.000000000
 10
53.191319000
 20
140.241190000
 30
3.000000000
 10
53.263665000
 20
140.199090000
 30
3.000000000
  0
SPLINE
  5
EB1
330
A02
100
AcDbEntity
  8
Shape2DView001
100
AcDbSpline
210
0
220
0
230
1
 70
8
 71
1
 72
4
 73
2
 74
0
 40
0.000000000
 40
0.000000000
 40
0.000002000
 40
0.000002000
 10
53.263665000
 20
140.199090000
 30
3.000000000
 10
53.263663000
 20
140.199090000
 30
3.000000000
  0
SPLINE
  5
EB2
330
A02
100
AcDbEntity
  8
Shape2DView001
100
AcDbSpline
210
0
220
0
230
1
 70
8
 71
3
 72
8
 73
4
 74
0
 40
0.000000000
 40
0.000000000
 40
0.000000000
 40
0.000000000
 40
1.000000000
 40
1.000000000
 40
1.000000000
 40
1.000000000
 10
55.512066000
 20
139.516740000
 30
3.000000000
 10
55.721393000
 20
139.442040000
 30
3.000000000
 10
55.950927000
 20
139.058470000
 30
3.000000000
 10
55.950927000
 20
138.783400000
 30
3.000000000
  0
SPLINE
  5
EB3
330
A02
100
AcDbEntity
  8
Shape2DView001
100
AcDbSpline
210
0
220
0
230
1
 70
8
 71
3
 72
8
 73
4
 74
0
 40
0.000000000
 40
0.000000000
 40
0.000000000
 40
0.000000000
 40
1.000000000
 40
1.000000000
 40
1.000000000
 40
1.000000000
 10
55.950927000
 20
138.783400000
 30
3.000000000
 10
55.950927000
 20
138.663570000
 30
3.000000000
 10
55.851097000
 20
138.580530000
 30
3.000000000
 10
55.543513000
 20
138.444500000
 30
3.000000000
  0
SPLINE
  5
EB4
330
A02
100
AcDbEntity
  8
Shape2DView001
100
AcDbSpline
210
0
220
0
230
1
 70
8
 71
3
 72
8
 73
4
 74
0
 40
0.000000000
 40
0.000000000
 40
0.000000000
 40
0.000000000
 40
1.000000000
 40
1.000000000
 40
1.000000000
 40
1.000000000
 10
55.543513000
 20
138.444500000
 30
3.000000000
 10
55.319435000
 20
138.345400000
 30
3.000000000
 10
55.007152000
 20
138.176710000
 30
3.000000000
 10
54.849550000
 20
138.069610000
 30
3.000000000
  0
SPLINE
  5
EB5
330
A02
100
AcDbEntity
  8
Shape2DView001
100
AcDbSpline
210
0
220
0
230
1
 70
8
 71
2
 72
6
 73
3
 74
0
 40
0.000000000
 40
0.000000000
 40
0.000000000
 40
1.000000000
 40
1.000000000
 40
1.000000000
 10
54.849550000
 20
138.069610000
 30
3.000000000
 10
54.310358000
 20
137.700535000
 30
3.000000000
 10
53.955552000
 20
138.059410000
 30
3.000000000
  0
SPLINE
  5
EB6
330
A02
100
AcDbEntity
  8
Shape2DView001
100
AcDbSpline
210
0
220
0
230
1
 70
8
 71
2
 72
6
 73
3
 74
0
 40
0.000000000
 40
0.000000000
 40
0.000000000
 40
1.000000000
 40
1.000000000
 40
1.000000000
 10
53.955552000
 20
138.059410000
 30
3.000000000
 10
53.611881000
 20
138.401622500
 30
3.000000000
 10
53.938422000
 20
138.823170000
 30
3.000000000
  0
SPLINE
  5
EB7
330
A02
100
AcDbEntity
  8
Shape2DView001
100
AcDbSpline
210
0
220
0
230
1
 70
8
 71
3
 72
8
 73
4
 74
0
 40
0.000000000
 40
0.000000000
 40
0.000000000
 40
0.000000000
 40
1.000000000
 40
1.000000000
 40
1.000000000
 40
1.000000000
 10
53.938422000
 20
138.823170000
 30
3.000000000
 10
54.168685000
 20
139.121510000
 30
3.000000000
 10
54.287047000
 20
139.214980000
 30
3.000000000
 10
54.635493000
 20
139.373600000
 30
3.000000000
  0
SPLINE
  5
EB8
330
A02
100
AcDbEntity
  8
Shape2DView001
100
AcDbSpline
210
0
220
0
230
1
 70
8
 71
3
 72
8
 73
4
 74
0
 40
0.000000000
 40
0.000000000
 40
0.000000000
 40
0.000000000
 40
1.000000000
 40
1.000000000
 40
1.000000000
 40
1.000000000
 10
54.635493000
 20
139.373600000
 30
3.000000000
 10
55.051833000
 20
139.563130000
 30
3.000000000
 10
55.278465000
 20
139.600140000
 30
3.000000000
 10
55.512075000
 20
139.516760000
 30
3.000000000
  0
SPLINE
  5
EB9
330
A02
100
AcDbEntity
  8
Shape2DView001
100
AcDbSpline
210
0
220
0
230
1
 70
8
 71
1
 72
4
 73
2
 74
0
 40
0.000000000
 40
0.000000000
 40
0.000021932
 40
0.000021932
 10
55.512075000
 20
139.516760000
 30
3.000000000
 10
55.512066000
 20
139.516740000
 30
3.000000000
  0
SPLINE
  5
EBA
330
A02
100
AcDbEntity
  8
Shape2DView001
100
AcDbSpline
210
0
220
0
230
1
 70
8
 71
3
 72
8
 73
4
 74
0
 40
0.000000000
 40
0.000000000
 40
0.000000000
 40
0.000000000
 40
1.000000000
 40
1.000000000
 40
1.000000000
 40
1.000000000
 10
54.710650000
 20
139.235750000
 30
3.000000000
 10
54.251005000
 20
139.022940000
 30
3.000000000
 10
53.980590000
 20
138.697580000
 30
3.000000000
 10
54.009912000
 20
138.392640000
 30
3.000000000
  0
SPLINE
  5
EBB
330
A02
100
AcDbEntity
  8
Shape2DView001
100
AcDbSpline
210
0
220
0
230
1
 70
8
 71
3
 72
8
 73
4
 74
0
 40
0.000000000
 40
0.000000000
 40
0.000000000
 40
0.000000000
 40
1.000000000
 40
1.000000000
 40
1.000000000
 40
1.000000000
 10
54.009912000
 20
138.392640000
 30
3.000000000
 10
54.028232000
 20
138.202170000
 30
3.000000000
 10
54.080422000
 20
138.124530000
 30
3.000000000
 10
54.223831000
 20
138.074440000
 30
3.000000000
  0
SPLINE
  5
EBC
330
A02
100
AcDbEntity
  8
Shape2DView001
100
AcDbSpline
210
0
220
0
230
1
 70
8
 71
3
 72
8
 73
4
 74
0
 40
0.000000000
 40
0.000000000
 40
0.000000000
 40
0.000000000
 40
1.000000000
 40
1.000000000
 40
1.000000000
 40
1.000000000
 10
54.223831000
 20
138.074440000
 30
3.000000000
 10
54.380353000
 20
138.019740000
 30
3.000000000
 10
54.527710000
 20
138.072440000
 30
3.000000000
 10
55.066554000
 20
138.373750000
 30
3.000000000
  0
SPLINE
  5
EBD
330
A02
100
AcDbEntity
  8
Shape2DView001
100
AcDbSpline
210
0
220
0
230
1
 70
8
 71
3
 72
8
 73
4
 74
0
 40
0.000000000
 40
0.000000000
 40
0.000000000
 40
0.000000000
 40
1.000000000
 40
1.000000000
 40
1.000000000
 40
1.000000000
 10
55.066554000
 20
138.373750000
 30
3.000000000
 10
55.602887000
 20
138.674000000
 30
3.000000000
 10
55.720107000
 20
138.771860000
 30
3.000000000
 10
55.722504000
 20
138.921330000
 30
3.000000000
  0
SPLINE
  5
EBE
330
A02
100
AcDbEntity
  8
Shape2DView001
100
AcDbSpline
210
0
220
0
230
1
 70
8
 71
3
 72
8
 73
4
 74
0
 40
0.000000000
 40
0.000000000
 40
0.000000000
 40
0.000000000
 40
1.000000000
 40
1.000000000
 40
1.000000000
 40
1.000000000
 10
55.722504000
 20
138.921330000
 30
3.000000000
 10
55.729504000
 20
139.356540000
 30
3.000000000
 10
55.275939000
 20
139.497470000
 30
3.000000000
 10
54.710650000
 20
139.235750000
 30
3.000000000
  0
SPLINE
  5
EBF
330
A02
100
AcDbEntity
  8
Shape2DView001
100
AcDbSpline
210
0
220
0
230
1
 70
8
 71
3
 72
8
 73
4
 74
0
 40
0.000000000
 40
0.000000000
 40
0.000000000
 40
0.000000000
 40
1.000000000
 40
1.000000000
 40
1.000000000
 40
1.000000000
 10
57.728272000
 20
137.725970000
 30
3.000000000
 10
58.796462000
 20
137.499550000
 30
3.000000000
 10
59.323289000
 20
136.805200000
 30
3.000000000
 10
59.330193000
 20
135.614700000
 30
3.000000000
  0
SPLINE
  5
EC0
330
A02
100
AcDbEntity
  8
Shape2DView001
100
AcDbSpline
210
0
220
0
230
1
 70
8
 71
3
 72
8
 73
4
 74
0
 40
0.000000000
 40
0.000000000
 40
0.000000000
 40
0.000000000
 40
1.000000000
 40
1.000000000
 40
1.000000000
 40
1.000000000
 10
59.330193000
 20
135.614700000
 30
3.000000000
 10
59.339693000
 20
133.966720000
 30
3.000000000
 10
58.693164000
 20
133.499480000
 30
3.000000000
 10
56.157638000
 20
133.322140000
 30
3.000000000
  0
SPLINE
  5
EC1
330
A02
100
AcDbEntity
  8
Shape2DView001
100
AcDbSpline
210
0
220
0
230
1
 70
8
 71
1
 72
4
 73
2
 74
0
 40
0.000000000
 40
0.000000000
 40
0.659326625
 40
0.659326625
 10
56.157638000
 20
133.322140000
 30
3.000000000
 10
55.499918000
 20
133.276140000
 30
3.000000000
  0
SPLINE
  5
EC2
330
A02
100
AcDbEntity
  8
Shape2DView001
100
AcDbSpline
210
0
220
0
230
1
 70
8
 71
1
 72
4
 73
2
 74
0
 40
0.000000000
 40
0.000000000
 40
0.432610000
 40
0.432610000
 10
55.499918000
 20
133.276140000
 30
3.000000000
 10
55.499918000
 20
132.843530000
 30
3.000000000
  0
SPLINE
  5
EC3
330
A02
100
AcDbEntity
  8
Shape2DView001
100
AcDbSpline
210
0
220
0
230
1
 70
8
 71
3
 72
8
 73
4
 74
0
 40
0.000000000
 40
0.000000000
 40
0.000000000
 40
0.000000000
 40
1.000000000
 40
1.000000000
 40
1.000000000
 40
1.000000000
 10
55.499918000
 20
132.843530000
 30
3.000000000
 10
55.499918000
 20
132.098750000
 30
3.000000000
 10
55.691157000
 20
132.033150000
 30
3.000000000
 10
57.521927000
 20
132.150030000
 30
3.000000000
  0
SPLINE
  5
EC4
330
A02
100
AcDbEntity
  8
Shape2DView001
100
AcDbSpline
210
0
220
0
230
1
 70
8
 71
3
 72
8
 73
4
 74
0
 40
0.000000000
 40
0.000000000
 40
0.000000000
 40
0.000000000
 40
1.000000000
 40
1.000000000
 40
1.000000000
 40
1.000000000
 10
57.521927000
 20
132.150030000
 30
3.000000000
 10
58.158592000
 20
132.190630000
 30
3.000000000
 10
58.725174000
 20
132.206430000
 30
3.000000000
 10
58.780993000
 20
132.185030000
 30
3.000000000
  0
SPLINE
  5
EC5
330
A02
100
AcDbEntity
  8
Shape2DView001
100
AcDbSpline
210
0
220
0
230
1
 70
8
 71
3
 72
8
 73
4
 74
0
 40
0.000000000
 40
0.000000000
 40
0.000000000
 40
0.000000000
 40
1.000000000
 40
1.000000000
 40
1.000000000
 40
1.000000000
 10
58.780993000
 20
132.185030000
 30
3.000000000
 10
58.854953000
 20
132.156630000
 30
3.000000000
 10
58.882482000
 20
131.976380000
 30
3.000000000
 10
58.882482000
 20
131.520520000
 30
3.000000000
  0
SPLINE
  5
EC6
330
A02
100
AcDbEntity
  8
Shape2DView001
100
AcDbSpline
210
0
220
0
230
1
 70
8
 71
1
 72
4
 73
2
 74
0
 40
0.000000000
 40
0.000000000
 40
0.625520000
 40
0.625520000
 10
58.882482000
 20
131.520520000
 30
3.000000000
 10
58.882482000
 20
130.895000000
 30
3.000000000
  0
SPLINE
  5
EC7
330
A02
100
AcDbEntity
  8
Shape2DView001
100
AcDbSpline
210
0
220
0
230
1
 70
8
 71
1
 72
4
 73
2
 74
0
 40
0.000000000
 40
0.000000000
 40
0.402817907
 40
0.402817907
 10
58.882482000
 20
130.895000000
 30
3.000000000
 10
58.487851000
 20
130.814200000
 30
3.000000000
  0
SPLINE
  5
EC8
330
A02
100
AcDbEntity
  8
Shape2DView001
100
AcDbSpline
210
0
220
0
230
1
 70
8
 71
3
 72
8
 73
4
 74
0
 40
0.000000000
 40
0.000000000
 40
0.000000000
 40
0.000000000
 40
1.000000000
 40
1.000000000
 40
1.000000000
 40
1.000000000
 10
58.487851000
 20
130.814200000
 30
3.000000000
 10
57.816766000
 20
130.676790000
 30
3.000000000
 10
56.533562000
 20
130.511260000
 30
3.000000000
 10
56.138845000
 20
130.511190000
 30
3.000000000
  0
SPLINE
  5
EC9
330
A02
100
AcDbEntity
  8
Shape2DView001
100
AcDbSpline
210
0
220
0
230
1
 70
8
 71
3
 72
8
 73
4
 74
0
 40
0.000000000
 40
0.000000000
 40
0.000000000
 40
0.000000000
 40
1.000000000
 40
1.000000000
 40
1.000000000
 40
1.000000000
 10
56.138845000
 20
130.511190000
 30
3.000000000
 10
55.561985000
 20
130.511080000
 30
3.000000000
 10
54.794759000
 20
130.701090000
 30
3.000000000
 10
54.449494000
 20
130.929570000
 30
3.000000000
  0
SPLINE
  5
ECA
330
A02
100
AcDbEntity
  8
Shape2DView001
100
AcDbSpline
210
0
220
0
230
1
 70
8
 71
3
 72
8
 73
4
 74
0
 40
0.000000000
 40
0.000000000
 40
0.000000000
 40
0.000000000
 40
1.000000000
 40
1.000000000
 40
1.000000000
 40
1.000000000
 10
54.449494000
 20
130.929570000
 30
3.000000000
 10
54.060880000
 20
131.186740000
 30
3.000000000
 10
53.806564000
 20
131.617020000
 30
3.000000000
 10
53.701680000
 20
132.194800000
 30
3.000000000
  0
SPLINE
  5
ECB
330
A02
100
AcDbEntity
  8
Shape2DView001
100
AcDbSpline
210
0
220
0
230
1
 70
8
 71
3
 72
8
 73
4
 74
0
 40
0.000000000
 40
0.000000000
 40
0.000000000
 40
0.000000000
 40
1.000000000
 40
1.000000000
 40
1.000000000
 40
1.000000000
 10
53.701680000
 20
132.194800000
 30
3.000000000
 10
53.657150000
 20
132.440120000
 30
3.000000000
 10
53.620710000
 20
133.415940000
 30
3.000000000
 10
53.620710000
 20
134.363310000
 30
3.000000000
  0
SPLINE
  5
ECC
330
A02
100
AcDbEntity
  8
Shape2DView001
100
AcDbSpline
210
0
220
0
230
1
 70
8
 71
1
 72
4
 73
2
 74
0
 40
0.000000000
 40
0.000000000
 40
1.722490000
 40
1.722490000
 10
53.620710000
 20
134.363310000
 30
3.000000000
 10
53.620710000
 20
136.085800000
 30
3.000000000
  0
SPLINE
  5
ECD
330
A02
100
AcDbEntity
  8
Shape2DView001
100
AcDbSpline
210
0
220
0
230
1
 70
8
 71
1
 72
4
 73
2
 74
0
 40
0.000000000
 40
0.000000000
 40
0.308586255
 40
0.308586255
 10
53.620710000
 20
136.085800000
 30
3.000000000
 10
53.395206000
 20
136.296450000
 30
3.000000000
  0
SPLINE
  5
ECE
330
A02
100
AcDbEntity
  8
Shape2DView001
100
AcDbSpline
210
0
220
0
230
1
 70
8
 71
3
 72
8
 73
4
 74
0
 40
0.000000000
 40
0.000000000
 40
0.000000000
 40
0.000000000
 40
1.000000000
 40
1.000000000
 40
1.000000000
 40
1.000000000
 10
53.395206000
 20
136.296450000
 30
3.000000000
 10
53.227811000
 20
136.452820000
 30
3.000000000
 10
53.171062000
 20
136.571970000
 30
3.000000000
 10
53.174986000
 20
136.758830000
 30
3.000000000
  0
SPLINE
  5
ECF
330
A02
100
AcDbEntity
  8
Shape2DView001
100
AcDbSpline
210
0
220
0
230
1
 70
8
 71
3
 72
8
 73
4
 74
0
 40
0.000000000
 40
0.000000000
 40
0.000000000
 40
0.000000000
 40
1.000000000
 40
1.000000000
 40
1.000000000
 40
1.000000000
 10
53.174986000
 20
136.758830000
 30
3.000000000
 10
53.186526000
 20
137.308720000
 30
3.000000000
 10
53.262376000
 20
137.285370000
 30
3.000000000
 10
53.733464000
 20
136.586910000
 30
3.000000000
  0
SPLINE
  5
ED0
330
A02
100
AcDbEntity
  8
Shape2DView001
100
AcDbSpline
210
0
220
0
230
1
 70
8
 71
3
 72
8
 73
4
 74
0
 40
0.000000000
 40
0.000000000
 40
0.000000000
 40
0.000000000
 40
1.000000000
 40
1.000000000
 40
1.000000000
 40
1.000000000
 10
53.733464000
 20
136.586910000
 30
3.000000000
 10
54.222759000
 20
135.861460000
 30
3.000000000
 10
54.374971000
 20
135.765180000
 30
3.000000000
 10
54.736767000
 20
135.952260000
 30
3.000000000
  0
SPLINE
  5
ED1
330
A02
100
AcDbEntity
  8
Shape2DView001
100
AcDbSpline
210
0
220
0
230
1
 70
8
 71
3
 72
8
 73
4
 74
0
 40
0.000000000
 40
0.000000000
 40
0.000000000
 40
0.000000000
 40
1.000000000
 40
1.000000000
 40
1.000000000
 40
1.000000000
 10
54.736767000
 20
135.952260000
 30
3.000000000
 10
54.911503000
 20
136.042660000
 30
3.000000000
 10
54.978451000
 20
136.139220000
 30
3.000000000
 10
55.014515000
 20
136.353020000
 30
3.000000000
  0
SPLINE
  5
ED2
330
A02
100
AcDbEntity
  8
Shape2DView001
100
AcDbSpline
210
0
220
0
230
1
 70
8
 71
3
 72
8
 73
4
 74
0
 40
0.000000000
 40
0.000000000
 40
0.000000000
 40
0.000000000
 40
1.000000000
 40
1.000000000
 40
1.000000000
 40
1.000000000
 10
55.014515000
 20
136.353020000
 30
3.000000000
 10
55.040655000
 20
136.507950000
 30
3.000000000
 10
55.076005000
 20
136.685450000
 30
3.000000000
 10
55.093085000
 20
136.747460000
 30
3.000000000
  0
SPLINE
  5
ED3
330
A02
100
AcDbEntity
  8
Shape2DView001
100
AcDbSpline
210
0
220
0
230
1
 70
8
 71
3
 72
8
 73
4
 74
0
 40
0.000000000
 40
0.000000000
 40
0.000000000
 40
0.000000000
 40
1.000000000
 40
1.000000000
 40
1.000000000
 40
1.000000000
 10
55.093085000
 20
136.747460000
 30
3.000000000
 10
55.110155000
 20
136.809460000
 30
3.000000000
 10
55.448923000
 20
137.058230000
 30
3.000000000
 10
55.845882000
 20
137.300260000
 30
3.000000000
  0
SPLINE
  5
ED4
330
A02
100
AcDbEntity
  8
Shape2DView001
100
AcDbSpline
210
0
220
0
230
1
 70
8
 71
3
 72
8
 73
4
 74
0
 40
0.000000000
 40
0.000000000
 40
0.000000000
 40
0.000000000
 40
1.000000000
 40
1.000000000
 40
1.000000000
 40
1.000000000
 10
55.845882000
 20
137.300260000
 30
3.000000000
 10
56.461363000
 20
137.675510000
 30
3.000000000
 10
56.630133000
 20
137.744110000
 30
3.000000000
 10
56.992164000
 20
137.766200000
 30
3.000000000
  0
SPLINE
  5
ED5
330
A02
100
AcDbEntity
  8
Shape2DView001
100
AcDbSpline
210
0
220
0
230
1
 70
8
 71
3
 72
8
 73
4
 74
0
 40
0.000000000
 40
0.000000000
 40
0.000000000
 40
0.000000000
 40
1.000000000
 40
1.000000000
 40
1.000000000
 40
1.000000000
 10
56.992164000
 20
137.766200000
 30
3.000000000
 10
57.225660000
 20
137.780400000
 30
3.000000000
 10
57.556907000
 20
137.762200000
 30
3.000000000
 10
57.728268000
 20
137.726000000
 30
3.000000000
  0
SPLINE
  5
ED6
330
A02
100
AcDbEntity
  8
Shape2DView001
100
AcDbSpline
210
0
220
0
230
1
 70
8
 71
1
 72
4
 73
2
 74
0
 40
0.000000000
 40
0.000000000
 40
0.000030265
 40
0.000030265
 10
57.728268000
 20
137.726000000
 30
3.000000000
 10
57.728272000
 20
137.725970000
 30
3.000000000
  0
SPLINE
  5
ED7
330
A02
100
AcDbEntity
  8
Shape2DView001
100
AcDbSpline
210
0
220
0
230
1
 70
8
 71
3
 72
8
 73
4
 74
0
 40
0.000000000
 40
0.000000000
 40
0.000000000
 40
0.000000000
 40
1.000000000
 40
1.000000000
 40
1.000000000
 40
1.000000000
 10
56.219878000
 20
136.218180000
 30
3.000000000
 10
55.933707000
 20
136.176780000
 30
3.000000000
 10
55.654644000
 20
136.105700000
 30
3.000000000
 10
55.599742000
 20
136.060130000
 30
3.000000000
  0
SPLINE
  5
ED8
330
A02
100
AcDbEntity
  8
Shape2DView001
100
AcDbSpline
210
0
220
0
230
1
 70
8
 71
3
 72
8
 73
4
 74
0
 40
0.000000000
 40
0.000000000
 40
0.000000000
 40
0.000000000
 40
1.000000000
 40
1.000000000
 40
1.000000000
 40
1.000000000
 10
55.599742000
 20
136.060130000
 30
3.000000000
 10
55.473638000
 20
135.955470000
 30
3.000000000
 10
55.457522000
 20
134.669320000
 30
3.000000000
 10
55.581782000
 20
134.627900000
 30
3.000000000
  0
SPLINE
  5
ED9
330
A02
100
AcDbEntity
  8
Shape2DView001
100
AcDbSpline
210
0
220
0
230
1
 70
8
 71
3
 72
8
 73
4
 74
0
 40
0.000000000
 40
0.000000000
 40
0.000000000
 40
0.000000000
 40
1.000000000
 40
1.000000000
 40
1.000000000
 40
1.000000000
 10
55.581782000
 20
134.627900000
 30
3.000000000
 10
55.676582000
 20
134.596300000
 30
3.000000000
 10
57.036656000
 20
134.760890000
 30
3.000000000
 10
57.200590000
 20
134.823790000
 30
3.000000000
  0
SPLINE
  5
EDA
330
A02
100
AcDbEntity
  8
Shape2DView001
100
AcDbSpline
210
0
220
0
230
1
 70
8
 71
3
 72
8
 73
4
 74
0
 40
0.000000000
 40
0.000000000
 40
0.000000000
 40
0.000000000
 40
1.000000000
 40
1.000000000
 40
1.000000000
 40
1.000000000
 10
57.200590000
 20
134.823790000
 30
3.000000000
 10
57.383159000
 20
134.893890000
 30
3.000000000
 10
57.545019000
 20
135.380380000
 30
3.000000000
 10
57.491378000
 20
135.697870000
 30
3.000000000
  0
SPLINE
  5
EDB
330
A02
100
AcDbEntity
  8
Shape2DView001
100
AcDbSpline
210
0
220
0
230
1
 70
8
 71
3
 72
8
 73
4
 74
0
 40
0.000000000
 40
0.000000000
 40
0.000000000
 40
0.000000000
 40
1.000000000
 40
1.000000000
 40
1.000000000
 40
1.000000000
 10
57.491378000
 20
135.697870000
 30
3.000000000
 10
57.437418000
 20
136.017240000
 30
3.000000000
 10
57.281391000
 20
136.191070000
 30
3.000000000
 10
57.003266000
 20
136.241690000
 30
3.000000000
  0
SPLINE
  5
EDC
330
A02
100
AcDbEntity
  8
Shape2DView001
100
AcDbSpline
210
0
220
0
230
1
 70
8
 71
3
 72
8
 73
4
 74
0
 40
0.000000000
 40
0.000000000
 40
0.000000000
 40
0.000000000
 40
1.000000000
 40
1.000000000
 40
1.000000000
 40
1.000000000
 10
57.003266000
 20
136.241690000
 30
3.000000000
 10
56.899910000
 20
136.260490000
 30
3.000000000
 10
56.798432000
 20
136.279790000
 30
3.000000000
 10
56.777761000
 20
136.284590000
 30
3.000000000
  0
SPLINE
  5
EDD
330
A02
100
AcDbEntity
  8
Shape2DView001
100
AcDbSpline
210
0
220
0
230
1
 70
8
 71
3
 72
8
 73
4
 74
0
 40
0.000000000
 40
0.000000000
 40
0.000000000
 40
0.000000000
 40
1.000000000
 40
1.000000000
 40
1.000000000
 40
1.000000000
 10
56.777761000
 20
136.284590000
 30
3.000000000
 10
56.757081000
 20
136.289590000
 30
3.000000000
 10
56.506037000
 20
136.259490000
 30
3.000000000
 10
56.219865000
 20
136.218090000
 30
3.000000000
  0
SPLINE
  5
EDE
330
A02
100
AcDbEntity
  8
Shape2DView001
100
AcDbSpline
210
0
220
0
230
1
 70
8
 71
1
 72
4
 73
2
 74
0
 40
0.000000000
 40
0.000000000
 40
0.000090934
 40
0.000090934
 10
56.219865000
 20
136.218090000
 30
3.000000000
 10
56.219878000
 20
136.218180000
 30
3.000000000
  0
SPLINE
  5
EDF
330
A02
100
AcDbEntity
  8
Shape2DView001
100
AcDbSpline
210
0
220
0
230
1
 70
8
 71
3
 72
8
 73
4
 74
0
 40
0.000000000
 40
0.000000000
 40
0.000000000
 40
0.000000000
 40
1.000000000
 40
1.000000000
 40
1.000000000
 40
1.000000000
 10
42.796497000
 20
137.725370000
 30
3.000000000
 10
44.015728000
 20
137.570930000
 30
3.000000000
 10
44.746487000
 20
136.950160000
 30
3.000000000
 10
45.011672000
 20
135.843610000
 30
3.000000000
  0
SPLINE
  5
EE0
330
A02
100
AcDbEntity
  8
Shape2DView001
100
AcDbSpline
210
0
220
0
230
1
 70
8
 71
3
 72
8
 73
4
 74
0
 40
0.000000000
 40
0.000000000
 40
0.000000000
 40
0.000000000
 40
1.000000000
 40
1.000000000
 40
1.000000000
 40
1.000000000
 10
45.011672000
 20
135.843610000
 30
3.000000000
 10
45.205250000
 20
135.035850000
 30
3.000000000
 10
45.240507000
 20
133.809050000
 30
3.000000000
 10
45.092632000
 20
133.026550000
 30
3.000000000
  0
SPLINE
  5
EE1
330
A02
100
AcDbEntity
  8
Shape2DView001
100
AcDbSpline
210
0
220
0
230
1
 70
8
 71
3
 72
8
 73
4
 74
0
 40
0.000000000
 40
0.000000000
 40
0.000000000
 40
0.000000000
 40
1.000000000
 40
1.000000000
 40
1.000000000
 40
1.000000000
 10
45.092632000
 20
133.026550000
 30
3.000000000
 10
44.808012000
 20
131.520460000
 30
3.000000000
 10
44.069680000
 20
130.785750000
 30
3.000000000
 10
42.646159000
 20
130.592050000
 30
3.000000000
  0
SPLINE
  5
EE2
330
A02
100
AcDbEntity
  8
Shape2DView001
100
AcDbSpline
210
0
220
0
230
1
 70
8
 71
3
 72
8
 73
4
 74
0
 40
0.000000000
 40
0.000000000
 40
0.000000000
 40
0.000000000
 40
1.000000000
 40
1.000000000
 40
1.000000000
 40
1.000000000
 10
42.646159000
 20
130.592050000
 30
3.000000000
 10
41.459647000
 20
130.430610000
 30
3.000000000
 10
40.439423000
 20
130.734910000
 30
3.000000000
 10
39.829453000
 20
131.432200000
 30
3.000000000
  0
SPLINE
  5
EE3
330
A02
100
AcDbEntity
  8
Shape2DView001
100
AcDbSpline
210
0
220
0
230
1
 70
8
 71
3
 72
8
 73
4
 74
0
 40
0.000000000
 40
0.000000000
 40
0.000000000
 40
0.000000000
 40
1.000000000
 40
1.000000000
 40
1.000000000
 40
1.000000000
 10
39.829453000
 20
131.432200000
 30
3.000000000
 10
39.315132000
 20
132.020150000
 30
3.000000000
 10
39.224350000
 20
132.364300000
 30
3.000000000
 10
39.234727000
 20
133.686730000
 30
3.000000000
  0
SPLINE
  5
EE4
330
A02
100
AcDbEntity
  8
Shape2DView001
100
AcDbSpline
210
0
220
0
230
1
 70
8
 71
3
 72
8
 73
4
 74
0
 40
0.000000000
 40
0.000000000
 40
0.000000000
 40
0.000000000
 40
1.000000000
 40
1.000000000
 40
1.000000000
 40
1.000000000
 10
39.234727000
 20
133.686730000
 30
3.000000000
 10
39.239627000
 20
134.297880000
 30
3.000000000
 10
39.264607000
 20
134.819080000
 30
3.000000000
 10
39.290487000
 20
134.844950000
 30
3.000000000
  0
SPLINE
  5
EE5
330
A02
100
AcDbEntity
  8
Shape2DView001
100
AcDbSpline
210
0
220
0
230
1
 70
8
 71
3
 72
8
 73
4
 74
0
 40
0.000000000
 40
0.000000000
 40
0.000000000
 40
0.000000000
 40
1.000000000
 40
1.000000000
 40
1.000000000
 40
1.000000000
 10
39.290487000
 20
134.844950000
 30
3.000000000
 10
39.316367000
 20
134.870850000
 30
3.000000000
 10
40.225720000
 20
134.895050000
 30
3.000000000
 10
41.311300000
 20
134.898850000
 30
3.000000000
  0
SPLINE
  5
EE6
330
A02
100
AcDbEntity
  8
Shape2DView001
100
AcDbSpline
210
0
220
0
230
1
 70
8
 71
1
 72
4
 73
2
 74
0
 40
0.000000000
 40
0.000000000
 40
1.973804413
 40
1.973804413
 10
41.311300000
 20
134.898850000
 30
3.000000000
 10
43.285092000
 20
134.905850000
 30
3.000000000
  0
SPLINE
  5
EE7
330
A02
100
AcDbEntity
  8
Shape2DView001
100
AcDbSpline
210
0
220
0
230
1
 70
8
 71
1
 72
4
 73
2
 74
0
 40
0.000000000
 40
0.000000000
 40
0.203058900
 40
0.203058900
 10
43.285092000
 20
134.905850000
 30
3.000000000
 10
43.308372000
 20
135.107570000
 30
3.000000000
  0
SPLINE
  5
EE8
330
A02
100
AcDbEntity
  8
Shape2DView001
100
AcDbSpline
210
0
220
0
230
1
 70
8
 71
3
 72
8
 73
4
 74
0
 40
0.000000000
 40
0.000000000
 40
0.000000000
 40
0.000000000
 40
1.000000000
 40
1.000000000
 40
1.000000000
 40
1.000000000
 10
43.308372000
 20
135.107570000
 30
3.000000000
 10
43.349302000
 20
135.462080000
 30
3.000000000
 10
43.125535000
 20
135.765610000
 30
3.000000000
 10
42.669159000
 20
135.974540000
 30
3.000000000
  0
SPLINE
  5
EE9
330
A02
100
AcDbEntity
  8
Shape2DView001
100
AcDbSpline
210
0
220
0
230
1
 70
8
 71
3
 72
8
 73
4
 74
0
 40
0.000000000
 40
0.000000000
 40
0.000000000
 40
0.000000000
 40
1.000000000
 40
1.000000000
 40
1.000000000
 40
1.000000000
 10
42.669159000
 20
135.974540000
 30
3.000000000
 10
42.298049000
 20
136.144440000
 30
3.000000000
 10
42.159282000
 20
136.164900000
 30
3.000000000
 10
41.415439000
 20
136.159430000
 30
3.000000000
  0
SPLINE
  5
EEA
330
A02
100
AcDbEntity
  8
Shape2DView001
100
AcDbSpline
210
0
220
0
230
1
 70
8
 71
3
 72
8
 73
4
 74
0
 40
0.000000000
 40
0.000000000
 40
0.000000000
 40
0.000000000
 40
1.000000000
 40
1.000000000
 40
1.000000000
 40
1.000000000
 10
41.415439000
 20
136.159430000
 30
3.000000000
 10
40.955404000
 20
136.156430000
 30
3.000000000
 10
40.330986000
 20
136.117630000
 30
3.000000000
 10
40.027847000
 20
136.073930000
 30
3.000000000
  0
SPLINE
  5
EEB
330
A02
100
AcDbEntity
  8
Shape2DView001
100
AcDbSpline
210
0
220
0
230
1
 70
8
 71
3
 72
8
 73
4
 74
0
 40
0.000000000
 40
0.000000000
 40
0.000000000
 40
0.000000000
 40
1.000000000
 40
1.000000000
 40
1.000000000
 40
1.000000000
 10
40.027847000
 20
136.073930000
 30
3.000000000
 10
39.724708000
 20
136.030330000
 30
3.000000000
 10
39.445648000
 20
136.013730000
 30
3.000000000
 10
39.407711000
 20
136.037230000
 30
3.000000000
  0
SPLINE
  5
EEC
330
A02
100
AcDbEntity
  8
Shape2DView001
100
AcDbSpline
210
0
220
0
230
1
 70
8
 71
3
 72
8
 73
4
 74
0
 40
0.000000000
 40
0.000000000
 40
0.000000000
 40
0.000000000
 40
1.000000000
 40
1.000000000
 40
1.000000000
 40
1.000000000
 10
39.407711000
 20
136.037230000
 30
3.000000000
 10
39.369761000
 20
136.060630000
 30
3.000000000
 10
39.338741000
 20
136.379320000
 30
3.000000000
 10
39.338741000
 20
136.745330000
 30
3.000000000
  0
SPLINE
  5
EED
330
A02
100
AcDbEntity
  8
Shape2DView001
100
AcDbSpline
210
0
220
0
230
1
 70
8
 71
1
 72
4
 73
2
 74
0
 40
0.000000000
 40
0.000000000
 40
0.665470000
 40
0.665470000
 10
39.338741000
 20
136.745330000
 30
3.000000000
 10
39.338741000
 20
137.410800000
 30
3.000000000
  0
SPLINE
  5
EEE
330
A02
100
AcDbEntity
  8
Shape2DView001
100
AcDbSpline
210
0
220
0
230
1
 70
8
 71
1
 72
4
 73
2
 74
0
 40
0.000000000
 40
0.000000000
 40
0.323050903
 40
0.323050903
 10
39.338741000
 20
137.410800000
 30
3.000000000
 10
39.658206000
 20
137.458800000
 30
3.000000000
  0
SPLINE
  5
EEF
330
A02
100
AcDbEntity
  8
Shape2DView001
100
AcDbSpline
210
0
220
0
230
1
 70
8
 71
3
 72
8
 73
4
 74
0
 40
0.000000000
 40
0.000000000
 40
0.000000000
 40
0.000000000
 40
1.000000000
 40
1.000000000
 40
1.000000000
 40
1.000000000
 10
39.658206000
 20
137.458800000
 30
3.000000000
 10
39.833909000
 20
137.485200000
 30
3.000000000
 10
40.248277000
 20
137.554000000
 30
3.000000000
 10
40.579013000
 20
137.611600000
 30
3.000000000
  0
SPLINE
  5
EF0
330
A02
100
AcDbEntity
  8
Shape2DView001
100
AcDbSpline
210
0
220
0
230
1
 70
8
 71
3
 72
8
 73
4
 74
0
 40
0.000000000
 40
0.000000000
 40
0.000000000
 40
0.000000000
 40
1.000000000
 40
1.000000000
 40
1.000000000
 40
1.000000000
 10
40.579013000
 20
137.611600000
 30
3.000000000
 10
41.345495000
 20
137.745180000
 30
3.000000000
 10
42.267309000
 20
137.792520000
 30
3.000000000
 10
42.796478000
 20
137.725490000
 30
3.000000000
  0
SPLINE
  5
EF1
330
A02
100
AcDbEntity
  8
Shape2DView001
100
AcDbSpline
210
0
220
0
230
1
 70
8
 71
1
 72
4
 73
2
 74
0
 40
0.000000000
 40
0.000000000
 40
0.000121495
 40
0.000121495
 10
42.796478000
 20
137.725490000
 30
3.000000000
 10
42.796497000
 20
137.725370000
 30
3.000000000
  0
SPLINE
  5
EF2
330
A02
100
AcDbEntity
  8
Shape2DView001
100
AcDbSpline
210
0
220
0
230
1
 70
8
 71
3
 72
8
 73
4
 74
0
 40
0.000000000
 40
0.000000000
 40
0.000000000
 40
0.000000000
 40
1.000000000
 40
1.000000000
 40
1.000000000
 40
1.000000000
 10
40.978886000
 20
133.106690000
 30
3.000000000
 10
41.027066000
 20
132.362110000
 30
3.000000000
 10
41.371016000
 20
132.057940000
 30
3.000000000
 10
42.170850000
 20
132.052510000
 30
3.000000000
  0
SPLINE
  5
EF3
330
A02
100
AcDbEntity
  8
Shape2DView001
100
AcDbSpline
210
0
220
0
230
1
 70
8
 71
3
 72
8
 73
4
 74
0
 40
0.000000000
 40
0.000000000
 40
0.000000000
 40
0.000000000
 40
1.000000000
 40
1.000000000
 40
1.000000000
 40
1.000000000
 10
42.170850000
 20
132.052510000
 30
3.000000000
 10
42.525486000
 20
132.050510000
 30
3.000000000
 10
42.685257000
 20
132.086110000
 30
3.000000000
 10
42.847361000
 20
132.205050000
 30
3.000000000
  0
SPLINE
  5
EF4
330
A02
100
AcDbEntity
  8
Shape2DView001
100
AcDbSpline
210
0
220
0
230
1
 70
8
 71
3
 72
8
 73
4
 74
0
 40
0.000000000
 40
0.000000000
 40
0.000000000
 40
0.000000000
 40
1.000000000
 40
1.000000000
 40
1.000000000
 40
1.000000000
 10
42.847361000
 20
132.205050000
 30
3.000000000
 10
43.134125000
 20
132.415400000
 30
3.000000000
 10
43.322419000
 20
132.808690000
 30
3.000000000
 10
43.322559000
 20
133.197590000
 30
3.000000000
  0
SPLINE
  5
EF5
330
A02
100
AcDbEntity
  8
Shape2DView001
100
AcDbSpline
210
0
220
0
230
1
 70
8
 71
1
 72
4
 73
2
 74
0
 40
0.000000000
 40
0.000000000
 40
0.321370020
 40
0.321370020
 10
43.322559000
 20
133.197590000
 30
3.000000000
 10
43.322673000
 20
133.518960000
 30
3.000000000
  0
SPLINE
  5
EF6
330
A02
100
AcDbEntity
  8
Shape2DView001
100
AcDbSpline
210
0
220
0
230
1
 70
8
 71
1
 72
4
 73
2
 74
0
 40
0.000000000
 40
0.000000000
 40
1.184077952
 40
1.184077952
 10
43.322673000
 20
133.518960000
 30
3.000000000
 10
42.138776000
 20
133.498260000
 30
3.000000000
  0
SPLINE
  5
EF7
330
A02
100
AcDbEntity
  8
Shape2DView001
100
AcDbSpline
210
0
220
0
230
1
 70
8
 71
1
 72
4
 73
2
 74
0
 40
0.000000000
 40
0.000000000
 40
1.184078952
 40
1.184078952
 10
42.138776000
 20
133.498260000
 30
3.000000000
 10
40.954878000
 20
133.477560000
 30
3.000000000
  0
SPLINE
  5
EF8
330
A02
100
AcDbEntity
  8
Shape2DView001
100
AcDbSpline
210
0
220
0
230
1
 70
8
 71
1
 72
4
 73
2
 74
0
 40
0.000000000
 40
0.000000000
 40
0.371646258
 40
0.371646258
 10
40.954878000
 20
133.477560000
 30
3.000000000
 10
40.978886000
 20
133.106690000
 30
3.000000000
  0
SPLINE
  5
EF9
330
A02
100
AcDbEntity
  8
Shape2DView001
100
AcDbSpline
210
0
220
0
230
1
 70
8
 71
1
 72
4
 73
2
 74
0
 40
0.000000000
 40
0.000000000
 40
0.602854024
 40
0.602854024
 10
69.894619000
 20
137.579230000
 30
3.000000000
 10
70.495966000
 20
137.536630000
 30
3.000000000
  0
SPLINE
  5
EFA
330
A02
100
AcDbEntity
  8
Shape2DView001
100
AcDbSpline
210
0
220
0
230
1
 70
8
 71
1
 72
4
 73
2
 74
0
 40
0.000000000
 40
0.000000000
 40
3.269876666
 40
3.269876666
 10
70.495966000
 20
137.536630000
 30
3.000000000
 10
70.516846000
 20
134.266820000
 30
3.000000000
  0
SPLINE
  5
EFB
330
A02
100
AcDbEntity
  8
Shape2DView001
100
AcDbSpline
210
0
220
0
230
1
 70
8
 71
3
 72
8
 73
4
 74
0
 40
0.000000000
 40
0.000000000
 40
0.000000000
 40
0.000000000
 40
1.000000000
 40
1.000000000
 40
1.000000000
 40
1.000000000
 10
70.516846000
 20
134.266820000
 30
3.000000000
 10
70.528326000
 20
132.468410000
 30
3.000000000
 10
70.519146000
 20
130.920890000
 30
3.000000000
 10
70.496616000
 20
130.827870000
 30
3.000000000
  0
SPLINE
  5
EFC
330
A02
100
AcDbEntity
  8
Shape2DView001
100
AcDbSpline
210
0
220
0
230
1
 70
8
 71
3
 72
8
 73
4
 74
0
 40
0.000000000
 40
0.000000000
 40
0.000000000
 40
0.000000000
 40
1.000000000
 40
1.000000000
 40
1.000000000
 40
1.000000000
 10
70.496616000
 20
130.827870000
 30
3.000000000
 10
70.456966000
 20
130.664690000
 30
3.000000000
 10
70.425186000
 20
130.658740000
 30
3.000000000
 10
69.592516000
 20
130.658740000
 30
3.000000000
  0
SPLINE
  5
EFD
330
A02
100
AcDbEntity
  8
Shape2DView001
100
AcDbSpline
210
0
220
0
230
1
 70
8
 71
3
 72
8
 73
4
 74
0
 40
0.000000000
 40
0.000000000
 40
0.000000000
 40
0.000000000
 40
1.000000000
 40
1.000000000
 40
1.000000000
 40
1.000000000
 10
69.592516000
 20
130.658740000
 30
3.000000000
 10
68.779626000
 20
130.658740000
 30
3.000000000
 10
68.729513000
 20
130.667740000
 30
3.000000000
 10
68.729513000
 20
130.809080000
 30
3.000000000
  0
SPLINE
  5
EFE
330
A02
100
AcDbEntity
  8
Shape2DView001
100
AcDbSpline
210
0
220
0
230
1
 70
8
 71
3
 72
8
 73
4
 74
0
 40
0.000000000
 40
0.000000000
 40
0.000000000
 40
0.000000000
 40
1.000000000
 40
1.000000000
 40
1.000000000
 40
1.000000000
 10
68.729513000
 20
130.809080000
 30
3.000000000
 10
68.729513000
 20
131.004170000
 30
3.000000000
 10
68.626206000
 20
130.998670000
 30
3.000000000
 10
68.022650000
 20
130.771480000
 30
3.000000000
  0
SPLINE
  5
EFF
330
A02
100
AcDbEntity
  8
Shape2DView001
100
AcDbSpline
210
0
220
0
230
1
 70
8
 71
3
 72
8
 73
4
 74
0
 40
0.000000000
 40
0.000000000
 40
0.000000000
 40
0.000000000
 40
1.000000000
 40
1.000000000
 40
1.000000000
 40
1.000000000
 10
68.022650000
 20
130.771480000
 30
3.000000000
 10
67.158247000
 20
130.446120000
 30
3.000000000
 10
66.147077000
 20
130.535120000
 30
3.000000000
 10
65.552089000
 20
130.988950000
 30
3.000000000
  0
SPLINE
  5
F00
330
A02
100
AcDbEntity
  8
Shape2DView001
100
AcDbSpline
210
0
220
0
230
1
 70
8
 71
1
 72
4
 73
2
 74
0
 40
0.000000000
 40
0.000000000
 40
0.306204437
 40
0.306204437
 10
65.552089000
 20
130.988950000
 30
3.000000000
 10
65.308621000
 20
131.174650000
 30
3.000000000
  0
SPLINE
  5
F01
330
A02
100
AcDbEntity
  8
Shape2DView001
100
AcDbSpline
210
0
220
0
230
1
 70
8
 71
1
 72
4
 73
2
 74
0
 40
0.000000000
 40
0.000000000
 40
0.541836353
 40
0.541836353
 10
65.308621000
 20
131.174650000
 30
3.000000000
 10
64.812772000
 20
130.956200000
 30
3.000000000
  0
SPLINE
  5
F02
330
A02
100
AcDbEntity
  8
Shape2DView001
100
AcDbSpline
210
0
220
0
230
1
 70
8
 71
3
 72
8
 73
4
 74
0
 40
0.000000000
 40
0.000000000
 40
0.000000000
 40
0.000000000
 40
1.000000000
 40
1.000000000
 40
1.000000000
 40
1.000000000
 10
64.812772000
 20
130.956200000
 30
3.000000000
 10
63.479740000
 20
130.368900000
 30
3.000000000
 10
61.995155000
 20
130.429130000
 30
3.000000000
 10
61.317485000
 20
131.097980000
 30
3.000000000
  0
SPLINE
  5
F03
330
A02
100
AcDbEntity
  8
Shape2DView001
100
AcDbSpline
210
0
220
0
230
1
 70
8
 71
3
 72
8
 73
4
 74
0
 40
0.000000000
 40
0.000000000
 40
0.000000000
 40
0.000000000
 40
1.000000000
 40
1.000000000
 40
1.000000000
 40
1.000000000
 10
61.317485000
 20
131.097980000
 30
3.000000000
 10
61.042269000
 20
131.369630000
 30
3.000000000
 10
60.768450000
 20
131.986990000
 30
3.000000000
 10
60.689152000
 20
132.514650000
 30
3.000000000
  0
SPLINE
  5
F04
330
A02
100
AcDbEntity
  8
Shape2DView001
100
AcDbSpline
210
0
220
0
230
1
 70
8
 71
3
 72
8
 73
4
 74
0
 40
0.000000000
 40
0.000000000
 40
0.000000000
 40
0.000000000
 40
1.000000000
 40
1.000000000
 40
1.000000000
 40
1.000000000
 10
60.689152000
 20
132.514650000
 30
3.000000000
 10
60.598922000
 20
133.115100000
 30
3.000000000
 10
60.510223000
 20
136.786000000
 30
3.000000000
 10
60.575444000
 20
137.220920000
 30
3.000000000
  0
SPLINE
  5
F05
330
A02
100
AcDbEntity
  8
Shape2DView001
100
AcDbSpline
210
0
220
0
230
1
 70
8
 71
1
 72
4
 73
2
 74
0
 40
0.000000000
 40
0.000000000
 40
0.357220623
 40
0.357220623
 10
60.575444000
 20
137.220920000
 30
3.000000000
 10
60.628424000
 20
137.574190000
 30
3.000000000
  0
SPLINE
  5
F06
330
A02
100
AcDbEntity
  8
Shape2DView001
100
AcDbSpline
210
0
220
0
230
1
 70
8
 71
1
 72
4
 73
2
 74
0
 40
0.000000000
 40
0.000000000
 40
0.893480000
 40
0.893480000
 10
60.628424000
 20
137.574190000
 30
3.000000000
 10
61.521904000
 20
137.574190000
 30
3.000000000
  0
SPLINE
  5
F07
330
A02
100
AcDbEntity
  8
Shape2DView001
100
AcDbSpline
210
0
220
0
230
1
 70
8
 71
1
 72
4
 73
2
 74
0
 40
0.000000000
 40
0.000000000
 40
0.893484000
 40
0.893484000
 10
61.521904000
 20
137.574190000
 30
3.000000000
 10
62.415388000
 20
137.574190000
 30
3.000000000
  0
SPLINE
  5
F08
330
A02
100
AcDbEntity
  8
Shape2DView001
100
AcDbSpline
210
0
220
0
230
1
 70
8
 71
1
 72
4
 73
2
 74
0
 40
0.000000000
 40
0.000000000
 40
2.101000000
 40
2.101000000
 10
62.415388000
 20
137.574190000
 30
3.000000000
 10
62.415388000
 20
135.473190000
 30
3.000000000
  0
SPLINE
  5
F09
330
A02
100
AcDbEntity
  8
Shape2DView001
100
AcDbSpline
210
0
220
0
230
1
 70
8
 71
3
 72
8
 73
4
 74
0
 40
0.000000000
 40
0.000000000
 40
0.000000000
 40
0.000000000
 40
1.000000000
 40
1.000000000
 40
1.000000000
 40
1.000000000
 10
62.415388000
 20
135.473190000
 30
3.000000000
 10
62.415388000
 20
133.185450000
 30
3.000000000
 10
62.471228000
 20
132.700760000
 30
3.000000000
 10
62.769138000
 20
132.402850000
 30
3.000000000
  0
SPLINE
  5
F0A
330
A02
100
AcDbEntity
  8
Shape2DView001
100
AcDbSpline
210
0
220
0
230
1
 70
8
 71
3
 72
8
 73
4
 74
0
 40
0.000000000
 40
0.000000000
 40
0.000000000
 40
0.000000000
 40
1.000000000
 40
1.000000000
 40
1.000000000
 40
1.000000000
 10
62.769138000
 20
132.402850000
 30
3.000000000
 10
62.945408000
 20
132.226580000
 30
3.000000000
 10
62.987861000
 20
132.219170000
 30
3.000000000
 10
63.605918000
 20
132.256720000
 30
3.000000000
  0
SPLINE
  5
F0B
330
A02
100
AcDbEntity
  8
Shape2DView001
100
AcDbSpline
210
0
220
0
230
1
 70
8
 71
3
 72
8
 73
4
 74
0
 40
0.000000000
 40
0.000000000
 40
0.000000000
 40
0.000000000
 40
1.000000000
 40
1.000000000
 40
1.000000000
 40
1.000000000
 10
63.605918000
 20
132.256720000
 30
3.000000000
 10
63.964018000
 20
132.278520000
 30
3.000000000
 10
64.352971000
 20
132.334020000
 30
3.000000000
 10
64.470259000
 20
132.380150000
 30
3.000000000
  0
SPLINE
  5
F0C
330
A02
100
AcDbEntity
  8
Shape2DView001
100
AcDbSpline
210
0
220
0
230
1
 70
8
 71
1
 72
4
 73
2
 74
0
 40
0.000000000
 40
0.000000000
 40
0.229161949
 40
0.229161949
 10
64.470259000
 20
132.380150000
 30
3.000000000
 10
64.683510000
 20
132.464050000
 30
3.000000000
  0
SPLINE
  5
F0D
330
A02
100
AcDbEntity
  8
Shape2DView001
100
AcDbSpline
210
0
220
0
230
1
 70
8
 71
1
 72
4
 73
2
 74
0
 40
0.000000000
 40
0.000000000
 40
2.358522082
 40
2.358522082
 10
64.683510000
 20
132.464050000
 30
3.000000000
 10
64.628910000
 20
134.821940000
 30
3.000000000
  0
SPLINE
  5
F0E
330
A02
100
AcDbEntity
  8
Shape2DView001
100
AcDbSpline
210
0
220
0
230
1
 70
8
 71
3
 72
8
 73
4
 74
0
 40
0.000000000
 40
0.000000000
 40
0.000000000
 40
0.000000000
 40
1.000000000
 40
1.000000000
 40
1.000000000
 40
1.000000000
 10
64.628910000
 20
134.821940000
 30
3.000000000
 10
64.598880000
 20
136.118770000
 30
3.000000000
 10
64.596580000
 20
137.268570000
 30
3.000000000
 10
64.623810000
 20
137.377030000
 30
3.000000000
  0
SPLINE
  5
F0F
330
A02
100
AcDbEntity
  8
Shape2DView001
100
AcDbSpline
210
0
220
0
230
1
 70
8
 71
1
 72
4
 73
2
 74
0
 40
0.000000000
 40
0.000000000
 40
0.203315273
 40
0.203315273
 10
64.623810000
 20
137.377030000
 30
3.000000000
 10
64.673300000
 20
137.574230000
 30
3.000000000
  0
SPLINE
  5
F10
330
A02
100
AcDbEntity
  8
Shape2DView001
100
AcDbSpline
210
0
220
0
230
1
 70
8
 71
1
 72
4
 73
2
 74
0
 40
0.000000000
 40
0.000000000
 40
0.900567000
 40
0.900567000
 10
64.673300000
 20
137.574230000
 30
3.000000000
 10
65.573867000
 20
137.574230000
 30
3.000000000
  0
SPLINE
  5
F11
330
A02
100
AcDbEntity
  8
Shape2DView001
100
AcDbSpline
210
0
220
0
230
1
 70
8
 71
1
 72
4
 73
2
 74
0
 40
0.000000000
 40
0.000000000
 40
0.900586000
 40
0.900586000
 10
65.573867000
 20
137.574230000
 30
3.000000000
 10
66.474453000
 20
137.574230000
 30
3.000000000
  0
SPLINE
  5
F12
330
A02
100
AcDbEntity
  8
Shape2DView001
100
AcDbSpline
210
0
220
0
230
1
 70
8
 71
1
 72
4
 73
2
 74
0
 40
0.000000000
 40
0.000000000
 40
2.101040000
 40
2.101040000
 10
66.474453000
 20
137.574230000
 30
3.000000000
 10
66.474453000
 20
135.473190000
 30
3.000000000
  0
SPLINE
  5
F13
330
A02
100
AcDbEntity
  8
Shape2DView001
100
AcDbSpline
210
0
220
0
230
1
 70
8
 71
3
 72
8
 73
4
 74
0
 40
0.000000000
 40
0.000000000
 40
0.000000000
 40
0.000000000
 40
1.000000000
 40
1.000000000
 40
1.000000000
 40
1.000000000
 10
66.474453000
 20
135.473190000
 30
3.000000000
 10
66.474453000
 20
132.645940000
 30
3.000000000
 10
66.561753000
 20
132.312320000
 30
3.000000000
 10
67.331814000
 20
132.196850000
 30
3.000000000
  0
SPLINE
  5
F14
330
A02
100
AcDbEntity
  8
Shape2DView001
100
AcDbSpline
210
0
220
0
230
1
 70
8
 71
3
 72
8
 73
4
 74
0
 40
0.000000000
 40
0.000000000
 40
0.000000000
 40
0.000000000
 40
1.000000000
 40
1.000000000
 40
1.000000000
 40
1.000000000
 10
67.331814000
 20
132.196850000
 30
3.000000000
 10
67.626962000
 20
132.152550000
 30
3.000000000
 10
68.532202000
 20
132.315320000
 30
3.000000000
 10
68.650289000
 20
132.433870000
 30
3.000000000
  0
SPLINE
  5
F15
330
A02
100
AcDbEntity
  8
Shape2DView001
100
AcDbSpline
210
0
220
0
230
1
 70
8
 71
3
 72
8
 73
4
 74
0
 40
0.000000000
 40
0.000000000
 40
0.000000000
 40
0.000000000
 40
1.000000000
 40
1.000000000
 40
1.000000000
 40
1.000000000
 10
68.650289000
 20
132.433870000
 30
3.000000000
 10
68.673189000
 20
132.456870000
 30
3.000000000
 10
68.679849000
 20
133.582990000
 30
3.000000000
 10
68.665089000
 20
134.936390000
 30
3.000000000
  0
SPLINE
  5
F16
330
A02
100
AcDbEntity
  8
Shape2DView001
100
AcDbSpline
210
0
220
0
230
1
 70
8
 71
3
 72
8
 73
4
 74
0
 40
0.000000000
 40
0.000000000
 40
0.000000000
 40
0.000000000
 40
1.000000000
 40
1.000000000
 40
1.000000000
 40
1.000000000
 10
68.665089000
 20
134.936390000
 30
3.000000000
 10
68.640849000
 20
137.161700000
 30
3.000000000
 10
68.650339000
 20
137.409200000
 30
3.000000000
 10
68.764419000
 20
137.523270000
 30
3.000000000
  0
SPLINE
  5
F17
330
A02
100
AcDbEntity
  8
Shape2DView001
100
AcDbSpline
210
0
220
0
230
1
 70
8
 71
3
 72
8
 73
4
 74
0
 40
0.000000000
 40
0.000000000
 40
0.000000000
 40
0.000000000
 40
1.000000000
 40
1.000000000
 40
1.000000000
 40
1.000000000
 10
68.764419000
 20
137.523270000
 30
3.000000000
 10
68.833789000
 20
137.592670000
 30
3.000000000
 10
68.981162000
 20
137.643200000
 30
3.000000000
 10
69.091898000
 20
137.635620000
 30
3.000000000
  0
SPLINE
  5
F18
330
A02
100
AcDbEntity
  8
Shape2DView001
100
AcDbSpline
210
0
220
0
230
1
 70
8
 71
3
 72
8
 73
4
 74
0
 40
0.000000000
 40
0.000000000
 40
0.000000000
 40
0.000000000
 40
1.000000000
 40
1.000000000
 40
1.000000000
 40
1.000000000
 10
69.091898000
 20
137.635620000
 30
3.000000000
 10
69.202638000
 20
137.627620000
 30
3.000000000
 10
69.563848000
 20
137.602620000
 30
3.000000000
 10
69.894589000
 20
137.579220000
 30
3.000000000
  0
SPLINE
  5
F19
330
A02
100
AcDbEntity
  8
Shape2DView001
100
AcDbSpline
210
0
220
0
230
1
 70
8
 71
1
 72
4
 73
2
 74
0
 40
0.000000000
 40
0.000000000
 40
0.000031623
 40
0.000031623
 10
69.894589000
 20
137.579220000
 30
3.000000000
 10
69.894619000
 20
137.579230000
 30
3.000000000
  0
SPLINE
  5
F1A
330
A02
100
AcDbEntity
  8
Shape2DView001
100
AcDbSpline
210
0
220
0
230
1
 70
8
 71
1
 72
4
 73
2
 74
0
 40
0.000000000
 40
0.000000000
 40
4.815680000
 40
4.815680000
 10
51.741506000
 20
132.763460000
 30
3.000000000
 10
51.741506000
 20
127.947780000
 30
3.000000000
  0
SPLINE
  5
F1B
330
A02
100
AcDbEntity
  8
Shape2DView001
100
AcDbSpline
210
0
220
0
230
1
 70
8
 71
1
 72
4
 73
2
 74
0
 40
0.000000000
 40
0.000000000
 40
0.845904211
 40
0.845904211
 10
51.741506000
 20
127.947780000
 30
3.000000000
 10
50.895870000
 20
127.969080000
 30
3.000000000
  0
SPLINE
  5
F1C
330
A02
100
AcDbEntity
  8
Shape2DView001
100
AcDbSpline
210
0
220
0
230
1
 70
8
 71
1
 72
4
 73
2
 74
0
 40
0.000000000
 40
0.000000000
 40
0.845915208
 40
0.845915208
 10
50.895870000
 20
127.969080000
 30
3.000000000
 10
50.050223000
 20
127.990380000
 30
3.000000000
  0
SPLINE
  5
F1D
330
A02
100
AcDbEntity
  8
Shape2DView001
100
AcDbSpline
210
0
220
0
230
1
 70
8
 71
1
 72
4
 73
2
 74
0
 40
0.000000000
 40
0.000000000
 40
2.725651265
 40
2.725651265
 10
50.050223000
 20
127.990380000
 30
3.000000000
 10
50.030513000
 20
130.715960000
 30
3.000000000
  0
SPLINE
  5
F1E
330
A02
100
AcDbEntity
  8
Shape2DView001
100
AcDbSpline
210
0
220
0
230
1
 70
8
 71
1
 72
4
 73
2
 74
0
 40
0.000000000
 40
0.000000000
 40
2.725651627
 40
2.725651627
 10
50.030513000
 20
130.715960000
 30
3.000000000
 10
50.010753000
 20
133.441540000
 30
3.000000000
  0
SPLINE
  5
F1F
330
A02
100
AcDbEntity
  8
Shape2DView001
100
AcDbSpline
210
0
220
0
230
1
 70
8
 71
1
 72
4
 73
2
 74
0
 40
0.000000000
 40
0.000000000
 40
0.322210333
 40
0.322210333
 10
50.010753000
 20
133.441540000
 30
3.000000000
 10
49.692229000
 20
133.392940000
 30
3.000000000
  0
SPLINE
  5
F20
330
A02
100
AcDbEntity
  8
Shape2DView001
100
AcDbSpline
210
0
220
0
230
1
 70
8
 71
3
 72
8
 73
4
 74
0
 40
0.000000000
 40
0.000000000
 40
0.000000000
 40
0.000000000
 40
1.000000000
 40
1.000000000
 40
1.000000000
 40
1.000000000
 10
49.692229000
 20
133.392940000
 30
3.000000000
 10
49.517041000
 20
133.366240000
 30
3.000000000
 10
49.337008000
 20
133.315640000
 30
3.000000000
 10
49.292153000
 20
133.280550000
 30
3.000000000
  0
SPLINE
  5
F21
330
A02
100
AcDbEntity
  8
Shape2DView001
100
AcDbSpline
210
0
220
0
230
1
 70
8
 71
3
 72
8
 73
4
 74
0
 40
0.000000000
 40
0.000000000
 40
0.000000000
 40
0.000000000
 40
1.000000000
 40
1.000000000
 40
1.000000000
 40
1.000000000
 10
49.292153000
 20
133.280550000
 30
3.000000000
 10
49.247273000
 20
133.245450000
 30
3.000000000
 10
48.930998000
 20
132.672660000
 30
3.000000000
 10
48.589256000
 20
132.007680000
 30
3.000000000
  0
SPLINE
  5
F22
330
A02
100
AcDbEntity
  8
Shape2DView001
100
AcDbSpline
210
0
220
0
230
1
 70
8
 71
3
 72
8
 73
4
 74
0
 40
0.000000000
 40
0.000000000
 40
0.000000000
 40
0.000000000
 40
1.000000000
 40
1.000000000
 40
1.000000000
 40
1.000000000
 10
48.589256000
 20
132.007680000
 30
3.000000000
 10
48.247520000
 20
131.342690000
 30
3.000000000
 10
47.927258000
 20
130.783020000
 30
3.000000000
 10
47.877569000
 20
130.763950000
 30
3.000000000
  0
SPLINE
  5
F23
330
A02
100
AcDbEntity
  8
Shape2DView001
100
AcDbSpline
210
0
220
0
230
1
 70
8
 71
3
 72
8
 73
4
 74
0
 40
0.000000000
 40
0.000000000
 40
0.000000000
 40
0.000000000
 40
1.000000000
 40
1.000000000
 40
1.000000000
 40
1.000000000
 10
47.877569000
 20
130.763950000
 30
3.000000000
 10
47.827879000
 20
130.744850000
 30
3.000000000
 10
47.359784000
 20
130.738850000
 30
3.000000000
 10
46.837370000
 20
130.750450000
 30
3.000000000
  0
SPLINE
  5
F24
330
A02
100
AcDbEntity
  8
Shape2DView001
100
AcDbSpline
210
0
220
0
230
1
 70
8
 71
1
 72
4
 73
2
 74
0
 40
0.000000000
 40
0.000000000
 40
0.950091554
 40
0.950091554
 10
46.837370000
 20
130.750450000
 30
3.000000000
 10
45.887515000
 20
130.771650000
 30
3.000000000
  0
SPLINE
  5
F25
330
A02
100
AcDbEntity
  8
Shape2DView001
100
AcDbSpline
210
0
220
0
230
1
 70
8
 71
1
 72
4
 73
2
 74
0
 40
0.000000000
 40
0.000000000
 40
1.777939586
 40
1.777939586
 10
45.887515000
 20
130.771650000
 30
3.000000000
 10
46.747383000
 20
132.327830000
 30
3.000000000
  0
SPLINE
  5
F26
330
A02
100
AcDbEntity
  8
Shape2DView001
100
AcDbSpline
210
0
220
0
230
1
 70
8
 71
3
 72
8
 73
4
 74
0
 40
0.000000000
 40
0.000000000
 40
0.000000000
 40
0.000000000
 40
1.000000000
 40
1.000000000
 40
1.000000000
 40
1.000000000
 10
46.747383000
 20
132.327830000
 30
3.000000000
 10
47.220308000
 20
133.183720000
 30
3.000000000
 10
47.607251000
 20
133.919980000
 30
3.000000000
 10
47.607251000
 20
133.963940000
 30
3.000000000
  0
SPLINE
  5
F27
330
A02
100
AcDbEntity
  8
Shape2DView001
100
AcDbSpline
210
0
220
0
230
1
 70
8
 71
3
 72
8
 73
4
 74
0
 40
0.000000000
 40
0.000000000
 40
0.000000000
 40
0.000000000
 40
1.000000000
 40
1.000000000
 40
1.000000000
 40
1.000000000
 10
47.607251000
 20
133.963940000
 30
3.000000000
 10
47.607251000
 20
134.007940000
 30
3.000000000
 10
47.235941000
 20
134.753180000
 30
3.000000000
 10
46.782115000
 20
135.620090000
 30
3.000000000
  0
SPLINE
  5
F28
330
A02
100
AcDbEntity
  8
Shape2DView001
100
AcDbSpline
210
0
220
0
230
1
 70
8
 71
3
 72
8
 73
4
 74
0
 40
0.000000000
 40
0.000000000
 40
0.000000000
 40
0.000000000
 40
1.000000000
 40
1.000000000
 40
1.000000000
 40
1.000000000
 10
46.782115000
 20
135.620090000
 30
3.000000000
 10
46.328289000
 20
136.487000000
 30
3.000000000
 10
45.935375000
 20
137.282370000
 30
3.000000000
 10
45.908968000
 20
137.387580000
 30
3.000000000
  0
SPLINE
  5
F29
330
A02
100
AcDbEntity
  8
Shape2DView001
100
AcDbSpline
210
0
220
0
230
1
 70
8
 71
1
 72
4
 73
2
 74
0
 40
0.000000000
 40
0.000000000
 40
0.197215514
 40
0.197215514
 10
45.908968000
 20
137.387580000
 30
3.000000000
 10
45.860948000
 20
137.578860000
 30
3.000000000
  0
SPLINE
  5
F2A
330
A02
100
AcDbEntity
  8
Shape2DView001
100
AcDbSpline
210
0
220
0
230
1
 70
8
 71
1
 72
4
 73
2
 74
0
 40
0.000000000
 40
0.000000000
 40
0.993373996
 40
0.993373996
 10
45.860948000
 20
137.578860000
 30
3.000000000
 10
46.854100000
 20
137.557860000
 30
3.000000000
  0
SPLINE
  5
F2B
330
A02
100
AcDbEntity
  8
Shape2DView001
100
AcDbSpline
210
0
220
0
230
1
 70
8
 71
1
 72
4
 73
2
 74
0
 40
0.000000000
 40
0.000000000
 40
0.993377995
 40
0.993377995
 10
46.854100000
 20
137.557860000
 30
3.000000000
 10
47.847256000
 20
137.536860000
 30
3.000000000
  0
SPLINE
  5
F2C
330
A02
100
AcDbEntity
  8
Shape2DView001
100
AcDbSpline
210
0
220
0
230
1
 70
8
 71
1
 72
4
 73
2
 74
0
 40
0.000000000
 40
0.000000000
 40
1.439950366
 40
1.439950366
 10
47.847256000
 20
137.536860000
 30
3.000000000
 10
48.510981000
 20
136.259000000
 30
3.000000000
  0
SPLINE
  5
F2D
330
A02
100
AcDbEntity
  8
Shape2DView001
100
AcDbSpline
210
0
220
0
230
1
 70
8
 71
3
 72
8
 73
4
 74
0
 40
0.000000000
 40
0.000000000
 40
0.000000000
 40
0.000000000
 40
1.000000000
 40
1.000000000
 40
1.000000000
 40
1.000000000
 10
48.510981000
 20
136.259000000
 30
3.000000000
 10
49.144840000
 20
135.038650000
 30
3.000000000
 10
49.185576000
 20
134.980050000
 30
3.000000000
 10
49.416149000
 20
134.956810000
 30
3.000000000
  0
SPLINE
  5
F2E
330
A02
100
AcDbEntity
  8
Shape2DView001
100
AcDbSpline
210
0
220
0
230
1
 70
8
 71
3
 72
8
 73
4
 74
0
 40
0.000000000
 40
0.000000000
 40
0.000000000
 40
0.000000000
 40
1.000000000
 40
1.000000000
 40
1.000000000
 40
1.000000000
 10
49.416149000
 20
134.956810000
 30
3.000000000
 10
49.548934000
 20
134.943410000
 30
3.000000000
 10
49.736648000
 20
134.952810000
 30
3.000000000
 10
49.833288000
 20
134.976610000
 30
3.000000000
  0
SPLINE
  5
F2F
330
A02
100
AcDbEntity
  8
Shape2DView001
100
AcDbSpline
210
0
220
0
230
1
 70
8
 71
3
 72
8
 73
4
 74
0
 40
0.000000000
 40
0.000000000
 40
0.000000000
 40
0.000000000
 40
1.000000000
 40
1.000000000
 40
1.000000000
 40
1.000000000
 10
49.833288000
 20
134.976610000
 30
3.000000000
 10
50.007626000
 20
135.020310000
 30
3.000000000
 10
50.009153000
 20
135.030510000
 30
3.000000000
 10
50.029599000
 20
136.278800000
 30
3.000000000
  0
SPLINE
  5
F30
330
A02
100
AcDbEntity
  8
Shape2DView001
100
AcDbSpline
210
0
220
0
230
1
 70
8
 71
1
 72
4
 73
2
 74
0
 40
0.000000000
 40
0.000000000
 40
1.258258150
 40
1.258258150
 10
50.029599000
 20
136.278800000
 30
3.000000000
 10
50.050169000
 20
137.536890000
 30
3.000000000
  0
SPLINE
  5
F31
330
A02
100
AcDbEntity
  8
Shape2DView001
100
AcDbSpline
210
0
220
0
230
1
 70
8
 71
1
 72
4
 73
2
 74
0
 40
0.000000000
 40
0.000000000
 40
0.845910209
 40
0.845910209
 10
50.050169000
 20
137.536890000
 30
3.000000000
 10
50.895811000
 20
137.558190000
 30
3.000000000
  0
SPLINE
  5
F32
330
A02
100
AcDbEntity
  8
Shape2DView001
100
AcDbSpline
210
0
220
0
230
1
 70
8
 71
1
 72
4
 73
2
 74
0
 40
0.000000000
 40
0.000000000
 40
0.845910209
 40
0.845910209
 10
50.895811000
 20
137.558190000
 30
3.000000000
 10
51.741453000
 20
137.579490000
 30
3.000000000
  0
SPLINE
  5
F33
330
A02
100
AcDbEntity
  8
Shape2DView001
100
AcDbSpline
210
0
220
0
230
1
 70
8
 71
1
 72
4
 73
2
 74
0
 40
0.000000000
 40
0.000000000
 40
4.816030000
 40
4.816030000
 10
51.741453000
 20
137.579490000
 30
3.000000000
 10
51.741506000
 20
132.763460000
 30
3.000000000
  0
SPLINE
  5
F34
330
A02
100
AcDbEntity
  8
Shape2DView001
100
AcDbSpline
210
0
220
0
230
1
 70
8
 71
3
 72
8
 73
4
 74
0
 40
0.000000000
 40
0.000000000
 40
0.000000000
 40
0.000000000
 40
1.000000000
 40
1.000000000
 40
1.000000000
 40
1.000000000
 10
37.785280000
 20
137.524110000
 30
3.000000000
 10
37.812880000
 20
137.496510000
 30
3.000000000
 10
37.835380000
 20
137.006080000
 30
3.000000000
 10
37.835380000
 20
136.434180000
 30
3.000000000
  0
SPLINE
  5
F35
330
A02
100
AcDbEntity
  8
Shape2DView001
100
AcDbSpline
210
0
220
0
230
1
 70
8
 71
1
 72
4
 73
2
 74
0
 40
0.000000000
 40
0.000000000
 40
1.039830000
 40
1.039830000
 10
37.835380000
 20
136.434180000
 30
3.000000000
 10
37.835380000
 20
135.394350000
 30
3.000000000
  0
SPLINE
  5
F36
330
A02
100
AcDbEntity
  8
Shape2DView001
100
AcDbSpline
210
0
220
0
230
1
 70
8
 71
1
 72
4
 73
2
 74
0
 40
0.000000000
 40
0.000000000
 40
0.939600000
 40
0.939600000
 10
37.835380000
 20
135.394350000
 30
3.000000000
 10
36.895780000
 20
135.394350000
 30
3.000000000
  0
SPLINE
  5
F37
330
A02
100
AcDbEntity
  8
Shape2DView001
100
AcDbSpline
210
0
220
0
230
1
 70
8
 71
1
 72
4
 73
2
 74
0
 40
0.000000000
 40
0.000000000
 40
0.939600000
 40
0.939600000
 10
36.895780000
 20
135.394350000
 30
3.000000000
 10
35.956180000
 20
135.394350000
 30
3.000000000
  0
SPLINE
  5
F38
330
A02
100
AcDbEntity
  8
Shape2DView001
100
AcDbSpline
210
0
220
0
230
1
 70
8
 71
1
 72
4
 73
2
 74
0
 40
0.000000000
 40
0.000000000
 40
1.089930000
 40
1.089930000
 10
35.956180000
 20
135.394350000
 30
3.000000000
 10
35.956180000
 20
136.484280000
 30
3.000000000
  0
SPLINE
  5
F39
330
A02
100
AcDbEntity
  8
Shape2DView001
100
AcDbSpline
210
0
220
0
230
1
 70
8
 71
1
 72
4
 73
2
 74
0
 40
0.000000000
 40
0.000000000
 40
1.089940000
 40
1.089940000
 10
35.956180000
 20
136.484280000
 30
3.000000000
 10
35.956180000
 20
137.574220000
 30
3.000000000
  0
SPLINE
  5
F3A
330
A02
100
AcDbEntity
  8
Shape2DView001
100
AcDbSpline
210
0
220
0
230
1
 70
8
 71
1
 72
4
 73
2
 74
0
 40
0.000000000
 40
0.000000000
 40
0.889490000
 40
0.889490000
 10
35.956180000
 20
137.574220000
 30
3.000000000
 10
36.845670000
 20
137.574220000
 30
3.000000000
  0
SPLINE
  5
F3B
330
A02
100
AcDbEntity
  8
Shape2DView001
100
AcDbSpline
210
0
220
0
230
1
 70
8
 71
3
 72
8
 73
4
 74
0
 40
0.000000000
 40
0.000000000
 40
0.000000000
 40
0.000000000
 40
1.000000000
 40
1.000000000
 40
1.000000000
 40
1.000000000
 10
36.845670000
 20
137.574220000
 30
3.000000000
 10
37.334890000
 20
137.574220000
 30
3.000000000
 10
37.757710000
 20
137.551620000
 30
3.000000000
 10
37.785270000
 20
137.524120000
 30
3.000000000
  0
SPLINE
  5
F3C
330
A02
100
AcDbEntity
  8
Shape2DView001
100
AcDbSpline
210
0
220
0
230
1
 70
8
 71
1
 72
4
 73
2
 74
0
 40
0.000000000
 40
0.000000000
 40
0.000014142
 40
0.000014142
 10
37.785270000
 20
137.524120000
 30
3.000000000
 10
37.785280000
 20
137.524110000
 30
3.000000000
  0
SPLINE
  5
F3D
330
A02
100
AcDbEntity
  8
Shape2DView001
100
AcDbSpline
210
0
220
0
230
1
 70
8
 71
3
 72
8
 73
4
 74
0
 40
0.000000000
 40
0.000000000
 40
0.000000000
 40
0.000000000
 40
1.000000000
 40
1.000000000
 40
1.000000000
 40
1.000000000
 10
60.085456000
 20
132.800710000
 30
3.000000000
 10
60.257141000
 20
132.593840000
 30
3.000000000
 10
60.314131000
 20
131.525090000
 30
3.000000000
 10
60.191096000
 20
130.819560000
 30
3.000000000
  0
SPLINE
  5
F3E
330
A02
100
AcDbEntity
  8
Shape2DView001
100
AcDbSpline
210
0
220
0
230
1
 70
8
 71
3
 72
8
 73
4
 74
0
 40
0.000000000
 40
0.000000000
 40
0.000000000
 40
0.000000000
 40
1.000000000
 40
1.000000000
 40
1.000000000
 40
1.000000000
 10
60.191096000
 20
130.819560000
 30
3.000000000
 10
60.023477000
 20
129.858350000
 30
3.000000000
 10
59.575088000
 20
129.158310000
 30
3.000000000
 10
58.793772000
 20
128.637990000
 30
3.000000000
  0
SPLINE
  5
F3F
330
A02
100
AcDbEntity
  8
Shape2DView001
100
AcDbSpline
210
0
220
0
230
1
 70
8
 71
3
 72
8
 73
4
 74
0
 40
0.000000000
 40
0.000000000
 40
0.000000000
 40
0.000000000
 40
1.000000000
 40
1.000000000
 40
1.000000000
 40
1.000000000
 10
58.793772000
 20
128.637990000
 30
3.000000000
 10
58.411717000
 20
128.383560000
 30
3.000000000
 10
58.284480000
 20
128.355260000
 30
3.000000000
 10
58.145836000
 20
128.493910000
 30
3.000000000
  0
SPLINE
  5
F40
330
A02
100
AcDbEntity
  8
Shape2DView001
100
AcDbSpline
210
0
220
0
230
1
 70
8
 71
3
 72
8
 73
4
 74
0
 40
0.000000000
 40
0.000000000
 40
0.000000000
 40
0.000000000
 40
1.000000000
 40
1.000000000
 40
1.000000000
 40
1.000000000
 10
58.145836000
 20
128.493910000
 30
3.000000000
 10
57.955103000
 20
128.684640000
 30
3.000000000
 10
58.049306000
 20
128.904040000
 30
3.000000000
 10
58.450266000
 20
129.202940000
 30
3.000000000
  0
SPLINE
  5
F41
330
A02
100
AcDbEntity
  8
Shape2DView001
100
AcDbSpline
210
0
220
0
230
1
 70
8
 71
3
 72
8
 73
4
 74
0
 40
0.000000000
 40
0.000000000
 40
0.000000000
 40
0.000000000
 40
1.000000000
 40
1.000000000
 40
1.000000000
 40
1.000000000
 10
58.450266000
 20
129.202940000
 30
3.000000000
 10
58.885878000
 20
129.527680000
 30
3.000000000
 10
59.274765000
 20
130.107390000
 30
3.000000000
 10
59.448612000
 20
130.691190000
 30
3.000000000
  0
SPLINE
  5
F42
330
A02
100
AcDbEntity
  8
Shape2DView001
100
AcDbSpline
210
0
220
0
230
1
 70
8
 71
3
 72
8
 73
4
 74
0
 40
0.000000000
 40
0.000000000
 40
0.000000000
 40
0.000000000
 40
1.000000000
 40
1.000000000
 40
1.000000000
 40
1.000000000
 10
59.448612000
 20
130.691190000
 30
3.000000000
 10
59.516832000
 20
130.920300000
 30
3.000000000
 10
59.558996000
 20
131.381100000
 30
3.000000000
 10
59.558996000
 20
131.897640000
 30
3.000000000
  0
SPLINE
  5
F43
330
A02
100
AcDbEntity
  8
Shape2DView001
100
AcDbSpline
210
0
220
0
230
1
 70
8
 71
3
 72
8
 73
4
 74
0
 40
0.000000000
 40
0.000000000
 40
0.000000000
 40
0.000000000
 40
1.000000000
 40
1.000000000
 40
1.000000000
 40
1.000000000
 10
59.558996000
 20
131.897640000
 30
3.000000000
 10
59.558996000
 20
132.752760000
 30
3.000000000
 10
59.607566000
 20
132.913800000
 30
3.000000000
 10
59.865500000
 20
132.913800000
 30
3.000000000
  0
SPLINE
  5
F44
330
A02
100
AcDbEntity
  8
Shape2DView001
100
AcDbSpline
210
0
220
0
230
1
 70
8
 71
3
 72
8
 73
4
 74
0
 40
0.000000000
 40
0.000000000
 40
0.000000000
 40
0.000000000
 40
1.000000000
 40
1.000000000
 40
1.000000000
 40
1.000000000
 10
59.865500000
 20
132.913800000
 30
3.000000000
 10
59.934860000
 20
132.913800000
 30
3.000000000
 10
60.033835000
 20
132.862900000
 30
3.000000000
 10
60.085456000
 20
132.800710000
 30
3.000000000
  0
SPLINE
  5
F45
330
A02
100
AcDbEntity
  8
Shape2DView001
100
AcDbSpline
210
0
220
0
230
1
 70
8
 71
3
 72
8
 73
4
 74
0
 40
0.000000000
 40
0.000000000
 40
0.000000000
 40
0.000000000
 40
1.000000000
 40
1.000000000
 40
1.000000000
 40
1.000000000
 10
52.863561000
 20
132.807710000
 30
3.000000000
 10
52.923841000
 20
132.735110000
 30
3.000000000
 10
52.936191000
 20
132.527370000
 30
3.000000000
 10
52.902701000
 20
132.149990000
 30
3.000000000
  0
SPLINE
  5
F46
330
A02
100
AcDbEntity
  8
Shape2DView001
100
AcDbSpline
210
0
220
0
230
1
 70
8
 71
3
 72
8
 73
4
 74
0
 40
0.000000000
 40
0.000000000
 40
0.000000000
 40
0.000000000
 40
1.000000000
 40
1.000000000
 40
1.000000000
 40
1.000000000
 10
52.902701000
 20
132.149990000
 30
3.000000000
 10
52.814141000
 20
131.152940000
 30
3.000000000
 10
53.250866000
 20
129.800110000
 30
3.000000000
 10
53.782429000
 20
129.424910000
 30
3.000000000
  0
SPLINE
  5
F47
330
A02
100
AcDbEntity
  8
Shape2DView001
100
AcDbSpline
210
0
220
0
230
1
 70
8
 71
3
 72
8
 73
4
 74
0
 40
0.000000000
 40
0.000000000
 40
0.000000000
 40
0.000000000
 40
1.000000000
 40
1.000000000
 40
1.000000000
 40
1.000000000
 10
53.782429000
 20
129.424910000
 30
3.000000000
 10
53.879539000
 20
129.356310000
 30
3.000000000
 10
54.077152000
 20
129.224220000
 30
3.000000000
 10
54.221566000
 20
129.131260000
 30
3.000000000
  0
SPLINE
  5
F48
330
A02
100
AcDbEntity
  8
Shape2DView001
100
AcDbSpline
210
0
220
0
230
1
 70
8
 71
3
 72
8
 73
4
 74
0
 40
0.000000000
 40
0.000000000
 40
0.000000000
 40
0.000000000
 40
1.000000000
 40
1.000000000
 40
1.000000000
 40
1.000000000
 10
54.221566000
 20
129.131260000
 30
3.000000000
 10
54.529325000
 20
128.933160000
 30
3.000000000
 10
54.587044000
 20
128.749740000
 30
3.000000000
 10
54.404944000
 20
128.548520000
 30
3.000000000
  0
SPLINE
  5
F49
330
A02
100
AcDbEntity
  8
Shape2DView001
100
AcDbSpline
210
0
220
0
230
1
 70
8
 71
3
 72
8
 73
4
 74
0
 40
0.000000000
 40
0.000000000
 40
0.000000000
 40
0.000000000
 40
1.000000000
 40
1.000000000
 40
1.000000000
 40
1.000000000
 10
54.404944000
 20
128.548520000
 30
3.000000000
 10
54.221120000
 20
128.345400000
 30
3.000000000
 10
54.028806000
 20
128.367420000
 30
3.000000000
 10
53.603548000
 20
128.640320000
 30
3.000000000
  0
SPLINE
  5
F4A
330
A02
100
AcDbEntity
  8
Shape2DView001
100
AcDbSpline
210
0
220
0
230
1
 70
8
 71
3
 72
8
 73
4
 74
0
 40
0.000000000
 40
0.000000000
 40
0.000000000
 40
0.000000000
 40
1.000000000
 40
1.000000000
 40
1.000000000
 40
1.000000000
 10
53.603548000
 20
128.640320000
 30
3.000000000
 10
53.116342000
 20
128.952960000
 30
3.000000000
 10
52.777224000
 20
129.411710000
 30
3.000000000
 10
52.481030000
 20
130.158830000
 30
3.000000000
  0
SPLINE
  5
F4B
330
A02
100
AcDbEntity
  8
Shape2DView001
100
AcDbSpline
210
0
220
0
230
1
 70
8
 71
3
 72
8
 73
4
 74
0
 40
0.000000000
 40
0.000000000
 40
0.000000000
 40
0.000000000
 40
1.000000000
 40
1.000000000
 40
1.000000000
 40
1.000000000
 10
52.481030000
 20
130.158830000
 30
3.000000000
 10
52.256109000
 20
130.726180000
 30
3.000000000
 10
52.237812000
 20
130.838420000
 30
3.000000000
 10
52.234120000
 20
131.673600000
 30
3.000000000
  0
SPLINE
  5
F4C
330
A02
100
AcDbEntity
  8
Shape2DView001
100
AcDbSpline
210
0
220
0
230
1
 70
8
 71
3
 72
8
 73
4
 74
0
 40
0.000000000
 40
0.000000000
 40
0.000000000
 40
0.000000000
 40
1.000000000
 40
1.000000000
 40
1.000000000
 40
1.000000000
 10
52.234120000
 20
131.673600000
 30
3.000000000
 10
52.229820000
 20
132.665550000
 30
3.000000000
 10
52.302870000
 20
132.913870000
 30
3.000000000
 10
52.599410000
 20
132.913870000
 30
3.000000000
  0
SPLINE
  5
F4D
330
A02
100
AcDbEntity
  8
Shape2DView001
100
AcDbSpline
210
0
220
0
230
1
 70
8
 71
3
 72
8
 73
4
 74
0
 40
0.000000000
 40
0.000000000
 40
0.000000000
 40
0.000000000
 40
1.000000000
 40
1.000000000
 40
1.000000000
 40
1.000000000
 10
52.599410000
 20
132.913870000
 30
3.000000000
 10
52.696250000
 20
132.913870000
 30
3.000000000
 10
52.815129000
 20
132.866170000
 30
3.000000000
 10
52.863589000
 20
132.807720000
 30
3.000000000
  0
SPLINE
  5
F4E
330
A02
100
AcDbEntity
  8
Shape2DView001
100
AcDbSpline
210
0
220
0
230
1
 70
8
 71
1
 72
4
 73
2
 74
0
 40
0.000000000
 40
0.000000000
 40
0.000029732
 40
0.000029732
 10
52.863589000
 20
132.807720000
 30
3.000000000
 10
52.863561000
 20
132.807710000
 30
3.000000000
  0
SPLINE
  5
F4F
330
A02
100
AcDbEntity
  8
Shape2DView001
100
AcDbSpline
210
0
220
0
230
1
 70
8
 71
3
 72
8
 73
4
 74
0
 40
0.000000000
 40
0.000000000
 40
0.000000000
 40
0.000000000
 40
1.000000000
 40
1.000000000
 40
1.000000000
 40
1.000000000
 10
57.207419000
 20
129.665130000
 30
3.000000000
 10
57.249229000
 20
129.612230000
 30
3.000000000
 10
57.306659000
 20
129.416950000
 30
3.000000000
 10
57.335065000
 20
129.231260000
 30
3.000000000
  0
SPLINE
  5
F50
330
A02
100
AcDbEntity
  8
Shape2DView001
100
AcDbSpline
210
0
220
0
230
1
 70
8
 71
3
 72
8
 73
4
 74
0
 40
0.000000000
 40
0.000000000
 40
0.000000000
 40
0.000000000
 40
1.000000000
 40
1.000000000
 40
1.000000000
 40
1.000000000
 10
57.335065000
 20
129.231260000
 30
3.000000000
 10
57.406275000
 20
128.765670000
 30
3.000000000
 10
57.658886000
 20
128.289820000
 30
3.000000000
 10
57.997002000
 20
127.984350000
 30
3.000000000
  0
SPLINE
  5
F51
330
A02
100
AcDbEntity
  8
Shape2DView001
100
AcDbSpline
210
0
220
0
230
1
 70
8
 71
3
 72
8
 73
4
 74
0
 40
0.000000000
 40
0.000000000
 40
0.000000000
 40
0.000000000
 40
1.000000000
 40
1.000000000
 40
1.000000000
 40
1.000000000
 10
57.997002000
 20
127.984350000
 30
3.000000000
 10
58.278176000
 20
127.730330000
 30
3.000000000
 10
58.289952000
 20
127.727260000
 30
3.000000000
 10
58.983801000
 20
127.727260000
 30
3.000000000
  0
SPLINE
  5
F52
330
A02
100
AcDbEntity
  8
Shape2DView001
100
AcDbSpline
210
0
220
0
230
1
 70
8
 71
3
 72
8
 73
4
 74
0
 40
0.000000000
 40
0.000000000
 40
0.000000000
 40
0.000000000
 40
1.000000000
 40
1.000000000
 40
1.000000000
 40
1.000000000
 10
58.983801000
 20
127.727260000
 30
3.000000000
 10
59.590571000
 20
127.727260000
 30
3.000000000
 10
59.704529000
 20
127.747760000
 30
3.000000000
 10
59.822087000
 20
127.877600000
 30
3.000000000
  0
SPLINE
  5
F53
330
A02
100
AcDbEntity
  8
Shape2DView001
100
AcDbSpline
210
0
220
0
230
1
 70
8
 71
2
 72
6
 73
3
 74
0
 40
0.000000000
 40
0.000000000
 40
0.000000000
 40
1.000000000
 40
1.000000000
 40
1.000000000
 10
59.822087000
 20
127.877600000
 30
3.000000000
 10
60.100668000
 20
128.181865000
 30
3.000000000
 10
60.374818000
 20
127.836900000
 30
3.000000000
  0
SPLINE
  5
F54
330
A02
100
AcDbEntity
  8
Shape2DView001
100
AcDbSpline
210
0
220
0
230
1
 70
8
 71
3
 72
8
 73
4
 74
0
 40
0.000000000
 40
0.000000000
 40
0.000000000
 40
0.000000000
 40
1.000000000
 40
1.000000000
 40
1.000000000
 40
1.000000000
 10
60.374818000
 20
127.836900000
 30
3.000000000
 10
60.636221000
 20
127.504580000
 30
3.000000000
 10
60.782331000
 20
126.500050000
 30
3.000000000
 10
60.596317000
 20
126.314040000
 30
3.000000000
  0
SPLINE
  5
F55
330
A02
100
AcDbEntity
  8
Shape2DView001
100
AcDbSpline
210
0
220
0
230
1
 70
8
 71
3
 72
8
 73
4
 74
0
 40
0.000000000
 40
0.000000000
 40
0.000000000
 40
0.000000000
 40
1.000000000
 40
1.000000000
 40
1.000000000
 40
1.000000000
 10
60.596317000
 20
126.314040000
 30
3.000000000
 10
60.502387000
 20
126.220140000
 30
3.000000000
 10
59.884649000
 20
126.190120000
 30
3.000000000
 10
59.677898000
 20
126.269440000
 30
3.000000000
  0
SPLINE
  5
F56
330
A02
100
AcDbEntity
  8
Shape2DView001
100
AcDbSpline
210
0
220
0
230
1
 70
8
 71
2
 72
6
 73
3
 74
0
 40
0.000000000
 40
0.000000000
 40
0.000000000
 40
1.000000000
 40
1.000000000
 40
1.000000000
 10
59.677898000
 20
126.269440000
 30
3.000000000
 10
59.557532000
 20
126.311912500
 30
3.000000000
 10
59.558996000
 20
126.618220000
 30
3.000000000
  0
SPLINE
  5
F57
330
A02
100
AcDbEntity
  8
Shape2DView001
100
AcDbSpline
210
0
220
0
230
1
 70
8
 71
1
 72
4
 73
2
 74
0
 40
0.000000000
 40
0.000000000
 40
0.303150000
 40
0.303150000
 10
59.558996000
 20
126.618220000
 30
3.000000000
 10
59.558996000
 20
126.921370000
 30
3.000000000
  0
SPLINE
  5
F58
330
A02
100
AcDbEntity
  8
Shape2DView001
100
AcDbSpline
210
0
220
0
230
1
 70
8
 71
1
 72
4
 73
2
 74
0
 40
0.000000000
 40
0.000000000
 40
0.410864930
 40
0.410864930
 10
59.558996000
 20
126.921370000
 30
3.000000000
 10
59.150304000
 20
126.879170000
 30
3.000000000
  0
SPLINE
  5
F59
330
A02
100
AcDbEntity
  8
Shape2DView001
100
AcDbSpline
210
0
220
0
230
1
 70
8
 71
3
 72
8
 73
4
 74
0
 40
0.000000000
 40
0.000000000
 40
0.000000000
 40
0.000000000
 40
1.000000000
 40
1.000000000
 40
1.000000000
 40
1.000000000
 10
59.150304000
 20
126.879170000
 30
3.000000000
 10
58.925521000
 20
126.855970000
 30
3.000000000
 10
58.443505000
 20
126.712410000
 30
3.000000000
 10
58.079155000
 20
126.560160000
 30
3.000000000
  0
SPLINE
  5
F5A
330
A02
100
AcDbEntity
  8
Shape2DView001
100
AcDbSpline
210
0
220
0
230
1
 70
8
 71
3
 72
8
 73
4
 74
0
 40
0.000000000
 40
0.000000000
 40
0.000000000
 40
0.000000000
 40
1.000000000
 40
1.000000000
 40
1.000000000
 40
1.000000000
 10
58.079155000
 20
126.560160000
 30
3.000000000
 10
57.459913000
 20
126.301380000
 30
3.000000000
 10
57.352970000
 20
126.280880000
 30
3.000000000
 10
56.439519000
 20
126.245840000
 30
3.000000000
  0
SPLINE
  5
F5B
330
A02
100
AcDbEntity
  8
Shape2DView001
100
AcDbSpline
210
0
220
0
230
1
 70
8
 71
3
 72
8
 73
4
 74
0
 40
0.000000000
 40
0.000000000
 40
0.000000000
 40
0.000000000
 40
1.000000000
 40
1.000000000
 40
1.000000000
 40
1.000000000
 10
56.439519000
 20
126.245840000
 30
3.000000000
 10
55.631749000
 20
126.214840000
 30
3.000000000
 10
55.403687000
 20
126.230740000
 30
3.000000000
 10
55.124076000
 20
126.337840000
 30
3.000000000
  0
SPLINE
  5
F5C
330
A02
100
AcDbEntity
  8
Shape2DView001
100
AcDbSpline
210
0
220
0
230
1
 70
8
 71
3
 72
8
 73
4
 74
0
 40
0.000000000
 40
0.000000000
 40
0.000000000
 40
0.000000000
 40
1.000000000
 40
1.000000000
 40
1.000000000
 40
1.000000000
 10
55.124076000
 20
126.337840000
 30
3.000000000
 10
54.020705000
 20
126.760150000
 30
3.000000000
 10
53.259930000
 20
126.997370000
 30
3.000000000
 10
53.147424000
 20
126.954190000
 30
3.000000000
  0
SPLINE
  5
F5D
330
A02
100
AcDbEntity
  8
Shape2DView001
100
AcDbSpline
210
0
220
0
230
1
 70
8
 71
3
 72
8
 73
4
 74
0
 40
0.000000000
 40
0.000000000
 40
0.000000000
 40
0.000000000
 40
1.000000000
 40
1.000000000
 40
1.000000000
 40
1.000000000
 10
53.147424000
 20
126.954190000
 30
3.000000000
 10
53.052604000
 20
126.917790000
 30
3.000000000
 10
53.019368000
 20
126.815750000
 30
3.000000000
 10
53.019368000
 20
126.561000000
 30
3.000000000
  0
SPLINE
  5
F5E
330
A02
100
AcDbEntity
  8
Shape2DView001
100
AcDbSpline
210
0
220
0
230
1
 70
8
 71
1
 72
4
 73
2
 74
0
 40
0.000000000
 40
0.000000000
 40
0.344050000
 40
0.344050000
 10
53.019368000
 20
126.561000000
 30
3.000000000
 10
53.019368000
 20
126.216950000
 30
3.000000000
  0
SPLINE
  5
F5F
330
A02
100
AcDbEntity
  8
Shape2DView001
100
AcDbSpline
210
0
220
0
230
1
 70
8
 71
1
 72
4
 73
2
 74
0
 40
0.000000000
 40
0.000000000
 40
0.507870434
 40
0.507870434
 10
53.019368000
 20
126.216950000
 30
3.000000000
 10
52.511983000
 20
126.239150000
 30
3.000000000
  0
SPLINE
  5
F60
330
A02
100
AcDbEntity
  8
Shape2DView001
100
AcDbSpline
210
0
220
0
230
1
 70
8
 71
1
 72
4
 73
2
 74
0
 40
0.000000000
 40
0.000000000
 40
0.507871434
 40
0.507871434
 10
52.511983000
 20
126.239150000
 30
3.000000000
 10
52.004597000
 20
126.261350000
 30
3.000000000
  0
SPLINE
  5
F61
330
A02
100
AcDbEntity
  8
Shape2DView001
100
AcDbSpline
210
0
220
0
230
1
 70
8
 71
1
 72
4
 73
2
 74
0
 40
0.000000000
 40
0.000000000
 40
0.356413222
 40
0.356413222
 10
52.004597000
 20
126.261350000
 30
3.000000000
 10
51.981747000
 20
126.617030000
 30
3.000000000
  0
SPLINE
  5
F62
330
A02
100
AcDbEntity
  8
Shape2DView001
100
AcDbSpline
210
0
220
0
230
1
 70
8
 71
3
 72
8
 73
4
 74
0
 40
0.000000000
 40
0.000000000
 40
0.000000000
 40
0.000000000
 40
1.000000000
 40
1.000000000
 40
1.000000000
 40
1.000000000
 10
51.981747000
 20
126.617030000
 30
3.000000000
 10
51.946937000
 20
127.159010000
 30
3.000000000
 10
52.089864000
 20
127.817900000
 30
3.000000000
 10
52.275570000
 20
127.971430000
 30
3.000000000
  0
SPLINE
  5
F63
330
A02
100
AcDbEntity
  8
Shape2DView001
100
AcDbSpline
210
0
220
0
230
1
 70
8
 71
3
 72
8
 73
4
 74
0
 40
0.000000000
 40
0.000000000
 40
0.000000000
 40
0.000000000
 40
1.000000000
 40
1.000000000
 40
1.000000000
 40
1.000000000
 10
52.275570000
 20
127.971430000
 30
3.000000000
 10
52.486741000
 20
128.146010000
 30
3.000000000
 10
52.542683000
 20
128.138430000
 30
3.000000000
 10
52.758082000
 20
127.906030000
 30
3.000000000
  0
SPLINE
  5
F64
330
A02
100
AcDbEntity
  8
Shape2DView001
100
AcDbSpline
210
0
220
0
230
1
 70
8
 71
3
 72
8
 73
4
 74
0
 40
0.000000000
 40
0.000000000
 40
0.000000000
 40
0.000000000
 40
1.000000000
 40
1.000000000
 40
1.000000000
 40
1.000000000
 10
52.758082000
 20
127.906030000
 30
3.000000000
 10
52.935522000
 20
127.714570000
 30
3.000000000
 10
52.960976000
 20
127.709960000
 30
3.000000000
 10
53.668549000
 20
127.740900000
 30
3.000000000
  0
SPLINE
  5
F65
330
A02
100
AcDbEntity
  8
Shape2DView001
100
AcDbSpline
210
0
220
0
230
1
 70
8
 71
1
 72
4
 73
2
 74
0
 40
0.000000000
 40
0.000000000
 40
0.728618274
 40
0.728618274
 10
53.668549000
 20
127.740900000
 30
3.000000000
 10
54.396473000
 20
127.772700000
 30
3.000000000
  0
SPLINE
  5
F66
330
A02
100
AcDbEntity
  8
Shape2DView001
100
AcDbSpline
210
0
220
0
230
1
 70
8
 71
1
 72
4
 73
2
 74
0
 40
0.000000000
 40
0.000000000
 40
0.484192910
 40
0.484192910
 10
54.396473000
 20
127.772700000
 30
3.000000000
 10
54.721442000
 20
128.131640000
 30
3.000000000
  0
SPLINE
  5
F67
330
A02
100
AcDbEntity
  8
Shape2DView001
100
AcDbSpline
210
0
220
0
230
1
 70
8
 71
3
 72
8
 73
4
 74
0
 40
0.000000000
 40
0.000000000
 40
0.000000000
 40
0.000000000
 40
1.000000000
 40
1.000000000
 40
1.000000000
 40
1.000000000
 10
54.721442000
 20
128.131640000
 30
3.000000000
 10
54.908405000
 20
128.338150000
 30
3.000000000
 10
55.082331000
 20
128.623740000
 30
3.000000000
 10
55.131003000
 20
128.804150000
 30
3.000000000
  0
SPLINE
  5
F68
330
A02
100
AcDbEntity
  8
Shape2DView001
100
AcDbSpline
210
0
220
0
230
1
 70
8
 71
3
 72
8
 73
4
 74
0
 40
0.000000000
 40
0.000000000
 40
0.000000000
 40
0.000000000
 40
1.000000000
 40
1.000000000
 40
1.000000000
 40
1.000000000
 10
55.131003000
 20
128.804150000
 30
3.000000000
 10
55.177533000
 20
128.976620000
 30
3.000000000
 10
55.254201000
 20
129.253030000
 30
3.000000000
 10
55.301384000
 20
129.418400000
 30
3.000000000
  0
SPLINE
  5
F69
330
A02
100
AcDbEntity
  8
Shape2DView001
100
AcDbSpline
210
0
220
0
230
1
 70
8
 71
1
 72
4
 73
2
 74
0
 40
0.000000000
 40
0.000000000
 40
0.312679367
 40
0.312679367
 10
55.301384000
 20
129.418400000
 30
3.000000000
 10
55.387174000
 20
129.719080000
 30
3.000000000
  0
SPLINE
  5
F6A
330
A02
100
AcDbEntity
  8
Shape2DView001
100
AcDbSpline
210
0
220
0
230
1
 70
8
 71
1
 72
4
 73
2
 74
0
 40
0.000000000
 40
0.000000000
 40
0.872377208
 40
0.872377208
 10
55.387174000
 20
129.719080000
 30
3.000000000
 10
56.259296000
 20
129.740180000
 30
3.000000000
  0
SPLINE
  5
F6B
330
A02
100
AcDbEntity
  8
Shape2DView001
100
AcDbSpline
210
0
220
0
230
1
 70
8
 71
3
 72
8
 73
4
 74
0
 40
0.000000000
 40
0.000000000
 40
0.000000000
 40
0.000000000
 40
1.000000000
 40
1.000000000
 40
1.000000000
 40
1.000000000
 10
56.259296000
 20
129.740180000
 30
3.000000000
 10
56.899325000
 20
129.755680000
 30
3.000000000
 10
57.151646000
 20
129.736180000
 30
3.000000000
 10
57.207426000
 20
129.664980000
 30
3.000000000
  0
SPLINE
  5
F6C
330
A02
100
AcDbEntity
  8
Shape2DView001
100
AcDbSpline
210
0
220
0
230
1
 70
8
 71
1
 72
4
 73
2
 74
0
 40
0.000000000
 40
0.000000000
 40
0.000150163
 40
0.000150163
 10
57.207426000
 20
129.664980000
 30
3.000000000
 10
57.207419000
 20
129.665130000
 30
3.000000000
  0
SPLINE
  5
F6D
330
A02
100
AcDbEntity
  8
Shape2DView001
100
AcDbSpline
210
0
220
0
230
1
 70
8
 71
3
 72
8
 73
4
 74
0
 40
0.000000000
 40
0.000000000
 40
0.000000000
 40
0.000000000
 40
1.000000000
 40
1.000000000
 40
1.000000000
 40
1.000000000
 10
55.857634000
 20
129.040090000
 30
3.000000000
 10
55.721752000
 20
128.959290000
 30
3.000000000
 10
55.126292000
 20
127.364650000
 30
3.000000000
 10
55.124872000
 20
127.077700000
 30
3.000000000
  0
SPLINE
  5
F6E
330
A02
100
AcDbEntity
  8
Shape2DView001
100
AcDbSpline
210
0
220
0
230
1
 70
8
 71
3
 72
8
 73
4
 74
0
 40
0.000000000
 40
0.000000000
 40
0.000000000
 40
0.000000000
 40
1.000000000
 40
1.000000000
 40
1.000000000
 40
1.000000000
 10
55.124872000
 20
127.077700000
 30
3.000000000
 10
55.123172000
 20
126.725970000
 30
3.000000000
 10
56.312035000
 20
126.526350000
 30
3.000000000
 10
57.060548000
 20
126.752700000
 30
3.000000000
  0
SPLINE
  5
F6F
330
A02
100
AcDbEntity
  8
Shape2DView001
100
AcDbSpline
210
0
220
0
230
1
 70
8
 71
3
 72
8
 73
4
 74
0
 40
0.000000000
 40
0.000000000
 40
0.000000000
 40
0.000000000
 40
1.000000000
 40
1.000000000
 40
1.000000000
 40
1.000000000
 10
57.060548000
 20
126.752700000
 30
3.000000000
 10
57.577667000
 20
126.909070000
 30
3.000000000
 10
57.585264000
 20
126.949820000
 30
3.000000000
 10
57.266856000
 20
127.859680000
 30
3.000000000
  0
SPLINE
  5
F70
330
A02
100
AcDbEntity
  8
Shape2DView001
100
AcDbSpline
210
0
220
0
230
1
 70
8
 71
3
 72
8
 73
4
 74
0
 40
0.000000000
 40
0.000000000
 40
0.000000000
 40
0.000000000
 40
1.000000000
 40
1.000000000
 40
1.000000000
 40
1.000000000
 10
57.266856000
 20
127.859680000
 30
3.000000000
 10
57.111496000
 20
128.303630000
 30
3.000000000
 10
56.930888000
 20
128.759400000
 30
3.000000000
 10
56.865505000
 20
128.872500000
 30
3.000000000
  0
SPLINE
  5
F71
330
A02
100
AcDbEntity
  8
Shape2DView001
100
AcDbSpline
210
0
220
0
230
1
 70
8
 71
3
 72
8
 73
4
 74
0
 40
0.000000000
 40
0.000000000
 40
0.000000000
 40
0.000000000
 40
1.000000000
 40
1.000000000
 40
1.000000000
 40
1.000000000
 10
56.865505000
 20
128.872500000
 30
3.000000000
 10
56.676575000
 20
129.199330000
 30
3.000000000
 10
56.246025000
 20
129.270920000
 30
3.000000000
 10
55.857634000
 20
129.040090000
 30
3.000000000
  0
SPLINE
  5
F72
330
A02
100
AcDbEntity
  8
Shape2DView001
100
AcDbSpline
210
0
220
0
230
1
 70
8
 71
3
 72
8
 73
4
 74
0
 40
0.000000000
 40
0.000000000
 40
0.000000000
 40
0.000000000
 40
1.000000000
 40
1.000000000
 40
1.000000000
 40
1.000000000
 10
60.235947000
 20
127.122840000
 30
3.000000000
 10
60.278977000
 20
126.819420000
 30
3.000000000
 10
60.330307000
 20
126.555050000
 30
3.000000000
 10
60.350016000
 20
126.535340000
 30
3.000000000
  0
SPLINE
  5
F73
330
A02
100
AcDbEntity
  8
Shape2DView001
100
AcDbSpline
210
0
220
0
230
1
 70
8
 71
3
 72
8
 73
4
 74
0
 40
0.000000000
 40
0.000000000
 40
0.000000000
 40
0.000000000
 40
1.000000000
 40
1.000000000
 40
1.000000000
 40
1.000000000
 10
60.350016000
 20
126.535340000
 30
3.000000000
 10
60.418836000
 20
126.466540000
 30
3.000000000
 10
60.384336000
 20
127.165910000
 30
3.000000000
 10
60.304786000
 20
127.452420000
 30
3.000000000
  0
SPLINE
  5
F74
330
A02
100
AcDbEntity
  8
Shape2DView001
100
AcDbSpline
210
0
220
0
230
1
 70
8
 71
3
 72
8
 73
4
 74
0
 40
0.000000000
 40
0.000000000
 40
0.000000000
 40
0.000000000
 40
1.000000000
 40
1.000000000
 40
1.000000000
 40
1.000000000
 10
60.304786000
 20
127.452420000
 30
3.000000000
 10
60.181955000
 20
127.894770000
 30
3.000000000
 10
60.148911000
 20
127.736550000
 30
3.000000000
 10
60.235946000
 20
127.122840000
 30
3.000000000
  0
SPLINE
  5
F75
330
A02
100
AcDbEntity
  8
Shape2DView001
100
AcDbSpline
210
0
220
0
230
1
 70
8
 71
1
 72
4
 73
2
 74
0
 40
0.000000000
 40
0.000000000
 40
0.000001000
 40
0.000001000
 10
60.235946000
 20
127.122840000
 30
3.000000000
 10
60.235947000
 20
127.122840000
 30
3.000000000
  0
SPLINE
  5
F76
330
A02
100
AcDbEntity
  8
Shape2DView001
100
AcDbSpline
210
0
220
0
230
1
 70
8
 71
1
 72
4
 73
2
 74
0
 40
0.000000000
 40
0.000000000
 40
0.413465264
 40
0.413465264
 10
52.129527000
 20
126.900410000
 30
3.000000000
 10
52.134927000
 20
126.486980000
 30
3.000000000
  0
SPLINE
  5
F77
330
A02
100
AcDbEntity
  8
Shape2DView001
100
AcDbSpline
210
0
220
0
230
1
 70
8
 71
1
 72
4
 73
2
 74
0
 40
0.000000000
 40
0.000000000
 40
0.418452739
 40
0.418452739
 10
52.134927000
 20
126.486980000
 30
3.000000000
 10
52.199567000
 20
126.900410000
 30
3.000000000
  0
SPLINE
  5
F78
330
A02
100
AcDbEntity
  8
Shape2DView001
100
AcDbSpline
210
0
220
0
230
1
 70
8
 71
3
 72
8
 73
4
 74
0
 40
0.000000000
 40
0.000000000
 40
0.000000000
 40
0.000000000
 40
1.000000000
 40
1.000000000
 40
1.000000000
 40
1.000000000
 10
52.199567000
 20
126.900410000
 30
3.000000000
 10
52.235137000
 20
127.127790000
 30
3.000000000
 10
52.279547000
 20
127.415310000
 30
3.000000000
 10
52.298287000
 20
127.539340000
 30
3.000000000
  0
SPLINE
  5
F79
330
A02
100
AcDbEntity
  8
Shape2DView001
100
AcDbSpline
210
0
220
0
230
1
 70
8
 71
1
 72
4
 73
2
 74
0
 40
0.000000000
 40
0.000000000
 40
0.228063719
 40
0.228063719
 10
52.298287000
 20
127.539340000
 30
3.000000000
 10
52.332387000
 20
127.764840000
 30
3.000000000
  0
SPLINE
  5
F7A
330
A02
100
AcDbEntity
  8
Shape2DView001
100
AcDbSpline
210
0
220
0
230
1
 70
8
 71
1
 72
4
 73
2
 74
0
 40
0.000000000
 40
0.000000000
 40
0.248377601
 40
0.248377601
 10
52.332387000
 20
127.764840000
 30
3.000000000
 10
52.228266000
 20
127.539340000
 30
3.000000000
  0
SPLINE
  5
F7B
330
A02
100
AcDbEntity
  8
Shape2DView001
100
AcDbSpline
210
0
220
0
230
1
 70
8
 71
3
 72
8
 73
4
 74
0
 40
0.000000000
 40
0.000000000
 40
0.000000000
 40
0.000000000
 40
1.000000000
 40
1.000000000
 40
1.000000000
 40
1.000000000
 10
52.228266000
 20
127.539340000
 30
3.000000000
 10
52.170996000
 20
127.415310000
 30
3.000000000
 10
52.126570000
 20
127.127790000
 30
3.000000000
 10
52.129546000
 20
126.900410000
 30
3.000000000
  0
SPLINE
  5
F7C
330
A02
100
AcDbEntity
  8
Shape2DView001
100
AcDbSpline
210
0
220
0
230
1
 70
8
 71
1
 72
4
 73
2
 74
0
 40
0.000000000
 40
0.000000000
 40
0.000019000
 40
0.000019000
 10
52.129546000
 20
126.900410000
 30
3.000000000
 10
52.129527000
 20
126.900410000
 30
3.000000000
  0
SPLINE
  5
F7D
330
A02
100
AcDbEntity
  8
Shape2DView001
100
AcDbSpline
210
0
220
0
230
1
 70
8
 71
3
 72
8
 73
4
 74
0
 40
0.000000000
 40
0.000000000
 40
0.000000000
 40
0.000000000
 40
1.000000000
 40
1.000000000
 40
1.000000000
 40
1.000000000
 10
62.246260000
 20
125.798280000
 30
3.000000000
 10
62.297940000
 20
125.777480000
 30
3.000000000
 10
62.339700000
 20
125.670170000
 30
3.000000000
 10
62.339070000
 20
125.559920000
 30
3.000000000
  0
SPLINE
  5
F7E
330
A02
100
AcDbEntity
  8
Shape2DView001
100
AcDbSpline
210
0
220
0
230
1
 70
8
 71
3
 72
8
 73
4
 74
0
 40
0.000000000
 40
0.000000000
 40
0.000000000
 40
0.000000000
 40
1.000000000
 40
1.000000000
 40
1.000000000
 40
1.000000000
 10
62.339070000
 20
125.559920000
 30
3.000000000
 10
62.336570000
 20
125.129810000
 30
3.000000000
 10
62.364500000
 20
125.135690000
 30
3.000000000
 10
60.219549000
 20
125.113830000
 30
3.000000000
  0
SPLINE
  5
F7F
330
A02
100
AcDbEntity
  8
Shape2DView001
100
AcDbSpline
210
0
220
0
230
1
 70
8
 71
3
 72
8
 73
4
 74
0
 40
0.000000000
 40
0.000000000
 40
0.000000000
 40
0.000000000
 40
1.000000000
 40
1.000000000
 40
1.000000000
 40
1.000000000
 10
60.219549000
 20
125.113830000
 30
3.000000000
 10
58.098897000
 20
125.092230000
 30
3.000000000
 10
57.891458000
 20
125.122830000
 30
3.000000000
 10
57.843150000
 20
125.459450000
 30
3.000000000
  0
SPLINE
  5
F80
330
A02
100
AcDbEntity
  8
Shape2DView001
100
AcDbSpline
210
0
220
0
230
1
 70
8
 71
3
 72
8
 73
4
 74
0
 40
0.000000000
 40
0.000000000
 40
0.000000000
 40
0.000000000
 40
1.000000000
 40
1.000000000
 40
1.000000000
 40
1.000000000
 10
57.843150000
 20
125.459450000
 30
3.000000000
 10
57.788650000
 20
125.839730000
 30
3.000000000
 10
57.839950000
 20
125.848520000
 30
3.000000000
 10
60.075587000
 20
125.842130000
 30
3.000000000
  0
SPLINE
  5
F81
330
A02
100
AcDbEntity
  8
Shape2DView001
100
AcDbSpline
210
0
220
0
230
1
 70
8
 71
3
 72
8
 73
4
 74
0
 40
0.000000000
 40
0.000000000
 40
0.000000000
 40
0.000000000
 40
1.000000000
 40
1.000000000
 40
1.000000000
 40
1.000000000
 10
60.075587000
 20
125.842130000
 30
3.000000000
 10
61.217777000
 20
125.839130000
 30
3.000000000
 10
62.194582000
 20
125.819130000
 30
3.000000000
 10
62.246260000
 20
125.798330000
 30
3.000000000
  0
SPLINE
  5
F82
330
A02
100
AcDbEntity
  8
Shape2DView001
100
AcDbSpline
210
0
220
0
230
1
 70
8
 71
1
 72
4
 73
2
 74
0
 40
0.000000000
 40
0.000000000
 40
0.000050000
 40
0.000050000
 10
62.246260000
 20
125.798330000
 30
3.000000000
 10
62.246260000
 20
125.798280000
 30
3.000000000
  0
SPLINE
  5
F83
330
A02
100
AcDbEntity
  8
Shape2DView001
100
AcDbSpline
210
0
220
0
230
1
 70
8
 71
3
 72
8
 73
4
 74
0
 40
0.000000000
 40
0.000000000
 40
0.000000000
 40
0.000000000
 40
1.000000000
 40
1.000000000
 40
1.000000000
 40
1.000000000
 10
58.337573000
 20
125.509810000
 30
3.000000000
 10
58.362173000
 20
125.411710000
 30
3.000000000
 10
61.964378000
 20
125.376310000
 30
3.000000000
 10
61.964378000
 20
125.474210000
 30
3.000000000
  0
SPLINE
  5
F84
330
A02
100
AcDbEntity
  8
Shape2DView001
100
AcDbSpline
210
0
220
0
230
1
 70
8
 71
3
 72
8
 73
4
 74
0
 40
0.000000000
 40
0.000000000
 40
0.000000000
 40
0.000000000
 40
1.000000000
 40
1.000000000
 40
1.000000000
 40
1.000000000
 10
61.964378000
 20
125.474210000
 30
3.000000000
 10
61.964378000
 20
125.514210000
 30
3.000000000
 10
61.343227000
 20
125.554410000
 30
3.000000000
 10
60.517391000
 20
125.567910000
 30
3.000000000
  0
SPLINE
  5
F85
330
A02
100
AcDbEntity
  8
Shape2DView001
100
AcDbSpline
210
0
220
0
230
1
 70
8
 71
3
 72
8
 73
4
 74
0
 40
0.000000000
 40
0.000000000
 40
0.000000000
 40
0.000000000
 40
1.000000000
 40
1.000000000
 40
1.000000000
 40
1.000000000
 10
60.517391000
 20
125.567910000
 30
3.000000000
 10
58.509982000
 20
125.600910000
 30
3.000000000
 10
58.316032000
 20
125.595710000
 30
3.000000000
 10
58.337573000
 20
125.509810000
 30
3.000000000
  0
SPLINE
  5
F86
330
A02
100
AcDbEntity
  8
Shape2DView001
100
AcDbSpline
210
0
220
0
230
1
 70
8
 71
3
 72
8
 73
4
 74
0
 40
0.000000000
 40
0.000000000
 40
0.000000000
 40
0.000000000
 40
1.000000000
 40
1.000000000
 40
1.000000000
 40
1.000000000
 10
54.616690000
 20
125.766870000
 30
3.000000000
 10
54.759555000
 20
125.683670000
 30
3.000000000
 10
54.788258000
 20
125.426510000
 30
3.000000000
 10
54.674740000
 20
125.246720000
 30
3.000000000
  0
SPLINE
  5
F87
330
A02
100
AcDbEntity
  8
Shape2DView001
100
AcDbSpline
210
0
220
0
230
1
 70
8
 71
3
 72
8
 73
4
 74
0
 40
0.000000000
 40
0.000000000
 40
0.000000000
 40
0.000000000
 40
1.000000000
 40
1.000000000
 40
1.000000000
 40
1.000000000
 10
54.674740000
 20
125.246720000
 30
3.000000000
 10
54.564631000
 20
125.072320000
 30
3.000000000
 10
50.679207000
 20
125.036360000
 30
3.000000000
 10
50.418281000
 20
125.207320000
 30
3.000000000
  0
SPLINE
  5
F88
330
A02
100
AcDbEntity
  8
Shape2DView001
100
AcDbSpline
210
0
220
0
230
1
 70
8
 71
3
 72
8
 73
4
 74
0
 40
0.000000000
 40
0.000000000
 40
0.000000000
 40
0.000000000
 40
1.000000000
 40
1.000000000
 40
1.000000000
 40
1.000000000
 10
50.418281000
 20
125.207320000
 30
3.000000000
 10
50.211095000
 20
125.343070000
 30
3.000000000
 10
50.185451000
 20
125.559130000
 30
3.000000000
 10
50.356261000
 20
125.729940000
 30
3.000000000
  0
SPLINE
  5
F89
330
A02
100
AcDbEntity
  8
Shape2DView001
100
AcDbSpline
210
0
220
0
230
1
 70
8
 71
3
 72
8
 73
4
 74
0
 40
0.000000000
 40
0.000000000
 40
0.000000000
 40
0.000000000
 40
1.000000000
 40
1.000000000
 40
1.000000000
 40
1.000000000
 10
50.356261000
 20
125.729940000
 30
3.000000000
 10
50.457859000
 20
125.831540000
 30
3.000000000
 10
50.754859000
 20
125.847740000
 30
3.000000000
 10
52.479760000
 20
125.845780000
 30
3.000000000
  0
SPLINE
  5
F8A
330
A02
100
AcDbEntity
  8
Shape2DView001
100
AcDbSpline
210
0
220
0
230
1
 70
8
 71
3
 72
8
 73
4
 74
0
 40
0.000000000
 40
0.000000000
 40
0.000000000
 40
0.000000000
 40
1.000000000
 40
1.000000000
 40
1.000000000
 40
1.000000000
 10
52.479760000
 20
125.845780000
 30
3.000000000
 10
53.701482000
 20
125.843780000
 30
3.000000000
 10
54.536543000
 20
125.813580000
 30
3.000000000
 10
54.616682000
 20
125.766880000
 30
3.000000000
  0
SPLINE
  5
F8B
330
A02
100
AcDbEntity
  8
Shape2DView001
100
AcDbSpline
210
0
220
0
230
1
 70
8
 71
1
 72
4
 73
2
 74
0
 40
0.000000000
 40
0.000000000
 40
0.000012806
 40
0.000012806
 10
54.616682000
 20
125.766880000
 30
3.000000000
 10
54.616690000
 20
125.766870000
 30
3.000000000
  0
SPLINE
  5
F8C
330
A02
100
AcDbEntity
  8
Shape2DView001
100
AcDbSpline
210
0
220
0
230
1
 70
8
 71
3
 72
8
 73
4
 74
0
 40
0.000000000
 40
0.000000000
 40
0.000000000
 40
0.000000000
 40
1.000000000
 40
1.000000000
 40
1.000000000
 40
1.000000000
 10
50.726739000
 20
125.472220000
 30
3.000000000
 10
50.755589000
 20
125.425520000
 30
3.000000000
 10
51.454142000
 20
125.397020000
 30
3.000000000
 10
52.572792000
 20
125.397020000
 30
3.000000000
  0
SPLINE
  5
F8D
330
A02
100
AcDbEntity
  8
Shape2DView001
100
AcDbSpline
210
0
220
0
230
1
 70
8
 71
3
 72
8
 73
4
 74
0
 40
0.000000000
 40
0.000000000
 40
0.000000000
 40
0.000000000
 40
1.000000000
 40
1.000000000
 40
1.000000000
 40
1.000000000
 10
52.572792000
 20
125.397020000
 30
3.000000000
 10
53.722414000
 20
125.397020000
 30
3.000000000
 10
54.372395000
 20
125.424220000
 30
3.000000000
 10
54.372395000
 20
125.472220000
 30
3.000000000
  0
SPLINE
  5
F8E
330
A02
100
AcDbEntity
  8
Shape2DView001
100
AcDbSpline
210
0
220
0
230
1
 70
8
 71
3
 72
8
 73
4
 74
0
 40
0.000000000
 40
0.000000000
 40
0.000000000
 40
0.000000000
 40
1.000000000
 40
1.000000000
 40
1.000000000
 40
1.000000000
 10
54.372395000
 20
125.472220000
 30
3.000000000
 10
54.372395000
 20
125.520320000
 30
3.000000000
 10
53.706930000
 20
125.547420000
 30
3.000000000
 10
52.526339000
 20
125.547420000
 30
3.000000000
  0
SPLINE
  5
F8F
330
A02
100
AcDbEntity
  8
Shape2DView001
100
AcDbSpline
210
0
220
0
230
1
 70
8
 71
3
 72
8
 73
4
 74
0
 40
0.000000000
 40
0.000000000
 40
0.000000000
 40
0.000000000
 40
1.000000000
 40
1.000000000
 40
1.000000000
 40
1.000000000
 10
52.526339000
 20
125.547420000
 30
3.000000000
 10
51.314774000
 20
125.547420000
 30
3.000000000
 10
50.696251000
 20
125.521620000
 30
3.000000000
 10
50.726739000
 20
125.472220000
 30
3.000000000
  0
SPLINE
  5
F90
330
A02
100
AcDbEntity
  8
Shape2DView001
100
AcDbSpline
210
0
220
0
230
1
 70
8
 71
3
 72
8
 73
4
 74
0
 40
0.000000000
 40
0.000000000
 40
0.000000000
 40
0.000000000
 40
1.000000000
 40
1.000000000
 40
1.000000000
 40
1.000000000
 10
60.574182000
 20
124.719870000
 30
3.000000000
 10
60.695874000
 20
124.522970000
 30
3.000000000
 10
60.370718000
 20
124.194360000
 30
3.000000000
 10
60.054191000
 20
124.194360000
 30
3.000000000
  0
SPLINE
  5
F91
330
A02
100
AcDbEntity
  8
Shape2DView001
100
AcDbSpline
210
0
220
0
230
1
 70
8
 71
3
 72
8
 73
4
 74
0
 40
0.000000000
 40
0.000000000
 40
0.000000000
 40
0.000000000
 40
1.000000000
 40
1.000000000
 40
1.000000000
 40
1.000000000
 10
60.054191000
 20
124.194360000
 30
3.000000000
 10
59.887535000
 20
124.194360000
 30
3.000000000
 10
59.558996000
 20
124.497210000
 30
3.000000000
 10
59.558996000
 20
124.650830000
 30
3.000000000
  0
SPLINE
  5
F92
330
A02
100
AcDbEntity
  8
Shape2DView001
100
AcDbSpline
210
0
220
0
230
1
 70
8
 71
3
 72
8
 73
4
 74
0
 40
0.000000000
 40
0.000000000
 40
0.000000000
 40
0.000000000
 40
1.000000000
 40
1.000000000
 40
1.000000000
 40
1.000000000
 10
59.558996000
 20
124.650830000
 30
3.000000000
 10
59.558996000
 20
124.778900000
 30
3.000000000
 10
59.615186000
 20
124.795710000
 30
3.000000000
 10
60.043154000
 20
124.795710000
 30
3.000000000
  0
SPLINE
  5
F93
330
A02
100
AcDbEntity
  8
Shape2DView001
100
AcDbSpline
210
0
220
0
230
1
 70
8
 71
3
 72
8
 73
4
 74
0
 40
0.000000000
 40
0.000000000
 40
0.000000000
 40
0.000000000
 40
1.000000000
 40
1.000000000
 40
1.000000000
 40
1.000000000
 10
60.043154000
 20
124.795710000
 30
3.000000000
 10
60.309441000
 20
124.795710000
 30
3.000000000
 10
60.548403000
 20
124.761610000
 30
3.000000000
 10
60.574182000
 20
124.719910000
 30
3.000000000
  0
SPLINE
  5
F94
330
A02
100
AcDbEntity
  8
Shape2DView001
100
AcDbSpline
210
0
220
0
230
1
 70
8
 71
1
 72
4
 73
2
 74
0
 40
0.000000000
 40
0.000000000
 40
0.000040000
 40
0.000040000
 10
60.574182000
 20
124.719910000
 30
3.000000000
 10
60.574182000
 20
124.719870000
 30
3.000000000
  0
SPLINE
  5
F95
330
A02
100
AcDbEntity
  8
Shape2DView001
100
AcDbSpline
210
0
220
0
230
1
 70
8
 71
3
 72
8
 73
4
 74
0
 40
0.000000000
 40
0.000000000
 40
0.000000000
 40
0.000000000
 40
1.000000000
 40
1.000000000
 40
1.000000000
 40
1.000000000
 10
53.019368000
 20
124.658470000
 30
3.000000000
 10
53.019368000
 20
124.465060000
 30
3.000000000
 10
52.706936000
 20
124.194350000
 30
3.000000000
 10
52.483725000
 20
124.194350000
 30
3.000000000
  0
SPLINE
  5
F96
330
A02
100
AcDbEntity
  8
Shape2DView001
100
AcDbSpline
210
0
220
0
230
1
 70
8
 71
3
 72
8
 73
4
 74
0
 40
0.000000000
 40
0.000000000
 40
0.000000000
 40
0.000000000
 40
1.000000000
 40
1.000000000
 40
1.000000000
 40
1.000000000
 10
52.483725000
 20
124.194350000
 30
3.000000000
 10
52.254858000
 20
124.194350000
 30
3.000000000
 10
51.967012000
 20
124.447230000
 30
3.000000000
 10
51.967012000
 20
124.648290000
 30
3.000000000
  0
SPLINE
  5
F97
330
A02
100
AcDbEntity
  8
Shape2DView001
100
AcDbSpline
210
0
220
0
230
1
 70
8
 71
3
 72
8
 73
4
 74
0
 40
0.000000000
 40
0.000000000
 40
0.000000000
 40
0.000000000
 40
1.000000000
 40
1.000000000
 40
1.000000000
 40
1.000000000
 10
51.967012000
 20
124.648290000
 30
3.000000000
 10
51.967012000
 20
124.780680000
 30
3.000000000
 10
52.020602000
 20
124.795700000
 30
3.000000000
 10
52.493188000
 20
124.795700000
 30
3.000000000
  0
SPLINE
  5
F98
330
A02
100
AcDbEntity
  8
Shape2DView001
100
AcDbSpline
210
0
220
0
230
1
 70
8
 71
3
 72
8
 73
4
 74
0
 40
0.000000000
 40
0.000000000
 40
0.000000000
 40
0.000000000
 40
1.000000000
 40
1.000000000
 40
1.000000000
 40
1.000000000
 10
52.493188000
 20
124.795700000
 30
3.000000000
 10
52.952509000
 20
124.795700000
 30
3.000000000
 10
53.019368000
 20
124.778300000
 30
3.000000000
 10
53.019368000
 20
124.658470000
 30
3.000000000
  0
LINE
  5
F99
330
A02
100
AcDbEntity
  8
Sketch001
100
AcDbLine
 10
150.800000000
 20
4.800000000
 30
0.000000000
 11
108.700000000
 21
4.800000000
 31
0.000000000
  0
ARC
  5
F9A
330
A02
100
AcDbEntity
  8
Sketch001
100
AcDbCircle
 10
108.700000000
 20
7.300000000
 30
0.000000000
 40
2.500000000
100
AcDbArc
 50
-180.000000000
 51
-90.000000000
  0
LINE
  5
F9B
330
A02
100
AcDbEntity
  8
Sketch001
100
AcDbLine
 10
106.200000000
 20
7.300000000
 30
0.000000000
 11
106.200000000
 21
52.500000000
 31
0.000000000
  0
ARC
  5
F9C
330
A02
100
AcDbEntity
  8
Sketch001
100
AcDbCircle
 10
108.700000000
 20
52.500000000
 30
0.000000000
 40
2.500000000
100
AcDbArc
 50
90.000000000
 51
-180.000000000
  0
LINE
  5
F9D
330
A02
100
AcDbEntity
  8
Sketch001
100
AcDbLine
 10
108.700000000
 20
55.000000000
 30
0.000000000
 11
137.247732908
 21
55.000000000
 31
0.000000000
  0
ARC
  5
F9E
330
A02
100
AcDbEntity
  8
Sketch001
100
AcDbCircle
 10
137.247732908
 20
57.500000000
 30
0.000000000
 40
2.500000000
100
AcDbArc
 50
-90.000000000
 51
-20.000000000
  0
LINE
  5
F9F
330
A02
100
AcDbEntity
  8
Sketch001
100
AcDbLine
 10
139.596964460
 20
56.644949642
 30
0.000000000
 11
153.307064327
 21
94.313139446
 31
0.000000000
  0
ARC
  5
FA0
330
A02
100
AcDbEntity
  8
Sketch001
100
AcDbCircle
 10
150.957832775
 20
95.168189804
 30
0.000000000
 40
2.500000000
100
AcDbArc
 50
-20.000000000
 51
70.000000000
  0
LINE
  5
FA1
330
A02
100
AcDbEntity
  8
Sketch001
100
AcDbLine
 10
151.812883133
 20
97.517421356
 30
0.000000000
 11
142.844949642
 21
100.781482210
 31
0.000000000
  0
ARC
  5
FA2
330
A02
100
AcDbEntity
  8
Sketch001
100
AcDbCircle
 10
143.700000000
 20
103.130713762
 30
0.000000000
 40
2.500000000
100
AcDbArc
 50
180.000000000
 51
-110.000000000
  0
LINE
  5
FA3
330
A02
100
AcDbEntity
  8
Sketch001
100
AcDbLine
 10
141.200000000
 20
103.130713762
 30
0.000000000
 11
141.200000000
 21
112.500000000
 31
0.000000000
  0
ARC
  5
FA4
330
A02
100
AcDbEntity
  8
Sketch001
100
AcDbCircle
 10
143.700000000
 20
112.500000000
 30
0.000000000
 40
2.500000000
100
AcDbArc
 50
90.000000000
 51
-180.000000000
  0
LINE
  5
FA5
330
A02
100
AcDbEntity
  8
Sketch001
100
AcDbLine
 10
143.700000000
 20
115.000000000
 30
0.000000000
 11
168.300000000
 21
115.000000000
 31
0.000000000
  0
LINE
  5
FA6
330
A02
100
AcDbEntity
  8
Sketch001
100
AcDbLine
 10
193.900000000
 20
4.800000000
 30
0.000000000
 11
151.800000000
 21
4.800000000
 31
0.000000000
  0
ARC
  5
FA7
330
A02
100
AcDbEntity
  8
Sketch001
100
AcDbCircle
 10
193.900000000
 20
7.300000000
 30
0.000000000
 40
2.500000000
100
AcDbArc
 50
-90.000000000
 51
0.000000000
  0
LINE
  5
FA8
330
A02
100
AcDbEntity
  8
Sketch001
100
AcDbLine
 10
196.400000000
 20
112.500000000
 30
0.000000000
 11
196.400000000
 21
7.300000000
 31
0.000000000
  0
ARC
  5
FA9
330
A02
100
AcDbEntity
  8
Sketch001
100
AcDbCircle
 10
193.900000000
 20
112.500000000
 30
0.000000000
 40
2.500000000
100
AcDbArc
 50
0.000000000
 51
90.000000000
  0
LINE
  5
FAA
330
A02
100
AcDbEntity
  8
Sketch001
100
AcDbLine
 10
169.300000000
 20
115.000000000
 30
0.000000000
 11
193.900000000
 21
115.000000000
 31
0.000000000
  0
LINE
  5
FAB
330
A02
100
AcDbEntity
  8
Sketch001
100
AcDbLine
 10
169.662308000
 20
9.800000000
 30
0.000000000
 11
111.633012702
 21
9.800000000
 31
0.000000000
  0
ARC
  5
FAC
330
A02
100
AcDbEntity
  8
Sketch001
100
AcDbCircle
 10
111.633012702
 20
9.550000000
 30
0.000000000
 40
0.250000000
100
AcDbArc
 50
90.000000000
 51
150.000000000
  0
ARC
  5
FAD
330
A02
100
AcDbEntity
  8
Sketch001
100
AcDbCircle
 10
111.200000000
 20
9.800000000
 30
0.000000000
 40
0.250000000
100
AcDbArc
 50
120.000000000
 51
-30.000000000
  0
ARC
  5
FAE
330
A02
100
AcDbEntity
  8
Sketch001
100
AcDbCircle
 10
110.950000000
 20
10.233012702
 30
0.000000000
 40
0.250000000
100
AcDbArc
 50
-60.000000000
 51
-0.000000000
  0
LINE
  5
FAF
330
A02
100
AcDbEntity
  8
Sketch001
100
AcDbLine
 10
111.200000000
 20
10.233012702
 30
0.000000000
 11
111.200000000
 21
49.566987298
 31
0.000000000
  0
ARC
  5
FB0
330
A02
100
AcDbEntity
  8
Sketch001
100
AcDbCircle
 10
110.950000000
 20
49.566987298
 30
0.000000000
 40
0.250000000
100
AcDbArc
 50
0.000000000
 51
60.000000000
  0
ARC
  5
FB1
330
A02
100
AcDbEntity
  8
Sketch001
100
AcDbCircle
 10
111.200000000
 20
50.000000000
 30
0.000000000
 40
0.250000000
100
AcDbArc
 50
30.000000000
 51
-120.000000000
  0
ARC
  5
FB2
330
A02
100
AcDbEntity
  8
Sketch001
100
AcDbCircle
 10
111.633012702
 20
50.250000000
 30
0.000000000
 40
0.250000000
100
AcDbArc
 50
-150.000000000
 51
-90.000000000
  0
LINE
  5
FB3
330
A02
100
AcDbEntity
  8
Sketch001
100
AcDbLine
 10
111.633012702
 20
50.000000000
 30
0.000000000
 11
141.799081906
 21
50.000000000
 31
0.000000000
  0
ARC
  5
FB4
330
A02
100
AcDbEntity
  8
Sketch001
100
AcDbCircle
 10
141.799081906
 20
51.000000000
 30
0.000000000
 40
1.000000000
100
AcDbArc
 50
-90.000000000
 51
-20.000000000
  0
LINE
  5
FB5
330
A02
100
AcDbEntity
  8
Sketch001
100
AcDbLine
 10
142.738774527
 20
50.657979857
 30
0.000000000
 11
160.125526670
 21
98.427688768
 31
0.000000000
  0
ARC
  5
FB6
330
A02
100
AcDbEntity
  8
Sketch001
100
AcDbCircle
 10
159.185834049
 20
98.769708911
 30
0.000000000
 40
1.000000000
100
AcDbArc
 50
-20.000000000
 51
70.000000000
  0
LINE
  5
FB7
330
A02
100
AcDbEntity
  8
Sketch001
100
AcDbLine
 10
159.527854193
 20
99.709401532
 30
0.000000000
 11
146.606898841
 21
104.412244678
 31
0.000000000
  0
ARC
  5
FB8
330
A02
100
AcDbEntity
  8
Sketch001
100
AcDbCircle
 10
146.521393805
 20
104.177321523
 30
0.000000000
 40
0.250000000
100
AcDbArc
 50
70.000000000
 51
130.000000000
  0
ARC
  5
FB9
330
A02
100
AcDbEntity
  8
Sketch001
100
AcDbCircle
 10
146.200000000
 20
104.560343745
 30
0.000000000
 40
0.250000000
100
AcDbArc
 50
120.000000000
 51
-50.000000000
  0
ARC
  5
FBA
330
A02
100
AcDbEntity
  8
Sketch001
100
AcDbCircle
 10
145.950000000
 20
104.993356447
 30
0.000000000
 40
0.250000000
100
AcDbArc
 50
-60.000000000
 51
0.000000000
  0
LINE
  5
FBB
330
A02
100
AcDbEntity
  8
Sketch001
100
AcDbLine
 10
146.200000000
 20
104.993356447
 30
0.000000000
 11
146.200000000
 21
109.566987298
 31
0.000000000
  0
ARC
  5
FBC
330
A02
100
AcDbEntity
  8
Sketch001
100
AcDbCircle
 10
145.950000000
 20
109.566987298
 30
0.000000000
 40
0.250000000
100
AcDbArc
 50
0.000000000
 51
60.000000000
  0
ARC
  5
FBD
330
A02
100
AcDbEntity
  8
Sketch001
100
AcDbCircle
 10
146.200000000
 20
110.000000000
 30
0.000000000
 40
0.250000000
100
AcDbArc
 50
30.000000000
 51
-120.000000000
  0
ARC
  5
FBE
330
A02
100
AcDbEntity
  8
Sketch001
100
AcDbCircle
 10
146.633012702
 20
110.250000000
 30
0.000000000
 40
0.250000000
100
AcDbArc
 50
-150.000000000
 51
-90.000000000
  0
LINE
  5
FBF
330
A02
100
AcDbEntity
  8
Sketch001
100
AcDbLine
 10
146.633012702
 20
110.000000000
 30
0.000000000
 11
168.300000000
 21
110.000000000
 31
0.000000000
  0
LINE
  5
FC0
330
A02
100
AcDbEntity
  8
Sketch001
100
AcDbLine
 10
169.300000000
 20
110.000000000
 30
0.000000000
 11
190.966987298
 21
110.000000000
 31
0.000000000
  0
ARC
  5
FC1
330
A02
100
AcDbEntity
  8
Sketch001
100
AcDbCircle
 10
190.966987298
 20
110.250000000
 30
0.000000000
 40
0.250000000
100
AcDbArc
 50
-90.000000000
 51
-30.000000000
  0
ARC
  5
FC2
330
A02
100
AcDbEntity
  8
Sketch001
100
AcDbCircle
 10
191.400000000
 20
110.000000000
 30
0.000000000
 40
0.250000000
100
AcDbArc
 50
-60.000000000
 51
150.000000000
  0
ARC
  5
FC3
330
A02
100
AcDbEntity
  8
Sketch001
100
AcDbCircle
 10
191.650000000
 20
109.566987298
 30
0.000000000
 40
0.250000000
100
AcDbArc
 50
120.000000000
 51
180.000000000
  0
LINE
  5
FC4
330
A02
100
AcDbEntity
  8
Sketch001
100
AcDbLine
 10
191.400000000
 20
109.566987298
 30
0.000000000
 11
191.400000000
 21
10.233012702
 31
0.000000000
  0
ARC
  5
FC5
330
A02
100
AcDbEntity
  8
Sketch001
100
AcDbCircle
 10
191.650000000
 20
10.233012702
 30
0.000000000
 40
0.250000000
100
AcDbArc
 50
180.000000000
 51
-120.000000000
  0
ARC
  5
FC6
330
A02
100
AcDbEntity
  8
Sketch001
100
AcDbCircle
 10
191.400000000
 20
9.800000000
 30
0.000000000
 40
0.250000000
100
AcDbArc
 50
-150.000000000
 51
60.000000000
  0
ARC
  5
FC7
330
A02
100
AcDbEntity
  8
Sketch001
100
AcDbCircle
 10
190.966987298
 20
9.550000000
 30
0.000000000
 40
0.250000000
100
AcDbArc
 50
30.000000000
 51
90.000000000
  0
LINE
  5
FC8
330
A02
100
AcDbEntity
  8
Sketch001
100
AcDbLine
 10
190.966987298
 20
9.800000000
 30
0.000000000
 11
170.662308000
 21
9.800000000
 31
0.000000000
  0
LINE
  5
FC9
330
A02
100
AcDbEntity
  8
Sketch001
100
AcDbLine
 10
153.249859892
 20
79.536949552
 30
0.000000000
 11
153.634373721
 21
79.716251295
 31
0.000000000
  0
LINE
  5
FCA
330
A02
100
AcDbEntity
  8
Sketch001
100
AcDbLine
 10
155.620257460
 20
78.993448726
 30
0.000000000
 11
153.634373721
 21
79.716251295
 31
0.000000000
  0
ARC
  5
FCB
330
A02
100
AcDbEntity
  8
Sketch001
100
AcDbCircle
 10
155.795666749
 20
78.929604966
 30
0.000000000
 40
0.186666667
100
AcDbArc
 50
160.000000000
 51
-110.000000000
  0
ARC
  5
FCC
330
A02
100
AcDbEntity
  8
Sketch001
100
AcDbCircle
 10
155.795666749
 20
78.929604966
 30
0.000000000
 40
0.186666667
100
AcDbArc
 50
-110.000000000
 51
70.000000000
  0
LINE
  5
FCD
330
A02
100
AcDbEntity
  8
Sketch001
100
AcDbLine
 10
155.859510509
 20
79.105014255
 30
0.000000000
 11
163.800000000
 21
100.921329830
 31
0.000000000
  0
LINE
  5
FCE
330
A02
100
AcDbEntity
  8
Sketch001
100
AcDbLine
 10
163.800000000
 20
100.921329830
 30
0.000000000
 11
148.800000000
 21
106.380883344
 31
0.000000000
  0
LINE
  5
FCF
330
A02
100
AcDbEntity
  8
Sketch001
100
AcDbLine
 10
148.800000000
 20
106.380883344
 30
0.000000000
 11
148.800000000
 21
107.400000000
 31
0.000000000
  0
LINE
  5
FD0
330
A02
100
AcDbEntity
  8
Sketch001
100
AcDbLine
 10
148.800000000
 20
107.400000000
 30
0.000000000
 11
163.538333333
 21
107.400000000
 31
0.000000000
  0
ARC
  5
FD1
330
A02
100
AcDbEntity
  8
Sketch001
100
AcDbCircle
 10
163.725000000
 20
107.400000000
 30
0.000000000
 40
0.186666667
100
AcDbArc
 50
180.000000000
 51
0.000000000
  0
ARC
  5
FD2
330
A02
100
AcDbEntity
  8
Sketch001
100
AcDbCircle
 10
163.725000000
 20
107.400000000
 30
0.000000000
 40
0.186666667
100
AcDbArc
 50
0.000000000
 51
90.000000000
  0
LINE
  5
FD3
330
A02
100
AcDbEntity
  8
Sketch001
100
AcDbLine
 10
163.725000000
 20
107.586666667
 30
0.000000000
 11
163.725000000
 21
109.700000000
 31
0.000000000
  0
LINE
  5
FD4
330
A02
100
AcDbEntity
  8
Sketch001
100
AcDbLine
 10
163.725000000
 20
109.700000000
 30
0.000000000
 11
164.025000000
 21
110.000000000
 31
0.000000000
  0
LINE
  5
FD5
330
A02
100
AcDbEntity
  8
Sketch001
100
AcDbLine
 10
133.834914522
 20
50.000000000
 30
0.000000000
 11
134.134914522
 21
49.700000000
 31
0.000000000
  0
LINE
  5
FD6
330
A02
100
AcDbEntity
  8
Sketch001
100
AcDbLine
 10
134.134914522
 20
47.586666667
 30
0.000000000
 11
134.134914522
 21
49.700000000
 31
0.000000000
  0
ARC
  5
FD7
330
A02
100
AcDbEntity
  8
Sketch001
100
AcDbCircle
 10
134.134914522
 20
47.400000000
 30
0.000000000
 40
0.186666667
100
AcDbArc
 50
90.000000000
 51
180.000000000
  0
ARC
  5
FD8
330
A02
100
AcDbEntity
  8
Sketch001
100
AcDbCircle
 10
134.134914522
 20
47.400000000
 30
0.000000000
 40
0.186666667
100
AcDbArc
 50
180.000000000
 51
0.000000000
  0
LINE
  5
FD9
330
A02
100
AcDbEntity
  8
Sketch001
100
AcDbLine
 10
134.321581188
 20
47.400000000
 30
0.000000000
 11
144.319829044
 21
47.400000000
 31
0.000000000
  0
LINE
  5
FDA
330
A02
100
AcDbEntity
  8
Sketch001
100
AcDbLine
 10
144.319829044
 20
47.400000000
 30
0.000000000
 11
152.260318534
 21
69.216315575
 31
0.000000000
  0
ARC
  5
FDB
330
A02
100
AcDbEntity
  8
Sketch001
100
AcDbCircle
 10
152.324162294
 20
69.391724865
 30
0.000000000
 40
0.186666667
100
AcDbArc
 50
-110.000000000
 51
70.000000000
  0
ARC
  5
FDC
330
A02
100
AcDbEntity
  8
Sketch001
100
AcDbCircle
 10
152.324162294
 20
69.391724865
 30
0.000000000
 40
0.186666667
100
AcDbArc
 50
70.000000000
 51
160.000000000
  0
LINE
  5
FDD
330
A02
100
AcDbEntity
  8
Sketch001
100
AcDbLine
 10
152.148753005
 20
69.455568625
 30
0.000000000
 11
150.162869267
 21
70.178371194
 31
0.000000000
  0
LINE
  5
FDE
330
A02
100
AcDbEntity
  8
Sketch001
100
AcDbLine
 10
150.162869267
 20
70.178371194
 30
0.000000000
 11
149.983567523
 21
70.562885023
 31
0.000000000
  0
LINE
  5
FDF
330
A02
100
AcDbEntity
  8
Sketch001
100
AcDbLine
 10
173.575000000
 20
110.000000000
 30
0.000000000
 11
173.875000000
 21
109.700000000
 31
0.000000000
  0
LINE
  5
FE0
330
A02
100
AcDbEntity
  8
Sketch001
100
AcDbLine
 10
173.875000000
 20
107.586666667
 30
0.000000000
 11
173.875000000
 21
109.700000000
 31
0.000000000
  0
ARC
  5
FE1
330
A02
100
AcDbEntity
  8
Sketch001
100
AcDbCircle
 10
173.875000000
 20
107.400000000
 30
0.000000000
 40
0.186666667
100
AcDbArc
 50
90.000000000
 51
180.000000000
  0
ARC
  5
FE2
330
A02
100
AcDbEntity
  8
Sketch001
100
AcDbCircle
 10
173.875000000
 20
107.400000000
 30
0.000000000
 40
0.186666667
100
AcDbArc
 50
180.000000000
 51
0.000000000
  0
LINE
  5
FE3
330
A02
100
AcDbEntity
  8
Sketch001
100
AcDbLine
 10
174.061666667
 20
107.400000000
 30
0.000000000
 11
188.300000000
 21
107.400000000
 31
0.000000000
  0
LINE
  5
FE4
330
A02
100
AcDbEntity
  8
Sketch001
100
AcDbLine
 10
188.300000000
 20
107.400000000
 30
0.000000000
 11
188.800000000
 21
106.900000000
 31
0.000000000
  0
LINE
  5
FE5
330
A02
100
AcDbEntity
  8
Sketch001
100
AcDbLine
 10
188.800000000
 20
106.900000000
 30
0.000000000
 11
188.800000000
 21
88.911666667
 31
0.000000000
  0
ARC
  5
FE6
330
A02
100
AcDbEntity
  8
Sketch001
100
AcDbCircle
 10
188.800000000
 20
88.725000000
 30
0.000000000
 40
0.186666667
100
AcDbArc
 50
90.000000000
 51
-90.000000000
  0
ARC
  5
FE7
330
A02
100
AcDbEntity
  8
Sketch001
100
AcDbCircle
 10
188.800000000
 20
88.725000000
 30
0.000000000
 40
0.186666667
100
AcDbArc
 50
-90.000000000
 51
0.000000000
  0
LINE
  5
FE8
330
A02
100
AcDbEntity
  8
Sketch001
100
AcDbLine
 10
188.986666667
 20
88.725000000
 30
0.000000000
 11
191.100000000
 21
88.725000000
 31
0.000000000
  0
LINE
  5
FE9
330
A02
100
AcDbEntity
  8
Sketch001
100
AcDbLine
 10
191.100000000
 20
88.725000000
 30
0.000000000
 11
191.400000000
 21
88.425000000
 31
0.000000000
  0
LINE
  5
FEA
330
A02
100
AcDbEntity
  8
Sketch001
100
AcDbLine
 10
111.200000000
 20
34.675000000
 30
0.000000000
 11
111.500000000
 21
34.975000000
 31
0.000000000
  0
LINE
  5
FEB
330
A02
100
AcDbEntity
  8
Sketch001
100
AcDbLine
 10
113.613333333
 20
34.975000000
 30
0.000000000
 11
111.500000000
 21
34.975000000
 31
0.000000000
  0
ARC
  5
FEC
330
A02
100
AcDbEntity
  8
Sketch001
100
AcDbCircle
 10
113.800000000
 20
34.975000000
 30
0.000000000
 40
0.186666667
100
AcDbArc
 50
180.000000000
 51
-90.000000000
  0
ARC
  5
FED
330
A02
100
AcDbEntity
  8
Sketch001
100
AcDbCircle
 10
113.800000000
 20
34.975000000
 30
0.000000000
 40
0.186666667
100
AcDbArc
 50
-90.000000000
 51
90.000000000
  0
LINE
  5
FEE
330
A02
100
AcDbEntity
  8
Sketch001
100
AcDbLine
 10
113.800000000
 20
35.161666667
 30
0.000000000
 11
113.800000000
 21
46.900000000
 31
0.000000000
  0
LINE
  5
FEF
330
A02
100
AcDbEntity
  8
Sketch001
100
AcDbLine
 10
113.800000000
 20
46.900000000
 30
0.000000000
 11
114.300000000
 21
47.400000000
 31
0.000000000
  0
LINE
  5
FF0
330
A02
100
AcDbEntity
  8
Sketch001
100
AcDbLine
 10
114.300000000
 20
47.400000000
 30
0.000000000
 11
123.798247855
 21
47.400000000
 31
0.000000000
  0
ARC
  5
FF1
330
A02
100
AcDbEntity
  8
Sketch001
100
AcDbCircle
 10
123.984914522
 20
47.400000000
 30
0.000000000
 40
0.186666667
100
AcDbArc
 50
180.000000000
 51
0.000000000
  0
ARC
  5
FF2
330
A02
100
AcDbEntity
  8
Sketch001
100
AcDbCircle
 10
123.984914522
 20
47.400000000
 30
0.000000000
 40
0.186666667
100
AcDbArc
 50
0.000000000
 51
90.000000000
  0
LINE
  5
FF3
330
A02
100
AcDbEntity
  8
Sketch001
100
AcDbLine
 10
123.984914522
 20
47.586666667
 30
0.000000000
 11
123.984914522
 21
49.700000000
 31
0.000000000
  0
LINE
  5
FF4
330
A02
100
AcDbEntity
  8
Sketch001
100
AcDbLine
 10
123.984914522
 20
49.700000000
 30
0.000000000
 11
124.284914522
 21
50.000000000
 31
0.000000000
  0
LINE
  5
FF5
330
A02
100
AcDbEntity
  8
Sketch001
100
AcDbLine
 10
191.400000000
 20
78.875000000
 30
0.000000000
 11
191.100000000
 21
78.575000000
 31
0.000000000
  0
LINE
  5
FF6
330
A02
100
AcDbEntity
  8
Sketch001
100
AcDbLine
 10
188.986666667
 20
78.575000000
 30
0.000000000
 11
191.100000000
 21
78.575000000
 31
0.000000000
  0
ARC
  5
FF7
330
A02
100
AcDbEntity
  8
Sketch001
100
AcDbCircle
 10
188.800000000
 20
78.575000000
 30
0.000000000
 40
0.186666667
100
AcDbArc
 50
0.000000000
 51
90.000000000
  0
ARC
  5
FF8
330
A02
100
AcDbEntity
  8
Sketch001
100
AcDbCircle
 10
188.800000000
 20
78.575000000
 30
0.000000000
 40
0.186666667
100
AcDbArc
 50
90.000000000
 51
-90.000000000
  0
LINE
  5
FF9
330
A02
100
AcDbEntity
  8
Sketch001
100
AcDbLine
 10
188.800000000
 20
78.388333333
 30
0.000000000
 11
188.800000000
 21
41.411666667
 31
0.000000000
  0
ARC
  5
FFA
330
A02
100
AcDbEntity
  8
Sketch001
100
AcDbCircle
 10
188.800000000
 20
41.225000000
 30
0.000000000
 40
0.186666667
100
AcDbArc
 50
90.000000000
 51
-90.000000000
  0
ARC
  5
FFB
330
A02
100
AcDbEntity
  8
Sketch001
100
AcDbCircle
 10
188.800000000
 20
41.225000000
 30
0.000000000
 40
0.186666667
100
AcDbArc
 50
-90.000000000
 51
0.000000000
  0
LINE
  5
FFC
330
A02
100
AcDbEntity
  8
Sketch001
100
AcDbLine
 10
188.986666667
 20
41.225000000
 30
0.000000000
 11
191.100000000
 21
41.225000000
 31
0.000000000
  0
LINE
  5
FFD
330
A02
100
AcDbEntity
  8
Sketch001
100
AcDbLine
 10
191.100000000
 20
41.225000000
 30
0.000000000
 11
191.400000000
 21
40.925000000
 31
0.000000000
  0
LINE
  5
FFE
330
A02
100
AcDbEntity
  8
Sketch001
100
AcDbLine
 10
127.775000000
 20
9.800000000
 30
0.000000000
 11
127.475000000
 21
10.100000000
 31
0.000000000
  0
LINE
  5
FFF
330
A02
100
AcDbEntity
  8
Sketch001
100
AcDbLine
 10
127.475000000
 20
12.213333333
 30
0.000000000
 11
127.475000000
 21
10.100000000
 31
0.000000000
  0
ARC
  5
1000
330
A02
100
AcDbEntity
  8
Sketch001
100
AcDbCircle
 10
127.475000000
 20
12.400000000
 30
0.000000000
 40
0.186666667
100
AcDbArc
 50
-90.000000000
 51
0.000000000
  0
ARC
  5
1001
330
A02
100
AcDbEntity
  8
Sketch001
100
AcDbCircle
 10
127.475000000
 20
12.400000000
 30
0.000000000
 40
0.186666667
100
AcDbArc
 50
0.000000000
 51
180.000000000
  0
LINE
  5
1002
330
A02
100
AcDbEntity
  8
Sketch001
100
AcDbLine
 10
127.288333333
 20
12.400000000
 30
0.000000000
 11
114.300000000
 21
12.400000000
 31
0.000000000
  0
LINE
  5
1003
330
A02
100
AcDbEntity
  8
Sketch001
100
AcDbLine
 10
114.300000000
 20
12.400000000
 30
0.000000000
 11
113.800000000
 21
12.900000000
 31
0.000000000
  0
LINE
  5
1004
330
A02
100
AcDbEntity
  8
Sketch001
100
AcDbLine
 10
113.800000000
 20
12.900000000
 30
0.000000000
 11
113.800000000
 21
24.638333333
 31
0.000000000
  0
ARC
  5
1005
330
A02
100
AcDbEntity
  8
Sketch001
100
AcDbCircle
 10
113.800000000
 20
24.825000000
 30
0.000000000
 40
0.186666667
100
AcDbArc
 50
-90.000000000
 51
90.000000000
  0
ARC
  5
1006
330
A02
100
AcDbEntity
  8
Sketch001
100
AcDbCircle
 10
113.800000000
 20
24.825000000
 30
0.000000000
 40
0.186666667
100
AcDbArc
 50
90.000000000
 51
180.000000000
  0
LINE
  5
1007
330
A02
100
AcDbEntity
  8
Sketch001
100
AcDbLine
 10
113.613333333
 20
24.825000000
 30
0.000000000
 11
111.500000000
 21
24.825000000
 31
0.000000000
  0
LINE
  5
1008
330
A02
100
AcDbEntity
  8
Sketch001
100
AcDbLine
 10
111.500000000
 20
24.825000000
 30
0.000000000
 11
111.200000000
 21
25.125000000
 31
0.000000000
  0
LINE
  5
1009
330
A02
100
AcDbEntity
  8
Sketch001
100
AcDbLine
 10
191.400000000
 20
31.375000000
 30
0.000000000
 11
191.100000000
 21
31.075000000
 31
0.000000000
  0
LINE
  5
100A
330
A02
100
AcDbEntity
  8
Sketch001
100
AcDbLine
 10
188.986666667
 20
31.075000000
 30
0.000000000
 11
191.100000000
 21
31.075000000
 31
0.000000000
  0
ARC
  5
100B
330
A02
100
AcDbEntity
  8
Sketch001
100
AcDbCircle
 10
188.800000000
 20
31.075000000
 30
0.000000000
 40
0.186666667
100
AcDbArc
 50
0.000000000
 51
90.000000000
  0
ARC
  5
100C
330
A02
100
AcDbEntity
  8
Sketch001
100
AcDbCircle
 10
188.800000000
 20
31.075000000
 30
0.000000000
 40
0.186666667
100
AcDbArc
 50
90.000000000
 51
-90.000000000
  0
LINE
  5
100D
330
A02
100
AcDbEntity
  8
Sketch001
100
AcDbLine
 10
188.800000000
 20
30.888333333
 30
0.000000000
 11
188.800000000
 21
12.900000000
 31
0.000000000
  0
LINE
  5
100E
330
A02
100
AcDbEntity
  8
Sketch001
100
AcDbLine
 10
188.800000000
 20
12.900000000
 30
0.000000000
 11
188.300000000
 21
12.400000000
 31
0.000000000
  0
LINE
  5
100F
330
A02
100
AcDbEntity
  8
Sketch001
100
AcDbLine
 10
188.300000000
 20
12.400000000
 30
0.000000000
 11
175.311666667
 21
12.400000000
 31
0.000000000
  0
ARC
  5
1010
330
A02
100
AcDbEntity
  8
Sketch001
100
AcDbCircle
 10
175.125000000
 20
12.400000000
 30
0.000000000
 40
0.186666667
100
AcDbArc
 50
-0.000000000
 51
-180.000000000
  0
ARC
  5
1011
330
A02
100
AcDbEntity
  8
Sketch001
100
AcDbCircle
 10
175.125000000
 20
12.400000000
 30
0.000000000
 40
0.186666667
100
AcDbArc
 50
-180.000000000
 51
-90.000000000
  0
LINE
  5
1012
330
A02
100
AcDbEntity
  8
Sketch001
100
AcDbLine
 10
175.125000000
 20
12.213333333
 30
0.000000000
 11
175.125000000
 21
10.100000000
 31
0.000000000
  0
LINE
  5
1013
330
A02
100
AcDbEntity
  8
Sketch001
100
AcDbLine
 10
175.125000000
 20
10.100000000
 30
0.000000000
 11
174.825000000
 21
9.800000000
 31
0.000000000
  0
LINE
  5
1014
330
A02
100
AcDbEntity
  8
Sketch001
100
AcDbLine
 10
165.275000000
 20
9.800000000
 30
0.000000000
 11
164.975000000
 21
10.100000000
 31
0.000000000
  0
LINE
  5
1015
330
A02
100
AcDbEntity
  8
Sketch001
100
AcDbLine
 10
164.975000000
 20
12.213333333
 30
0.000000000
 11
164.975000000
 21
10.100000000
 31
0.000000000
  0
ARC
  5
1016
330
A02
100
AcDbEntity
  8
Sketch001
100
AcDbCircle
 10
164.975000000
 20
12.400000000
 30
0.000000000
 40
0.186666667
100
AcDbArc
 50
-90.000000000
 51
-0.000000000
  0
ARC
  5
1017
330
A02
100
AcDbEntity
  8
Sketch001
100
AcDbCircle
 10
164.975000000
 20
12.400000000
 30
0.000000000
 40
0.186666667
100
AcDbArc
 50
-0.000000000
 51
-180.000000000
  0
LINE
  5
1018
330
A02
100
AcDbEntity
  8
Sketch001
100
AcDbLine
 10
164.788333333
 20
12.400000000
 30
0.000000000
 11
137.811666667
 21
12.400000000
 31
0.000000000
  0
ARC
  5
1019
330
A02
100
AcDbEntity
  8
Sketch001
100
AcDbCircle
 10
137.625000000
 20
12.400000000
 30
0.000000000
 40
0.186666667
100
AcDbArc
 50
0.000000000
 51
180.000000000
  0
ARC
  5
101A
330
A02
100
AcDbEntity
  8
Sketch001
100
AcDbCircle
 10
137.625000000
 20
12.400000000
 30
0.000000000
 40
0.186666667
100
AcDbArc
 50
180.000000000
 51
-90.000000000
  0
LINE
  5
101B
330
A02
100
AcDbEntity
  8
Sketch001
100
AcDbLine
 10
137.625000000
 20
12.213333333
 30
0.000000000
 11
137.625000000
 21
10.100000000
 31
0.000000000
  0
LINE
  5
101C
330
A02
100
AcDbEntity
  8
Sketch001
100
AcDbLine
 10
137.625000000
 20
10.100000000
 30
0.000000000
 11
137.325000000
 21
9.800000000
 31
0.000000000
  0
LINE
  5
101D
330
A02
100
AcDbEntity
  8
Sketch001
100
AcDbLine
 10
159.781799746
 20
63.047621783
 30
0.000000000
 11
162.131031298
 21
62.192571425
 31
0.000000000
  0
ARC
  5
101E
330
A02
100
AcDbEntity
  8
Sketch001
100
AcDbCircle
 10
160.591940653
 20
57.963954632
 30
0.000000000
 40
4.500000000
100
AcDbArc
 50
-20.000000000
 51
70.000000000
  0
LINE
  5
101F
330
A02
100
AcDbEntity
  8
Sketch001
100
AcDbLine
 10
164.820557446
 20
56.424863987
 30
0.000000000
 11
162.597426515
 21
50.316861951
 31
0.000000000
  0
ARC
  5
1020
330
A02
100
AcDbEntity
  8
Sketch001
100
AcDbCircle
 10
158.368809721
 20
51.855952596
 30
0.000000000
 40
4.500000000
100
AcDbArc
 50
-110.000000000
 51
-20.000000000
  0
LINE
  5
1021
330
A02
100
AcDbEntity
  8
Sketch001
100
AcDbLine
 10
156.829719076
 20
47.627335803
 30
0.000000000
 11
154.480487524
 21
48.482386161
 31
0.000000000
  0
ARC
  5
1022
330
A02
100
AcDbEntity
  8
Sketch001
100
AcDbCircle
 10
156.019578169
 20
52.711002955
 30
0.000000000
 40
4.500000000
100
AcDbArc
 50
160.000000000
 51
-110.000000000
  0
LINE
  5
1023
330
A02
100
AcDbEntity
  8
Sketch001
100
AcDbLine
 10
151.790961376
 20
54.250093600
 30
0.000000000
 11
154.014092307
 21
60.358095635
 31
0.000000000
  0
ARC
  5
1024
330
A02
100
AcDbEntity
  8
Sketch001
100
AcDbCircle
 10
158.242709101
 20
58.819004990
 30
0.000000000
 40
4.500000000
100
AcDbArc
 50
70.000000000
 51
160.000000000
  0
LINE
  5
1025
330
A02
100
AcDbEntity
  8
Sketch001
100
AcDbLine
 10
183.605507296
 20
81.689688074
 30
0.000000000
 11
185.024443153
 21
81.173237657
 31
0.000000000
  0
LINE
  5
1026
330
A02
100
AcDbEntity
  8
Sketch001
100
AcDbLine
 10
185.024443153
 20
81.173237657
 30
0.000000000
 11
180.920201433
 21
69.896926208
 31
0.000000000
  0
LINE
  5
1027
330
A02
100
AcDbEntity
  8
Sketch001
100
AcDbLine
 10
179.501265576
 20
70.413376624
 30
0.000000000
 11
180.920201433
 21
69.896926208
 31
0.000000000
  0
LINE
  5
1028
330
A02
100
AcDbEntity
  8
Sketch001
100
AcDbLine
 10
183.605507296
 20
81.689688074
 30
0.000000000
 11
179.501265576
 21
70.413376624
 31
0.000000000
  0
LINE
  5
1029
330
A02
100
AcDbEntity
  8
Sketch001
100
AcDbLine
 10
172.660862709
 20
51.619524209
 30
0.000000000
 11
174.079798567
 21
51.103073792
 31
0.000000000
  0
LINE
  5
102A
330
A02
100
AcDbEntity
  8
Sketch001
100
AcDbLine
 10
174.079798567
 20
51.103073792
 30
0.000000000
 11
169.975556847
 21
39.826762343
 31
0.000000000
  0
LINE
  5
102B
330
A02
100
AcDbEntity
  8
Sketch001
100
AcDbLine
 10
168.556620989
 20
40.343212759
 30
0.000000000
 11
169.975556847
 21
39.826762343
 31
0.000000000
  0
LINE
  5
102C
330
A02
100
AcDbEntity
  8
Sketch001
100
AcDbLine
 10
172.660862709
 20
51.619524209
 30
0.000000000
 11
168.556620989
 21
40.343212759
 31
0.000000000
  0
LINE
  5
102D
330
A02
100
AcDbEntity
  8
Sketch001
100
AcDbLine
 10
121.500000000
 20
42.510000000
 30
0.000000000
 11
121.500000000
 21
41.000000000
 31
0.000000000
  0
LINE
  5
102E
330
A02
100
AcDbEntity
  8
Sketch001
100
AcDbLine
 10
121.500000000
 20
41.000000000
 30
0.000000000
 11
133.500000000
 21
41.000000000
 31
0.000000000
  0
LINE
  5
102F
330
A02
100
AcDbEntity
  8
Sketch001
100
AcDbLine
 10
133.500000000
 20
42.510000000
 30
0.000000000
 11
133.500000000
 21
41.000000000
 31
0.000000000
  0
LINE
  5
1030
330
A02
100
AcDbEntity
  8
Sketch001
100
AcDbLine
 10
121.500000000
 20
42.510000000
 30
0.000000000
 11
133.500000000
 21
42.510000000
 31
0.000000000
  0
ARC
  5
1031
330
A02
100
AcDbEntity
  8
Sketch001
100
AcDbCircle
 10
169.301727813
 20
53.746700430
 30
0.000000000
 40
2.500000000
100
AcDbArc
 50
-20.000000000
 51
160.000000000
  0
LINE
  5
1032
330
A02
100
AcDbEntity
  8
Sketch001
100
AcDbLine
 10
166.952496261
 20
54.601750789
 30
0.000000000
 11
165.550213673
 21
50.749011043
 31
0.000000000
  0
ARC
  5
1033
330
A02
100
AcDbEntity
  8
Sketch001
100
AcDbCircle
 10
167.899445225
 20
49.893960685
 30
0.000000000
 40
2.500000000
100
AcDbArc
 50
160.000000000
 51
-20.000000000
  0
LINE
  5
1034
330
A02
100
AcDbEntity
  8
Sketch001
100
AcDbLine
 10
171.650959365
 20
52.891650072
 30
0.000000000
 11
170.248676777
 21
49.038910327
 31
0.000000000
  0
LINE
  5
1035
330
A02
100
AcDbEntity
  8
Sketch002
100
AcDbLine
 10
51.200000000
 20
4.800000000
 30
0.000000000
 11
93.300000000
 21
4.800000000
 31
0.000000000
  0
ARC
  5
1036
330
A02
100
AcDbEntity
  8
Sketch002
100
AcDbCircle
 10
93.300000000
 20
7.300000000
 30
0.000000000
 40
2.500000000
100
AcDbArc
 50
-90.000000000
 51
0.000000000
  0
LINE
  5
1037
330
A02
100
AcDbEntity
  8
Sketch002
100
AcDbLine
 10
95.800000000
 20
7.300000000
 30
0.000000000
 11
95.800000000
 21
52.500000000
 31
0.000000000
  0
ARC
  5
1038
330
A02
100
AcDbEntity
  8
Sketch002
100
AcDbCircle
 10
93.300000000
 20
52.500000000
 30
0.000000000
 40
2.500000000
100
AcDbArc
 50
0.000000000
 51
90.000000000
  0
LINE
  5
1039
330
A02
100
AcDbEntity
  8
Sketch002
100
AcDbLine
 10
93.300000000
 20
55.000000000
 30
0.000000000
 11
64.752267092
 21
55.000000000
 31
0.000000000
  0
ARC
  5
103A
330
A02
100
AcDbEntity
  8
Sketch002
100
AcDbCircle
 10
64.752267092
 20
57.500000000
 30
0.000000000
 40
2.500000000
100
AcDbArc
 50
-160.000000000
 51
-90.000000000
  0
LINE
  5
103B
330
A02
100
AcDbEntity
  8
Sketch002
100
AcDbLine
 10
62.403035540
 20
56.644949642
 30
0.000000000
 11
48.692935673
 21
94.313139446
 31
0.000000000
  0
ARC
  5
103C
330
A02
100
AcDbEntity
  8
Sketch002
100
AcDbCircle
 10
51.042167225
 20
95.168189804
 30
0.000000000
 40
2.500000000
100
AcDbArc
 50
110.000000000
 51
-160.000000000
  0
LINE
  5
103D
330
A02
100
AcDbEntity
  8
Sketch002
100
AcDbLine
 10
50.187116867
 20
97.517421356
 30
0.000000000
 11
59.155050358
 21
100.781482210
 31
0.000000000
  0
ARC
  5
103E
330
A02
100
AcDbEntity
  8
Sketch002
100
AcDbCircle
 10
58.300000000
 20
103.130713762
 30
0.000000000
 40
2.500000000
100
AcDbArc
 50
-70.000000000
 51
0.000000000
  0
LINE
  5
103F
330
A02
100
AcDbEntity
  8
Sketch002
100
AcDbLine
 10
60.800000000
 20
103.130713762
 30
0.000000000
 11
60.800000000
 21
112.500000000
 31
0.000000000
  0
ARC
  5
1040
330
A02
100
AcDbEntity
  8
Sketch002
100
AcDbCircle
 10
58.300000000
 20
112.500000000
 30
0.000000000
 40
2.500000000
100
AcDbArc
 50
0.000000000
 51
90.000000000
  0
LINE
  5
1041
330
A02
100
AcDbEntity
  8
Sketch002
100
AcDbLine
 10
58.300000000
 20
115.000000000
 30
0.000000000
 11
33.700000000
 21
115.000000000
 31
0.000000000
  0
LINE
  5
1042
330
A02
100
AcDbEntity
  8
Sketch002
100
AcDbLine
 10
32.700000000
 20
115.000000000
 30
0.000000000
 11
8.100000000
 21
115.000000000
 31
0.000000000
  0
ARC
  5
1043
330
A02
100
AcDbEntity
  8
Sketch002
100
AcDbCircle
 10
8.100000000
 20
112.500000000
 30
0.000000000
 40
2.500000000
100
AcDbArc
 50
90.000000000
 51
180.000000000
  0
LINE
  5
1044
330
A02
100
AcDbEntity
  8
Sketch002
100
AcDbLine
 10
5.600000000
 20
112.500000000
 30
0.000000000
 11
5.600000000
 21
7.300000000
 31
0.000000000
  0
ARC
  5
1045
330
A02
100
AcDbEntity
  8
Sketch002
100
AcDbCircle
 10
8.100000000
 20
7.300000000
 30
0.000000000
 40
2.500000000
100
AcDbArc
 50
-180.000000000
 51
-90.000000000
  0
LINE
  5
1046
330
A02
100
AcDbEntity
  8
Sketch002
100
AcDbLine
 10
8.100000000
 20
4.800000000
 30
0.000000000
 11
50.200000000
 21
4.800000000
 31
0.000000000
  0
LINE
  5
1047
330
A02
100
AcDbEntity
  8
Sketch002
100
AcDbLine
 10
55.366987298
 20
110.000000000
 30
0.000000000
 11
33.700000000
 21
110.000000000
 31
0.000000000
  0
ARC
  5
1048
330
A02
100
AcDbEntity
  8
Sketch002
100
AcDbCircle
 10
55.366987298
 20
110.250000000
 30
0.000000000
 40
0.250000000
100
AcDbArc
 50
-90.000000000
 51
-30.000000000
  0
ARC
  5
1049
330
A02
100
AcDbEntity
  8
Sketch002
100
AcDbCircle
 10
55.800000000
 20
110.000000000
 30
0.000000000
 40
0.250000000
100
AcDbArc
 50
-60.000000000
 51
150.000000000
  0
ARC
  5
104A
330
A02
100
AcDbEntity
  8
Sketch002
100
AcDbCircle
 10
56.050000000
 20
109.566987298
 30
0.000000000
 40
0.250000000
100
AcDbArc
 50
120.000000000
 51
180.000000000
  0
LINE
  5
104B
330
A02
100
AcDbEntity
  8
Sketch002
100
AcDbLine
 10
55.800000000
 20
104.993356447
 30
0.000000000
 11
55.800000000
 21
109.566987298
 31
0.000000000
  0
ARC
  5
104C
330
A02
100
AcDbEntity
  8
Sketch002
100
AcDbCircle
 10
56.050000000
 20
104.993356447
 30
0.000000000
 40
0.250000000
100
AcDbArc
 50
180.000000000
 51
-120.000000000
  0
ARC
  5
104D
330
A02
100
AcDbEntity
  8
Sketch002
100
AcDbCircle
 10
55.800000000
 20
104.560343745
 30
0.000000000
 40
0.250000000
100
AcDbArc
 50
-130.000000000
 51
60.000000000
  0
ARC
  5
104E
330
A02
100
AcDbEntity
  8
Sketch002
100
AcDbCircle
 10
55.478606195
 20
104.177321523
 30
0.000000000
 40
0.250000000
100
AcDbArc
 50
50.000000000
 51
110.000000000
  0
LINE
  5
104F
330
A02
100
AcDbEntity
  8
Sketch002
100
AcDbLine
 10
42.472145807
 20
99.709401532
 30
0.000000000
 11
55.393101159
 21
104.412244678
 31
0.000000000
  0
ARC
  5
1050
330
A02
100
AcDbEntity
  8
Sketch002
100
AcDbCircle
 10
42.814165951
 20
98.769708911
 30
0.000000000
 40
1.000000000
100
AcDbArc
 50
110.000000000
 51
-160.000000000
  0
LINE
  5
1051
330
A02
100
AcDbEntity
  8
Sketch002
100
AcDbLine
 10
59.261225473
 20
50.657979857
 30
0.000000000
 11
41.874473330
 21
98.427688768
 31
0.000000000
  0
ARC
  5
1052
330
A02
100
AcDbEntity
  8
Sketch002
100
AcDbCircle
 10
60.200918094
 20
51.000000000
 30
0.000000000
 40
1.000000000
100
AcDbArc
 50
-160.000000000
 51
-90.000000000
  0
LINE
  5
1053
330
A02
100
AcDbEntity
  8
Sketch002
100
AcDbLine
 10
90.366987298
 20
50.000000000
 30
0.000000000
 11
60.200918094
 21
50.000000000
 31
0.000000000
  0
ARC
  5
1054
330
A02
100
AcDbEntity
  8
Sketch002
100
AcDbCircle
 10
90.366987298
 20
50.250000000
 30
0.000000000
 40
0.250000000
100
AcDbArc
 50
-90.000000000
 51
-30.000000000
  0
ARC
  5
1055
330
A02
100
AcDbEntity
  8
Sketch002
100
AcDbCircle
 10
90.800000000
 20
50.000000000
 30
0.000000000
 40
0.250000000
100
AcDbArc
 50
-60.000000000
 51
150.000000000
  0
ARC
  5
1056
330
A02
100
AcDbEntity
  8
Sketch002
100
AcDbCircle
 10
91.050000000
 20
49.566987298
 30
0.000000000
 40
0.250000000
100
AcDbArc
 50
120.000000000
 51
180.000000000
  0
LINE
  5
1057
330
A02
100
AcDbEntity
  8
Sketch002
100
AcDbLine
 10
90.800000000
 20
10.233012702
 30
0.000000000
 11
90.800000000
 21
49.566987298
 31
0.000000000
  0
ARC
  5
1058
330
A02
100
AcDbEntity
  8
Sketch002
100
AcDbCircle
 10
91.050000000
 20
10.233012702
 30
0.000000000
 40
0.250000000
100
AcDbArc
 50
180.000000000
 51
-120.000000000
  0
ARC
  5
1059
330
A02
100
AcDbEntity
  8
Sketch002
100
AcDbCircle
 10
90.800000000
 20
9.800000000
 30
0.000000000
 40
0.250000000
100
AcDbArc
 50
-150.000000000
 51
60.000000000
  0
ARC
  5
105A
330
A02
100
AcDbEntity
  8
Sketch002
100
AcDbCircle
 10
90.366987298
 20
9.550000000
 30
0.000000000
 40
0.250000000
100
AcDbArc
 50
30.000000000
 51
90.000000000
  0
LINE
  5
105B
330
A02
100
AcDbEntity
  8
Sketch002
100
AcDbLine
 10
32.563171000
 20
9.800000000
 30
0.000000000
 11
90.366987298
 21
9.800000000
 31
0.000000000
  0
LINE
  5
105C
330
A02
100
AcDbEntity
  8
Sketch002
100
AcDbLine
 10
32.700000000
 20
110.000000000
 30
0.000000000
 11
11.033012702
 21
110.000000000
 31
0.000000000
  0
ARC
  5
105D
330
A02
100
AcDbEntity
  8
Sketch002
100
AcDbCircle
 10
11.033012702
 20
110.250000000
 30
0.000000000
 40
0.250000000
100
AcDbArc
 50
-150.000000000
 51
-90.000000000
  0
ARC
  5
105E
330
A02
100
AcDbEntity
  8
Sketch002
100
AcDbCircle
 10
10.600000000
 20
110.000000000
 30
0.000000000
 40
0.250000000
100
AcDbArc
 50
30.000000000
 51
-120.000000000
  0
ARC
  5
105F
330
A02
100
AcDbEntity
  8
Sketch002
100
AcDbCircle
 10
10.350000000
 20
109.566987298
 30
0.000000000
 40
0.250000000
100
AcDbArc
 50
0.000000000
 51
60.000000000
  0
LINE
  5
1060
330
A02
100
AcDbEntity
  8
Sketch002
100
AcDbLine
 10
10.600000000
 20
109.566987298
 30
0.000000000
 11
10.600000000
 21
10.233012702
 31
0.000000000
  0
ARC
  5
1061
330
A02
100
AcDbEntity
  8
Sketch002
100
AcDbCircle
 10
10.350000000
 20
10.233012702
 30
0.000000000
 40
0.250000000
100
AcDbArc
 50
-60.000000000
 51
0.000000000
  0
ARC
  5
1062
330
A02
100
AcDbEntity
  8
Sketch002
100
AcDbCircle
 10
10.600000000
 20
9.800000000
 30
0.000000000
 40
0.250000000
100
AcDbArc
 50
120.000000000
 51
-30.000000000
  0
ARC
  5
1063
330
A02
100
AcDbEntity
  8
Sketch002
100
AcDbCircle
 10
11.033012702
 20
9.550000000
 30
0.000000000
 40
0.250000000
100
AcDbArc
 50
90.000000000
 51
150.000000000
  0
LINE
  5
1064
330
A02
100
AcDbEntity
  8
Sketch002
100
AcDbLine
 10
11.033012702
 20
9.800000000
 30
0.000000000
 11
31.563171000
 21
9.800000000
 31
0.000000000
  0
LINE
  5
1065
330
A02
100
AcDbEntity
  8
Sketch002
100
AcDbLine
 10
48.750140108
 20
79.536949552
 30
0.000000000
 11
48.365626279
 21
79.716251295
 31
0.000000000
  0
LINE
  5
1066
330
A02
100
AcDbEntity
  8
Sketch002
100
AcDbLine
 10
46.379742540
 20
78.993448726
 30
0.000000000
 11
48.365626279
 21
79.716251295
 31
0.000000000
  0
ARC
  5
1067
330
A02
100
AcDbEntity
  8
Sketch002
100
AcDbCircle
 10
46.204333251
 20
78.929604966
 30
0.000000000
 40
0.186666667
100
AcDbArc
 50
-70.000000000
 51
20.000000000
  0
ARC
  5
1068
330
A02
100
AcDbEntity
  8
Sketch002
100
AcDbCircle
 10
46.204333251
 20
78.929604966
 30
0.000000000
 40
0.186666667
100
AcDbArc
 50
110.000000000
 51
-70.000000000
  0
LINE
  5
1069
330
A02
100
AcDbEntity
  8
Sketch002
100
AcDbLine
 10
46.140489491
 20
79.105014255
 30
0.000000000
 11
38.200000000
 21
100.921329830
 31
0.000000000
  0
LINE
  5
106A
330
A02
100
AcDbEntity
  8
Sketch002
100
AcDbLine
 10
38.200000000
 20
100.921329830
 30
0.000000000
 11
53.200000000
 21
106.380883344
 31
0.000000000
  0
LINE
  5
106B
330
A02
100
AcDbEntity
  8
Sketch002
100
AcDbLine
 10
53.200000000
 20
106.380883344
 30
0.000000000
 11
53.200000000
 21
107.400000000
 31
0.000000000
  0
LINE
  5
106C
330
A02
100
AcDbEntity
  8
Sketch002
100
AcDbLine
 10
53.200000000
 20
107.400000000
 30
0.000000000
 11
38.461666667
 21
107.400000000
 31
0.000000000
  0
ARC
  5
106D
330
A02
100
AcDbEntity
  8
Sketch002
100
AcDbCircle
 10
38.275000000
 20
107.400000000
 30
0.000000000
 40
0.186666667
100
AcDbArc
 50
180.000000000
 51
0.000000000
  0
ARC
  5
106E
330
A02
100
AcDbEntity
  8
Sketch002
100
AcDbCircle
 10
38.275000000
 20
107.400000000
 30
0.000000000
 40
0.186666667
100
AcDbArc
 50
90.000000000
 51
180.000000000
  0
LINE
  5
106F
330
A02
100
AcDbEntity
  8
Sketch002
100
AcDbLine
 10
38.275000000
 20
107.586666667
 30
0.000000000
 11
38.275000000
 21
109.700000000
 31
0.000000000
  0
LINE
  5
1070
330
A02
100
AcDbEntity
  8
Sketch002
100
AcDbLine
 10
38.275000000
 20
109.700000000
 30
0.000000000
 11
37.975000000
 21
110.000000000
 31
0.000000000
  0
LINE
  5
1071
330
A02
100
AcDbEntity
  8
Sketch002
100
AcDbLine
 10
28.425000000
 20
110.000000000
 30
0.000000000
 11
28.125000000
 21
109.700000000
 31
0.000000000
  0
LINE
  5
1072
330
A02
100
AcDbEntity
  8
Sketch002
100
AcDbLine
 10
28.125000000
 20
107.586666667
 30
0.000000000
 11
28.125000000
 21
109.700000000
 31
0.000000000
  0
ARC
  5
1073
330
A02
100
AcDbEntity
  8
Sketch002
100
AcDbCircle
 10
28.125000000
 20
107.400000000
 30
0.000000000
 40
0.186666667
100
AcDbArc
 50
0.000000000
 51
90.000000000
  0
ARC
  5
1074
330
A02
100
AcDbEntity
  8
Sketch002
100
AcDbCircle
 10
28.125000000
 20
107.400000000
 30
0.000000000
 40
0.186666667
100
AcDbArc
 50
180.000000000
 51
0.000000000
  0
LINE
  5
1075
330
A02
100
AcDbEntity
  8
Sketch002
100
AcDbLine
 10
27.938333333
 20
107.400000000
 30
0.000000000
 11
13.700000000
 21
107.400000000
 31
0.000000000
  0
LINE
  5
1076
330
A02
100
AcDbEntity
  8
Sketch002
100
AcDbLine
 10
13.700000000
 20
107.400000000
 30
0.000000000
 11
13.200000000
 21
106.900000000
 31
0.000000000
  0
LINE
  5
1077
330
A02
100
AcDbEntity
  8
Sketch002
100
AcDbLine
 10
13.200000000
 20
106.900000000
 30
0.000000000
 11
13.200000000
 21
88.911666667
 31
0.000000000
  0
ARC
  5
1078
330
A02
100
AcDbEntity
  8
Sketch002
100
AcDbCircle
 10
13.200000000
 20
88.725000000
 30
0.000000000
 40
0.186666667
100
AcDbArc
 50
-90.000000000
 51
90.000000000
  0
ARC
  5
1079
330
A02
100
AcDbEntity
  8
Sketch002
100
AcDbCircle
 10
13.200000000
 20
88.725000000
 30
0.000000000
 40
0.186666667
100
AcDbArc
 50
180.000000000
 51
-90.000000000
  0
LINE
  5
107A
330
A02
100
AcDbEntity
  8
Sketch002
100
AcDbLine
 10
13.013333333
 20
88.725000000
 30
0.000000000
 11
10.900000000
 21
88.725000000
 31
0.000000000
  0
LINE
  5
107B
330
A02
100
AcDbEntity
  8
Sketch002
100
AcDbLine
 10
10.900000000
 20
88.725000000
 30
0.000000000
 11
10.600000000
 21
88.425000000
 31
0.000000000
  0
LINE
  5
107C
330
A02
100
AcDbEntity
  8
Sketch002
100
AcDbLine
 10
68.165085478
 20
50.000000000
 30
0.000000000
 11
67.865085478
 21
49.700000000
 31
0.000000000
  0
LINE
  5
107D
330
A02
100
AcDbEntity
  8
Sketch002
100
AcDbLine
 10
67.865085478
 20
47.586666667
 30
0.000000000
 11
67.865085478
 21
49.700000000
 31
0.000000000
  0
ARC
  5
107E
330
A02
100
AcDbEntity
  8
Sketch002
100
AcDbCircle
 10
67.865085478
 20
47.400000000
 30
0.000000000
 40
0.186666667
100
AcDbArc
 50
0.000000000
 51
90.000000000
  0
ARC
  5
107F
330
A02
100
AcDbEntity
  8
Sketch002
100
AcDbCircle
 10
67.865085478
 20
47.400000000
 30
0.000000000
 40
0.186666667
100
AcDbArc
 50
180.000000000
 51
0.000000000
  0
LINE
  5
1080
330
A02
100
AcDbEntity
  8
Sketch002
100
AcDbLine
 10
67.678418812
 20
47.400000000
 30
0.000000000
 11
57.680170956
 21
47.400000000
 31
0.000000000
  0
LINE
  5
1081
330
A02
100
AcDbEntity
  8
Sketch002
100
AcDbLine
 10
57.680170956
 20
47.400000000
 30
0.000000000
 11
49.739681466
 21
69.216315575
 31
0.000000000
  0
ARC
  5
1082
330
A02
100
AcDbEntity
  8
Sketch002
100
AcDbCircle
 10
49.675837706
 20
69.391724865
 30
0.000000000
 40
0.186666667
100
AcDbArc
 50
110.000000000
 51
-70.000000000
  0
ARC
  5
1083
330
A02
100
AcDbEntity
  8
Sketch002
100
AcDbCircle
 10
49.675837706
 20
69.391724865
 30
0.000000000
 40
0.186666667
100
AcDbArc
 50
20.000000000
 51
110.000000000
  0
LINE
  5
1084
330
A02
100
AcDbEntity
  8
Sketch002
100
AcDbLine
 10
49.851246995
 20
69.455568625
 30
0.000000000
 11
51.837130733
 21
70.178371194
 31
0.000000000
  0
LINE
  5
1085
330
A02
100
AcDbEntity
  8
Sketch002
100
AcDbLine
 10
51.837130733
 20
70.178371194
 30
0.000000000
 11
52.016432477
 21
70.562885023
 31
0.000000000
  0
LINE
  5
1086
330
A02
100
AcDbEntity
  8
Sketch002
100
AcDbLine
 10
10.600000000
 20
78.875000000
 30
0.000000000
 11
10.900000000
 21
78.575000000
 31
0.000000000
  0
LINE
  5
1087
330
A02
100
AcDbEntity
  8
Sketch002
100
AcDbLine
 10
13.013333333
 20
78.575000000
 30
0.000000000
 11
10.900000000
 21
78.575000000
 31
0.000000000
  0
ARC
  5
1088
330
A02
100
AcDbEntity
  8
Sketch002
100
AcDbCircle
 10
13.200000000
 20
78.575000000
 30
0.000000000
 40
0.186666667
100
AcDbArc
 50
90.000000000
 51
180.000000000
  0
ARC
  5
1089
330
A02
100
AcDbEntity
  8
Sketch002
100
AcDbCircle
 10
13.200000000
 20
78.575000000
 30
0.000000000
 40
0.186666667
100
AcDbArc
 50
-90.000000000
 51
90.000000000
  0
LINE
  5
108A
330
A02
100
AcDbEntity
  8
Sketch002
100
AcDbLine
 10
13.200000000
 20
78.388333333
 30
0.000000000
 11
13.200000000
 21
41.411666667
 31
0.000000000
  0
ARC
  5
108B
330
A02
100
AcDbEntity
  8
Sketch002
100
AcDbCircle
 10
13.200000000
 20
41.225000000
 30
0.000000000
 40
0.186666667
100
AcDbArc
 50
-90.000000000
 51
90.000000000
  0
ARC
  5
108C
330
A02
100
AcDbEntity
  8
Sketch002
100
AcDbCircle
 10
13.200000000
 20
41.225000000
 30
0.000000000
 40
0.186666667
100
AcDbArc
 50
180.000000000
 51
-90.000000000
  0
LINE
  5
108D
330
A02
100
AcDbEntity
  8
Sketch002
100
AcDbLine
 10
13.013333333
 20
41.225000000
 30
0.000000000
 11
10.900000000
 21
41.225000000
 31
0.000000000
  0
LINE
  5
108E
330
A02
100
AcDbEntity
  8
Sketch002
100
AcDbLine
 10
10.900000000
 20
41.225000000
 30
0.000000000
 11
10.600000000
 21
40.925000000
 31
0.000000000
  0
LINE
  5
108F
330
A02
100
AcDbEntity
  8
Sketch002
100
AcDbLine
 10
90.800000000
 20
34.675000000
 30
0.000000000
 11
90.500000000
 21
34.975000000
 31
0.000000000
  0
LINE
  5
1090
330
A02
100
AcDbEntity
  8
Sketch002
100
AcDbLine
 10
88.386666667
 20
34.975000000
 30
0.000000000
 11
90.500000000
 21
34.975000000
 31
0.000000000
  0
ARC
  5
1091
330
A02
100
AcDbEntity
  8
Sketch002
100
AcDbCircle
 10
88.200000000
 20
34.975000000
 30
0.000000000
 40
0.186666667
100
AcDbArc
 50
-90.000000000
 51
0.000000000
  0
ARC
  5
1092
330
A02
100
AcDbEntity
  8
Sketch002
100
AcDbCircle
 10
88.200000000
 20
34.975000000
 30
0.000000000
 40
0.186666667
100
AcDbArc
 50
90.000000000
 51
-90.000000000
  0
LINE
  5
1093
330
A02
100
AcDbEntity
  8
Sketch002
100
AcDbLine
 10
88.200000000
 20
35.161666667
 30
0.000000000
 11
88.200000000
 21
46.900000000
 31
0.000000000
  0
LINE
  5
1094
330
A02
100
AcDbEntity
  8
Sketch002
100
AcDbLine
 10
88.200000000
 20
46.900000000
 30
0.000000000
 11
87.700000000
 21
47.400000000
 31
0.000000000
  0
LINE
  5
1095
330
A02
100
AcDbEntity
  8
Sketch002
100
AcDbLine
 10
87.700000000
 20
47.400000000
 30
0.000000000
 11
78.201752145
 21
47.400000000
 31
0.000000000
  0
ARC
  5
1096
330
A02
100
AcDbEntity
  8
Sketch002
100
AcDbCircle
 10
78.015085478
 20
47.400000000
 30
0.000000000
 40
0.186666667
100
AcDbArc
 50
180.000000000
 51
0.000000000
  0
ARC
  5
1097
330
A02
100
AcDbEntity
  8
Sketch002
100
AcDbCircle
 10
78.015085478
 20
47.400000000
 30
0.000000000
 40
0.186666667
100
AcDbArc
 50
90.000000000
 51
180.000000000
  0
LINE
  5
1098
330
A02
100
AcDbEntity
  8
Sketch002
100
AcDbLine
 10
78.015085478
 20
47.586666667
 30
0.000000000
 11
78.015085478
 21
49.700000000
 31
0.000000000
  0
LINE
  5
1099
330
A02
100
AcDbEntity
  8
Sketch002
100
AcDbLine
 10
78.015085478
 20
49.700000000
 30
0.000000000
 11
77.715085478
 21
50.000000000
 31
0.000000000
  0
LINE
  5
109A
330
A02
100
AcDbEntity
  8
Sketch002
100
AcDbLine
 10
10.600000000
 20
31.375000000
 30
0.000000000
 11
10.900000000
 21
31.075000000
 31
0.000000000
  0
LINE
  5
109B
330
A02
100
AcDbEntity
  8
Sketch002
100
AcDbLine
 10
13.013333333
 20
31.075000000
 30
0.000000000
 11
10.900000000
 21
31.075000000
 31
0.000000000
  0
ARC
  5
109C
330
A02
100
AcDbEntity
  8
Sketch002
100
AcDbCircle
 10
13.200000000
 20
31.075000000
 30
0.000000000
 40
0.186666667
100
AcDbArc
 50
90.000000000
 51
180.000000000
  0
ARC
  5
109D
330
A02
100
AcDbEntity
  8
Sketch002
100
AcDbCircle
 10
13.200000000
 20
31.075000000
 30
0.000000000
 40
0.186666667
100
AcDbArc
 50
-90.000000000
 51
90.000000000
  0
LINE
  5
109E
330
A02
100
AcDbEntity
  8
Sketch002
100
AcDbLine
 10
13.200000000
 20
30.888333333
 30
0.000000000
 11
13.200000000
 21
12.900000000
 31
0.000000000
  0
LINE
  5
109F
330
A02
100
AcDbEntity
  8
Sketch002
100
AcDbLine
 10
13.200000000
 20
12.900000000
 30
0.000000000
 11
13.700000000
 21
12.400000000
 31
0.000000000
  0
LINE
  5
10A0
330
A02
100
AcDbEntity
  8
Sketch002
100
AcDbLine
 10
13.700000000
 20
12.400000000
 30
0.000000000
 11
26.688333333
 21
12.400000000
 31
0.000000000
  0
ARC
  5
10A1
330
A02
100
AcDbEntity
  8
Sketch002
100
AcDbCircle
 10
26.875000000
 20
12.400000000
 30
0.000000000
 40
0.186666667
100
AcDbArc
 50
-0.000000000
 51
-180.000000000
  0
ARC
  5
10A2
330
A02
100
AcDbEntity
  8
Sketch002
100
AcDbCircle
 10
26.875000000
 20
12.400000000
 30
0.000000000
 40
0.186666667
100
AcDbArc
 50
-90.000000000
 51
-0.000000000
  0
LINE
  5
10A3
330
A02
100
AcDbEntity
  8
Sketch002
100
AcDbLine
 10
26.875000000
 20
12.213333333
 30
0.000000000
 11
26.875000000
 21
10.100000000
 31
0.000000000
  0
LINE
  5
10A4
330
A02
100
AcDbEntity
  8
Sketch002
100
AcDbLine
 10
26.875000000
 20
10.100000000
 30
0.000000000
 11
27.175000000
 21
9.800000000
 31
0.000000000
  0
LINE
  5
10A5
330
A02
100
AcDbEntity
  8
Sketch002
100
AcDbLine
 10
74.225000000
 20
9.800000000
 30
0.000000000
 11
74.525000000
 21
10.100000000
 31
0.000000000
  0
LINE
  5
10A6
330
A02
100
AcDbEntity
  8
Sketch002
100
AcDbLine
 10
74.525000000
 20
12.213333333
 30
0.000000000
 11
74.525000000
 21
10.100000000
 31
0.000000000
  0
ARC
  5
10A7
330
A02
100
AcDbEntity
  8
Sketch002
100
AcDbCircle
 10
74.525000000
 20
12.400000000
 30
0.000000000
 40
0.186666667
100
AcDbArc
 50
180.000000000
 51
-90.000000000
  0
ARC
  5
10A8
330
A02
100
AcDbEntity
  8
Sketch002
100
AcDbCircle
 10
74.525000000
 20
12.400000000
 30
0.000000000
 40
0.186666667
100
AcDbArc
 50
0.000000000
 51
180.000000000
  0
LINE
  5
10A9
330
A02
100
AcDbEntity
  8
Sketch002
100
AcDbLine
 10
74.711666667
 20
12.400000000
 30
0.000000000
 11
87.700000000
 21
12.400000000
 31
0.000000000
  0
LINE
  5
10AA
330
A02
100
AcDbEntity
  8
Sketch002
100
AcDbLine
 10
87.700000000
 20
12.400000000
 30
0.000000000
 11
88.200000000
 21
12.900000000
 31
0.000000000
  0
LINE
  5
10AB
330
A02
100
AcDbEntity
  8
Sketch002
100
AcDbLine
 10
88.200000000
 20
12.900000000
 30
0.000000000
 11
88.200000000
 21
24.638333333
 31
0.000000000
  0
ARC
  5
10AC
330
A02
100
AcDbEntity
  8
Sketch002
100
AcDbCircle
 10
88.200000000
 20
24.825000000
 30
0.000000000
 40
0.186666667
100
AcDbArc
 50
90.000000000
 51
-90.000000000
  0
ARC
  5
10AD
330
A02
100
AcDbEntity
  8
Sketch002
100
AcDbCircle
 10
88.200000000
 20
24.825000000
 30
0.000000000
 40
0.186666667
100
AcDbArc
 50
0.000000000
 51
90.000000000
  0
LINE
  5
10AE
330
A02
100
AcDbEntity
  8
Sketch002
100
AcDbLine
 10
88.386666667
 20
24.825000000
 30
0.000000000
 11
90.500000000
 21
24.825000000
 31
0.000000000
  0
LINE
  5
10AF
330
A02
100
AcDbEntity
  8
Sketch002
100
AcDbLine
 10
90.500000000
 20
24.825000000
 30
0.000000000
 11
90.800000000
 21
25.125000000
 31
0.000000000
  0
LINE
  5
10B0
330
A02
100
AcDbEntity
  8
Sketch002
100
AcDbLine
 10
36.725000000
 20
9.800000000
 30
0.000000000
 11
37.025000000
 21
10.100000000
 31
0.000000000
  0
LINE
  5
10B1
330
A02
100
AcDbEntity
  8
Sketch002
100
AcDbLine
 10
37.025000000
 20
12.213333333
 30
0.000000000
 11
37.025000000
 21
10.100000000
 31
0.000000000
  0
ARC
  5
10B2
330
A02
100
AcDbEntity
  8
Sketch002
100
AcDbCircle
 10
37.025000000
 20
12.400000000
 30
0.000000000
 40
0.186666667
100
AcDbArc
 50
-180.000000000
 51
-90.000000000
  0
ARC
  5
10B3
330
A02
100
AcDbEntity
  8
Sketch002
100
AcDbCircle
 10
37.025000000
 20
12.400000000
 30
0.000000000
 40
0.186666667
100
AcDbArc
 50
-0.000000000
 51
-180.000000000
  0
LINE
  5
10B4
330
A02
100
AcDbEntity
  8
Sketch002
100
AcDbLine
 10
37.211666667
 20
12.400000000
 30
0.000000000
 11
64.188333333
 21
12.400000000
 31
0.000000000
  0
ARC
  5
10B5
330
A02
100
AcDbEntity
  8
Sketch002
100
AcDbCircle
 10
64.375000000
 20
12.400000000
 30
0.000000000
 40
0.186666667
100
AcDbArc
 50
0.000000000
 51
180.000000000
  0
ARC
  5
10B6
330
A02
100
AcDbEntity
  8
Sketch002
100
AcDbCircle
 10
64.375000000
 20
12.400000000
 30
0.000000000
 40
0.186666667
100
AcDbArc
 50
-90.000000000
 51
0.000000000
  0
LINE
  5
10B7
330
A02
100
AcDbEntity
  8
Sketch002
100
AcDbLine
 10
64.375000000
 20
12.213333333
 30
0.000000000
 11
64.375000000
 21
10.100000000
 31
0.000000000
  0
LINE
  5
10B8
330
A02
100
AcDbEntity
  8
Sketch002
100
AcDbLine
 10
64.375000000
 20
10.100000000
 30
0.000000000
 11
64.675000000
 21
9.800000000
 31
0.000000000
  0
LINE
  5
10B9
330
A02
100
AcDbEntity
  8
Sketch002
100
AcDbLine
 10
18.394492704
 20
81.689688074
 30
0.000000000
 11
16.975556847
 21
81.173237657
 31
0.000000000
  0
LINE
  5
10BA
330
A02
100
AcDbEntity
  8
Sketch002
100
AcDbLine
 10
16.975556847
 20
81.173237657
 30
0.000000000
 11
21.079798567
 21
69.896926208
 31
0.000000000
  0
LINE
  5
10BB
330
A02
100
AcDbEntity
  8
Sketch002
100
AcDbLine
 10
22.498734424
 20
70.413376624
 30
0.000000000
 11
21.079798567
 21
69.896926208
 31
0.000000000
  0
LINE
  5
10BC
330
A02
100
AcDbEntity
  8
Sketch002
100
AcDbLine
 10
18.394492704
 20
81.689688074
 30
0.000000000
 11
22.498734424
 21
70.413376624
 31
0.000000000
  0
LINE
  5
10BD
330
A02
100
AcDbEntity
  8
Sketch002
100
AcDbLine
 10
29.339137291
 20
51.619524209
 30
0.000000000
 11
27.920201433
 21
51.103073792
 31
0.000000000
  0
LINE
  5
10BE
330
A02
100
AcDbEntity
  8
Sketch002
100
AcDbLine
 10
27.920201433
 20
51.103073792
 30
0.000000000
 11
32.024443153
 21
39.826762343
 31
0.000000000
  0
LINE
  5
10BF
330
A02
100
AcDbEntity
  8
Sketch002
100
AcDbLine
 10
33.443379011
 20
40.343212759
 30
0.000000000
 11
32.024443153
 21
39.826762343
 31
0.000000000
  0
LINE
  5
10C0
330
A02
100
AcDbEntity
  8
Sketch002
100
AcDbLine
 10
29.339137291
 20
51.619524209
 30
0.000000000
 11
33.443379011
 21
40.343212759
 31
0.000000000
  0
LINE
  5
10C1
330
A02
100
AcDbEntity
  8
Sketch002
100
AcDbLine
 10
68.500000000
 20
42.510000000
 30
0.000000000
 11
68.500000000
 21
41.000000000
 31
0.000000000
  0
LINE
  5
10C2
330
A02
100
AcDbEntity
  8
Sketch002
100
AcDbLine
 10
68.500000000
 20
41.000000000
 30
0.000000000
 11
80.500000000
 21
41.000000000
 31
0.000000000
  0
LINE
  5
10C3
330
A02
100
AcDbEntity
  8
Sketch002
100
AcDbLine
 10
80.500000000
 20
42.510000000
 30
0.000000000
 11
80.500000000
 21
41.000000000
 31
0.000000000
  0
LINE
  5
10C4
330
A02
100
AcDbEntity
  8
Sketch002
100
AcDbLine
 10
68.500000000
 20
42.510000000
 30
0.000000000
 11
80.500000000
 21
42.510000000
 31
0.000000000
  0
LINE
  5
10C5
330
A02
100
AcDbEntity
  8
Sketch003
100
AcDbLine
 10
189.800000000
 20
281.800000000
 30
0.000000000
 11
189.800000000
 21
280.200000000
 31
0.000000000
  0
LINE
  5
10C6
330
A02
100
AcDbEntity
  8
Sketch003
100
AcDbLine
 10
189.800000000
 20
234.400000000
 30
0.000000000
 11
189.800000000
 21
252.175000000
 31
0.000000000
  0
LINE
  5
10C7
330
A02
100
AcDbEntity
  8
Sketch003
100
AcDbLine
 10
189.800000000
 20
252.175000000
 30
0.000000000
 11
189.300000000
 21
252.675000000
 31
0.000000000
  0
LINE
  5
10C8
330
A02
100
AcDbEntity
  8
Sketch003
100
AcDbLine
 10
187.208660423
 20
252.675000000
 30
0.000000000
 11
189.300000000
 21
252.675000000
 31
0.000000000
  0
ARC
  5
10C9
330
A02
100
AcDbEntity
  8
Sketch003
100
AcDbCircle
 10
187.035166667
 20
252.775166667
 30
0.000000000
 40
0.200333333
100
AcDbArc
 50
120.000000000
 51
-30.000000000
  0
LINE
  5
10CA
330
A02
100
AcDbEntity
  8
Sketch003
100
AcDbLine
 10
186.935000000
 20
252.948660423
 30
0.000000000
 11
186.935000000
 21
262.351339577
 31
0.000000000
  0
ARC
  5
10CB
330
A02
100
AcDbEntity
  8
Sketch003
100
AcDbCircle
 10
187.035166667
 20
262.524833333
 30
0.000000000
 40
0.200333333
100
AcDbArc
 50
30.000000000
 51
-120.000000000
  0
LINE
  5
10CC
330
A02
100
AcDbEntity
  8
Sketch003
100
AcDbLine
 10
187.208660423
 20
262.625000000
 30
0.000000000
 11
189.300000000
 21
262.625000000
 31
0.000000000
  0
LINE
  5
10CD
330
A02
100
AcDbEntity
  8
Sketch003
100
AcDbLine
 10
189.300000000
 20
262.625000000
 30
0.000000000
 11
189.800000000
 21
263.125000000
 31
0.000000000
  0
LINE
  5
10CE
330
A02
100
AcDbEntity
  8
Sketch003
100
AcDbLine
 10
189.800000000
 20
263.125000000
 30
0.000000000
 11
189.800000000
 21
280.200000000
 31
0.000000000
  0
ARC
  5
10CF
330
A02
100
AcDbEntity
  8
Sketch003
100
AcDbCircle
 10
189.400000000
 20
280.200000000
 30
0.000000000
 40
0.400000000
100
AcDbArc
 50
0.000000000
 51
90.000000000
  0
LINE
  5
10D0
330
A02
100
AcDbEntity
  8
Sketch003
100
AcDbLine
 10
175.800000000
 20
280.600000000
 30
0.000000000
 11
189.400000000
 21
280.600000000
 31
0.000000000
  0
ARC
  5
10D1
330
A02
100
AcDbEntity
  8
Sketch003
100
AcDbCircle
 10
175.800000000
 20
281.000000000
 30
0.000000000
 40
0.400000000
100
AcDbArc
 50
90.000000000
 51
-90.000000000
  0
LINE
  5
10D2
330
A02
100
AcDbEntity
  8
Sketch003
100
AcDbLine
 10
189.400000000
 20
281.400000000
 30
0.000000000
 11
175.800000000
 21
281.400000000
 31
0.000000000
  0
ARC
  5
10D3
330
A02
100
AcDbEntity
  8
Sketch003
100
AcDbCircle
 10
189.400000000
 20
281.800000000
 30
0.000000000
 40
0.400000000
100
AcDbArc
 50
-90.000000000
 51
0.000000000
  0
LINE
  5
10D4
330
A02
100
AcDbEntity
  8
Sketch003
100
AcDbLine
 10
189.800000000
 20
281.800000000
 30
0.000000000
 11
189.800000000
 21
283.952786405
 31
0.000000000
  0
ARC
  5
10D5
330
A02
100
AcDbEntity
  8
Sketch003
100
AcDbCircle
 10
189.400000000
 20
283.952786405
 30
0.000000000
 40
0.400000000
100
AcDbArc
 50
0.000000000
 51
63.434948823
  0
LINE
  5
10D6
330
A02
100
AcDbEntity
  8
Sketch003
100
AcDbLine
 10
189.578885438
 20
284.310557281
 30
0.000000000
 11
187.800000000
 21
285.200000000
 31
0.000000000
  0
LINE
  5
10D7
330
A02
100
AcDbEntity
  8
Sketch003
100
AcDbLine
 10
187.800000000
 20
285.200000000
 30
0.000000000
 11
187.800000000
 21
284.200000000
 31
0.000000000
  0
LINE
  5
10D8
330
A02
100
AcDbEntity
  8
Sketch003
100
AcDbLine
 10
187.800000000
 20
284.200000000
 30
0.000000000
 11
185.000000000
 21
284.200000000
 31
0.000000000
  0
LINE
  5
10D9
330
A02
100
AcDbEntity
  8
Sketch003
100
AcDbLine
 10
185.000000000
 20
286.200000000
 30
0.000000000
 11
185.000000000
 21
284.200000000
 31
0.000000000
  0
LINE
  5
10DA
330
A02
100
AcDbEntity
  8
Sketch003
100
AcDbLine
 10
177.586765004
 20
284.213629669
 30
0.000000000
 11
185.000000000
 21
286.200000000
 31
0.000000000
  0
ARC
  5
10DB
330
A02
100
AcDbEntity
  8
Sketch003
100
AcDbCircle
 10
177.483237386
 20
284.600000000
 30
0.000000000
 40
0.400000000
100
AcDbArc
 50
-90.000000000
 51
-75.000000000
  0
LINE
  5
10DC
330
A02
100
AcDbEntity
  8
Sketch003
100
AcDbLine
 10
157.475000000
 20
284.200000000
 30
0.000000000
 11
177.483237386
 21
284.200000000
 31
0.000000000
  0
LINE
  5
10DD
330
A02
100
AcDbEntity
  8
Sketch003
100
AcDbLine
 10
157.475000000
 20
284.200000000
 30
0.000000000
 11
156.975000000
 21
283.700000000
 31
0.000000000
  0
LINE
  5
10DE
330
A02
100
AcDbEntity
  8
Sketch003
100
AcDbLine
 10
156.975000000
 20
283.700000000
 30
0.000000000
 11
156.975000000
 21
281.608660423
 31
0.000000000
  0
ARC
  5
10DF
330
A02
100
AcDbEntity
  8
Sketch003
100
AcDbCircle
 10
156.874833333
 20
281.435166667
 30
0.000000000
 40
0.200333333
100
AcDbArc
 50
-90.000000000
 51
60.000000000
  0
ARC
  5
10E0
330
A02
100
AcDbEntity
  8
Sketch003
100
AcDbCircle
 10
156.874833333
 20
281.435166667
 30
0.000000000
 40
0.200333333
100
AcDbArc
 50
-150.000000000
 51
-90.000000000
  0
LINE
  5
10E1
330
A02
100
AcDbEntity
  8
Sketch003
100
AcDbLine
 10
147.298660423
 20
281.335000000
 30
0.000000000
 11
156.701339577
 21
281.335000000
 31
0.000000000
  0
ARC
  5
10E2
330
A02
100
AcDbEntity
  8
Sketch003
100
AcDbCircle
 10
147.125166667
 20
281.435166667
 30
0.000000000
 40
0.200333333
100
AcDbArc
 50
-90.000000000
 51
-30.000000000
  0
ARC
  5
10E3
330
A02
100
AcDbEntity
  8
Sketch003
100
AcDbCircle
 10
147.125166667
 20
281.435166667
 30
0.000000000
 40
0.200333333
100
AcDbArc
 50
120.000000000
 51
-90.000000000
  0
LINE
  5
10E4
330
A02
100
AcDbEntity
  8
Sketch003
100
AcDbLine
 10
147.025000000
 20
283.700000000
 30
0.000000000
 11
147.025000000
 21
281.608660423
 31
0.000000000
  0
LINE
  5
10E5
330
A02
100
AcDbEntity
  8
Sketch003
100
AcDbLine
 10
147.025000000
 20
283.700000000
 30
0.000000000
 11
146.525000000
 21
284.200000000
 31
0.000000000
  0
LINE
  5
10E6
330
A02
100
AcDbEntity
  8
Sketch003
100
AcDbLine
 10
126.516762614
 20
284.200000000
 30
0.000000000
 11
146.525000000
 21
284.200000000
 31
0.000000000
  0
ARC
  5
10E7
330
A02
100
AcDbEntity
  8
Sketch003
100
AcDbCircle
 10
126.516762614
 20
284.600000000
 30
0.000000000
 40
0.400000000
100
AcDbArc
 50
-105.000000000
 51
-90.000000000
  0
LINE
  5
10E8
330
A02
100
AcDbEntity
  8
Sketch003
100
AcDbLine
 10
119.000000000
 20
286.200000000
 30
0.000000000
 11
126.413234996
 21
284.213629669
 31
0.000000000
  0
LINE
  5
10E9
330
A02
100
AcDbEntity
  8
Sketch003
100
AcDbLine
 10
119.000000000
 20
284.200000000
 30
0.000000000
 11
119.000000000
 21
286.200000000
 31
0.000000000
  0
LINE
  5
10EA
330
A02
100
AcDbEntity
  8
Sketch003
100
AcDbLine
 10
116.200000000
 20
284.200000000
 30
0.000000000
 11
119.000000000
 21
284.200000000
 31
0.000000000
  0
LINE
  5
10EB
330
A02
100
AcDbEntity
  8
Sketch003
100
AcDbLine
 10
116.200000000
 20
285.200000000
 30
0.000000000
 11
116.200000000
 21
284.200000000
 31
0.000000000
  0
LINE
  5
10EC
330
A02
100
AcDbEntity
  8
Sketch003
100
AcDbLine
 10
114.421114562
 20
284.310557281
 30
0.000000000
 11
116.200000000
 21
285.200000000
 31
0.000000000
  0
ARC
  5
10ED
330
A02
100
AcDbEntity
  8
Sketch003
100
AcDbCircle
 10
114.600000000
 20
283.952786405
 30
0.000000000
 40
0.400000000
100
AcDbArc
 50
116.565051177
 51
180.000000000
  0
LINE
  5
10EE
330
A02
100
AcDbEntity
  8
Sketch003
100
AcDbLine
 10
114.200000000
 20
283.952786405
 30
0.000000000
 11
114.200000000
 21
281.800000000
 31
0.000000000
  0
ARC
  5
10EF
330
A02
100
AcDbEntity
  8
Sketch003
100
AcDbCircle
 10
114.600000000
 20
281.800000000
 30
0.000000000
 40
0.400000000
100
AcDbArc
 50
180.000000000
 51
-90.000000000
  0
LINE
  5
10F0
330
A02
100
AcDbEntity
  8
Sketch003
100
AcDbLine
 10
114.600000000
 20
281.400000000
 30
0.000000000
 11
128.200000000
 21
281.400000000
 31
0.000000000
  0
ARC
  5
10F1
330
A02
100
AcDbEntity
  8
Sketch003
100
AcDbCircle
 10
128.200000000
 20
281.000000000
 30
0.000000000
 40
0.400000000
100
AcDbArc
 50
-90.000000000
 51
90.000000000
  0
LINE
  5
10F2
330
A02
100
AcDbEntity
  8
Sketch003
100
AcDbLine
 10
128.200000000
 20
280.600000000
 30
0.000000000
 11
114.600000000
 21
280.600000000
 31
0.000000000
  0
ARC
  5
10F3
330
A02
100
AcDbEntity
  8
Sketch003
100
AcDbCircle
 10
114.600000000
 20
280.200000000
 30
0.000000000
 40
0.400000000
100
AcDbArc
 50
90.000000000
 51
180.000000000
  0
LINE
  5
10F4
330
A02
100
AcDbEntity
  8
Sketch003
100
AcDbLine
 10
114.200000000
 20
280.200000000
 30
0.000000000
 11
114.200000000
 21
263.125000000
 31
0.000000000
  0
LINE
  5
10F5
330
A02
100
AcDbEntity
  8
Sketch003
100
AcDbLine
 10
114.200000000
 20
263.125000000
 30
0.000000000
 11
114.700000000
 21
262.625000000
 31
0.000000000
  0
LINE
  5
10F6
330
A02
100
AcDbEntity
  8
Sketch003
100
AcDbLine
 10
114.700000000
 20
262.625000000
 30
0.000000000
 11
116.791339577
 21
262.625000000
 31
0.000000000
  0
ARC
  5
10F7
330
A02
100
AcDbEntity
  8
Sketch003
100
AcDbCircle
 10
116.964833333
 20
262.524833333
 30
0.000000000
 40
0.200333333
100
AcDbArc
 50
0.000000000
 51
150.000000000
  0
ARC
  5
10F8
330
A02
100
AcDbEntity
  8
Sketch003
100
AcDbCircle
 10
116.964833333
 20
262.524833333
 30
0.000000000
 40
0.200333333
100
AcDbArc
 50
-60.000000000
 51
0.000000000
  0
LINE
  5
10F9
330
A02
100
AcDbEntity
  8
Sketch003
100
AcDbLine
 10
117.065000000
 20
252.948660423
 30
0.000000000
 11
117.065000000
 21
262.351339577
 31
0.000000000
  0
ARC
  5
10FA
330
A02
100
AcDbEntity
  8
Sketch003
100
AcDbCircle
 10
116.964833333
 20
252.775166667
 30
0.000000000
 40
0.200333333
100
AcDbArc
 50
0.000000000
 51
60.000000000
  0
ARC
  5
10FB
330
A02
100
AcDbEntity
  8
Sketch003
100
AcDbCircle
 10
116.964833333
 20
252.775166667
 30
0.000000000
 40
0.200333333
100
AcDbArc
 50
-150.000000000
 51
0.000000000
  0
LINE
  5
10FC
330
A02
100
AcDbEntity
  8
Sketch003
100
AcDbLine
 10
114.700000000
 20
252.675000000
 30
0.000000000
 11
116.791339577
 21
252.675000000
 31
0.000000000
  0
LINE
  5
10FD
330
A02
100
AcDbEntity
  8
Sketch003
100
AcDbLine
 10
114.700000000
 20
252.675000000
 30
0.000000000
 11
114.200000000
 21
252.175000000
 31
0.000000000
  0
LINE
  5
10FE
330
A02
100
AcDbEntity
  8
Sketch003
100
AcDbLine
 10
114.200000000
 20
252.175000000
 30
0.000000000
 11
114.200000000
 21
234.400000000
 31
0.000000000
  0
LINE
  5
10FF
330
A02
100
AcDbEntity
  8
Sketch003
100
AcDbLine
 10
114.200000000
 20
281.800000000
 30
0.000000000
 11
114.200000000
 21
280.200000000
 31
0.000000000
  0
LINE
  5
1100
330
A02
100
AcDbEntity
  8
Sketch003
100
AcDbLine
 10
114.200000000
 20
187.600000000
 30
0.000000000
 11
114.200000000
 21
186.000000000
 31
0.000000000
  0
LINE
  5
1101
330
A02
100
AcDbEntity
  8
Sketch003
100
AcDbLine
 10
114.200000000
 20
233.400000000
 30
0.000000000
 11
114.200000000
 21
215.625000000
 31
0.000000000
  0
LINE
  5
1102
330
A02
100
AcDbEntity
  8
Sketch003
100
AcDbLine
 10
114.200000000
 20
215.625000000
 30
0.000000000
 11
114.700000000
 21
215.125000000
 31
0.000000000
  0
LINE
  5
1103
330
A02
100
AcDbEntity
  8
Sketch003
100
AcDbLine
 10
114.700000000
 20
215.125000000
 30
0.000000000
 11
116.791339577
 21
215.125000000
 31
0.000000000
  0
ARC
  5
1104
330
A02
100
AcDbEntity
  8
Sketch003
100
AcDbCircle
 10
116.964833333
 20
215.024833333
 30
0.000000000
 40
0.200333333
100
AcDbArc
 50
0.000000000
 51
150.000000000
  0
ARC
  5
1105
330
A02
100
AcDbEntity
  8
Sketch003
100
AcDbCircle
 10
116.964833333
 20
215.024833333
 30
0.000000000
 40
0.200333333
100
AcDbArc
 50
-60.000000000
 51
0.000000000
  0
LINE
  5
1106
330
A02
100
AcDbEntity
  8
Sketch003
100
AcDbLine
 10
117.065000000
 20
205.448660423
 30
0.000000000
 11
117.065000000
 21
214.851339577
 31
0.000000000
  0
ARC
  5
1107
330
A02
100
AcDbEntity
  8
Sketch003
100
AcDbCircle
 10
116.964833333
 20
205.275166667
 30
0.000000000
 40
0.200333333
100
AcDbArc
 50
0.000000000
 51
60.000000000
  0
ARC
  5
1108
330
A02
100
AcDbEntity
  8
Sketch003
100
AcDbCircle
 10
116.964833333
 20
205.275166667
 30
0.000000000
 40
0.200333333
100
AcDbArc
 50
-150.000000000
 51
0.000000000
  0
LINE
  5
1109
330
A02
100
AcDbEntity
  8
Sketch003
100
AcDbLine
 10
114.700000000
 20
205.175000000
 30
0.000000000
 11
116.791339577
 21
205.175000000
 31
0.000000000
  0
LINE
  5
110A
330
A02
100
AcDbEntity
  8
Sketch003
100
AcDbLine
 10
114.700000000
 20
205.175000000
 30
0.000000000
 11
114.200000000
 21
204.675000000
 31
0.000000000
  0
LINE
  5
110B
330
A02
100
AcDbEntity
  8
Sketch003
100
AcDbLine
 10
114.200000000
 20
204.675000000
 30
0.000000000
 11
114.200000000
 21
187.600000000
 31
0.000000000
  0
ARC
  5
110C
330
A02
100
AcDbEntity
  8
Sketch003
100
AcDbCircle
 10
114.600000000
 20
187.600000000
 30
0.000000000
 40
0.400000000
100
AcDbArc
 50
180.000000000
 51
-90.000000000
  0
LINE
  5
110D
330
A02
100
AcDbEntity
  8
Sketch003
100
AcDbLine
 10
114.600000000
 20
187.200000000
 30
0.000000000
 11
128.200000000
 21
187.200000000
 31
0.000000000
  0
ARC
  5
110E
330
A02
100
AcDbEntity
  8
Sketch003
100
AcDbCircle
 10
128.200000000
 20
186.800000000
 30
0.000000000
 40
0.400000000
100
AcDbArc
 50
-90.000000000
 51
90.000000000
  0
LINE
  5
110F
330
A02
100
AcDbEntity
  8
Sketch003
100
AcDbLine
 10
128.200000000
 20
186.400000000
 30
0.000000000
 11
114.600000000
 21
186.400000000
 31
0.000000000
  0
ARC
  5
1110
330
A02
100
AcDbEntity
  8
Sketch003
100
AcDbCircle
 10
114.600000000
 20
186.000000000
 30
0.000000000
 40
0.400000000
100
AcDbArc
 50
90.000000000
 51
180.000000000
  0
LINE
  5
1111
330
A02
100
AcDbEntity
  8
Sketch003
100
AcDbLine
 10
114.200000000
 20
186.000000000
 30
0.000000000
 11
114.200000000
 21
183.847213595
 31
0.000000000
  0
ARC
  5
1112
330
A02
100
AcDbEntity
  8
Sketch003
100
AcDbCircle
 10
114.600000000
 20
183.847213595
 30
0.000000000
 40
0.400000000
100
AcDbArc
 50
180.000000000
 51
-116.565051177
  0
LINE
  5
1113
330
A02
100
AcDbEntity
  8
Sketch003
100
AcDbLine
 10
114.421114562
 20
183.489442719
 30
0.000000000
 11
116.200000000
 21
182.600000000
 31
0.000000000
  0
LINE
  5
1114
330
A02
100
AcDbEntity
  8
Sketch003
100
AcDbLine
 10
116.200000000
 20
182.600000000
 30
0.000000000
 11
116.200000000
 21
183.600000000
 31
0.000000000
  0
LINE
  5
1115
330
A02
100
AcDbEntity
  8
Sketch003
100
AcDbLine
 10
116.200000000
 20
183.600000000
 30
0.000000000
 11
119.000000000
 21
183.600000000
 31
0.000000000
  0
LINE
  5
1116
330
A02
100
AcDbEntity
  8
Sketch003
100
AcDbLine
 10
119.000000000
 20
181.600000000
 30
0.000000000
 11
119.000000000
 21
183.600000000
 31
0.000000000
  0
LINE
  5
1117
330
A02
100
AcDbEntity
  8
Sketch003
100
AcDbLine
 10
126.413234996
 20
183.586370331
 30
0.000000000
 11
119.000000000
 21
181.600000000
 31
0.000000000
  0
ARC
  5
1118
330
A02
100
AcDbEntity
  8
Sketch003
100
AcDbCircle
 10
126.516762614
 20
183.200000000
 30
0.000000000
 40
0.400000000
100
AcDbArc
 50
90.000000000
 51
105.000000000
  0
LINE
  5
1119
330
A02
100
AcDbEntity
  8
Sketch003
100
AcDbLine
 10
177.483237386
 20
183.600000000
 30
0.000000000
 11
126.516762614
 21
183.600000000
 31
0.000000000
  0
ARC
  5
111A
330
A02
100
AcDbEntity
  8
Sketch003
100
AcDbCircle
 10
177.483237386
 20
183.200000000
 30
0.000000000
 40
0.400000000
100
AcDbArc
 50
75.000000000
 51
90.000000000
  0
LINE
  5
111B
330
A02
100
AcDbEntity
  8
Sketch003
100
AcDbLine
 10
185.000000000
 20
181.600000000
 30
0.000000000
 11
177.586765004
 21
183.586370331
 31
0.000000000
  0
LINE
  5
111C
330
A02
100
AcDbEntity
  8
Sketch003
100
AcDbLine
 10
185.000000000
 20
183.600000000
 30
0.000000000
 11
185.000000000
 21
181.600000000
 31
0.000000000
  0
LINE
  5
111D
330
A02
100
AcDbEntity
  8
Sketch003
100
AcDbLine
 10
187.800000000
 20
183.600000000
 30
0.000000000
 11
185.000000000
 21
183.600000000
 31
0.000000000
  0
LINE
  5
111E
330
A02
100
AcDbEntity
  8
Sketch003
100
AcDbLine
 10
187.800000000
 20
182.600000000
 30
0.000000000
 11
187.800000000
 21
183.600000000
 31
0.000000000
  0
LINE
  5
111F
330
A02
100
AcDbEntity
  8
Sketch003
100
AcDbLine
 10
189.578885438
 20
183.489442719
 30
0.000000000
 11
187.800000000
 21
182.600000000
 31
0.000000000
  0
ARC
  5
1120
330
A02
100
AcDbEntity
  8
Sketch003
100
AcDbCircle
 10
189.400000000
 20
183.847213595
 30
0.000000000
 40
0.400000000
100
AcDbArc
 50
-63.434948823
 51
0.000000000
  0
LINE
  5
1121
330
A02
100
AcDbEntity
  8
Sketch003
100
AcDbLine
 10
189.800000000
 20
183.847213595
 30
0.000000000
 11
189.800000000
 21
186.000000000
 31
0.000000000
  0
ARC
  5
1122
330
A02
100
AcDbEntity
  8
Sketch003
100
AcDbCircle
 10
189.400000000
 20
186.000000000
 30
0.000000000
 40
0.400000000
100
AcDbArc
 50
0.000000000
 51
90.000000000
  0
LINE
  5
1123
330
A02
100
AcDbEntity
  8
Sketch003
100
AcDbLine
 10
189.400000000
 20
186.400000000
 30
0.000000000
 11
175.800000000
 21
186.400000000
 31
0.000000000
  0
ARC
  5
1124
330
A02
100
AcDbEntity
  8
Sketch003
100
AcDbCircle
 10
175.800000000
 20
186.800000000
 30
0.000000000
 40
0.400000000
100
AcDbArc
 50
90.000000000
 51
-90.000000000
  0
LINE
  5
1125
330
A02
100
AcDbEntity
  8
Sketch003
100
AcDbLine
 10
175.800000000
 20
187.200000000
 30
0.000000000
 11
189.400000000
 21
187.200000000
 31
0.000000000
  0
ARC
  5
1126
330
A02
100
AcDbEntity
  8
Sketch003
100
AcDbCircle
 10
189.400000000
 20
187.600000000
 30
0.000000000
 40
0.400000000
100
AcDbArc
 50
-90.000000000
 51
0.000000000
  0
LINE
  5
1127
330
A02
100
AcDbEntity
  8
Sketch003
100
AcDbLine
 10
189.800000000
 20
187.600000000
 30
0.000000000
 11
189.800000000
 21
204.675000000
 31
0.000000000
  0
LINE
  5
1128
330
A02
100
AcDbEntity
  8
Sketch003
100
AcDbLine
 10
189.800000000
 20
204.675000000
 30
0.000000000
 11
189.300000000
 21
205.175000000
 31
0.000000000
  0
LINE
  5
1129
330
A02
100
AcDbEntity
  8
Sketch003
100
AcDbLine
 10
187.208660423
 20
205.175000000
 30
0.000000000
 11
189.300000000
 21
205.175000000
 31
0.000000000
  0
ARC
  5
112A
330
A02
100
AcDbEntity
  8
Sketch003
100
AcDbCircle
 10
187.035166667
 20
205.275166667
 30
0.000000000
 40
0.200333333
100
AcDbArc
 50
120.000000000
 51
-30.000000000
  0
LINE
  5
112B
330
A02
100
AcDbEntity
  8
Sketch003
100
AcDbLine
 10
186.935000000
 20
205.448660423
 30
0.000000000
 11
186.935000000
 21
214.851339577
 31
0.000000000
  0
ARC
  5
112C
330
A02
100
AcDbEntity
  8
Sketch003
100
AcDbCircle
 10
187.035166667
 20
215.024833333
 30
0.000000000
 40
0.200333333
100
AcDbArc
 50
30.000000000
 51
-120.000000000
  0
LINE
  5
112D
330
A02
100
AcDbEntity
  8
Sketch003
100
AcDbLine
 10
187.208660423
 20
215.125000000
 30
0.000000000
 11
189.300000000
 21
215.125000000
 31
0.000000000
  0
LINE
  5
112E
330
A02
100
AcDbEntity
  8
Sketch003
100
AcDbLine
 10
189.300000000
 20
215.125000000
 30
0.000000000
 11
189.800000000
 21
215.625000000
 31
0.000000000
  0
LINE
  5
112F
330
A02
100
AcDbEntity
  8
Sketch003
100
AcDbLine
 10
189.800000000
 20
215.625000000
 30
0.000000000
 11
189.800000000
 21
233.400000000
 31
0.000000000
  0
LINE
  5
1130
330
A02
100
AcDbEntity
  8
Sketch003
100
AcDbLine
 10
189.800000000
 20
187.600000000
 30
0.000000000
 11
189.800000000
 21
186.000000000
 31
0.000000000
  0
ARC
  5
1131
330
A02
100
AcDbEntity
  8
Sketch003
100
AcDbCircle
 10
135.610000000
 20
203.000000000
 30
0.000000000
 40
0.800000000
100
AcDbArc
 50
17.606023124
 51
-161.281590925
  0
ARC
  5
1132
330
A02
100
AcDbEntity
  8
Sketch003
100
AcDbCircle
 10
112.000000000
 20
195.000000000
 30
0.000000000
 40
24.128539869
100
AcDbArc
 50
-18.718409075
 51
18.718409075
  0
ARC
  5
1133
330
A02
100
AcDbEntity
  8
Sketch003
100
AcDbCircle
 10
135.610000000
 20
187.000000000
 30
0.000000000
 40
0.800000000
100
AcDbArc
 50
161.281590925
 51
-17.606023124
  0
ARC
  5
1134
330
A02
100
AcDbEntity
  8
Sketch003
100
AcDbCircle
 10
110.400000000
 20
195.000000000
 30
0.000000000
 40
27.248896007
100
AcDbArc
 50
-17.606023124
 51
17.606023124
  0
ARC
  5
1135
330
A02
100
AcDbEntity
  8
Sketch003
100
AcDbCircle
 10
163.390000000
 20
188.310000000
 30
0.000000000
 40
2.110000000
100
AcDbArc
 50
-90.000000000
 51
14.639997776
  0
ARC
  5
1136
330
A02
100
AcDbEntity
  8
Sketch003
100
AcDbCircle
 10
189.000000000
 20
195.000000000
 30
0.000000000
 40
24.359382312
100
AcDbArc
 50
165.360002224
 51
-165.360002224
  0
ARC
  5
1137
330
A02
100
AcDbEntity
  8
Sketch003
100
AcDbCircle
 10
163.390000000
 20
201.690000000
 30
0.000000000
 40
2.110000000
100
AcDbArc
 50
-14.639997776
 51
90.000000000
  0
LINE
  5
1138
330
A02
100
AcDbEntity
  8
Sketch003
100
AcDbLine
 10
140.610000000
 20
203.800000000
 30
0.000000000
 11
163.390000000
 21
203.800000000
 31
0.000000000
  0
ARC
  5
1139
330
A02
100
AcDbEntity
  8
Sketch003
100
AcDbCircle
 10
140.610000000
 20
201.690000000
 30
0.000000000
 40
2.110000000
100
AcDbArc
 50
90.000000000
 51
-165.360002224
  0
ARC
  5
113A
330
A02
100
AcDbEntity
  8
Sketch003
100
AcDbCircle
 10
115.000000000
 20
195.000000000
 30
0.000000000
 40
24.359382312
100
AcDbArc
 50
-14.639997776
 51
14.639997776
  0
ARC
  5
113B
330
A02
100
AcDbEntity
  8
Sketch003
100
AcDbCircle
 10
140.610000000
 20
188.310000000
 30
0.000000000
 40
2.110000000
100
AcDbArc
 50
165.360002224
 51
-90.000000000
  0
LINE
  5
113C
330
A02
100
AcDbEntity
  8
Sketch003
100
AcDbLine
 10
163.390000000
 20
186.200000000
 30
0.000000000
 11
140.610000000
 21
186.200000000
 31
0.000000000
  0
ARC
  5
113D
330
A02
100
AcDbEntity
  8
Sketch003
100
AcDbCircle
 10
168.390000000
 20
203.000000000
 30
0.000000000
 40
0.800000000
100
AcDbArc
 50
-18.718409075
 51
162.393976876
  0
ARC
  5
113E
330
A02
100
AcDbEntity
  8
Sketch003
100
AcDbCircle
 10
193.600000000
 20
195.000000000
 30
0.000000000
 40
27.248896007
100
AcDbArc
 50
162.393976876
 51
-162.393976876
  0
ARC
  5
113F
330
A02
100
AcDbEntity
  8
Sketch003
100
AcDbCircle
 10
168.390000000
 20
187.000000000
 30
0.000000000
 40
0.800000000
100
AcDbArc
 50
-162.393976876
 51
18.718409075
  0
ARC
  5
1140
330
A02
100
AcDbEntity
  8
Sketch003
100
AcDbCircle
 10
192.000000000
 20
195.000000000
 30
0.000000000
 40
24.128539869
100
AcDbArc
 50
161.281590925
 51
-161.281590925
  0
LINE
  5
1141
330
A02
100
AcDbEntity
  8
Sketch004
100
AcDbLine
 10
16.000000000
 20
198.740167701
 30
0.000000000
 11
16.000000000
 21
199.640292189
 31
0.000000000
  0
LINE
  5
1142
330
A02
100
AcDbEntity
  8
Sketch004
100
AcDbLine
 10
16.000000000
 20
199.640292189
 30
0.000000000
 11
13.700000000
 21
199.640292189
 31
0.000000000
  0
LINE
  5
1143
330
A02
100
AcDbEntity
  8
Sketch004
100
AcDbLine
 10
13.700000000
 20
199.640292189
 30
0.000000000
 11
13.200000000
 21
200.140292189
 31
0.000000000
  0
LINE
  5
1144
330
A02
100
AcDbEntity
  8
Sketch004
100
AcDbLine
 10
13.200000000
 20
200.140292189
 30
0.000000000
 11
13.200000000
 21
222.082815861
 31
0.000000000
  0
LINE
  5
1145
330
A02
100
AcDbEntity
  8
Sketch004
100
AcDbLine
 10
13.700000000
 20
222.582815861
 30
0.000000000
 11
13.200000000
 21
222.082815861
 31
0.000000000
  0
LINE
  5
1146
330
A02
100
AcDbEntity
  8
Sketch004
100
AcDbLine
 10
13.700000000
 20
222.582815861
 30
0.000000000
 11
15.791339577
 21
222.582815861
 31
0.000000000
  0
ARC
  5
1147
330
A02
100
AcDbEntity
  8
Sketch004
100
AcDbCircle
 10
15.964833333
 20
222.682982528
 30
0.000000000
 40
0.200333333
100
AcDbArc
 50
-150.000000000
 51
0.000000000
  0
ARC
  5
1148
330
A02
100
AcDbEntity
  8
Sketch004
100
AcDbCircle
 10
15.964833333
 20
222.682982528
 30
0.000000000
 40
0.200333333
100
AcDbArc
 50
0.000000000
 51
60.000000000
  0
LINE
  5
1149
330
A02
100
AcDbEntity
  8
Sketch004
100
AcDbLine
 10
16.065000000
 20
232.259155439
 30
0.000000000
 11
16.065000000
 21
222.856476284
 31
0.000000000
  0
ARC
  5
114A
330
A02
100
AcDbEntity
  8
Sketch004
100
AcDbCircle
 10
15.964833333
 20
232.432649195
 30
0.000000000
 40
0.200333333
100
AcDbArc
 50
-60.000000000
 51
0.000000000
  0
ARC
  5
114B
330
A02
100
AcDbEntity
  8
Sketch004
100
AcDbCircle
 10
15.964833333
 20
232.432649195
 30
0.000000000
 40
0.200333333
100
AcDbArc
 50
0.000000000
 51
150.000000000
  0
LINE
  5
114C
330
A02
100
AcDbEntity
  8
Sketch004
100
AcDbLine
 10
13.700000000
 20
232.532815861
 30
0.000000000
 11
15.791339577
 21
232.532815861
 31
0.000000000
  0
LINE
  5
114D
330
A02
100
AcDbEntity
  8
Sketch004
100
AcDbLine
 10
13.200000000
 20
233.032815861
 30
0.000000000
 11
13.700000000
 21
232.532815861
 31
0.000000000
  0
LINE
  5
114E
330
A02
100
AcDbEntity
  8
Sketch004
100
AcDbLine
 10
13.200000000
 20
233.032815861
 30
0.000000000
 11
13.200000000
 21
255.535920641
 31
0.000000000
  0
LINE
  5
114F
330
A02
100
AcDbEntity
  8
Sketch004
100
AcDbLine
 10
13.700000000
 20
256.035920641
 30
0.000000000
 11
13.200000000
 21
255.535920641
 31
0.000000000
  0
LINE
  5
1150
330
A02
100
AcDbEntity
  8
Sketch004
100
AcDbLine
 10
13.700000000
 20
256.035920641
 30
0.000000000
 11
26.625000000
 21
256.035920641
 31
0.000000000
  0
LINE
  5
1151
330
A02
100
AcDbEntity
  8
Sketch004
100
AcDbLine
 10
26.625000000
 20
256.035920641
 30
0.000000000
 11
27.125000000
 21
255.535920641
 31
0.000000000
  0
LINE
  5
1152
330
A02
100
AcDbEntity
  8
Sketch004
100
AcDbLine
 10
27.125000000
 20
255.535920641
 30
0.000000000
 11
27.125000000
 21
253.444581063
 31
0.000000000
  0
ARC
  5
1153
330
A02
100
AcDbEntity
  8
Sketch004
100
AcDbCircle
 10
27.225166667
 20
253.271087307
 30
0.000000000
 40
0.200333333
100
AcDbArc
 50
120.000000000
 51
-90.000000000
  0
ARC
  5
1154
330
A02
100
AcDbEntity
  8
Sketch004
100
AcDbCircle
 10
27.225166667
 20
253.271087307
 30
0.000000000
 40
0.200333333
100
AcDbArc
 50
-90.000000000
 51
-30.000000000
  0
LINE
  5
1155
330
A02
100
AcDbEntity
  8
Sketch004
100
AcDbLine
 10
27.398660423
 20
253.170920641
 30
0.000000000
 11
36.801339577
 21
253.170920641
 31
0.000000000
  0
ARC
  5
1156
330
A02
100
AcDbEntity
  8
Sketch004
100
AcDbCircle
 10
36.974833333
 20
253.271087307
 30
0.000000000
 40
0.200333333
100
AcDbArc
 50
-150.000000000
 51
-90.000000000
  0
ARC
  5
1157
330
A02
100
AcDbEntity
  8
Sketch004
100
AcDbCircle
 10
36.974833333
 20
253.271087307
 30
0.000000000
 40
0.200333333
100
AcDbArc
 50
-90.000000000
 51
60.000000000
  0
LINE
  5
1158
330
A02
100
AcDbEntity
  8
Sketch004
100
AcDbLine
 10
37.075000000
 20
255.535920641
 30
0.000000000
 11
37.075000000
 21
253.444581063
 31
0.000000000
  0
LINE
  5
1159
330
A02
100
AcDbEntity
  8
Sketch004
100
AcDbLine
 10
37.575000000
 20
256.035920641
 30
0.000000000
 11
37.075000000
 21
255.535920641
 31
0.000000000
  0
LINE
  5
115A
330
A02
100
AcDbEntity
  8
Sketch004
100
AcDbLine
 10
37.575000000
 20
256.035920641
 30
0.000000000
 11
50.500000000
 21
256.035920641
 31
0.000000000
  0
LINE
  5
115B
330
A02
100
AcDbEntity
  8
Sketch004
100
AcDbLine
 10
16.000000000
 20
198.740292189
 30
0.000000000
 11
16.500000000
 21
198.240292189
 31
0.000000000
  0
LINE
  5
115C
330
A02
100
AcDbEntity
  8
Sketch004
100
AcDbLine
 10
26.625000679
 20
198.240292189
 30
0.000000000
 11
16.500000000
 21
198.240292189
 31
0.000000000
  0
LINE
  5
115D
330
A02
100
AcDbEntity
  8
Sketch004
100
AcDbLine
 10
27.124875701
 20
198.740167701
 30
0.000000000
 11
26.625000679
 21
198.240292189
 31
0.000000000
  0
LINE
  5
115E
330
A02
100
AcDbEntity
  8
Sketch004
100
AcDbLine
 10
27.125000000
 20
200.825508875
 30
0.000000000
 11
27.124875701
 21
198.740167701
 31
0.000000000
  0
ELLIPSE
  5
115F
330
A02
100
AcDbEntity
  8
Sketch004
100
AcDbEllipse
 10
27.222666667
 20
201.005529049
 30
0.000000000
 11
0.000000000
 21
0.207869392
 31
0.000000000
 40
0.939692621
 41
1.570796327
 42
2.617993878
  0
ELLIPSE
  5
1160
330
A02
100
AcDbEntity
  8
Sketch004
100
AcDbEllipse
 10
27.222666667
 20
201.005529049
 30
0.000000000
 11
0.000000000
 21
0.207869392
 31
0.000000000
 40
0.939692621
 41
5.235987756
 42
1.570796327
  0
LINE
  5
1161
330
A02
100
AcDbEntity
  8
Sketch004
100
AcDbLine
 10
36.808169704
 20
201.109463744
 30
0.000000000
 11
27.391830296
 21
201.109463744
 31
0.000000000
  0
ELLIPSE
  5
1162
330
A02
100
AcDbEntity
  8
Sketch004
100
AcDbEllipse
 10
36.977333333
 20
201.005529049
 30
0.000000000
 11
0.000000000
 21
0.207869392
 31
0.000000000
 40
0.939692621
 41
4.712388980
 42
1.047197551
  0
ELLIPSE
  5
1163
330
A02
100
AcDbEntity
  8
Sketch004
100
AcDbEllipse
 10
36.977333333
 20
201.005529049
 30
0.000000000
 11
0.000000000
 21
0.207869392
 31
0.000000000
 40
0.939692621
 41
3.665191429
 42
4.712388980
  0
LINE
  5
1164
330
A02
100
AcDbEntity
  8
Sketch004
100
AcDbLine
 10
37.075000000
 20
200.825508875
 30
0.000000000
 11
37.075124299
 21
198.740167701
 31
0.000000000
  0
LINE
  5
1165
330
A02
100
AcDbEntity
  8
Sketch004
100
AcDbLine
 10
37.075124299
 20
198.740167701
 30
0.000000000
 11
37.574999974
 21
198.240292189
 31
0.000000000
  0
LINE
  5
1166
330
A02
100
AcDbEntity
  8
Sketch004
100
AcDbLine
 10
50.499937987
 20
198.240292189
 30
0.000000000
 11
37.574999974
 21
198.240292189
 31
0.000000000
  0
LINE
  5
1167
330
A02
100
AcDbEntity
  8
Sketch004
100
AcDbLine
 10
85.500000000
 20
198.240292189
 30
0.000000000
 11
86.000000000
 21
198.740292000
 31
0.000000000
  0
LINE
  5
1168
330
A02
100
AcDbEntity
  8
Sketch004
100
AcDbLine
 10
85.500000000
 20
198.240292189
 30
0.000000000
 11
75.374999974
 21
198.240292189
 31
0.000000000
  0
LINE
  5
1169
330
A02
100
AcDbEntity
  8
Sketch004
100
AcDbLine
 10
74.875000000
 20
198.740292000
 30
0.000000000
 11
75.374999974
 21
198.240292189
 31
0.000000000
  0
LINE
  5
116A
330
A02
100
AcDbEntity
  8
Sketch004
100
AcDbLine
 10
74.875000000
 20
200.825508875
 30
0.000000000
 11
74.875000000
 21
198.740292000
 31
0.000000000
  0
ELLIPSE
  5
116B
330
A02
100
AcDbEntity
  8
Sketch004
100
AcDbEllipse
 10
74.777333333
 20
201.005529049
 30
0.000000000
 11
0.000000000
 21
0.207869392
 31
0.000000000
 40
0.939692621
 41
3.665191429
 42
4.712388980
  0
ELLIPSE
  5
116C
330
A02
100
AcDbEntity
  8
Sketch004
100
AcDbEllipse
 10
74.777333333
 20
201.005529049
 30
0.000000000
 11
0.000000000
 21
0.207869392
 31
0.000000000
 40
0.939692621
 41
4.712388980
 42
1.047197551
  0
LINE
  5
116D
330
A02
100
AcDbEntity
  8
Sketch004
100
AcDbLine
 10
74.608169704
 20
201.109463744
 30
0.000000000
 11
65.191830296
 21
201.109463744
 31
0.000000000
  0
ELLIPSE
  5
116E
330
A02
100
AcDbEntity
  8
Sketch004
100
AcDbEllipse
 10
65.022666667
 20
201.005529049
 30
0.000000000
 11
0.000000000
 21
0.207869392
 31
0.000000000
 40
0.939692621
 41
5.235987756
 42
1.570796327
  0
ELLIPSE
  5
116F
330
A02
100
AcDbEntity
  8
Sketch004
100
AcDbEllipse
 10
65.022666667
 20
201.005529049
 30
0.000000000
 11
0.000000000
 21
0.207869392
 31
0.000000000
 40
0.939692621
 41
1.570796327
 42
2.617993878
  0
LINE
  5
1170
330
A02
100
AcDbEntity
  8
Sketch004
100
AcDbLine
 10
64.925000000
 20
200.825508875
 30
0.000000000
 11
64.925000000
 21
198.740416679
 31
0.000000000
  0
LINE
  5
1171
330
A02
100
AcDbEntity
  8
Sketch004
100
AcDbLine
 10
64.925000000
 20
198.740416679
 30
0.000000000
 11
64.424876000
 21
198.240292189
 31
0.000000000
  0
LINE
  5
1172
330
A02
100
AcDbEntity
  8
Sketch004
100
AcDbLine
 10
64.424876000
 20
198.240292189
 30
0.000000000
 11
51.499937987
 21
198.240292189
 31
0.000000000
  0
LINE
  5
1173
330
A02
100
AcDbEntity
  8
Sketch004
100
AcDbLine
 10
51.500000000
 20
256.035920641
 30
0.000000000
 11
64.425000000
 21
256.035920641
 31
0.000000000
  0
LINE
  5
1174
330
A02
100
AcDbEntity
  8
Sketch004
100
AcDbLine
 10
64.925000000
 20
255.535920641
 30
0.000000000
 11
64.425000000
 21
256.035920641
 31
0.000000000
  0
LINE
  5
1175
330
A02
100
AcDbEntity
  8
Sketch004
100
AcDbLine
 10
64.925000000
 20
255.535920641
 30
0.000000000
 11
64.925000000
 21
253.444581063
 31
0.000000000
  0
ARC
  5
1176
330
A02
100
AcDbEntity
  8
Sketch004
100
AcDbCircle
 10
65.025166667
 20
253.271087307
 30
0.000000000
 40
0.200333333
100
AcDbArc
 50
120.000000000
 51
-90.000000000
  0
ARC
  5
1177
330
A02
100
AcDbEntity
  8
Sketch004
100
AcDbCircle
 10
65.025166667
 20
253.271087307
 30
0.000000000
 40
0.200333333
100
AcDbArc
 50
-90.000000000
 51
-30.000000000
  0
LINE
  5
1178
330
A02
100
AcDbEntity
  8
Sketch004
100
AcDbLine
 10
65.198660423
 20
253.170920641
 30
0.000000000
 11
74.601339577
 21
253.170920641
 31
0.000000000
  0
ARC
  5
1179
330
A02
100
AcDbEntity
  8
Sketch004
100
AcDbCircle
 10
74.774833333
 20
253.271087307
 30
0.000000000
 40
0.200333333
100
AcDbArc
 50
-150.000000000
 51
-90.000000000
  0
ARC
  5
117A
330
A02
100
AcDbEntity
  8
Sketch004
100
AcDbCircle
 10
74.774833333
 20
253.271087307
 30
0.000000000
 40
0.200333333
100
AcDbArc
 50
-90.000000000
 51
60.000000000
  0
LINE
  5
117B
330
A02
100
AcDbEntity
  8
Sketch004
100
AcDbLine
 10
74.875000000
 20
255.535920641
 30
0.000000000
 11
74.875000000
 21
253.444581063
 31
0.000000000
  0
LINE
  5
117C
330
A02
100
AcDbEntity
  8
Sketch004
100
AcDbLine
 10
75.375000000
 20
256.035920641
 30
0.000000000
 11
74.875000000
 21
255.535920641
 31
0.000000000
  0
LINE
  5
117D
330
A02
100
AcDbEntity
  8
Sketch004
100
AcDbLine
 10
75.375000000
 20
256.035920641
 30
0.000000000
 11
88.300000000
 21
256.035920641
 31
0.000000000
  0
LINE
  5
117E
330
A02
100
AcDbEntity
  8
Sketch004
100
AcDbLine
 10
88.800000000
 20
255.535920641
 30
0.000000000
 11
88.300000000
 21
256.035920641
 31
0.000000000
  0
LINE
  5
117F
330
A02
100
AcDbEntity
  8
Sketch004
100
AcDbLine
 10
88.800000000
 20
255.535920641
 30
0.000000000
 11
88.800000000
 21
233.032815861
 31
0.000000000
  0
LINE
  5
1180
330
A02
100
AcDbEntity
  8
Sketch004
100
AcDbLine
 10
88.300000000
 20
232.532815861
 30
0.000000000
 11
88.800000000
 21
233.032815861
 31
0.000000000
  0
LINE
  5
1181
330
A02
100
AcDbEntity
  8
Sketch004
100
AcDbLine
 10
86.208660423
 20
232.532815861
 30
0.000000000
 11
88.300000000
 21
232.532815861
 31
0.000000000
  0
ARC
  5
1182
330
A02
100
AcDbEntity
  8
Sketch004
100
AcDbCircle
 10
86.035166667
 20
232.432649195
 30
0.000000000
 40
0.200333333
100
AcDbArc
 50
30.000000000
 51
-120.000000000
  0
LINE
  5
1183
330
A02
100
AcDbEntity
  8
Sketch004
100
AcDbLine
 10
85.935000000
 20
232.259155439
 30
0.000000000
 11
85.935000000
 21
222.856476284
 31
0.000000000
  0
ARC
  5
1184
330
A02
100
AcDbEntity
  8
Sketch004
100
AcDbCircle
 10
86.035166667
 20
222.682982528
 30
0.000000000
 40
0.200333333
100
AcDbArc
 50
120.000000000
 51
-30.000000000
  0
LINE
  5
1185
330
A02
100
AcDbEntity
  8
Sketch004
100
AcDbLine
 10
86.208660423
 20
222.582815861
 30
0.000000000
 11
88.300000000
 21
222.582815861
 31
0.000000000
  0
LINE
  5
1186
330
A02
100
AcDbEntity
  8
Sketch004
100
AcDbLine
 10
88.800000000
 20
222.082815861
 30
0.000000000
 11
88.300000000
 21
222.582815861
 31
0.000000000
  0
LINE
  5
1187
330
A02
100
AcDbEntity
  8
Sketch004
100
AcDbLine
 10
88.800000000
 20
222.082815861
 30
0.000000000
 11
88.800000000
 21
200.140292189
 31
0.000000000
  0
LINE
  5
1188
330
A02
100
AcDbEntity
  8
Sketch004
100
AcDbLine
 10
88.300000000
 20
199.640292189
 30
0.000000000
 11
88.800000000
 21
200.140292189
 31
0.000000000
  0
LINE
  5
1189
330
A02
100
AcDbEntity
  8
Sketch004
100
AcDbLine
 10
88.300000000
 20
199.640292189
 30
0.000000000
 11
86.000000000
 21
199.640292189
 31
0.000000000
  0
LINE
  5
118A
330
A02
100
AcDbEntity
  8
Sketch004
100
AcDbLine
 10
86.000000000
 20
199.640292189
 30
0.000000000
 11
86.000000000
 21
198.740292189
 31
0.000000000
  0
LINE
  5
118B
330
A02
100
AcDbEntity
  8
Sketch004
100
AcDbLine
 10
49.500000000
 20
213.751971241
 30
0.000000000
 11
52.500000000
 21
213.751971241
 31
0.000000000
  0
ARC
  5
118C
330
A02
100
AcDbEntity
  8
Sketch004
100
AcDbCircle
 10
52.500000000
 20
211.751971241
 30
0.000000000
 40
2.000000000
100
AcDbArc
 50
-90.000000000
 51
90.000000000
  0
LINE
  5
118D
330
A02
100
AcDbEntity
  8
Sketch004
100
AcDbLine
 10
49.500000000
 20
209.751971241
 30
0.000000000
 11
52.500000000
 21
209.751971241
 31
0.000000000
  0
ARC
  5
118E
330
A02
100
AcDbEntity
  8
Sketch004
100
AcDbCircle
 10
49.500000000
 20
211.751971241
 30
0.000000000
 40
2.000000000
100
AcDbArc
 50
90.000000000
 51
-90.000000000
  0
LINE
  5
118F
330
A02
100
AcDbEntity
  8
Sketch005
100
AcDbLine
 10
189.300000000
 20
305.584914522
 30
0.000000000
 11
189.800000000
 21
305.084914522
 31
0.000000000
  0
LINE
  5
1190
330
A02
100
AcDbEntity
  8
Sketch005
100
AcDbLine
 10
187.208660423
 20
305.584914522
 30
0.000000000
 11
189.300000000
 21
305.584914522
 31
0.000000000
  0
ARC
  5
1191
330
A02
100
AcDbEntity
  8
Sketch005
100
AcDbCircle
 10
187.035166667
 20
305.685081188
 30
0.000000000
 40
0.200333333
100
AcDbArc
 50
120.000000000
 51
-30.000000000
  0
LINE
  5
1192
330
A02
100
AcDbEntity
  8
Sketch005
100
AcDbLine
 10
186.935000000
 20
315.261254099
 30
0.000000000
 11
186.935000000
 21
305.858574944
 31
0.000000000
  0
ARC
  5
1193
330
A02
100
AcDbEntity
  8
Sketch005
100
AcDbCircle
 10
187.035166667
 20
315.434747855
 30
0.000000000
 40
0.200333333
100
AcDbArc
 50
30.000000000
 51
-120.000000000
  0
LINE
  5
1194
330
A02
100
AcDbEntity
  8
Sketch005
100
AcDbLine
 10
187.208660423
 20
315.534914522
 30
0.000000000
 11
189.300000000
 21
315.534914522
 31
0.000000000
  0
LINE
  5
1195
330
A02
100
AcDbEntity
  8
Sketch005
100
AcDbLine
 10
189.800000000
 20
316.034914522
 30
0.000000000
 11
189.300000000
 21
315.534914522
 31
0.000000000
  0
LINE
  5
1196
330
A02
100
AcDbEntity
  8
Sketch005
100
AcDbLine
 10
189.800000000
 20
316.034914522
 30
0.000000000
 11
189.800000000
 21
322.340131281
 31
0.000000000
  0
LINE
  5
1197
330
A02
100
AcDbEntity
  8
Sketch005
100
AcDbLine
 10
189.300000000
 20
322.840131281
 30
0.000000000
 11
189.800000000
 21
322.340131281
 31
0.000000000
  0
LINE
  5
1198
330
A02
100
AcDbEntity
  8
Sketch005
100
AcDbLine
 10
189.300000000
 20
322.840131281
 30
0.000000000
 11
176.161666667
 21
322.840131281
 31
0.000000000
  0
ARC
  5
1199
330
A02
100
AcDbEntity
  8
Sketch005
100
AcDbCircle
 10
175.975000000
 20
322.840131281
 30
0.000000000
 40
0.186666667
100
AcDbArc
 50
180.000000000
 51
0.000000000
  0
ARC
  5
119A
330
A02
100
AcDbEntity
  8
Sketch005
100
AcDbCircle
 10
175.975000000
 20
322.840131281
 30
0.000000000
 40
0.186666667
100
AcDbArc
 50
90.000000000
 51
180.000000000
  0
LINE
  5
119B
330
A02
100
AcDbEntity
  8
Sketch005
100
AcDbLine
 10
175.975000000
 20
323.026797947
 30
0.000000000
 11
175.975000000
 21
325.140131281
 31
0.000000000
  0
LINE
  5
119C
330
A02
100
AcDbEntity
  8
Sketch005
100
AcDbLine
 10
175.475000000
 20
325.640131281
 30
0.000000000
 11
175.975000000
 21
325.140131281
 31
0.000000000
  0
LINE
  5
119D
330
A02
100
AcDbEntity
  8
Sketch005
100
AcDbLine
 10
166.325000000
 20
325.640131281
 30
0.000000000
 11
175.475000000
 21
325.640131281
 31
0.000000000
  0
LINE
  5
119E
330
A02
100
AcDbEntity
  8
Sketch005
100
AcDbLine
 10
165.825000000
 20
325.140131281
 30
0.000000000
 11
166.325000000
 21
325.640131281
 31
0.000000000
  0
LINE
  5
119F
330
A02
100
AcDbEntity
  8
Sketch005
100
AcDbLine
 10
165.825000000
 20
323.026797947
 30
0.000000000
 11
165.825000000
 21
325.140131281
 31
0.000000000
  0
ARC
  5
11A0
330
A02
100
AcDbEntity
  8
Sketch005
100
AcDbCircle
 10
165.825000000
 20
322.840131281
 30
0.000000000
 40
0.186666667
100
AcDbArc
 50
0.000000000
 51
90.000000000
  0
ARC
  5
11A1
330
A02
100
AcDbEntity
  8
Sketch005
100
AcDbCircle
 10
165.825000000
 20
322.840131281
 30
0.000000000
 40
0.186666667
100
AcDbArc
 50
180.000000000
 51
0.000000000
  0
LINE
  5
11A2
330
A02
100
AcDbEntity
  8
Sketch005
100
AcDbLine
 10
165.638333333
 20
322.840131281
 30
0.000000000
 11
138.361666667
 21
322.840131281
 31
0.000000000
  0
ARC
  5
11A3
330
A02
100
AcDbEntity
  8
Sketch005
100
AcDbCircle
 10
138.175000000
 20
322.840131281
 30
0.000000000
 40
0.186666667
100
AcDbArc
 50
180.000000000
 51
0.000000000
  0
ARC
  5
11A4
330
A02
100
AcDbEntity
  8
Sketch005
100
AcDbCircle
 10
138.175000000
 20
322.840131281
 30
0.000000000
 40
0.186666667
100
AcDbArc
 50
90.000000000
 51
180.000000000
  0
LINE
  5
11A5
330
A02
100
AcDbEntity
  8
Sketch005
100
AcDbLine
 10
138.175000000
 20
323.026797947
 30
0.000000000
 11
138.175000000
 21
325.140131281
 31
0.000000000
  0
LINE
  5
11A6
330
A02
100
AcDbEntity
  8
Sketch005
100
AcDbLine
 10
137.675000000
 20
325.640131281
 30
0.000000000
 11
138.175000000
 21
325.140131281
 31
0.000000000
  0
LINE
  5
11A7
330
A02
100
AcDbEntity
  8
Sketch005
100
AcDbLine
 10
128.525000000
 20
325.640131281
 30
0.000000000
 11
137.675000000
 21
325.640131281
 31
0.000000000
  0
LINE
  5
11A8
330
A02
100
AcDbEntity
  8
Sketch005
100
AcDbLine
 10
128.025000000
 20
325.140131281
 30
0.000000000
 11
128.525000000
 21
325.640131281
 31
0.000000000
  0
LINE
  5
11A9
330
A02
100
AcDbEntity
  8
Sketch005
100
AcDbLine
 10
128.025000000
 20
323.026797947
 30
0.000000000
 11
128.025000000
 21
325.140131281
 31
0.000000000
  0
ARC
  5
11AA
330
A02
100
AcDbEntity
  8
Sketch005
100
AcDbCircle
 10
128.025000000
 20
322.840131281
 30
0.000000000
 40
0.186666667
100
AcDbArc
 50
0.000000000
 51
90.000000000
  0
ARC
  5
11AB
330
A02
100
AcDbEntity
  8
Sketch005
100
AcDbCircle
 10
128.025000000
 20
322.840131281
 30
0.000000000
 40
0.186666667
100
AcDbArc
 50
180.000000000
 51
0.000000000
  0
LINE
  5
11AC
330
A02
100
AcDbEntity
  8
Sketch005
100
AcDbLine
 10
127.838333333
 20
322.840131281
 30
0.000000000
 11
115.200000000
 21
322.840131281
 31
0.000000000
  0
LINE
  5
11AD
330
A02
100
AcDbEntity
  8
Sketch005
100
AcDbLine
 10
114.200000000
 20
321.840131281
 30
0.000000000
 11
115.200000000
 21
322.840131281
 31
0.000000000
  0
LINE
  5
11AE
330
A02
100
AcDbEntity
  8
Sketch005
100
AcDbLine
 10
114.200000000
 20
321.840131281
 30
0.000000000
 11
114.200000000
 21
316.034914522
 31
0.000000000
  0
LINE
  5
11AF
330
A02
100
AcDbEntity
  8
Sketch005
100
AcDbLine
 10
114.700000000
 20
315.534914522
 30
0.000000000
 11
114.200000000
 21
316.034914522
 31
0.000000000
  0
LINE
  5
11B0
330
A02
100
AcDbEntity
  8
Sketch005
100
AcDbLine
 10
114.700000000
 20
315.534914522
 30
0.000000000
 11
116.791339577
 21
315.534914522
 31
0.000000000
  0
ARC
  5
11B1
330
A02
100
AcDbEntity
  8
Sketch005
100
AcDbCircle
 10
116.964833333
 20
315.434747855
 30
0.000000000
 40
0.200333333
100
AcDbArc
 50
0.000000000
 51
150.000000000
  0
ARC
  5
11B2
330
A02
100
AcDbEntity
  8
Sketch005
100
AcDbCircle
 10
116.964833333
 20
315.434747855
 30
0.000000000
 40
0.200333333
100
AcDbArc
 50
-60.000000000
 51
0.000000000
  0
LINE
  5
11B3
330
A02
100
AcDbEntity
  8
Sketch005
100
AcDbLine
 10
117.065000000
 20
315.261254099
 30
0.000000000
 11
117.065000000
 21
305.858574944
 31
0.000000000
  0
ARC
  5
11B4
330
A02
100
AcDbEntity
  8
Sketch005
100
AcDbCircle
 10
116.964833333
 20
305.685081188
 30
0.000000000
 40
0.200333333
100
AcDbArc
 50
0.000000000
 51
60.000000000
  0
ARC
  5
11B5
330
A02
100
AcDbEntity
  8
Sketch005
100
AcDbCircle
 10
116.964833333
 20
305.685081188
 30
0.000000000
 40
0.200333333
100
AcDbArc
 50
-150.000000000
 51
0.000000000
  0
LINE
  5
11B6
330
A02
100
AcDbEntity
  8
Sketch005
100
AcDbLine
 10
114.700000000
 20
305.584914522
 30
0.000000000
 11
116.791339577
 21
305.584914522
 31
0.000000000
  0
LINE
  5
11B7
330
A02
100
AcDbEntity
  8
Sketch005
100
AcDbLine
 10
114.200000000
 20
305.084914522
 30
0.000000000
 11
114.700000000
 21
305.584914522
 31
0.000000000
  0
LINE
  5
11B8
330
A02
100
AcDbEntity
  8
Sketch005
100
AcDbLine
 10
114.200000000
 20
304.084915000
 30
0.000000000
 11
114.200000000
 21
295.800000000
 31
0.000000000
  0
LINE
  5
11B9
330
A02
100
AcDbEntity
  8
Sketch005
100
AcDbLine
 10
114.700000000
 20
295.300000000
 30
0.000000000
 11
114.200000000
 21
295.800000000
 31
0.000000000
  0
LINE
  5
11BA
330
A02
100
AcDbEntity
  8
Sketch005
100
AcDbLine
 10
114.700000000
 20
295.300000000
 30
0.000000000
 11
135.398333333
 21
295.300000000
 31
0.000000000
  0
ARC
  5
11BB
330
A02
100
AcDbEntity
  8
Sketch005
100
AcDbCircle
 10
135.585000000
 20
295.300000000
 30
0.000000000
 40
0.186666667
100
AcDbArc
 50
0.000000000
 51
180.000000000
  0
ARC
  5
11BC
330
A02
100
AcDbEntity
  8
Sketch005
100
AcDbCircle
 10
135.585000000
 20
295.300000000
 30
0.000000000
 40
0.186666667
100
AcDbArc
 50
-90.000000000
 51
0.000000000
  0
LINE
  5
11BD
330
A02
100
AcDbEntity
  8
Sketch005
100
AcDbLine
 10
135.585000000
 20
295.113333333
 30
0.000000000
 11
135.585000000
 21
293.000000000
 31
0.000000000
  0
LINE
  5
11BE
330
A02
100
AcDbEntity
  8
Sketch005
100
AcDbLine
 10
136.085000000
 20
292.500000000
 30
0.000000000
 11
135.585000000
 21
293.000000000
 31
0.000000000
  0
LINE
  5
11BF
330
A02
100
AcDbEntity
  8
Sketch005
100
AcDbLine
 10
145.235000000
 20
292.500000000
 30
0.000000000
 11
136.085000000
 21
292.500000000
 31
0.000000000
  0
LINE
  5
11C0
330
A02
100
AcDbEntity
  8
Sketch005
100
AcDbLine
 10
145.735000000
 20
293.000000000
 30
0.000000000
 11
145.235000000
 21
292.500000000
 31
0.000000000
  0
LINE
  5
11C1
330
A02
100
AcDbEntity
  8
Sketch005
100
AcDbLine
 10
145.735000000
 20
295.113333333
 30
0.000000000
 11
145.735000000
 21
293.000000000
 31
0.000000000
  0
ARC
  5
11C2
330
A02
100
AcDbEntity
  8
Sketch005
100
AcDbCircle
 10
145.735000000
 20
295.300000000
 30
0.000000000
 40
0.186666667
100
AcDbArc
 50
180.000000000
 51
-90.000000000
  0
ARC
  5
11C3
330
A02
100
AcDbEntity
  8
Sketch005
100
AcDbCircle
 10
145.735000000
 20
295.300000000
 30
0.000000000
 40
0.186666667
100
AcDbArc
 50
0.000000000
 51
180.000000000
  0
LINE
  5
11C4
330
A02
100
AcDbEntity
  8
Sketch005
100
AcDbLine
 10
145.921666667
 20
295.300000000
 30
0.000000000
 11
158.078333333
 21
295.300000000
 31
0.000000000
  0
ARC
  5
11C5
330
A02
100
AcDbEntity
  8
Sketch005
100
AcDbCircle
 10
158.265000000
 20
295.300000000
 30
0.000000000
 40
0.186666667
100
AcDbArc
 50
0.000000000
 51
180.000000000
  0
ARC
  5
11C6
330
A02
100
AcDbEntity
  8
Sketch005
100
AcDbCircle
 10
158.265000000
 20
295.300000000
 30
0.000000000
 40
0.186666667
100
AcDbArc
 50
-90.000000000
 51
0.000000000
  0
LINE
  5
11C7
330
A02
100
AcDbEntity
  8
Sketch005
100
AcDbLine
 10
158.265000000
 20
295.113333333
 30
0.000000000
 11
158.265000000
 21
293.000000000
 31
0.000000000
  0
LINE
  5
11C8
330
A02
100
AcDbEntity
  8
Sketch005
100
AcDbLine
 10
158.765000000
 20
292.500000000
 30
0.000000000
 11
158.265000000
 21
293.000000000
 31
0.000000000
  0
LINE
  5
11C9
330
A02
100
AcDbEntity
  8
Sketch005
100
AcDbLine
 10
167.915000000
 20
292.500000000
 30
0.000000000
 11
158.765000000
 21
292.500000000
 31
0.000000000
  0
LINE
  5
11CA
330
A02
100
AcDbEntity
  8
Sketch005
100
AcDbLine
 10
168.415000000
 20
293.000000000
 30
0.000000000
 11
167.915000000
 21
292.500000000
 31
0.000000000
  0
LINE
  5
11CB
330
A02
100
AcDbEntity
  8
Sketch005
100
AcDbLine
 10
168.415000000
 20
295.113333333
 30
0.000000000
 11
168.415000000
 21
293.000000000
 31
0.000000000
  0
ARC
  5
11CC
330
A02
100
AcDbEntity
  8
Sketch005
100
AcDbCircle
 10
168.415000000
 20
295.300000000
 30
0.000000000
 40
0.186666667
100
AcDbArc
 50
180.000000000
 51
-90.000000000
  0
ARC
  5
11CD
330
A02
100
AcDbEntity
  8
Sketch005
100
AcDbCircle
 10
168.415000000
 20
295.300000000
 30
0.000000000
 40
0.186666667
100
AcDbArc
 50
0.000000000
 51
180.000000000
  0
LINE
  5
11CE
330
A02
100
AcDbEntity
  8
Sketch005
100
AcDbLine
 10
168.601666667
 20
295.300000000
 30
0.000000000
 11
189.300000000
 21
295.300000000
 31
0.000000000
  0
LINE
  5
11CF
330
A02
100
AcDbEntity
  8
Sketch005
100
AcDbLine
 10
189.800000000
 20
295.800000000
 30
0.000000000
 11
189.300000000
 21
295.300000000
 31
0.000000000
  0
LINE
  5
11D0
330
A02
100
AcDbEntity
  8
Sketch005
100
AcDbLine
 10
189.800000000
 20
295.800000000
 30
0.000000000
 11
189.800000000
 21
304.084915000
 31
0.000000000
  0
CIRCLE
  5
11D1
330
A02
100
AcDbEntity
  8
Sketch005
100
AcDbCircle
 10
151.985010000
 20
312.033996316
 30
0.000000000
 40
7.500000000
  0
LINE
  5
11D2
330
A02
100
AcDbEntity
  8
Sketch005
100
AcDbLine
 10
171.564576366
 20
305.009742735
 30
0.000000000
 11
169.207669520
 21
311.009683279
 31
0.000000000
  0
ARC
  5
11D3
330
A02
100
AcDbEntity
  8
Sketch005
100
AcDbCircle
 10
165.950000000
 20
309.730000000
 30
0.000000000
 40
3.500000000
100
AcDbArc
 50
21.445977095
 51
159.051235851
  0
LINE
  5
11D4
330
A02
100
AcDbEntity
  8
Sketch005
100
AcDbLine
 10
162.681348187
 20
310.981365384
 30
0.000000000
 11
160.376596936
 21
304.961197771
 31
0.000000000
  0
ARC
  5
11D5
330
A02
100
AcDbEntity
  8
Sketch005
100
AcDbCircle
 10
165.980000045
 20
302.815999970
 30
0.000000000
 40
6.000000000
100
AcDbArc
 50
159.051235851
 51
21.445977095
  0
CIRCLE
  5
11D6
330
A02
100
AcDbEntity
  8
Sketch005
100
AcDbCircle
 10
179.040000000
 20
305.550000000
 30
0.000000000
 40
5.000000000
  0
CIRCLE
  5
11D7
330
A02
100
AcDbEntity
  8
Sketch005
100
AcDbCircle
 10
124.960000000
 20
305.450000000
 30
0.000000000
 40
5.000000000
  0
CIRCLE
  5
11D8
330
A02
100
AcDbEntity
  8
Sketch005
100
AcDbCircle
 10
134.982000000
 20
307.462000000
 30
0.000000000
 40
3.000000000
  0
ARC
  5
11D9
330
A02
100
AcDbEntity
  8
Sketch005
100
AcDbCircle
 10
140.570000000
 20
305.450000000
 30
0.000000000
 40
1.500000000
100
AcDbArc
 50
180.000000000
 51
0.000000000
  0
LINE
  5
11DA
330
A02
100
AcDbEntity
  8
Sketch005
100
AcDbLine
 10
142.070000000
 20
305.450000000
 30
0.000000000
 11
142.070000000
 21
307.950000000
 31
0.000000000
  0
ARC
  5
11DB
330
A02
100
AcDbEntity
  8
Sketch005
100
AcDbCircle
 10
140.570000000
 20
307.950000000
 30
0.000000000
 40
1.500000000
100
AcDbArc
 50
0.000000000
 51
180.000000000
  0
LINE
  5
11DC
330
A02
100
AcDbEntity
  8
Sketch005
100
AcDbLine
 10
139.070000000
 20
305.450000000
 30
0.000000000
 11
139.070000000
 21
307.950000000
 31
0.000000000
  0
LINE
  5
11DD
330
A02
100
AcDbEntity
  8
Sketch006
100
AcDbLine
 10
188.700000000
 20
159.800000000
 30
0.000000000
 11
188.700000000
 21
158.200000000
 31
0.000000000
  0
LINE
  5
11DE
330
A02
100
AcDbEntity
  8
Sketch006
100
AcDbLine
 10
188.700000000
 20
124.000000000
 30
0.000000000
 11
188.700000000
 21
125.600000000
 31
0.000000000
  0
LINE
  5
11DF
330
A02
100
AcDbEntity
  8
Sketch006
100
AcDbLine
 10
151.400000000
 20
121.600000000
 30
0.000000000
 11
156.765000000
 21
121.600000000
 31
0.000000000
  0
LINE
  5
11E0
330
A02
100
AcDbEntity
  8
Sketch006
100
AcDbLine
 10
157.265000000
 20
122.100000000
 30
0.000000000
 11
156.765000000
 21
121.600000000
 31
0.000000000
  0
LINE
  5
11E1
330
A02
100
AcDbEntity
  8
Sketch006
100
AcDbLine
 10
157.265000000
 20
122.100000000
 30
0.000000000
 11
157.265000000
 21
124.191339577
 31
0.000000000
  0
ARC
  5
11E2
330
A02
100
AcDbEntity
  8
Sketch006
100
AcDbCircle
 10
157.365166667
 20
124.364833333
 30
0.000000000
 40
0.200333333
100
AcDbArc
 50
90.000000000
 51
-120.000000000
  0
ARC
  5
11E3
330
A02
100
AcDbEntity
  8
Sketch006
100
AcDbCircle
 10
157.365166667
 20
124.364833333
 30
0.000000000
 40
0.200333333
100
AcDbArc
 50
30.000000000
 51
90.000000000
  0
LINE
  5
11E4
330
A02
100
AcDbEntity
  8
Sketch006
100
AcDbLine
 10
166.941339577
 20
124.465000000
 30
0.000000000
 11
157.538660423
 21
124.465000000
 31
0.000000000
  0
ARC
  5
11E5
330
A02
100
AcDbEntity
  8
Sketch006
100
AcDbCircle
 10
167.114833333
 20
124.364833333
 30
0.000000000
 40
0.200333333
100
AcDbArc
 50
90.000000000
 51
150.000000000
  0
ARC
  5
11E6
330
A02
100
AcDbEntity
  8
Sketch006
100
AcDbCircle
 10
167.114833333
 20
124.364833333
 30
0.000000000
 40
0.200333333
100
AcDbArc
 50
-60.000000000
 51
90.000000000
  0
LINE
  5
11E7
330
A02
100
AcDbEntity
  8
Sketch006
100
AcDbLine
 10
167.215000000
 20
122.100000000
 30
0.000000000
 11
167.215000000
 21
124.191339577
 31
0.000000000
  0
LINE
  5
11E8
330
A02
100
AcDbEntity
  8
Sketch006
100
AcDbLine
 10
167.715000000
 20
121.600000000
 30
0.000000000
 11
167.215000000
 21
122.100000000
 31
0.000000000
  0
LINE
  5
11E9
330
A02
100
AcDbEntity
  8
Sketch006
100
AcDbLine
 10
167.715000000
 20
121.600000000
 30
0.000000000
 11
176.383237386
 21
121.600000000
 31
0.000000000
  0
ARC
  5
11EA
330
A02
100
AcDbEntity
  8
Sketch006
100
AcDbCircle
 10
176.383237386
 20
121.200000000
 30
0.000000000
 40
0.400000000
100
AcDbArc
 50
75.000000000
 51
90.000000000
  0
LINE
  5
11EB
330
A02
100
AcDbEntity
  8
Sketch006
100
AcDbLine
 10
176.486765004
 20
121.586370331
 30
0.000000000
 11
183.900000000
 21
119.600000000
 31
0.000000000
  0
LINE
  5
11EC
330
A02
100
AcDbEntity
  8
Sketch006
100
AcDbLine
 10
183.900000000
 20
119.600000000
 30
0.000000000
 11
183.900000000
 21
121.600000000
 31
0.000000000
  0
LINE
  5
11ED
330
A02
100
AcDbEntity
  8
Sketch006
100
AcDbLine
 10
183.900000000
 20
121.600000000
 30
0.000000000
 11
186.700000000
 21
121.600000000
 31
0.000000000
  0
LINE
  5
11EE
330
A02
100
AcDbEntity
  8
Sketch006
100
AcDbLine
 10
186.700000000
 20
120.600000000
 30
0.000000000
 11
186.700000000
 21
121.600000000
 31
0.000000000
  0
LINE
  5
11EF
330
A02
100
AcDbEntity
  8
Sketch006
100
AcDbLine
 10
188.478885438
 20
121.489442719
 30
0.000000000
 11
186.700000000
 21
120.600000000
 31
0.000000000
  0
ARC
  5
11F0
330
A02
100
AcDbEntity
  8
Sketch006
100
AcDbCircle
 10
188.300000000
 20
121.847213595
 30
0.000000000
 40
0.400000000
100
AcDbArc
 50
-63.434948823
 51
0.000000000
  0
LINE
  5
11F1
330
A02
100
AcDbEntity
  8
Sketch006
100
AcDbLine
 10
188.700000000
 20
121.847213595
 30
0.000000000
 11
188.700000000
 21
124.000000000
 31
0.000000000
  0
ARC
  5
11F2
330
A02
100
AcDbEntity
  8
Sketch006
100
AcDbCircle
 10
188.300000000
 20
124.000000000
 30
0.000000000
 40
0.400000000
100
AcDbArc
 50
0.000000000
 51
90.000000000
  0
LINE
  5
11F3
330
A02
100
AcDbEntity
  8
Sketch006
100
AcDbLine
 10
188.300000000
 20
124.400000000
 30
0.000000000
 11
174.700000000
 21
124.400000000
 31
0.000000000
  0
ARC
  5
11F4
330
A02
100
AcDbEntity
  8
Sketch006
100
AcDbCircle
 10
174.700000000
 20
124.800000000
 30
0.000000000
 40
0.400000000
100
AcDbArc
 50
90.000000000
 51
-90.000000000
  0
LINE
  5
11F5
330
A02
100
AcDbEntity
  8
Sketch006
100
AcDbLine
 10
174.700000000
 20
125.200000000
 30
0.000000000
 11
188.300000000
 21
125.200000000
 31
0.000000000
  0
ARC
  5
11F6
330
A02
100
AcDbEntity
  8
Sketch006
100
AcDbCircle
 10
188.300000000
 20
125.600000000
 30
0.000000000
 40
0.400000000
100
AcDbArc
 50
-90.000000000
 51
0.000000000
  0
LINE
  5
11F7
330
A02
100
AcDbEntity
  8
Sketch006
100
AcDbLine
 10
188.700000000
 20
125.600000000
 30
0.000000000
 11
188.700000000
 21
136.425000000
 31
0.000000000
  0
LINE
  5
11F8
330
A02
100
AcDbEntity
  8
Sketch006
100
AcDbLine
 10
188.200000000
 20
136.925000000
 30
0.000000000
 11
188.700000000
 21
136.425000000
 31
0.000000000
  0
LINE
  5
11F9
330
A02
100
AcDbEntity
  8
Sketch006
100
AcDbLine
 10
188.200000000
 20
136.925000000
 30
0.000000000
 11
186.108660423
 21
136.925000000
 31
0.000000000
  0
ARC
  5
11FA
330
A02
100
AcDbEntity
  8
Sketch006
100
AcDbCircle
 10
185.935166667
 20
137.025166667
 30
0.000000000
 40
0.200333333
100
AcDbArc
 50
180.000000000
 51
-30.000000000
  0
ARC
  5
11FB
330
A02
100
AcDbEntity
  8
Sketch006
100
AcDbCircle
 10
185.935166667
 20
137.025166667
 30
0.000000000
 40
0.200333333
100
AcDbArc
 50
120.000000000
 51
180.000000000
  0
LINE
  5
11FC
330
A02
100
AcDbEntity
  8
Sketch006
100
AcDbLine
 10
185.835000000
 20
146.601339577
 30
0.000000000
 11
185.835000000
 21
137.198660423
 31
0.000000000
  0
ARC
  5
11FD
330
A02
100
AcDbEntity
  8
Sketch006
100
AcDbCircle
 10
185.935166667
 20
146.774833333
 30
0.000000000
 40
0.200333333
100
AcDbArc
 50
180.000000000
 51
-120.000000000
  0
ARC
  5
11FE
330
A02
100
AcDbEntity
  8
Sketch006
100
AcDbCircle
 10
185.935166667
 20
146.774833333
 30
0.000000000
 40
0.200333333
100
AcDbArc
 50
30.000000000
 51
180.000000000
  0
LINE
  5
11FF
330
A02
100
AcDbEntity
  8
Sketch006
100
AcDbLine
 10
188.200000000
 20
146.875000000
 30
0.000000000
 11
186.108660423
 21
146.875000000
 31
0.000000000
  0
LINE
  5
1200
330
A02
100
AcDbEntity
  8
Sketch006
100
AcDbLine
 10
188.700000000
 20
147.375000000
 30
0.000000000
 11
188.200000000
 21
146.875000000
 31
0.000000000
  0
LINE
  5
1201
330
A02
100
AcDbEntity
  8
Sketch006
100
AcDbLine
 10
188.700000000
 20
147.375000000
 30
0.000000000
 11
188.700000000
 21
158.200000000
 31
0.000000000
  0
ARC
  5
1202
330
A02
100
AcDbEntity
  8
Sketch006
100
AcDbCircle
 10
188.300000000
 20
158.200000000
 30
0.000000000
 40
0.400000000
100
AcDbArc
 50
0.000000000
 51
90.000000000
  0
LINE
  5
1203
330
A02
100
AcDbEntity
  8
Sketch006
100
AcDbLine
 10
188.300000000
 20
158.600000000
 30
0.000000000
 11
174.700000000
 21
158.600000000
 31
0.000000000
  0
ARC
  5
1204
330
A02
100
AcDbEntity
  8
Sketch006
100
AcDbCircle
 10
174.700000000
 20
159.000000000
 30
0.000000000
 40
0.400000000
100
AcDbArc
 50
90.000000000
 51
-90.000000000
  0
LINE
  5
1205
330
A02
100
AcDbEntity
  8
Sketch006
100
AcDbLine
 10
174.700000000
 20
159.400000000
 30
0.000000000
 11
188.300000000
 21
159.400000000
 31
0.000000000
  0
ARC
  5
1206
330
A02
100
AcDbEntity
  8
Sketch006
100
AcDbCircle
 10
188.300000000
 20
159.800000000
 30
0.000000000
 40
0.400000000
100
AcDbArc
 50
-90.000000000
 51
0.000000000
  0
LINE
  5
1207
330
A02
100
AcDbEntity
  8
Sketch006
100
AcDbLine
 10
188.700000000
 20
159.800000000
 30
0.000000000
 11
188.700000000
 21
161.952786405
 31
0.000000000
  0
ARC
  5
1208
330
A02
100
AcDbEntity
  8
Sketch006
100
AcDbCircle
 10
188.300000000
 20
161.952786405
 30
0.000000000
 40
0.400000000
100
AcDbArc
 50
0.000000000
 51
63.434948823
  0
LINE
  5
1209
330
A02
100
AcDbEntity
  8
Sketch006
100
AcDbLine
 10
188.478885438
 20
162.310557281
 30
0.000000000
 11
186.700000000
 21
163.200000000
 31
0.000000000
  0
LINE
  5
120A
330
A02
100
AcDbEntity
  8
Sketch006
100
AcDbLine
 10
186.700000000
 20
163.200000000
 30
0.000000000
 11
186.700000000
 21
162.200000000
 31
0.000000000
  0
LINE
  5
120B
330
A02
100
AcDbEntity
  8
Sketch006
100
AcDbLine
 10
186.700000000
 20
162.200000000
 30
0.000000000
 11
183.900000000
 21
162.200000000
 31
0.000000000
  0
LINE
  5
120C
330
A02
100
AcDbEntity
  8
Sketch006
100
AcDbLine
 10
183.900000000
 20
162.200000000
 30
0.000000000
 11
183.900000000
 21
164.200000000
 31
0.000000000
  0
LINE
  5
120D
330
A02
100
AcDbEntity
  8
Sketch006
100
AcDbLine
 10
183.900000000
 20
164.200000000
 30
0.000000000
 11
176.486765004
 21
162.213629669
 31
0.000000000
  0
ARC
  5
120E
330
A02
100
AcDbEntity
  8
Sketch006
100
AcDbCircle
 10
176.383237386
 20
162.600000000
 30
0.000000000
 40
0.400000000
100
AcDbArc
 50
-90.000000000
 51
-75.000000000
  0
LINE
  5
120F
330
A02
100
AcDbEntity
  8
Sketch006
100
AcDbLine
 10
176.383237386
 20
162.200000000
 30
0.000000000
 11
167.715000000
 21
162.200000000
 31
0.000000000
  0
LINE
  5
1210
330
A02
100
AcDbEntity
  8
Sketch006
100
AcDbLine
 10
167.215000000
 20
161.700000000
 30
0.000000000
 11
167.715000000
 21
162.200000000
 31
0.000000000
  0
LINE
  5
1211
330
A02
100
AcDbEntity
  8
Sketch006
100
AcDbLine
 10
167.215000000
 20
161.700000000
 30
0.000000000
 11
167.215000000
 21
159.608660423
 31
0.000000000
  0
ARC
  5
1212
330
A02
100
AcDbEntity
  8
Sketch006
100
AcDbCircle
 10
167.114833333
 20
159.435166667
 30
0.000000000
 40
0.200333333
100
AcDbArc
 50
-90.000000000
 51
60.000000000
  0
ARC
  5
1213
330
A02
100
AcDbEntity
  8
Sketch006
100
AcDbCircle
 10
167.114833333
 20
159.435166667
 30
0.000000000
 40
0.200333333
100
AcDbArc
 50
-150.000000000
 51
-90.000000000
  0
LINE
  5
1214
330
A02
100
AcDbEntity
  8
Sketch006
100
AcDbLine
 10
157.538660423
 20
159.335000000
 30
0.000000000
 11
166.941339577
 21
159.335000000
 31
0.000000000
  0
ARC
  5
1215
330
A02
100
AcDbEntity
  8
Sketch006
100
AcDbCircle
 10
157.365166667
 20
159.435166667
 30
0.000000000
 40
0.200333333
100
AcDbArc
 50
-90.000000000
 51
-30.000000000
  0
ARC
  5
1216
330
A02
100
AcDbEntity
  8
Sketch006
100
AcDbCircle
 10
157.365166667
 20
159.435166667
 30
0.000000000
 40
0.200333333
100
AcDbArc
 50
120.000000000
 51
-90.000000000
  0
LINE
  5
1217
330
A02
100
AcDbEntity
  8
Sketch006
100
AcDbLine
 10
157.265000000
 20
161.700000000
 30
0.000000000
 11
157.265000000
 21
159.608660423
 31
0.000000000
  0
LINE
  5
1218
330
A02
100
AcDbEntity
  8
Sketch006
100
AcDbLine
 10
156.765000000
 20
162.200000000
 30
0.000000000
 11
157.265000000
 21
161.700000000
 31
0.000000000
  0
LINE
  5
1219
330
A02
100
AcDbEntity
  8
Sketch006
100
AcDbLine
 10
156.765000000
 20
162.200000000
 30
0.000000000
 11
151.400000000
 21
162.200000000
 31
0.000000000
  0
LINE
  5
121A
330
A02
100
AcDbEntity
  8
Sketch006
100
AcDbLine
 10
113.100000000
 20
125.600000000
 30
0.000000000
 11
113.100000000
 21
124.000000000
 31
0.000000000
  0
LINE
  5
121B
330
A02
100
AcDbEntity
  8
Sketch006
100
AcDbLine
 10
113.100000000
 20
159.800000000
 30
0.000000000
 11
113.100000000
 21
158.200000000
 31
0.000000000
  0
LINE
  5
121C
330
A02
100
AcDbEntity
  8
Sketch006
100
AcDbLine
 10
150.400000000
 20
162.200000000
 30
0.000000000
 11
145.035000000
 21
162.200000000
 31
0.000000000
  0
LINE
  5
121D
330
A02
100
AcDbEntity
  8
Sketch006
100
AcDbLine
 10
144.535000000
 20
161.700000000
 30
0.000000000
 11
145.035000000
 21
162.200000000
 31
0.000000000
  0
LINE
  5
121E
330
A02
100
AcDbEntity
  8
Sketch006
100
AcDbLine
 10
144.535000000
 20
161.700000000
 30
0.000000000
 11
144.535000000
 21
159.608660423
 31
0.000000000
  0
ARC
  5
121F
330
A02
100
AcDbEntity
  8
Sketch006
100
AcDbCircle
 10
144.434833333
 20
159.435166667
 30
0.000000000
 40
0.200333333
100
AcDbArc
 50
-90.000000000
 51
60.000000000
  0
ARC
  5
1220
330
A02
100
AcDbEntity
  8
Sketch006
100
AcDbCircle
 10
144.434833333
 20
159.435166667
 30
0.000000000
 40
0.200333333
100
AcDbArc
 50
-150.000000000
 51
-90.000000000
  0
LINE
  5
1221
330
A02
100
AcDbEntity
  8
Sketch006
100
AcDbLine
 10
134.858660423
 20
159.335000000
 30
0.000000000
 11
144.261339577
 21
159.335000000
 31
0.000000000
  0
ARC
  5
1222
330
A02
100
AcDbEntity
  8
Sketch006
100
AcDbCircle
 10
134.685166667
 20
159.435166667
 30
0.000000000
 40
0.200333333
100
AcDbArc
 50
-90.000000000
 51
-30.000000000
  0
ARC
  5
1223
330
A02
100
AcDbEntity
  8
Sketch006
100
AcDbCircle
 10
134.685166667
 20
159.435166667
 30
0.000000000
 40
0.200333333
100
AcDbArc
 50
120.000000000
 51
-90.000000000
  0
LINE
  5
1224
330
A02
100
AcDbEntity
  8
Sketch006
100
AcDbLine
 10
134.585000000
 20
161.700000000
 30
0.000000000
 11
134.585000000
 21
159.608660423
 31
0.000000000
  0
LINE
  5
1225
330
A02
100
AcDbEntity
  8
Sketch006
100
AcDbLine
 10
134.085000000
 20
162.200000000
 30
0.000000000
 11
134.585000000
 21
161.700000000
 31
0.000000000
  0
LINE
  5
1226
330
A02
100
AcDbEntity
  8
Sketch006
100
AcDbLine
 10
134.085000000
 20
162.200000000
 30
0.000000000
 11
125.416762614
 21
162.200000000
 31
0.000000000
  0
ARC
  5
1227
330
A02
100
AcDbEntity
  8
Sketch006
100
AcDbCircle
 10
125.416762614
 20
162.600000000
 30
0.000000000
 40
0.400000000
100
AcDbArc
 50
-105.000000000
 51
-90.000000000
  0
LINE
  5
1228
330
A02
100
AcDbEntity
  8
Sketch006
100
AcDbLine
 10
125.313234996
 20
162.213629669
 30
0.000000000
 11
117.900000000
 21
164.200000000
 31
0.000000000
  0
LINE
  5
1229
330
A02
100
AcDbEntity
  8
Sketch006
100
AcDbLine
 10
117.900000000
 20
164.200000000
 30
0.000000000
 11
117.900000000
 21
162.200000000
 31
0.000000000
  0
LINE
  5
122A
330
A02
100
AcDbEntity
  8
Sketch006
100
AcDbLine
 10
117.900000000
 20
162.200000000
 30
0.000000000
 11
115.100000000
 21
162.200000000
 31
0.000000000
  0
LINE
  5
122B
330
A02
100
AcDbEntity
  8
Sketch006
100
AcDbLine
 10
115.100000000
 20
162.200000000
 30
0.000000000
 11
115.100000000
 21
163.200000000
 31
0.000000000
  0
LINE
  5
122C
330
A02
100
AcDbEntity
  8
Sketch006
100
AcDbLine
 10
113.321114562
 20
162.310557281
 30
0.000000000
 11
115.100000000
 21
163.200000000
 31
0.000000000
  0
ARC
  5
122D
330
A02
100
AcDbEntity
  8
Sketch006
100
AcDbCircle
 10
113.500000000
 20
161.952786405
 30
0.000000000
 40
0.400000000
100
AcDbArc
 50
116.565051177
 51
180.000000000
  0
LINE
  5
122E
330
A02
100
AcDbEntity
  8
Sketch006
100
AcDbLine
 10
113.100000000
 20
161.952786405
 30
0.000000000
 11
113.100000000
 21
159.800000000
 31
0.000000000
  0
ARC
  5
122F
330
A02
100
AcDbEntity
  8
Sketch006
100
AcDbCircle
 10
113.500000000
 20
159.800000000
 30
0.000000000
 40
0.400000000
100
AcDbArc
 50
180.000000000
 51
-90.000000000
  0
LINE
  5
1230
330
A02
100
AcDbEntity
  8
Sketch006
100
AcDbLine
 10
113.500000000
 20
159.400000000
 30
0.000000000
 11
127.100000000
 21
159.400000000
 31
0.000000000
  0
ARC
  5
1231
330
A02
100
AcDbEntity
  8
Sketch006
100
AcDbCircle
 10
127.100000000
 20
159.000000000
 30
0.000000000
 40
0.400000000
100
AcDbArc
 50
-90.000000000
 51
90.000000000
  0
LINE
  5
1232
330
A02
100
AcDbEntity
  8
Sketch006
100
AcDbLine
 10
127.100000000
 20
158.600000000
 30
0.000000000
 11
113.500000000
 21
158.600000000
 31
0.000000000
  0
ARC
  5
1233
330
A02
100
AcDbEntity
  8
Sketch006
100
AcDbCircle
 10
113.500000000
 20
158.200000000
 30
0.000000000
 40
0.400000000
100
AcDbArc
 50
90.000000000
 51
180.000000000
  0
LINE
  5
1234
330
A02
100
AcDbEntity
  8
Sketch006
100
AcDbLine
 10
113.100000000
 20
158.200000000
 30
0.000000000
 11
113.100000000
 21
147.375000000
 31
0.000000000
  0
LINE
  5
1235
330
A02
100
AcDbEntity
  8
Sketch006
100
AcDbLine
 10
113.600000000
 20
146.875000000
 30
0.000000000
 11
113.100000000
 21
147.375000000
 31
0.000000000
  0
LINE
  5
1236
330
A02
100
AcDbEntity
  8
Sketch006
100
AcDbLine
 10
115.691339577
 20
146.875000000
 30
0.000000000
 11
113.600000000
 21
146.875000000
 31
0.000000000
  0
ARC
  5
1237
330
A02
100
AcDbEntity
  8
Sketch006
100
AcDbCircle
 10
115.864833333
 20
146.774833333
 30
0.000000000
 40
0.200333333
100
AcDbArc
 50
-60.000000000
 51
150.000000000
  0
LINE
  5
1238
330
A02
100
AcDbEntity
  8
Sketch006
100
AcDbLine
 10
115.965000000
 20
146.601339577
 30
0.000000000
 11
115.965000000
 21
137.198660423
 31
0.000000000
  0
ARC
  5
1239
330
A02
100
AcDbEntity
  8
Sketch006
100
AcDbCircle
 10
115.864833333
 20
137.025166667
 30
0.000000000
 40
0.200333333
100
AcDbArc
 50
-150.000000000
 51
60.000000000
  0
LINE
  5
123A
330
A02
100
AcDbEntity
  8
Sketch006
100
AcDbLine
 10
115.691339577
 20
136.925000000
 30
0.000000000
 11
113.600000000
 21
136.925000000
 31
0.000000000
  0
LINE
  5
123B
330
A02
100
AcDbEntity
  8
Sketch006
100
AcDbLine
 10
113.100000000
 20
136.425000000
 30
0.000000000
 11
113.600000000
 21
136.925000000
 31
0.000000000
  0
LINE
  5
123C
330
A02
100
AcDbEntity
  8
Sketch006
100
AcDbLine
 10
113.100000000
 20
136.425000000
 30
0.000000000
 11
113.100000000
 21
125.600000000
 31
0.000000000
  0
ARC
  5
123D
330
A02
100
AcDbEntity
  8
Sketch006
100
AcDbCircle
 10
113.500000000
 20
125.600000000
 30
0.000000000
 40
0.400000000
100
AcDbArc
 50
180.000000000
 51
-90.000000000
  0
LINE
  5
123E
330
A02
100
AcDbEntity
  8
Sketch006
100
AcDbLine
 10
113.500000000
 20
125.200000000
 30
0.000000000
 11
127.100000000
 21
125.200000000
 31
0.000000000
  0
ARC
  5
123F
330
A02
100
AcDbEntity
  8
Sketch006
100
AcDbCircle
 10
127.100000000
 20
124.800000000
 30
0.000000000
 40
0.400000000
100
AcDbArc
 50
-90.000000000
 51
90.000000000
  0
LINE
  5
1240
330
A02
100
AcDbEntity
  8
Sketch006
100
AcDbLine
 10
127.100000000
 20
124.400000000
 30
0.000000000
 11
113.500000000
 21
124.400000000
 31
0.000000000
  0
ARC
  5
1241
330
A02
100
AcDbEntity
  8
Sketch006
100
AcDbCircle
 10
113.500000000
 20
124.000000000
 30
0.000000000
 40
0.400000000
100
AcDbArc
 50
90.000000000
 51
180.000000000
  0
LINE
  5
1242
330
A02
100
AcDbEntity
  8
Sketch006
100
AcDbLine
 10
113.100000000
 20
124.000000000
 30
0.000000000
 11
113.100000000
 21
121.847213595
 31
0.000000000
  0
ARC
  5
1243
330
A02
100
AcDbEntity
  8
Sketch006
100
AcDbCircle
 10
113.500000000
 20
121.847213595
 30
0.000000000
 40
0.400000000
100
AcDbArc
 50
180.000000000
 51
-116.565051177
  0
LINE
  5
1244
330
A02
100
AcDbEntity
  8
Sketch006
100
AcDbLine
 10
113.321114562
 20
121.489442719
 30
0.000000000
 11
115.100000000
 21
120.600000000
 31
0.000000000
  0
LINE
  5
1245
330
A02
100
AcDbEntity
  8
Sketch006
100
AcDbLine
 10
115.100000000
 20
120.600000000
 30
0.000000000
 11
115.100000000
 21
121.600000000
 31
0.000000000
  0
LINE
  5
1246
330
A02
100
AcDbEntity
  8
Sketch006
100
AcDbLine
 10
115.100000000
 20
121.600000000
 30
0.000000000
 11
117.900000000
 21
121.600000000
 31
0.000000000
  0
LINE
  5
1247
330
A02
100
AcDbEntity
  8
Sketch006
100
AcDbLine
 10
117.900000000
 20
121.600000000
 30
0.000000000
 11
117.900000000
 21
119.600000000
 31
0.000000000
  0
LINE
  5
1248
330
A02
100
AcDbEntity
  8
Sketch006
100
AcDbLine
 10
117.900000000
 20
119.600000000
 30
0.000000000
 11
125.313234996
 21
121.586370331
 31
0.000000000
  0
ARC
  5
1249
330
A02
100
AcDbEntity
  8
Sketch006
100
AcDbCircle
 10
125.416762614
 20
121.200000000
 30
0.000000000
 40
0.400000000
100
AcDbArc
 50
90.000000000
 51
105.000000000
  0
LINE
  5
124A
330
A02
100
AcDbEntity
  8
Sketch006
100
AcDbLine
 10
125.416762614
 20
121.600000000
 30
0.000000000
 11
134.085000000
 21
121.600000000
 31
0.000000000
  0
LINE
  5
124B
330
A02
100
AcDbEntity
  8
Sketch006
100
AcDbLine
 10
134.585000000
 20
122.100000000
 30
0.000000000
 11
134.085000000
 21
121.600000000
 31
0.000000000
  0
LINE
  5
124C
330
A02
100
AcDbEntity
  8
Sketch006
100
AcDbLine
 10
134.585000000
 20
122.100000000
 30
0.000000000
 11
134.585000000
 21
124.191339577
 31
0.000000000
  0
ARC
  5
124D
330
A02
100
AcDbEntity
  8
Sketch006
100
AcDbCircle
 10
134.685166667
 20
124.364833333
 30
0.000000000
 40
0.200333333
100
AcDbArc
 50
90.000000000
 51
-120.000000000
  0
ARC
  5
124E
330
A02
100
AcDbEntity
  8
Sketch006
100
AcDbCircle
 10
134.685166667
 20
124.364833333
 30
0.000000000
 40
0.200333333
100
AcDbArc
 50
30.000000000
 51
90.000000000
  0
LINE
  5
124F
330
A02
100
AcDbEntity
  8
Sketch006
100
AcDbLine
 10
144.261339577
 20
124.465000000
 30
0.000000000
 11
134.858660423
 21
124.465000000
 31
0.000000000
  0
ARC
  5
1250
330
A02
100
AcDbEntity
  8
Sketch006
100
AcDbCircle
 10
144.434833333
 20
124.364833333
 30
0.000000000
 40
0.200333333
100
AcDbArc
 50
90.000000000
 51
150.000000000
  0
ARC
  5
1251
330
A02
100
AcDbEntity
  8
Sketch006
100
AcDbCircle
 10
144.434833333
 20
124.364833333
 30
0.000000000
 40
0.200333333
100
AcDbArc
 50
-60.000000000
 51
90.000000000
  0
LINE
  5
1252
330
A02
100
AcDbEntity
  8
Sketch006
100
AcDbLine
 10
144.535000000
 20
122.100000000
 30
0.000000000
 11
144.535000000
 21
124.191339577
 31
0.000000000
  0
LINE
  5
1253
330
A02
100
AcDbEntity
  8
Sketch006
100
AcDbLine
 10
145.035000000
 20
121.600000000
 30
0.000000000
 11
144.535000000
 21
122.100000000
 31
0.000000000
  0
LINE
  5
1254
330
A02
100
AcDbEntity
  8
Sketch006
100
AcDbLine
 10
145.035000000
 20
121.600000000
 30
0.000000000
 11
150.400000000
 21
121.600000000
 31
0.000000000
  0
CIRCLE
  5
1255
330
A02
100
AcDbEntity
  8
Sketch006
100
AcDbCircle
 10
163.700000000
 20
134.900000000
 30
0.000000000
 40
8.500000000
  0
LINE
  5
1256
330
A02
100
AcDbEntity
  8
Sketch006
100
AcDbLine
 10
148.050000000
 20
129.300000000
 30
0.000000000
 11
153.750000000
 21
129.300000000
 31
0.000000000
  0
ARC
  5
1257
330
A02
100
AcDbEntity
  8
Sketch006
100
AcDbCircle
 10
153.750000000
 20
126.800000000
 30
0.000000000
 40
2.500000000
100
AcDbArc
 50
-90.000000000
 51
90.000000000
  0
LINE
  5
1258
330
A02
100
AcDbEntity
  8
Sketch006
100
AcDbLine
 10
148.050000000
 20
124.300000000
 30
0.000000000
 11
153.750000000
 21
124.300000000
 31
0.000000000
  0
ARC
  5
1259
330
A02
100
AcDbEntity
  8
Sketch006
100
AcDbCircle
 10
148.050000000
 20
126.800000000
 30
0.000000000
 40
2.500000000
100
AcDbArc
 50
90.000000000
 51
-90.000000000
  0
LINE
  5
125A
330
A02
100
AcDbEntity
  8
Sketch006
100
AcDbLine
 10
162.900000000
 20
154.510000000
 30
0.000000000
 11
174.900000000
 21
154.510000000
 31
0.000000000
  0
ARC
  5
125B
330
A02
100
AcDbEntity
  8
Sketch006
100
AcDbCircle
 10
174.900000000
 20
153.755000000
 30
0.000000000
 40
0.755000000
100
AcDbArc
 50
-90.000000000
 51
90.000000000
  0
LINE
  5
125C
330
A02
100
AcDbEntity
  8
Sketch006
100
AcDbLine
 10
162.900000000
 20
153.000000000
 30
0.000000000
 11
174.900000000
 21
153.000000000
 31
0.000000000
  0
ARC
  5
125D
330
A02
100
AcDbEntity
  8
Sketch006
100
AcDbCircle
 10
162.900000000
 20
153.755000000
 30
0.000000000
 40
0.755000000
100
AcDbArc
 50
90.000000000
 51
-90.000000000
  0
CIRCLE
  5
125E
330
A02
100
AcDbEntity
  8
Sketch006
100
AcDbCircle
 10
138.100000000
 20
134.900000000
 30
0.000000000
 40
8.500000000
  0
LINE
  5
125F
330
A02
100
AcDbEntity
  8
Sketch006
100
AcDbLine
 10
126.900000000
 20
154.510000000
 30
0.000000000
 11
138.900000000
 21
154.510000000
 31
0.000000000
  0
ARC
  5
1260
330
A02
100
AcDbEntity
  8
Sketch006
100
AcDbCircle
 10
138.900000000
 20
153.755000000
 30
0.000000000
 40
0.755000000
100
AcDbArc
 50
-90.000000000
 51
90.000000000
  0
LINE
  5
1261
330
A02
100
AcDbEntity
  8
Sketch006
100
AcDbLine
 10
126.900000000
 20
153.000000000
 30
0.000000000
 11
138.900000000
 21
153.000000000
 31
0.000000000
  0
ARC
  5
1262
330
A02
100
AcDbEntity
  8
Sketch006
100
AcDbCircle
 10
126.900000000
 20
153.755000000
 30
0.000000000
 40
0.755000000
100
AcDbArc
 50
90.000000000
 51
-90.000000000
  0
LINE
  5
1263
330
A02
100
AcDbEntity
  8
Sketch007
100
AcDbLine
 10
13.200000000
 20
296.700000000
 30
0.000000000
 11
13.200000000
 21
283.925000000
 31
0.000000000
  0
LINE
  5
1264
330
A02
100
AcDbEntity
  8
Sketch007
100
AcDbLine
 10
13.200000000
 20
283.925000000
 30
0.000000000
 11
13.700000000
 21
283.425000000
 31
0.000000000
  0
LINE
  5
1265
330
A02
100
AcDbEntity
  8
Sketch007
100
AcDbLine
 10
13.700000000
 20
283.425000000
 30
0.000000000
 11
15.791339577
 21
283.425000000
 31
0.000000000
  0
ARC
  5
1266
330
A02
100
AcDbEntity
  8
Sketch007
100
AcDbCircle
 10
15.964833333
 20
283.324833333
 30
0.000000000
 40
0.200333333
100
AcDbArc
 50
0.000000000
 51
150.000000000
  0
ARC
  5
1267
330
A02
100
AcDbEntity
  8
Sketch007
100
AcDbCircle
 10
15.964833333
 20
283.324833333
 30
0.000000000
 40
0.200333333
100
AcDbArc
 50
-60.000000000
 51
0.000000000
  0
LINE
  5
1268
330
A02
100
AcDbEntity
  8
Sketch007
100
AcDbLine
 10
16.065000000
 20
283.151339577
 30
0.000000000
 11
16.065000000
 21
273.748660423
 31
0.000000000
  0
ARC
  5
1269
330
A02
100
AcDbEntity
  8
Sketch007
100
AcDbCircle
 10
15.964833333
 20
273.575166667
 30
0.000000000
 40
0.200333333
100
AcDbArc
 50
0.000000000
 51
60.000000000
  0
ARC
  5
126A
330
A02
100
AcDbEntity
  8
Sketch007
100
AcDbCircle
 10
15.964833333
 20
273.575166667
 30
0.000000000
 40
0.200333333
100
AcDbArc
 50
-150.000000000
 51
0.000000000
  0
LINE
  5
126B
330
A02
100
AcDbEntity
  8
Sketch007
100
AcDbLine
 10
13.700000000
 20
273.475000000
 30
0.000000000
 11
15.791339577
 21
273.475000000
 31
0.000000000
  0
LINE
  5
126C
330
A02
100
AcDbEntity
  8
Sketch007
100
AcDbLine
 10
13.200000000
 20
272.975000000
 30
0.000000000
 11
13.700000000
 21
273.475000000
 31
0.000000000
  0
LINE
  5
126D
330
A02
100
AcDbEntity
  8
Sketch007
100
AcDbLine
 10
13.200000000
 20
272.975000000
 30
0.000000000
 11
13.200000000
 21
260.200000000
 31
0.000000000
  0
LINE
  5
126E
330
A02
100
AcDbEntity
  8
Sketch007
100
AcDbLine
 10
13.700000000
 20
259.700000000
 30
0.000000000
 11
13.200000000
 21
260.200000000
 31
0.000000000
  0
LINE
  5
126F
330
A02
100
AcDbEntity
  8
Sketch007
100
AcDbLine
 10
13.700000000
 20
259.700000000
 30
0.000000000
 11
88.300000000
 21
259.700000000
 31
0.000000000
  0
LINE
  5
1270
330
A02
100
AcDbEntity
  8
Sketch007
100
AcDbLine
 10
88.300000000
 20
259.700000000
 30
0.000000000
 11
88.800000000
 21
260.200000000
 31
0.000000000
  0
LINE
  5
1271
330
A02
100
AcDbEntity
  8
Sketch007
100
AcDbLine
 10
88.800000000
 20
260.200000000
 30
0.000000000
 11
88.800000000
 21
272.975000000
 31
0.000000000
  0
LINE
  5
1272
330
A02
100
AcDbEntity
  8
Sketch007
100
AcDbLine
 10
88.800000000
 20
272.975000000
 30
0.000000000
 11
88.300000000
 21
273.475000000
 31
0.000000000
  0
LINE
  5
1273
330
A02
100
AcDbEntity
  8
Sketch007
100
AcDbLine
 10
86.208660423
 20
273.475000000
 30
0.000000000
 11
88.300000000
 21
273.475000000
 31
0.000000000
  0
ARC
  5
1274
330
A02
100
AcDbEntity
  8
Sketch007
100
AcDbCircle
 10
86.035166667
 20
273.575166667
 30
0.000000000
 40
0.200333333
100
AcDbArc
 50
120.000000000
 51
-30.000000000
  0
LINE
  5
1275
330
A02
100
AcDbEntity
  8
Sketch007
100
AcDbLine
 10
85.935000000
 20
283.151339577
 30
0.000000000
 11
85.935000000
 21
273.748660423
 31
0.000000000
  0
ARC
  5
1276
330
A02
100
AcDbEntity
  8
Sketch007
100
AcDbCircle
 10
86.035166667
 20
283.324833333
 30
0.000000000
 40
0.200333333
100
AcDbArc
 50
30.000000000
 51
-120.000000000
  0
LINE
  5
1277
330
A02
100
AcDbEntity
  8
Sketch007
100
AcDbLine
 10
86.208660423
 20
283.425000000
 30
0.000000000
 11
88.300000000
 21
283.425000000
 31
0.000000000
  0
LINE
  5
1278
330
A02
100
AcDbEntity
  8
Sketch007
100
AcDbLine
 10
88.300000000
 20
283.425000000
 30
0.000000000
 11
88.800000000
 21
283.925000000
 31
0.000000000
  0
LINE
  5
1279
330
A02
100
AcDbEntity
  8
Sketch007
100
AcDbLine
 10
88.800000000
 20
283.925000000
 30
0.000000000
 11
88.800000000
 21
296.700000000
 31
0.000000000
  0
LINE
  5
127A
330
A02
100
AcDbEntity
  8
Sketch007
100
AcDbLine
 10
88.800000000
 20
297.700000000
 30
0.000000000
 11
88.800000000
 21
310.475000000
 31
0.000000000
  0
LINE
  5
127B
330
A02
100
AcDbEntity
  8
Sketch007
100
AcDbLine
 10
88.800000000
 20
310.475000000
 30
0.000000000
 11
88.300000000
 21
310.975000000
 31
0.000000000
  0
LINE
  5
127C
330
A02
100
AcDbEntity
  8
Sketch007
100
AcDbLine
 10
86.208660423
 20
310.975000000
 30
0.000000000
 11
88.300000000
 21
310.975000000
 31
0.000000000
  0
ARC
  5
127D
330
A02
100
AcDbEntity
  8
Sketch007
100
AcDbCircle
 10
86.035166667
 20
311.075166667
 30
0.000000000
 40
0.200333333
100
AcDbArc
 50
120.000000000
 51
-30.000000000
  0
LINE
  5
127E
330
A02
100
AcDbEntity
  8
Sketch007
100
AcDbLine
 10
85.935000000
 20
320.651339577
 30
0.000000000
 11
85.935000000
 21
311.248660423
 31
0.000000000
  0
ARC
  5
127F
330
A02
100
AcDbEntity
  8
Sketch007
100
AcDbCircle
 10
86.035166667
 20
320.824833333
 30
0.000000000
 40
0.200333333
100
AcDbArc
 50
30.000000000
 51
-120.000000000
  0
LINE
  5
1280
330
A02
100
AcDbEntity
  8
Sketch007
100
AcDbLine
 10
86.208660423
 20
320.925000000
 30
0.000000000
 11
88.300000000
 21
320.925000000
 31
0.000000000
  0
LINE
  5
1281
330
A02
100
AcDbEntity
  8
Sketch007
100
AcDbLine
 10
88.300000000
 20
320.925000000
 30
0.000000000
 11
88.800000000
 21
321.425000000
 31
0.000000000
  0
LINE
  5
1282
330
A02
100
AcDbEntity
  8
Sketch007
100
AcDbLine
 10
88.800000000
 20
321.425000000
 30
0.000000000
 11
88.800000000
 21
334.200000000
 31
0.000000000
  0
LINE
  5
1283
330
A02
100
AcDbEntity
  8
Sketch007
100
AcDbLine
 10
88.800000000
 20
334.200000000
 30
0.000000000
 11
88.300000000
 21
334.700000000
 31
0.000000000
  0
LINE
  5
1284
330
A02
100
AcDbEntity
  8
Sketch007
100
AcDbLine
 10
88.300000000
 20
334.700000000
 30
0.000000000
 11
67.601666667
 21
334.700000000
 31
0.000000000
  0
ARC
  5
1285
330
A02
100
AcDbEntity
  8
Sketch007
100
AcDbCircle
 10
67.415000000
 20
334.700000000
 30
0.000000000
 40
0.186666667
100
AcDbArc
 50
180.000000000
 51
0.000000000
  0
ARC
  5
1286
330
A02
100
AcDbEntity
  8
Sketch007
100
AcDbCircle
 10
67.415000000
 20
334.700000000
 30
0.000000000
 40
0.186666667
100
AcDbArc
 50
90.000000000
 51
180.000000000
  0
LINE
  5
1287
330
A02
100
AcDbEntity
  8
Sketch007
100
AcDbLine
 10
67.415000000
 20
334.886666667
 30
0.000000000
 11
67.415000000
 21
337.000000000
 31
0.000000000
  0
LINE
  5
1288
330
A02
100
AcDbEntity
  8
Sketch007
100
AcDbLine
 10
67.415000000
 20
337.000000000
 30
0.000000000
 11
66.915000000
 21
337.500000000
 31
0.000000000
  0
LINE
  5
1289
330
A02
100
AcDbEntity
  8
Sketch007
100
AcDbLine
 10
57.765000000
 20
337.500000000
 30
0.000000000
 11
66.915000000
 21
337.500000000
 31
0.000000000
  0
LINE
  5
128A
330
A02
100
AcDbEntity
  8
Sketch007
100
AcDbLine
 10
57.765000000
 20
337.500000000
 30
0.000000000
 11
57.265000000
 21
337.000000000
 31
0.000000000
  0
LINE
  5
128B
330
A02
100
AcDbEntity
  8
Sketch007
100
AcDbLine
 10
57.265000000
 20
334.886666667
 30
0.000000000
 11
57.265000000
 21
337.000000000
 31
0.000000000
  0
ARC
  5
128C
330
A02
100
AcDbEntity
  8
Sketch007
100
AcDbCircle
 10
57.265000000
 20
334.700000000
 30
0.000000000
 40
0.186666667
100
AcDbArc
 50
0.000000000
 51
90.000000000
  0
ARC
  5
128D
330
A02
100
AcDbEntity
  8
Sketch007
100
AcDbCircle
 10
57.265000000
 20
334.700000000
 30
0.000000000
 40
0.186666667
100
AcDbArc
 50
180.000000000
 51
0.000000000
  0
LINE
  5
128E
330
A02
100
AcDbEntity
  8
Sketch007
100
AcDbLine
 10
57.078333333
 20
334.700000000
 30
0.000000000
 11
44.921666667
 21
334.700000000
 31
0.000000000
  0
ARC
  5
128F
330
A02
100
AcDbEntity
  8
Sketch007
100
AcDbCircle
 10
44.735000000
 20
334.700000000
 30
0.000000000
 40
0.186666667
100
AcDbArc
 50
180.000000000
 51
0.000000000
  0
ARC
  5
1290
330
A02
100
AcDbEntity
  8
Sketch007
100
AcDbCircle
 10
44.735000000
 20
334.700000000
 30
0.000000000
 40
0.186666667
100
AcDbArc
 50
90.000000000
 51
180.000000000
  0
LINE
  5
1291
330
A02
100
AcDbEntity
  8
Sketch007
100
AcDbLine
 10
44.735000000
 20
334.886666667
 30
0.000000000
 11
44.735000000
 21
337.000000000
 31
0.000000000
  0
LINE
  5
1292
330
A02
100
AcDbEntity
  8
Sketch007
100
AcDbLine
 10
44.735000000
 20
337.000000000
 30
0.000000000
 11
44.235000000
 21
337.500000000
 31
0.000000000
  0
LINE
  5
1293
330
A02
100
AcDbEntity
  8
Sketch007
100
AcDbLine
 10
35.085000000
 20
337.500000000
 30
0.000000000
 11
44.235000000
 21
337.500000000
 31
0.000000000
  0
LINE
  5
1294
330
A02
100
AcDbEntity
  8
Sketch007
100
AcDbLine
 10
35.085000000
 20
337.500000000
 30
0.000000000
 11
34.585000000
 21
337.000000000
 31
0.000000000
  0
LINE
  5
1295
330
A02
100
AcDbEntity
  8
Sketch007
100
AcDbLine
 10
34.585000000
 20
334.886666667
 30
0.000000000
 11
34.585000000
 21
337.000000000
 31
0.000000000
  0
ARC
  5
1296
330
A02
100
AcDbEntity
  8
Sketch007
100
AcDbCircle
 10
34.585000000
 20
334.700000000
 30
0.000000000
 40
0.186666667
100
AcDbArc
 50
0.000000000
 51
90.000000000
  0
ARC
  5
1297
330
A02
100
AcDbEntity
  8
Sketch007
100
AcDbCircle
 10
34.585000000
 20
334.700000000
 30
0.000000000
 40
0.186666667
100
AcDbArc
 50
180.000000000
 51
0.000000000
  0
LINE
  5
1298
330
A02
100
AcDbEntity
  8
Sketch007
100
AcDbLine
 10
34.398333333
 20
334.700000000
 30
0.000000000
 11
13.700000000
 21
334.700000000
 31
0.000000000
  0
LINE
  5
1299
330
A02
100
AcDbEntity
  8
Sketch007
100
AcDbLine
 10
13.700000000
 20
334.700000000
 30
0.000000000
 11
13.200000000
 21
334.200000000
 31
0.000000000
  0
LINE
  5
129A
330
A02
100
AcDbEntity
  8
Sketch007
100
AcDbLine
 10
13.200000000
 20
334.200000000
 30
0.000000000
 11
13.200000000
 21
321.425000000
 31
0.000000000
  0
LINE
  5
129B
330
A02
100
AcDbEntity
  8
Sketch007
100
AcDbLine
 10
13.200000000
 20
321.425000000
 30
0.000000000
 11
13.700000000
 21
320.925000000
 31
0.000000000
  0
LINE
  5
129C
330
A02
100
AcDbEntity
  8
Sketch007
100
AcDbLine
 10
13.700000000
 20
320.925000000
 30
0.000000000
 11
15.791339577
 21
320.925000000
 31
0.000000000
  0
ARC
  5
129D
330
A02
100
AcDbEntity
  8
Sketch007
100
AcDbCircle
 10
15.964833333
 20
320.824833333
 30
0.000000000
 40
0.200333333
100
AcDbArc
 50
0.000000000
 51
150.000000000
  0
ARC
  5
129E
330
A02
100
AcDbEntity
  8
Sketch007
100
AcDbCircle
 10
15.964833333
 20
320.824833333
 30
0.000000000
 40
0.200333333
100
AcDbArc
 50
-60.000000000
 51
0.000000000
  0
LINE
  5
129F
330
A02
100
AcDbEntity
  8
Sketch007
100
AcDbLine
 10
16.065000000
 20
320.651339577
 30
0.000000000
 11
16.065000000
 21
311.248660423
 31
0.000000000
  0
ARC
  5
12A0
330
A02
100
AcDbEntity
  8
Sketch007
100
AcDbCircle
 10
15.964833333
 20
311.075166667
 30
0.000000000
 40
0.200333333
100
AcDbArc
 50
0.000000000
 51
60.000000000
  0
ARC
  5
12A1
330
A02
100
AcDbEntity
  8
Sketch007
100
AcDbCircle
 10
15.964833333
 20
311.075166667
 30
0.000000000
 40
0.200333333
100
AcDbArc
 50
-150.000000000
 51
0.000000000
  0
LINE
  5
12A2
330
A02
100
AcDbEntity
  8
Sketch007
100
AcDbLine
 10
13.700000000
 20
310.975000000
 30
0.000000000
 11
15.791339577
 21
310.975000000
 31
0.000000000
  0
LINE
  5
12A3
330
A02
100
AcDbEntity
  8
Sketch007
100
AcDbLine
 10
13.700000000
 20
310.975000000
 30
0.000000000
 11
13.200000000
 21
310.475000000
 31
0.000000000
  0
LINE
  5
12A4
330
A02
100
AcDbEntity
  8
Sketch007
100
AcDbLine
 10
13.200000000
 20
310.475000000
 30
0.000000000
 11
13.200000000
 21
297.700000000
 31
0.000000000
  0
LINE
  5
12A5
330
A02
100
AcDbEntity
  8
Sketch007
100
AcDbLine
 10
52.400000000
 20
307.701480577
 30
0.000000000
 11
52.400000000
 21
297.701480577
 31
0.000000000
  0
LINE
  5
12A6
330
A02
100
AcDbEntity
  8
Sketch007
100
AcDbLine
 10
52.400000000
 20
297.701480577
 30
0.000000000
 11
49.600000000
 21
297.701480577
 31
0.000000000
  0
LINE
  5
12A7
330
A02
100
AcDbEntity
  8
Sketch007
100
AcDbLine
 10
49.600000000
 20
297.701480577
 30
0.000000000
 11
49.600000000
 21
307.701480577
 31
0.000000000
  0
LINE
  5
12A8
330
A02
100
AcDbEntity
  8
Sketch007
100
AcDbLine
 10
49.600000000
 20
307.701480577
 30
0.000000000
 11
52.400000000
 21
307.701480577
 31
0.000000000
  0
LINE
  5
12A9
330
A02
100
AcDbEntity
  8
Sketch008
100
AcDbLine
 10
55.575000000
 20
117.900000000
 30
0.000000000
 11
51.500000000
 21
117.900000000
 31
0.000000000
  0
LINE
  5
12AA
330
A02
100
AcDbEntity
  8
Sketch008
100
AcDbLine
 10
56.075000000
 20
118.400000000
 30
0.000000000
 11
55.575000000
 21
117.900000000
 31
0.000000000
  0
LINE
  5
12AB
330
A02
100
AcDbEntity
  8
Sketch008
100
AcDbLine
 10
56.075000000
 20
120.513333333
 30
0.000000000
 11
56.075000000
 21
118.400000000
 31
0.000000000
  0
ARC
  5
12AC
330
A02
100
AcDbEntity
  8
Sketch008
100
AcDbCircle
 10
56.075000000
 20
120.700000000
 30
0.000000000
 40
0.186666667
100
AcDbArc
 50
180.000000000
 51
-90.000000000
  0
ARC
  5
12AD
330
A02
100
AcDbEntity
  8
Sketch008
100
AcDbCircle
 10
56.075000000
 20
120.700000000
 30
0.000000000
 40
0.186666667
100
AcDbArc
 50
0.000000000
 51
180.000000000
  0
LINE
  5
12AE
330
A02
100
AcDbEntity
  8
Sketch008
100
AcDbLine
 10
56.261666667
 20
120.700000000
 30
0.000000000
 11
88.300000000
 21
120.700000000
 31
0.000000000
  0
LINE
  5
12AF
330
A02
100
AcDbEntity
  8
Sketch008
100
AcDbLine
 10
88.800000000
 20
121.200000000
 30
0.000000000
 11
88.300000000
 21
120.700000000
 31
0.000000000
  0
LINE
  5
12B0
330
A02
100
AcDbEntity
  8
Sketch008
100
AcDbLine
 10
88.800000000
 20
135.225000000
 30
0.000000000
 11
88.800000000
 21
121.200000000
 31
0.000000000
  0
LINE
  5
12B1
330
A02
100
AcDbEntity
  8
Sketch008
100
AcDbLine
 10
88.300000000
 20
135.725000000
 30
0.000000000
 11
88.800000000
 21
135.225000000
 31
0.000000000
  0
LINE
  5
12B2
330
A02
100
AcDbEntity
  8
Sketch008
100
AcDbLine
 10
88.300000000
 20
135.725000000
 30
0.000000000
 11
86.208660423
 21
135.725000000
 31
0.000000000
  0
ARC
  5
12B3
330
A02
100
AcDbEntity
  8
Sketch008
100
AcDbCircle
 10
86.035166667
 20
135.825166667
 30
0.000000000
 40
0.200333333
100
AcDbArc
 50
180.000000000
 51
-30.000000000
  0
ARC
  5
12B4
330
A02
100
AcDbEntity
  8
Sketch008
100
AcDbCircle
 10
86.035166667
 20
135.825166667
 30
0.000000000
 40
0.200333333
100
AcDbArc
 50
120.000000000
 51
180.000000000
  0
LINE
  5
12B5
330
A02
100
AcDbEntity
  8
Sketch008
100
AcDbLine
 10
85.935000000
 20
135.998660423
 30
0.000000000
 11
85.935000000
 21
145.401339577
 31
0.000000000
  0
ARC
  5
12B6
330
A02
100
AcDbEntity
  8
Sketch008
100
AcDbCircle
 10
86.035166667
 20
145.574833333
 30
0.000000000
 40
0.200333333
100
AcDbArc
 50
180.000000000
 51
-120.000000000
  0
ARC
  5
12B7
330
A02
100
AcDbEntity
  8
Sketch008
100
AcDbCircle
 10
86.035166667
 20
145.574833333
 30
0.000000000
 40
0.200333333
100
AcDbArc
 50
30.000000000
 51
180.000000000
  0
LINE
  5
12B8
330
A02
100
AcDbEntity
  8
Sketch008
100
AcDbLine
 10
88.300000000
 20
145.675000000
 30
0.000000000
 11
86.208660423
 21
145.675000000
 31
0.000000000
  0
LINE
  5
12B9
330
A02
100
AcDbEntity
  8
Sketch008
100
AcDbLine
 10
88.800000000
 20
146.175000000
 30
0.000000000
 11
88.300000000
 21
145.675000000
 31
0.000000000
  0
LINE
  5
12BA
330
A02
100
AcDbEntity
  8
Sketch008
100
AcDbLine
 10
88.800000000
 20
159.500000000
 30
0.000000000
 11
88.800000000
 21
146.175000000
 31
0.000000000
  0
ARC
  5
12BB
330
A02
100
AcDbEntity
  8
Sketch008
100
AcDbCircle
 10
88.400000000
 20
159.500000000
 30
0.000000000
 40
0.400000000
100
AcDbArc
 50
0.000000000
 51
90.000000000
  0
LINE
  5
12BC
330
A02
100
AcDbEntity
  8
Sketch008
100
AcDbLine
 10
74.800000000
 20
159.900000000
 30
0.000000000
 11
88.400000000
 21
159.900000000
 31
0.000000000
  0
ARC
  5
12BD
330
A02
100
AcDbEntity
  8
Sketch008
100
AcDbCircle
 10
74.800000000
 20
160.300000000
 30
0.000000000
 40
0.400000000
100
AcDbArc
 50
90.000000000
 51
-90.000000000
  0
LINE
  5
12BE
330
A02
100
AcDbEntity
  8
Sketch008
100
AcDbLine
 10
88.400000000
 20
160.700000000
 30
0.000000000
 11
74.800000000
 21
160.700000000
 31
0.000000000
  0
ARC
  5
12BF
330
A02
100
AcDbEntity
  8
Sketch008
100
AcDbCircle
 10
88.400000000
 20
161.100000000
 30
0.000000000
 40
0.400000000
100
AcDbArc
 50
-90.000000000
 51
0.000000000
  0
LINE
  5
12C0
330
A02
100
AcDbEntity
  8
Sketch008
100
AcDbLine
 10
88.800000000
 20
161.100000000
 30
0.000000000
 11
88.800000000
 21
163.252786405
 31
0.000000000
  0
ARC
  5
12C1
330
A02
100
AcDbEntity
  8
Sketch008
100
AcDbCircle
 10
88.400000000
 20
163.252786405
 30
0.000000000
 40
0.400000000
100
AcDbArc
 50
0.000000000
 51
63.434948823
  0
LINE
  5
12C2
330
A02
100
AcDbEntity
  8
Sketch008
100
AcDbLine
 10
88.578885438
 20
163.610557281
 30
0.000000000
 11
86.800000000
 21
164.500000000
 31
0.000000000
  0
LINE
  5
12C3
330
A02
100
AcDbEntity
  8
Sketch008
100
AcDbLine
 10
86.800000000
 20
164.500000000
 30
0.000000000
 11
86.800000000
 21
163.500000000
 31
0.000000000
  0
LINE
  5
12C4
330
A02
100
AcDbEntity
  8
Sketch008
100
AcDbLine
 10
86.800000000
 20
163.500000000
 30
0.000000000
 11
84.000000000
 21
163.500000000
 31
0.000000000
  0
LINE
  5
12C5
330
A02
100
AcDbEntity
  8
Sketch008
100
AcDbLine
 10
84.000000000
 20
165.500000000
 30
0.000000000
 11
84.000000000
 21
163.500000000
 31
0.000000000
  0
LINE
  5
12C6
330
A02
100
AcDbEntity
  8
Sketch008
100
AcDbLine
 10
76.586765004
 20
163.513629669
 30
0.000000000
 11
84.000000000
 21
165.500000000
 31
0.000000000
  0
ARC
  5
12C7
330
A02
100
AcDbEntity
  8
Sketch008
100
AcDbCircle
 10
76.483237386
 20
163.900000000
 30
0.000000000
 40
0.400000000
100
AcDbArc
 50
-90.000000000
 51
-75.000000000
  0
LINE
  5
12C8
330
A02
100
AcDbEntity
  8
Sketch008
100
AcDbLine
 10
51.500000000
 20
163.500000000
 30
0.000000000
 11
76.483237386
 21
163.500000000
 31
0.000000000
  0
LINE
  5
12C9
330
A02
100
AcDbEntity
  8
Sketch008
100
AcDbLine
 10
88.800000000
 20
161.100000000
 30
0.000000000
 11
88.800000000
 21
159.500000000
 31
0.000000000
  0
LINE
  5
12CA
330
A02
100
AcDbEntity
  8
Sketch008
100
AcDbLine
 10
13.200000000
 20
161.100000000
 30
0.000000000
 11
13.200000000
 21
159.500000000
 31
0.000000000
  0
LINE
  5
12CB
330
A02
100
AcDbEntity
  8
Sketch008
100
AcDbLine
 10
25.516762614
 20
163.500000000
 30
0.000000000
 11
50.500000000
 21
163.500000000
 31
0.000000000
  0
ARC
  5
12CC
330
A02
100
AcDbEntity
  8
Sketch008
100
AcDbCircle
 10
25.516762614
 20
163.900000000
 30
0.000000000
 40
0.400000000
100
AcDbArc
 50
-105.000000000
 51
-90.000000000
  0
LINE
  5
12CD
330
A02
100
AcDbEntity
  8
Sketch008
100
AcDbLine
 10
18.000000000
 20
165.500000000
 30
0.000000000
 11
25.413234996
 21
163.513629669
 31
0.000000000
  0
LINE
  5
12CE
330
A02
100
AcDbEntity
  8
Sketch008
100
AcDbLine
 10
18.000000000
 20
163.500000000
 30
0.000000000
 11
18.000000000
 21
165.500000000
 31
0.000000000
  0
LINE
  5
12CF
330
A02
100
AcDbEntity
  8
Sketch008
100
AcDbLine
 10
15.200000000
 20
163.500000000
 30
0.000000000
 11
18.000000000
 21
163.500000000
 31
0.000000000
  0
LINE
  5
12D0
330
A02
100
AcDbEntity
  8
Sketch008
100
AcDbLine
 10
15.200000000
 20
164.500000000
 30
0.000000000
 11
15.200000000
 21
163.500000000
 31
0.000000000
  0
LINE
  5
12D1
330
A02
100
AcDbEntity
  8
Sketch008
100
AcDbLine
 10
13.421114562
 20
163.610557281
 30
0.000000000
 11
15.200000000
 21
164.500000000
 31
0.000000000
  0
ARC
  5
12D2
330
A02
100
AcDbEntity
  8
Sketch008
100
AcDbCircle
 10
13.600000000
 20
163.252786405
 30
0.000000000
 40
0.400000000
100
AcDbArc
 50
116.565051177
 51
180.000000000
  0
LINE
  5
12D3
330
A02
100
AcDbEntity
  8
Sketch008
100
AcDbLine
 10
13.200000000
 20
163.252786405
 30
0.000000000
 11
13.200000000
 21
161.100000000
 31
0.000000000
  0
ARC
  5
12D4
330
A02
100
AcDbEntity
  8
Sketch008
100
AcDbCircle
 10
13.600000000
 20
161.100000000
 30
0.000000000
 40
0.400000000
100
AcDbArc
 50
180.000000000
 51
-90.000000000
  0
LINE
  5
12D5
330
A02
100
AcDbEntity
  8
Sketch008
100
AcDbLine
 10
13.600000000
 20
160.700000000
 30
0.000000000
 11
27.200000000
 21
160.700000000
 31
0.000000000
  0
ARC
  5
12D6
330
A02
100
AcDbEntity
  8
Sketch008
100
AcDbCircle
 10
27.200000000
 20
160.300000000
 30
0.000000000
 40
0.400000000
100
AcDbArc
 50
-90.000000000
 51
90.000000000
  0
LINE
  5
12D7
330
A02
100
AcDbEntity
  8
Sketch008
100
AcDbLine
 10
27.200000000
 20
159.900000000
 30
0.000000000
 11
13.600000000
 21
159.900000000
 31
0.000000000
  0
ARC
  5
12D8
330
A02
100
AcDbEntity
  8
Sketch008
100
AcDbCircle
 10
13.600000000
 20
159.500000000
 30
0.000000000
 40
0.400000000
100
AcDbArc
 50
90.000000000
 51
180.000000000
  0
LINE
  5
12D9
330
A02
100
AcDbEntity
  8
Sketch008
100
AcDbLine
 10
13.200000000
 20
159.500000000
 30
0.000000000
 11
13.200000000
 21
146.175000000
 31
0.000000000
  0
LINE
  5
12DA
330
A02
100
AcDbEntity
  8
Sketch008
100
AcDbLine
 10
13.700000000
 20
145.675000000
 30
0.000000000
 11
13.200000000
 21
146.175000000
 31
0.000000000
  0
LINE
  5
12DB
330
A02
100
AcDbEntity
  8
Sketch008
100
AcDbLine
 10
15.791339577
 20
145.675000000
 30
0.000000000
 11
13.700000000
 21
145.675000000
 31
0.000000000
  0
ARC
  5
12DC
330
A02
100
AcDbEntity
  8
Sketch008
100
AcDbCircle
 10
15.964833333
 20
145.574833333
 30
0.000000000
 40
0.200333333
100
AcDbArc
 50
-60.000000000
 51
150.000000000
  0
LINE
  5
12DD
330
A02
100
AcDbEntity
  8
Sketch008
100
AcDbLine
 10
16.065000000
 20
135.998660423
 30
0.000000000
 11
16.065000000
 21
145.401339577
 31
0.000000000
  0
ARC
  5
12DE
330
A02
100
AcDbEntity
  8
Sketch008
100
AcDbCircle
 10
15.964833333
 20
135.825166667
 30
0.000000000
 40
0.200333333
100
AcDbArc
 50
-150.000000000
 51
60.000000000
  0
LINE
  5
12DF
330
A02
100
AcDbEntity
  8
Sketch008
100
AcDbLine
 10
15.791339577
 20
135.725000000
 30
0.000000000
 11
13.700000000
 21
135.725000000
 31
0.000000000
  0
LINE
  5
12E0
330
A02
100
AcDbEntity
  8
Sketch008
100
AcDbLine
 10
13.200000000
 20
135.225000000
 30
0.000000000
 11
13.700000000
 21
135.725000000
 31
0.000000000
  0
LINE
  5
12E1
330
A02
100
AcDbEntity
  8
Sketch008
100
AcDbLine
 10
13.200000000
 20
135.225000000
 30
0.000000000
 11
13.200000000
 21
121.200000000
 31
0.000000000
  0
LINE
  5
12E2
330
A02
100
AcDbEntity
  8
Sketch008
100
AcDbLine
 10
13.700000000
 20
120.700000000
 30
0.000000000
 11
13.200000000
 21
121.200000000
 31
0.000000000
  0
LINE
  5
12E3
330
A02
100
AcDbEntity
  8
Sketch008
100
AcDbLine
 10
13.700000000
 20
120.700000000
 30
0.000000000
 11
45.738333333
 21
120.700000000
 31
0.000000000
  0
ARC
  5
12E4
330
A02
100
AcDbEntity
  8
Sketch008
100
AcDbCircle
 10
45.925000000
 20
120.700000000
 30
0.000000000
 40
0.186666667
100
AcDbArc
 50
0.000000000
 51
180.000000000
  0
ARC
  5
12E5
330
A02
100
AcDbEntity
  8
Sketch008
100
AcDbCircle
 10
45.925000000
 20
120.700000000
 30
0.000000000
 40
0.186666667
100
AcDbArc
 50
-90.000000000
 51
0.000000000
  0
LINE
  5
12E6
330
A02
100
AcDbEntity
  8
Sketch008
100
AcDbLine
 10
45.925000000
 20
120.513333333
 30
0.000000000
 11
45.925000000
 21
118.400000000
 31
0.000000000
  0
LINE
  5
12E7
330
A02
100
AcDbEntity
  8
Sketch008
100
AcDbLine
 10
46.425000000
 20
117.900000000
 30
0.000000000
 11
45.925000000
 21
118.400000000
 31
0.000000000
  0
LINE
  5
12E8
330
A02
100
AcDbEntity
  8
Sketch008
100
AcDbLine
 10
50.500000000
 20
117.900000000
 30
0.000000000
 11
46.425000000
 21
117.900000000
 31
0.000000000
  0
LINE
  5
12E9
330
A02
100
AcDbEntity
  8
Sketch009
100
AcDbLine
 10
13.200000000
 20
187.539438000
 30
0.000000000
 11
13.200000000
 21
194.101061831
 31
0.000000000
  0
LINE
  5
12EA
330
A02
100
AcDbEntity
  8
Sketch009
100
AcDbLine
 10
13.700000000
 20
194.601061831
 30
0.000000000
 11
13.200000000
 21
194.101061831
 31
0.000000000
  0
LINE
  5
12EB
330
A02
100
AcDbEntity
  8
Sketch009
100
AcDbLine
 10
13.700000000
 20
194.601061831
 30
0.000000000
 11
88.300000000
 21
194.601061831
 31
0.000000000
  0
LINE
  5
12EC
330
A02
100
AcDbEntity
  8
Sketch009
100
AcDbLine
 10
88.300000000
 20
194.601061831
 30
0.000000000
 11
88.800000000
 21
194.101061831
 31
0.000000000
  0
LINE
  5
12ED
330
A02
100
AcDbEntity
  8
Sketch009
100
AcDbLine
 10
88.800000000
 20
194.101061831
 30
0.000000000
 11
88.800000000
 21
187.539438000
 31
0.000000000
  0
LINE
  5
12EE
330
A02
100
AcDbEntity
  8
Sketch009
100
AcDbLine
 10
88.800000000
 20
186.539438000
 30
0.000000000
 11
88.800000000
 21
179.977814137
 31
0.000000000
  0
LINE
  5
12EF
330
A02
100
AcDbEntity
  8
Sketch009
100
AcDbLine
 10
88.800000000
 20
179.977814137
 30
0.000000000
 11
88.300000000
 21
179.477814137
 31
0.000000000
  0
LINE
  5
12F0
330
A02
100
AcDbEntity
  8
Sketch009
100
AcDbLine
 10
88.300000000
 20
179.477814137
 30
0.000000000
 11
75.161666667
 21
179.477814137
 31
0.000000000
  0
ARC
  5
12F1
330
A02
100
AcDbEntity
  8
Sketch009
100
AcDbCircle
 10
74.975000000
 20
179.477814137
 30
0.000000000
 40
0.186666667
100
AcDbArc
 50
0.000000000
 51
180.000000000
  0
ARC
  5
12F2
330
A02
100
AcDbEntity
  8
Sketch009
100
AcDbCircle
 10
74.975000000
 20
179.477814137
 30
0.000000000
 40
0.186666667
100
AcDbArc
 50
180.000000000
 51
-90.000000000
  0
LINE
  5
12F3
330
A02
100
AcDbEntity
  8
Sketch009
100
AcDbLine
 10
74.975000000
 20
179.291147470
 30
0.000000000
 11
74.975000000
 21
177.177814137
 31
0.000000000
  0
LINE
  5
12F4
330
A02
100
AcDbEntity
  8
Sketch009
100
AcDbLine
 10
74.975000000
 20
177.177814137
 30
0.000000000
 11
74.475000000
 21
176.677814137
 31
0.000000000
  0
LINE
  5
12F5
330
A02
100
AcDbEntity
  8
Sketch009
100
AcDbLine
 10
65.325000000
 20
176.677814137
 30
0.000000000
 11
74.475000000
 21
176.677814137
 31
0.000000000
  0
LINE
  5
12F6
330
A02
100
AcDbEntity
  8
Sketch009
100
AcDbLine
 10
64.825000000
 20
177.177814137
 30
0.000000000
 11
65.325000000
 21
176.677814137
 31
0.000000000
  0
LINE
  5
12F7
330
A02
100
AcDbEntity
  8
Sketch009
100
AcDbLine
 10
64.825000000
 20
179.291147470
 30
0.000000000
 11
64.825000000
 21
177.177814137
 31
0.000000000
  0
ARC
  5
12F8
330
A02
100
AcDbEntity
  8
Sketch009
100
AcDbCircle
 10
64.825000000
 20
179.477814137
 30
0.000000000
 40
0.186666667
100
AcDbArc
 50
-90.000000000
 51
0.000000000
  0
ARC
  5
12F9
330
A02
100
AcDbEntity
  8
Sketch009
100
AcDbCircle
 10
64.825000000
 20
179.477814137
 30
0.000000000
 40
0.186666667
100
AcDbArc
 50
0.000000000
 51
180.000000000
  0
LINE
  5
12FA
330
A02
100
AcDbEntity
  8
Sketch009
100
AcDbLine
 10
64.638333333
 20
179.477814137
 30
0.000000000
 11
37.361666667
 21
179.477814137
 31
0.000000000
  0
ARC
  5
12FB
330
A02
100
AcDbEntity
  8
Sketch009
100
AcDbCircle
 10
37.175000000
 20
179.477814137
 30
0.000000000
 40
0.186666667
100
AcDbArc
 50
0.000000000
 51
180.000000000
  0
ARC
  5
12FC
330
A02
100
AcDbEntity
  8
Sketch009
100
AcDbCircle
 10
37.175000000
 20
179.477814137
 30
0.000000000
 40
0.186666667
100
AcDbArc
 50
180.000000000
 51
-90.000000000
  0
LINE
  5
12FD
330
A02
100
AcDbEntity
  8
Sketch009
100
AcDbLine
 10
37.175000000
 20
179.291147470
 30
0.000000000
 11
37.175000000
 21
177.177814137
 31
0.000000000
  0
LINE
  5
12FE
330
A02
100
AcDbEntity
  8
Sketch009
100
AcDbLine
 10
36.675000000
 20
176.677814137
 30
0.000000000
 11
37.175000000
 21
177.177814137
 31
0.000000000
  0
LINE
  5
12FF
330
A02
100
AcDbEntity
  8
Sketch009
100
AcDbLine
 10
27.525000000
 20
176.677814137
 30
0.000000000
 11
36.675000000
 21
176.677814137
 31
0.000000000
  0
LINE
  5
1300
330
A02
100
AcDbEntity
  8
Sketch009
100
AcDbLine
 10
27.025000000
 20
177.177814137
 30
0.000000000
 11
27.525000000
 21
176.677814137
 31
0.000000000
  0
LINE
  5
1301
330
A02
100
AcDbEntity
  8
Sketch009
100
AcDbLine
 10
27.025000000
 20
179.291147470
 30
0.000000000
 11
27.025000000
 21
177.177814137
 31
0.000000000
  0
ARC
  5
1302
330
A02
100
AcDbEntity
  8
Sketch009
100
AcDbCircle
 10
27.025000000
 20
179.477814137
 30
0.000000000
 40
0.186666667
100
AcDbArc
 50
-90.000000000
 51
0.000000000
  0
ARC
  5
1303
330
A02
100
AcDbEntity
  8
Sketch009
100
AcDbCircle
 10
27.025000000
 20
179.477814137
 30
0.000000000
 40
0.186666667
100
AcDbArc
 50
0.000000000
 51
180.000000000
  0
LINE
  5
1304
330
A02
100
AcDbEntity
  8
Sketch009
100
AcDbLine
 10
26.838333333
 20
179.477814137
 30
0.000000000
 11
13.700000000
 21
179.477814137
 31
0.000000000
  0
LINE
  5
1305
330
A02
100
AcDbEntity
  8
Sketch009
100
AcDbLine
 10
13.200000000
 20
179.977814137
 30
0.000000000
 11
13.700000000
 21
179.477814137
 31
0.000000000
  0
LINE
  5
1306
330
A02
100
AcDbEntity
  8
Sketch009
100
AcDbLine
 10
13.200000000
 20
179.977814137
 30
0.000000000
 11
13.200000000
 21
186.539438000
 31
0.000000000
  0
LINE
  5
1307
330
A02
100
AcDbEntity
  8
Sketch
100
AcDbLine
 10
5.000000000
 20
0.000000000
 30
0.000000000
 11
95.000000000
 21
0.000000000
 31
0.000000000
  0
ARC
  5
1308
330
A02
100
AcDbEntity
  8
Sketch
100
AcDbCircle
 10
95.000000000
 20
5.000000000
 30
0.000000000
 40
5.000000000
100
AcDbArc
 50
-90.000000000
 51
-0.000000000
  0
LINE
  5
1309
330
A02
100
AcDbEntity
  8
Sketch
100
AcDbLine
 10
100.000000000
 20
5.000000000
 30
0.000000000
 11
100.000000000
 21
165.000000000
 31
0.000000000
  0
ARC
  5
130A
330
A02
100
AcDbEntity
  8
Sketch
100
AcDbCircle
 10
95.000000000
 20
165.000000000
 30
0.000000000
 40
5.000000000
100
AcDbArc
 50
0.000000000
 51
90.000000000
  0
LINE
  5
130B
330
A02
100
AcDbEntity
  8
Sketch
100
AcDbLine
 10
95.000000000
 20
170.000000000
 30
0.000000000
 11
5.000000000
 21
170.000000000
 31
0.000000000
  0
ARC
  5
130C
330
A02
100
AcDbEntity
  8
Sketch
100
AcDbCircle
 10
5.000000000
 20
165.000000000
 30
0.000000000
 40
5.000000000
100
AcDbArc
 50
90.000000000
 51
180.000000000
  0
LINE
  5
130D
330
A02
100
AcDbEntity
  8
Sketch
100
AcDbLine
 10
0.000000000
 20
165.000000000
 30
0.000000000
 11
0.000000000
 21
5.000000000
 31
0.000000000
  0
ARC
  5
130E
330
A02
100
AcDbEntity
  8
Sketch
100
AcDbCircle
 10
5.000000000
 20
5.000000000
 30
0.000000000
 40
5.000000000
100
AcDbArc
 50
180.000000000
 51
-90.000000000
  0
LINE
  5
130F
330
A02
100
AcDbEntity
  8
Sketch
100
AcDbLine
 10
5.000000000
 20
171.000000000
 30
0.000000000
 11
95.000000000
 21
171.000000000
 31
0.000000000
  0
ARC
  5
1310
330
A02
100
AcDbEntity
  8
Sketch
100
AcDbCircle
 10
95.000000000
 20
176.000000000
 30
0.000000000
 40
5.000000000
100
AcDbArc
 50
-90.000000000
 51
0.000000000
  0
LINE
  5
1311
330
A02
100
AcDbEntity
  8
Sketch
100
AcDbLine
 10
100.000000000
 20
176.000000000
 30
0.000000000
 11
100.000000000
 21
336.000000000
 31
0.000000000
  0
ARC
  5
1312
330
A02
100
AcDbEntity
  8
Sketch
100
AcDbCircle
 10
95.000000000
 20
336.000000000
 30
0.000000000
 40
5.000000000
100
AcDbArc
 50
0.000000000
 51
90.000000000
  0
LINE
  5
1313
330
A02
100
AcDbEntity
  8
Sketch
100
AcDbLine
 10
95.000000000
 20
341.000000000
 30
0.000000000
 11
5.000000000
 21
341.000000000
 31
0.000000000
  0
ARC
  5
1314
330
A02
100
AcDbEntity
  8
Sketch
100
AcDbCircle
 10
5.000000000
 20
336.000000000
 30
0.000000000
 40
5.000000000
100
AcDbArc
 50
90.000000000
 51
180.000000000
  0
LINE
  5
1315
330
A02
100
AcDbEntity
  8
Sketch
100
AcDbLine
 10
0.000000000
 20
336.000000000
 30
0.000000000
 11
0.000000000
 21
176.000000000
 31
0.000000000
  0
ARC
  5
1316
330
A02
100
AcDbEntity
  8
Sketch
100
AcDbCircle
 10
5.000000000
 20
176.000000000
 30
0.000000000
 40
5.000000000
100
AcDbArc
 50
180.000000000
 51
-90.000000000
  0
LINE
  5
1317
330
A02
100
AcDbEntity
  8
Sketch
100
AcDbLine
 10
106.000000000
 20
171.000000000
 30
0.000000000
 11
196.000000000
 21
171.000000000
 31
0.000000000
  0
ARC
  5
1318
330
A02
100
AcDbEntity
  8
Sketch
100
AcDbCircle
 10
196.000000000
 20
176.000000000
 30
0.000000000
 40
5.000000000
100
AcDbArc
 50
-90.000000000
 51
0.000000000
  0
LINE
  5
1319
330
A02
100
AcDbEntity
  8
Sketch
100
AcDbLine
 10
201.000000000
 20
176.000000000
 30
0.000000000
 11
201.000000000
 21
336.000000000
 31
0.000000000
  0
ARC
  5
131A
330
A02
100
AcDbEntity
  8
Sketch
100
AcDbCircle
 10
196.000000000
 20
336.000000000
 30
0.000000000
 40
5.000000000
100
AcDbArc
 50
0.000000000
 51
90.000000000
  0
LINE
  5
131B
330
A02
100
AcDbEntity
  8
Sketch
100
AcDbLine
 10
196.000000000
 20
341.000000000
 30
0.000000000
 11
106.000000000
 21
341.000000000
 31
0.000000000
  0
ARC
  5
131C
330
A02
100
AcDbEntity
  8
Sketch
100
AcDbCircle
 10
106.000000000
 20
336.000000000
 30
0.000000000
 40
5.000000000
100
AcDbArc
 50
90.000000000
 51
180.000000000
  0
LINE
  5
131D
330
A02
100
AcDbEntity
  8
Sketch
100
AcDbLine
 10
101.000000000
 20
336.000000000
 30
0.000000000
 11
101.000000000
 21
176.000000000
 31
0.000000000
  0
ARC
  5
131E
330
A02
100
AcDbEntity
  8
Sketch
100
AcDbCircle
 10
106.000000000
 20
176.000000000
 30
0.000000000
 40
5.000000000
100
AcDbArc
 50
180.000000000
 51
-90.000000000
  0
LINE
  5
131F
330
A02
100
AcDbEntity
  8
Sketch
100
AcDbLine
 10
106.000000000
 20
0.000000000
 30
0.000000000
 11
196.000000000
 21
0.000000000
 31
0.000000000
  0
ARC
  5
1320
330
A02
100
AcDbEntity
  8
Sketch
100
AcDbCircle
 10
196.000000000
 20
5.000000000
 30
0.000000000
 40
5.000000000
100
AcDbArc
 50
-90.000000000
 51
-0.000000000
  0
LINE
  5
1321
330
A02
100
AcDbEntity
  8
Sketch
100
AcDbLine
 10
201.000000000
 20
5.000000000
 30
0.000000000
 11
201.000000000
 21
165.000000000
 31
0.000000000
  0
ARC
  5
1322
330
A02
100
AcDbEntity
  8
Sketch
100
AcDbCircle
 10
196.000000000
 20
165.000000000
 30
0.000000000
 40
5.000000000
100
AcDbArc
 50
0.000000000
 51
90.000000000
  0
LINE
  5
1323
330
A02
100
AcDbEntity
  8
Sketch
100
AcDbLine
 10
196.000000000
 20
170.000000000
 30
0.000000000
 11
106.000000000
 21
170.000000000
 31
0.000000000
  0
ARC
  5
1324
330
A02
100
AcDbEntity
  8
Sketch
100
AcDbCircle
 10
106.000000000
 20
165.000000000
 30
0.000000000
 40
5.000000000
100
AcDbArc
 50
90.000000000
 51
180.000000000
  0
LINE
  5
1325
330
A02
100
AcDbEntity
  8
Sketch
100
AcDbLine
 10
101.000000000
 20
165.000000000
 30
0.000000000
 11
101.000000000
 21
5.000000000
 31
0.000000000
  0
ARC
  5
1326
330
A02
100
AcDbEntity
  8
Sketch
100
AcDbCircle
 10
106.000000000
 20
5.000000000
 30
0.000000000
 40
5.000000000
100
AcDbArc
 50
180.000000000
 51
-90.000000000
  0
ENDSEC
  0
SECTION
  2
OBJECTS
  0
DICTIONARY
  5
F000
330
0
100
AcDbDictionary
  3
ACAD_GROUP
350
F001
  0
DICTIONARY
  5
F001
330
F000
100
AcDbDictionary
  0
ENDSEC
  0
EOF