999
dxfrw 0.6.3
  0
SECTION
  2
HEADER
  9
$ACADVER
  1
AC1021
  9
$DWGCODEPAGE
  3
ANSI_1252
  9
$INSBASE
 10
0
 20
0
 30
0
  9
$EXTMIN
 10
0.13229
 20
0.13266
 30
0
  9
$EXTMAX
 10
201.132037
 20
341.132313
 30
0
  9
$LIMMIN
 10
0
 20
0
  9
$LIMMAX
 10
420
 20
297
  9
$ORTHOMODE
 70
    0
  9
$REGENMODE
 70
    1
  9
$FILLMODE
 70
    1
  9
$QTEXTMODE
 70
    0
  9
$MIRRTEXT
 70
    0
  9
$LTSCALE
 40
1
  9
$ATTMODE
 70
    0
  9
$TEXTSIZE
 40
2.5
  9
$TRACEWID
 40
15.68
  9
$TEXTSTYLE
  7
STANDARD
  9
$CLAYER
  8
0
  9
$CELTYPE
  6
BYLAYER
  9
$CECOLOR
 62
  256
  9
$CELTSCALE
 40
1
  9
$DISPSILH
 70
    0
  9
$DIMSCALE
 40
2.5
  9
$DIMASZ
 40
2.5
  9
$DIMEXO
 40
0.625
  9
$DIMDLI
 40
3.75
  9
$DIMRND
 40
0
  9
$DIMDLE
 40
0
  9
$DIMEXE
 40
1.25
  9
$DIMTP
 40
0
  9
$DIMTM
 40
0
  9
$DIMTXT
 40
2.5
  9
$DIMCEN
 40
2.5
  9
$DIMTSZ
 40
0
  9
$DIMTOL
 70
    0
  9
$DIMLIM
 70
    0
  9
$DIMTIH
 70
    0
  9
$DIMTOH
 70
    0
  9
$DIMSE1
 70
    0
  9
$DIMSE2
 70
    0
  9
$DIMTAD
 70
    1
  9
$DIMZIN
 70
    8
  9
$DIMBLK
  1

  9
$DIMASO
 70
    1
  9
$DIMSHO
 70
    1
  9
$DIMPOST
  1

  9
$DIMAPOST
  1

  9
$DIMALT
 70
    0
  9
$DIMALTD
 70
    3
  9
$DIMALTF
 40
0.03937
  9
$DIMLFAC
 40
1
  9
$DIMTOFL
 70
    1
  9
$DIMTVP
 40
0
  9
$DIMTIX
 70
    0
  9
$DIMSOXD
 70
    0
  9
$DIMSAH
 70
    0
  9
$DIMBLK1
  1

  9
$DIMBLK2
  1

  9
$DIMSTYLE
  2
Standard
  9
$DIMCLRD
 70
    0
  9
$DIMCLRE
 70
    0
  9
$DIMCLRT
 70
    0
  9
$DIMTFAC
 40
1
  9
$DIMGAP
 40
0.625
  9
$DIMJUST
 70
    0
  9
$DIMSD1
 70
    0
  9
$DIMSD2
 70
    0
  9
$DIMTOLJ
 70
    0
  9
$DIMTZIN
 70
    8
  9
$DIMALTZ
 70
    0
  9
$DIMALTTZ
 70
    0
  9
$DIMUPT
 70
    0
  9
$DIMDEC
 70
    2
  9
$DIMTDEC
 70
    2
  9
$DIMALTU
 70
    2
  9
$DIMALTTD
 70
    3
  9
$DIMTXSTY
  7
STANDARD
  9
$DIMAUNIT
 70
    0
  9
$DIMADEC
 70
    0
  9
$DIMALTRND
 40
0
  9
$DIMAZIN
 70
    0
  9
$DIMDSEP
 70
   44
  9
$DIMATFIT
 70
    3
  9
$DIMFRAC
 70
    0
  9
$DIMLDRBLK
  1
STANDARD
  9
$DIMLUNIT
 70
    2
  9
$DIMLWD
 70
   -2
  9
$DIMLWE
 70
   -2
  9
$DIMTMOVE
 70
    0
  9
$DIMFXL
 40
1
  9
$DIMFXLON
 70
    0
  9
$DIMJOGANG
 40
0.7854
  9
$DIMTFILL
 70
    0
  9
$DIMTFILLCLR
 70
    0
  9
$DIMARCSYM
 70
    0
  9
$DIMLTYPE
  6

  9
$DIMLTEX1
  6

  9
$DIMLTEX2
  6

  9
$LUNITS
 70
    2
  9
$LUPREC
 70
    4
  9
$SKETCHINC
 40
1
  9
$FILLETRAD
 40
0
  9
$AUNITS
 70
    0
  9
$AUPREC
 70
    2
  9
$MENU
  1
.
  9
$ELEVATION
 40
0
  9
$PELEVATION
 40
0
  9
$THICKNESS
 40
0
  9
$LIMCHECK
 70
    0
  9
$CHAMFERA
 40
0
  9
$CHAMFERB
 40
0
  9
$CHAMFERC
 40
0
  9
$CHAMFERD
 40
0
  9
$SKPOLY
 70
    0
  9
$USRTIMER
 70
    1
  9
$ANGBASE
 50
0
  9
$ANGDIR
 70
    0
  9
$PDMODE
 70
   96
  9
$PDSIZE
 40
-2
  9
$PLINEWID
 40
0
  9
$SPLFRAME
 70
    0
  9
$SPLINETYPE
 70
    2
  9
$SPLINESEGS
 70
    8
  9
$HANDSEED
  5
20000
  9
$SURFTAB1
 70
    6
  9
$SURFTAB2
 70
    6
  9
$SURFTYPE
 70
    6
  9
$SURFU
 70
    6
  9
$SURFV
 70
    6
  9
$UCSBASE
  2

  9
$UCSNAME
  2

  9
$UCSORG
 10
0
 20
0
 30
0
  9
$UCSXDIR
 10
1
 20
0
 30
0
  9
$UCSYDIR
 10
0
 20
1
 30
0
  9
$UCSORTHOREF
  2

  9
$UCSORTHOVIEW
 70
    0
  9
$UCSORGTOP
 10
0
 20
0
 30
0
  9
$UCSORGBOTTOM
 10
0
 20
0
 30
0
  9
$UCSORGLEFT
 10
0
 20
0
 30
0
  9
$UCSORGRIGHT
 10
0
 20
0
 30
0
  9
$UCSORGFRONT
 10
0
 20
0
 30
0
  9
$UCSORGBACK
 10
0
 20
0
 30
0
  9
$PUCSBASE
  2

  9
$PUCSNAME
  2

  9
$PUCSORG
 10
0
 20
0
 30
0
  9
$PUCSXDIR
 10
1
 20
0
 30
0
  9
$PUCSYDIR
 10
0
 20
1
 30
0
  9
$PUCSORTHOREF
  2

  9
$PUCSORTHOVIEW
 70
    0
  9
$PUCSORGTOP
 10
0
 20
0
 30
0
  9
$PUCSORGBOTTOM
 10
0
 20
0
 30
0
  9
$PUCSORGLEFT
 10
0
 20
0
 30
0
  9
$PUCSORGRIGHT
 10
0
 20
0
 30
0
  9
$PUCSORGFRONT
 10
0
 20
0
 30
0
  9
$PUCSORGBACK
 10
0
 20
0
 30
0
  9
$USERI1
 70
    0
  9
$USERI2
 70
    0
  9
$USERI3
 70
    0
  9
$USERI4
 70
    0
  9
$USERI5
 70
    0
  9
$USERR1
 40
0
  9
$USERR2
 40
0
  9
$USERR3
 40
0
  9
$USERR4
 40
0
  9
$USERR5
 40
0
  9
$WORLDVIEW
 70
    1
  9
$SHADEDGE
 70
    3
  9
$SHADEDIF
 70
   70
  9
$TILEMODE
 70
    1
  9
$MAXACTVP
 70
   64
  9
$PINSBASE
 10
0
 20
0
 30
0
  9
$PLIMCHECK
 70
    0
  9
$PEXTMIN
 10
0
 20
0
 30
0
  9
$PEXTMAX
 10
0
 20
0
 30
0
  9
$GRIDMODE
 70
    0
  9
$SNAPSTYLE
 70
    0
  9
$PLIMMIN
 10
0
 20
0
  9
$PLIMMAX
 10
210
 20
297
  9
$UNITMODE
 70
    0
  9
$VISRETAIN
 70
    1
  9
$PLINEGEN
 70
    0
  9
$PSLTSCALE
 70
    1
  9
$TREEDEPTH
 70
 3020
  9
$CMLSTYLE
  2
Standard
  9
$CMLJUST
 70
    0
  9
$CMLSCALE
 40
20
  9
$PROXYGRAPHICS
 70
    1
  9
$MEASUREMENT
 70
    1
  9
$CELWEIGHT
370
   -1
  9
$ENDCAPS
280
    0
  9
$JOINSTYLE
280
    0
  9
$LWDISPLAY
290
    0
  9
$INSUNITS
 70
    4
  9
$HYPERLINKBASE
  1

  9
$STYLESHEET
  1

  9
$XEDIT
290
    1
  9
$CEPSNTYPE
380
    0
  9
$PSTYLEMODE
290
    1
  9
$EXTNAMES
290
    1
  9
$PSVPSCALE
 40
1
  9
$OLESTARTUP
290
    0
  9
$SORTENTS
280
  127
  9
$INDEXCTL
280
    0
  9
$HIDETEXT
280
    1
  9
$XCLIPFRAME
290
    0
  9
$HALOGAP
280
    0
  9
$OBSCOLOR
 70
  257
  9
$OBSLTYPE
280
    0
  9
$INTERSECTIONDISPLAY
280
    0
  9
$INTERSECTIONCOLOR
 70
  257
  9
$DIMASSOC
280
    1
  9
$PROJECTNAME
  1

  9
$CAMERADISPLAY
290
    0
  9
$LENSLENGTH
 40
50
  9
$CAMERAHEIGHT
 40
0
  9
$STEPSPERSEC
 40
2
  9
$STEPSIZE
 40
50
  9
$3DDWFPREC
 40
2
  9
$PSOLWIDTH
 40
5
  9
$PSOLHEIGHT
 40
80
  9
$LOFTANG1
 40
1.570796326794897
  9
$LOFTANG2
 40
1.570796326794897
  9
$LOFTMAG1
 40
0
  9
$LOFTMAG2
 40
0
  9
$LOFTPARAM
 70
    7
  9
$LOFTNORMALS
280
    1
  9
$LATITUDE
 40
1
  9
$LONGITUDE
 40
1
  9
$NORTHDIRECTION
 40
0
  9
$TIMEZONE
 70
-8000
  9
$LIGHTGLYPHDISPLAY
280
    1
  9
$TILEMODELIGHTSYNCH
280
    1
  9
$SOLIDHIST
280
    1
  9
$SHOWHIST
280
    1
  9
$DWFFRAME
280
    2
  9
$DGNFRAME
280
    0
  9
$REALWORLDSCALE
290
    1
  9
$INTERFERECOLOR
 62
    1
  9
$CSHADOW
280
    0
  9
$SHADOWPLANELOCATION
 40
0
  0
ENDSEC
  0
SECTION
  2
CLASSES
  0
ENDSEC
  0
SECTION
  2
TABLES
  0
TABLE
  2
VPORT
  5
8
330
0
100
AcDbSymbolTable
 70
    1
  0
VPORT
  5
31
330
2
100
AcDbSymbolTableRecord
100
AcDbViewportTableRecord
  2
*ACTIVE
 70
    0
 10
0
 20
0
 11
1
 21
1
 12
210.5382585752033
 22
169.8251978891864
 13
0
 23
0
 14
10
 24
10
 15
10
 25
10
 16
0
 26
0
 36
1
 17
0
 27
0
 37
0
 40
341.0000000000088
 41
1.819261213720317
 42
50
 43
0
 44
0
 50
0
 51
0
 71
    0
 72
  100
 73
    1
 74
    3
 75
    0
 76
    0
 77
    0
 78
    0
281
    0
 65
    1
110
0
120
0
130
0
111
1
121
0
131
0
112
0
122
1
132
0
 79
    0
146
0
348
10020
 60
    7
 61
    5
292
1
282
    1
141
0
142
0
 63
  250
421
3358443
  0
ENDTAB
  0
TABLE
  2
LTYPE
  5
5
330
0
100
AcDbSymbolTable
 70
    4
  0
LTYPE
  5
14
330
5
100
AcDbSymbolTableRecord
100
AcDbLinetypeTableRecord
  2
ByBlock
 70
    0
  3

 72
   65
 73
    0
 40
0
  0
LTYPE
  5
15
330
5
100
AcDbSymbolTableRecord
100
AcDbLinetypeTableRecord
  2
ByLayer
 70
    0
  3

 72
   65
 73
    0
 40
0
  0
LTYPE
  5
16
330
5
100
AcDbSymbolTableRecord
100
AcDbLinetypeTableRecord
  2
Continuous
 70
    0
  3
Solid line
 72
   65
 73
    0
 40
0
  0
LTYPE
  5
32
330
5
100
AcDbSymbolTableRecord
100
AcDbLinetypeTableRecord
  2
DOT
 70
    0
  3
Dot . . . . . . . . . . . . . . . . . . . . . .
 72
   65
 73
    2
 40
6.35
 49
0
 74
    0
 49
-6.35
 74
    0
  0
LTYPE
  5
33
330
5
100
AcDbSymbolTableRecord
100
AcDbLinetypeTableRecord
  2
DOTTINY
 70
    0
  3
Dot (.15x) .....................................
 72
   65
 73
    2
 40
0.9525
 49
0
 74
    0
 49
-0.9525
 74
    0
  0
LTYPE
  5
34
330
5
100
AcDbSymbolTableRecord
100
AcDbLinetypeTableRecord
  2
DOT2
 70
    0
  3
Dot (.5x) .....................................
 72
   65
 73
    2
 40
3.175
 49
0
 74
    0
 49
-3.175
 74
    0
  0
LTYPE
  5
35
330
5
100
AcDbSymbolTableRecord
100
AcDbLinetypeTableRecord
  2
DOTX2
 70
    0
  3
Dot (2x) .  .  .  .  .  .  .  .  .  .  .  .  .
 72
   65
 73
    2
 40
12.7
 49
0
 74
    0
 49
-12.7
 74
    0
  0
LTYPE
  5
36
330
5
100
AcDbSymbolTableRecord
100
AcDbLinetypeTableRecord
  2
DASHED
 70
    0
  3
Dashed _ _ _ _ _ _ _ _ _ _ _ _ _ _ _ _ _
 72
   65
 73
    2
 40
19.05
 49
12.7
 74
    0
 49
-6.35
 74
    0
  0
LTYPE
  5
37
330
5
100
AcDbSymbolTableRecord
100
AcDbLinetypeTableRecord
  2
DASHEDTINY
 70
    0
  3
Dashed (.15x) _ _ _ _ _ _ _ _ _ _ _ _ _ _ _ _ _
 72
   65
 73
    2
 40
2.8575
 49
1.905
 74
    0
 49
-0.9525
 74
    0
  0
LTYPE
  5
38
330
5
100
AcDbSymbolTableRecord
100
AcDbLinetypeTableRecord
  2
DASHED2
 70
    0
  3
Dashed (.5x) _ _ _ _ _ _ _ _ _ _ _ _ _ _ _ _ _
 72
   65
 73
    2
 40
9.524999999999999
 49
6.35
 74
    0
 49
-3.175
 74
    0
  0
LTYPE
  5
39
330
5
100
AcDbSymbolTableRecord
100
AcDbLinetypeTableRecord
  2
DASHEDX2
 70
    0
  3
Dashed (2x) ____  ____  ____  ____  ____  ___
 72
   65
 73
    2
 40
38.09999999999999
 49
25.4
 74
    0
 49
-12.7
 74
    0
  0
LTYPE
  5
3A
330
5
100
AcDbSymbolTableRecord
100
AcDbLinetypeTableRecord
  2
DASHDOT
 70
    0
  3
Dash dot __ . __ . __ . __ . __ . __ . __ . __
 72
   65
 73
    4
 40
25.4
 49
12.7
 74
    0
 49
-6.35
 74
    0
 49
0
 74
    0
 49
-6.35
 74
    0
  0
LTYPE
  5
3B
330
5
100
AcDbSymbolTableRecord
100
AcDbLinetypeTableRecord
  2
DASHDOTTINY
 70
    0
  3
Dash dot (.15x) _._._._._._._._._._._._._._._.
 72
   65
 73
    4
 40
3.81
 49
1.905
 74
    0
 49
-0.9525
 74
    0
 49
0
 74
    0
 49
-0.9525
 74
    0
  0
LTYPE
  5
3C
330
5
100
AcDbSymbolTableRecord
100
AcDbLinetypeTableRecord
  2
DASHDOT2
 70
    0
  3
Dash dot (.5x) _._._._._._._._._._._._._._._.
 72
   65
 73
    4
 40
12.7
 49
6.35
 74
    0
 49
-3.175
 74
    0
 49
0
 74
    0
 49
-3.175
 74
    0
  0
LTYPE
  5
3D
330
5
100
AcDbSymbolTableRecord
100
AcDbLinetypeTableRecord
  2
DASHDOTX2
 70
    0
  3
Dash dot (2x) ____  .  ____  .  ____  .  ___
 72
   65
 73
    4
 40
50.8
 49
25.4
 74
    0
 49
-12.7
 74
    0
 49
0
 74
    0
 49
-12.7
 74
    0
  0
LTYPE
  5
3E
330
5
100
AcDbSymbolTableRecord
100
AcDbLinetypeTableRecord
  2
DIVIDE
 70
    0
  3
Divide ____ . . ____ . . ____ . . ____ . . ____
 72
   65
 73
    6
 40
31.75
 49
12.7
 74
    0
 49
-6.35
 74
    0
 49
0
 74
    0
 49
-6.35
 74
    0
 49
0
 74
    0
 49
-6.35
 74
    0
  0
LTYPE
  5
3F
330
5
100
AcDbSymbolTableRecord
100
AcDbLinetypeTableRecord
  2
DIVIDETINY
 70
    0
  3
Divide (.15x) __..__..__..__..__..__..__..__.._
 72
   65
 73
    6
 40
4.7625
 49
1.905
 74
    0
 49
-0.9525
 74
    0
 49
0
 74
    0
 49
-0.9525
 74
    0
 49
0
 74
    0
 49
-0.9525
 74
    0
  0
LTYPE
  5
40
330
5
100
AcDbSymbolTableRecord
100
AcDbLinetypeTableRecord
  2
DIVIDE2
 70
    0
  3
Divide (.5x) __..__..__..__..__..__..__..__.._
 72
   65
 73
    6
 40
15.875
 49
6.35
 74
    0
 49
-3.175
 74
    0
 49
0
 74
    0
 49
-3.175
 74
    0
 49
0
 74
    0
 49
-3.175
 74
    0
  0
LTYPE
  5
41
330
5
100
AcDbSymbolTableRecord
100
AcDbLinetypeTableRecord
  2
DIVIDEX2
 70
    0
  3
Divide (2x) ________  .  .  ________  .  .  _
 72
   65
 73
    6
 40
63.5
 49
25.4
 74
    0
 49
-12.7
 74
    0
 49
0
 74
    0
 49
-12.7
 74
    0
 49
0
 74
    0
 49
-12.7
 74
    0
  0
LTYPE
  5
42
330
5
100
AcDbSymbolTableRecord
100
AcDbLinetypeTableRecord
  2
BORDER
 70
    0
  3
Border __ __ . __ __ . __ __ . __ __ . __ __ .
 72
   65
 73
    6
 40
44.45
 49
12.7
 74
    0
 49
-6.35
 74
    0
 49
12.7
 74
    0
 49
-6.35
 74
    0
 49
0
 74
    0
 49
-6.35
 74
    0
  0
LTYPE
  5
43
330
5
100
AcDbSymbolTableRecord
100
AcDbLinetypeTableRecord
  2
BORDERTINY
 70
    0
  3
Border (.15x) __.__.__.__.__.__.__.__.__.__.__.
 72
   65
 73
    6
 40
6.6675
 49
1.905
 74
    0
 49
-0.9525
 74
    0
 49
1.905
 74
    0
 49
-0.9525
 74
    0
 49
0
 74
    0
 49
-0.9525
 74
    0
  0
LTYPE
  5
44
330
5
100
AcDbSymbolTableRecord
100
AcDbLinetypeTableRecord
  2
BORDER2
 70
    0
  3
Border (.5x) __.__.__.__.__.__.__.__.__.__.__.
 72
   65
 73
    6
 40
22.225
 49
6.35
 74
    0
 49
-3.175
 74
    0
 49
6.35
 74
    0
 49
-3.175
 74
    0
 49
0
 74
    0
 49
-3.175
 74
    0
  0
LTYPE
  5
45
330
5
100
AcDbSymbolTableRecord
100
AcDbLinetypeTableRecord
  2
BORDERX2
 70
    0
  3
Border (2x) ____  ____  .  ____  ____  .  ___
 72
   65
 73
    6
 40
88.89999999999999
 49
25.4
 74
    0
 49
-12.7
 74
    0
 49
25.4
 74
    0
 49
-12.7
 74
    0
 49
0
 74
    0
 49
-12.7
 74
    0
  0
LTYPE
  5
46
330
5
100
AcDbSymbolTableRecord
100
AcDbLinetypeTableRecord
  2
CENTER
 70
    0
  3
Center ____ _ ____ _ ____ _ ____ _ ____ _ ____
 72
   65
 73
    4
 40
50.8
 49
31.75
 74
    0
 49
-6.35
 74
    0
 49
6.35
 74
    0
 49
-6.35
 74
    0
  0
LTYPE
  5
47
330
5
100
AcDbSymbolTableRecord
100
AcDbLinetypeTableRecord
  2
CENTERTINY
 70
    0
  3
Center (.15x) ___ _ ___ _ ___ _ ___ _ ___ _ ___
 72
   65
 73
    4
 40
7.619999999999999
 49
4.7625
 74
    0
 49
-0.9525
 74
    0
 49
0.9525
 74
    0
 49
-0.9525
 74
    0
  0
LTYPE
  5
48
330
5
100
AcDbSymbolTableRecord
100
AcDbLinetypeTableRecord
  2
CENTER2
 70
    0
  3
Center (.5x) ___ _ ___ _ ___ _ ___ _ ___ _ ___
 72
   65
 73
    4
 40
28.575
 49
19.05
 74
    0
 49
-3.175
 74
    0
 49
3.175
 74
    0
 49
-3.175
 74
    0
  0
LTYPE
  5
49
330
5
100
AcDbSymbolTableRecord
100
AcDbLinetypeTableRecord
  2
CENTERX2
 70
    0
  3
Center (2x) ________  __  ________  __  _____
 72
   65
 73
    4
 40
101.6
 49
63.5
 74
    0
 49
-12.7
 74
    0
 49
12.7
 74
    0
 49
-12.7
 74
    0
  0
ENDTAB
  0
TABLE
  2
LAYER
  5
2
330
0
100
AcDbSymbolTable
 70
    1
  0
LAYER
  5
10
330
2
100
AcDbSymbolTableRecord
100
AcDbLayerTableRecord
  2
0
 70
    0
 62
    7
  6
CONTINUOUS
370
   -3
390
F
  0
LAYER
  5
4A
330
2
100
AcDbSymbolTableRecord
100
AcDbLayerTableRecord
  2
Layer_1
 70
    0
 62
    7
  6
CONTINUOUS
370
   -3
390
F
  0
ENDTAB
  0
TABLE
  2
STYLE
  5
3
330
0
100
AcDbSymbolTable
 70
    3
  0
STYLE
  5
4B
330
2
100
AcDbSymbolTableRecord
100
AcDbTextStyleTableRecord
  2
Standard
 70
    0
 40
0
 41
1
 50
0
 71
    0
 42
1
  3
txt
  4

  0
ENDTAB
  0
TABLE
  2
VIEW
  5
6
330
0
100
AcDbSymbolTable
 70
    0
  0
ENDTAB
  0
TABLE
  2
UCS
  5
7
330
0
100
AcDbSymbolTable
 70
    0
  0
ENDTAB
  0
TABLE
  2
APPID
  5
9
330
0
100
AcDbSymbolTable
 70
    1
  0
APPID
  5
12
330
9
100
AcDbSymbolTableRecord
100
AcDbRegAppTableRecord
  2
ACAD
 70
    0
  0
APPID
  5
4C
330
9
100
AcDbSymbolTableRecord
100
AcDbRegAppTableRecord
  2
LibreCad
 70
    0
  0
ENDTAB
  0
TABLE
  2
DIMSTYLE
  5
A
330
0
100
AcDbSymbolTable
 70
    1
100
AcDbDimStyleTable
 71
    1
  0
DIMSTYLE
105
4D
330
A
100
AcDbSymbolTableRecord
100
AcDbDimStyleTableRecord
  2
Standard
 70
    0
 40
1
 41
2.5
 42
0.625
 43
0.38
 44
1.25
 45
0
 46
0
 47
0
 48
0
 49
1
140
2.5
141
0.09
142
2.5
143
25.4
144
1
145
0
146
1
147
0.625
148
0
 71
    0
 72
    0
 73
    0
 74
    1
 75
    0
 76
    0
 77
    0
 78
    1
 79
    0
170
    0
171
    2
172
    0
173
    0
174
    0
175
    0
176
    0
177
    0
178
    0
179
    0
271
    2
272
    4
273
    2
274
    2
275
    0
276
    0
277
    2
278
    0
279
    0
280
    0
281
    0
282
    0
283
    1
284
    0
285
    0
286
    0
288
    0
289
    3
340
4B
  0
ENDTAB
  0
TABLE
  2
BLOCK_RECORD
  5
1
330
0
100
AcDbSymbolTable
 70
    2
  0
BLOCK_RECORD
  5
1F
330
1
100
AcDbSymbolTableRecord
100
AcDbBlockTableRecord
  2
*Model_Space
 70
    0
280
    1
281
    0
  0
BLOCK_RECORD
  5
1E
330
1
100
AcDbSymbolTableRecord
100
AcDbBlockTableRecord
  2
*Paper_Space
 70
    0
280
    1
281
    0
  0
ENDTAB
  0
ENDSEC
  0
SECTION
  2
BLOCKS
  0
BLOCK
  5
20
330
1F
100
AcDbEntity
  8
0
100
AcDbBlockBegin
  2
*Model_Space
 70
    0
 10
0
 20
0
 30
0
  3
*Model_Space
  1

  0
ENDBLK
  5
21
330
1F
100
AcDbEntity
  8
0
100
AcDbBlockEnd
  0
BLOCK
  5
1C
330
1B
100
AcDbEntity
  8
0
100
AcDbBlockBegin
  2
*Paper_Space
 70
    0
 10
0
 20
0
 30
0
  3
*Paper_Space
  1

  0
ENDBLK
  5
1D
330
1F
100
AcDbEntity
  8
0
100
AcDbBlockEnd
  0
ENDSEC
  0
SECTION
  2
ENTITIES
  0
SPLINE
  5
4E
100
AcDbEntity
  8
Layer_1
  6
ByLayer
 62
    7
370
   -1
100
AcDbSpline
210
0
220
0
230
0
 70
 4096
 71
    3
 72
    8
 73
    4
 74
    0
 42
1e-07
 43
1e-07
 40
0
 40
0
 40
0
 40
0
 40
1
 40
1
 40
1
 40
1
 10
95.132171
 20
0.132739
 30
0
 10
96.45825499999999
 20
0.132739
 30
0
 10
97.730025
 20
0.659525
 30
0
 10
98.667706
 20
1.597209
 30
0
  0
SPLINE
  5
4F
100
AcDbEntity
  8
Layer_1
  6
ByLayer
 62
    7
370
   -1
100
AcDbSpline
210
0
220
0
230
0
 70
 4096
 71
    3
 72
    8
 73
    4
 74
    0
 42
1e-07
 43
1e-07
 40
0
 40
0
 40
0
 40
0
 40
1
 40
1
 40
1
 40
1
 10
98.667706
 20
1.597209
 30
0
 10
99.605388
 20
2.534893
 30
0
 10
100.132169
 20
3.806666
 30
0
 10
100.132165
 20
5.132749
 30
0
  0
LWPOLYLINE
  5
50
100
AcDbEntity
  8
Layer_1
  6
ByLayer
 62
    7
370
   -1
100
AcDbPolyline
 90
    2
 70
    0
 43
0
 10
5.132274
 20
0.13266
 10
95.132139
 20
0.13266
  0
SPLINE
  5
51
100
AcDbEntity
  8
Layer_1
  6
ByLayer
 62
    7
370
   -1
100
AcDbSpline
210
0
220
0
230
0
 70
 4096
 71
    3
 72
    8
 73
    4
 74
    0
 42
1e-07
 43
1e-07
 40
0
 40
0
 40
0
 40
0
 40
1
 40
1
 40
1
 40
1
 10
100.132165
 20
165.132535
 30
0
 10
100.132165
 20
166.458616
 30
0
 10
99.60538200000001
 20
167.730384
 30
0
 10
98.66770099999999
 20
168.668065
 30
0
  0
SPLINE
  5
52
100
AcDbEntity
  8
Layer_1
  6
ByLayer
 62
    7
370
   -1
100
AcDbSpline
210
0
220
0
230
0
 70
 4096
 71
    3
 72
    8
 73
    4
 74
    0
 42
1e-07
 43
1e-07
 40
0
 40
0
 40
0
 40
0
 40
1
 40
1
 40
1
 40
1
 10
98.66770099999999
 20
168.668065
 30
0
 10
97.73002
 20
169.605746
 30
0
 10
96.458252
 20
170.132529
 30
0
 10
95.132171
 20
170.132529
 30
0
  0
LWPOLYLINE
  5
53
100
AcDbEntity
  8
Layer_1
  6
ByLayer
 62
    7
370
   -1
100
AcDbPolyline
 90
    2
 70
    0
 43
0
 10
100.132229
 20
5.133279
 10
100.132229
 20
165.132439
  0
SPLINE
  5
54
100
AcDbEntity
  8
Layer_1
  6
ByLayer
 62
    7
370
   -1
100
AcDbSpline
210
0
220
0
230
0
 70
 4096
 71
    3
 72
    8
 73
    4
 74
    0
 42
1e-07
 43
1e-07
 40
0
 40
0
 40
0
 40
0
 40
1
 40
1
 40
1
 40
1
 10
5.132284
 20
170.132529
 30
0
 10
3.806203
 20
170.132529
 30
0
 10
2.534435
 20
169.605745
 30
0
 10
1.596754
 20
168.668065
 30
0
  0
SPLINE
  5
55
100
AcDbEntity
  8
Layer_1
  6
ByLayer
 62
    7
370
   -1
100
AcDbSpline
210
0
220
0
230
0
 70
 4096
 71
    3
 72
    8
 73
    4
 74
    0
 42
1e-07
 43
1e-07
 40
0
 40
0
 40
0
 40
0
 40
1
 40
1
 40
1
 40
1
 10
1.596754
 20
168.668065
 30
0
 10
0.659073
 20
167.730384
 30
0
 10
0.13229
 20
166.458616
 30
0
 10
0.13229
 20
165.132535
 30
0
  0
LWPOLYLINE
  5
56
100
AcDbEntity
  8
Layer_1
  6
ByLayer
 62
    7
370
   -1
100
AcDbPolyline
 90
    2
 70
    0
 43
0
 10
95.132139
 20
170.132529
 10
5.132274
 20
170.132529
  0
SPLINE
  5
57
100
AcDbEntity
  8
Layer_1
  6
ByLayer
 62
    7
370
   -1
100
AcDbSpline
210
0
220
0
230
0
 70
 4096
 71
    3
 72
    8
 73
    4
 74
    0
 42
1e-07
 43
1e-07
 40
0
 40
0
 40
0
 40
0
 40
1
 40
1
 40
1
 40
1
 10
0.13229
 20
5.132749
 30
0
 10
0.132286
 20
3.806666
 30
0
 10
0.659067
 20
2.534894
 30
0
 10
1.596748
 20
1.597209
 30
0
  0
SPLINE
  5
58
100
AcDbEntity
  8
Layer_1
  6
ByLayer
 62
    7
370
   -1
100
AcDbSpline
210
0
220
0
230
0
 70
 4096
 71
    3
 72
    8
 73
    4
 74
    0
 42
1e-07
 43
1e-07
 40
0
 40
0
 40
0
 40
0
 40
1
 40
1
 40
1
 40
1
 10
1.596748
 20
1.597209
 30
0
 10
2.53443
 20
0.659525
 30
0
 10
3.8062
 20
0.132739
 30
0
 10
5.132284
 20
0.132739
 30
0
  0
LWPOLYLINE
  5
59
100
AcDbEntity
  8
Layer_1
  6
ByLayer
 62
    7
370
   -1
100
AcDbPolyline
 90
    2
 70
    0
 43
0
 10
0.13229
 20
165.132439
 10
0.13229
 20
5.133279
  0
SPLINE
  5
5A
100
AcDbEntity
  8
Layer_1
  6
ByLayer
 62
    7
370
   -1
100
AcDbSpline
210
0
220
0
230
0
 70
 4096
 71
    3
 72
    8
 73
    4
 74
    0
 42
1e-07
 43
1e-07
 40
0
 40
0
 40
0
 40
0
 40
1
 40
1
 40
1
 40
1
 10
95.132171
 20
171.132528
 30
0
 10
96.458252
 20
171.132528
 30
0
 10
97.73002
 20
171.659312
 30
0
 10
98.66770099999999
 20
172.596993
 30
0
  0
SPLINE
  5
5B
100
AcDbEntity
  8
Layer_1
  6
ByLayer
 62
    7
370
   -1
100
AcDbSpline
210
0
220
0
230
0
 70
 4096
 71
    3
 72
    8
 73
    4
 74
    0
 42
1e-07
 43
1e-07
 40
0
 40
0
 40
0
 40
0
 40
1
 40
1
 40
1
 40
1
 10
98.66770099999999
 20
172.596993
 30
0
 10
99.60538200000001
 20
173.534674
 30
0
 10
100.132165
 20
174.806442
 30
0
 10
100.132165
 20
176.132523
 30
0
  0
LWPOLYLINE
  5
5C
100
AcDbEntity
  8
Layer_1
  6
ByLayer
 62
    7
370
   -1
100
AcDbPolyline
 90
    2
 70
    0
 43
0
 10
5.132274
 20
171.132653
 10
95.132139
 20
171.132653
  0
SPLINE
  5
5D
100
AcDbEntity
  8
Layer_1
  6
ByLayer
 62
    7
370
   -1
100
AcDbSpline
210
0
220
0
230
0
 70
 4096
 71
    3
 72
    8
 73
    4
 74
    0
 42
1e-07
 43
1e-07
 40
0
 40
0
 40
0
 40
0
 40
1
 40
1
 40
1
 40
1
 10
100.132165
 20
336.132319
 30
0
 10
100.132165
 20
337.4584
 30
0
 10
99.60538200000001
 20
338.730168
 30
0
 10
98.66770099999999
 20
339.667849
 30
0
  0
SPLINE
  5
5E
100
AcDbEntity
  8
Layer_1
  6
ByLayer
 62
    7
370
   -1
100
AcDbSpline
210
0
220
0
230
0
 70
 4096
 71
    3
 72
    8
 73
    4
 74
    0
 42
1e-07
 43
1e-07
 40
0
 40
0
 40
0
 40
0
 40
1
 40
1
 40
1
 40
1
 10
98.66770099999999
 20
339.667849
 30
0
 10
97.73002
 20
340.605529
 30
0
 10
96.458252
 20
341.132313
 30
0
 10
95.132171
 20
341.132313
 30
0
  0
LWPOLYLINE
  5
5F
100
AcDbEntity
  8
Layer_1
  6
ByLayer
 62
    7
370
   -1
100
AcDbPolyline
 90
    2
 70
    0
 43
0
 10
100.132229
 20
176.132478
 10
100.132229
 20
336.132432
  0
SPLINE
  5
60
100
AcDbEntity
  8
Layer_1
  6
ByLayer
 62
    7
370
   -1
100
AcDbSpline
210
0
220
0
230
0
 70
 4096
 71
    3
 72
    8
 73
    4
 74
    0
 42
1e-07
 43
1e-07
 40
0
 40
0
 40
0
 40
0
 40
1
 40
1
 40
1
 40
1
 10
5.132284
 20
341.132313
 30
0
 10
3.806203
 20
341.132313
 30
0
 10
2.534435
 20
340.605529
 30
0
 10
1.596754
 20
339.667848
 30
0
  0
SPLINE
  5
61
100
AcDbEntity
  8
Layer_1
  6
ByLayer
 62
    7
370
   -1
100
AcDbSpline
210
0
220
0
230
0
 70
 4096
 71
    3
 72
    8
 73
    4
 74
    0
 42
1e-07
 43
1e-07
 40
0
 40
0
 40
0
 40
0
 40
1
 40
1
 40
1
 40
1
 10
1.596754
 20
339.667848
 30
0
 10
0.659073
 20
338.730168
 30
0
 10
0.13229
 20
337.458399
 30
0
 10
0.13229
 20
336.132319
 30
0
  0
LWPOLYLINE
  5
62
100
AcDbEntity
  8
Layer_1
  6
ByLayer
 62
    7
370
   -1
100
AcDbPolyline
 90
    2
 70
    0
 43
0
 10
95.132139
 20
341.132257
 10
5.132274
 20
341.132257
  0
SPLINE
  5
63
100
AcDbEntity
  8
Layer_1
  6
ByLayer
 62
    7
370
   -1
100
AcDbSpline
210
0
220
0
230
0
 70
 4096
 71
    3
 72
    8
 73
    4
 74
    0
 42
1e-07
 43
1e-07
 40
0
 40
0
 40
0
 40
0
 40
1
 40
1
 40
1
 40
1
 10
0.13229
 20
176.132523
 30
0
 10
0.13229
 20
174.806442
 30
0
 10
0.659073
 20
173.534674
 30
0
 10
1.596754
 20
172.596993
 30
0
  0
SPLINE
  5
64
100
AcDbEntity
  8
Layer_1
  6
ByLayer
 62
    7
370
   -1
100
AcDbSpline
210
0
220
0
230
0
 70
 4096
 71
    3
 72
    8
 73
    4
 74
    0
 42
1e-07
 43
1e-07
 40
0
 40
0
 40
0
 40
0
 40
1
 40
1
 40
1
 40
1
 10
1.596754
 20
172.596993
 30
0
 10
2.534435
 20
171.659312
 30
0
 10
3.806203
 20
171.132528
 30
0
 10
5.132284
 20
171.132528
 30
0
  0
LWPOLYLINE
  5
65
100
AcDbEntity
  8
Layer_1
  6
ByLayer
 62
    7
370
   -1
100
AcDbPolyline
 90
    2
 70
    0
 43
0
 10
0.13229
 20
336.132432
 10
0.13229
 20
176.132478
  0
SPLINE
  5
66
100
AcDbEntity
  8
Layer_1
  6
ByLayer
 62
    7
370
   -1
100
AcDbSpline
210
0
220
0
230
0
 70
 4096
 71
    3
 72
    8
 73
    4
 74
    0
 42
1e-07
 43
1e-07
 40
0
 40
0
 40
0
 40
0
 40
1
 40
1
 40
1
 40
1
 10
196.132043
 20
171.132528
 30
0
 10
197.458124
 20
171.132528
 30
0
 10
198.729892
 20
171.659312
 30
0
 10
199.667573
 20
172.596993
 30
0
  0
SPLINE
  5
67
100
AcDbEntity
  8
Layer_1
  6
ByLayer
 62
    7
370
   -1
100
AcDbSpline
210
0
220
0
230
0
 70
 4096
 71
    3
 72
    8
 73
    4
 74
    0
 42
1e-07
 43
1e-07
 40
0
 40
0
 40
0
 40
0
 40
1
 40
1
 40
1
 40
1
 10
199.667573
 20
172.596993
 30
0
 10
200.605254
 20
173.534674
 30
0
 10
201.132037
 20
174.806442
 30
0
 10
201.132037
 20
176.132523
 30
0
  0
LWPOLYLINE
  5
68
100
AcDbEntity
  8
Layer_1
  6
ByLayer
 62
    7
370
   -1
100
AcDbPolyline
 90
    2
 70
    0
 43
0
 10
106.132177
 20
171.132653
 10
196.131937
 20
171.132653
  0
SPLINE
  5
69
100
AcDbEntity
  8
Layer_1
  6
ByLayer
 62
    7
370
   -1
100
AcDbSpline
210
0
220
0
230
0
 70
 4096
 71
    3
 72
    8
 73
    4
 74
    0
 42
1e-07
 43
1e-07
 40
0
 40
0
 40
0
 40
0
 40
1
 40
1
 40
1
 40
1
 10
201.132037
 20
336.132319
 30
0
 10
201.132037
 20
337.4584
 30
0
 10
200.605254
 20
338.730168
 30
0
 10
199.667573
 20
339.667849
 30
0
  0
SPLINE
  5
6A
100
AcDbEntity
  8
Layer_1
  6
ByLayer
 62
    7
370
   -1
100
AcDbSpline
210
0
220
0
230
0
 70
 4096
 71
    3
 72
    8
 73
    4
 74
    0
 42
1e-07
 43
1e-07
 40
0
 40
0
 40
0
 40
0
 40
1
 40
1
 40
1
 40
1
 10
199.667573
 20
339.667849
 30
0
 10
198.729892
 20
340.605529
 30
0
 10
197.458124
 20
341.132313
 30
0
 10
196.132043
 20
341.132313
 30
0
  0
LWPOLYLINE
  5
6B
100
AcDbEntity
  8
Layer_1
  6
ByLayer
 62
    7
370
   -1
100
AcDbPolyline
 90
    2
 70
    0
 43
0
 10
201.132026
 20
176.132478
 10
201.132026
 20
336.132432
  0
SPLINE
  5
6C
100
AcDbEntity
  8
Layer_1
  6
ByLayer
 62
    7
370
   -1
100
AcDbSpline
210
0
220
0
230
0
 70
 4096
 71
    3
 72
    8
 73
    4
 74
    0
 42
1e-07
 43
1e-07
 40
0
 40
0
 40
0
 40
0
 40
1
 40
1
 40
1
 40
1
 10
106.132156
 20
341.132313
 30
0
 10
104.806075
 20
341.132313
 30
0
 10
103.534307
 20
340.605529
 30
0
 10
102.596626
 20
339.667849
 30
0
  0
SPLINE
  5
6D
100
AcDbEntity
  8
Layer_1
  6
ByLayer
 62
    7
370
   -1
100
AcDbSpline
210
0
220
0
230
0
 70
 4096
 71
    3
 72
    8
 73
    4
 74
    0
 42
1e-07
 43
1e-07
 40
0
 40
0
 40
0
 40
0
 40
1
 40
1
 40
1
 40
1
 10
102.596626
 20
339.667849
 30
0
 10
101.658945
 20
338.730168
 30
0
 10
101.132162
 20
337.4584
 30
0
 10
101.132162
 20
336.132319
 30
0
  0
LWPOLYLINE
  5
6E
100
AcDbEntity
  8
Layer_1
  6
ByLayer
 62
    7
370
   -1
100
AcDbPolyline
 90
    2
 70
    0
 43
0
 10
196.131937
 20
341.132257
 10
106.132177
 20
341.132257
  0
SPLINE
  5
6F
100
AcDbEntity
  8
Layer_1
  6
ByLayer
 62
    7
370
   -1
100
AcDbSpline
210
0
220
0
230
0
 70
 4096
 71
    3
 72
    8
 73
    4
 74
    0
 42
1e-07
 43
1e-07
 40
0
 40
0
 40
0
 40
0
 40
1
 40
1
 40
1
 40
1
 10
101.132162
 20
176.132523
 30
0
 10
101.132162
 20
174.806442
 30
0
 10
101.658945
 20
173.534674
 30
0
 10
102.596626
 20
172.596993
 30
0
  0
SPLINE
  5
70
100
AcDbEntity
  8
Layer_1
  6
ByLayer
 62
    7
370
   -1
100
AcDbSpline
210
0
220
0
230
0
 70
 4096
 71
    3
 72
    8
 73
    4
 74
    0
 42
1e-07
 43
1e-07
 40
0
 40
0
 40
0
 40
0
 40
1
 40
1
 40
1
 40
1
 10
102.596626
 20
172.596993
 30
0
 10
103.534307
 20
171.659312
 30
0
 10
104.806075
 20
171.132528
 30
0
 10
106.132156
 20
171.132528
 30
0
  0
LWPOLYLINE
  5
71
100
AcDbEntity
  8
Layer_1
  6
ByLayer
 62
    7
370
   -1
100
AcDbPolyline
 90
    2
 70
    0
 43
0
 10
101.132088
 20
336.132432
 10
101.132088
 20
176.132478
  0
SPLINE
  5
72
100
AcDbEntity
  8
Layer_1
  6
ByLayer
 62
    7
370
   -1
100
AcDbSpline
210
0
220
0
230
0
 70
 4096
 71
    3
 72
    8
 73
    4
 74
    0
 42
1e-07
 43
1e-07
 40
0
 40
0
 40
0
 40
0
 40
1
 40
1
 40
1
 40
1
 10
196.132043
 20
0.132739
 30
0
 10
197.458126
 20
0.132739
 30
0
 10
198.729897
 20
0.659525
 30
0
 10
199.667578
 20
1.597209
 30
0
  0
SPLINE
  5
73
100
AcDbEntity
  8
Layer_1
  6
ByLayer
 62
    7
370
   -1
100
AcDbSpline
210
0
220
0
230
0
 70
 4096
 71
    3
 72
    8
 73
    4
 74
    0
 42
1e-07
 43
1e-07
 40
0
 40
0
 40
0
 40
0
 40
1
 40
1
 40
1
 40
1
 10
199.667578
 20
1.597209
 30
0
 10
200.60526
 20
2.534893
 30
0
 10
201.132041
 20
3.806666
 30
0
 10
201.132037
 20
5.132749
 30
0
  0
LWPOLYLINE
  5
74
100
AcDbEntity
  8
Layer_1
  6
ByLayer
 62
    7
370
   -1
100
AcDbPolyline
 90
    2
 70
    0
 43
0
 10
106.132177
 20
0.13266
 10
196.131937
 20
0.13266
  0
SPLINE
  5
75
100
AcDbEntity
  8
Layer_1
  6
ByLayer
 62
    7
370
   -1
100
AcDbSpline
210
0
220
0
230
0
 70
 4096
 71
    3
 72
    8
 73
    4
 74
    0
 42
1e-07
 43
1e-07
 40
0
 40
0
 40
0
 40
0
 40
1
 40
1
 40
1
 40
1
 10
201.132037
 20
165.132535
 30
0
 10
201.132037
 20
166.458616
 30
0
 10
200.605254
 20
167.730384
 30
0
 10
199.667573
 20
168.668065
 30
0
  0
SPLINE
  5
76
100
AcDbEntity
  8
Layer_1
  6
ByLayer
 62
    7
370
   -1
100
AcDbSpline
210
0
220
0
230
0
 70
 4096
 71
    3
 72
    8
 73
    4
 74
    0
 42
1e-07
 43
1e-07
 40
0
 40
0
 40
0
 40
0
 40
1
 40
1
 40
1
 40
1
 10
199.667573
 20
168.668065
 30
0
 10
198.729892
 20
169.605746
 30
0
 10
197.458124
 20
170.132529
 30
0
 10
196.132043
 20
170.132529
 30
0
  0
LWPOLYLINE
  5
77
100
AcDbEntity
  8
Layer_1
  6
ByLayer
 62
    7
370
   -1
100
AcDbPolyline
 90
    2
 70
    0
 43
0
 10
201.132026
 20
5.133279
 10
201.132026
 20
165.132439
  0
SPLINE
  5
78
100
AcDbEntity
  8
Layer_1
  6
ByLayer
 62
    7
370
   -1
100
AcDbSpline
210
0
220
0
230
0
 70
 4096
 71
    3
 72
    8
 73
    4
 74
    0
 42
1e-07
 43
1e-07
 40
0
 40
0
 40
0
 40
0
 40
1
 40
1
 40
1
 40
1
 10
106.132156
 20
170.132529
 30
0
 10
104.806075
 20
170.132529
 30
0
 10
103.534307
 20
169.605746
 30
0
 10
102.596626
 20
168.668065
 30
0
  0
SPLINE
  5
79
100
AcDbEntity
  8
Layer_1
  6
ByLayer
 62
    7
370
   -1
100
AcDbSpline
210
0
220
0
230
0
 70
 4096
 71
    3
 72
    8
 73
    4
 74
    0
 42
1e-07
 43
1e-07
 40
0
 40
0
 40
0
 40
0
 40
1
 40
1
 40
1
 40
1
 10
102.596626
 20
168.668065
 30
0
 10
101.658945
 20
167.730384
 30
0
 10
101.132162
 20
166.458616
 30
0
 10
101.132162
 20
165.132535
 30
0
  0
LWPOLYLINE
  5
7A
100
AcDbEntity
  8
Layer_1
  6
ByLayer
 62
    7
370
   -1
100
AcDbPolyline
 90
    2
 70
    0
 43
0
 10
196.131937
 20
170.132529
 10
106.132177
 20
170.132529
  0
SPLINE
  5
7B
100
AcDbEntity
  8
Layer_1
  6
ByLayer
 62
    7
370
   -1
100
AcDbSpline
210
0
220
0
230
0
 70
 4096
 71
    3
 72
    8
 73
    4
 74
    0
 42
1e-07
 43
1e-07
 40
0
 40
0
 40
0
 40
0
 40
1
 40
1
 40
1
 40
1
 10
101.132162
 20
5.132749
 30
0
 10
101.132157
 20
3.806666
 30
0
 10
101.658939
 20
2.534893
 30
0
 10
102.59662
 20
1.597209
 30
0
  0
SPLINE
  5
7C
100
AcDbEntity
  8
Layer_1
  6
ByLayer
 62
    7
370
   -1
100
AcDbSpline
210
0
220
0
230
0
 70
 4096
 71
    3
 72
    8
 73
    4
 74
    0
 42
1e-07
 43
1e-07
 40
0
 40
0
 40
0
 40
0
 40
1
 40
1
 40
1
 40
1
 10
102.59662
 20
1.597209
 30
0
 10
103.534302
 20
0.659525
 30
0
 10
104.806072
 20
0.132739
 30
0
 10
106.132156
 20
0.132739
 30
0
  0
LWPOLYLINE
  5
7D
100
AcDbEntity
  8
Layer_1
  6
ByLayer
 62
    7
370
   -1
100
AcDbPolyline
 90
    2
 70
    0
 43
0
 10
101.132088
 20
165.132439
 10
101.132088
 20
5.133279
  0
SPLINE
  5
7E
100
AcDbEntity
  8
Layer_1
  6
ByLayer
 62
    7
370
   -1
100
AcDbSpline
210
0
220
0
230
0
 70
 4096
 71
    3
 72
    8
 73
    4
 74
    0
 42
1e-07
 43
1e-07
 40
0
 40
0
 40
0
 40
0
 40
1
 40
1
 40
1
 40
1
 10
106.332157
 20
7.432743
 30
0
 10
106.332151
 20
6.769699
 30
0
 10
106.595541
 20
6.133809
 30
0
 10
107.064382
 20
5.664964
 30
0
  0
SPLINE
  5
7F
100
AcDbEntity
  8
Layer_1
  6
ByLayer
 62
    7
370
   -1
100
AcDbSpline
210
0
220
0
230
0
 70
 4096
 71
    3
 72
    8
 73
    4
 74
    0
 42
1e-07
 43
1e-07
 40
0
 40
0
 40
0
 40
0
 40
1
 40
1
 40
1
 40
1
 10
107.064382
 20
5.664964
 30
0
 10
107.533223
 20
5.196119
 30
0
 10
108.16911
 20
4.932725
 30
0
 10
108.832154
 20
4.932725
 30
0
  0
LWPOLYLINE
  5
80
100
AcDbEntity
  8
Layer_1
  6
ByLayer
 62
    7
370
   -1
100
AcDbPolyline
 90
    2
 70
    0
 43
0
 10
150.932165
 20
4.932195
 10
108.832247
 20
4.932195
  0
SPLINE
  5
81
100
AcDbEntity
  8
Layer_1
  6
ByLayer
 62
    7
370
   -1
100
AcDbSpline
210
0
220
0
230
0
 70
 4096
 71
    3
 72
    8
 73
    4
 74
    0
 42
1e-07
 43
1e-07
 40
0
 40
0
 40
0
 40
0
 40
1
 40
1
 40
1
 40
1
 10
108.832154
 20
55.132674
 30
0
 10
108.169114
 20
55.132674
 30
0
 10
107.53323
 20
54.869282
 30
0
 10
107.064389
 20
54.400442
 30
0
  0
SPLINE
  5
82
100
AcDbEntity
  8
Layer_1
  6
ByLayer
 62
    7
370
   -1
100
AcDbSpline
210
0
220
0
230
0
 70
 4096
 71
    3
 72
    8
 73
    4
 74
    0
 42
1e-07
 43
1e-07
 40
0
 40
0
 40
0
 40
0
 40
1
 40
1
 40
1
 40
1
 10
107.064389
 20
54.400442
 30
0
 10
106.595549
 20
53.931601
 30
0
 10
106.332157
 20
53.295717
 30
0
 10
106.332157
 20
52.632677
 30
0
  0
LWPOLYLINE
  5
83
100
AcDbEntity
  8
Layer_1
  6
ByLayer
 62
    7
370
   -1
100
AcDbPolyline
 90
    2
 70
    0
 43
0
 10
106.332202
 20
7.432505
 10
106.332202
 20
52.632806
  0
SPLINE
  5
84
100
AcDbEntity
  8
Layer_1
  6
ByLayer
 62
    7
370
   -1
100
AcDbSpline
210
0
220
0
230
0
 70
 4096
 71
    3
 72
    8
 73
    4
 74
    0
 42
1e-07
 43
1e-07
 40
0
 40
0
 40
0
 40
0
 40
1
 40
1
 40
1
 40
1
 10
137.37985
 20
55.132674
 30
0
 10
138.430844
 20
55.132674
 30
0
 10
139.369616
 20
55.790009
 30
0
 10
139.729077
 20
56.777621
 30
0
  0
LWPOLYLINE
  5
85
100
AcDbEntity
  8
Layer_1
  6
ByLayer
 62
    7
370
   -1
100
AcDbPolyline
 90
    2
 70
    0
 43
0
 10
108.832247
 20
55.132586
 10
137.379959
 20
55.132586
  0
SPLINE
  5
86
100
AcDbEntity
  8
Layer_1
  6
ByLayer
 62
    7
370
   -1
100
AcDbSpline
210
0
220
0
230
0
 70
 4096
 71
    3
 72
    8
 73
    4
 74
    0
 42
1e-07
 43
1e-07
 40
0
 40
0
 40
0
 40
0
 40
1
 40
1
 40
1
 40
1
 10
153.43916
 20
94.44576499999999
 30
0
 10
153.911391
 20
95.743208
 30
0
 10
153.242425
 20
97.17781100000001
 30
0
 10
151.944983
 20
97.650043
 30
0
  0
LWPOLYLINE
  5
87
100
AcDbEntity
  8
Layer_1
  6
ByLayer
 62
    7
370
   -1
100
AcDbPolyline
 90
    2
 70
    0
 43
0
 10
139.729191
 20
56.777499
 10
153.439089
 20
94.445651
  0
SPLINE
  5
88
100
AcDbEntity
  8
Layer_1
  6
ByLayer
 62
    7
370
   -1
100
AcDbSpline
210
0
220
0
230
0
 70
 4096
 71
    3
 72
    8
 73
    4
 74
    0
 42
1e-07
 43
1e-07
 40
0
 40
0
 40
0
 40
0
 40
1
 40
1
 40
1
 40
1
 10
141.332112
 20
103.263327
 30
0
 10
141.332111
 20
102.212332
 30
0
 10
141.989447
 20
101.273559
 30
0
 10
142.977059
 20
100.914097
 30
0
  0
LWPOLYLINE
  5
89
100
AcDbEntity
  8
Layer_1
  6
ByLayer
 62
    7
370
   -1
100
AcDbPolyline
 90
    2
 70
    0
 43
0
 10
151.944988
 20
97.65001599999999
 10
142.976948
 20
100.914177
  0
SPLINE
  5
8A
100
AcDbEntity
  8
Layer_1
  6
ByLayer
 62
    7
370
   -1
100
AcDbSpline
210
0
220
0
230
0
 70
 4096
 71
    3
 72
    8
 73
    4
 74
    0
 42
1e-07
 43
1e-07
 40
0
 40
0
 40
0
 40
0
 40
1
 40
1
 40
1
 40
1
 10
143.832109
 20
115.132597
 30
0
 10
143.169068
 20
115.132597
 30
0
 10
142.533184
 20
114.869205
 30
0
 10
142.064344
 20
114.400365
 30
0
  0
SPLINE
  5
8B
100
AcDbEntity
  8
Layer_1
  6
ByLayer
 62
    7
370
   -1
100
AcDbSpline
210
0
220
0
230
0
 70
 4096
 71
    3
 72
    8
 73
    4
 74
    0
 42
1e-07
 43
1e-07
 40
0
 40
0
 40
0
 40
0
 40
1
 40
1
 40
1
 40
1
 10
142.064344
 20
114.400365
 30
0
 10
141.595503
 20
113.931525
 30
0
 10
141.332112
 20
113.295641
 30
0
 10
141.332112
 20
112.6326
 30
0
  0
LWPOLYLINE
  5
8C
100
AcDbEntity
  8
Layer_1
  6
ByLayer
 62
    7
370
   -1
100
AcDbPolyline
 90
    2
 70
    0
 43
0
 10
141.332035
 20
103.263409
 10
141.332035
 20
112.632558
  0
LWPOLYLINE
  5
8D
100
AcDbEntity
  8
Layer_1
  6
ByLayer
 62
    7
370
   -1
100
AcDbPolyline
 90
    2
 70
    0
 43
0
 10
143.83208
 20
115.132602
 10
168.431949
 20
115.132602
  0
SPLINE
  5
8E
100
AcDbEntity
  8
Layer_1
  6
ByLayer
 62
    7
370
   -1
100
AcDbSpline
210
0
220
0
230
0
 70
 4096
 71
    3
 72
    8
 73
    4
 74
    0
 42
1e-07
 43
1e-07
 40
0
 40
0
 40
0
 40
0
 40
1
 40
1
 40
1
 40
1
 10
194.032045
 20
4.932725
 30
0
 10
194.695089
 20
4.932725
 30
0
 10
195.330976
 20
5.196119
 30
0
 10
195.799817
 20
5.664964
 30
0
  0
SPLINE
  5
8F
100
AcDbEntity
  8
Layer_1
  6
ByLayer
 62
    7
370
   -1
100
AcDbSpline
210
0
220
0
230
0
 70
 4096
 71
    3
 72
    8
 73
    4
 74
    0
 42
1e-07
 43
1e-07
 40
0
 40
0
 40
0
 40
0
 40
1
 40
1
 40
1
 40
1
 10
195.799817
 20
5.664964
 30
0
 10
196.268658
 20
6.133809
 30
0
 10
196.532048
 20
6.769699
 30
0
 10
196.532042
 20
7.432743
 30
0
  0
LWPOLYLINE
  5
90
100
AcDbEntity
  8
Layer_1
  6
ByLayer
 62
    7
370
   -1
100
AcDbPolyline
 90
    2
 70
    0
 43
0
 10
194.031942
 20
4.932195
 10
151.932024
 20
4.932195
  0
SPLINE
  5
91
100
AcDbEntity
  8
Layer_1
  6
ByLayer
 62
    7
370
   -1
100
AcDbSpline
210
0
220
0
230
0
 70
 4096
 71
    3
 72
    8
 73
    4
 74
    0
 42
1e-07
 43
1e-07
 40
0
 40
0
 40
0
 40
0
 40
1
 40
1
 40
1
 40
1
 10
196.532042
 20
112.6326
 30
0
 10
196.532042
 20
113.295641
 30
0
 10
196.26865
 20
113.931525
 30
0
 10
195.79981
 20
114.400365
 30
0
  0
SPLINE
  5
92
100
AcDbEntity
  8
Layer_1
  6
ByLayer
 62
    7
370
   -1
100
AcDbSpline
210
0
220
0
230
0
 70
 4096
 71
    3
 72
    8
 73
    4
 74
    0
 42
1e-07
 43
1e-07
 40
0
 40
0
 40
0
 40
0
 40
1
 40
1
 40
1
 40
1
 10
195.79981
 20
114.400365
 30
0
 10
195.330969
 20
114.869205
 30
0
 10
194.695085
 20
115.132597
 30
0
 10
194.032045
 20
115.132597
 30
0
  0
LWPOLYLINE
  5
93
100
AcDbEntity
  8
Layer_1
  6
ByLayer
 62
    7
370
   -1
100
AcDbPolyline
 90
    2
 70
    0
 43
0
 10
196.531986
 20
112.632558
 10
196.531986
 20
7.432505
  0
LWPOLYLINE
  5
94
100
AcDbEntity
  8
Layer_1
  6
ByLayer
 62
    7
370
   -1
100
AcDbPolyline
 90
    2
 70
    0
 43
0
 10
169.432073
 20
115.132602
 10
194.031942
 20
115.132602
  0
SPLINE
  5
95
100
AcDbEntity
  8
Layer_1
  6
ByLayer
 62
    7
370
   -1
100
AcDbSpline
210
0
220
0
230
0
 70
 4096
 71
    3
 72
    8
 73
    4
 74
    0
 42
1e-07
 43
1e-07
 40
0
 40
0
 40
0
 40
0
 40
1
 40
1
 40
1
 40
1
 10
111.765163
 20
9.932734999999999
 30
0
 10
111.675843
 20
9.932731
 30
0
 10
111.593311
 20
9.885075000000001
 30
0
 10
111.548657
 20
9.807719000000001
 30
0
  0
SPLINE
  5
96
100
AcDbEntity
  8
Layer_1
  6
ByLayer
 62
    7
370
   -1
100
AcDbSpline
210
0
220
0
230
0
 70
 4096
 71
    3
 72
    8
 73
    4
 74
    0
 42
1e-07
 43
1e-07
 40
0
 40
0
 40
0
 40
0
 40
1
 40
1
 40
1
 40
1
 10
111.207149
 20
10.149243
 30
0
 10
111.11614
 20
10.096689
 30
0
 10
111.067716
 20
9.992827999999999
 30
0
 10
111.085966
 20
9.889332
 30
0
  0
SPLINE
  5
97
100
AcDbEntity
  8
Layer_1
  6
ByLayer
 62
    7
370
   -1
100
AcDbSpline
210
0
220
0
230
0
 70
 4096
 71
    3
 72
    8
 73
    4
 74
    0
 42
1e-07
 43
1e-07
 40
0
 40
0
 40
0
 40
0
 40
1
 40
1
 40
1
 40
1
 10
111.085966
 20
9.889332
 30
0
 10
111.104217
 20
9.785836
 30
0
 10
111.185245
 20
9.704803999999999
 30
0
 10
111.288741
 20
9.686548
 30
0
  0
SPLINE
  5
98
100
AcDbEntity
  8
Layer_1
  6
ByLayer
 62
    7
370
   -1
100
AcDbSpline
210
0
220
0
230
0
 70
 4096
 71
    3
 72
    8
 73
    4
 74
    0
 42
1e-07
 43
1e-07
 40
0
 40
0
 40
0
 40
0
 40
1
 40
1
 40
1
 40
1
 10
111.288741
 20
9.686548
 30
0
 10
111.392236
 20
9.668293
 30
0
 10
111.496099
 20
9.716713
 30
0
 10
111.548657
 20
9.807719000000001
 30
0
  0
SPLINE
  5
99
100
AcDbEntity
  8
Layer_1
  6
ByLayer
 62
    7
370
   -1
100
AcDbSpline
210
0
220
0
230
0
 70
 4096
 71
    3
 72
    8
 73
    4
 74
    0
 42
1e-07
 43
1e-07
 40
0
 40
0
 40
0
 40
0
 40
1
 40
1
 40
1
 40
1
 10
111.207149
 20
10.149243
 30
0
 10
111.2845
 20
10.193902
 30
0
 10
111.33215
 20
10.276434
 30
0
 10
111.332149
 20
10.365751
 30
0
  0
LWPOLYLINE
  5
9A
100
AcDbEntity
  8
Layer_1
  6
ByLayer
 62
    7
370
   -1
100
AcDbPolyline
 90
    2
 70
    0
 43
0
 10
169.794287
 20
9.932814
 10
111.765149
 20
9.932814
  0
SPLINE
  5
9B
100
AcDbEntity
  8
Layer_1
  6
ByLayer
 62
    7
370
   -1
100
AcDbSpline
210
0
220
0
230
0
 70
 4096
 71
    3
 72
    8
 73
    4
 74
    0
 42
1e-07
 43
1e-07
 40
0
 40
0
 40
0
 40
0
 40
1
 40
1
 40
1
 40
1
 10
111.332149
 20
49.699668
 30
0
 10
111.332149
 20
49.788984
 30
0
 10
111.284499
 20
49.871516
 30
0
 10
111.207149
 20
49.916174
 30
0
  0
SPLINE
  5
9C
100
AcDbEntity
  8
Layer_1
  6
ByLayer
 62
    7
370
   -1
100
AcDbSpline
210
0
220
0
230
0
 70
 4096
 71
    3
 72
    8
 73
    4
 74
    0
 42
1e-07
 43
1e-07
 40
0
 40
0
 40
0
 40
0
 40
1
 40
1
 40
1
 40
1
 10
111.548657
 20
50.257679
 30
0
 10
111.496107
 20
50.348697
 30
0
 10
111.392242
 20
50.39713
 30
0
 10
111.28874
 20
50.37888
 30
0
  0
SPLINE
  5
9D
100
AcDbEntity
  8
Layer_1
  6
ByLayer
 62
    7
370
   -1
100
AcDbSpline
210
0
220
0
230
0
 70
 4096
 71
    3
 72
    8
 73
    4
 74
    0
 42
1e-07
 43
1e-07
 40
0
 40
0
 40
0
 40
0
 40
1
 40
1
 40
1
 40
1
 10
111.28874
 20
50.37888
 30
0
 10
111.185237
 20
50.36063
 30
0
 10
111.104201
 20
50.279594
 30
0
 10
111.08595
 20
50.176092
 30
0
  0
SPLINE
  5
9E
100
AcDbEntity
  8
Layer_1
  6
ByLayer
 62
    7
370
   -1
100
AcDbSpline
210
0
220
0
230
0
 70
 4096
 71
    3
 72
    8
 73
    4
 74
    0
 42
1e-07
 43
1e-07
 40
0
 40
0
 40
0
 40
0
 40
1
 40
1
 40
1
 40
1
 10
111.08595
 20
50.176092
 30
0
 10
111.067699
 20
50.07259
 30
0
 10
111.116131
 20
49.968724
 30
0
 10
111.207149
 20
49.916174
 30
0
  0
SPLINE
  5
9F
100
AcDbEntity
  8
Layer_1
  6
ByLayer
 62
    7
370
   -1
100
AcDbSpline
210
0
220
0
230
0
 70
 4096
 71
    3
 72
    8
 73
    4
 74
    0
 42
1e-07
 43
1e-07
 40
0
 40
0
 40
0
 40
0
 40
1
 40
1
 40
1
 40
1
 10
111.548657
 20
50.257679
 30
0
 10
111.593315
 20
50.180329
 30
0
 10
111.675847
 20
50.13268
 30
0
 10
111.765163
 20
50.132679
 30
0
  0
LWPOLYLINE
  5
A0
100
AcDbEntity
  8
Layer_1
  6
ByLayer
 62
    7
370
   -1
100
AcDbPolyline
 90
    2
 70
    0
 43
0
 10
111.332027
 20
10.36673
 10
111.332027
 20
49.699639
  0
SPLINE
  5
A1
100
AcDbEntity
  8
Layer_1
  6
ByLayer
 62
    7
370
   -1
100
AcDbSpline
210
0
220
0
230
0
 70
 4096
 71
    3
 72
    8
 73
    4
 74
    0
 42
1e-07
 43
1e-07
 40
0
 40
0
 40
0
 40
0
 40
1
 40
1
 40
1
 40
1
 10
141.931194
 20
50.132679
 30
0
 10
142.351592
 20
50.13268
 30
0
 10
142.7271
 20
50.395615
 30
0
 10
142.870884
 20
50.79066
 30
0
  0
LWPOLYLINE
  5
A2
100
AcDbEntity
  8
Layer_1
  6
ByLayer
 62
    7
370
   -1
100
AcDbPolyline
 90
    2
 70
    0
 43
0
 10
111.765149
 20
50.132761
 10
141.931316
 20
50.132761
  0
SPLINE
  5
A3
100
AcDbEntity
  8
Layer_1
  6
ByLayer
 62
    7
370
   -1
100
AcDbSpline
210
0
220
0
230
0
 70
 4096
 71
    3
 72
    8
 73
    4
 74
    0
 42
1e-07
 43
1e-07
 40
0
 40
0
 40
0
 40
0
 40
1
 40
1
 40
1
 40
1
 10
160.257615
 20
98.560309
 30
0
 10
160.348324
 20
98.80953
 30
0
 10
160.336315
 20
99.08457900000001
 30
0
 10
160.22423
 20
99.324946
 30
0
  0
SPLINE
  5
A4
100
AcDbEntity
  8
Layer_1
  6
ByLayer
 62
    7
370
   -1
100
AcDbSpline
210
0
220
0
230
0
 70
 4096
 71
    3
 72
    8
 73
    4
 74
    0
 42
1e-07
 43
1e-07
 40
0
 40
0
 40
0
 40
0
 40
1
 40
1
 40
1
 40
1
 10
160.22423
 20
99.324946
 30
0
 10
160.112145
 20
99.565314
 30
0
 10
159.909165
 20
99.751311
 30
0
 10
159.659943
 20
99.84202000000001
 30
0
  0
LWPOLYLINE
  5
A5
100
AcDbEntity
  8
Layer_1
  6
ByLayer
 62
    7
370
   -1
100
AcDbPolyline
 90
    2
 70
    0
 43
0
 10
142.87085
 20
50.790779
 10
160.257657
 20
98.560182
  0
SPLINE
  5
A6
100
AcDbEntity
  8
Layer_1
  6
ByLayer
 62
    7
370
   -1
100
AcDbSpline
210
0
220
0
230
0
 70
 4096
 71
    3
 72
    8
 73
    4
 74
    0
 42
1e-07
 43
1e-07
 40
0
 40
0
 40
0
 40
0
 40
1
 40
1
 40
1
 40
1
 10
146.739006
 20
104.544856
 30
0
 10
146.655075
 20
104.575404
 30
0
 10
146.561223
 20
104.558855
 30
0
 10
146.492803
 20
104.501443
 30
0
  0
SPLINE
  5
A7
100
AcDbEntity
  8
Layer_1
  6
ByLayer
 62
    7
370
   -1
100
AcDbSpline
210
0
220
0
230
0
 70
 4096
 71
    3
 72
    8
 73
    4
 74
    0
 42
1e-07
 43
1e-07
 40
0
 40
0
 40
0
 40
0
 40
1
 40
1
 40
1
 40
1
 10
146.207106
 20
104.909462
 30
0
 10
146.125242
 20
104.862194
 30
0
 10
146.077039
 20
104.772792
 30
0
 10
146.082537
 20
104.678421
 30
0
  0
SPLINE
  5
A8
100
AcDbEntity
  8
Layer_1
  6
ByLayer
 62
    7
370
   -1
100
AcDbSpline
210
0
220
0
230
0
 70
 4096
 71
    3
 72
    8
 73
    4
 74
    0
 42
1e-07
 43
1e-07
 40
0
 40
0
 40
0
 40
0
 40
1
 40
1
 40
1
 40
1
 10
146.082537
 20
104.678421
 30
0
 10
146.088034
 20
104.58405
 30
0
 10
146.146291
 20
104.500851
 30
0
 10
146.233091
 20
104.463408
 30
0
  0
SPLINE
  5
A9
100
AcDbEntity
  8
Layer_1
  6
ByLayer
 62
    7
370
   -1
100
AcDbSpline
210
0
220
0
230
0
 70
 4096
 71
    3
 72
    8
 73
    4
 74
    0
 42
1e-07
 43
1e-07
 40
0
 40
0
 40
0
 40
0
 40
1
 40
1
 40
1
 40
1
 10
146.233091
 20
104.463408
 30
0
 10
146.31989
 20
104.425964
 30
0
 10
146.420386
 20
104.440682
 30
0
 10
146.492803
 20
104.501443
 30
0
  0
SPLINE
  5
AA
100
AcDbEntity
  8
Layer_1
  6
ByLayer
 62
    7
370
   -1
100
AcDbSpline
210
0
220
0
230
0
 70
 4096
 71
    3
 72
    8
 73
    4
 74
    0
 42
1e-07
 43
1e-07
 40
0
 40
0
 40
0
 40
0
 40
1
 40
1
 40
1
 40
1
 10
146.207106
 20
104.909462
 30
0
 10
146.284456
 20
104.95412
 30
0
 10
146.332106
 20
105.036651
 30
0
 10
146.332106
 20
105.125968
 30
0
  0
LWPOLYLINE
  5
AB
100
AcDbEntity
  8
Layer_1
  6
ByLayer
 62
    7
370
   -1
100
AcDbPolyline
 90
    2
 70
    0
 43
0
 10
159.659964
 20
99.84208599999999
 10
146.739053
 20
104.544785
  0
SPLINE
  5
AC
100
AcDbEntity
  8
Layer_1
  6
ByLayer
 62
    7
370
   -1
100
AcDbSpline
210
0
220
0
230
0
 70
 4096
 71
    3
 72
    8
 73
    4
 74
    0
 42
1e-07
 43
1e-07
 40
0
 40
0
 40
0
 40
0
 40
1
 40
1
 40
1
 40
1
 10
146.332106
 20
109.699592
 30
0
 10
146.332107
 20
109.788909
 30
0
 10
146.284457
 20
109.871441
 30
0
 10
146.207106
 20
109.9161
 30
0
  0
SPLINE
  5
AD
100
AcDbEntity
  8
Layer_1
  6
ByLayer
 62
    7
370
   -1
100
AcDbSpline
210
0
220
0
230
0
 70
 4096
 71
    3
 72
    8
 73
    4
 74
    0
 42
1e-07
 43
1e-07
 40
0
 40
0
 40
0
 40
0
 40
1
 40
1
 40
1
 40
1
 10
146.548612
 20
110.257605
 30
0
 10
146.496062
 20
110.348625
 30
0
 10
146.392197
 20
110.397059
 30
0
 10
146.288693
 20
110.378809
 30
0
  0
SPLINE
  5
AE
100
AcDbEntity
  8
Layer_1
  6
ByLayer
 62
    7
370
   -1
100
AcDbSpline
210
0
220
0
230
0
 70
 4096
 71
    3
 72
    8
 73
    4
 74
    0
 42
1e-07
 43
1e-07
 40
0
 40
0
 40
0
 40
0
 40
1
 40
1
 40
1
 40
1
 10
146.288693
 20
110.378809
 30
0
 10
146.18519
 20
110.360559
 30
0
 10
146.104153
 20
110.279522
 30
0
 10
146.085903
 20
110.176018
 30
0
  0
SPLINE
  5
AF
100
AcDbEntity
  8
Layer_1
  6
ByLayer
 62
    7
370
   -1
100
AcDbSpline
210
0
220
0
230
0
 70
 4096
 71
    3
 72
    8
 73
    4
 74
    0
 42
1e-07
 43
1e-07
 40
0
 40
0
 40
0
 40
0
 40
1
 40
1
 40
1
 40
1
 10
146.085903
 20
110.176018
 30
0
 10
146.067653
 20
110.072515
 30
0
 10
146.116087
 20
109.968649
 30
0
 10
146.207106
 20
109.9161
 30
0
  0
SPLINE
  5
B0
100
AcDbEntity
  8
Layer_1
  6
ByLayer
 62
    7
370
   -1
100
AcDbSpline
210
0
220
0
230
0
 70
 4096
 71
    3
 72
    8
 73
    4
 74
    0
 42
1e-07
 43
1e-07
 40
0
 40
0
 40
0
 40
0
 40
1
 40
1
 40
1
 40
1
 10
146.548612
 20
110.257605
 30
0
 10
146.59327
 20
110.180255
 30
0
 10
146.675801
 20
110.132606
 30
0
 10
146.765117
 20
110.132606
 30
0
  0
LWPOLYLINE
  5
B1
100
AcDbEntity
  8
Layer_1
  6
ByLayer
 62
    7
370
   -1
100
AcDbPolyline
 90
    2
 70
    0
 43
0
 10
146.332125
 20
105.126073
 10
146.332125
 20
109.699655
  0
LWPOLYLINE
  5
B2
100
AcDbEntity
  8
Layer_1
  6
ByLayer
 62
    7
370
   -1
100
AcDbPolyline
 90
    2
 70
    0
 43
0
 10
146.765247
 20
110.132513
 10
168.431949
 20
110.132513
  0
SPLINE
  5
B3
100
AcDbEntity
  8
Layer_1
  6
ByLayer
 62
    7
370
   -1
100
AcDbSpline
210
0
220
0
230
0
 70
 4096
 71
    3
 72
    8
 73
    4
 74
    0
 42
1e-07
 43
1e-07
 40
0
 40
0
 40
0
 40
0
 40
1
 40
1
 40
1
 40
1
 10
191.099036
 20
110.132606
 30
0
 10
191.188352
 20
110.132606
 30
0
 10
191.270884
 20
110.180255
 30
0
 10
191.315542
 20
110.257605
 30
0
  0
SPLINE
  5
B4
100
AcDbEntity
  8
Layer_1
  6
ByLayer
 62
    7
370
   -1
100
AcDbSpline
210
0
220
0
230
0
 70
 4096
 71
    3
 72
    8
 73
    4
 74
    0
 42
1e-07
 43
1e-07
 40
0
 40
0
 40
0
 40
0
 40
1
 40
1
 40
1
 40
1
 10
191.65705
 20
109.9161
 30
0
 10
191.748068
 20
109.96865
 30
0
 10
191.7965
 20
110.072516
 30
0
 10
191.778249
 20
110.176018
 30
0
  0
SPLINE
  5
B5
100
AcDbEntity
  8
Layer_1
  6
ByLayer
 62
    7
370
   -1
100
AcDbSpline
210
0
220
0
230
0
 70
 4096
 71
    3
 72
    8
 73
    4
 74
    0
 42
1e-07
 43
1e-07
 40
0
 40
0
 40
0
 40
0
 40
1
 40
1
 40
1
 40
1
 10
191.778249
 20
110.176018
 30
0
 10
191.759998
 20
110.27952
 30
0
 10
191.678962
 20
110.360556
 30
0
 10
191.575459
 20
110.378806
 30
0
  0
SPLINE
  5
B6
100
AcDbEntity
  8
Layer_1
  6
ByLayer
 62
    7
370
   -1
100
AcDbSpline
210
0
220
0
230
0
 70
 4096
 71
    3
 72
    8
 73
    4
 74
    0
 42
1e-07
 43
1e-07
 40
0
 40
0
 40
0
 40
0
 40
1
 40
1
 40
1
 40
1
 10
191.575459
 20
110.378806
 30
0
 10
191.471957
 20
110.397057
 30
0
 10
191.368092
 20
110.348623
 30
0
 10
191.315542
 20
110.257605
 30
0
  0
SPLINE
  5
B7
100
AcDbEntity
  8
Layer_1
  6
ByLayer
 62
    7
370
   -1
100
AcDbSpline
210
0
220
0
230
0
 70
 4096
 71
    3
 72
    8
 73
    4
 74
    0
 42
1e-07
 43
1e-07
 40
0
 40
0
 40
0
 40
0
 40
1
 40
1
 40
1
 40
1
 10
191.65705
 20
109.9161
 30
0
 10
191.579698
 20
109.871442
 30
0
 10
191.532047
 20
109.788909
 30
0
 10
191.532048
 20
109.699592
 30
0
  0
LWPOLYLINE
  5
B8
100
AcDbEntity
  8
Layer_1
  6
ByLayer
 62
    7
370
   -1
100
AcDbPolyline
 90
    2
 70
    0
 43
0
 10
169.432073
 20
110.132513
 10
191.099039
 20
110.132513
  0
SPLINE
  5
B9
100
AcDbEntity
  8
Layer_1
  6
ByLayer
 62
    7
370
   -1
100
AcDbSpline
210
0
220
0
230
0
 70
 4096
 71
    3
 72
    8
 73
    4
 74
    0
 42
1e-07
 43
1e-07
 40
0
 40
0
 40
0
 40
0
 40
1
 40
1
 40
1
 40
1
 10
191.532048
 20
10.365751
 30
0
 10
191.532047
 20
10.276434
 30
0
 10
191.579698
 20
10.193901
 30
0
 10
191.65705
 20
10.149243
 30
0
  0
SPLINE
  5
BA
100
AcDbEntity
  8
Layer_1
  6
ByLayer
 62
    7
370
   -1
100
AcDbSpline
210
0
220
0
230
0
 70
 4096
 71
    3
 72
    8
 73
    4
 74
    0
 42
1e-07
 43
1e-07
 40
0
 40
0
 40
0
 40
0
 40
1
 40
1
 40
1
 40
1
 10
191.315542
 20
9.807719000000001
 30
0
 10
191.3681
 20
9.716713
 30
0
 10
191.471963
 20
9.668293
 30
0
 10
191.575458
 20
9.686548
 30
0
  0
SPLINE
  5
BB
100
AcDbEntity
  8
Layer_1
  6
ByLayer
 62
    7
370
   -1
100
AcDbSpline
210
0
220
0
230
0
 70
 4096
 71
    3
 72
    8
 73
    4
 74
    0
 42
1e-07
 43
1e-07
 40
0
 40
0
 40
0
 40
0
 40
1
 40
1
 40
1
 40
1
 10
191.575458
 20
9.686548
 30
0
 10
191.678954
 20
9.704803999999999
 30
0
 10
191.759982
 20
9.785836
 30
0
 10
191.778233
 20
9.889332
 30
0
  0
SPLINE
  5
BC
100
AcDbEntity
  8
Layer_1
  6
ByLayer
 62
    7
370
   -1
100
AcDbSpline
210
0
220
0
230
0
 70
 4096
 71
    3
 72
    8
 73
    4
 74
    0
 42
1e-07
 43
1e-07
 40
0
 40
0
 40
0
 40
0
 40
1
 40
1
 40
1
 40
1
 10
191.778233
 20
9.889332
 30
0
 10
191.796483
 20
9.992827999999999
 30
0
 10
191.748059
 20
10.096689
 30
0
 10
191.65705
 20
10.149243
 30
0
  0
SPLINE
  5
BD
100
AcDbEntity
  8
Layer_1
  6
ByLayer
 62
    7
370
   -1
100
AcDbSpline
210
0
220
0
230
0
 70
 4096
 71
    3
 72
    8
 73
    4
 74
    0
 42
1e-07
 43
1e-07
 40
0
 40
0
 40
0
 40
0
 40
1
 40
1
 40
1
 40
1
 10
191.315542
 20
9.807719000000001
 30
0
 10
191.270888
 20
9.885075000000001
 30
0
 10
191.188356
 20
9.932731
 30
0
 10
191.099036
 20
9.932734999999999
 30
0
  0
LWPOLYLINE
  5
BE
100
AcDbEntity
  8
Layer_1
  6
ByLayer
 62
    7
370
   -1
100
AcDbPolyline
 90
    2
 70
    0
 43
0
 10
191.532161
 20
109.699655
 10
191.532161
 20
10.36673
  0
LWPOLYLINE
  5
BF
100
AcDbEntity
  8
Layer_1
  6
ByLayer
 62
    7
370
   -1
100
AcDbPolyline
 90
    2
 70
    0
 43
0
 10
191.099039
 20
9.932814
 10
170.79441
 20
9.932814
  0
LWPOLYLINE
  5
C0
100
AcDbEntity
  8
Layer_1
  6
ByLayer
 62
    7
370
   -1
100
AcDbPolyline
 90
    2
 70
    0
 43
0
 10
153.381939
 20
79.66948499999999
 10
153.766378
 20
79.848872
  0
SPLINE
  5
C1
100
AcDbEntity
  8
Layer_1
  6
ByLayer
 62
    7
370
   -1
100
AcDbSpline
210
0
220
0
230
0
 70
 4096
 71
    3
 72
    8
 73
    4
 74
    0
 42
1e-07
 43
1e-07
 40
0
 40
0
 40
0
 40
0
 40
1
 40
1
 40
1
 40
1
 10
155.752351
 20
79.126092
 30
0
 10
155.717092
 20
79.02921600000001
 30
0
 10
155.767042
 20
78.9221
 30
0
 10
155.863918
 20
78.88684000000001
 30
0
  0
SPLINE
  5
C2
100
AcDbEntity
  8
Layer_1
  6
ByLayer
 62
    7
370
   -1
100
AcDbSpline
210
0
220
0
230
0
 70
 4096
 71
    3
 72
    8
 73
    4
 74
    0
 42
1e-07
 43
1e-07
 40
0
 40
0
 40
0
 40
0
 40
1
 40
1
 40
1
 40
1
 10
155.863918
 20
78.88684000000001
 30
0
 10
155.960792
 20
78.85158699999999
 30
0
 10
156.067902
 20
78.901537
 30
0
 10
156.103161
 20
78.998409
 30
0
  0
SPLINE
  5
C3
100
AcDbEntity
  8
Layer_1
  6
ByLayer
 62
    7
370
   -1
100
AcDbSpline
210
0
220
0
230
0
 70
 4096
 71
    3
 72
    8
 73
    4
 74
    0
 42
1e-07
 43
1e-07
 40
0
 40
0
 40
0
 40
0
 40
1
 40
1
 40
1
 40
1
 10
156.103161
 20
78.998409
 30
0
 10
156.13842
 20
79.095281
 30
0
 10
156.088476
 20
79.202395
 30
0
 10
155.991605
 20
79.23765899999999
 30
0
  0
LWPOLYLINE
  5
C4
100
AcDbEntity
  8
Layer_1
  6
ByLayer
 62
    7
370
   -1
100
AcDbPolyline
 90
    2
 70
    0
 43
0
 10
155.752338
 20
79.126031
 10
153.766378
 20
79.848872
  0
SPLINE
  5
C5
100
AcDbEntity
  8
Layer_1
  6
ByLayer
 62
    7
370
   -1
100
AcDbSpline
210
0
220
0
230
0
 70
 4096
 71
    3
 72
    8
 73
    4
 74
    0
 42
1e-07
 43
1e-07
 40
0
 40
0
 40
0
 40
0
 40
1
 40
1
 40
1
 40
1
 10
163.670418
 20
107.532607
 30
0
 10
163.670663
 20
107.429687
 30
0
 10
163.754164
 20
107.346385
 30
0
 10
163.857084
 20
107.346385
 30
0
  0
SPLINE
  5
C6
100
AcDbEntity
  8
Layer_1
  6
ByLayer
 62
    7
370
   -1
100
AcDbSpline
210
0
220
0
230
0
 70
 4096
 71
    3
 72
    8
 73
    4
 74
    0
 42
1e-07
 43
1e-07
 40
0
 40
0
 40
0
 40
0
 40
1
 40
1
 40
1
 40
1
 10
163.857084
 20
107.346385
 30
0
 10
163.960003
 20
107.346385
 30
0
 10
164.043505
 20
107.429687
 30
0
 10
164.04375
 20
107.532607
 30
0
  0
SPLINE
  5
C7
100
AcDbEntity
  8
Layer_1
  6
ByLayer
 62
    7
370
   -1
100
AcDbSpline
210
0
220
0
230
0
 70
 4096
 71
    3
 72
    8
 73
    4
 74
    0
 42
1e-07
 43
1e-07
 40
0
 40
0
 40
0
 40
0
 40
1
 40
1
 40
1
 40
1
 10
164.04375
 20
107.532607
 30
0
 10
164.04375
 20
107.582114
 30
0
 10
164.024084
 20
107.629594
 30
0
 10
163.989077
 20
107.664601
 30
0
  0
SPLINE
  5
C8
100
AcDbEntity
  8
Layer_1
  6
ByLayer
 62
    7
370
   -1
100
AcDbSpline
210
0
220
0
230
0
 70
 4096
 71
    3
 72
    8
 73
    4
 74
    0
 42
1e-07
 43
1e-07
 40
0
 40
0
 40
0
 40
0
 40
1
 40
1
 40
1
 40
1
 10
163.989077
 20
107.664601
 30
0
 10
163.954071
 20
107.699608
 30
0
 10
163.906591
 20
107.719275
 30
0
 10
163.857084
 20
107.719275
 30
0
  0
LWPOLYLINE
  5
C9
100
AcDbEntity
  8
Layer_1
  6
ByLayer
 62
    7
370
   -1
100
AcDbPolyline
 90
    5
 70
    0
 43
0
 10
155.991521
 20
79.237685
 10
163.932186
 20
101.053876
 10
148.932182
 20
106.513547
 10
148.932182
 20
107.53272
 10
163.670513
 20
107.53272
  0
LWPOLYLINE
  5
CA
100
AcDbEntity
  8
Layer_1
  6
ByLayer
 62
    7
370
   -1
100
AcDbPolyline
 90
    3
 70
    0
 43
0
 10
163.857044
 20
107.719251
 10
163.857044
 20
109.832476
 10
164.157081
 20
110.132513
  0
LWPOLYLINE
  5
CB
100
AcDbEntity
  8
Layer_1
  6
ByLayer
 62
    7
370
   -1
100
AcDbPolyline
 90
    2
 70
    0
 43
0
 10
133.967103
 20
50.132761
 10
134.26714
 20
49.832724
  0
SPLINE
  5
CC
100
AcDbEntity
  8
Layer_1
  6
ByLayer
 62
    7
370
   -1
100
AcDbSpline
210
0
220
0
230
0
 70
 4096
 71
    3
 72
    8
 73
    4
 74
    0
 42
1e-07
 43
1e-07
 40
0
 40
0
 40
0
 40
0
 40
1
 40
1
 40
1
 40
1
 10
134.267037
 20
47.719349
 30
0
 10
134.217529
 20
47.71935
 30
0
 10
134.170049
 20
47.699683
 30
0
 10
134.135042
 20
47.664677
 30
0
  0
SPLINE
  5
CD
100
AcDbEntity
  8
Layer_1
  6
ByLayer
 62
    7
370
   -1
100
AcDbSpline
210
0
220
0
230
0
 70
 4096
 71
    3
 72
    8
 73
    4
 74
    0
 42
1e-07
 43
1e-07
 40
0
 40
0
 40
0
 40
0
 40
1
 40
1
 40
1
 40
1
 10
134.135042
 20
47.664677
 30
0
 10
134.100035
 20
47.62967
 30
0
 10
134.080368
 20
47.58219
 30
0
 10
134.080368
 20
47.532683
 30
0
  0
SPLINE
  5
CE
100
AcDbEntity
  8
Layer_1
  6
ByLayer
 62
    7
370
   -1
100
AcDbSpline
210
0
220
0
230
0
 70
 4096
 71
    3
 72
    8
 73
    4
 74
    0
 42
1e-07
 43
1e-07
 40
0
 40
0
 40
0
 40
0
 40
1
 40
1
 40
1
 40
1
 10
134.080368
 20
47.532683
 30
0
 10
134.080368
 20
47.465993
 30
0
 10
134.115947
 20
47.404369
 30
0
 10
134.173702
 20
47.371025
 30
0
  0
SPLINE
  5
CF
100
AcDbEntity
  8
Layer_1
  6
ByLayer
 62
    7
370
   -1
100
AcDbSpline
210
0
220
0
230
0
 70
 4096
 71
    3
 72
    8
 73
    4
 74
    0
 42
1e-07
 43
1e-07
 40
0
 40
0
 40
0
 40
0
 40
1
 40
1
 40
1
 40
1
 10
134.173702
 20
47.371025
 30
0
 10
134.231457
 20
47.33768
 30
0
 10
134.302614
 20
47.33768
 30
0
 10
134.360369
 20
47.371025
 30
0
  0
SPLINE
  5
D0
100
AcDbEntity
  8
Layer_1
  6
ByLayer
 62
    7
370
   -1
100
AcDbSpline
210
0
220
0
230
0
 70
 4096
 71
    3
 72
    8
 73
    4
 74
    0
 42
1e-07
 43
1e-07
 40
0
 40
0
 40
0
 40
0
 40
1
 40
1
 40
1
 40
1
 10
134.360369
 20
47.371025
 30
0
 10
134.418124
 20
47.404369
 30
0
 10
134.453703
 20
47.465993
 30
0
 10
134.453703
 20
47.532683
 30
0
  0
LWPOLYLINE
  5
D1
100
AcDbEntity
  8
Layer_1
  6
ByLayer
 62
    7
370
   -1
100
AcDbPolyline
 90
    2
 70
    0
 43
0
 10
134.26714
 20
47.719235
 10
134.26714
 20
49.832724
  0
SPLINE
  5
D2
100
AcDbEntity
  8
Layer_1
  6
ByLayer
 62
    7
370
   -1
100
AcDbSpline
210
0
220
0
230
0
 70
 4096
 71
    3
 72
    8
 73
    4
 74
    0
 42
1e-07
 43
1e-07
 40
0
 40
0
 40
0
 40
0
 40
1
 40
1
 40
1
 40
1
 10
152.392417
 20
69.348972
 30
0
 10
152.489291
 20
69.31371900000001
 30
0
 10
152.596402
 20
69.363669
 30
0
 10
152.63166
 20
69.46054100000001
 30
0
  0
SPLINE
  5
D3
100
AcDbEntity
  8
Layer_1
  6
ByLayer
 62
    7
370
   -1
100
AcDbSpline
210
0
220
0
230
0
 70
 4096
 71
    3
 72
    8
 73
    4
 74
    0
 42
1e-07
 43
1e-07
 40
0
 40
0
 40
0
 40
0
 40
1
 40
1
 40
1
 40
1
 10
152.63166
 20
69.46054100000001
 30
0
 10
152.666919
 20
69.557413
 30
0
 10
152.616975
 20
69.66452700000001
 30
0
 10
152.520104
 20
69.699791
 30
0
  0
SPLINE
  5
D4
100
AcDbEntity
  8
Layer_1
  6
ByLayer
 62
    7
370
   -1
100
AcDbSpline
210
0
220
0
230
0
 70
 4096
 71
    3
 72
    8
 73
    4
 74
    0
 42
1e-07
 43
1e-07
 40
0
 40
0
 40
0
 40
0
 40
1
 40
1
 40
1
 40
1
 10
152.520104
 20
69.699791
 30
0
 10
152.473583
 20
69.716724
 30
0
 10
152.42224
 20
69.714482
 30
0
 10
152.377371
 20
69.69355899999999
 30
0
  0
SPLINE
  5
D5
100
AcDbEntity
  8
Layer_1
  6
ByLayer
 62
    7
370
   -1
100
AcDbSpline
210
0
220
0
230
0
 70
 4096
 71
    3
 72
    8
 73
    4
 74
    0
 42
1e-07
 43
1e-07
 40
0
 40
0
 40
0
 40
0
 40
1
 40
1
 40
1
 40
1
 10
152.377371
 20
69.69355899999999
 30
0
 10
152.332502
 20
69.672636
 30
0
 10
152.297782
 20
69.63474600000001
 30
0
 10
152.28085
 20
69.588224
 30
0
  0
LWPOLYLINE
  5
D6
100
AcDbEntity
  8
Layer_1
  6
ByLayer
 62
    7
370
   -1
100
AcDbPolyline
 90
    3
 70
    0
 43
0
 10
134.453671
 20
47.532704
 10
144.451998
 20
47.532704
 10
152.392398
 20
69.348896
  0
LWPOLYLINE
  5
D7
100
AcDbEntity
  8
Layer_1
  6
ByLayer
 62
    7
370
   -1
100
AcDbPolyline
 90
    3
 70
    0
 43
0
 10
152.280744
 20
69.58834299999999
 10
150.295049
 20
70.310919
 10
150.115661
 20
70.695623
  0
LWPOLYLINE
  5
D8
100
AcDbEntity
  8
Layer_1
  6
ByLayer
 62
    7
370
   -1
100
AcDbPolyline
 90
    2
 70
    0
 43
0
 10
173.70694
 20
110.132513
 10
174.006977
 20
109.832476
  0
SPLINE
  5
D9
100
AcDbEntity
  8
Layer_1
  6
ByLayer
 62
    7
370
   -1
100
AcDbSpline
210
0
220
0
230
0
 70
 4096
 71
    3
 72
    8
 73
    4
 74
    0
 42
1e-07
 43
1e-07
 40
0
 40
0
 40
0
 40
0
 40
1
 40
1
 40
1
 40
1
 10
174.00707
 20
107.719275
 30
0
 10
173.957562
 20
107.719275
 30
0
 10
173.910083
 20
107.699608
 30
0
 10
173.875076
 20
107.664601
 30
0
  0
SPLINE
  5
DA
100
AcDbEntity
  8
Layer_1
  6
ByLayer
 62
    7
370
   -1
100
AcDbSpline
210
0
220
0
230
0
 70
 4096
 71
    3
 72
    8
 73
    4
 74
    0
 42
1e-07
 43
1e-07
 40
0
 40
0
 40
0
 40
0
 40
1
 40
1
 40
1
 40
1
 10
173.875076
 20
107.664601
 30
0
 10
173.84007
 20
107.629594
 30
0
 10
173.820403
 20
107.582114
 30
0
 10
173.820404
 20
107.532607
 30
0
  0
SPLINE
  5
DB
100
AcDbEntity
  8
Layer_1
  6
ByLayer
 62
    7
370
   -1
100
AcDbSpline
210
0
220
0
230
0
 70
 4096
 71
    3
 72
    8
 73
    4
 74
    0
 42
1e-07
 43
1e-07
 40
0
 40
0
 40
0
 40
0
 40
1
 40
1
 40
1
 40
1
 10
173.820404
 20
107.532607
 30
0
 10
173.820404
 20
107.465917
 30
0
 10
173.855982
 20
107.404293
 30
0
 10
173.913737
 20
107.370948
 30
0
  0
SPLINE
  5
DC
100
AcDbEntity
  8
Layer_1
  6
ByLayer
 62
    7
370
   -1
100
AcDbSpline
210
0
220
0
230
0
 70
 4096
 71
    3
 72
    8
 73
    4
 74
    0
 42
1e-07
 43
1e-07
 40
0
 40
0
 40
0
 40
0
 40
1
 40
1
 40
1
 40
1
 10
173.913737
 20
107.370948
 30
0
 10
173.971493
 20
107.337603
 30
0
 10
174.04265
 20
107.337603
 30
0
 10
174.100405
 20
107.370948
 30
0
  0
SPLINE
  5
DD
100
AcDbEntity
  8
Layer_1
  6
ByLayer
 62
    7
370
   -1
100
AcDbSpline
210
0
220
0
230
0
 70
 4096
 71
    3
 72
    8
 73
    4
 74
    0
 42
1e-07
 43
1e-07
 40
0
 40
0
 40
0
 40
0
 40
1
 40
1
 40
1
 40
1
 10
174.100405
 20
107.370948
 30
0
 10
174.15816
 20
107.404293
 30
0
 10
174.193738
 20
107.465917
 30
0
 10
174.193738
 20
107.532607
 30
0
  0
LWPOLYLINE
  5
DE
100
AcDbEntity
  8
Layer_1
  6
ByLayer
 62
    7
370
   -1
100
AcDbPolyline
 90
    2
 70
    0
 43
0
 10
174.006977
 20
107.719251
 10
174.006977
 20
109.832476
  0
SPLINE
  5
DF
100
AcDbEntity
  8
Layer_1
  6
ByLayer
 62
    7
370
   -1
100
AcDbSpline
210
0
220
0
230
0
 70
 4096
 71
    3
 72
    8
 73
    4
 74
    0
 42
1e-07
 43
1e-07
 40
0
 40
0
 40
0
 40
0
 40
1
 40
1
 40
1
 40
1
 10
188.932051
 20
89.044298
 30
0
 10
188.829132
 20
89.04405300000001
 30
0
 10
188.745829
 20
88.96055200000001
 30
0
 10
188.745829
 20
88.857632
 30
0
  0
SPLINE
  5
E0
100
AcDbEntity
  8
Layer_1
  6
ByLayer
 62
    7
370
   -1
100
AcDbSpline
210
0
220
0
230
0
 70
 4096
 71
    3
 72
    8
 73
    4
 74
    0
 42
1e-07
 43
1e-07
 40
0
 40
0
 40
0
 40
0
 40
1
 40
1
 40
1
 40
1
 10
188.745829
 20
88.857632
 30
0
 10
188.745829
 20
88.754713
 30
0
 10
188.829132
 20
88.671211
 30
0
 10
188.932051
 20
88.67096600000001
 30
0
  0
SPLINE
  5
E1
100
AcDbEntity
  8
Layer_1
  6
ByLayer
 62
    7
370
   -1
100
AcDbSpline
210
0
220
0
230
0
 70
 4096
 71
    3
 72
    8
 73
    4
 74
    0
 42
1e-07
 43
1e-07
 40
0
 40
0
 40
0
 40
0
 40
1
 40
1
 40
1
 40
1
 10
188.932051
 20
88.67096600000001
 30
0
 10
189.035144
 20
88.67096600000001
 30
0
 10
189.118717
 20
88.75453899999999
 30
0
 10
189.118717
 20
88.857632
 30
0
  0
LWPOLYLINE
  5
E2
100
AcDbEntity
  8
Layer_1
  6
ByLayer
 62
    7
370
   -1
100
AcDbPolyline
 90
    4
 70
    0
 43
0
 10
174.193773
 20
107.53272
 10
188.432042
 20
107.53272
 10
188.932104
 20
107.032658
 10
188.932104
 20
89.044189
  0
LWPOLYLINE
  5
E3
100
AcDbEntity
  8
Layer_1
  6
ByLayer
 62
    7
370
   -1
100
AcDbPolyline
 90
    3
 70
    0
 43
0
 10
189.118635
 20
88.857658
 10
191.232124
 20
88.857658
 10
191.532161
 20
88.557621
  0
LWPOLYLINE
  5
E4
100
AcDbEntity
  8
Layer_1
  6
ByLayer
 62
    7
370
   -1
100
AcDbPolyline
 90
    2
 70
    0
 43
0
 10
111.332027
 20
34.807585
 10
111.632064
 20
35.107622
  0
SPLINE
  5
E5
100
AcDbEntity
  8
Layer_1
  6
ByLayer
 62
    7
370
   -1
100
AcDbSpline
210
0
220
0
230
0
 70
 4096
 71
    3
 72
    8
 73
    4
 74
    0
 42
1e-07
 43
1e-07
 40
0
 40
0
 40
0
 40
0
 40
1
 40
1
 40
1
 40
1
 10
113.745479
 20
35.107699
 30
0
 10
113.745479
 20
35.058191
 30
0
 10
113.765146
 20
35.010712
 30
0
 10
113.800153
 20
34.975705
 30
0
  0
SPLINE
  5
E6
100
AcDbEntity
  8
Layer_1
  6
ByLayer
 62
    7
370
   -1
100
AcDbSpline
210
0
220
0
230
0
 70
 4096
 71
    3
 72
    8
 73
    4
 74
    0
 42
1e-07
 43
1e-07
 40
0
 40
0
 40
0
 40
0
 40
1
 40
1
 40
1
 40
1
 10
113.800153
 20
34.975705
 30
0
 10
113.835161
 20
34.940699
 30
0
 10
113.88264
 20
34.921032
 30
0
 10
113.932148
 20
34.921033
 30
0
  0
SPLINE
  5
E7
100
AcDbEntity
  8
Layer_1
  6
ByLayer
 62
    7
370
   -1
100
AcDbSpline
210
0
220
0
230
0
 70
 4096
 71
    3
 72
    8
 73
    4
 74
    0
 42
1e-07
 43
1e-07
 40
0
 40
0
 40
0
 40
0
 40
1
 40
1
 40
1
 40
1
 10
113.932148
 20
34.921033
 30
0
 10
114.035067
 20
34.921278
 30
0
 10
114.11837
 20
35.004779
 30
0
 10
114.11837
 20
35.107699
 30
0
  0
SPLINE
  5
E8
100
AcDbEntity
  8
Layer_1
  6
ByLayer
 62
    7
370
   -1
100
AcDbSpline
210
0
220
0
230
0
 70
 4096
 71
    3
 72
    8
 73
    4
 74
    0
 42
1e-07
 43
1e-07
 40
0
 40
0
 40
0
 40
0
 40
1
 40
1
 40
1
 40
1
 10
114.11837
 20
35.107699
 30
0
 10
114.11837
 20
35.210618
 30
0
 10
114.035067
 20
35.29412
 30
0
 10
113.932148
 20
35.294365
 30
0
  0
LWPOLYLINE
  5
E9
100
AcDbEntity
  8
Layer_1
  6
ByLayer
 62
    7
370
   -1
100
AcDbPolyline
 90
    2
 70
    0
 43
0
 10
113.745553
 20
35.107622
 10
111.632064
 20
35.107622
  0
SPLINE
  5
EA
100
AcDbEntity
  8
Layer_1
  6
ByLayer
 62
    7
370
   -1
100
AcDbSpline
210
0
220
0
230
0
 70
 4096
 71
    3
 72
    8
 73
    4
 74
    0
 42
1e-07
 43
1e-07
 40
0
 40
0
 40
0
 40
0
 40
1
 40
1
 40
1
 40
1
 10
123.930382
 20
47.532683
 30
0
 10
123.930627
 20
47.429764
 30
0
 10
124.014128
 20
47.346461
 30
0
 10
124.117048
 20
47.346461
 30
0
  0
SPLINE
  5
EB
100
AcDbEntity
  8
Layer_1
  6
ByLayer
 62
    7
370
   -1
100
AcDbSpline
210
0
220
0
230
0
 70
 4096
 71
    3
 72
    8
 73
    4
 74
    0
 42
1e-07
 43
1e-07
 40
0
 40
0
 40
0
 40
0
 40
1
 40
1
 40
1
 40
1
 10
124.117048
 20
47.346461
 30
0
 10
124.219967
 20
47.346461
 30
0
 10
124.303469
 20
47.429764
 30
0
 10
124.303714
 20
47.532683
 30
0
  0
SPLINE
  5
EC
100
AcDbEntity
  8
Layer_1
  6
ByLayer
 62
    7
370
   -1
100
AcDbSpline
210
0
220
0
230
0
 70
 4096
 71
    3
 72
    8
 73
    4
 74
    0
 42
1e-07
 43
1e-07
 40
0
 40
0
 40
0
 40
0
 40
1
 40
1
 40
1
 40
1
 10
124.303714
 20
47.532683
 30
0
 10
124.303714
 20
47.635776
 30
0
 10
124.220141
 20
47.719349
 30
0
 10
124.117048
 20
47.719349
 30
0
  0
LWPOLYLINE
  5
ED
100
AcDbEntity
  8
Layer_1
  6
ByLayer
 62
    7
370
   -1
100
AcDbPolyline
 90
    4
 70
    0
 43
0
 10
113.932084
 20
35.294418
 10
113.932084
 20
47.032642
 10
114.432146
 20
47.532704
 10
123.930411
 20
47.532704
  0
LWPOLYLINE
  5
EE
100
AcDbEntity
  8
Layer_1
  6
ByLayer
 62
    7
370
   -1
100
AcDbPolyline
 90
    3
 70
    0
 43
0
 10
124.116942
 20
47.719235
 10
124.116942
 20
49.832724
 10
124.416979
 20
50.132761
  0
LWPOLYLINE
  5
EF
100
AcDbEntity
  8
Layer_1
  6
ByLayer
 62
    7
370
   -1
100
AcDbPolyline
 90
    2
 70
    0
 43
0
 10
191.532161
 20
79.007763
 10
191.232124
 20
78.707725
  0
SPLINE
  5
F0
100
AcDbEntity
  8
Layer_1
  6
ByLayer
 62
    7
370
   -1
100
AcDbSpline
210
0
220
0
230
0
 70
 4096
 71
    3
 72
    8
 73
    4
 74
    0
 42
1e-07
 43
1e-07
 40
0
 40
0
 40
0
 40
0
 40
1
 40
1
 40
1
 40
1
 10
189.118717
 20
78.707643
 30
0
 10
189.118717
 20
78.81073600000001
 30
0
 10
189.035144
 20
78.89430900000001
 30
0
 10
188.932051
 20
78.89430900000001
 30
0
  0
SPLINE
  5
F1
100
AcDbEntity
  8
Layer_1
  6
ByLayer
 62
    7
370
   -1
100
AcDbSpline
210
0
220
0
230
0
 70
 4096
 71
    3
 72
    8
 73
    4
 74
    0
 42
1e-07
 43
1e-07
 40
0
 40
0
 40
0
 40
0
 40
1
 40
1
 40
1
 40
1
 10
188.932051
 20
78.89430900000001
 30
0
 10
188.829132
 20
78.894064
 30
0
 10
188.745829
 20
78.810563
 30
0
 10
188.745829
 20
78.707643
 30
0
  0
SPLINE
  5
F2
100
AcDbEntity
  8
Layer_1
  6
ByLayer
 62
    7
370
   -1
100
AcDbSpline
210
0
220
0
230
0
 70
 4096
 71
    3
 72
    8
 73
    4
 74
    0
 42
1e-07
 43
1e-07
 40
0
 40
0
 40
0
 40
0
 40
1
 40
1
 40
1
 40
1
 10
188.745829
 20
78.707643
 30
0
 10
188.745829
 20
78.604724
 30
0
 10
188.829132
 20
78.52122300000001
 30
0
 10
188.932051
 20
78.520977
 30
0
  0
LWPOLYLINE
  5
F3
100
AcDbEntity
  8
Layer_1
  6
ByLayer
 62
    7
370
   -1
100
AcDbPolyline
 90
    2
 70
    0
 43
0
 10
189.118635
 20
78.707725
 10
191.232124
 20
78.707725
  0
SPLINE
  5
F4
100
AcDbEntity
  8
Layer_1
  6
ByLayer
 62
    7
370
   -1
100
AcDbSpline
210
0
220
0
230
0
 70
 4096
 71
    3
 72
    8
 73
    4
 74
    0
 42
1e-07
 43
1e-07
 40
0
 40
0
 40
0
 40
0
 40
1
 40
1
 40
1
 40
1
 10
188.932051
 20
41.544358
 30
0
 10
188.829132
 20
41.544113
 30
0
 10
188.745829
 20
41.460611
 30
0
 10
188.745829
 20
41.357692
 30
0
  0
SPLINE
  5
F5
100
AcDbEntity
  8
Layer_1
  6
ByLayer
 62
    7
370
   -1
100
AcDbSpline
210
0
220
0
230
0
 70
 4096
 71
    3
 72
    8
 73
    4
 74
    0
 42
1e-07
 43
1e-07
 40
0
 40
0
 40
0
 40
0
 40
1
 40
1
 40
1
 40
1
 10
188.745829
 20
41.357692
 30
0
 10
188.745829
 20
41.254772
 30
0
 10
188.829132
 20
41.171271
 30
0
 10
188.932051
 20
41.171026
 30
0
  0
SPLINE
  5
F6
100
AcDbEntity
  8
Layer_1
  6
ByLayer
 62
    7
370
   -1
100
AcDbSpline
210
0
220
0
230
0
 70
 4096
 71
    3
 72
    8
 73
    4
 74
    0
 42
1e-07
 43
1e-07
 40
0
 40
0
 40
0
 40
0
 40
1
 40
1
 40
1
 40
1
 10
188.932051
 20
41.171026
 30
0
 10
189.035144
 20
41.171026
 30
0
 10
189.118717
 20
41.254599
 30
0
 10
189.118717
 20
41.357692
 30
0
  0
LWPOLYLINE
  5
F7
100
AcDbEntity
  8
Layer_1
  6
ByLayer
 62
    7
370
   -1
100
AcDbPolyline
 90
    2
 70
    0
 43
0
 10
188.932104
 20
78.52093000000001
 10
188.932104
 20
41.544397
  0
LWPOLYLINE
  5
F8
100
AcDbEntity
  8
Layer_1
  6
ByLayer
 62
    7
370
   -1
100
AcDbPolyline
 90
    3
 70
    0
 43
0
 10
189.118635
 20
41.357602
 10
191.232124
 20
41.357602
 10
191.532161
 20
41.057565
  0
LWPOLYLINE
  5
F9
100
AcDbEntity
  8
Layer_1
  6
ByLayer
 62
    7
370
   -1
100
AcDbPolyline
 90
    2
 70
    0
 43
0
 10
127.907094
 20
9.932814
 10
127.607056
 20
10.231793
  0
SPLINE
  5
FA
100
AcDbEntity
  8
Layer_1
  6
ByLayer
 62
    7
370
   -1
100
AcDbSpline
210
0
220
0
230
0
 70
 4096
 71
    3
 72
    8
 73
    4
 74
    0
 42
1e-07
 43
1e-07
 40
0
 40
0
 40
0
 40
0
 40
1
 40
1
 40
1
 40
1
 10
127.607131
 20
12.346049
 30
0
 10
127.656642
 20
12.346049
 30
0
 10
127.704124
 20
12.365719
 30
0
 10
127.739132
 20
12.400731
 30
0
  0
SPLINE
  5
FB
100
AcDbEntity
  8
Layer_1
  6
ByLayer
 62
    7
370
   -1
100
AcDbSpline
210
0
220
0
230
0
 70
 4096
 71
    3
 72
    8
 73
    4
 74
    0
 42
1e-07
 43
1e-07
 40
0
 40
0
 40
0
 40
0
 40
1
 40
1
 40
1
 40
1
 10
127.739132
 20
12.400731
 30
0
 10
127.774139
 20
12.435743
 30
0
 10
127.793803
 20
12.483228
 30
0
 10
127.793797
 20
12.532739
 30
0
  0
SPLINE
  5
FC
100
AcDbEntity
  8
Layer_1
  6
ByLayer
 62
    7
370
   -1
100
AcDbSpline
210
0
220
0
230
0
 70
 4096
 71
    3
 72
    8
 73
    4
 74
    0
 42
1e-07
 43
1e-07
 40
0
 40
0
 40
0
 40
0
 40
1
 40
1
 40
1
 40
1
 10
127.793797
 20
12.532739
 30
0
 10
127.793797
 20
12.599429
 30
0
 10
127.758218
 20
12.661053
 30
0
 10
127.700463
 20
12.694398
 30
0
  0
SPLINE
  5
FD
100
AcDbEntity
  8
Layer_1
  6
ByLayer
 62
    7
370
   -1
100
AcDbSpline
210
0
220
0
230
0
 70
 4096
 71
    3
 72
    8
 73
    4
 74
    0
 42
1e-07
 43
1e-07
 40
0
 40
0
 40
0
 40
0
 40
1
 40
1
 40
1
 40
1
 10
127.700463
 20
12.694398
 30
0
 10
127.642708
 20
12.727743
 30
0
 10
127.571551
 20
12.727743
 30
0
 10
127.513796
 20
12.694398
 30
0
  0
SPLINE
  5
FE
100
AcDbEntity
  8
Layer_1
  6
ByLayer
 62
    7
370
   -1
100
AcDbSpline
210
0
220
0
230
0
 70
 4096
 71
    3
 72
    8
 73
    4
 74
    0
 42
1e-07
 43
1e-07
 40
0
 40
0
 40
0
 40
0
 40
1
 40
1
 40
1
 40
1
 10
127.513796
 20
12.694398
 30
0
 10
127.456041
 20
12.661053
 30
0
 10
127.420462
 20
12.599429
 30
0
 10
127.420462
 20
12.532739
 30
0
  0
LWPOLYLINE
  5
FF
100
AcDbEntity
  8
Layer_1
  6
ByLayer
 62
    7
370
   -1
100
AcDbPolyline
 90
    2
 70
    0
 43
0
 10
127.607056
 20
12.345811
 10
127.607056
 20
10.231793
  0
SPLINE
  5
100
100
AcDbEntity
  8
Layer_1
  6
ByLayer
 62
    7
370
   -1
100
AcDbSpline
210
0
220
0
230
0
 70
 4096
 71
    3
 72
    8
 73
    4
 74
    0
 42
1e-07
 43
1e-07
 40
0
 40
0
 40
0
 40
0
 40
1
 40
1
 40
1
 40
1
 10
113.932148
 20
24.771052
 30
0
 10
114.034814
 20
24.771651
 30
0
 10
114.117725
 20
24.855047
 30
0
 10
114.117725
 20
24.957715
 30
0
  0
SPLINE
  5
101
100
AcDbEntity
  8
Layer_1
  6
ByLayer
 62
    7
370
   -1
100
AcDbSpline
210
0
220
0
230
0
 70
 4096
 71
    3
 72
    8
 73
    4
 74
    0
 42
1e-07
 43
1e-07
 40
0
 40
0
 40
0
 40
0
 40
1
 40
1
 40
1
 40
1
 10
114.117725
 20
24.957715
 30
0
 10
114.117725
 20
25.060384
 30
0
 10
114.034814
 20
25.14378
 30
0
 10
113.932148
 20
25.144379
 30
0
  0
SPLINE
  5
102
100
AcDbEntity
  8
Layer_1
  6
ByLayer
 62
    7
370
   -1
100
AcDbSpline
210
0
220
0
230
0
 70
 4096
 71
    3
 72
    8
 73
    4
 74
    0
 42
1e-07
 43
1e-07
 40
0
 40
0
 40
0
 40
0
 40
1
 40
1
 40
1
 40
1
 10
113.932148
 20
25.144379
 30
0
 10
113.829055
 20
25.14438
 30
0
 10
113.745481
 20
25.060808
 30
0
 10
113.745479
 20
24.957715
 30
0
  0
LWPOLYLINE
  5
103
100
AcDbEntity
  8
Layer_1
  6
ByLayer
 62
    7
370
   -1
100
AcDbPolyline
 90
    4
 70
    0
 43
0
 10
127.420525
 20
12.533665
 10
114.432146
 20
12.533665
 10
113.932084
 20
13.033727
 10
113.932084
 20
24.770629
  0
LWPOLYLINE
  5
104
100
AcDbEntity
  8
Layer_1
  6
ByLayer
 62
    7
370
   -1
100
AcDbPolyline
 90
    3
 70
    0
 43
0
 10
113.745553
 20
24.958483
 10
111.632064
 20
24.958483
 10
111.332027
 20
25.257462
  0
LWPOLYLINE
  5
105
100
AcDbEntity
  8
Layer_1
  6
ByLayer
 62
    7
370
   -1
100
AcDbPolyline
 90
    2
 70
    0
 43
0
 10
191.532161
 20
31.506912
 10
191.232124
 20
31.207933
  0
SPLINE
  5
106
100
AcDbEntity
  8
Layer_1
  6
ByLayer
 62
    7
370
   -1
100
AcDbSpline
210
0
220
0
230
0
 70
 4096
 71
    3
 72
    8
 73
    4
 74
    0
 42
1e-07
 43
1e-07
 40
0
 40
0
 40
0
 40
0
 40
1
 40
1
 40
1
 40
1
 10
189.118717
 20
31.207695
 30
0
 10
189.118716
 20
31.310787
 30
0
 10
189.035143
 20
31.394358
 30
0
 10
188.932051
 20
31.394358
 30
0
  0
SPLINE
  5
107
100
AcDbEntity
  8
Layer_1
  6
ByLayer
 62
    7
370
   -1
100
AcDbSpline
210
0
220
0
230
0
 70
 4096
 71
    3
 72
    8
 73
    4
 74
    0
 42
1e-07
 43
1e-07
 40
0
 40
0
 40
0
 40
0
 40
1
 40
1
 40
1
 40
1
 10
188.932051
 20
31.394358
 30
0
 10
188.829385
 20
31.39376
 30
0
 10
188.746474
 20
31.310363
 30
0
 10
188.746474
 20
31.207695
 30
0
  0
SPLINE
  5
108
100
AcDbEntity
  8
Layer_1
  6
ByLayer
 62
    7
370
   -1
100
AcDbSpline
210
0
220
0
230
0
 70
 4096
 71
    3
 72
    8
 73
    4
 74
    0
 42
1e-07
 43
1e-07
 40
0
 40
0
 40
0
 40
0
 40
1
 40
1
 40
1
 40
1
 10
188.746474
 20
31.207695
 30
0
 10
188.746474
 20
31.105027
 30
0
 10
188.829385
 20
31.021631
 30
0
 10
188.932051
 20
31.021032
 30
0
  0
LWPOLYLINE
  5
109
100
AcDbEntity
  8
Layer_1
  6
ByLayer
 62
    7
370
   -1
100
AcDbPolyline
 90
    2
 70
    0
 43
0
 10
189.118635
 20
31.207933
 10
191.232124
 20
31.207933
  0
SPLINE
  5
10A
100
AcDbEntity
  8
Layer_1
  6
ByLayer
 62
    7
370
   -1
100
AcDbSpline
210
0
220
0
230
0
 70
 4096
 71
    3
 72
    8
 73
    4
 74
    0
 42
1e-07
 43
1e-07
 40
0
 40
0
 40
0
 40
0
 40
1
 40
1
 40
1
 40
1
 10
175.443737
 20
12.532739
 30
0
 10
175.443737
 20
12.599429
 30
0
 10
175.408158
 20
12.661053
 30
0
 10
175.350403
 20
12.694398
 30
0
  0
SPLINE
  5
10B
100
AcDbEntity
  8
Layer_1
  6
ByLayer
 62
    7
370
   -1
100
AcDbSpline
210
0
220
0
230
0
 70
 4096
 71
    3
 72
    8
 73
    4
 74
    0
 42
1e-07
 43
1e-07
 40
0
 40
0
 40
0
 40
0
 40
1
 40
1
 40
1
 40
1
 10
175.350403
 20
12.694398
 30
0
 10
175.292648
 20
12.727743
 30
0
 10
175.221491
 20
12.727743
 30
0
 10
175.163736
 20
12.694398
 30
0
  0
SPLINE
  5
10C
100
AcDbEntity
  8
Layer_1
  6
ByLayer
 62
    7
370
   -1
100
AcDbSpline
210
0
220
0
230
0
 70
 4096
 71
    3
 72
    8
 73
    4
 74
    0
 42
1e-07
 43
1e-07
 40
0
 40
0
 40
0
 40
0
 40
1
 40
1
 40
1
 40
1
 10
175.163736
 20
12.694398
 30
0
 10
175.105981
 20
12.661053
 30
0
 10
175.070402
 20
12.599429
 30
0
 10
175.070402
 20
12.532739
 30
0
  0
SPLINE
  5
10D
100
AcDbEntity
  8
Layer_1
  6
ByLayer
 62
    7
370
   -1
100
AcDbSpline
210
0
220
0
230
0
 70
 4096
 71
    3
 72
    8
 73
    4
 74
    0
 42
1e-07
 43
1e-07
 40
0
 40
0
 40
0
 40
0
 40
1
 40
1
 40
1
 40
1
 10
175.070402
 20
12.532739
 30
0
 10
175.070396
 20
12.483228
 30
0
 10
175.09006
 20
12.435743
 30
0
 10
175.125067
 20
12.400731
 30
0
  0
SPLINE
  5
10E
100
AcDbEntity
  8
Layer_1
  6
ByLayer
 62
    7
370
   -1
100
AcDbSpline
210
0
220
0
230
0
 70
 4096
 71
    3
 72
    8
 73
    4
 74
    0
 42
1e-07
 43
1e-07
 40
0
 40
0
 40
0
 40
0
 40
1
 40
1
 40
1
 40
1
 10
175.125067
 20
12.400731
 30
0
 10
175.160075
 20
12.365719
 30
0
 10
175.207557
 20
12.346049
 30
0
 10
175.257068
 20
12.346049
 30
0
  0
LWPOLYLINE
  5
10F
100
AcDbEntity
  8
Layer_1
  6
ByLayer
 62
    7
370
   -1
100
AcDbPolyline
 90
    4
 70
    0
 43
0
 10
188.932104
 20
31.020079
 10
188.932104
 20
13.033727
 10
188.432042
 20
12.533665
 10
175.443663
 20
12.533665
  0
LWPOLYLINE
  5
110
100
AcDbEntity
  8
Layer_1
  6
ByLayer
 62
    7
370
   -1
100
AcDbPolyline
 90
    3
 70
    0
 43
0
 10
175.257132
 20
12.345811
 10
175.257132
 20
10.231793
 10
174.957095
 20
9.932814
  0
LWPOLYLINE
  5
111
100
AcDbEntity
  8
Layer_1
  6
ByLayer
 62
    7
370
   -1
100
AcDbPolyline
 90
    2
 70
    0
 43
0
 10
165.406971
 20
9.932814
 10
165.107199
 20
10.231793
  0
SPLINE
  5
112
100
AcDbEntity
  8
Layer_1
  6
ByLayer
 62
    7
370
   -1
100
AcDbSpline
210
0
220
0
230
0
 70
 4096
 71
    3
 72
    8
 73
    4
 74
    0
 42
1e-07
 43
1e-07
 40
0
 40
0
 40
0
 40
0
 40
1
 40
1
 40
1
 40
1
 10
165.107082
 20
12.346049
 30
0
 10
165.156593
 20
12.346049
 30
0
 10
165.204076
 20
12.365719
 30
0
 10
165.239083
 20
12.400731
 30
0
  0
SPLINE
  5
113
100
AcDbEntity
  8
Layer_1
  6
ByLayer
 62
    7
370
   -1
100
AcDbSpline
210
0
220
0
230
0
 70
 4096
 71
    3
 72
    8
 73
    4
 74
    0
 42
1e-07
 43
1e-07
 40
0
 40
0
 40
0
 40
0
 40
1
 40
1
 40
1
 40
1
 10
165.239083
 20
12.400731
 30
0
 10
165.274091
 20
12.435743
 30
0
 10
165.293755
 20
12.483228
 30
0
 10
165.293748
 20
12.532739
 30
0
  0
SPLINE
  5
114
100
AcDbEntity
  8
Layer_1
  6
ByLayer
 62
    7
370
   -1
100
AcDbSpline
210
0
220
0
230
0
 70
 4096
 71
    3
 72
    8
 73
    4
 74
    0
 42
1e-07
 43
1e-07
 40
0
 40
0
 40
0
 40
0
 40
1
 40
1
 40
1
 40
1
 10
165.293748
 20
12.532739
 30
0
 10
165.293503
 20
12.635658
 30
0
 10
165.210002
 20
12.718961
 30
0
 10
165.107082
 20
12.718961
 30
0
  0
SPLINE
  5
115
100
AcDbEntity
  8
Layer_1
  6
ByLayer
 62
    7
370
   -1
100
AcDbSpline
210
0
220
0
230
0
 70
 4096
 71
    3
 72
    8
 73
    4
 74
    0
 42
1e-07
 43
1e-07
 40
0
 40
0
 40
0
 40
0
 40
1
 40
1
 40
1
 40
1
 10
165.107082
 20
12.718961
 30
0
 10
165.004163
 20
12.718961
 30
0
 10
164.920662
 20
12.635658
 30
0
 10
164.920416
 20
12.532739
 30
0
  0
LWPOLYLINE
  5
116
100
AcDbEntity
  8
Layer_1
  6
ByLayer
 62
    7
370
   -1
100
AcDbPolyline
 90
    2
 70
    0
 43
0
 10
165.107199
 20
12.345811
 10
165.107199
 20
10.231793
  0
SPLINE
  5
117
100
AcDbEntity
  8
Layer_1
  6
ByLayer
 62
    7
370
   -1
100
AcDbSpline
210
0
220
0
230
0
 70
 4096
 71
    3
 72
    8
 73
    4
 74
    0
 42
1e-07
 43
1e-07
 40
0
 40
0
 40
0
 40
0
 40
1
 40
1
 40
1
 40
1
 10
137.943782
 20
12.532739
 30
0
 10
137.943537
 20
12.635658
 30
0
 10
137.860036
 20
12.718961
 30
0
 10
137.757117
 20
12.718961
 30
0
  0
SPLINE
  5
118
100
AcDbEntity
  8
Layer_1
  6
ByLayer
 62
    7
370
   -1
100
AcDbSpline
210
0
220
0
230
0
 70
 4096
 71
    3
 72
    8
 73
    4
 74
    0
 42
1e-07
 43
1e-07
 40
0
 40
0
 40
0
 40
0
 40
1
 40
1
 40
1
 40
1
 10
137.757117
 20
12.718961
 30
0
 10
137.654197
 20
12.718961
 30
0
 10
137.570696
 20
12.635658
 30
0
 10
137.570451
 20
12.532739
 30
0
  0
SPLINE
  5
119
100
AcDbEntity
  8
Layer_1
  6
ByLayer
 62
    7
370
   -1
100
AcDbSpline
210
0
220
0
230
0
 70
 4096
 71
    3
 72
    8
 73
    4
 74
    0
 42
1e-07
 43
1e-07
 40
0
 40
0
 40
0
 40
0
 40
1
 40
1
 40
1
 40
1
 10
137.570451
 20
12.532739
 30
0
 10
137.570444
 20
12.483228
 30
0
 10
137.590108
 20
12.435743
 30
0
 10
137.625116
 20
12.400731
 30
0
  0
SPLINE
  5
11A
100
AcDbEntity
  8
Layer_1
  6
ByLayer
 62
    7
370
   -1
100
AcDbSpline
210
0
220
0
230
0
 70
 4096
 71
    3
 72
    8
 73
    4
 74
    0
 42
1e-07
 43
1e-07
 40
0
 40
0
 40
0
 40
0
 40
1
 40
1
 40
1
 40
1
 10
137.625116
 20
12.400731
 30
0
 10
137.660123
 20
12.365719
 30
0
 10
137.707606
 20
12.346049
 30
0
 10
137.757117
 20
12.346049
 30
0
  0
LWPOLYLINE
  5
11B
100
AcDbEntity
  8
Layer_1
  6
ByLayer
 62
    7
370
   -1
100
AcDbPolyline
 90
    2
 70
    0
 43
0
 10
164.920403
 20
12.533665
 10
137.943785
 20
12.533665
  0
LWPOLYLINE
  5
11C
100
AcDbEntity
  8
Layer_1
  6
ByLayer
 62
    7
370
   -1
100
AcDbPolyline
 90
    3
 70
    0
 43
0
 10
137.75699
 20
12.345811
 10
137.75699
 20
10.231793
 10
137.457217
 20
9.932814
  0
SPLINE
  5
11D
100
AcDbEntity
  8
Layer_1
  6
ByLayer
 62
    7
370
   -1
100
AcDbSpline
210
0
220
0
230
0
 70
 4096
 71
    3
 72
    8
 73
    4
 74
    0
 42
1e-07
 43
1e-07
 40
0
 40
0
 40
0
 40
0
 40
1
 40
1
 40
1
 40
1
 10
164.95264
 20
56.557535
 30
0
 10
165.360832
 20
57.679033
 30
0
 10
165.306792
 20
58.91675
 30
0
 10
164.802408
 20
59.998404
 30
0
  0
SPLINE
  5
11E
100
AcDbEntity
  8
Layer_1
  6
ByLayer
 62
    7
370
   -1
100
AcDbSpline
210
0
220
0
230
0
 70
 4096
 71
    3
 72
    8
 73
    4
 74
    0
 42
1e-07
 43
1e-07
 40
0
 40
0
 40
0
 40
0
 40
1
 40
1
 40
1
 40
1
 10
164.802408
 20
59.998404
 30
0
 10
164.298025
 20
61.080058
 30
0
 10
163.384614
 20
61.917044
 30
0
 10
162.263117
 20
62.325236
 30
0
  0
LWPOLYLINE
  5
11F
100
AcDbEntity
  8
Layer_1
  6
ByLayer
 62
    7
370
   -1
100
AcDbPolyline
 90
    2
 70
    0
 43
0
 10
159.913964
 20
63.180407
 10
162.263196
 20
62.325275
  0
SPLINE
  5
120
100
AcDbEntity
  8
Layer_1
  6
ByLayer
 62
    7
370
   -1
100
AcDbSpline
210
0
220
0
230
0
 70
 4096
 71
    3
 72
    8
 73
    4
 74
    0
 42
1e-07
 43
1e-07
 40
0
 40
0
 40
0
 40
0
 40
1
 40
1
 40
1
 40
1
 10
156.961813
 20
47.760018
 30
0
 10
158.08331
 20
47.351826
 30
0
 10
159.321028
 20
47.405866
 30
0
 10
160.402681
 20
47.91025
 30
0
  0
SPLINE
  5
121
100
AcDbEntity
  8
Layer_1
  6
ByLayer
 62
    7
370
   -1
100
AcDbSpline
210
0
220
0
230
0
 70
 4096
 71
    3
 72
    8
 73
    4
 74
    0
 42
1e-07
 43
1e-07
 40
0
 40
0
 40
0
 40
0
 40
1
 40
1
 40
1
 40
1
 10
160.402681
 20
47.91025
 30
0
 10
161.484335
 20
48.414633
 30
0
 10
162.321322
 20
49.328044
 30
0
 10
162.729513
 20
50.449541
 30
0
  0
LWPOLYLINE
  5
122
100
AcDbEntity
  8
Layer_1
  6
ByLayer
 62
    7
370
   -1
100
AcDbPolyline
 90
    2
 70
    0
 43
0
 10
164.952682
 20
56.55763
 10
162.729391
 20
50.449467
  0
SPLINE
  5
123
100
AcDbEntity
  8
Layer_1
  6
ByLayer
 62
    7
370
   -1
100
AcDbSpline
210
0
220
0
230
0
 70
 4096
 71
    3
 72
    8
 73
    4
 74
    0
 42
1e-07
 43
1e-07
 40
0
 40
0
 40
0
 40
0
 40
1
 40
1
 40
1
 40
1
 10
151.92306
 20
54.382769
 30
0
 10
151.514868
 20
53.261271
 30
0
 10
151.568908
 20
52.023554
 30
0
 10
152.073291
 20
50.9419
 30
0
  0
SPLINE
  5
124
100
AcDbEntity
  8
Layer_1
  6
ByLayer
 62
    7
370
   -1
100
AcDbSpline
210
0
220
0
230
0
 70
 4096
 71
    3
 72
    8
 73
    4
 74
    0
 42
1e-07
 43
1e-07
 40
0
 40
0
 40
0
 40
0
 40
1
 40
1
 40
1
 40
1
 10
152.073291
 20
50.9419
 30
0
 10
152.577675
 20
49.860246
 30
0
 10
153.491085
 20
49.02326
 30
0
 10
154.612583
 20
48.615068
 30
0
  0
LWPOLYLINE
  5
125
100
AcDbEntity
  8
Layer_1
  6
ByLayer
 62
    7
370
   -1
100
AcDbPolyline
 90
    2
 70
    0
 43
0
 10
156.961747
 20
47.759981
 10
154.612514
 20
48.615113
  0
SPLINE
  5
126
100
AcDbEntity
  8
Layer_1
  6
ByLayer
 62
    7
370
   -1
100
AcDbSpline
210
0
220
0
230
0
 70
 4096
 71
    3
 72
    8
 73
    4
 74
    0
 42
1e-07
 43
1e-07
 40
0
 40
0
 40
0
 40
0
 40
1
 40
1
 40
1
 40
1
 10
159.91389
 20
63.180286
 30
0
 10
158.792392
 20
63.588478
 30
0
 10
157.554675
 20
63.534438
 30
0
 10
156.473021
 20
63.030054
 30
0
  0
SPLINE
  5
127
100
AcDbEntity
  8
Layer_1
  6
ByLayer
 62
    7
370
   -1
100
AcDbSpline
210
0
220
0
230
0
 70
 4096
 71
    3
 72
    8
 73
    4
 74
    0
 42
1e-07
 43
1e-07
 40
0
 40
0
 40
0
 40
0
 40
1
 40
1
 40
1
 40
1
 10
156.473021
 20
63.030054
 30
0
 10
155.391367
 20
62.525671
 30
0
 10
154.554381
 20
61.61226
 30
0
 10
154.146189
 20
60.490763
 30
0
  0
LWPOLYLINE
  5
128
100
AcDbEntity
  8
Layer_1
  6
ByLayer
 62
    7
370
   -1
100
AcDbPolyline
 90
    2
 70
    0
 43
0
 10
151.923028
 20
54.382758
 10
154.146319
 20
60.490657
  0
LWPOLYLINE
  5
129
100
AcDbEntity
  8
Layer_1
  6
ByLayer
 62
    7
370
   -1
100
AcDbPolyline
 90
    3
 70
    0
 43
0
 10
183.737546
 20
81.822397
 10
185.156505
 20
81.30593
 10
181.052293
 20
70.029668
  0
LWPOLYLINE
  5
12A
100
AcDbEntity
  8
Layer_1
  6
ByLayer
 62
    7
370
   -1
100
AcDbPolyline
 90
    2
 70
    0
 43
0
 10
179.633335
 20
70.546134
 10
181.052293
 20
70.029668
  0
LWPOLYLINE
  5
12B
100
AcDbEntity
  8
Layer_1
  6
ByLayer
 62
    7
370
   -1
100
AcDbPolyline
 90
    2
 70
    0
 43
0
 10
183.737546
 20
81.822397
 10
179.633335
 20
70.546134
  0
LWPOLYLINE
  5
12C
100
AcDbEntity
  8
Layer_1
  6
ByLayer
 62
    7
370
   -1
100
AcDbPolyline
 90
    3
 70
    0
 43
0
 10
172.792806
 20
51.752274
 10
174.211764
 20
51.235808
 10
170.107553
 20
39.959545
  0
LWPOLYLINE
  5
12D
100
AcDbEntity
  8
Layer_1
  6
ByLayer
 62
    7
370
   -1
100
AcDbPolyline
 90
    2
 70
    0
 43
0
 10
168.688594
 20
40.476011
 10
170.107553
 20
39.959545
  0
LWPOLYLINE
  5
12E
100
AcDbEntity
  8
Layer_1
  6
ByLayer
 62
    7
370
   -1
100
AcDbPolyline
 90
    2
 70
    0
 43
0
 10
172.792806
 20
51.752274
 10
168.688594
 20
40.476011
  0
LWPOLYLINE
  5
12F
100
AcDbEntity
  8
Layer_1
  6
ByLayer
 62
    7
370
   -1
100
AcDbPolyline
 90
    3
 70
    0
 43
0
 10
121.632243
 20
42.642681
 10
121.632243
 20
41.132706
 10
133.632141
 20
41.132706
  0
LWPOLYLINE
  5
130
100
AcDbEntity
  8
Layer_1
  6
ByLayer
 62
    7
370
   -1
100
AcDbPolyline
 90
    2
 70
    0
 43
0
 10
133.632141
 20
42.642681
 10
133.632141
 20
41.132706
  0
SPLINE
  5
131
100
AcDbEntity
  8
Layer_1
  6
ByLayer
 62
    7
370
   -1
100
AcDbSpline
210
0
220
0
230
0
 70
 4096
 71
    3
 72
    8
 73
    4
 74
    0
 42
1e-07
 43
1e-07
 40
0
 40
0
 40
0
 40
0
 40
1
 40
1
 40
1
 40
1
 10
171.783033
 20
53.024326
 30
0
 10
172.255117
 20
54.321728
 30
0
 10
171.586138
 20
55.756191
 30
0
 10
170.288777
 20
56.228392
 30
0
  0
SPLINE
  5
132
100
AcDbEntity
  8
Layer_1
  6
ByLayer
 62
    7
370
   -1
100
AcDbSpline
210
0
220
0
230
0
 70
 4096
 71
    3
 72
    8
 73
    4
 74
    0
 42
1e-07
 43
1e-07
 40
0
 40
0
 40
0
 40
0
 40
1
 40
1
 40
1
 40
1
 10
170.288777
 20
56.228392
 30
0
 10
168.991417
 20
56.700593
 30
0
 10
167.556894
 20
56.031744
 30
0
 10
167.084576
 20
54.734426
 30
0
  0
LWPOLYLINE
  5
133
100
AcDbEntity
  8
Layer_1
  6
ByLayer
 62
    7
370
   -1
100
AcDbPolyline
 90
    2
 70
    0
 43
0
 10
121.632243
 20
42.642681
 10
133.632141
 20
42.642681
  0
SPLINE
  5
134
100
AcDbEntity
  8
Layer_1
  6
ByLayer
 62
    7
370
   -1
100
AcDbSpline
210
0
220
0
230
0
 70
 4096
 71
    3
 72
    8
 73
    4
 74
    0
 42
1e-07
 43
1e-07
 40
0
 40
0
 40
0
 40
0
 40
1
 40
1
 40
1
 40
1
 10
165.682294
 20
50.88169
 30
0
 10
165.210063
 20
49.584246
 30
0
 10
165.879031
 20
48.149642
 30
0
 10
167.176475
 20
47.677411
 30
0
  0
SPLINE
  5
135
100
AcDbEntity
  8
Layer_1
  6
ByLayer
 62
    7
370
   -1
100
AcDbSpline
210
0
220
0
230
0
 70
 4096
 71
    3
 72
    8
 73
    4
 74
    0
 42
1e-07
 43
1e-07
 40
0
 40
0
 40
0
 40
0
 40
1
 40
1
 40
1
 40
1
 10
167.176475
 20
47.677411
 30
0
 10
168.473918
 20
47.205181
 30
0
 10
169.908523
 20
47.874148
 30
0
 10
170.380753
 20
49.171592
 30
0
  0
LWPOLYLINE
  5
136
100
AcDbEntity
  8
Layer_1
  6
ByLayer
 62
    7
370
   -1
100
AcDbPolyline
 90
    2
 70
    0
 43
0
 10
167.084692
 20
54.734389
 10
165.682402
 20
50.881796
  0
LWPOLYLINE
  5
137
100
AcDbEntity
  8
Layer_1
  6
ByLayer
 62
    7
370
   -1
100
AcDbPolyline
 90
    2
 70
    0
 43
0
 10
171.783157
 20
53.024389
 10
170.380867
 20
49.171531
  0
SPLINE
  5
138
100
AcDbEntity
  8
Layer_1
  6
ByLayer
 62
    7
370
   -1
100
AcDbSpline
210
0
220
0
230
0
 70
 4096
 71
    3
 72
    8
 73
    4
 74
    0
 42
1e-07
 43
1e-07
 40
0
 40
0
 40
0
 40
0
 40
1
 40
1
 40
1
 40
1
 10
93.43217199999999
 20
4.932725
 30
0
 10
94.09521599999999
 20
4.932725
 30
0
 10
94.731104
 20
5.196119
 30
0
 10
95.199945
 20
5.664964
 30
0
  0
SPLINE
  5
139
100
AcDbEntity
  8
Layer_1
  6
ByLayer
 62
    7
370
   -1
100
AcDbSpline
210
0
220
0
230
0
 70
 4096
 71
    3
 72
    8
 73
    4
 74
    0
 42
1e-07
 43
1e-07
 40
0
 40
0
 40
0
 40
0
 40
1
 40
1
 40
1
 40
1
 10
95.199945
 20
5.664964
 30
0
 10
95.668786
 20
6.133809
 30
0
 10
95.932175
 20
6.769699
 30
0
 10
95.932169
 20
7.432743
 30
0
  0
LWPOLYLINE
  5
13A
100
AcDbEntity
  8
Layer_1
  6
ByLayer
 62
    7
370
   -1
100
AcDbPolyline
 90
    2
 70
    0
 43
0
 10
51.332275
 20
4.932195
 10
93.432193
 20
4.932195
  0
SPLINE
  5
13B
100
AcDbEntity
  8
Layer_1
  6
ByLayer
 62
    7
370
   -1
100
AcDbSpline
210
0
220
0
230
0
 70
 4096
 71
    3
 72
    8
 73
    4
 74
    0
 42
1e-07
 43
1e-07
 40
0
 40
0
 40
0
 40
0
 40
1
 40
1
 40
1
 40
1
 10
95.932169
 20
52.632677
 30
0
 10
95.932169
 20
53.295717
 30
0
 10
95.668778
 20
53.931601
 30
0
 10
95.19993700000001
 20
54.400442
 30
0
  0
SPLINE
  5
13C
100
AcDbEntity
  8
Layer_1
  6
ByLayer
 62
    7
370
   -1
100
AcDbSpline
210
0
220
0
230
0
 70
 4096
 71
    3
 72
    8
 73
    4
 74
    0
 42
1e-07
 43
1e-07
 40
0
 40
0
 40
0
 40
0
 40
1
 40
1
 40
1
 40
1
 10
95.19993700000001
 20
54.400442
 30
0
 10
94.73109700000001
 20
54.869282
 30
0
 10
94.095213
 20
55.132674
 30
0
 10
93.43217199999999
 20
55.132674
 30
0
  0
LWPOLYLINE
  5
13D
100
AcDbEntity
  8
Layer_1
  6
ByLayer
 62
    7
370
   -1
100
AcDbPolyline
 90
    2
 70
    0
 43
0
 10
95.932238
 20
7.432505
 10
95.932238
 20
52.632806
  0
SPLINE
  5
13E
100
AcDbEntity
  8
Layer_1
  6
ByLayer
 62
    7
370
   -1
100
AcDbSpline
210
0
220
0
230
0
 70
 4096
 71
    3
 72
    8
 73
    4
 74
    0
 42
1e-07
 43
1e-07
 40
0
 40
0
 40
0
 40
0
 40
1
 40
1
 40
1
 40
1
 10
62.535246
 20
56.777621
 30
0
 10
62.894708
 20
55.790009
 30
0
 10
63.833481
 20
55.132673
 30
0
 10
64.88447600000001
 20
55.132674
 30
0
  0
LWPOLYLINE
  5
13F
100
AcDbEntity
  8
Layer_1
  6
ByLayer
 62
    7
370
   -1
100
AcDbPolyline
 90
    2
 70
    0
 43
0
 10
93.432193
 20
55.132586
 10
64.88448099999999
 20
55.132586
  0
SPLINE
  5
140
100
AcDbEntity
  8
Layer_1
  6
ByLayer
 62
    7
370
   -1
100
AcDbSpline
210
0
220
0
230
0
 70
 4096
 71
    3
 72
    8
 73
    4
 74
    0
 42
1e-07
 43
1e-07
 40
0
 40
0
 40
0
 40
0
 40
1
 40
1
 40
1
 40
1
 10
50.319343
 20
97.650043
 30
0
 10
49.0219
 20
97.177812
 30
0
 10
48.352933
 20
95.743208
 30
0
 10
48.825164
 20
94.44576499999999
 30
0
  0
LWPOLYLINE
  5
141
100
AcDbEntity
  8
Layer_1
  6
ByLayer
 62
    7
370
   -1
100
AcDbPolyline
 90
    2
 70
    0
 43
0
 10
62.535249
 20
56.777499
 10
48.825087
 20
94.445651
  0
SPLINE
  5
142
100
AcDbEntity
  8
Layer_1
  6
ByLayer
 62
    7
370
   -1
100
AcDbSpline
210
0
220
0
230
0
 70
 4096
 71
    3
 72
    8
 73
    4
 74
    0
 42
1e-07
 43
1e-07
 40
0
 40
0
 40
0
 40
0
 40
1
 40
1
 40
1
 40
1
 10
59.287265
 20
100.914097
 30
0
 10
60.274878
 20
101.273558
 30
0
 10
60.932215
 20
102.212331
 30
0
 10
60.932215
 20
103.263327
 30
0
  0
LWPOLYLINE
  5
143
100
AcDbEntity
  8
Layer_1
  6
ByLayer
 62
    7
370
   -1
100
AcDbPolyline
 90
    2
 70
    0
 43
0
 10
50.319452
 20
97.65001599999999
 10
59.287228
 20
100.914177
  0
SPLINE
  5
144
100
AcDbEntity
  8
Layer_1
  6
ByLayer
 62
    7
370
   -1
100
AcDbSpline
210
0
220
0
230
0
 70
 4096
 71
    3
 72
    8
 73
    4
 74
    0
 42
1e-07
 43
1e-07
 40
0
 40
0
 40
0
 40
0
 40
1
 40
1
 40
1
 40
1
 10
60.932215
 20
112.6326
 30
0
 10
60.932215
 20
113.295641
 30
0
 10
60.668823
 20
113.931525
 30
0
 10
60.199982
 20
114.400365
 30
0
  0
SPLINE
  5
145
100
AcDbEntity
  8
Layer_1
  6
ByLayer
 62
    7
370
   -1
100
AcDbSpline
210
0
220
0
230
0
 70
 4096
 71
    3
 72
    8
 73
    4
 74
    0
 42
1e-07
 43
1e-07
 40
0
 40
0
 40
0
 40
0
 40
1
 40
1
 40
1
 40
1
 10
60.199982
 20
114.400365
 30
0
 10
59.731142
 20
114.869205
 30
0
 10
59.095258
 20
115.132597
 30
0
 10
58.432217
 20
115.132597
 30
0
  0
LWPOLYLINE
  5
146
100
AcDbEntity
  8
Layer_1
  6
ByLayer
 62
    7
370
   -1
100
AcDbPolyline
 90
    2
 70
    0
 43
0
 10
60.93214
 20
103.263409
 10
60.93214
 20
112.632558
  0
LWPOLYLINE
  5
147
100
AcDbEntity
  8
Layer_1
  6
ByLayer
 62
    7
370
   -1
100
AcDbPolyline
 90
    2
 70
    0
 43
0
 10
58.432096
 20
115.132602
 10
33.832227
 20
115.132602
  0
SPLINE
  5
148
100
AcDbEntity
  8
Layer_1
  6
ByLayer
 62
    7
370
   -1
100
AcDbSpline
210
0
220
0
230
0
 70
 4096
 71
    3
 72
    8
 73
    4
 74
    0
 42
1e-07
 43
1e-07
 40
0
 40
0
 40
0
 40
0
 40
1
 40
1
 40
1
 40
1
 10
8.232279999999999
 20
115.132597
 30
0
 10
7.569239
 20
115.132597
 30
0
 10
6.933355
 20
114.869205
 30
0
 10
6.464515
 20
114.400365
 30
0
  0
SPLINE
  5
149
100
AcDbEntity
  8
Layer_1
  6
ByLayer
 62
    7
370
   -1
100
AcDbSpline
210
0
220
0
230
0
 70
 4096
 71
    3
 72
    8
 73
    4
 74
    0
 42
1e-07
 43
1e-07
 40
0
 40
0
 40
0
 40
0
 40
1
 40
1
 40
1
 40
1
 10
6.464515
 20
114.400365
 30
0
 10
5.995675
 20
113.931525
 30
0
 10
5.732283
 20
113.29564
 30
0
 10
5.732283
 20
112.6326
 30
0
  0
LWPOLYLINE
  5
14A
100
AcDbEntity
  8
Layer_1
  6
ByLayer
 62
    7
370
   -1
100
AcDbPolyline
 90
    2
 70
    0
 43
0
 10
32.832368
 20
115.132602
 10
8.232286999999999
 20
115.132602
  0
SPLINE
  5
14B
100
AcDbEntity
  8
Layer_1
  6
ByLayer
 62
    7
370
   -1
100
AcDbSpline
210
0
220
0
230
0
 70
 4096
 71
    3
 72
    8
 73
    4
 74
    0
 42
1e-07
 43
1e-07
 40
0
 40
0
 40
0
 40
0
 40
1
 40
1
 40
1
 40
1
 10
5.732283
 20
7.432743
 30
0
 10
5.732277
 20
6.769699
 30
0
 10
5.995666
 20
6.133809
 30
0
 10
6.464507
 20
5.664964
 30
0
  0
SPLINE
  5
14C
100
AcDbEntity
  8
Layer_1
  6
ByLayer
 62
    7
370
   -1
100
AcDbSpline
210
0
220
0
230
0
 70
 4096
 71
    3
 72
    8
 73
    4
 74
    0
 42
1e-07
 43
1e-07
 40
0
 40
0
 40
0
 40
0
 40
1
 40
1
 40
1
 40
1
 10
6.464507
 20
5.664964
 30
0
 10
6.933348
 20
5.196119
 30
0
 10
7.569236
 20
4.932725
 30
0
 10
8.232279999999999
 20
4.932725
 30
0
  0
LWPOLYLINE
  5
14D
100
AcDbEntity
  8
Layer_1
  6
ByLayer
 62
    7
370
   -1
100
AcDbPolyline
 90
    2
 70
    0
 43
0
 10
5.732295
 20
112.632558
 10
5.732295
 20
7.432505
  0
LWPOLYLINE
  5
14E
100
AcDbEntity
  8
Layer_1
  6
ByLayer
 62
    7
370
   -1
100
AcDbPolyline
 90
    2
 70
    0
 43
0
 10
8.232286999999999
 20
4.932195
 10
50.332152
 20
4.932195
  0
SPLINE
  5
14F
100
AcDbEntity
  8
Layer_1
  6
ByLayer
 62
    7
370
   -1
100
AcDbSpline
210
0
220
0
230
0
 70
 4096
 71
    3
 72
    8
 73
    4
 74
    0
 42
1e-07
 43
1e-07
 40
0
 40
0
 40
0
 40
0
 40
1
 40
1
 40
1
 40
1
 10
55.499206
 20
110.132606
 30
0
 10
55.588523
 20
110.132605
 30
0
 10
55.671056
 20
110.180254
 30
0
 10
55.715715
 20
110.257605
 30
0
  0
SPLINE
  5
150
100
AcDbEntity
  8
Layer_1
  6
ByLayer
 62
    7
370
   -1
100
AcDbSpline
210
0
220
0
230
0
 70
 4096
 71
    3
 72
    8
 73
    4
 74
    0
 42
1e-07
 43
1e-07
 40
0
 40
0
 40
0
 40
0
 40
1
 40
1
 40
1
 40
1
 10
56.05722
 20
109.9161
 30
0
 10
56.14824
 20
109.968649
 30
0
 10
56.196674
 20
110.072515
 30
0
 10
56.178424
 20
110.176018
 30
0
  0
SPLINE
  5
151
100
AcDbEntity
  8
Layer_1
  6
ByLayer
 62
    7
370
   -1
100
AcDbSpline
210
0
220
0
230
0
 70
 4096
 71
    3
 72
    8
 73
    4
 74
    0
 42
1e-07
 43
1e-07
 40
0
 40
0
 40
0
 40
0
 40
1
 40
1
 40
1
 40
1
 10
56.178424
 20
110.176018
 30
0
 10
56.160173
 20
110.279522
 30
0
 10
56.079136
 20
110.360559
 30
0
 10
55.975633
 20
110.378809
 30
0
  0
SPLINE
  5
152
100
AcDbEntity
  8
Layer_1
  6
ByLayer
 62
    7
370
   -1
100
AcDbSpline
210
0
220
0
230
0
 70
 4096
 71
    3
 72
    8
 73
    4
 74
    0
 42
1e-07
 43
1e-07
 40
0
 40
0
 40
0
 40
0
 40
1
 40
1
 40
1
 40
1
 10
55.975633
 20
110.378809
 30
0
 10
55.87213
 20
110.397059
 30
0
 10
55.768264
 20
110.348625
 30
0
 10
55.715715
 20
110.257605
 30
0
  0
SPLINE
  5
153
100
AcDbEntity
  8
Layer_1
  6
ByLayer
 62
    7
370
   -1
100
AcDbSpline
210
0
220
0
230
0
 70
 4096
 71
    3
 72
    8
 73
    4
 74
    0
 42
1e-07
 43
1e-07
 40
0
 40
0
 40
0
 40
0
 40
1
 40
1
 40
1
 40
1
 10
56.05722
 20
109.9161
 30
0
 10
55.979869
 20
109.871441
 30
0
 10
55.932219
 20
109.788909
 30
0
 10
55.93222
 20
109.699592
 30
0
  0
LWPOLYLINE
  5
154
100
AcDbEntity
  8
Layer_1
  6
ByLayer
 62
    7
370
   -1
100
AcDbPolyline
 90
    2
 70
    0
 43
0
 10
55.499193
 20
110.132513
 10
33.832227
 20
110.132513
  0
SPLINE
  5
155
100
AcDbEntity
  8
Layer_1
  6
ByLayer
 62
    7
370
   -1
100
AcDbSpline
210
0
220
0
230
0
 70
 4096
 71
    3
 72
    8
 73
    4
 74
    0
 42
1e-07
 43
1e-07
 40
0
 40
0
 40
0
 40
0
 40
1
 40
1
 40
1
 40
1
 10
55.93222
 20
105.125968
 30
0
 10
55.93222
 20
105.036651
 30
0
 10
55.97987
 20
104.95412
 30
0
 10
56.05722
 20
104.909462
 30
0
  0
SPLINE
  5
156
100
AcDbEntity
  8
Layer_1
  6
ByLayer
 62
    7
370
   -1
100
AcDbSpline
210
0
220
0
230
0
 70
 4096
 71
    3
 72
    8
 73
    4
 74
    0
 42
1e-07
 43
1e-07
 40
0
 40
0
 40
0
 40
0
 40
1
 40
1
 40
1
 40
1
 10
55.771523
 20
104.501443
 30
0
 10
55.84394
 20
104.440682
 30
0
 10
55.944436
 20
104.425964
 30
0
 10
56.031236
 20
104.463408
 30
0
  0
SPLINE
  5
157
100
AcDbEntity
  8
Layer_1
  6
ByLayer
 62
    7
370
   -1
100
AcDbSpline
210
0
220
0
230
0
 70
 4096
 71
    3
 72
    8
 73
    4
 74
    0
 42
1e-07
 43
1e-07
 40
0
 40
0
 40
0
 40
0
 40
1
 40
1
 40
1
 40
1
 10
56.031236
 20
104.463408
 30
0
 10
56.118035
 20
104.500851
 30
0
 10
56.176292
 20
104.58405
 30
0
 10
56.18179
 20
104.678421
 30
0
  0
SPLINE
  5
158
100
AcDbEntity
  8
Layer_1
  6
ByLayer
 62
    7
370
   -1
100
AcDbSpline
210
0
220
0
230
0
 70
 4096
 71
    3
 72
    8
 73
    4
 74
    0
 42
1e-07
 43
1e-07
 40
0
 40
0
 40
0
 40
0
 40
1
 40
1
 40
1
 40
1
 10
56.18179
 20
104.678421
 30
0
 10
56.187287
 20
104.772792
 30
0
 10
56.139085
 20
104.862194
 30
0
 10
56.05722
 20
104.909462
 30
0
  0
SPLINE
  5
159
100
AcDbEntity
  8
Layer_1
  6
ByLayer
 62
    7
370
   -1
100
AcDbSpline
210
0
220
0
230
0
 70
 4096
 71
    3
 72
    8
 73
    4
 74
    0
 42
1e-07
 43
1e-07
 40
0
 40
0
 40
0
 40
0
 40
1
 40
1
 40
1
 40
1
 10
55.771523
 20
104.501443
 30
0
 10
55.703103
 20
104.558855
 30
0
 10
55.609251
 20
104.575404
 30
0
 10
55.525321
 20
104.544856
 30
0
  0
LWPOLYLINE
  5
15A
100
AcDbEntity
  8
Layer_1
  6
ByLayer
 62
    7
370
   -1
100
AcDbPolyline
 90
    2
 70
    0
 43
0
 10
55.932316
 20
105.126073
 10
55.932316
 20
109.699655
  0
SPLINE
  5
15B
100
AcDbEntity
  8
Layer_1
  6
ByLayer
 62
    7
370
   -1
100
AcDbSpline
210
0
220
0
230
0
 70
 4096
 71
    3
 72
    8
 73
    4
 74
    0
 42
1e-07
 43
1e-07
 40
0
 40
0
 40
0
 40
0
 40
1
 40
1
 40
1
 40
1
 10
42.604383
 20
99.84202000000001
 30
0
 10
42.355162
 20
99.751311
 30
0
 10
42.152182
 20
99.565314
 30
0
 10
42.040096
 20
99.324946
 30
0
  0
SPLINE
  5
15C
100
AcDbEntity
  8
Layer_1
  6
ByLayer
 62
    7
370
   -1
100
AcDbSpline
210
0
220
0
230
0
 70
 4096
 71
    3
 72
    8
 73
    4
 74
    0
 42
1e-07
 43
1e-07
 40
0
 40
0
 40
0
 40
0
 40
1
 40
1
 40
1
 40
1
 10
42.040096
 20
99.324946
 30
0
 10
41.928011
 20
99.08457900000001
 30
0
 10
41.916002
 20
98.80953
 30
0
 10
42.006712
 20
98.560309
 30
0
  0
LWPOLYLINE
  5
15D
100
AcDbEntity
  8
Layer_1
  6
ByLayer
 62
    7
370
   -1
100
AcDbPolyline
 90
    2
 70
    0
 43
0
 10
42.604476
 20
99.84208599999999
 10
55.525387
 20
104.544785
  0
SPLINE
  5
15E
100
AcDbEntity
  8
Layer_1
  6
ByLayer
 62
    7
370
   -1
100
AcDbSpline
210
0
220
0
230
0
 70
 4096
 71
    3
 72
    8
 73
    4
 74
    0
 42
1e-07
 43
1e-07
 40
0
 40
0
 40
0
 40
0
 40
1
 40
1
 40
1
 40
1
 10
59.39344
 20
50.79066
 30
0
 10
59.537224
 20
50.395614
 30
0
 10
59.912734
 20
50.132679
 30
0
 10
60.333133
 20
50.132679
 30
0
  0
LWPOLYLINE
  5
15F
100
AcDbEntity
  8
Layer_1
  6
ByLayer
 62
    7
370
   -1
100
AcDbPolyline
 90
    2
 70
    0
 43
0
 10
59.393326
 20
50.790779
 10
42.006783
 20
98.560182
  0
SPLINE
  5
160
100
AcDbEntity
  8
Layer_1
  6
ByLayer
 62
    7
370
   -1
100
AcDbSpline
210
0
220
0
230
0
 70
 4096
 71
    3
 72
    8
 73
    4
 74
    0
 42
1e-07
 43
1e-07
 40
0
 40
0
 40
0
 40
0
 40
1
 40
1
 40
1
 40
1
 10
90.49916399999999
 20
50.132679
 30
0
 10
90.58848
 20
50.13268
 30
0
 10
90.67101099999999
 20
50.180329
 30
0
 10
90.71566900000001
 20
50.257679
 30
0
  0
SPLINE
  5
161
100
AcDbEntity
  8
Layer_1
  6
ByLayer
 62
    7
370
   -1
100
AcDbSpline
210
0
220
0
230
0
 70
 4096
 71
    3
 72
    8
 73
    4
 74
    0
 42
1e-07
 43
1e-07
 40
0
 40
0
 40
0
 40
0
 40
1
 40
1
 40
1
 40
1
 10
91.057175
 20
49.916174
 30
0
 10
91.148194
 20
49.968723
 30
0
 10
91.196628
 20
50.072589
 30
0
 10
91.178378
 20
50.176092
 30
0
  0
SPLINE
  5
162
100
AcDbEntity
  8
Layer_1
  6
ByLayer
 62
    7
370
   -1
100
AcDbSpline
210
0
220
0
230
0
 70
 4096
 71
    3
 72
    8
 73
    4
 74
    0
 42
1e-07
 43
1e-07
 40
0
 40
0
 40
0
 40
0
 40
1
 40
1
 40
1
 40
1
 10
91.178378
 20
50.176092
 30
0
 10
91.160128
 20
50.279596
 30
0
 10
91.07909100000001
 20
50.360633
 30
0
 10
90.975588
 20
50.378883
 30
0
  0
SPLINE
  5
163
100
AcDbEntity
  8
Layer_1
  6
ByLayer
 62
    7
370
   -1
100
AcDbSpline
210
0
220
0
230
0
 70
 4096
 71
    3
 72
    8
 73
    4
 74
    0
 42
1e-07
 43
1e-07
 40
0
 40
0
 40
0
 40
0
 40
1
 40
1
 40
1
 40
1
 10
90.975588
 20
50.378883
 30
0
 10
90.872084
 20
50.397133
 30
0
 10
90.768219
 20
50.348699
 30
0
 10
90.71566900000001
 20
50.257679
 30
0
  0
SPLINE
  5
164
100
AcDbEntity
  8
Layer_1
  6
ByLayer
 62
    7
370
   -1
100
AcDbSpline
210
0
220
0
230
0
 70
 4096
 71
    3
 72
    8
 73
    4
 74
    0
 42
1e-07
 43
1e-07
 40
0
 40
0
 40
0
 40
0
 40
1
 40
1
 40
1
 40
1
 10
91.057175
 20
49.916174
 30
0
 10
90.97982500000001
 20
49.871516
 30
0
 10
90.932175
 20
49.788984
 30
0
 10
90.932175
 20
49.699668
 30
0
  0
LWPOLYLINE
  5
165
100
AcDbEntity
  8
Layer_1
  6
ByLayer
 62
    7
370
   -1
100
AcDbPolyline
 90
    2
 70
    0
 43
0
 10
90.499291
 20
50.132761
 10
60.333125
 20
50.132761
  0
SPLINE
  5
166
100
AcDbEntity
  8
Layer_1
  6
ByLayer
 62
    7
370
   -1
100
AcDbSpline
210
0
220
0
230
0
 70
 4096
 71
    3
 72
    8
 73
    4
 74
    0
 42
1e-07
 43
1e-07
 40
0
 40
0
 40
0
 40
0
 40
1
 40
1
 40
1
 40
1
 10
90.932175
 20
10.365751
 30
0
 10
90.932174
 20
10.276434
 30
0
 10
90.97982399999999
 20
10.193902
 30
0
 10
91.057175
 20
10.149243
 30
0
  0
SPLINE
  5
167
100
AcDbEntity
  8
Layer_1
  6
ByLayer
 62
    7
370
   -1
100
AcDbSpline
210
0
220
0
230
0
 70
 4096
 71
    3
 72
    8
 73
    4
 74
    0
 42
1e-07
 43
1e-07
 40
0
 40
0
 40
0
 40
0
 40
1
 40
1
 40
1
 40
1
 10
90.71566900000001
 20
9.807719000000001
 30
0
 10
90.768227
 20
9.716711999999999
 30
0
 10
90.872091
 20
9.668291
 30
0
 10
90.975587
 20
9.686546
 30
0
  0
SPLINE
  5
168
100
AcDbEntity
  8
Layer_1
  6
ByLayer
 62
    7
370
   -1
100
AcDbSpline
210
0
220
0
230
0
 70
 4096
 71
    3
 72
    8
 73
    4
 74
    0
 42
1e-07
 43
1e-07
 40
0
 40
0
 40
0
 40
0
 40
1
 40
1
 40
1
 40
1
 10
90.975587
 20
9.686546
 30
0
 10
91.079083
 20
9.704801
 30
0
 10
91.160112
 20
9.785835000000001
 30
0
 10
91.17836200000001
 20
9.889332
 30
0
  0
SPLINE
  5
169
100
AcDbEntity
  8
Layer_1
  6
ByLayer
 62
    7
370
   -1
100
AcDbSpline
210
0
220
0
230
0
 70
 4096
 71
    3
 72
    8
 73
    4
 74
    0
 42
1e-07
 43
1e-07
 40
0
 40
0
 40
0
 40
0
 40
1
 40
1
 40
1
 40
1
 10
91.17836200000001
 20
9.889332
 30
0
 10
91.196612
 20
9.992829
 30
0
 10
91.148185
 20
10.09669
 30
0
 10
91.057175
 20
10.149243
 30
0
  0
SPLINE
  5
16A
100
AcDbEntity
  8
Layer_1
  6
ByLayer
 62
    7
370
   -1
100
AcDbSpline
210
0
220
0
230
0
 70
 4096
 71
    3
 72
    8
 73
    4
 74
    0
 42
1e-07
 43
1e-07
 40
0
 40
0
 40
0
 40
0
 40
1
 40
1
 40
1
 40
1
 10
90.71566900000001
 20
9.807719000000001
 30
0
 10
90.671015
 20
9.885075000000001
 30
0
 10
90.588483
 20
9.932731
 30
0
 10
90.49916399999999
 20
9.932734999999999
 30
0
  0
LWPOLYLINE
  5
16B
100
AcDbEntity
  8
Layer_1
  6
ByLayer
 62
    7
370
   -1
100
AcDbPolyline
 90
    2
 70
    0
 43
0
 10
90.932149
 20
10.36673
 10
90.932149
 20
49.699639
  0
LWPOLYLINE
  5
16C
100
AcDbEntity
  8
Layer_1
  6
ByLayer
 62
    7
370
   -1
100
AcDbPolyline
 90
    2
 70
    0
 43
0
 10
32.695314
 20
9.932814
 10
90.499291
 20
9.932814
  0
SPLINE
  5
16D
100
AcDbEntity
  8
Layer_1
  6
ByLayer
 62
    7
370
   -1
100
AcDbSpline
210
0
220
0
230
0
 70
 4096
 71
    3
 72
    8
 73
    4
 74
    0
 42
1e-07
 43
1e-07
 40
0
 40
0
 40
0
 40
0
 40
1
 40
1
 40
1
 40
1
 10
10.948783
 20
110.257605
 30
0
 10
10.993441
 20
110.180255
 30
0
 10
11.075973
 20
110.132605
 30
0
 10
11.165289
 20
110.132606
 30
0
  0
SPLINE
  5
16E
100
AcDbEntity
  8
Layer_1
  6
ByLayer
 62
    7
370
   -1
100
AcDbSpline
210
0
220
0
230
0
 70
 4096
 71
    3
 72
    8
 73
    4
 74
    0
 42
1e-07
 43
1e-07
 40
0
 40
0
 40
0
 40
0
 40
1
 40
1
 40
1
 40
1
 10
10.948783
 20
110.257605
 30
0
 10
10.896233
 20
110.348624
 30
0
 10
10.792368
 20
110.397058
 30
0
 10
10.688865
 20
110.378808
 30
0
  0
SPLINE
  5
16F
100
AcDbEntity
  8
Layer_1
  6
ByLayer
 62
    7
370
   -1
100
AcDbSpline
210
0
220
0
230
0
 70
 4096
 71
    3
 72
    8
 73
    4
 74
    0
 42
1e-07
 43
1e-07
 40
0
 40
0
 40
0
 40
0
 40
1
 40
1
 40
1
 40
1
 10
10.688865
 20
110.378808
 30
0
 10
10.585362
 20
110.360558
 30
0
 10
10.504325
 20
110.279521
 30
0
 10
10.486074
 20
110.176018
 30
0
  0
SPLINE
  5
170
100
AcDbEntity
  8
Layer_1
  6
ByLayer
 62
    7
370
   -1
100
AcDbSpline
210
0
220
0
230
0
 70
 4096
 71
    3
 72
    8
 73
    4
 74
    0
 42
1e-07
 43
1e-07
 40
0
 40
0
 40
0
 40
0
 40
1
 40
1
 40
1
 40
1
 10
10.486074
 20
110.176018
 30
0
 10
10.467824
 20
110.072515
 30
0
 10
10.516258
 20
109.96865
 30
0
 10
10.607277
 20
109.9161
 30
0
  0
SPLINE
  5
171
100
AcDbEntity
  8
Layer_1
  6
ByLayer
 62
    7
370
   -1
100
AcDbSpline
210
0
220
0
230
0
 70
 4096
 71
    3
 72
    8
 73
    4
 74
    0
 42
1e-07
 43
1e-07
 40
0
 40
0
 40
0
 40
0
 40
1
 40
1
 40
1
 40
1
 10
10.732277
 20
109.699592
 30
0
 10
10.732277
 20
109.788909
 30
0
 10
10.684628
 20
109.871441
 30
0
 10
10.607277
 20
109.9161
 30
0
  0
LWPOLYLINE
  5
172
100
AcDbEntity
  8
Layer_1
  6
ByLayer
 62
    7
370
   -1
100
AcDbPolyline
 90
    2
 70
    0
 43
0
 10
32.832368
 20
110.132513
 10
11.165295
 20
110.132513
  0
SPLINE
  5
173
100
AcDbEntity
  8
Layer_1
  6
ByLayer
 62
    7
370
   -1
100
AcDbSpline
210
0
220
0
230
0
 70
 4096
 71
    3
 72
    8
 73
    4
 74
    0
 42
1e-07
 43
1e-07
 40
0
 40
0
 40
0
 40
0
 40
1
 40
1
 40
1
 40
1
 10
10.607277
 20
10.149243
 30
0
 10
10.684628
 20
10.193902
 30
0
 10
10.732277
 20
10.276434
 30
0
 10
10.732277
 20
10.365751
 30
0
  0
SPLINE
  5
174
100
AcDbEntity
  8
Layer_1
  6
ByLayer
 62
    7
370
   -1
100
AcDbSpline
210
0
220
0
230
0
 70
 4096
 71
    3
 72
    8
 73
    4
 74
    0
 42
1e-07
 43
1e-07
 40
0
 40
0
 40
0
 40
0
 40
1
 40
1
 40
1
 40
1
 10
10.607277
 20
10.149243
 30
0
 10
10.516267
 20
10.09669
 30
0
 10
10.467841
 20
9.992829
 30
0
 10
10.486091
 20
9.889332
 30
0
  0
SPLINE
  5
175
100
AcDbEntity
  8
Layer_1
  6
ByLayer
 62
    7
370
   -1
100
AcDbSpline
210
0
220
0
230
0
 70
 4096
 71
    3
 72
    8
 73
    4
 74
    0
 42
1e-07
 43
1e-07
 40
0
 40
0
 40
0
 40
0
 40
1
 40
1
 40
1
 40
1
 10
10.486091
 20
9.889332
 30
0
 10
10.504341
 20
9.785835000000001
 30
0
 10
10.58537
 20
9.704802000000001
 30
0
 10
10.688866
 20
9.686546999999999
 30
0
  0
SPLINE
  5
176
100
AcDbEntity
  8
Layer_1
  6
ByLayer
 62
    7
370
   -1
100
AcDbSpline
210
0
220
0
230
0
 70
 4096
 71
    3
 72
    8
 73
    4
 74
    0
 42
1e-07
 43
1e-07
 40
0
 40
0
 40
0
 40
0
 40
1
 40
1
 40
1
 40
1
 10
10.688866
 20
9.686546999999999
 30
0
 10
10.792362
 20
9.668291
 30
0
 10
10.896225
 20
9.716711999999999
 30
0
 10
10.948783
 20
9.807719000000001
 30
0
  0
SPLINE
  5
177
100
AcDbEntity
  8
Layer_1
  6
ByLayer
 62
    7
370
   -1
100
AcDbSpline
210
0
220
0
230
0
 70
 4096
 71
    3
 72
    8
 73
    4
 74
    0
 42
1e-07
 43
1e-07
 40
0
 40
0
 40
0
 40
0
 40
1
 40
1
 40
1
 40
1
 10
11.165289
 20
9.932734999999999
 30
0
 10
11.075969
 20
9.932732
 30
0
 10
10.993437
 20
9.885076
 30
0
 10
10.948783
 20
9.807719000000001
 30
0
  0
LWPOLYLINE
  5
178
100
AcDbEntity
  8
Layer_1
  6
ByLayer
 62
    7
370
   -1
100
AcDbPolyline
 90
    2
 70
    0
 43
0
 10
10.732279
 20
109.699655
 10
10.732279
 20
10.36673
  0
LWPOLYLINE
  5
179
100
AcDbEntity
  8
Layer_1
  6
ByLayer
 62
    7
370
   -1
100
AcDbPolyline
 90
    2
 70
    0
 43
0
 10
11.165295
 20
9.932814
 10
31.695454
 20
9.932814
  0
LWPOLYLINE
  5
17A
100
AcDbEntity
  8
Layer_1
  6
ByLayer
 62
    7
370
   -1
100
AcDbPolyline
 90
    2
 70
    0
 43
0
 10
48.882237
 20
79.66948499999999
 10
48.497798
 20
79.848872
  0
SPLINE
  5
17B
100
AcDbEntity
  8
Layer_1
  6
ByLayer
 62
    7
370
   -1
100
AcDbSpline
210
0
220
0
230
0
 70
 4096
 71
    3
 72
    8
 73
    4
 74
    0
 42
1e-07
 43
1e-07
 40
0
 40
0
 40
0
 40
0
 40
1
 40
1
 40
1
 40
1
 10
46.400409
 20
78.88684000000001
 30
0
 10
46.497284
 20
78.9221
 30
0
 10
46.547235
 20
79.02921600000001
 30
0
 10
46.511975
 20
79.126092
 30
0
  0
SPLINE
  5
17C
100
AcDbEntity
  8
Layer_1
  6
ByLayer
 62
    7
370
   -1
100
AcDbSpline
210
0
220
0
230
0
 70
 4096
 71
    3
 72
    8
 73
    4
 74
    0
 42
1e-07
 43
1e-07
 40
0
 40
0
 40
0
 40
0
 40
1
 40
1
 40
1
 40
1
 10
46.272721
 20
79.23765899999999
 30
0
 10
46.175851
 20
79.202395
 30
0
 10
46.125907
 20
79.095281
 30
0
 10
46.161165
 20
78.998409
 30
0
  0
SPLINE
  5
17D
100
AcDbEntity
  8
Layer_1
  6
ByLayer
 62
    7
370
   -1
100
AcDbSpline
210
0
220
0
230
0
 70
 4096
 71
    3
 72
    8
 73
    4
 74
    0
 42
1e-07
 43
1e-07
 40
0
 40
0
 40
0
 40
0
 40
1
 40
1
 40
1
 40
1
 10
46.161165
 20
78.998409
 30
0
 10
46.196424
 20
78.901537
 30
0
 10
46.303535
 20
78.85158699999999
 30
0
 10
46.400409
 20
78.88684000000001
 30
0
  0
LWPOLYLINE
  5
17E
100
AcDbEntity
  8
Layer_1
  6
ByLayer
 62
    7
370
   -1
100
AcDbPolyline
 90
    2
 70
    0
 43
0
 10
46.512102
 20
79.126031
 10
48.497798
 20
79.848872
  0
SPLINE
  5
17F
100
AcDbEntity
  8
Layer_1
  6
ByLayer
 62
    7
370
   -1
100
AcDbSpline
210
0
220
0
230
0
 70
 4096
 71
    3
 72
    8
 73
    4
 74
    0
 42
1e-07
 43
1e-07
 40
0
 40
0
 40
0
 40
0
 40
1
 40
1
 40
1
 40
1
 10
38.220577
 20
107.532607
 30
0
 10
38.220822
 20
107.429687
 30
0
 10
38.304323
 20
107.346385
 30
0
 10
38.407242
 20
107.346385
 30
0
  0
SPLINE
  5
180
100
AcDbEntity
  8
Layer_1
  6
ByLayer
 62
    7
370
   -1
100
AcDbSpline
210
0
220
0
230
0
 70
 4096
 71
    3
 72
    8
 73
    4
 74
    0
 42
1e-07
 43
1e-07
 40
0
 40
0
 40
0
 40
0
 40
1
 40
1
 40
1
 40
1
 10
38.407242
 20
107.346385
 30
0
 10
38.510162
 20
107.346385
 30
0
 10
38.593663
 20
107.429687
 30
0
 10
38.593908
 20
107.532607
 30
0
  0
SPLINE
  5
181
100
AcDbEntity
  8
Layer_1
  6
ByLayer
 62
    7
370
   -1
100
AcDbSpline
210
0
220
0
230
0
 70
 4096
 71
    3
 72
    8
 73
    4
 74
    0
 42
1e-07
 43
1e-07
 40
0
 40
0
 40
0
 40
0
 40
1
 40
1
 40
1
 40
1
 10
38.407242
 20
107.719275
 30
0
 10
38.357735
 20
107.719275
 30
0
 10
38.310256
 20
107.699608
 30
0
 10
38.275249
 20
107.664601
 30
0
  0
SPLINE
  5
182
100
AcDbEntity
  8
Layer_1
  6
ByLayer
 62
    7
370
   -1
100
AcDbSpline
210
0
220
0
230
0
 70
 4096
 71
    3
 72
    8
 73
    4
 74
    0
 42
1e-07
 43
1e-07
 40
0
 40
0
 40
0
 40
0
 40
1
 40
1
 40
1
 40
1
 10
38.275249
 20
107.664601
 30
0
 10
38.240242
 20
107.629594
 30
0
 10
38.220576
 20
107.582114
 30
0
 10
38.220577
 20
107.532607
 30
0
  0
LWPOLYLINE
  5
183
100
AcDbEntity
  8
Layer_1
  6
ByLayer
 62
    7
370
   -1
100
AcDbPolyline
 90
    5
 70
    0
 43
0
 10
46.272655
 20
79.237685
 10
38.332254
 20
101.053876
 10
53.332258
 20
106.513547
 10
53.332258
 20
107.53272
 10
38.593927
 20
107.53272
  0
LWPOLYLINE
  5
184
100
AcDbEntity
  8
Layer_1
  6
ByLayer
 62
    7
370
   -1
100
AcDbPolyline
 90
    3
 70
    0
 43
0
 10
38.407131
 20
107.719251
 10
38.407131
 20
109.832476
 10
38.107359
 20
110.132513
  0
LWPOLYLINE
  5
185
100
AcDbEntity
  8
Layer_1
  6
ByLayer
 62
    7
370
   -1
100
AcDbPolyline
 90
    2
 70
    0
 43
0
 10
28.557235
 20
110.132513
 10
28.257198
 20
109.832476
  0
SPLINE
  5
186
100
AcDbEntity
  8
Layer_1
  6
ByLayer
 62
    7
370
   -1
100
AcDbSpline
210
0
220
0
230
0
 70
 4096
 71
    3
 72
    8
 73
    4
 74
    0
 42
1e-07
 43
1e-07
 40
0
 40
0
 40
0
 40
0
 40
1
 40
1
 40
1
 40
1
 10
28.44392
 20
107.532607
 30
0
 10
28.44392
 20
107.582114
 30
0
 10
28.424254
 20
107.629594
 30
0
 10
28.389247
 20
107.664601
 30
0
  0
SPLINE
  5
187
100
AcDbEntity
  8
Layer_1
  6
ByLayer
 62
    7
370
   -1
100
AcDbSpline
210
0
220
0
230
0
 70
 4096
 71
    3
 72
    8
 73
    4
 74
    0
 42
1e-07
 43
1e-07
 40
0
 40
0
 40
0
 40
0
 40
1
 40
1
 40
1
 40
1
 10
28.389247
 20
107.664601
 30
0
 10
28.354241
 20
107.699608
 30
0
 10
28.306761
 20
107.719275
 30
0
 10
28.257254
 20
107.719275
 30
0
  0
SPLINE
  5
188
100
AcDbEntity
  8
Layer_1
  6
ByLayer
 62
    7
370
   -1
100
AcDbSpline
210
0
220
0
230
0
 70
 4096
 71
    3
 72
    8
 73
    4
 74
    0
 42
1e-07
 43
1e-07
 40
0
 40
0
 40
0
 40
0
 40
1
 40
1
 40
1
 40
1
 10
28.070588
 20
107.532607
 30
0
 10
28.070833
 20
107.429687
 30
0
 10
28.154334
 20
107.346385
 30
0
 10
28.257254
 20
107.346385
 30
0
  0
SPLINE
  5
189
100
AcDbEntity
  8
Layer_1
  6
ByLayer
 62
    7
370
   -1
100
AcDbSpline
210
0
220
0
230
0
 70
 4096
 71
    3
 72
    8
 73
    4
 74
    0
 42
1e-07
 43
1e-07
 40
0
 40
0
 40
0
 40
0
 40
1
 40
1
 40
1
 40
1
 10
28.257254
 20
107.346385
 30
0
 10
28.360173
 20
107.346385
 30
0
 10
28.443675
 20
107.429687
 30
0
 10
28.44392
 20
107.532607
 30
0
  0
LWPOLYLINE
  5
18A
100
AcDbEntity
  8
Layer_1
  6
ByLayer
 62
    7
370
   -1
100
AcDbPolyline
 90
    2
 70
    0
 43
0
 10
28.257198
 20
107.719251
 10
28.257198
 20
109.832476
  0
SPLINE
  5
18B
100
AcDbEntity
  8
Layer_1
  6
ByLayer
 62
    7
370
   -1
100
AcDbSpline
210
0
220
0
230
0
 70
 4096
 71
    3
 72
    8
 73
    4
 74
    0
 42
1e-07
 43
1e-07
 40
0
 40
0
 40
0
 40
0
 40
1
 40
1
 40
1
 40
1
 10
13.332273
 20
88.67096600000001
 30
0
 10
13.435193
 20
88.671211
 30
0
 10
13.518495
 20
88.754713
 30
0
 10
13.518495
 20
88.857632
 30
0
  0
SPLINE
  5
18C
100
AcDbEntity
  8
Layer_1
  6
ByLayer
 62
    7
370
   -1
100
AcDbSpline
210
0
220
0
230
0
 70
 4096
 71
    3
 72
    8
 73
    4
 74
    0
 42
1e-07
 43
1e-07
 40
0
 40
0
 40
0
 40
0
 40
1
 40
1
 40
1
 40
1
 10
13.518495
 20
88.857632
 30
0
 10
13.518495
 20
88.96055200000001
 30
0
 10
13.435193
 20
89.04405300000001
 30
0
 10
13.332273
 20
89.044298
 30
0
  0
SPLINE
  5
18D
100
AcDbEntity
  8
Layer_1
  6
ByLayer
 62
    7
370
   -1
100
AcDbSpline
210
0
220
0
230
0
 70
 4096
 71
    3
 72
    8
 73
    4
 74
    0
 42
1e-07
 43
1e-07
 40
0
 40
0
 40
0
 40
0
 40
1
 40
1
 40
1
 40
1
 10
13.145607
 20
88.857632
 30
0
 10
13.145607
 20
88.75453899999999
 30
0
 10
13.229181
 20
88.67096600000001
 30
0
 10
13.332273
 20
88.67096600000001
 30
0
  0
LWPOLYLINE
  5
18E
100
AcDbEntity
  8
Layer_1
  6
ByLayer
 62
    7
370
   -1
100
AcDbPolyline
 90
    4
 70
    0
 43
0
 10
28.070667
 20
107.53272
 10
13.832265
 20
107.53272
 10
13.332283
 20
107.032658
 10
13.332283
 20
89.044189
  0
LWPOLYLINE
  5
18F
100
AcDbEntity
  8
Layer_1
  6
ByLayer
 62
    7
370
   -1
100
AcDbPolyline
 90
    3
 70
    0
 43
0
 10
13.14562
 20
88.857658
 10
11.032263
 20
88.857658
 10
10.732279
 20
88.557621
  0
LWPOLYLINE
  5
190
100
AcDbEntity
  8
Layer_1
  6
ByLayer
 62
    7
370
   -1
100
AcDbPolyline
 90
    2
 70
    0
 43
0
 10
68.297337
 20
50.132761
 10
67.9973
 20
49.832724
  0
SPLINE
  5
191
100
AcDbEntity
  8
Layer_1
  6
ByLayer
 62
    7
370
   -1
100
AcDbSpline
210
0
220
0
230
0
 70
 4096
 71
    3
 72
    8
 73
    4
 74
    0
 42
1e-07
 43
1e-07
 40
0
 40
0
 40
0
 40
0
 40
1
 40
1
 40
1
 40
1
 10
68.18395599999999
 20
47.532683
 30
0
 10
68.183955
 20
47.635776
 30
0
 10
68.100382
 20
47.719349
 30
0
 10
67.99729000000001
 20
47.719349
 30
0
  0
SPLINE
  5
192
100
AcDbEntity
  8
Layer_1
  6
ByLayer
 62
    7
370
   -1
100
AcDbSpline
210
0
220
0
230
0
 70
 4096
 71
    3
 72
    8
 73
    4
 74
    0
 42
1e-07
 43
1e-07
 40
0
 40
0
 40
0
 40
0
 40
1
 40
1
 40
1
 40
1
 10
67.810624
 20
47.532683
 30
0
 10
67.810869
 20
47.429764
 30
0
 10
67.89437
 20
47.346461
 30
0
 10
67.99729000000001
 20
47.346461
 30
0
  0
SPLINE
  5
193
100
AcDbEntity
  8
Layer_1
  6
ByLayer
 62
    7
370
   -1
100
AcDbSpline
210
0
220
0
230
0
 70
 4096
 71
    3
 72
    8
 73
    4
 74
    0
 42
1e-07
 43
1e-07
 40
0
 40
0
 40
0
 40
0
 40
1
 40
1
 40
1
 40
1
 10
67.99729000000001
 20
47.346461
 30
0
 10
68.10020900000001
 20
47.346461
 30
0
 10
68.183711
 20
47.429764
 30
0
 10
68.18395599999999
 20
47.532683
 30
0
  0
LWPOLYLINE
  5
194
100
AcDbEntity
  8
Layer_1
  6
ByLayer
 62
    7
370
   -1
100
AcDbPolyline
 90
    2
 70
    0
 43
0
 10
67.9973
 20
47.719235
 10
67.9973
 20
49.832724
  0
SPLINE
  5
195
100
AcDbEntity
  8
Layer_1
  6
ByLayer
 62
    7
370
   -1
100
AcDbSpline
210
0
220
0
230
0
 70
 4096
 71
    3
 72
    8
 73
    4
 74
    0
 42
1e-07
 43
1e-07
 40
0
 40
0
 40
0
 40
0
 40
1
 40
1
 40
1
 40
1
 10
49.744222
 20
69.699791
 30
0
 10
49.647352
 20
69.66452700000001
 30
0
 10
49.597408
 20
69.557413
 30
0
 10
49.632666
 20
69.46054100000001
 30
0
  0
SPLINE
  5
196
100
AcDbEntity
  8
Layer_1
  6
ByLayer
 62
    7
370
   -1
100
AcDbSpline
210
0
220
0
230
0
 70
 4096
 71
    3
 72
    8
 73
    4
 74
    0
 42
1e-07
 43
1e-07
 40
0
 40
0
 40
0
 40
0
 40
1
 40
1
 40
1
 40
1
 10
49.632666
 20
69.46054100000001
 30
0
 10
49.667925
 20
69.363669
 30
0
 10
49.775036
 20
69.31371900000001
 30
0
 10
49.87191
 20
69.348972
 30
0
  0
SPLINE
  5
197
100
AcDbEntity
  8
Layer_1
  6
ByLayer
 62
    7
370
   -1
100
AcDbSpline
210
0
220
0
230
0
 70
 4096
 71
    3
 72
    8
 73
    4
 74
    0
 42
1e-07
 43
1e-07
 40
0
 40
0
 40
0
 40
0
 40
1
 40
1
 40
1
 40
1
 10
49.983474
 20
69.588224
 30
0
 10
49.948214
 20
69.68510000000001
 30
0
 10
49.841098
 20
69.73505
 30
0
 10
49.744222
 20
69.699791
 30
0
  0
LWPOLYLINE
  5
198
100
AcDbEntity
  8
Layer_1
  6
ByLayer
 62
    7
370
   -1
100
AcDbPolyline
 90
    3
 70
    0
 43
0
 10
67.81050500000001
 20
47.532704
 10
57.812442
 20
47.532704
 10
49.871777
 20
69.348896
  0
LWPOLYLINE
  5
199
100
AcDbEntity
  8
Layer_1
  6
ByLayer
 62
    7
370
   -1
100
AcDbPolyline
 90
    3
 70
    0
 43
0
 10
49.983431
 20
69.58834299999999
 10
51.969391
 20
70.310919
 10
52.148779
 20
70.695623
  0
LWPOLYLINE
  5
19A
100
AcDbEntity
  8
Layer_1
  6
ByLayer
 62
    7
370
   -1
100
AcDbPolyline
 90
    2
 70
    0
 43
0
 10
10.732279
 20
79.007763
 10
11.032263
 20
78.707725
  0
SPLINE
  5
19B
100
AcDbEntity
  8
Layer_1
  6
ByLayer
 62
    7
370
   -1
100
AcDbSpline
210
0
220
0
230
0
 70
 4096
 71
    3
 72
    8
 73
    4
 74
    0
 42
1e-07
 43
1e-07
 40
0
 40
0
 40
0
 40
0
 40
1
 40
1
 40
1
 40
1
 10
13.332273
 20
78.89430900000001
 30
0
 10
13.229181
 20
78.89430900000001
 30
0
 10
13.145607
 20
78.81073600000001
 30
0
 10
13.145607
 20
78.707643
 30
0
  0
SPLINE
  5
19C
100
AcDbEntity
  8
Layer_1
  6
ByLayer
 62
    7
370
   -1
100
AcDbSpline
210
0
220
0
230
0
 70
 4096
 71
    3
 72
    8
 73
    4
 74
    0
 42
1e-07
 43
1e-07
 40
0
 40
0
 40
0
 40
0
 40
1
 40
1
 40
1
 40
1
 10
13.332273
 20
78.520977
 30
0
 10
13.435193
 20
78.52122300000001
 30
0
 10
13.518495
 20
78.604724
 30
0
 10
13.518495
 20
78.707643
 30
0
  0
SPLINE
  5
19D
100
AcDbEntity
  8
Layer_1
  6
ByLayer
 62
    7
370
   -1
100
AcDbSpline
210
0
220
0
230
0
 70
 4096
 71
    3
 72
    8
 73
    4
 74
    0
 42
1e-07
 43
1e-07
 40
0
 40
0
 40
0
 40
0
 40
1
 40
1
 40
1
 40
1
 10
13.518495
 20
78.707643
 30
0
 10
13.518495
 20
78.810563
 30
0
 10
13.435193
 20
78.894064
 30
0
 10
13.332273
 20
78.89430900000001
 30
0
  0
LWPOLYLINE
  5
19E
100
AcDbEntity
  8
Layer_1
  6
ByLayer
 62
    7
370
   -1
100
AcDbPolyline
 90
    2
 70
    0
 43
0
 10
13.14562
 20
78.707725
 10
11.032263
 20
78.707725
  0
SPLINE
  5
19F
100
AcDbEntity
  8
Layer_1
  6
ByLayer
 62
    7
370
   -1
100
AcDbSpline
210
0
220
0
230
0
 70
 4096
 71
    3
 72
    8
 73
    4
 74
    0
 42
1e-07
 43
1e-07
 40
0
 40
0
 40
0
 40
0
 40
1
 40
1
 40
1
 40
1
 10
13.332273
 20
41.171026
 30
0
 10
13.435193
 20
41.171271
 30
0
 10
13.518495
 20
41.254772
 30
0
 10
13.518495
 20
41.357692
 30
0
  0
SPLINE
  5
1A0
100
AcDbEntity
  8
Layer_1
  6
ByLayer
 62
    7
370
   -1
100
AcDbSpline
210
0
220
0
230
0
 70
 4096
 71
    3
 72
    8
 73
    4
 74
    0
 42
1e-07
 43
1e-07
 40
0
 40
0
 40
0
 40
0
 40
1
 40
1
 40
1
 40
1
 10
13.518495
 20
41.357692
 30
0
 10
13.518495
 20
41.460611
 30
0
 10
13.435193
 20
41.544113
 30
0
 10
13.332273
 20
41.544358
 30
0
  0
SPLINE
  5
1A1
100
AcDbEntity
  8
Layer_1
  6
ByLayer
 62
    7
370
   -1
100
AcDbSpline
210
0
220
0
230
0
 70
 4096
 71
    3
 72
    8
 73
    4
 74
    0
 42
1e-07
 43
1e-07
 40
0
 40
0
 40
0
 40
0
 40
1
 40
1
 40
1
 40
1
 10
13.145607
 20
41.357692
 30
0
 10
13.145607
 20
41.254599
 30
0
 10
13.229181
 20
41.171026
 30
0
 10
13.332273
 20
41.171026
 30
0
  0
LWPOLYLINE
  5
1A2
100
AcDbEntity
  8
Layer_1
  6
ByLayer
 62
    7
370
   -1
100
AcDbPolyline
 90
    2
 70
    0
 43
0
 10
13.332283
 20
78.52093000000001
 10
13.332283
 20
41.544397
  0
LWPOLYLINE
  5
1A3
100
AcDbEntity
  8
Layer_1
  6
ByLayer
 62
    7
370
   -1
100
AcDbPolyline
 90
    3
 70
    0
 43
0
 10
13.14562
 20
41.357602
 10
11.032263
 20
41.357602
 10
10.732279
 20
41.057565
  0
LWPOLYLINE
  5
1A4
100
AcDbEntity
  8
Layer_1
  6
ByLayer
 62
    7
370
   -1
100
AcDbPolyline
 90
    2
 70
    0
 43
0
 10
90.932149
 20
34.807585
 10
90.63211099999999
 20
35.107622
  0
SPLINE
  5
1A5
100
AcDbEntity
  8
Layer_1
  6
ByLayer
 62
    7
370
   -1
100
AcDbSpline
210
0
220
0
230
0
 70
 4096
 71
    3
 72
    8
 73
    4
 74
    0
 42
1e-07
 43
1e-07
 40
0
 40
0
 40
0
 40
0
 40
1
 40
1
 40
1
 40
1
 10
88.332179
 20
34.921033
 30
0
 10
88.435271
 20
34.921033
 30
0
 10
88.518844
 20
35.004606
 30
0
 10
88.518845
 20
35.107699
 30
0
  0
SPLINE
  5
1A6
100
AcDbEntity
  8
Layer_1
  6
ByLayer
 62
    7
370
   -1
100
AcDbSpline
210
0
220
0
230
0
 70
 4096
 71
    3
 72
    8
 73
    4
 74
    0
 42
1e-07
 43
1e-07
 40
0
 40
0
 40
0
 40
0
 40
1
 40
1
 40
1
 40
1
 10
88.332179
 20
35.294365
 30
0
 10
88.229259
 20
35.29412
 30
0
 10
88.145957
 20
35.210618
 30
0
 10
88.145957
 20
35.107699
 30
0
  0
SPLINE
  5
1A7
100
AcDbEntity
  8
Layer_1
  6
ByLayer
 62
    7
370
   -1
100
AcDbSpline
210
0
220
0
230
0
 70
 4096
 71
    3
 72
    8
 73
    4
 74
    0
 42
1e-07
 43
1e-07
 40
0
 40
0
 40
0
 40
0
 40
1
 40
1
 40
1
 40
1
 10
88.145957
 20
35.107699
 30
0
 10
88.145957
 20
35.004779
 30
0
 10
88.229259
 20
34.921278
 30
0
 10
88.332179
 20
34.921033
 30
0
  0
LWPOLYLINE
  5
1A8
100
AcDbEntity
  8
Layer_1
  6
ByLayer
 62
    7
370
   -1
100
AcDbPolyline
 90
    2
 70
    0
 43
0
 10
88.51888700000001
 20
35.107622
 10
90.63211099999999
 20
35.107622
  0
SPLINE
  5
1A9
100
AcDbEntity
  8
Layer_1
  6
ByLayer
 62
    7
370
   -1
100
AcDbSpline
210
0
220
0
230
0
 70
 4096
 71
    3
 72
    8
 73
    4
 74
    0
 42
1e-07
 43
1e-07
 40
0
 40
0
 40
0
 40
0
 40
1
 40
1
 40
1
 40
1
 10
77.96061
 20
47.532683
 30
0
 10
77.96061
 20
47.465993
 30
0
 10
77.996188
 20
47.404369
 30
0
 10
78.053943
 20
47.371025
 30
0
  0
SPLINE
  5
1AA
100
AcDbEntity
  8
Layer_1
  6
ByLayer
 62
    7
370
   -1
100
AcDbSpline
210
0
220
0
230
0
 70
 4096
 71
    3
 72
    8
 73
    4
 74
    0
 42
1e-07
 43
1e-07
 40
0
 40
0
 40
0
 40
0
 40
1
 40
1
 40
1
 40
1
 10
78.053943
 20
47.371025
 30
0
 10
78.111698
 20
47.33768
 30
0
 10
78.182856
 20
47.33768
 30
0
 10
78.240611
 20
47.371025
 30
0
  0
SPLINE
  5
1AB
100
AcDbEntity
  8
Layer_1
  6
ByLayer
 62
    7
370
   -1
100
AcDbSpline
210
0
220
0
230
0
 70
 4096
 71
    3
 72
    8
 73
    4
 74
    0
 42
1e-07
 43
1e-07
 40
0
 40
0
 40
0
 40
0
 40
1
 40
1
 40
1
 40
1
 10
78.240611
 20
47.371025
 30
0
 10
78.298366
 20
47.404369
 30
0
 10
78.333944
 20
47.465993
 30
0
 10
78.333944
 20
47.532683
 30
0
  0
SPLINE
  5
1AC
100
AcDbEntity
  8
Layer_1
  6
ByLayer
 62
    7
370
   -1
100
AcDbSpline
210
0
220
0
230
0
 70
 4096
 71
    3
 72
    8
 73
    4
 74
    0
 42
1e-07
 43
1e-07
 40
0
 40
0
 40
0
 40
0
 40
1
 40
1
 40
1
 40
1
 10
78.147278
 20
47.719349
 30
0
 10
78.09777099999999
 20
47.71935
 30
0
 10
78.050291
 20
47.699683
 30
0
 10
78.01528399999999
 20
47.664677
 30
0
  0
SPLINE
  5
1AD
100
AcDbEntity
  8
Layer_1
  6
ByLayer
 62
    7
370
   -1
100
AcDbSpline
210
0
220
0
230
0
 70
 4096
 71
    3
 72
    8
 73
    4
 74
    0
 42
1e-07
 43
1e-07
 40
0
 40
0
 40
0
 40
0
 40
1
 40
1
 40
1
 40
1
 10
78.01528399999999
 20
47.664677
 30
0
 10
77.980277
 20
47.62967
 30
0
 10
77.96061
 20
47.58219
 30
0
 10
77.96061
 20
47.532683
 30
0
  0
LWPOLYLINE
  5
1AE
100
AcDbEntity
  8
Layer_1
  6
ByLayer
 62
    7
370
   -1
100
AcDbPolyline
 90
    4
 70
    0
 43
0
 10
88.33209100000001
 20
35.294418
 10
88.33209100000001
 20
47.032642
 10
87.832294
 20
47.532704
 10
78.334029
 20
47.532704
  0
LWPOLYLINE
  5
1AF
100
AcDbEntity
  8
Layer_1
  6
ByLayer
 62
    7
370
   -1
100
AcDbPolyline
 90
    3
 70
    0
 43
0
 10
78.147233
 20
47.719235
 10
78.147233
 20
49.832724
 10
77.847196
 20
50.132761
  0
LWPOLYLINE
  5
1B0
100
AcDbEntity
  8
Layer_1
  6
ByLayer
 62
    7
370
   -1
100
AcDbPolyline
 90
    2
 70
    0
 43
0
 10
10.732279
 20
31.506912
 10
11.032263
 20
31.207933
  0
SPLINE
  5
1B1
100
AcDbEntity
  8
Layer_1
  6
ByLayer
 62
    7
370
   -1
100
AcDbSpline
210
0
220
0
230
0
 70
 4096
 71
    3
 72
    8
 73
    4
 74
    0
 42
1e-07
 43
1e-07
 40
0
 40
0
 40
0
 40
0
 40
1
 40
1
 40
1
 40
1
 10
13.332273
 20
31.394358
 30
0
 10
13.229182
 20
31.394358
 30
0
 10
13.145609
 20
31.310787
 30
0
 10
13.145607
 20
31.207695
 30
0
  0
SPLINE
  5
1B2
100
AcDbEntity
  8
Layer_1
  6
ByLayer
 62
    7
370
   -1
100
AcDbSpline
210
0
220
0
230
0
 70
 4096
 71
    3
 72
    8
 73
    4
 74
    0
 42
1e-07
 43
1e-07
 40
0
 40
0
 40
0
 40
0
 40
1
 40
1
 40
1
 40
1
 10
13.332273
 20
31.021032
 30
0
 10
13.43494
 20
31.021631
 30
0
 10
13.517851
 20
31.105027
 30
0
 10
13.517851
 20
31.207695
 30
0
  0
SPLINE
  5
1B3
100
AcDbEntity
  8
Layer_1
  6
ByLayer
 62
    7
370
   -1
100
AcDbSpline
210
0
220
0
230
0
 70
 4096
 71
    3
 72
    8
 73
    4
 74
    0
 42
1e-07
 43
1e-07
 40
0
 40
0
 40
0
 40
0
 40
1
 40
1
 40
1
 40
1
 10
13.517851
 20
31.207695
 30
0
 10
13.517851
 20
31.310363
 30
0
 10
13.43494
 20
31.39376
 30
0
 10
13.332273
 20
31.394358
 30
0
  0
LWPOLYLINE
  5
1B4
100
AcDbEntity
  8
Layer_1
  6
ByLayer
 62
    7
370
   -1
100
AcDbPolyline
 90
    2
 70
    0
 43
0
 10
13.14562
 20
31.207933
 10
11.032263
 20
31.207933
  0
SPLINE
  5
1B5
100
AcDbEntity
  8
Layer_1
  6
ByLayer
 62
    7
370
   -1
100
AcDbSpline
210
0
220
0
230
0
 70
 4096
 71
    3
 72
    8
 73
    4
 74
    0
 42
1e-07
 43
1e-07
 40
0
 40
0
 40
0
 40
0
 40
1
 40
1
 40
1
 40
1
 10
27.193924
 20
12.532739
 30
0
 10
27.193924
 20
12.599429
 30
0
 10
27.158345
 20
12.661053
 30
0
 10
27.10059
 20
12.694398
 30
0
  0
SPLINE
  5
1B6
100
AcDbEntity
  8
Layer_1
  6
ByLayer
 62
    7
370
   -1
100
AcDbSpline
210
0
220
0
230
0
 70
 4096
 71
    3
 72
    8
 73
    4
 74
    0
 42
1e-07
 43
1e-07
 40
0
 40
0
 40
0
 40
0
 40
1
 40
1
 40
1
 40
1
 10
27.10059
 20
12.694398
 30
0
 10
27.042835
 20
12.727743
 30
0
 10
26.971678
 20
12.727743
 30
0
 10
26.913923
 20
12.694398
 30
0
  0
SPLINE
  5
1B7
100
AcDbEntity
  8
Layer_1
  6
ByLayer
 62
    7
370
   -1
100
AcDbSpline
210
0
220
0
230
0
 70
 4096
 71
    3
 72
    8
 73
    4
 74
    0
 42
1e-07
 43
1e-07
 40
0
 40
0
 40
0
 40
0
 40
1
 40
1
 40
1
 40
1
 10
26.913923
 20
12.694398
 30
0
 10
26.856168
 20
12.661053
 30
0
 10
26.820589
 20
12.599429
 30
0
 10
26.820589
 20
12.532739
 30
0
  0
SPLINE
  5
1B8
100
AcDbEntity
  8
Layer_1
  6
ByLayer
 62
    7
370
   -1
100
AcDbSpline
210
0
220
0
230
0
 70
 4096
 71
    3
 72
    8
 73
    4
 74
    0
 42
1e-07
 43
1e-07
 40
0
 40
0
 40
0
 40
0
 40
1
 40
1
 40
1
 40
1
 10
27.007255
 20
12.346049
 30
0
 10
27.056767
 20
12.346049
 30
0
 10
27.10425
 20
12.365718
 30
0
 10
27.139258
 20
12.40073
 30
0
  0
SPLINE
  5
1B9
100
AcDbEntity
  8
Layer_1
  6
ByLayer
 62
    7
370
   -1
100
AcDbSpline
210
0
220
0
230
0
 70
 4096
 71
    3
 72
    8
 73
    4
 74
    0
 42
1e-07
 43
1e-07
 40
0
 40
0
 40
0
 40
0
 40
1
 40
1
 40
1
 40
1
 10
27.139258
 20
12.40073
 30
0
 10
27.174266
 20
12.435742
 30
0
 10
27.19393
 20
12.483228
 30
0
 10
27.193924
 20
12.532739
 30
0
  0
LWPOLYLINE
  5
1BA
100
AcDbEntity
  8
Layer_1
  6
ByLayer
 62
    7
370
   -1
100
AcDbPolyline
 90
    4
 70
    0
 43
0
 10
13.332283
 20
31.020079
 10
13.332283
 20
13.033727
 10
13.832265
 20
12.533665
 10
26.820513
 20
12.533665
  0
LWPOLYLINE
  5
1BB
100
AcDbEntity
  8
Layer_1
  6
ByLayer
 62
    7
370
   -1
100
AcDbPolyline
 90
    3
 70
    0
 43
0
 10
27.007308
 20
12.345811
 10
27.007308
 20
10.231793
 10
27.307345
 20
9.932814
  0
LWPOLYLINE
  5
1BC
100
AcDbEntity
  8
Layer_1
  6
ByLayer
 62
    7
370
   -1
100
AcDbPolyline
 90
    2
 70
    0
 43
0
 10
74.35708200000001
 20
9.932814
 10
74.65711899999999
 20
10.231793
  0
SPLINE
  5
1BD
100
AcDbEntity
  8
Layer_1
  6
ByLayer
 62
    7
370
   -1
100
AcDbSpline
210
0
220
0
230
0
 70
 4096
 71
    3
 72
    8
 73
    4
 74
    0
 42
1e-07
 43
1e-07
 40
0
 40
0
 40
0
 40
0
 40
1
 40
1
 40
1
 40
1
 10
74.47053
 20
12.532739
 30
0
 10
74.470524
 20
12.483228
 30
0
 10
74.49018700000001
 20
12.435743
 30
0
 10
74.525195
 20
12.400731
 30
0
  0
SPLINE
  5
1BE
100
AcDbEntity
  8
Layer_1
  6
ByLayer
 62
    7
370
   -1
100
AcDbSpline
210
0
220
0
230
0
 70
 4096
 71
    3
 72
    8
 73
    4
 74
    0
 42
1e-07
 43
1e-07
 40
0
 40
0
 40
0
 40
0
 40
1
 40
1
 40
1
 40
1
 10
74.525195
 20
12.400731
 30
0
 10
74.560202
 20
12.365719
 30
0
 10
74.607685
 20
12.346049
 30
0
 10
74.657196
 20
12.346049
 30
0
  0
SPLINE
  5
1BF
100
AcDbEntity
  8
Layer_1
  6
ByLayer
 62
    7
370
   -1
100
AcDbSpline
210
0
220
0
230
0
 70
 4096
 71
    3
 72
    8
 73
    4
 74
    0
 42
1e-07
 43
1e-07
 40
0
 40
0
 40
0
 40
0
 40
1
 40
1
 40
1
 40
1
 10
74.843862
 20
12.532739
 30
0
 10
74.84361699999999
 20
12.635658
 30
0
 10
74.760115
 20
12.718961
 30
0
 10
74.657196
 20
12.718961
 30
0
  0
SPLINE
  5
1C0
100
AcDbEntity
  8
Layer_1
  6
ByLayer
 62
    7
370
   -1
100
AcDbSpline
210
0
220
0
230
0
 70
 4096
 71
    3
 72
    8
 73
    4
 74
    0
 42
1e-07
 43
1e-07
 40
0
 40
0
 40
0
 40
0
 40
1
 40
1
 40
1
 40
1
 10
74.657196
 20
12.718961
 30
0
 10
74.554276
 20
12.718961
 30
0
 10
74.470775
 20
12.635658
 30
0
 10
74.47053
 20
12.532739
 30
0
  0
LWPOLYLINE
  5
1C1
100
AcDbEntity
  8
Layer_1
  6
ByLayer
 62
    7
370
   -1
100
AcDbPolyline
 90
    2
 70
    0
 43
0
 10
74.65711899999999
 20
12.345811
 10
74.65711899999999
 20
10.231793
  0
SPLINE
  5
1C2
100
AcDbEntity
  8
Layer_1
  6
ByLayer
 62
    7
370
   -1
100
AcDbSpline
210
0
220
0
230
0
 70
 4096
 71
    3
 72
    8
 73
    4
 74
    0
 42
1e-07
 43
1e-07
 40
0
 40
0
 40
0
 40
0
 40
1
 40
1
 40
1
 40
1
 10
88.332179
 20
25.144379
 30
0
 10
88.229512
 20
25.14378
 30
0
 10
88.146601
 20
25.060384
 30
0
 10
88.146601
 20
24.957715
 30
0
  0
SPLINE
  5
1C3
100
AcDbEntity
  8
Layer_1
  6
ByLayer
 62
    7
370
   -1
100
AcDbSpline
210
0
220
0
230
0
 70
 4096
 71
    3
 72
    8
 73
    4
 74
    0
 42
1e-07
 43
1e-07
 40
0
 40
0
 40
0
 40
0
 40
1
 40
1
 40
1
 40
1
 10
88.146601
 20
24.957715
 30
0
 10
88.146601
 20
24.855047
 30
0
 10
88.229512
 20
24.771651
 30
0
 10
88.332179
 20
24.771052
 30
0
  0
SPLINE
  5
1C4
100
AcDbEntity
  8
Layer_1
  6
ByLayer
 62
    7
370
   -1
100
AcDbSpline
210
0
220
0
230
0
 70
 4096
 71
    3
 72
    8
 73
    4
 74
    0
 42
1e-07
 43
1e-07
 40
0
 40
0
 40
0
 40
0
 40
1
 40
1
 40
1
 40
1
 10
88.518845
 20
24.957715
 30
0
 10
88.518843
 20
25.060807
 30
0
 10
88.43527
 20
25.144378
 30
0
 10
88.332179
 20
25.144379
 30
0
  0
LWPOLYLINE
  5
1C5
100
AcDbEntity
  8
Layer_1
  6
ByLayer
 62
    7
370
   -1
100
AcDbPolyline
 90
    4
 70
    0
 43
0
 10
74.843915
 20
12.533665
 10
87.832294
 20
12.533665
 10
88.33209100000001
 20
13.033727
 10
88.33209100000001
 20
24.770629
  0
LWPOLYLINE
  5
1C6
100
AcDbEntity
  8
Layer_1
  6
ByLayer
 62
    7
370
   -1
100
AcDbPolyline
 90
    3
 70
    0
 43
0
 10
88.51888700000001
 20
24.958483
 10
90.63211099999999
 20
24.958483
 10
90.932149
 20
25.257462
  0
LWPOLYLINE
  5
1C7
100
AcDbEntity
  8
Layer_1
  6
ByLayer
 62
    7
370
   -1
100
AcDbPolyline
 90
    2
 70
    0
 43
0
 10
36.857204
 20
9.932814
 10
37.157241
 20
10.231793
  0
SPLINE
  5
1C8
100
AcDbEntity
  8
Layer_1
  6
ByLayer
 62
    7
370
   -1
100
AcDbSpline
210
0
220
0
230
0
 70
 4096
 71
    3
 72
    8
 73
    4
 74
    0
 42
1e-07
 43
1e-07
 40
0
 40
0
 40
0
 40
0
 40
1
 40
1
 40
1
 40
1
 10
36.970578
 20
12.532739
 30
0
 10
36.970572
 20
12.483228
 30
0
 10
36.990236
 20
12.435743
 30
0
 10
37.025243
 20
12.400731
 30
0
  0
SPLINE
  5
1C9
100
AcDbEntity
  8
Layer_1
  6
ByLayer
 62
    7
370
   -1
100
AcDbSpline
210
0
220
0
230
0
 70
 4096
 71
    3
 72
    8
 73
    4
 74
    0
 42
1e-07
 43
1e-07
 40
0
 40
0
 40
0
 40
0
 40
1
 40
1
 40
1
 40
1
 10
37.025243
 20
12.400731
 30
0
 10
37.06025
 20
12.365719
 30
0
 10
37.107733
 20
12.346049
 30
0
 10
37.157244
 20
12.346049
 30
0
  0
SPLINE
  5
1CA
100
AcDbEntity
  8
Layer_1
  6
ByLayer
 62
    7
370
   -1
100
AcDbSpline
210
0
220
0
230
0
 70
 4096
 71
    3
 72
    8
 73
    4
 74
    0
 42
1e-07
 43
1e-07
 40
0
 40
0
 40
0
 40
0
 40
1
 40
1
 40
1
 40
1
 10
37.34391
 20
12.532739
 30
0
 10
37.343665
 20
12.635658
 30
0
 10
37.260163
 20
12.718961
 30
0
 10
37.157244
 20
12.718961
 30
0
  0
SPLINE
  5
1CB
100
AcDbEntity
  8
Layer_1
  6
ByLayer
 62
    7
370
   -1
100
AcDbSpline
210
0
220
0
230
0
 70
 4096
 71
    3
 72
    8
 73
    4
 74
    0
 42
1e-07
 43
1e-07
 40
0
 40
0
 40
0
 40
0
 40
1
 40
1
 40
1
 40
1
 10
37.157244
 20
12.718961
 30
0
 10
37.054324
 20
12.718961
 30
0
 10
36.970823
 20
12.635658
 30
0
 10
36.970578
 20
12.532739
 30
0
  0
LWPOLYLINE
  5
1CC
100
AcDbEntity
  8
Layer_1
  6
ByLayer
 62
    7
370
   -1
100
AcDbPolyline
 90
    2
 70
    0
 43
0
 10
37.157241
 20
12.345811
 10
37.157241
 20
10.231793
  0
SPLINE
  5
1CD
100
AcDbEntity
  8
Layer_1
  6
ByLayer
 62
    7
370
   -1
100
AcDbSpline
210
0
220
0
230
0
 70
 4096
 71
    3
 72
    8
 73
    4
 74
    0
 42
1e-07
 43
1e-07
 40
0
 40
0
 40
0
 40
0
 40
1
 40
1
 40
1
 40
1
 10
64.693876
 20
12.532739
 30
0
 10
64.693876
 20
12.599429
 30
0
 10
64.658297
 20
12.661053
 30
0
 10
64.600542
 20
12.694398
 30
0
  0
SPLINE
  5
1CE
100
AcDbEntity
  8
Layer_1
  6
ByLayer
 62
    7
370
   -1
100
AcDbSpline
210
0
220
0
230
0
 70
 4096
 71
    3
 72
    8
 73
    4
 74
    0
 42
1e-07
 43
1e-07
 40
0
 40
0
 40
0
 40
0
 40
1
 40
1
 40
1
 40
1
 10
64.600542
 20
12.694398
 30
0
 10
64.542787
 20
12.727743
 30
0
 10
64.47163
 20
12.727743
 30
0
 10
64.413875
 20
12.694398
 30
0
  0
SPLINE
  5
1CF
100
AcDbEntity
  8
Layer_1
  6
ByLayer
 62
    7
370
   -1
100
AcDbSpline
210
0
220
0
230
0
 70
 4096
 71
    3
 72
    8
 73
    4
 74
    0
 42
1e-07
 43
1e-07
 40
0
 40
0
 40
0
 40
0
 40
1
 40
1
 40
1
 40
1
 10
64.413875
 20
12.694398
 30
0
 10
64.35612
 20
12.661053
 30
0
 10
64.32054100000001
 20
12.599429
 30
0
 10
64.32054100000001
 20
12.532739
 30
0
  0
SPLINE
  5
1D0
100
AcDbEntity
  8
Layer_1
  6
ByLayer
 62
    7
370
   -1
100
AcDbSpline
210
0
220
0
230
0
 70
 4096
 71
    3
 72
    8
 73
    4
 74
    0
 42
1e-07
 43
1e-07
 40
0
 40
0
 40
0
 40
0
 40
1
 40
1
 40
1
 40
1
 10
64.50721
 20
12.346049
 30
0
 10
64.556721
 20
12.346049
 30
0
 10
64.604204
 20
12.365719
 30
0
 10
64.639211
 20
12.400731
 30
0
  0
SPLINE
  5
1D1
100
AcDbEntity
  8
Layer_1
  6
ByLayer
 62
    7
370
   -1
100
AcDbSpline
210
0
220
0
230
0
 70
 4096
 71
    3
 72
    8
 73
    4
 74
    0
 42
1e-07
 43
1e-07
 40
0
 40
0
 40
0
 40
0
 40
1
 40
1
 40
1
 40
1
 10
64.639211
 20
12.400731
 30
0
 10
64.674218
 20
12.435743
 30
0
 10
64.693882
 20
12.483228
 30
0
 10
64.693876
 20
12.532739
 30
0
  0
LWPOLYLINE
  5
1D2
100
AcDbEntity
  8
Layer_1
  6
ByLayer
 62
    7
370
   -1
100
AcDbPolyline
 90
    2
 70
    0
 43
0
 10
37.344037
 20
12.533665
 10
64.320655
 20
12.533665
  0
LWPOLYLINE
  5
1D3
100
AcDbEntity
  8
Layer_1
  6
ByLayer
 62
    7
370
   -1
100
AcDbPolyline
 90
    3
 70
    0
 43
0
 10
64.507186
 20
12.345811
 10
64.507186
 20
10.231793
 10
64.80722299999999
 20
9.932814
  0
LWPOLYLINE
  5
1D4
100
AcDbEntity
  8
Layer_1
  6
ByLayer
 62
    7
370
   -1
100
AcDbPolyline
 90
    3
 70
    0
 43
0
 10
18.526762
 20
81.822397
 10
17.107829
 20
81.30593
 10
21.212067
 20
70.029668
  0
LWPOLYLINE
  5
1D5
100
AcDbEntity
  8
Layer_1
  6
ByLayer
 62
    7
370
   -1
100
AcDbPolyline
 90
    2
 70
    0
 43
0
 10
22.631
 20
70.546134
 10
21.212067
 20
70.029668
  0
LWPOLYLINE
  5
1D6
100
AcDbEntity
  8
Layer_1
  6
ByLayer
 62
    7
370
   -1
100
AcDbPolyline
 90
    2
 70
    0
 43
0
 10
18.526762
 20
81.822397
 10
22.631
 20
70.546134
  0
LWPOLYLINE
  5
1D7
100
AcDbEntity
  8
Layer_1
  6
ByLayer
 62
    7
370
   -1
100
AcDbPolyline
 90
    3
 70
    0
 43
0
 10
29.47137
 20
51.752274
 10
28.052411
 20
51.235808
 10
32.156623
 20
39.959545
  0
LWPOLYLINE
  5
1D8
100
AcDbEntity
  8
Layer_1
  6
ByLayer
 62
    7
370
   -1
100
AcDbPolyline
 90
    2
 70
    0
 43
0
 10
33.575581
 20
40.476011
 10
32.156623
 20
39.959545
  0
LWPOLYLINE
  5
1D9
100
AcDbEntity
  8
Layer_1
  6
ByLayer
 62
    7
370
   -1
100
AcDbPolyline
 90
    2
 70
    0
 43
0
 10
29.47137
 20
51.752274
 10
33.575581
 20
40.476011
  0
LWPOLYLINE
  5
1DA
100
AcDbEntity
  8
Layer_1
  6
ByLayer
 62
    7
370
   -1
100
AcDbPolyline
 90
    3
 70
    0
 43
0
 10
68.6323
 20
42.642681
 10
68.6323
 20
41.132706
 10
80.63219700000001
 20
41.132706
  0
LWPOLYLINE
  5
1DB
100
AcDbEntity
  8
Layer_1
  6
ByLayer
 62
    7
370
   -1
100
AcDbPolyline
 90
    2
 70
    0
 43
0
 10
80.63219700000001
 20
42.642681
 10
80.63219700000001
 20
41.132706
  0
LWPOLYLINE
  5
1DC
100
AcDbEntity
  8
Layer_1
  6
ByLayer
 62
    7
370
   -1
100
AcDbPolyline
 90
    2
 70
    0
 43
0
 10
68.6323
 20
42.642681
 10
80.63219700000001
 20
42.642681
  0
LWPOLYLINE
  5
1DD
100
AcDbEntity
  8
Layer_1
  6
ByLayer
 62
    7
370
   -1
100
AcDbPolyline
 90
    2
 70
    0
 43
0
 10
189.931963
 20
281.932393
 10
189.931963
 20
280.33238
  0
LWPOLYLINE
  5
1DE
100
AcDbEntity
  8
Layer_1
  6
ByLayer
 62
    7
370
   -1
100
AcDbPolyline
 90
    3
 70
    0
 43
0
 10
189.931963
 20
234.53256
 10
189.931963
 20
252.307511
 10
189.432166
 20
252.807308
  0
SPLINE
  5
1DF
100
AcDbEntity
  8
Layer_1
  6
ByLayer
 62
    7
370
   -1
100
AcDbSpline
210
0
220
0
230
0
 70
 4096
 71
    3
 72
    8
 73
    4
 74
    0
 42
1e-07
 43
1e-07
 40
0
 40
0
 40
0
 40
0
 40
1
 40
1
 40
1
 40
1
 10
187.067053
 20
253.081085
 30
0
 10
186.994118
 20
253.038975
 30
0
 10
186.955308
 20
252.955744
 30
0
 10
186.969933
 20
252.872805
 30
0
  0
SPLINE
  5
1E0
100
AcDbEntity
  8
Layer_1
  6
ByLayer
 62
    7
370
   -1
100
AcDbSpline
210
0
220
0
230
0
 70
 4096
 71
    3
 72
    8
 73
    4
 74
    0
 42
1e-07
 43
1e-07
 40
0
 40
0
 40
0
 40
0
 40
1
 40
1
 40
1
 40
1
 10
186.969933
 20
252.872805
 30
0
 10
186.984557
 20
252.789865
 30
0
 10
187.049494
 20
252.724929
 30
0
 10
187.132434
 20
252.710304
 30
0
  0
SPLINE
  5
1E1
100
AcDbEntity
  8
Layer_1
  6
ByLayer
 62
    7
370
   -1
100
AcDbSpline
210
0
220
0
230
0
 70
 4096
 71
    3
 72
    8
 73
    4
 74
    0
 42
1e-07
 43
1e-07
 40
0
 40
0
 40
0
 40
0
 40
1
 40
1
 40
1
 40
1
 10
187.132434
 20
252.710304
 30
0
 10
187.215373
 20
252.695679
 30
0
 10
187.298604
 20
252.734489
 30
0
 10
187.340714
 20
252.807425
 30
0
  0
LWPOLYLINE
  5
1E2
100
AcDbEntity
  8
Layer_1
  6
ByLayer
 62
    7
370
   -1
100
AcDbPolyline
 90
    2
 70
    0
 43
0
 10
187.340637
 20
252.807308
 10
189.432166
 20
252.807308
  0
SPLINE
  5
1E3
100
AcDbEntity
  8
Layer_1
  6
ByLayer
 62
    7
370
   -1
100
AcDbSpline
210
0
220
0
230
0
 70
 4096
 71
    3
 72
    8
 73
    4
 74
    0
 42
1e-07
 43
1e-07
 40
0
 40
0
 40
0
 40
0
 40
1
 40
1
 40
1
 40
1
 10
187.340714
 20
262.757412
 30
0
 10
187.298604
 20
262.830348
 30
0
 10
187.215373
 20
262.869158
 30
0
 10
187.132434
 20
262.854533
 30
0
  0
SPLINE
  5
1E4
100
AcDbEntity
  8
Layer_1
  6
ByLayer
 62
    7
370
   -1
100
AcDbSpline
210
0
220
0
230
0
 70
 4096
 71
    3
 72
    8
 73
    4
 74
    0
 42
1e-07
 43
1e-07
 40
0
 40
0
 40
0
 40
0
 40
1
 40
1
 40
1
 40
1
 10
187.132434
 20
262.854533
 30
0
 10
187.049494
 20
262.839908
 30
0
 10
186.984557
 20
262.774971
 30
0
 10
186.969933
 20
262.692032
 30
0
  0
SPLINE
  5
1E5
100
AcDbEntity
  8
Layer_1
  6
ByLayer
 62
    7
370
   -1
100
AcDbSpline
210
0
220
0
230
0
 70
 4096
 71
    3
 72
    8
 73
    4
 74
    0
 42
1e-07
 43
1e-07
 40
0
 40
0
 40
0
 40
0
 40
1
 40
1
 40
1
 40
1
 10
186.969933
 20
262.692032
 30
0
 10
186.955308
 20
262.609092
 30
0
 10
186.994118
 20
262.525862
 30
0
 10
187.067053
 20
262.483751
 30
0
  0
LWPOLYLINE
  5
1E6
100
AcDbEntity
  8
Layer_1
  6
ByLayer
 62
    7
370
   -1
100
AcDbPolyline
 90
    2
 70
    0
 43
0
 10
187.067059
 20
253.081152
 10
187.067059
 20
262.483638
  0
SPLINE
  5
1E7
100
AcDbEntity
  8
Layer_1
  6
ByLayer
 62
    7
370
   -1
100
AcDbSpline
210
0
220
0
230
0
 70
 4096
 71
    3
 72
    8
 73
    4
 74
    0
 42
1e-07
 43
1e-07
 40
0
 40
0
 40
0
 40
0
 40
1
 40
1
 40
1
 40
1
 10
189.932051
 20
280.33239
 30
0
 10
189.932051
 20
280.553304
 30
0
 10
189.752965
 20
280.73239
 30
0
 10
189.532051
 20
280.73239
 30
0
  0
LWPOLYLINE
  5
1E8
100
AcDbEntity
  8
Layer_1
  6
ByLayer
 62
    7
370
   -1
100
AcDbPolyline
 90
    4
 70
    0
 43
0
 10
187.340637
 20
262.757481
 10
189.432166
 20
262.757481
 10
189.931963
 20
263.257543
 10
189.931963
 20
280.33238
  0
SPLINE
  5
1E9
100
AcDbEntity
  8
Layer_1
  6
ByLayer
 62
    7
370
   -1
100
AcDbSpline
210
0
220
0
230
0
 70
 4096
 71
    3
 72
    8
 73
    4
 74
    0
 42
1e-07
 43
1e-07
 40
0
 40
0
 40
0
 40
0
 40
1
 40
1
 40
1
 40
1
 10
175.93207
 20
281.532389
 30
0
 10
175.789164
 20
281.532389
 30
0
 10
175.657113
 20
281.456149
 30
0
 10
175.58566
 20
281.332389
 30
0
  0
SPLINE
  5
1EA
100
AcDbEntity
  8
Layer_1
  6
ByLayer
 62
    7
370
   -1
100
AcDbSpline
210
0
220
0
230
0
 70
 4096
 71
    3
 72
    8
 73
    4
 74
    0
 42
1e-07
 43
1e-07
 40
0
 40
0
 40
0
 40
0
 40
1
 40
1
 40
1
 40
1
 10
175.58566
 20
281.332389
 30
0
 10
175.514207
 20
281.208629
 30
0
 10
175.514207
 20
281.05615
 30
0
 10
175.58566
 20
280.932389
 30
0
  0
SPLINE
  5
1EB
100
AcDbEntity
  8
Layer_1
  6
ByLayer
 62
    7
370
   -1
100
AcDbSpline
210
0
220
0
230
0
 70
 4096
 71
    3
 72
    8
 73
    4
 74
    0
 42
1e-07
 43
1e-07
 40
0
 40
0
 40
0
 40
0
 40
1
 40
1
 40
1
 40
1
 10
175.58566
 20
280.932389
 30
0
 10
175.657113
 20
280.808629
 30
0
 10
175.789164
 20
280.73239
 30
0
 10
175.93207
 20
280.73239
 30
0
  0
LWPOLYLINE
  5
1EC
100
AcDbEntity
  8
Layer_1
  6
ByLayer
 62
    7
370
   -1
100
AcDbPolyline
 90
    2
 70
    0
 43
0
 10
175.932083
 20
280.732377
 10
189.532178
 20
280.732377
  0
SPLINE
  5
1ED
100
AcDbEntity
  8
Layer_1
  6
ByLayer
 62
    7
370
   -1
100
AcDbSpline
210
0
220
0
230
0
 70
 4096
 71
    3
 72
    8
 73
    4
 74
    0
 42
1e-07
 43
1e-07
 40
0
 40
0
 40
0
 40
0
 40
1
 40
1
 40
1
 40
1
 10
189.532051
 20
281.532389
 30
0
 10
189.752965
 20
281.532389
 30
0
 10
189.932051
 20
281.711475
 30
0
 10
189.932051
 20
281.932388
 30
0
  0
LWPOLYLINE
  5
1EE
100
AcDbEntity
  8
Layer_1
  6
ByLayer
 62
    7
370
   -1
100
AcDbPolyline
 90
    2
 70
    0
 43
0
 10
189.532178
 20
281.532397
 10
175.932083
 20
281.532397
  0
SPLINE
  5
1EF
100
AcDbEntity
  8
Layer_1
  6
ByLayer
 62
    7
370
   -1
100
AcDbSpline
210
0
220
0
230
0
 70
 4096
 71
    3
 72
    8
 73
    4
 74
    0
 42
1e-07
 43
1e-07
 40
0
 40
0
 40
0
 40
0
 40
1
 40
1
 40
1
 40
1
 10
189.932051
 20
284.085172
 30
0
 10
189.932051
 20
284.236681
 30
0
 10
189.84645
 20
284.375186
 30
0
 10
189.710936
 20
284.442942
 30
0
  0
LWPOLYLINE
  5
1F0
100
AcDbEntity
  8
Layer_1
  6
ByLayer
 62
    7
370
   -1
100
AcDbPolyline
 90
    2
 70
    0
 43
0
 10
189.931963
 20
281.932393
 10
189.931963
 20
284.085173
  0
LWPOLYLINE
  5
1F1
100
AcDbEntity
  8
Layer_1
  6
ByLayer
 62
    7
370
   -1
100
AcDbPolyline
 90
    4
 70
    0
 43
0
 10
189.711037
 20
284.442942
 10
187.93198
 20
285.332391
 10
187.93198
 20
284.332373
 10
185.132163
 20
284.332373
  0
LWPOLYLINE
  5
1F2
100
AcDbEntity
  8
Layer_1
  6
ByLayer
 62
    7
370
   -1
100
AcDbPolyline
 90
    2
 70
    0
 43
0
 10
185.132163
 20
286.332382
 10
185.132163
 20
284.332373
  0
SPLINE
  5
1F3
100
AcDbEntity
  8
Layer_1
  6
ByLayer
 62
    7
370
   -1
100
AcDbSpline
210
0
220
0
230
0
 70
 4096
 71
    3
 72
    8
 73
    4
 74
    0
 42
1e-07
 43
1e-07
 40
0
 40
0
 40
0
 40
0
 40
1
 40
1
 40
1
 40
1
 10
177.615305
 20
284.332385
 30
0
 10
177.650261
 20
284.332385
 30
0
 10
177.685066
 20
284.336967
 30
0
 10
177.718831
 20
284.346014
 30
0
  0
LWPOLYLINE
  5
1F4
100
AcDbEntity
  8
Layer_1
  6
ByLayer
 62
    7
370
   -1
100
AcDbPolyline
 90
    2
 70
    0
 43
0
 10
177.718812
 20
284.346025
 10
185.132163
 20
286.332382
  0
LWPOLYLINE
  5
1F5
100
AcDbEntity
  8
Layer_1
  6
ByLayer
 62
    7
370
   -1
100
AcDbPolyline
 90
    2
 70
    0
 43
0
 10
157.607065
 20
284.332373
 10
177.61536
 20
284.332373
  0
SPLINE
  5
1F6
100
AcDbEntity
  8
Layer_1
  6
ByLayer
 62
    7
370
   -1
100
AcDbSpline
210
0
220
0
230
0
 70
 4096
 71
    3
 72
    8
 73
    4
 74
    0
 42
1e-07
 43
1e-07
 40
0
 40
0
 40
0
 40
0
 40
1
 40
1
 40
1
 40
1
 10
157.006927
 20
281.367222
 30
0
 10
157.097599
 20
281.367222
 30
0
 10
157.176966
 20
281.428123
 30
0
 10
157.200433
 20
281.515706
 30
0
  0
SPLINE
  5
1F7
100
AcDbEntity
  8
Layer_1
  6
ByLayer
 62
    7
370
   -1
100
AcDbSpline
210
0
220
0
230
0
 70
 4096
 71
    3
 72
    8
 73
    4
 74
    0
 42
1e-07
 43
1e-07
 40
0
 40
0
 40
0
 40
0
 40
1
 40
1
 40
1
 40
1
 10
157.200433
 20
281.515706
 30
0
 10
157.223901
 20
281.603288
 30
0
 10
157.185617
 20
281.695713
 30
0
 10
157.107093
 20
281.741049
 30
0
  0
SPLINE
  5
1F8
100
AcDbEntity
  8
Layer_1
  6
ByLayer
 62
    7
370
   -1
100
AcDbSpline
210
0
220
0
230
0
 70
 4096
 71
    3
 72
    8
 73
    4
 74
    0
 42
1e-07
 43
1e-07
 40
0
 40
0
 40
0
 40
0
 40
1
 40
1
 40
1
 40
1
 10
156.833432
 20
281.467389
 30
0
 10
156.869218
 20
281.405405
 30
0
 10
156.935354
 20
281.367222
 30
0
 10
157.006927
 20
281.367222
 30
0
  0
LWPOLYLINE
  5
1F9
100
AcDbEntity
  8
Layer_1
  6
ByLayer
 62
    7
370
   -1
100
AcDbPolyline
 90
    3
 70
    0
 43
0
 10
157.607065
 20
284.332373
 10
157.107003
 20
283.83239
 10
157.107003
 20
281.741047
  0
SPLINE
  5
1FA
100
AcDbEntity
  8
Layer_1
  6
ByLayer
 62
    7
370
   -1
100
AcDbSpline
210
0
220
0
230
0
 70
 4096
 71
    3
 72
    8
 73
    4
 74
    0
 42
1e-07
 43
1e-07
 40
0
 40
0
 40
0
 40
0
 40
1
 40
1
 40
1
 40
1
 10
147.257271
 20
281.367222
 30
0
 10
147.328843
 20
281.367222
 30
0
 10
147.394979
 20
281.405405
 30
0
 10
147.430766
 20
281.467389
 30
0
  0
SPLINE
  5
1FB
100
AcDbEntity
  8
Layer_1
  6
ByLayer
 62
    7
370
   -1
100
AcDbSpline
210
0
220
0
230
0
 70
 4096
 71
    3
 72
    8
 73
    4
 74
    0
 42
1e-07
 43
1e-07
 40
0
 40
0
 40
0
 40
0
 40
1
 40
1
 40
1
 40
1
 10
147.157105
 20
281.741049
 30
0
 10
147.078581
 20
281.695713
 30
0
 10
147.040297
 20
281.603288
 30
0
 10
147.063764
 20
281.515706
 30
0
  0
SPLINE
  5
1FC
100
AcDbEntity
  8
Layer_1
  6
ByLayer
 62
    7
370
   -1
100
AcDbSpline
210
0
220
0
230
0
 70
 4096
 71
    3
 72
    8
 73
    4
 74
    0
 42
1e-07
 43
1e-07
 40
0
 40
0
 40
0
 40
0
 40
1
 40
1
 40
1
 40
1
 10
147.063764
 20
281.515706
 30
0
 10
147.087232
 20
281.428123
 30
0
 10
147.166599
 20
281.367222
 30
0
 10
147.257271
 20
281.367222
 30
0
  0
LWPOLYLINE
  5
1FD
100
AcDbEntity
  8
Layer_1
  6
ByLayer
 62
    7
370
   -1
100
AcDbPolyline
 90
    2
 70
    0
 43
0
 10
147.430673
 20
281.467389
 10
156.833424
 20
281.467389
  0
LWPOLYLINE
  5
1FE
100
AcDbEntity
  8
Layer_1
  6
ByLayer
 62
    7
370
   -1
100
AcDbPolyline
 90
    2
 70
    0
 43
0
 10
147.157094
 20
283.83239
 10
147.157094
 20
281.741047
  0
LWPOLYLINE
  5
1FF
100
AcDbEntity
  8
Layer_1
  6
ByLayer
 62
    7
370
   -1
100
AcDbPolyline
 90
    2
 70
    0
 43
0
 10
147.157094
 20
283.83239
 10
146.657032
 20
284.332373
  0
SPLINE
  5
200
100
AcDbEntity
  8
Layer_1
  6
ByLayer
 62
    7
370
   -1
100
AcDbSpline
210
0
220
0
230
0
 70
 4096
 71
    3
 72
    8
 73
    4
 74
    0
 42
1e-07
 43
1e-07
 40
0
 40
0
 40
0
 40
0
 40
1
 40
1
 40
1
 40
1
 10
126.545364
 20
284.346015
 30
0
 10
126.57913
 20
284.336968
 30
0
 10
126.613936
 20
284.332386
 30
0
 10
126.648893
 20
284.332386
 30
0
  0
LWPOLYLINE
  5
201
100
AcDbEntity
  8
Layer_1
  6
ByLayer
 62
    7
370
   -1
100
AcDbPolyline
 90
    2
 70
    0
 43
0
 10
126.649001
 20
284.332373
 10
146.657032
 20
284.332373
  0
LWPOLYLINE
  5
202
100
AcDbEntity
  8
Layer_1
  6
ByLayer
 62
    7
370
   -1
100
AcDbPolyline
 90
    2
 70
    0
 43
0
 10
119.132198
 20
286.332382
 10
126.545285
 20
284.346025
  0
LWPOLYLINE
  5
203
100
AcDbEntity
  8
Layer_1
  6
ByLayer
 62
    7
370
   -1
100
AcDbPolyline
 90
    2
 70
    0
 43
0
 10
119.132198
 20
284.332373
 10
119.132198
 20
286.332382
  0
LWPOLYLINE
  5
204
100
AcDbEntity
  8
Layer_1
  6
ByLayer
 62
    7
370
   -1
100
AcDbPolyline
 90
    2
 70
    0
 43
0
 10
116.332117
 20
284.332373
 10
119.132198
 20
284.332373
  0
LWPOLYLINE
  5
205
100
AcDbEntity
  8
Layer_1
  6
ByLayer
 62
    7
370
   -1
100
AcDbPolyline
 90
    2
 70
    0
 43
0
 10
116.332117
 20
285.332391
 10
116.332117
 20
284.332373
  0
SPLINE
  5
206
100
AcDbEntity
  8
Layer_1
  6
ByLayer
 62
    7
370
   -1
100
AcDbSpline
210
0
220
0
230
0
 70
 4096
 71
    3
 72
    8
 73
    4
 74
    0
 42
1e-07
 43
1e-07
 40
0
 40
0
 40
0
 40
0
 40
1
 40
1
 40
1
 40
1
 10
114.553262
 20
284.442942
 30
0
 10
114.417748
 20
284.375186
 30
0
 10
114.332147
 20
284.236681
 30
0
 10
114.332147
 20
284.085172
 30
0
  0
LWPOLYLINE
  5
207
100
AcDbEntity
  8
Layer_1
  6
ByLayer
 62
    7
370
   -1
100
AcDbPolyline
 90
    2
 70
    0
 43
0
 10
114.553325
 20
284.442942
 10
116.332117
 20
285.332391
  0
SPLINE
  5
208
100
AcDbEntity
  8
Layer_1
  6
ByLayer
 62
    7
370
   -1
100
AcDbSpline
210
0
220
0
230
0
 70
 4096
 71
    3
 72
    8
 73
    4
 74
    0
 42
1e-07
 43
1e-07
 40
0
 40
0
 40
0
 40
0
 40
1
 40
1
 40
1
 40
1
 10
114.332147
 20
281.932388
 30
0
 10
114.332147
 20
281.711475
 30
0
 10
114.511233
 20
281.532389
 30
0
 10
114.732146
 20
281.532389
 30
0
  0
LWPOLYLINE
  5
209
100
AcDbEntity
  8
Layer_1
  6
ByLayer
 62
    7
370
   -1
100
AcDbPolyline
 90
    2
 70
    0
 43
0
 10
114.332134
 20
284.085173
 10
114.332134
 20
281.932393
  0
SPLINE
  5
20A
100
AcDbEntity
  8
Layer_1
  6
ByLayer
 62
    7
370
   -1
100
AcDbSpline
210
0
220
0
230
0
 70
 4096
 71
    3
 72
    8
 73
    4
 74
    0
 42
1e-07
 43
1e-07
 40
0
 40
0
 40
0
 40
0
 40
1
 40
1
 40
1
 40
1
 10
128.332128
 20
280.73239
 30
0
 10
128.475034
 20
280.73239
 30
0
 10
128.607084
 20
280.808629
 30
0
 10
128.678537
 20
280.932389
 30
0
  0
SPLINE
  5
20B
100
AcDbEntity
  8
Layer_1
  6
ByLayer
 62
    7
370
   -1
100
AcDbSpline
210
0
220
0
230
0
 70
 4096
 71
    3
 72
    8
 73
    4
 74
    0
 42
1e-07
 43
1e-07
 40
0
 40
0
 40
0
 40
0
 40
1
 40
1
 40
1
 40
1
 10
128.678537
 20
280.932389
 30
0
 10
128.74999
 20
281.05615
 30
0
 10
128.74999
 20
281.208629
 30
0
 10
128.678537
 20
281.332389
 30
0
  0
SPLINE
  5
20C
100
AcDbEntity
  8
Layer_1
  6
ByLayer
 62
    7
370
   -1
100
AcDbSpline
210
0
220
0
230
0
 70
 4096
 71
    3
 72
    8
 73
    4
 74
    0
 42
1e-07
 43
1e-07
 40
0
 40
0
 40
0
 40
0
 40
1
 40
1
 40
1
 40
1
 10
128.678537
 20
281.332389
 30
0
 10
128.607084
 20
281.456149
 30
0
 10
128.475034
 20
281.532389
 30
0
 10
128.332128
 20
281.532389
 30
0
  0
LWPOLYLINE
  5
20D
100
AcDbEntity
  8
Layer_1
  6
ByLayer
 62
    7
370
   -1
100
AcDbPolyline
 90
    2
 70
    0
 43
0
 10
114.732183
 20
281.532397
 10
128.332014
 20
281.532397
  0
SPLINE
  5
20E
100
AcDbEntity
  8
Layer_1
  6
ByLayer
 62
    7
370
   -1
100
AcDbSpline
210
0
220
0
230
0
 70
 4096
 71
    3
 72
    8
 73
    4
 74
    0
 42
1e-07
 43
1e-07
 40
0
 40
0
 40
0
 40
0
 40
1
 40
1
 40
1
 40
1
 10
114.732146
 20
280.73239
 30
0
 10
114.511233
 20
280.73239
 30
0
 10
114.332147
 20
280.553304
 30
0
 10
114.332147
 20
280.33239
 30
0
  0
LWPOLYLINE
  5
20F
100
AcDbEntity
  8
Layer_1
  6
ByLayer
 62
    7
370
   -1
100
AcDbPolyline
 90
    2
 70
    0
 43
0
 10
128.332014
 20
280.732377
 10
114.732183
 20
280.732377
  0
SPLINE
  5
210
100
AcDbEntity
  8
Layer_1
  6
ByLayer
 62
    7
370
   -1
100
AcDbSpline
210
0
220
0
230
0
 70
 4096
 71
    3
 72
    8
 73
    4
 74
    0
 42
1e-07
 43
1e-07
 40
0
 40
0
 40
0
 40
0
 40
1
 40
1
 40
1
 40
1
 10
117.29731
 20
262.657246
 30
0
 10
117.29731
 20
262.747918
 30
0
 10
117.236409
 20
262.827286
 30
0
 10
117.148827
 20
262.850753
 30
0
  0
SPLINE
  5
211
100
AcDbEntity
  8
Layer_1
  6
ByLayer
 62
    7
370
   -1
100
AcDbSpline
210
0
220
0
230
0
 70
 4096
 71
    3
 72
    8
 73
    4
 74
    0
 42
1e-07
 43
1e-07
 40
0
 40
0
 40
0
 40
0
 40
1
 40
1
 40
1
 40
1
 10
117.148827
 20
262.850753
 30
0
 10
117.061244
 20
262.874221
 30
0
 10
116.968819
 20
262.835937
 30
0
 10
116.923483
 20
262.757412
 30
0
  0
SPLINE
  5
212
100
AcDbEntity
  8
Layer_1
  6
ByLayer
 62
    7
370
   -1
100
AcDbSpline
210
0
220
0
230
0
 70
 4096
 71
    3
 72
    8
 73
    4
 74
    0
 42
1e-07
 43
1e-07
 40
0
 40
0
 40
0
 40
0
 40
1
 40
1
 40
1
 40
1
 10
117.197142
 20
262.483751
 30
0
 10
117.259126
 20
262.519537
 30
0
 10
117.29731
 20
262.585673
 30
0
 10
117.29731
 20
262.657246
 30
0
  0
LWPOLYLINE
  5
213
100
AcDbEntity
  8
Layer_1
  6
ByLayer
 62
    7
370
   -1
100
AcDbPolyline
 90
    4
 70
    0
 43
0
 10
114.332134
 20
280.33238
 10
114.332134
 20
263.257543
 10
114.832195
 20
262.757481
 10
116.92346
 20
262.757481
  0
SPLINE
  5
214
100
AcDbEntity
  8
Layer_1
  6
ByLayer
 62
    7
370
   -1
100
AcDbSpline
210
0
220
0
230
0
 70
 4096
 71
    3
 72
    8
 73
    4
 74
    0
 42
1e-07
 43
1e-07
 40
0
 40
0
 40
0
 40
0
 40
1
 40
1
 40
1
 40
1
 10
117.29731
 20
252.90759
 30
0
 10
117.29731
 20
252.979163
 30
0
 10
117.259126
 20
253.0453
 30
0
 10
117.197142
 20
253.081085
 30
0
  0
SPLINE
  5
215
100
AcDbEntity
  8
Layer_1
  6
ByLayer
 62
    7
370
   -1
100
AcDbSpline
210
0
220
0
230
0
 70
 4096
 71
    3
 72
    8
 73
    4
 74
    0
 42
1e-07
 43
1e-07
 40
0
 40
0
 40
0
 40
0
 40
1
 40
1
 40
1
 40
1
 10
116.923483
 20
252.807425
 30
0
 10
116.968819
 20
252.7289
 30
0
 10
117.061244
 20
252.690616
 30
0
 10
117.148827
 20
252.714084
 30
0
  0
SPLINE
  5
216
100
AcDbEntity
  8
Layer_1
  6
ByLayer
 62
    7
370
   -1
100
AcDbSpline
210
0
220
0
230
0
 70
 4096
 71
    3
 72
    8
 73
    4
 74
    0
 42
1e-07
 43
1e-07
 40
0
 40
0
 40
0
 40
0
 40
1
 40
1
 40
1
 40
1
 10
117.148827
 20
252.714084
 30
0
 10
117.236409
 20
252.737551
 30
0
 10
117.29731
 20
252.816919
 30
0
 10
117.29731
 20
252.90759
 30
0
  0
LWPOLYLINE
  5
217
100
AcDbEntity
  8
Layer_1
  6
ByLayer
 62
    7
370
   -1
100
AcDbPolyline
 90
    2
 70
    0
 43
0
 10
117.197038
 20
253.081152
 10
117.197038
 20
262.483638
  0
LWPOLYLINE
  5
218
100
AcDbEntity
  8
Layer_1
  6
ByLayer
 62
    7
370
   -1
100
AcDbPolyline
 90
    2
 70
    0
 43
0
 10
114.832195
 20
252.807308
 10
116.92346
 20
252.807308
  0
LWPOLYLINE
  5
219
100
AcDbEntity
  8
Layer_1
  6
ByLayer
 62
    7
370
   -1
100
AcDbPolyline
 90
    3
 70
    0
 43
0
 10
114.832195
 20
252.807308
 10
114.332134
 20
252.307511
 10
114.332134
 20
234.53256
  0
LWPOLYLINE
  5
21A
100
AcDbEntity
  8
Layer_1
  6
ByLayer
 62
    7
370
   -1
100
AcDbPolyline
 90
    2
 70
    0
 43
0
 10
114.332134
 20
281.932393
 10
114.332134
 20
280.33238
  0
LWPOLYLINE
  5
21B
100
AcDbEntity
  8
Layer_1
  6
ByLayer
 62
    7
370
   -1
100
AcDbPolyline
 90
    2
 70
    0
 43
0
 10
114.332134
 20
187.73259
 10
114.332134
 20
186.132392
  0
SPLINE
  5
21C
100
AcDbEntity
  8
Layer_1
  6
ByLayer
 62
    7
370
   -1
100
AcDbSpline
210
0
220
0
230
0
 70
 4096
 71
    3
 72
    8
 73
    4
 74
    0
 42
1e-07
 43
1e-07
 40
0
 40
0
 40
0
 40
0
 40
1
 40
1
 40
1
 40
1
 10
117.29731
 20
215.157306
 30
0
 10
117.29731
 20
215.247978
 30
0
 10
117.236409
 20
215.327345
 30
0
 10
117.148827
 20
215.350813
 30
0
  0
SPLINE
  5
21D
100
AcDbEntity
  8
Layer_1
  6
ByLayer
 62
    7
370
   -1
100
AcDbSpline
210
0
220
0
230
0
 70
 4096
 71
    3
 72
    8
 73
    4
 74
    0
 42
1e-07
 43
1e-07
 40
0
 40
0
 40
0
 40
0
 40
1
 40
1
 40
1
 40
1
 10
117.148827
 20
215.350813
 30
0
 10
117.061244
 20
215.37428
 30
0
 10
116.968819
 20
215.335996
 30
0
 10
116.923483
 20
215.257472
 30
0
  0
SPLINE
  5
21E
100
AcDbEntity
  8
Layer_1
  6
ByLayer
 62
    7
370
   -1
100
AcDbSpline
210
0
220
0
230
0
 70
 4096
 71
    3
 72
    8
 73
    4
 74
    0
 42
1e-07
 43
1e-07
 40
0
 40
0
 40
0
 40
0
 40
1
 40
1
 40
1
 40
1
 10
117.197142
 20
214.983811
 30
0
 10
117.259126
 20
215.019597
 30
0
 10
117.29731
 20
215.085733
 30
0
 10
117.29731
 20
215.157306
 30
0
  0
LWPOLYLINE
  5
21F
100
AcDbEntity
  8
Layer_1
  6
ByLayer
 62
    7
370
   -1
100
AcDbPolyline
 90
    4
 70
    0
 43
0
 10
114.332134
 20
233.532437
 10
114.332134
 20
215.757486
 10
114.832195
 20
215.257424
 10
116.92346
 20
215.257424
  0
SPLINE
  5
220
100
AcDbEntity
  8
Layer_1
  6
ByLayer
 62
    7
370
   -1
100
AcDbSpline
210
0
220
0
230
0
 70
 4096
 71
    3
 72
    8
 73
    4
 74
    0
 42
1e-07
 43
1e-07
 40
0
 40
0
 40
0
 40
0
 40
1
 40
1
 40
1
 40
1
 10
117.29731
 20
205.407653
 30
0
 10
117.297309
 20
205.479225
 30
0
 10
117.259125
 20
205.54536
 30
0
 10
117.197142
 20
205.581145
 30
0
  0
SPLINE
  5
221
100
AcDbEntity
  8
Layer_1
  6
ByLayer
 62
    7
370
   -1
100
AcDbSpline
210
0
220
0
230
0
 70
 4096
 71
    3
 72
    8
 73
    4
 74
    0
 42
1e-07
 43
1e-07
 40
0
 40
0
 40
0
 40
0
 40
1
 40
1
 40
1
 40
1
 10
116.923483
 20
205.307484
 30
0
 10
116.968819
 20
205.228959
 30
0
 10
117.061245
 20
205.190676
 30
0
 10
117.148828
 20
205.214144
 30
0
  0
SPLINE
  5
222
100
AcDbEntity
  8
Layer_1
  6
ByLayer
 62
    7
370
   -1
100
AcDbSpline
210
0
220
0
230
0
 70
 4096
 71
    3
 72
    8
 73
    4
 74
    0
 42
1e-07
 43
1e-07
 40
0
 40
0
 40
0
 40
0
 40
1
 40
1
 40
1
 40
1
 10
117.148828
 20
205.214144
 30
0
 10
117.236411
 20
205.237612
 30
0
 10
117.297311
 20
205.31698
 30
0
 10
117.29731
 20
205.407653
 30
0
  0
LWPOLYLINE
  5
223
100
AcDbEntity
  8
Layer_1
  6
ByLayer
 62
    7
370
   -1
100
AcDbPolyline
 90
    2
 70
    0
 43
0
 10
117.197038
 20
205.581095
 10
117.197038
 20
214.983845
  0
LWPOLYLINE
  5
224
100
AcDbEntity
  8
Layer_1
  6
ByLayer
 62
    7
370
   -1
100
AcDbPolyline
 90
    2
 70
    0
 43
0
 10
114.832195
 20
205.307516
 10
116.92346
 20
205.307516
  0
SPLINE
  5
225
100
AcDbEntity
  8
Layer_1
  6
ByLayer
 62
    7
370
   -1
100
AcDbSpline
210
0
220
0
230
0
 70
 4096
 71
    3
 72
    8
 73
    4
 74
    0
 42
1e-07
 43
1e-07
 40
0
 40
0
 40
0
 40
0
 40
1
 40
1
 40
1
 40
1
 10
114.332147
 20
187.732505
 30
0
 10
114.332147
 20
187.511592
 30
0
 10
114.511233
 20
187.332506
 30
0
 10
114.732146
 20
187.332506
 30
0
  0
LWPOLYLINE
  5
226
100
AcDbEntity
  8
Layer_1
  6
ByLayer
 62
    7
370
   -1
100
AcDbPolyline
 90
    3
 70
    0
 43
0
 10
114.832195
 20
205.307516
 10
114.332134
 20
204.807454
 10
114.332134
 20
187.73259
  0
SPLINE
  5
227
100
AcDbEntity
  8
Layer_1
  6
ByLayer
 62
    7
370
   -1
100
AcDbSpline
210
0
220
0
230
0
 70
 4096
 71
    3
 72
    8
 73
    4
 74
    0
 42
1e-07
 43
1e-07
 40
0
 40
0
 40
0
 40
0
 40
1
 40
1
 40
1
 40
1
 10
128.332128
 20
186.532508
 30
0
 10
128.552861
 20
186.532762
 30
0
 10
128.731667
 20
186.711773
 30
0
 10
128.731667
 20
186.932507
 30
0
  0
SPLINE
  5
228
100
AcDbEntity
  8
Layer_1
  6
ByLayer
 62
    7
370
   -1
100
AcDbSpline
210
0
220
0
230
0
 70
 4096
 71
    3
 72
    8
 73
    4
 74
    0
 42
1e-07
 43
1e-07
 40
0
 40
0
 40
0
 40
0
 40
1
 40
1
 40
1
 40
1
 10
128.731667
 20
186.932507
 30
0
 10
128.731667
 20
187.153241
 30
0
 10
128.552861
 20
187.332252
 30
0
 10
128.332128
 20
187.332506
 30
0
  0
LWPOLYLINE
  5
229
100
AcDbEntity
  8
Layer_1
  6
ByLayer
 62
    7
370
   -1
100
AcDbPolyline
 90
    2
 70
    0
 43
0
 10
114.732183
 20
187.332541
 10
128.332014
 20
187.332541
  0
SPLINE
  5
22A
100
AcDbEntity
  8
Layer_1
  6
ByLayer
 62
    7
370
   -1
100
AcDbSpline
210
0
220
0
230
0
 70
 4096
 71
    3
 72
    8
 73
    4
 74
    0
 42
1e-07
 43
1e-07
 40
0
 40
0
 40
0
 40
0
 40
1
 40
1
 40
1
 40
1
 10
114.732146
 20
186.532508
 30
0
 10
114.511233
 20
186.532508
 30
0
 10
114.332147
 20
186.353422
 30
0
 10
114.332147
 20
186.132509
 30
0
  0
LWPOLYLINE
  5
22B
100
AcDbEntity
  8
Layer_1
  6
ByLayer
 62
    7
370
   -1
100
AcDbPolyline
 90
    2
 70
    0
 43
0
 10
128.332014
 20
186.532442
 10
114.732183
 20
186.532442
  0
SPLINE
  5
22C
100
AcDbEntity
  8
Layer_1
  6
ByLayer
 62
    7
370
   -1
100
AcDbSpline
210
0
220
0
230
0
 70
 4096
 71
    3
 72
    8
 73
    4
 74
    0
 42
1e-07
 43
1e-07
 40
0
 40
0
 40
0
 40
0
 40
1
 40
1
 40
1
 40
1
 10
114.332147
 20
183.979724
 30
0
 10
114.332147
 20
183.828215
 30
0
 10
114.417748
 20
183.689711
 30
0
 10
114.553262
 20
183.621955
 30
0
  0
LWPOLYLINE
  5
22D
100
AcDbEntity
  8
Layer_1
  6
ByLayer
 62
    7
370
   -1
100
AcDbPolyline
 90
    2
 70
    0
 43
0
 10
114.332134
 20
186.132392
 10
114.332134
 20
183.979745
  0
LWPOLYLINE
  5
22E
100
AcDbEntity
  8
Layer_1
  6
ByLayer
 62
    7
370
   -1
100
AcDbPolyline
 90
    4
 70
    0
 43
0
 10
114.553325
 20
183.622029
 10
116.332117
 20
182.732501
 10
116.332117
 20
183.732624
 10
119.132198
 20
183.732624
  0
LWPOLYLINE
  5
22F
100
AcDbEntity
  8
Layer_1
  6
ByLayer
 62
    7
370
   -1
100
AcDbPolyline
 90
    2
 70
    0
 43
0
 10
119.132198
 20
181.732641
 10
119.132198
 20
183.732624
  0
SPLINE
  5
230
100
AcDbEntity
  8
Layer_1
  6
ByLayer
 62
    7
370
   -1
100
AcDbSpline
210
0
220
0
230
0
 70
 4096
 71
    3
 72
    8
 73
    4
 74
    0
 42
1e-07
 43
1e-07
 40
0
 40
0
 40
0
 40
0
 40
1
 40
1
 40
1
 40
1
 10
126.648893
 20
183.732511
 30
0
 10
126.613936
 20
183.732512
 30
0
 10
126.57913
 20
183.727931
 30
0
 10
126.545364
 20
183.718885
 30
0
  0
LWPOLYLINE
  5
231
100
AcDbEntity
  8
Layer_1
  6
ByLayer
 62
    7
370
   -1
100
AcDbPolyline
 90
    2
 70
    0
 43
0
 10
126.545285
 20
183.718866
 10
119.132198
 20
181.732641
  0
SPLINE
  5
232
100
AcDbEntity
  8
Layer_1
  6
ByLayer
 62
    7
370
   -1
100
AcDbSpline
210
0
220
0
230
0
 70
 4096
 71
    3
 72
    8
 73
    4
 74
    0
 42
1e-07
 43
1e-07
 40
0
 40
0
 40
0
 40
0
 40
1
 40
1
 40
1
 40
1
 10
177.718831
 20
183.718882
 30
0
 10
177.685066
 20
183.727928
 30
0
 10
177.65026
 20
183.732509
 30
0
 10
177.615305
 20
183.732508
 30
0
  0
LWPOLYLINE
  5
233
100
AcDbEntity
  8
Layer_1
  6
ByLayer
 62
    7
370
   -1
100
AcDbPolyline
 90
    2
 70
    0
 43
0
 10
177.61536
 20
183.732624
 10
126.649001
 20
183.732624
  0
LWPOLYLINE
  5
234
100
AcDbEntity
  8
Layer_1
  6
ByLayer
 62
    7
370
   -1
100
AcDbPolyline
 90
    2
 70
    0
 43
0
 10
185.132163
 20
181.732641
 10
177.718812
 20
183.718866
  0
LWPOLYLINE
  5
235
100
AcDbEntity
  8
Layer_1
  6
ByLayer
 62
    7
370
   -1
100
AcDbPolyline
 90
    2
 70
    0
 43
0
 10
185.132163
 20
183.732624
 10
185.132163
 20
181.732641
  0
LWPOLYLINE
  5
236
100
AcDbEntity
  8
Layer_1
  6
ByLayer
 62
    7
370
   -1
100
AcDbPolyline
 90
    2
 70
    0
 43
0
 10
187.93198
 20
183.732624
 10
185.132163
 20
183.732624
  0
LWPOLYLINE
  5
237
100
AcDbEntity
  8
Layer_1
  6
ByLayer
 62
    7
370
   -1
100
AcDbPolyline
 90
    2
 70
    0
 43
0
 10
187.93198
 20
182.732501
 10
187.93198
 20
183.732624
  0
SPLINE
  5
238
100
AcDbEntity
  8
Layer_1
  6
ByLayer
 62
    7
370
   -1
100
AcDbSpline
210
0
220
0
230
0
 70
 4096
 71
    3
 72
    8
 73
    4
 74
    0
 42
1e-07
 43
1e-07
 40
0
 40
0
 40
0
 40
0
 40
1
 40
1
 40
1
 40
1
 10
189.710936
 20
183.621955
 30
0
 10
189.846449
 20
183.689711
 30
0
 10
189.93205
 20
183.828215
 30
0
 10
189.932051
 20
183.979724
 30
0
  0
LWPOLYLINE
  5
239
100
AcDbEntity
  8
Layer_1
  6
ByLayer
 62
    7
370
   -1
100
AcDbPolyline
 90
    2
 70
    0
 43
0
 10
189.711037
 20
183.622029
 10
187.93198
 20
182.732501
  0
SPLINE
  5
23A
100
AcDbEntity
  8
Layer_1
  6
ByLayer
 62
    7
370
   -1
100
AcDbSpline
210
0
220
0
230
0
 70
 4096
 71
    3
 72
    8
 73
    4
 74
    0
 42
1e-07
 43
1e-07
 40
0
 40
0
 40
0
 40
0
 40
1
 40
1
 40
1
 40
1
 10
189.932051
 20
186.132509
 30
0
 10
189.932051
 20
186.353422
 30
0
 10
189.752965
 20
186.532508
 30
0
 10
189.532051
 20
186.532508
 30
0
  0
LWPOLYLINE
  5
23B
100
AcDbEntity
  8
Layer_1
  6
ByLayer
 62
    7
370
   -1
100
AcDbPolyline
 90
    2
 70
    0
 43
0
 10
189.931963
 20
183.979745
 10
189.931963
 20
186.132392
  0
SPLINE
  5
23C
100
AcDbEntity
  8
Layer_1
  6
ByLayer
 62
    7
370
   -1
100
AcDbSpline
210
0
220
0
230
0
 70
 4096
 71
    3
 72
    8
 73
    4
 74
    0
 42
1e-07
 43
1e-07
 40
0
 40
0
 40
0
 40
0
 40
1
 40
1
 40
1
 40
1
 10
175.93207
 20
187.332506
 30
0
 10
175.711336
 20
187.332252
 30
0
 10
175.53253
 20
187.153241
 30
0
 10
175.53253
 20
186.932507
 30
0
  0
SPLINE
  5
23D
100
AcDbEntity
  8
Layer_1
  6
ByLayer
 62
    7
370
   -1
100
AcDbSpline
210
0
220
0
230
0
 70
 4096
 71
    3
 72
    8
 73
    4
 74
    0
 42
1e-07
 43
1e-07
 40
0
 40
0
 40
0
 40
0
 40
1
 40
1
 40
1
 40
1
 10
175.53253
 20
186.932507
 30
0
 10
175.53253
 20
186.711773
 30
0
 10
175.711336
 20
186.532762
 30
0
 10
175.93207
 20
186.532508
 30
0
  0
LWPOLYLINE
  5
23E
100
AcDbEntity
  8
Layer_1
  6
ByLayer
 62
    7
370
   -1
100
AcDbPolyline
 90
    2
 70
    0
 43
0
 10
189.532178
 20
186.532442
 10
175.932083
 20
186.532442
  0
SPLINE
  5
23F
100
AcDbEntity
  8
Layer_1
  6
ByLayer
 62
    7
370
   -1
100
AcDbSpline
210
0
220
0
230
0
 70
 4096
 71
    3
 72
    8
 73
    4
 74
    0
 42
1e-07
 43
1e-07
 40
0
 40
0
 40
0
 40
0
 40
1
 40
1
 40
1
 40
1
 10
189.532051
 20
187.332506
 30
0
 10
189.752965
 20
187.332506
 30
0
 10
189.932051
 20
187.511592
 30
0
 10
189.932051
 20
187.732505
 30
0
  0
LWPOLYLINE
  5
240
100
AcDbEntity
  8
Layer_1
  6
ByLayer
 62
    7
370
   -1
100
AcDbPolyline
 90
    2
 70
    0
 43
0
 10
175.932083
 20
187.332541
 10
189.532178
 20
187.332541
  0
LWPOLYLINE
  5
241
100
AcDbEntity
  8
Layer_1
  6
ByLayer
 62
    7
370
   -1
100
AcDbPolyline
 90
    3
 70
    0
 43
0
 10
189.931963
 20
187.73259
 10
189.931963
 20
204.807454
 10
189.432166
 20
205.307516
  0
SPLINE
  5
242
100
AcDbEntity
  8
Layer_1
  6
ByLayer
 62
    7
370
   -1
100
AcDbSpline
210
0
220
0
230
0
 70
 4096
 71
    3
 72
    8
 73
    4
 74
    0
 42
1e-07
 43
1e-07
 40
0
 40
0
 40
0
 40
0
 40
1
 40
1
 40
1
 40
1
 10
187.067053
 20
205.581145
 30
0
 10
186.994118
 20
205.539035
 30
0
 10
186.955308
 20
205.455804
 30
0
 10
186.969933
 20
205.372865
 30
0
  0
SPLINE
  5
243
100
AcDbEntity
  8
Layer_1
  6
ByLayer
 62
    7
370
   -1
100
AcDbSpline
210
0
220
0
230
0
 70
 4096
 71
    3
 72
    8
 73
    4
 74
    0
 42
1e-07
 43
1e-07
 40
0
 40
0
 40
0
 40
0
 40
1
 40
1
 40
1
 40
1
 10
186.969933
 20
205.372865
 30
0
 10
186.984557
 20
205.289925
 30
0
 10
187.049494
 20
205.224988
 30
0
 10
187.132434
 20
205.210363
 30
0
  0
SPLINE
  5
244
100
AcDbEntity
  8
Layer_1
  6
ByLayer
 62
    7
370
   -1
100
AcDbSpline
210
0
220
0
230
0
 70
 4096
 71
    3
 72
    8
 73
    4
 74
    0
 42
1e-07
 43
1e-07
 40
0
 40
0
 40
0
 40
0
 40
1
 40
1
 40
1
 40
1
 10
187.132434
 20
205.210363
 30
0
 10
187.215373
 20
205.195739
 30
0
 10
187.298604
 20
205.234549
 30
0
 10
187.340714
 20
205.307484
 30
0
  0
LWPOLYLINE
  5
245
100
AcDbEntity
  8
Layer_1
  6
ByLayer
 62
    7
370
   -1
100
AcDbPolyline
 90
    2
 70
    0
 43
0
 10
187.340637
 20
205.307516
 10
189.432166
 20
205.307516
  0
SPLINE
  5
246
100
AcDbEntity
  8
Layer_1
  6
ByLayer
 62
    7
370
   -1
100
AcDbSpline
210
0
220
0
230
0
 70
 4096
 71
    3
 72
    8
 73
    4
 74
    0
 42
1e-07
 43
1e-07
 40
0
 40
0
 40
0
 40
0
 40
1
 40
1
 40
1
 40
1
 10
187.340714
 20
215.257472
 30
0
 10
187.298604
 20
215.330407
 30
0
 10
187.215373
 20
215.369217
 30
0
 10
187.132434
 20
215.354593
 30
0
  0
SPLINE
  5
247
100
AcDbEntity
  8
Layer_1
  6
ByLayer
 62
    7
370
   -1
100
AcDbSpline
210
0
220
0
230
0
 70
 4096
 71
    3
 72
    8
 73
    4
 74
    0
 42
1e-07
 43
1e-07
 40
0
 40
0
 40
0
 40
0
 40
1
 40
1
 40
1
 40
1
 10
187.132434
 20
215.354593
 30
0
 10
187.049494
 20
215.339968
 30
0
 10
186.984557
 20
215.275031
 30
0
 10
186.969933
 20
215.192092
 30
0
  0
SPLINE
  5
248
100
AcDbEntity
  8
Layer_1
  6
ByLayer
 62
    7
370
   -1
100
AcDbSpline
210
0
220
0
230
0
 70
 4096
 71
    3
 72
    8
 73
    4
 74
    0
 42
1e-07
 43
1e-07
 40
0
 40
0
 40
0
 40
0
 40
1
 40
1
 40
1
 40
1
 10
186.969933
 20
215.192092
 30
0
 10
186.955308
 20
215.109152
 30
0
 10
186.994118
 20
215.025921
 30
0
 10
187.067053
 20
214.983811
 30
0
  0
LWPOLYLINE
  5
249
100
AcDbEntity
  8
Layer_1
  6
ByLayer
 62
    7
370
   -1
100
AcDbPolyline
 90
    2
 70
    0
 43
0
 10
187.067059
 20
205.581095
 10
187.067059
 20
214.983845
  0
LWPOLYLINE
  5
24A
100
AcDbEntity
  8
Layer_1
  6
ByLayer
 62
    7
370
   -1
100
AcDbPolyline
 90
    4
 70
    0
 43
0
 10
187.340637
 20
215.257424
 10
189.432166
 20
215.257424
 10
189.931963
 20
215.757486
 10
189.931963
 20
233.532437
  0
SPLINE
  5
24B
100
AcDbEntity
  8
Layer_1
  6
ByLayer
 62
    7
370
   -1
100
AcDbSpline
210
0
220
0
230
0
 70
 4096
 71
    3
 72
    8
 73
    4
 74
    0
 42
1e-07
 43
1e-07
 40
0
 40
0
 40
0
 40
0
 40
1
 40
1
 40
1
 40
1
 10
136.504644
 20
203.374462
 30
0
 10
136.417666
 20
203.648689
 30
0
 10
136.190143
 20
203.855096
 30
0
 10
135.908767
 20
203.915038
 30
0
  0
SPLINE
  5
24C
100
AcDbEntity
  8
Layer_1
  6
ByLayer
 62
    7
370
   -1
100
AcDbSpline
210
0
220
0
230
0
 70
 4096
 71
    3
 72
    8
 73
    4
 74
    0
 42
1e-07
 43
1e-07
 40
0
 40
0
 40
0
 40
0
 40
1
 40
1
 40
1
 40
1
 10
135.908767
 20
203.915038
 30
0
 10
135.627391
 20
203.97498
 30
0
 10
135.335498
 20
203.879224
 30
0
 10
135.144306
 20
203.664255
 30
0
  0
SPLINE
  5
24D
100
AcDbEntity
  8
Layer_1
  6
ByLayer
 62
    7
370
   -1
100
AcDbSpline
210
0
220
0
230
0
 70
 4096
 71
    3
 72
    8
 73
    4
 74
    0
 42
1e-07
 43
1e-07
 40
0
 40
0
 40
0
 40
0
 40
1
 40
1
 40
1
 40
1
 10
135.144306
 20
203.664255
 30
0
 10
134.953115
 20
203.449287
 30
0
 10
134.892071
 20
203.148215
 30
0
 10
134.984435
 20
202.875755
 30
0
  0
SPLINE
  5
24E
100
AcDbEntity
  8
Layer_1
  6
ByLayer
 62
    7
370
   -1
100
AcDbSpline
210
0
220
0
230
0
 70
 4096
 71
    3
 72
    8
 73
    4
 74
    0
 42
1e-07
 43
1e-07
 40
0
 40
0
 40
0
 40
0
 40
1
 40
1
 40
1
 40
1
 10
134.984435
 20
187.389241
 30
0
 10
136.686067
 20
192.411183
 30
0
 10
136.686067
 20
197.853813
 30
0
 10
134.984435
 20
202.875755
 30
0
  0
SPLINE
  5
24F
100
AcDbEntity
  8
Layer_1
  6
ByLayer
 62
    7
370
   -1
100
AcDbSpline
210
0
220
0
230
0
 70
 4096
 71
    3
 72
    8
 73
    4
 74
    0
 42
1e-07
 43
1e-07
 40
0
 40
0
 40
0
 40
0
 40
1
 40
1
 40
1
 40
1
 10
134.984435
 20
187.389241
 30
0
 10
134.892088
 20
187.116786
 30
0
 10
134.953139
 20
186.815727
 30
0
 10
135.144328
 20
186.600769
 30
0
  0
SPLINE
  5
250
100
AcDbEntity
  8
Layer_1
  6
ByLayer
 62
    7
370
   -1
100
AcDbSpline
210
0
220
0
230
0
 70
 4096
 71
    3
 72
    8
 73
    4
 74
    0
 42
1e-07
 43
1e-07
 40
0
 40
0
 40
0
 40
0
 40
1
 40
1
 40
1
 40
1
 10
135.144328
 20
186.600769
 30
0
 10
135.335516
 20
186.385811
 30
0
 10
135.627398
 20
186.290059
 30
0
 10
135.908765
 20
186.349993
 30
0
  0
SPLINE
  5
251
100
AcDbEntity
  8
Layer_1
  6
ByLayer
 62
    7
370
   -1
100
AcDbSpline
210
0
220
0
230
0
 70
 4096
 71
    3
 72
    8
 73
    4
 74
    0
 42
1e-07
 43
1e-07
 40
0
 40
0
 40
0
 40
0
 40
1
 40
1
 40
1
 40
1
 10
135.908765
 20
186.349993
 30
0
 10
136.190133
 20
186.409927
 30
0
 10
136.417654
 20
186.616318
 30
0
 10
136.504644
 20
186.890531
 30
0
  0
SPLINE
  5
252
100
AcDbEntity
  8
Layer_1
  6
ByLayer
 62
    7
370
   -1
100
AcDbSpline
210
0
220
0
230
0
 70
 4096
 71
    3
 72
    8
 73
    4
 74
    0
 42
1e-07
 43
1e-07
 40
0
 40
0
 40
0
 40
0
 40
1
 40
1
 40
1
 40
1
 10
136.504644
 20
186.890531
 30
0
 10
138.206467
 20
192.253401
 30
0
 10
138.206467
 20
198.011592
 30
0
 10
136.504644
 20
203.374462
 30
0
  0
SPLINE
  5
253
100
AcDbEntity
  8
Layer_1
  6
ByLayer
 62
    7
370
   -1
100
AcDbSpline
210
0
220
0
230
0
 70
 4096
 71
    3
 72
    8
 73
    4
 74
    0
 42
1e-07
 43
1e-07
 40
0
 40
0
 40
0
 40
0
 40
1
 40
1
 40
1
 40
1
 10
163.522085
 20
186.33251
 30
0
 10
164.175731
 20
186.33251
 30
0
 10
164.792471
 20
186.635449
 30
0
 10
165.192013
 20
187.152769
 30
0
  0
SPLINE
  5
254
100
AcDbEntity
  8
Layer_1
  6
ByLayer
 62
    7
370
   -1
100
AcDbSpline
210
0
220
0
230
0
 70
 4096
 71
    3
 72
    8
 73
    4
 74
    0
 42
1e-07
 43
1e-07
 40
0
 40
0
 40
0
 40
0
 40
1
 40
1
 40
1
 40
1
 10
165.192013
 20
187.152769
 30
0
 10
165.591555
 20
187.67009
 30
0
 10
165.728781
 20
188.343372
 30
0
 10
165.563575
 20
188.975797
 30
0
  0
SPLINE
  5
255
100
AcDbEntity
  8
Layer_1
  6
ByLayer
 62
    7
370
   -1
100
AcDbSpline
210
0
220
0
230
0
 70
 4096
 71
    3
 72
    8
 73
    4
 74
    0
 42
1e-07
 43
1e-07
 40
0
 40
0
 40
0
 40
0
 40
1
 40
1
 40
1
 40
1
 10
165.563575
 20
201.289199
 30
0
 10
164.509074
 20
197.252461
 30
0
 10
164.509074
 20
193.012535
 30
0
 10
165.563575
 20
188.975797
 30
0
  0
SPLINE
  5
256
100
AcDbEntity
  8
Layer_1
  6
ByLayer
 62
    7
370
   -1
100
AcDbSpline
210
0
220
0
230
0
 70
 4096
 71
    3
 72
    8
 73
    4
 74
    0
 42
1e-07
 43
1e-07
 40
0
 40
0
 40
0
 40
0
 40
1
 40
1
 40
1
 40
1
 10
165.563575
 20
201.289199
 30
0
 10
165.728781
 20
201.921624
 30
0
 10
165.591555
 20
202.594906
 30
0
 10
165.192013
 20
203.112226
 30
0
  0
SPLINE
  5
257
100
AcDbEntity
  8
Layer_1
  6
ByLayer
 62
    7
370
   -1
100
AcDbSpline
210
0
220
0
230
0
 70
 4096
 71
    3
 72
    8
 73
    4
 74
    0
 42
1e-07
 43
1e-07
 40
0
 40
0
 40
0
 40
0
 40
1
 40
1
 40
1
 40
1
 10
165.192013
 20
203.112226
 30
0
 10
164.792471
 20
203.629546
 30
0
 10
164.175731
 20
203.932486
 30
0
 10
163.522085
 20
203.932486
 30
0
  0
LWPOLYLINE
  5
258
100
AcDbEntity
  8
Layer_1
  6
ByLayer
 62
    7
370
   -1
100
AcDbPolyline
 90
    2
 70
    0
 43
0
 10
189.931963
 20
187.73259
 10
189.931963
 20
186.132392
  0
SPLINE
  5
259
100
AcDbEntity
  8
Layer_1
  6
ByLayer
 62
    7
370
   -1
100
AcDbSpline
210
0
220
0
230
0
 70
 4096
 71
    3
 72
    8
 73
    4
 74
    0
 42
1e-07
 43
1e-07
 40
0
 40
0
 40
0
 40
0
 40
1
 40
1
 40
1
 40
1
 10
140.742113
 20
203.932486
 30
0
 10
140.088466
 20
203.932486
 30
0
 10
139.471725
 20
203.629548
 30
0
 10
139.072183
 20
203.112227
 30
0
  0
SPLINE
  5
25A
100
AcDbEntity
  8
Layer_1
  6
ByLayer
 62
    7
370
   -1
100
AcDbSpline
210
0
220
0
230
0
 70
 4096
 71
    3
 72
    8
 73
    4
 74
    0
 42
1e-07
 43
1e-07
 40
0
 40
0
 40
0
 40
0
 40
1
 40
1
 40
1
 40
1
 10
139.072183
 20
203.112227
 30
0
 10
138.67264
 20
202.594907
 30
0
 10
138.535414
 20
201.921624
 30
0
 10
138.70062
 20
201.289199
 30
0
  0
SPLINE
  5
25B
100
AcDbEntity
  8
Layer_1
  6
ByLayer
 62
    7
370
   -1
100
AcDbSpline
210
0
220
0
230
0
 70
 4096
 71
    3
 72
    8
 73
    4
 74
    0
 42
1e-07
 43
1e-07
 40
0
 40
0
 40
0
 40
0
 40
1
 40
1
 40
1
 40
1
 10
138.70062
 20
188.975797
 30
0
 10
139.755121
 20
193.012535
 30
0
 10
139.755121
 20
197.252461
 30
0
 10
138.70062
 20
201.289199
 30
0
  0
SPLINE
  5
25C
100
AcDbEntity
  8
Layer_1
  6
ByLayer
 62
    7
370
   -1
100
AcDbSpline
210
0
220
0
230
0
 70
 4096
 71
    3
 72
    8
 73
    4
 74
    0
 42
1e-07
 43
1e-07
 40
0
 40
0
 40
0
 40
0
 40
1
 40
1
 40
1
 40
1
 10
138.70062
 20
188.975797
 30
0
 10
138.535414
 20
188.343372
 30
0
 10
138.67264
 20
187.670089
 30
0
 10
139.072183
 20
187.152768
 30
0
  0
SPLINE
  5
25D
100
AcDbEntity
  8
Layer_1
  6
ByLayer
 62
    7
370
   -1
100
AcDbSpline
210
0
220
0
230
0
 70
 4096
 71
    3
 72
    8
 73
    4
 74
    0
 42
1e-07
 43
1e-07
 40
0
 40
0
 40
0
 40
0
 40
1
 40
1
 40
1
 40
1
 10
139.072183
 20
187.152768
 30
0
 10
139.471725
 20
186.635448
 30
0
 10
140.088466
 20
186.332509
 30
0
 10
140.742113
 20
186.33251
 30
0
  0
LWPOLYLINE
  5
25E
100
AcDbEntity
  8
Layer_1
  6
ByLayer
 62
    7
370
   -1
100
AcDbPolyline
 90
    2
 70
    0
 43
0
 10
140.742015
 20
203.932478
 10
163.522082
 20
203.932478
  0
SPLINE
  5
25F
100
AcDbEntity
  8
Layer_1
  6
ByLayer
 62
    7
370
   -1
100
AcDbSpline
210
0
220
0
230
0
 70
 4096
 71
    3
 72
    8
 73
    4
 74
    0
 42
1e-07
 43
1e-07
 40
0
 40
0
 40
0
 40
0
 40
1
 40
1
 40
1
 40
1
 10
169.279763
 20
202.875755
 30
0
 10
169.372072
 20
203.148201
 30
0
 10
169.311004
 20
203.449231
 30
0
 10
169.119821
 20
203.664166
 30
0
  0
SPLINE
  5
260
100
AcDbEntity
  8
Layer_1
  6
ByLayer
 62
    7
370
   -1
100
AcDbSpline
210
0
220
0
230
0
 70
 4096
 71
    3
 72
    8
 73
    4
 74
    0
 42
1e-07
 43
1e-07
 40
0
 40
0
 40
0
 40
0
 40
1
 40
1
 40
1
 40
1
 10
169.119821
 20
203.664166
 30
0
 10
168.928638
 20
203.879101
 30
0
 10
168.63678
 20
203.974845
 30
0
 10
168.355431
 20
203.914925
 30
0
  0
SPLINE
  5
261
100
AcDbEntity
  8
Layer_1
  6
ByLayer
 62
    7
370
   -1
100
AcDbSpline
210
0
220
0
230
0
 70
 4096
 71
    3
 72
    8
 73
    4
 74
    0
 42
1e-07
 43
1e-07
 40
0
 40
0
 40
0
 40
0
 40
1
 40
1
 40
1
 40
1
 10
168.355431
 20
203.914925
 30
0
 10
168.074081
 20
203.855004
 30
0
 10
167.846563
 20
203.648646
 30
0
 10
167.759551
 20
203.374462
 30
0
  0
SPLINE
  5
262
100
AcDbEntity
  8
Layer_1
  6
ByLayer
 62
    7
370
   -1
100
AcDbSpline
210
0
220
0
230
0
 70
 4096
 71
    3
 72
    8
 73
    4
 74
    0
 42
1e-07
 43
1e-07
 40
0
 40
0
 40
0
 40
0
 40
1
 40
1
 40
1
 40
1
 10
167.759551
 20
203.374462
 30
0
 10
166.057728
 20
198.011592
 30
0
 10
166.057728
 20
192.253401
 30
0
 10
167.759551
 20
186.890531
 30
0
  0
SPLINE
  5
263
100
AcDbEntity
  8
Layer_1
  6
ByLayer
 62
    7
370
   -1
100
AcDbSpline
210
0
220
0
230
0
 70
 4096
 71
    3
 72
    8
 73
    4
 74
    0
 42
1e-07
 43
1e-07
 40
0
 40
0
 40
0
 40
0
 40
1
 40
1
 40
1
 40
1
 10
167.759551
 20
186.890531
 30
0
 10
167.846575
 20
186.616362
 30
0
 10
168.074092
 20
186.41002
 30
0
 10
168.355433
 20
186.350107
 30
0
  0
SPLINE
  5
264
100
AcDbEntity
  8
Layer_1
  6
ByLayer
 62
    7
370
   -1
100
AcDbSpline
210
0
220
0
230
0
 70
 4096
 71
    3
 72
    8
 73
    4
 74
    0
 42
1e-07
 43
1e-07
 40
0
 40
0
 40
0
 40
0
 40
1
 40
1
 40
1
 40
1
 10
168.355433
 20
186.350107
 30
0
 10
168.636773
 20
186.290194
 30
0
 10
168.92862
 20
186.385935
 30
0
 10
169.119799
 20
186.60086
 30
0
  0
SPLINE
  5
265
100
AcDbEntity
  8
Layer_1
  6
ByLayer
 62
    7
370
   -1
100
AcDbSpline
210
0
220
0
230
0
 70
 4096
 71
    3
 72
    8
 73
    4
 74
    0
 42
1e-07
 43
1e-07
 40
0
 40
0
 40
0
 40
0
 40
1
 40
1
 40
1
 40
1
 10
169.119799
 20
186.60086
 30
0
 10
169.310979
 20
186.815784
 30
0
 10
169.372055
 20
187.1168
 30
0
 10
169.279763
 20
187.389241
 30
0
  0
SPLINE
  5
266
100
AcDbEntity
  8
Layer_1
  6
ByLayer
 62
    7
370
   -1
100
AcDbSpline
210
0
220
0
230
0
 70
 4096
 71
    3
 72
    8
 73
    4
 74
    0
 42
1e-07
 43
1e-07
 40
0
 40
0
 40
0
 40
0
 40
1
 40
1
 40
1
 40
1
 10
169.279763
 20
202.875755
 30
0
 10
167.57813
 20
197.853813
 30
0
 10
167.57813
 20
192.411183
 30
0
 10
169.279763
 20
187.389241
 30
0
  0
LWPOLYLINE
  5
267
100
AcDbEntity
  8
Layer_1
  6
ByLayer
 62
    7
370
   -1
100
AcDbPolyline
 90
    2
 70
    0
 43
0
 10
163.522082
 20
186.332417
 10
140.742015
 20
186.332417
  0
LWPOLYLINE
  5
268
100
AcDbEntity
  8
Layer_1
  6
ByLayer
 62
    7
370
   -1
100
AcDbPolyline
 90
    5
 70
    0
 43
0
 10
16.132259
 20
198.872593
 10
16.132259
 20
199.772704
 10
13.832265
 20
199.772704
 10
13.332283
 20
200.272766
 10
13.332283
 20
222.215163
  0
LWPOLYLINE
  5
269
100
AcDbEntity
  8
Layer_1
  6
ByLayer
 62
    7
370
   -1
100
AcDbPolyline
 90
    2
 70
    0
 43
0
 10
13.832265
 20
222.715225
 10
13.332283
 20
222.215163
  0
SPLINE
  5
26A
100
AcDbEntity
  8
Layer_1
  6
ByLayer
 62
    7
370
   -1
100
AcDbSpline
210
0
220
0
230
0
 70
 4096
 71
    3
 72
    8
 73
    4
 74
    0
 42
1e-07
 43
1e-07
 40
0
 40
0
 40
0
 40
0
 40
1
 40
1
 40
1
 40
1
 10
15.92361
 20
222.715278
 30
0
 10
15.968945
 20
222.636754
 30
0
 10
16.061371
 20
222.59847
 30
0
 10
16.148953
 20
222.621937
 30
0
  0
SPLINE
  5
26B
100
AcDbEntity
  8
Layer_1
  6
ByLayer
 62
    7
370
   -1
100
AcDbSpline
210
0
220
0
230
0
 70
 4096
 71
    3
 72
    8
 73
    4
 74
    0
 42
1e-07
 43
1e-07
 40
0
 40
0
 40
0
 40
0
 40
1
 40
1
 40
1
 40
1
 10
16.148953
 20
222.621937
 30
0
 10
16.236535
 20
222.645405
 30
0
 10
16.297436
 20
222.724772
 30
0
 10
16.297436
 20
222.815444
 30
0
  0
SPLINE
  5
26C
100
AcDbEntity
  8
Layer_1
  6
ByLayer
 62
    7
370
   -1
100
AcDbSpline
210
0
220
0
230
0
 70
 4096
 71
    3
 72
    8
 73
    4
 74
    0
 42
1e-07
 43
1e-07
 40
0
 40
0
 40
0
 40
0
 40
1
 40
1
 40
1
 40
1
 10
16.297436
 20
222.815444
 30
0
 10
16.297437
 20
222.887017
 30
0
 10
16.259253
 20
222.953153
 30
0
 10
16.19727
 20
222.988939
 30
0
  0
LWPOLYLINE
  5
26D
100
AcDbEntity
  8
Layer_1
  6
ByLayer
 62
    7
370
   -1
100
AcDbPolyline
 90
    2
 70
    0
 43
0
 10
13.832265
 20
222.715225
 10
15.923609
 20
222.715225
  0
SPLINE
  5
26E
100
AcDbEntity
  8
Layer_1
  6
ByLayer
 62
    7
370
   -1
100
AcDbSpline
210
0
220
0
230
0
 70
 4096
 71
    3
 72
    8
 73
    4
 74
    0
 42
1e-07
 43
1e-07
 40
0
 40
0
 40
0
 40
0
 40
1
 40
1
 40
1
 40
1
 10
16.19727
 20
232.391605
 30
0
 10
16.259253
 20
232.427391
 30
0
 10
16.297437
 20
232.493527
 30
0
 10
16.297436
 20
232.5651
 30
0
  0
SPLINE
  5
26F
100
AcDbEntity
  8
Layer_1
  6
ByLayer
 62
    7
370
   -1
100
AcDbSpline
210
0
220
0
230
0
 70
 4096
 71
    3
 72
    8
 73
    4
 74
    0
 42
1e-07
 43
1e-07
 40
0
 40
0
 40
0
 40
0
 40
1
 40
1
 40
1
 40
1
 10
16.297436
 20
232.5651
 30
0
 10
16.297436
 20
232.655772
 30
0
 10
16.236535
 20
232.735139
 30
0
 10
16.148953
 20
232.758607
 30
0
  0
SPLINE
  5
270
100
AcDbEntity
  8
Layer_1
  6
ByLayer
 62
    7
370
   -1
100
AcDbSpline
210
0
220
0
230
0
 70
 4096
 71
    3
 72
    8
 73
    4
 74
    0
 42
1e-07
 43
1e-07
 40
0
 40
0
 40
0
 40
0
 40
1
 40
1
 40
1
 40
1
 10
16.148953
 20
232.758607
 30
0
 10
16.061371
 20
232.782074
 30
0
 10
15.968945
 20
232.74379
 30
0
 10
15.92361
 20
232.665266
 30
0
  0
LWPOLYLINE
  5
271
100
AcDbEntity
  8
Layer_1
  6
ByLayer
 62
    7
370
   -1
100
AcDbPolyline
 90
    2
 70
    0
 43
0
 10
16.197267
 20
232.391555
 10
16.197267
 20
222.989069
  0
LWPOLYLINE
  5
272
100
AcDbEntity
  8
Layer_1
  6
ByLayer
 62
    7
370
   -1
100
AcDbPolyline
 90
    2
 70
    0
 43
0
 10
13.832265
 20
232.665398
 10
15.923609
 20
232.665398
  0
LWPOLYLINE
  5
273
100
AcDbEntity
  8
Layer_1
  6
ByLayer
 62
    7
370
   -1
100
AcDbPolyline
 90
    2
 70
    0
 43
0
 10
13.332283
 20
233.165195
 10
13.832265
 20
232.665398
  0
LWPOLYLINE
  5
274
100
AcDbEntity
  8
Layer_1
  6
ByLayer
 62
    7
370
   -1
100
AcDbPolyline
 90
    2
 70
    0
 43
0
 10
13.332283
 20
233.165195
 10
13.332283
 20
255.668244
  0
LWPOLYLINE
  5
275
100
AcDbEntity
  8
Layer_1
  6
ByLayer
 62
    7
370
   -1
100
AcDbPolyline
 90
    2
 70
    0
 43
0
 10
13.832265
 20
256.168306
 10
13.332283
 20
255.668244
  0
SPLINE
  5
276
100
AcDbEntity
  8
Layer_1
  6
ByLayer
 62
    7
370
   -1
100
AcDbSpline
210
0
220
0
230
0
 70
 4096
 71
    3
 72
    8
 73
    4
 74
    0
 42
1e-07
 43
1e-07
 40
0
 40
0
 40
0
 40
0
 40
1
 40
1
 40
1
 40
1
 10
27.257254
 20
253.577004
 30
0
 10
27.17873
 20
253.531668
 30
0
 10
27.140446
 20
253.439242
 30
0
 10
27.163914
 20
253.351659
 30
0
  0
SPLINE
  5
277
100
AcDbEntity
  8
Layer_1
  6
ByLayer
 62
    7
370
   -1
100
AcDbSpline
210
0
220
0
230
0
 70
 4096
 71
    3
 72
    8
 73
    4
 74
    0
 42
1e-07
 43
1e-07
 40
0
 40
0
 40
0
 40
0
 40
1
 40
1
 40
1
 40
1
 10
27.163914
 20
253.351659
 30
0
 10
27.187382
 20
253.264077
 30
0
 10
27.266751
 20
253.203176
 30
0
 10
27.357423
 20
253.203177
 30
0
  0
SPLINE
  5
278
100
AcDbEntity
  8
Layer_1
  6
ByLayer
 62
    7
370
   -1
100
AcDbSpline
210
0
220
0
230
0
 70
 4096
 71
    3
 72
    8
 73
    4
 74
    0
 42
1e-07
 43
1e-07
 40
0
 40
0
 40
0
 40
0
 40
1
 40
1
 40
1
 40
1
 10
27.357423
 20
253.203177
 30
0
 10
27.428995
 20
253.203178
 30
0
 10
27.49513
 20
253.241362
 30
0
 10
27.530915
 20
253.303346
 30
0
  0
LWPOLYLINE
  5
279
100
AcDbEntity
  8
Layer_1
  6
ByLayer
 62
    7
370
   -1
100
AcDbPolyline
 90
    4
 70
    0
 43
0
 10
13.832265
 20
256.168306
 10
26.757277
 20
256.168306
 10
27.257339
 20
255.668244
 10
27.257339
 20
253.57698
  0
SPLINE
  5
27A
100
AcDbEntity
  8
Layer_1
  6
ByLayer
 62
    7
370
   -1
100
AcDbSpline
210
0
220
0
230
0
 70
 4096
 71
    3
 72
    8
 73
    4
 74
    0
 42
1e-07
 43
1e-07
 40
0
 40
0
 40
0
 40
0
 40
1
 40
1
 40
1
 40
1
 10
36.933584
 20
253.303346
 30
0
 10
36.969369
 20
253.241362
 30
0
 10
37.035504
 20
253.203178
 30
0
 10
37.107076
 20
253.203177
 30
0
  0
SPLINE
  5
27B
100
AcDbEntity
  8
Layer_1
  6
ByLayer
 62
    7
370
   -1
100
AcDbSpline
210
0
220
0
230
0
 70
 4096
 71
    3
 72
    8
 73
    4
 74
    0
 42
1e-07
 43
1e-07
 40
0
 40
0
 40
0
 40
0
 40
1
 40
1
 40
1
 40
1
 10
37.107076
 20
253.203177
 30
0
 10
37.197748
 20
253.203177
 30
0
 10
37.277116
 20
253.264078
 30
0
 10
37.300583
 20
253.351661
 30
0
  0
SPLINE
  5
27C
100
AcDbEntity
  8
Layer_1
  6
ByLayer
 62
    7
370
   -1
100
AcDbSpline
210
0
220
0
230
0
 70
 4096
 71
    3
 72
    8
 73
    4
 74
    0
 42
1e-07
 43
1e-07
 40
0
 40
0
 40
0
 40
0
 40
1
 40
1
 40
1
 40
1
 10
37.300583
 20
253.351661
 30
0
 10
37.32405
 20
253.439243
 30
0
 10
37.285766
 20
253.531668
 30
0
 10
37.207242
 20
253.577004
 30
0
  0
LWPOLYLINE
  5
27D
100
AcDbEntity
  8
Layer_1
  6
ByLayer
 62
    7
370
   -1
100
AcDbPolyline
 90
    2
 70
    0
 43
0
 10
27.530918
 20
253.303401
 10
36.933669
 20
253.303401
  0
LWPOLYLINE
  5
27E
100
AcDbEntity
  8
Layer_1
  6
ByLayer
 62
    7
370
   -1
100
AcDbPolyline
 90
    2
 70
    0
 43
0
 10
37.207247
 20
255.668244
 10
37.207247
 20
253.57698
  0
LWPOLYLINE
  5
27F
100
AcDbEntity
  8
Layer_1
  6
ByLayer
 62
    7
370
   -1
100
AcDbPolyline
 90
    2
 70
    0
 43
0
 10
37.707309
 20
256.168306
 10
37.207247
 20
255.668244
  0
LWPOLYLINE
  5
280
100
AcDbEntity
  8
Layer_1
  6
ByLayer
 62
    7
370
   -1
100
AcDbPolyline
 90
    2
 70
    0
 43
0
 10
37.707309
 20
256.168306
 10
50.632189
 20
256.168306
  0
LWPOLYLINE
  5
281
100
AcDbEntity
  8
Layer_1
  6
ByLayer
 62
    7
370
   -1
100
AcDbPolyline
 90
    2
 70
    0
 43
0
 10
16.132259
 20
198.872857
 10
16.632268
 20
198.372796
  0
LWPOLYLINE
  5
282
100
AcDbEntity
  8
Layer_1
  6
ByLayer
 62
    7
370
   -1
100
AcDbPolyline
 90
    2
 70
    0
 43
0
 10
26.757277
 20
198.372796
 10
16.632268
 20
198.372796
  0
LWPOLYLINE
  5
283
100
AcDbEntity
  8
Layer_1
  6
ByLayer
 62
    7
370
   -1
100
AcDbPolyline
 90
    2
 70
    0
 43
0
 10
27.257075
 20
198.872593
 10
26.757277
 20
198.372796
  0
SPLINE
  5
284
100
AcDbEntity
  8
Layer_1
  6
ByLayer
 62
    7
370
   -1
100
AcDbSpline
210
0
220
0
230
0
 70
 4096
 71
    3
 72
    8
 73
    4
 74
    0
 42
1e-07
 43
1e-07
 40
0
 40
0
 40
0
 40
0
 40
1
 40
1
 40
1
 40
1
 10
27.159589
 20
201.138019
 30
0
 10
27.159589
 20
201.063754
 30
0
 10
27.196819
 20
200.995131
 30
0
 10
27.257254
 20
200.957999
 30
0
  0
SPLINE
  5
285
100
AcDbEntity
  8
Layer_1
  6
ByLayer
 62
    7
370
   -1
100
AcDbSpline
210
0
220
0
230
0
 70
 4096
 71
    3
 72
    8
 73
    4
 74
    0
 42
1e-07
 43
1e-07
 40
0
 40
0
 40
0
 40
0
 40
1
 40
1
 40
1
 40
1
 10
27.524086
 20
201.241955
 30
0
 10
27.479882
 20
201.323434
 30
0
 10
27.389763
 20
201.363159
 30
0
 10
27.304366
 20
201.338808
 30
0
  0
SPLINE
  5
286
100
AcDbEntity
  8
Layer_1
  6
ByLayer
 62
    7
370
   -1
100
AcDbSpline
210
0
220
0
230
0
 70
 4096
 71
    3
 72
    8
 73
    4
 74
    0
 42
1e-07
 43
1e-07
 40
0
 40
0
 40
0
 40
0
 40
1
 40
1
 40
1
 40
1
 10
27.304366
 20
201.338808
 30
0
 10
27.218968
 20
201.314457
 30
0
 10
27.159588
 20
201.232102
 30
0
 10
27.159589
 20
201.138019
 30
0
  0
LWPOLYLINE
  5
287
100
AcDbEntity
  8
Layer_1
  6
ByLayer
 62
    7
370
   -1
100
AcDbPolyline
 90
    2
 70
    0
 43
0
 10
27.257339
 20
200.958036
 10
27.257075
 20
198.872593
  0
SPLINE
  5
288
100
AcDbEntity
  8
Layer_1
  6
ByLayer
 62
    7
370
   -1
100
AcDbSpline
210
0
220
0
230
0
 70
 4096
 71
    3
 72
    8
 73
    4
 74
    0
 42
1e-07
 43
1e-07
 40
0
 40
0
 40
0
 40
0
 40
1
 40
1
 40
1
 40
1
 10
37.30491
 20
201.138019
 30
0
 10
37.304912
 20
201.232102
 30
0
 10
37.245531
 20
201.314457
 30
0
 10
37.160134
 20
201.338808
 30
0
  0
SPLINE
  5
289
100
AcDbEntity
  8
Layer_1
  6
ByLayer
 62
    7
370
   -1
100
AcDbSpline
210
0
220
0
230
0
 70
 4096
 71
    3
 72
    8
 73
    4
 74
    0
 42
1e-07
 43
1e-07
 40
0
 40
0
 40
0
 40
0
 40
1
 40
1
 40
1
 40
1
 10
37.160134
 20
201.338808
 30
0
 10
37.074737
 20
201.363159
 30
0
 10
36.984617
 20
201.323434
 30
0
 10
36.940413
 20
201.241955
 30
0
  0
SPLINE
  5
28A
100
AcDbEntity
  8
Layer_1
  6
ByLayer
 62
    7
370
   -1
100
AcDbSpline
210
0
220
0
230
0
 70
 4096
 71
    3
 72
    8
 73
    4
 74
    0
 42
1e-07
 43
1e-07
 40
0
 40
0
 40
0
 40
0
 40
1
 40
1
 40
1
 40
1
 10
37.207242
 20
200.957999
 30
0
 10
37.267679
 20
200.995131
 30
0
 10
37.30491
 20
201.063754
 30
0
 10
37.30491
 20
201.138019
 30
0
  0
LWPOLYLINE
  5
28B
100
AcDbEntity
  8
Layer_1
  6
ByLayer
 62
    7
370
   -1
100
AcDbPolyline
 90
    2
 70
    0
 43
0
 10
36.940283
 20
201.241934
 10
27.524039
 20
201.241934
  0
LWPOLYLINE
  5
28C
100
AcDbEntity
  8
Layer_1
  6
ByLayer
 62
    7
370
   -1
100
AcDbPolyline
 90
    3
 70
    0
 43
0
 10
37.207247
 20
200.958036
 10
37.207247
 20
198.872593
 10
37.707309
 20
198.372796
  0
LWPOLYLINE
  5
28D
100
AcDbEntity
  8
Layer_1
  6
ByLayer
 62
    7
370
   -1
100
AcDbPolyline
 90
    2
 70
    0
 43
0
 10
50.632189
 20
198.372796
 10
37.707309
 20
198.372796
  0
LWPOLYLINE
  5
28E
100
AcDbEntity
  8
Layer_1
  6
ByLayer
 62
    7
370
   -1
100
AcDbPolyline
 90
    2
 70
    0
 43
0
 10
85.63228599999999
 20
198.372796
 10
86.13208400000001
 20
198.872857
  0
LWPOLYLINE
  5
28F
100
AcDbEntity
  8
Layer_1
  6
ByLayer
 62
    7
370
   -1
100
AcDbPolyline
 90
    2
 70
    0
 43
0
 10
85.63228599999999
 20
198.372796
 10
75.50722399999999
 20
198.372796
  0
LWPOLYLINE
  5
290
100
AcDbEntity
  8
Layer_1
  6
ByLayer
 62
    7
370
   -1
100
AcDbPolyline
 90
    2
 70
    0
 43
0
 10
75.00716199999999
 20
198.872857
 10
75.50722399999999
 20
198.372796
  0
SPLINE
  5
291
100
AcDbEntity
  8
Layer_1
  6
ByLayer
 62
    7
370
   -1
100
AcDbSpline
210
0
220
0
230
0
 70
 4096
 71
    3
 72
    8
 73
    4
 74
    0
 42
1e-07
 43
1e-07
 40
0
 40
0
 40
0
 40
0
 40
1
 40
1
 40
1
 40
1
 10
75.00719700000001
 20
200.957999
 30
0
 10
75.067633
 20
200.995131
 30
0
 10
75.104862
 20
201.063754
 30
0
 10
75.104862
 20
201.138019
 30
0
  0
SPLINE
  5
292
100
AcDbEntity
  8
Layer_1
  6
ByLayer
 62
    7
370
   -1
100
AcDbSpline
210
0
220
0
230
0
 70
 4096
 71
    3
 72
    8
 73
    4
 74
    0
 42
1e-07
 43
1e-07
 40
0
 40
0
 40
0
 40
0
 40
1
 40
1
 40
1
 40
1
 10
75.104862
 20
201.138019
 30
0
 10
75.10486400000001
 20
201.232102
 30
0
 10
75.045483
 20
201.314457
 30
0
 10
74.960086
 20
201.338808
 30
0
  0
SPLINE
  5
293
100
AcDbEntity
  8
Layer_1
  6
ByLayer
 62
    7
370
   -1
100
AcDbSpline
210
0
220
0
230
0
 70
 4096
 71
    3
 72
    8
 73
    4
 74
    0
 42
1e-07
 43
1e-07
 40
0
 40
0
 40
0
 40
0
 40
1
 40
1
 40
1
 40
1
 10
74.960086
 20
201.338808
 30
0
 10
74.87468800000001
 20
201.363159
 30
0
 10
74.784569
 20
201.323434
 30
0
 10
74.740365
 20
201.241955
 30
0
  0
LWPOLYLINE
  5
294
100
AcDbEntity
  8
Layer_1
  6
ByLayer
 62
    7
370
   -1
100
AcDbPolyline
 90
    2
 70
    0
 43
0
 10
75.00716199999999
 20
200.958036
 10
75.00716199999999
 20
198.872857
  0
SPLINE
  5
295
100
AcDbEntity
  8
Layer_1
  6
ByLayer
 62
    7
370
   -1
100
AcDbSpline
210
0
220
0
230
0
 70
 4096
 71
    3
 72
    8
 73
    4
 74
    0
 42
1e-07
 43
1e-07
 40
0
 40
0
 40
0
 40
0
 40
1
 40
1
 40
1
 40
1
 10
65.324038
 20
201.241955
 30
0
 10
65.27983399999999
 20
201.323434
 30
0
 10
65.18971500000001
 20
201.363159
 30
0
 10
65.10431699999999
 20
201.338808
 30
0
  0
SPLINE
  5
296
100
AcDbEntity
  8
Layer_1
  6
ByLayer
 62
    7
370
   -1
100
AcDbSpline
210
0
220
0
230
0
 70
 4096
 71
    3
 72
    8
 73
    4
 74
    0
 42
1e-07
 43
1e-07
 40
0
 40
0
 40
0
 40
0
 40
1
 40
1
 40
1
 40
1
 10
65.10431699999999
 20
201.338808
 30
0
 10
65.01891999999999
 20
201.314457
 30
0
 10
64.95954
 20
201.232102
 30
0
 10
64.959541
 20
201.138019
 30
0
  0
SPLINE
  5
297
100
AcDbEntity
  8
Layer_1
  6
ByLayer
 62
    7
370
   -1
100
AcDbSpline
210
0
220
0
230
0
 70
 4096
 71
    3
 72
    8
 73
    4
 74
    0
 42
1e-07
 43
1e-07
 40
0
 40
0
 40
0
 40
0
 40
1
 40
1
 40
1
 40
1
 10
64.959541
 20
201.138019
 30
0
 10
64.959541
 20
201.063754
 30
0
 10
64.99677200000001
 20
200.995131
 30
0
 10
65.057209
 20
200.957999
 30
0
  0
LWPOLYLINE
  5
298
100
AcDbEntity
  8
Layer_1
  6
ByLayer
 62
    7
370
   -1
100
AcDbPolyline
 90
    2
 70
    0
 43
0
 10
74.74046300000001
 20
201.241934
 10
65.323954
 20
201.241934
  0
LWPOLYLINE
  5
299
100
AcDbEntity
  8
Layer_1
  6
ByLayer
 62
    7
370
   -1
100
AcDbPolyline
 90
    4
 70
    0
 43
0
 10
65.057254
 20
200.958036
 10
65.057254
 20
198.872857
 10
64.557192
 20
198.372796
 10
51.632048
 20
198.372796
  0
LWPOLYLINE
  5
29A
100
AcDbEntity
  8
Layer_1
  6
ByLayer
 62
    7
370
   -1
100
AcDbPolyline
 90
    2
 70
    0
 43
0
 10
51.632313
 20
256.168306
 10
64.557192
 20
256.168306
  0
LWPOLYLINE
  5
29B
100
AcDbEntity
  8
Layer_1
  6
ByLayer
 62
    7
370
   -1
100
AcDbPolyline
 90
    2
 70
    0
 43
0
 10
65.057254
 20
255.668244
 10
64.557192
 20
256.168306
  0
SPLINE
  5
29C
100
AcDbEntity
  8
Layer_1
  6
ByLayer
 62
    7
370
   -1
100
AcDbSpline
210
0
220
0
230
0
 70
 4096
 71
    3
 72
    8
 73
    4
 74
    0
 42
1e-07
 43
1e-07
 40
0
 40
0
 40
0
 40
0
 40
1
 40
1
 40
1
 40
1
 10
65.057209
 20
253.577004
 30
0
 10
64.978685
 20
253.531668
 30
0
 10
64.94040099999999
 20
253.439243
 30
0
 10
64.96386800000001
 20
253.351661
 30
0
  0
SPLINE
  5
29D
100
AcDbEntity
  8
Layer_1
  6
ByLayer
 62
    7
370
   -1
100
AcDbSpline
210
0
220
0
230
0
 70
 4096
 71
    3
 72
    8
 73
    4
 74
    0
 42
1e-07
 43
1e-07
 40
0
 40
0
 40
0
 40
0
 40
1
 40
1
 40
1
 40
1
 10
64.96386800000001
 20
253.351661
 30
0
 10
64.987336
 20
253.264078
 30
0
 10
65.066703
 20
253.203177
 30
0
 10
65.157375
 20
253.203177
 30
0
  0
SPLINE
  5
29E
100
AcDbEntity
  8
Layer_1
  6
ByLayer
 62
    7
370
   -1
100
AcDbSpline
210
0
220
0
230
0
 70
 4096
 71
    3
 72
    8
 73
    4
 74
    0
 42
1e-07
 43
1e-07
 40
0
 40
0
 40
0
 40
0
 40
1
 40
1
 40
1
 40
1
 10
65.157375
 20
253.203177
 30
0
 10
65.22894700000001
 20
253.203178
 30
0
 10
65.29508199999999
 20
253.241362
 30
0
 10
65.330867
 20
253.303346
 30
0
  0
LWPOLYLINE
  5
29F
100
AcDbEntity
  8
Layer_1
  6
ByLayer
 62
    7
370
   -1
100
AcDbPolyline
 90
    2
 70
    0
 43
0
 10
65.057254
 20
255.668244
 10
65.057254
 20
253.57698
  0
SPLINE
  5
2A0
100
AcDbEntity
  8
Layer_1
  6
ByLayer
 62
    7
370
   -1
100
AcDbSpline
210
0
220
0
230
0
 70
 4096
 71
    3
 72
    8
 73
    4
 74
    0
 42
1e-07
 43
1e-07
 40
0
 40
0
 40
0
 40
0
 40
1
 40
1
 40
1
 40
1
 10
74.733536
 20
253.303346
 30
0
 10
74.76932100000001
 20
253.241362
 30
0
 10
74.83545599999999
 20
253.203178
 30
0
 10
74.907028
 20
253.203177
 30
0
  0
SPLINE
  5
2A1
100
AcDbEntity
  8
Layer_1
  6
ByLayer
 62
    7
370
   -1
100
AcDbSpline
210
0
220
0
230
0
 70
 4096
 71
    3
 72
    8
 73
    4
 74
    0
 42
1e-07
 43
1e-07
 40
0
 40
0
 40
0
 40
0
 40
1
 40
1
 40
1
 40
1
 10
74.907028
 20
253.203177
 30
0
 10
74.99770100000001
 20
253.203176
 30
0
 10
75.07706899999999
 20
253.264077
 30
0
 10
75.100537
 20
253.351659
 30
0
  0
SPLINE
  5
2A2
100
AcDbEntity
  8
Layer_1
  6
ByLayer
 62
    7
370
   -1
100
AcDbSpline
210
0
220
0
230
0
 70
 4096
 71
    3
 72
    8
 73
    4
 74
    0
 42
1e-07
 43
1e-07
 40
0
 40
0
 40
0
 40
0
 40
1
 40
1
 40
1
 40
1
 10
75.100537
 20
253.351659
 30
0
 10
75.124005
 20
253.439242
 30
0
 10
75.08572100000001
 20
253.531668
 30
0
 10
75.00719700000001
 20
253.577004
 30
0
  0
LWPOLYLINE
  5
2A3
100
AcDbEntity
  8
Layer_1
  6
ByLayer
 62
    7
370
   -1
100
AcDbPolyline
 90
    2
 70
    0
 43
0
 10
65.330833
 20
253.303401
 10
74.73358399999999
 20
253.303401
  0
LWPOLYLINE
  5
2A4
100
AcDbEntity
  8
Layer_1
  6
ByLayer
 62
    7
370
   -1
100
AcDbPolyline
 90
    2
 70
    0
 43
0
 10
75.00716199999999
 20
255.668244
 10
75.00716199999999
 20
253.57698
  0
LWPOLYLINE
  5
2A5
100
AcDbEntity
  8
Layer_1
  6
ByLayer
 62
    7
370
   -1
100
AcDbPolyline
 90
    2
 70
    0
 43
0
 10
75.50722399999999
 20
256.168306
 10
75.00716199999999
 20
255.668244
  0
LWPOLYLINE
  5
2A6
100
AcDbEntity
  8
Layer_1
  6
ByLayer
 62
    7
370
   -1
100
AcDbPolyline
 90
    2
 70
    0
 43
0
 10
75.50722399999999
 20
256.168306
 10
88.432104
 20
256.168306
  0
LWPOLYLINE
  5
2A7
100
AcDbEntity
  8
Layer_1
  6
ByLayer
 62
    7
370
   -1
100
AcDbPolyline
 90
    2
 70
    0
 43
0
 10
88.932166
 20
255.668244
 10
88.432104
 20
256.168306
  0
LWPOLYLINE
  5
2A8
100
AcDbEntity
  8
Layer_1
  6
ByLayer
 62
    7
370
   -1
100
AcDbPolyline
 90
    2
 70
    0
 43
0
 10
88.932166
 20
255.668244
 10
88.932166
 20
233.165195
  0
LWPOLYLINE
  5
2A9
100
AcDbEntity
  8
Layer_1
  6
ByLayer
 62
    7
370
   -1
100
AcDbPolyline
 90
    2
 70
    0
 43
0
 10
88.432104
 20
232.665398
 10
88.932166
 20
233.165195
  0
SPLINE
  5
2AA
100
AcDbEntity
  8
Layer_1
  6
ByLayer
 62
    7
370
   -1
100
AcDbSpline
210
0
220
0
230
0
 70
 4096
 71
    3
 72
    8
 73
    4
 74
    0
 42
1e-07
 43
1e-07
 40
0
 40
0
 40
0
 40
0
 40
1
 40
1
 40
1
 40
1
 10
86.34084199999999
 20
232.665266
 30
0
 10
86.298732
 20
232.738201
 30
0
 10
86.215501
 20
232.777011
 30
0
 10
86.13256199999999
 20
232.762387
 30
0
  0
SPLINE
  5
2AB
100
AcDbEntity
  8
Layer_1
  6
ByLayer
 62
    7
370
   -1
100
AcDbSpline
210
0
220
0
230
0
 70
 4096
 71
    3
 72
    8
 73
    4
 74
    0
 42
1e-07
 43
1e-07
 40
0
 40
0
 40
0
 40
0
 40
1
 40
1
 40
1
 40
1
 10
86.13256199999999
 20
232.762387
 30
0
 10
86.049622
 20
232.747762
 30
0
 10
85.984686
 20
232.682825
 30
0
 10
85.970061
 20
232.599885
 30
0
  0
SPLINE
  5
2AC
100
AcDbEntity
  8
Layer_1
  6
ByLayer
 62
    7
370
   -1
100
AcDbSpline
210
0
220
0
230
0
 70
 4096
 71
    3
 72
    8
 73
    4
 74
    0
 42
1e-07
 43
1e-07
 40
0
 40
0
 40
0
 40
0
 40
1
 40
1
 40
1
 40
1
 10
85.970061
 20
232.599885
 30
0
 10
85.95543600000001
 20
232.516946
 30
0
 10
85.994246
 20
232.433715
 30
0
 10
86.067182
 20
232.391605
 30
0
  0
LWPOLYLINE
  5
2AD
100
AcDbEntity
  8
Layer_1
  6
ByLayer
 62
    7
370
   -1
100
AcDbPolyline
 90
    2
 70
    0
 43
0
 10
86.34084
 20
232.665398
 10
88.432104
 20
232.665398
  0
SPLINE
  5
2AE
100
AcDbEntity
  8
Layer_1
  6
ByLayer
 62
    7
370
   -1
100
AcDbSpline
210
0
220
0
230
0
 70
 4096
 71
    3
 72
    8
 73
    4
 74
    0
 42
1e-07
 43
1e-07
 40
0
 40
0
 40
0
 40
0
 40
1
 40
1
 40
1
 40
1
 10
86.067182
 20
222.988939
 30
0
 10
85.994246
 20
222.946829
 30
0
 10
85.95543600000001
 20
222.863598
 30
0
 10
85.970061
 20
222.780659
 30
0
  0
SPLINE
  5
2AF
100
AcDbEntity
  8
Layer_1
  6
ByLayer
 62
    7
370
   -1
100
AcDbSpline
210
0
220
0
230
0
 70
 4096
 71
    3
 72
    8
 73
    4
 74
    0
 42
1e-07
 43
1e-07
 40
0
 40
0
 40
0
 40
0
 40
1
 40
1
 40
1
 40
1
 10
85.970061
 20
222.780659
 30
0
 10
85.984686
 20
222.697719
 30
0
 10
86.049622
 20
222.632782
 30
0
 10
86.13256199999999
 20
222.618157
 30
0
  0
SPLINE
  5
2B0
100
AcDbEntity
  8
Layer_1
  6
ByLayer
 62
    7
370
   -1
100
AcDbSpline
210
0
220
0
230
0
 70
 4096
 71
    3
 72
    8
 73
    4
 74
    0
 42
1e-07
 43
1e-07
 40
0
 40
0
 40
0
 40
0
 40
1
 40
1
 40
1
 40
1
 10
86.13256199999999
 20
222.618157
 30
0
 10
86.215501
 20
222.603533
 30
0
 10
86.298732
 20
222.642343
 30
0
 10
86.34084199999999
 20
222.715278
 30
0
  0
LWPOLYLINE
  5
2B1
100
AcDbEntity
  8
Layer_1
  6
ByLayer
 62
    7
370
   -1
100
AcDbPolyline
 90
    2
 70
    0
 43
0
 10
86.067261
 20
232.391555
 10
86.067261
 20
222.989069
  0
LWPOLYLINE
  5
2B2
100
AcDbEntity
  8
Layer_1
  6
ByLayer
 62
    7
370
   -1
100
AcDbPolyline
 90
    2
 70
    0
 43
0
 10
86.34084
 20
222.715225
 10
88.432104
 20
222.715225
  0
LWPOLYLINE
  5
2B3
100
AcDbEntity
  8
Layer_1
  6
ByLayer
 62
    7
370
   -1
100
AcDbPolyline
 90
    2
 70
    0
 43
0
 10
88.932166
 20
222.215163
 10
88.432104
 20
222.715225
  0
LWPOLYLINE
  5
2B4
100
AcDbEntity
  8
Layer_1
  6
ByLayer
 62
    7
370
   -1
100
AcDbPolyline
 90
    2
 70
    0
 43
0
 10
88.932166
 20
222.215163
 10
88.932166
 20
200.272766
  0
LWPOLYLINE
  5
2B5
100
AcDbEntity
  8
Layer_1
  6
ByLayer
 62
    7
370
   -1
100
AcDbPolyline
 90
    2
 70
    0
 43
0
 10
88.432104
 20
199.772704
 10
88.932166
 20
200.272766
  0
LWPOLYLINE
  5
2B6
100
AcDbEntity
  8
Layer_1
  6
ByLayer
 62
    7
370
   -1
100
AcDbPolyline
 90
    3
 70
    0
 43
0
 10
88.432104
 20
199.772704
 10
86.13208400000001
 20
199.772704
 10
86.13208400000001
 20
198.872857
  0
SPLINE
  5
2B7
100
AcDbEntity
  8
Layer_1
  6
ByLayer
 62
    7
370
   -1
100
AcDbSpline
210
0
220
0
230
0
 70
 4096
 71
    3
 72
    8
 73
    4
 74
    0
 42
1e-07
 43
1e-07
 40
0
 40
0
 40
0
 40
0
 40
1
 40
1
 40
1
 40
1
 10
52.632225
 20
209.88445
 30
0
 10
53.346755
 20
209.88445
 30
0
 10
54.007008
 20
210.265647
 30
0
 10
54.364273
 20
210.884449
 30
0
  0
SPLINE
  5
2B8
100
AcDbEntity
  8
Layer_1
  6
ByLayer
 62
    7
370
   -1
100
AcDbSpline
210
0
220
0
230
0
 70
 4096
 71
    3
 72
    8
 73
    4
 74
    0
 42
1e-07
 43
1e-07
 40
0
 40
0
 40
0
 40
0
 40
1
 40
1
 40
1
 40
1
 10
54.364273
 20
210.884449
 30
0
 10
54.721538
 20
211.50325
 30
0
 10
54.721538
 20
212.265645
 30
0
 10
54.364273
 20
212.884446
 30
0
  0
SPLINE
  5
2B9
100
AcDbEntity
  8
Layer_1
  6
ByLayer
 62
    7
370
   -1
100
AcDbSpline
210
0
220
0
230
0
 70
 4096
 71
    3
 72
    8
 73
    4
 74
    0
 42
1e-07
 43
1e-07
 40
0
 40
0
 40
0
 40
0
 40
1
 40
1
 40
1
 40
1
 10
54.364273
 20
212.884446
 30
0
 10
54.007008
 20
213.503247
 30
0
 10
53.346755
 20
213.884445
 30
0
 10
52.632225
 20
213.884445
 30
0
  0
LWPOLYLINE
  5
2BA
100
AcDbEntity
  8
Layer_1
  6
ByLayer
 62
    7
370
   -1
100
AcDbPolyline
 90
    2
 70
    0
 43
0
 10
49.63233
 20
213.884503
 10
52.632172
 20
213.884503
  0
SPLINE
  5
2BB
100
AcDbEntity
  8
Layer_1
  6
ByLayer
 62
    7
370
   -1
100
AcDbSpline
210
0
220
0
230
0
 70
 4096
 71
    3
 72
    8
 73
    4
 74
    0
 42
1e-07
 43
1e-07
 40
0
 40
0
 40
0
 40
0
 40
1
 40
1
 40
1
 40
1
 10
49.632227
 20
213.884445
 30
0
 10
48.917696
 20
213.884445
 30
0
 10
48.257443
 20
213.503247
 30
0
 10
47.900178
 20
212.884446
 30
0
  0
SPLINE
  5
2BC
100
AcDbEntity
  8
Layer_1
  6
ByLayer
 62
    7
370
   -1
100
AcDbSpline
210
0
220
0
230
0
 70
 4096
 71
    3
 72
    8
 73
    4
 74
    0
 42
1e-07
 43
1e-07
 40
0
 40
0
 40
0
 40
0
 40
1
 40
1
 40
1
 40
1
 10
47.900178
 20
212.884446
 30
0
 10
47.542913
 20
212.265645
 30
0
 10
47.542913
 20
211.50325
 30
0
 10
47.900178
 20
210.884449
 30
0
  0
SPLINE
  5
2BD
100
AcDbEntity
  8
Layer_1
  6
ByLayer
 62
    7
370
   -1
100
AcDbSpline
210
0
220
0
230
0
 70
 4096
 71
    3
 72
    8
 73
    4
 74
    0
 42
1e-07
 43
1e-07
 40
0
 40
0
 40
0
 40
0
 40
1
 40
1
 40
1
 40
1
 10
47.900178
 20
210.884449
 30
0
 10
48.257443
 20
210.265647
 30
0
 10
48.917696
 20
209.88445
 30
0
 10
49.632227
 20
209.88445
 30
0
  0
LWPOLYLINE
  5
2BE
100
AcDbEntity
  8
Layer_1
  6
ByLayer
 62
    7
370
   -1
100
AcDbPolyline
 90
    2
 70
    0
 43
0
 10
49.63233
 20
209.884537
 10
52.632172
 20
209.884537
  0
LWPOLYLINE
  5
2BF
100
AcDbEntity
  8
Layer_1
  6
ByLayer
 62
    7
370
   -1
100
AcDbPolyline
 90
    2
 70
    0
 43
0
 10
189.432166
 20
305.717267
 10
189.931963
 20
305.217285
  0
SPLINE
  5
2C0
100
AcDbEntity
  8
Layer_1
  6
ByLayer
 62
    7
370
   -1
100
AcDbSpline
210
0
220
0
230
0
 70
 4096
 71
    3
 72
    8
 73
    4
 74
    0
 42
1e-07
 43
1e-07
 40
0
 40
0
 40
0
 40
0
 40
1
 40
1
 40
1
 40
1
 10
187.067053
 20
305.990933
 30
0
 10
186.994118
 20
305.948822
 30
0
 10
186.955307
 20
305.865592
 30
0
 10
186.969932
 20
305.782652
 30
0
  0
SPLINE
  5
2C1
100
AcDbEntity
  8
Layer_1
  6
ByLayer
 62
    7
370
   -1
100
AcDbSpline
210
0
220
0
230
0
 70
 4096
 71
    3
 72
    8
 73
    4
 74
    0
 42
1e-07
 43
1e-07
 40
0
 40
0
 40
0
 40
0
 40
1
 40
1
 40
1
 40
1
 10
186.969932
 20
305.782652
 30
0
 10
186.984557
 20
305.699712
 30
0
 10
187.049494
 20
305.634775
 30
0
 10
187.132434
 20
305.620151
 30
0
  0
SPLINE
  5
2C2
100
AcDbEntity
  8
Layer_1
  6
ByLayer
 62
    7
370
   -1
100
AcDbSpline
210
0
220
0
230
0
 70
 4096
 71
    3
 72
    8
 73
    4
 74
    0
 42
1e-07
 43
1e-07
 40
0
 40
0
 40
0
 40
0
 40
1
 40
1
 40
1
 40
1
 10
187.132434
 20
305.620151
 30
0
 10
187.215374
 20
305.605526
 30
0
 10
187.298604
 20
305.644337
 30
0
 10
187.340714
 20
305.717273
 30
0
  0
LWPOLYLINE
  5
2C3
100
AcDbEntity
  8
Layer_1
  6
ByLayer
 62
    7
370
   -1
100
AcDbPolyline
 90
    2
 70
    0
 43
0
 10
187.340637
 20
305.717267
 10
189.432166
 20
305.717267
  0
SPLINE
  5
2C4
100
AcDbEntity
  8
Layer_1
  6
ByLayer
 62
    7
370
   -1
100
AcDbSpline
210
0
220
0
230
0
 70
 4096
 71
    3
 72
    8
 73
    4
 74
    0
 42
1e-07
 43
1e-07
 40
0
 40
0
 40
0
 40
0
 40
1
 40
1
 40
1
 40
1
 10
187.340714
 20
315.66726
 30
0
 10
187.298604
 20
315.740196
 30
0
 10
187.215374
 20
315.779007
 30
0
 10
187.132434
 20
315.764382
 30
0
  0
SPLINE
  5
2C5
100
AcDbEntity
  8
Layer_1
  6
ByLayer
 62
    7
370
   -1
100
AcDbSpline
210
0
220
0
230
0
 70
 4096
 71
    3
 72
    8
 73
    4
 74
    0
 42
1e-07
 43
1e-07
 40
0
 40
0
 40
0
 40
0
 40
1
 40
1
 40
1
 40
1
 10
187.132434
 20
315.764382
 30
0
 10
187.049494
 20
315.749758
 30
0
 10
186.984557
 20
315.684821
 30
0
 10
186.969932
 20
315.601881
 30
0
  0
SPLINE
  5
2C6
100
AcDbEntity
  8
Layer_1
  6
ByLayer
 62
    7
370
   -1
100
AcDbSpline
210
0
220
0
230
0
 70
 4096
 71
    3
 72
    8
 73
    4
 74
    0
 42
1e-07
 43
1e-07
 40
0
 40
0
 40
0
 40
0
 40
1
 40
1
 40
1
 40
1
 10
186.969932
 20
315.601881
 30
0
 10
186.955307
 20
315.518941
 30
0
 10
186.994118
 20
315.43571
 30
0
 10
187.067053
 20
315.3936
 30
0
  0
LWPOLYLINE
  5
2C7
100
AcDbEntity
  8
Layer_1
  6
ByLayer
 62
    7
370
   -1
100
AcDbPolyline
 90
    2
 70
    0
 43
0
 10
187.067059
 20
315.393597
 10
187.067059
 20
305.990925
  0
LWPOLYLINE
  5
2C8
100
AcDbEntity
  8
Layer_1
  6
ByLayer
 62
    7
370
   -1
100
AcDbPolyline
 90
    2
 70
    0
 43
0
 10
187.340637
 20
315.667255
 10
189.432166
 20
315.667255
  0
LWPOLYLINE
  5
2C9
100
AcDbEntity
  8
Layer_1
  6
ByLayer
 62
    7
370
   -1
100
AcDbPolyline
 90
    2
 70
    0
 43
0
 10
189.931963
 20
316.167264
 10
189.432166
 20
315.667255
  0
LWPOLYLINE
  5
2CA
100
AcDbEntity
  8
Layer_1
  6
ByLayer
 62
    7
370
   -1
100
AcDbPolyline
 90
    2
 70
    0
 43
0
 10
189.931963
 20
316.167264
 10
189.931963
 20
322.472462
  0
LWPOLYLINE
  5
2CB
100
AcDbEntity
  8
Layer_1
  6
ByLayer
 62
    7
370
   -1
100
AcDbPolyline
 90
    2
 70
    0
 43
0
 10
189.432166
 20
322.972471
 10
189.931963
 20
322.472462
  0
SPLINE
  5
2CC
100
AcDbEntity
  8
Layer_1
  6
ByLayer
 62
    7
370
   -1
100
AcDbSpline
210
0
220
0
230
0
 70
 4096
 71
    3
 72
    8
 73
    4
 74
    0
 42
1e-07
 43
1e-07
 40
0
 40
0
 40
0
 40
0
 40
1
 40
1
 40
1
 40
1
 10
175.920402
 20
322.972468
 30
0
 10
175.920647
 20
322.869548
 30
0
 10
176.004148
 20
322.786246
 30
0
 10
176.107068
 20
322.786246
 30
0
  0
SPLINE
  5
2CD
100
AcDbEntity
  8
Layer_1
  6
ByLayer
 62
    7
370
   -1
100
AcDbSpline
210
0
220
0
230
0
 70
 4096
 71
    3
 72
    8
 73
    4
 74
    0
 42
1e-07
 43
1e-07
 40
0
 40
0
 40
0
 40
0
 40
1
 40
1
 40
1
 40
1
 10
176.107068
 20
322.786246
 30
0
 10
176.209987
 20
322.786246
 30
0
 10
176.293489
 20
322.869548
 30
0
 10
176.293734
 20
322.972468
 30
0
  0
SPLINE
  5
2CE
100
AcDbEntity
  8
Layer_1
  6
ByLayer
 62
    7
370
   -1
100
AcDbSpline
210
0
220
0
230
0
 70
 4096
 71
    3
 72
    8
 73
    4
 74
    0
 42
1e-07
 43
1e-07
 40
0
 40
0
 40
0
 40
0
 40
1
 40
1
 40
1
 40
1
 10
176.107068
 20
323.159134
 30
0
 10
176.003975
 20
323.159134
 30
0
 10
175.920402
 20
323.07556
 30
0
 10
175.920402
 20
322.972468
 30
0
  0
LWPOLYLINE
  5
2CF
100
AcDbEntity
  8
Layer_1
  6
ByLayer
 62
    7
370
   -1
100
AcDbPolyline
 90
    2
 70
    0
 43
0
 10
189.432166
 20
322.972471
 10
176.293768
 20
322.972471
  0
LWPOLYLINE
  5
2D0
100
AcDbEntity
  8
Layer_1
  6
ByLayer
 62
    7
370
   -1
100
AcDbPolyline
 90
    2
 70
    0
 43
0
 10
176.106972
 20
323.159134
 10
176.106972
 20
325.272359
  0
LWPOLYLINE
  5
2D1
100
AcDbEntity
  8
Layer_1
  6
ByLayer
 62
    7
370
   -1
100
AcDbPolyline
 90
    2
 70
    0
 43
0
 10
175.607175
 20
325.77242
 10
176.106972
 20
325.272359
  0
LWPOLYLINE
  5
2D2
100
AcDbEntity
  8
Layer_1
  6
ByLayer
 62
    7
370
   -1
100
AcDbPolyline
 90
    2
 70
    0
 43
0
 10
166.457101
 20
325.77242
 10
175.607175
 20
325.77242
  0
LWPOLYLINE
  5
2D3
100
AcDbEntity
  8
Layer_1
  6
ByLayer
 62
    7
370
   -1
100
AcDbPolyline
 90
    2
 70
    0
 43
0
 10
165.957039
 20
325.272359
 10
166.457101
 20
325.77242
  0
SPLINE
  5
2D4
100
AcDbEntity
  8
Layer_1
  6
ByLayer
 62
    7
370
   -1
100
AcDbSpline
210
0
220
0
230
0
 70
 4096
 71
    3
 72
    8
 73
    4
 74
    0
 42
1e-07
 43
1e-07
 40
0
 40
0
 40
0
 40
0
 40
1
 40
1
 40
1
 40
1
 10
166.143748
 20
322.972468
 30
0
 10
166.143748
 20
323.07556
 30
0
 10
166.060175
 20
323.159134
 30
0
 10
165.957082
 20
323.159134
 30
0
  0
SPLINE
  5
2D5
100
AcDbEntity
  8
Layer_1
  6
ByLayer
 62
    7
370
   -1
100
AcDbSpline
210
0
220
0
230
0
 70
 4096
 71
    3
 72
    8
 73
    4
 74
    0
 42
1e-07
 43
1e-07
 40
0
 40
0
 40
0
 40
0
 40
1
 40
1
 40
1
 40
1
 10
165.770416
 20
322.972468
 30
0
 10
165.770661
 20
322.869548
 30
0
 10
165.854162
 20
322.786246
 30
0
 10
165.957082
 20
322.786246
 30
0
  0
SPLINE
  5
2D6
100
AcDbEntity
  8
Layer_1
  6
ByLayer
 62
    7
370
   -1
100
AcDbSpline
210
0
220
0
230
0
 70
 4096
 71
    3
 72
    8
 73
    4
 74
    0
 42
1e-07
 43
1e-07
 40
0
 40
0
 40
0
 40
0
 40
1
 40
1
 40
1
 40
1
 10
165.957082
 20
322.786246
 30
0
 10
166.060001
 20
322.786246
 30
0
 10
166.143503
 20
322.869548
 30
0
 10
166.143748
 20
322.972468
 30
0
  0
LWPOLYLINE
  5
2D7
100
AcDbEntity
  8
Layer_1
  6
ByLayer
 62
    7
370
   -1
100
AcDbPolyline
 90
    2
 70
    0
 43
0
 10
165.957039
 20
323.159134
 10
165.957039
 20
325.272359
  0
SPLINE
  5
2D8
100
AcDbEntity
  8
Layer_1
  6
ByLayer
 62
    7
370
   -1
100
AcDbSpline
210
0
220
0
230
0
 70
 4096
 71
    3
 72
    8
 73
    4
 74
    0
 42
1e-07
 43
1e-07
 40
0
 40
0
 40
0
 40
0
 40
1
 40
1
 40
1
 40
1
 10
138.12045
 20
322.972468
 30
0
 10
138.120695
 20
322.869548
 30
0
 10
138.204196
 20
322.786246
 30
0
 10
138.307116
 20
322.786246
 30
0
  0
SPLINE
  5
2D9
100
AcDbEntity
  8
Layer_1
  6
ByLayer
 62
    7
370
   -1
100
AcDbSpline
210
0
220
0
230
0
 70
 4096
 71
    3
 72
    8
 73
    4
 74
    0
 42
1e-07
 43
1e-07
 40
0
 40
0
 40
0
 40
0
 40
1
 40
1
 40
1
 40
1
 10
138.307116
 20
322.786246
 30
0
 10
138.410035
 20
322.786246
 30
0
 10
138.493537
 20
322.869548
 30
0
 10
138.493782
 20
322.972468
 30
0
  0
SPLINE
  5
2DA
100
AcDbEntity
  8
Layer_1
  6
ByLayer
 62
    7
370
   -1
100
AcDbSpline
210
0
220
0
230
0
 70
 4096
 71
    3
 72
    8
 73
    4
 74
    0
 42
1e-07
 43
1e-07
 40
0
 40
0
 40
0
 40
0
 40
1
 40
1
 40
1
 40
1
 10
138.307116
 20
323.159134
 30
0
 10
138.204023
 20
323.159134
 30
0
 10
138.12045
 20
323.07556
 30
0
 10
138.12045
 20
322.972468
 30
0
  0
LWPOLYLINE
  5
2DB
100
AcDbEntity
  8
Layer_1
  6
ByLayer
 62
    7
370
   -1
100
AcDbPolyline
 90
    2
 70
    0
 43
0
 10
165.770508
 20
322.972471
 10
138.493853
 20
322.972471
  0
LWPOLYLINE
  5
2DC
100
AcDbEntity
  8
Layer_1
  6
ByLayer
 62
    7
370
   -1
100
AcDbPolyline
 90
    2
 70
    0
 43
0
 10
138.307058
 20
323.159134
 10
138.307058
 20
325.272359
  0
LWPOLYLINE
  5
2DD
100
AcDbEntity
  8
Layer_1
  6
ByLayer
 62
    7
370
   -1
100
AcDbPolyline
 90
    2
 70
    0
 43
0
 10
137.806996
 20
325.77242
 10
138.307058
 20
325.272359
  0
LWPOLYLINE
  5
2DE
100
AcDbEntity
  8
Layer_1
  6
ByLayer
 62
    7
370
   -1
100
AcDbPolyline
 90
    2
 70
    0
 43
0
 10
128.657186
 20
325.77242
 10
137.806996
 20
325.77242
  0
LWPOLYLINE
  5
2DF
100
AcDbEntity
  8
Layer_1
  6
ByLayer
 62
    7
370
   -1
100
AcDbPolyline
 90
    2
 70
    0
 43
0
 10
128.157125
 20
325.272359
 10
128.657186
 20
325.77242
  0
SPLINE
  5
2E0
100
AcDbEntity
  8
Layer_1
  6
ByLayer
 62
    7
370
   -1
100
AcDbSpline
210
0
220
0
230
0
 70
 4096
 71
    3
 72
    8
 73
    4
 74
    0
 42
1e-07
 43
1e-07
 40
0
 40
0
 40
0
 40
0
 40
1
 40
1
 40
1
 40
1
 10
128.343796
 20
322.972468
 30
0
 10
128.343796
 20
323.07556
 30
0
 10
128.260223
 20
323.159134
 30
0
 10
128.15713
 20
323.159134
 30
0
  0
SPLINE
  5
2E1
100
AcDbEntity
  8
Layer_1
  6
ByLayer
 62
    7
370
   -1
100
AcDbSpline
210
0
220
0
230
0
 70
 4096
 71
    3
 72
    8
 73
    4
 74
    0
 42
1e-07
 43
1e-07
 40
0
 40
0
 40
0
 40
0
 40
1
 40
1
 40
1
 40
1
 10
127.970461
 20
322.972468
 30
0
 10
127.970461
 20
322.905778
 30
0
 10
128.00604
 20
322.844154
 30
0
 10
128.063795
 20
322.810809
 30
0
  0
SPLINE
  5
2E2
100
AcDbEntity
  8
Layer_1
  6
ByLayer
 62
    7
370
   -1
100
AcDbSpline
210
0
220
0
230
0
 70
 4096
 71
    3
 72
    8
 73
    4
 74
    0
 42
1e-07
 43
1e-07
 40
0
 40
0
 40
0
 40
0
 40
1
 40
1
 40
1
 40
1
 10
128.063795
 20
322.810809
 30
0
 10
128.12155
 20
322.777464
 30
0
 10
128.192707
 20
322.777464
 30
0
 10
128.250462
 20
322.810809
 30
0
  0
SPLINE
  5
2E3
100
AcDbEntity
  8
Layer_1
  6
ByLayer
 62
    7
370
   -1
100
AcDbSpline
210
0
220
0
230
0
 70
 4096
 71
    3
 72
    8
 73
    4
 74
    0
 42
1e-07
 43
1e-07
 40
0
 40
0
 40
0
 40
0
 40
1
 40
1
 40
1
 40
1
 10
128.250462
 20
322.810809
 30
0
 10
128.308217
 20
322.844154
 30
0
 10
128.343796
 20
322.905778
 30
0
 10
128.343796
 20
322.972468
 30
0
  0
LWPOLYLINE
  5
2E4
100
AcDbEntity
  8
Layer_1
  6
ByLayer
 62
    7
370
   -1
100
AcDbPolyline
 90
    2
 70
    0
 43
0
 10
128.157125
 20
323.159134
 10
128.157125
 20
325.272359
  0
LWPOLYLINE
  5
2E5
100
AcDbEntity
  8
Layer_1
  6
ByLayer
 62
    7
370
   -1
100
AcDbPolyline
 90
    2
 70
    0
 43
0
 10
127.970594
 20
322.972471
 10
115.332257
 20
322.972471
  0
LWPOLYLINE
  5
2E6
100
AcDbEntity
  8
Layer_1
  6
ByLayer
 62
    7
370
   -1
100
AcDbPolyline
 90
    2
 70
    0
 43
0
 10
114.332134
 20
321.972479
 10
115.332257
 20
322.972471
  0
LWPOLYLINE
  5
2E7
100
AcDbEntity
  8
Layer_1
  6
ByLayer
 62
    7
370
   -1
100
AcDbPolyline
 90
    2
 70
    0
 43
0
 10
114.332134
 20
321.972479
 10
114.332134
 20
316.167264
  0
LWPOLYLINE
  5
2E8
100
AcDbEntity
  8
Layer_1
  6
ByLayer
 62
    7
370
   -1
100
AcDbPolyline
 90
    2
 70
    0
 43
0
 10
114.832195
 20
315.667255
 10
114.332134
 20
316.167264
  0
SPLINE
  5
2E9
100
AcDbEntity
  8
Layer_1
  6
ByLayer
 62
    7
370
   -1
100
AcDbSpline
210
0
220
0
230
0
 70
 4096
 71
    3
 72
    8
 73
    4
 74
    0
 42
1e-07
 43
1e-07
 40
0
 40
0
 40
0
 40
0
 40
1
 40
1
 40
1
 40
1
 10
117.29731
 20
315.567094
 30
0
 10
117.29731
 20
315.657766
 30
0
 10
117.236409
 20
315.737133
 30
0
 10
117.148827
 20
315.760601
 30
0
  0
SPLINE
  5
2EA
100
AcDbEntity
  8
Layer_1
  6
ByLayer
 62
    7
370
   -1
100
AcDbSpline
210
0
220
0
230
0
 70
 4096
 71
    3
 72
    8
 73
    4
 74
    0
 42
1e-07
 43
1e-07
 40
0
 40
0
 40
0
 40
0
 40
1
 40
1
 40
1
 40
1
 10
117.148827
 20
315.760601
 30
0
 10
117.061245
 20
315.784068
 30
0
 10
116.968819
 20
315.745784
 30
0
 10
116.923483
 20
315.66726
 30
0
  0
SPLINE
  5
2EB
100
AcDbEntity
  8
Layer_1
  6
ByLayer
 62
    7
370
   -1
100
AcDbSpline
210
0
220
0
230
0
 70
 4096
 71
    3
 72
    8
 73
    4
 74
    0
 42
1e-07
 43
1e-07
 40
0
 40
0
 40
0
 40
0
 40
1
 40
1
 40
1
 40
1
 10
117.197142
 20
315.3936
 30
0
 10
117.259126
 20
315.429386
 30
0
 10
117.29731
 20
315.495521
 30
0
 10
117.29731
 20
315.567094
 30
0
  0
LWPOLYLINE
  5
2EC
100
AcDbEntity
  8
Layer_1
  6
ByLayer
 62
    7
370
   -1
100
AcDbPolyline
 90
    2
 70
    0
 43
0
 10
114.832195
 20
315.667255
 10
116.92346
 20
315.667255
  0
SPLINE
  5
2ED
100
AcDbEntity
  8
Layer_1
  6
ByLayer
 62
    7
370
   -1
100
AcDbSpline
210
0
220
0
230
0
 70
 4096
 71
    3
 72
    8
 73
    4
 74
    0
 42
1e-07
 43
1e-07
 40
0
 40
0
 40
0
 40
0
 40
1
 40
1
 40
1
 40
1
 10
117.29731
 20
305.817439
 30
0
 10
117.29731
 20
305.889012
 30
0
 10
117.259126
 20
305.955147
 30
0
 10
117.197142
 20
305.990933
 30
0
  0
SPLINE
  5
2EE
100
AcDbEntity
  8
Layer_1
  6
ByLayer
 62
    7
370
   -1
100
AcDbSpline
210
0
220
0
230
0
 70
 4096
 71
    3
 72
    8
 73
    4
 74
    0
 42
1e-07
 43
1e-07
 40
0
 40
0
 40
0
 40
0
 40
1
 40
1
 40
1
 40
1
 10
116.923483
 20
305.717273
 30
0
 10
116.968819
 20
305.638748
 30
0
 10
117.061245
 20
305.600464
 30
0
 10
117.148827
 20
305.623932
 30
0
  0
SPLINE
  5
2EF
100
AcDbEntity
  8
Layer_1
  6
ByLayer
 62
    7
370
   -1
100
AcDbSpline
210
0
220
0
230
0
 70
 4096
 71
    3
 72
    8
 73
    4
 74
    0
 42
1e-07
 43
1e-07
 40
0
 40
0
 40
0
 40
0
 40
1
 40
1
 40
1
 40
1
 10
117.148827
 20
305.623932
 30
0
 10
117.23641
 20
305.6474
 30
0
 10
117.29731
 20
305.726767
 30
0
 10
117.29731
 20
305.817439
 30
0
  0
LWPOLYLINE
  5
2F0
100
AcDbEntity
  8
Layer_1
  6
ByLayer
 62
    7
370
   -1
100
AcDbPolyline
 90
    2
 70
    0
 43
0
 10
117.197038
 20
315.393597
 10
117.197038
 20
305.990925
  0
LWPOLYLINE
  5
2F1
100
AcDbEntity
  8
Layer_1
  6
ByLayer
 62
    7
370
   -1
100
AcDbPolyline
 90
    2
 70
    0
 43
0
 10
114.832195
 20
305.717267
 10
116.92346
 20
305.717267
  0
LWPOLYLINE
  5
2F2
100
AcDbEntity
  8
Layer_1
  6
ByLayer
 62
    7
370
   -1
100
AcDbPolyline
 90
    2
 70
    0
 43
0
 10
114.332134
 20
305.217285
 10
114.832195
 20
305.717267
  0
LWPOLYLINE
  5
2F3
100
AcDbEntity
  8
Layer_1
  6
ByLayer
 62
    7
370
   -1
100
AcDbPolyline
 90
    2
 70
    0
 43
0
 10
114.332134
 20
304.217267
 10
114.332134
 20
295.932371
  0
LWPOLYLINE
  5
2F4
100
AcDbEntity
  8
Layer_1
  6
ByLayer
 62
    7
370
   -1
100
AcDbPolyline
 90
    2
 70
    0
 43
0
 10
114.832195
 20
295.43237
 10
114.332134
 20
295.932371
  0
SPLINE
  5
2F5
100
AcDbEntity
  8
Layer_1
  6
ByLayer
 62
    7
370
   -1
100
AcDbSpline
210
0
220
0
230
0
 70
 4096
 71
    3
 72
    8
 73
    4
 74
    0
 42
1e-07
 43
1e-07
 40
0
 40
0
 40
0
 40
0
 40
1
 40
1
 40
1
 40
1
 10
135.903787
 20
295.432371
 30
0
 10
135.903787
 20
295.499061
 30
0
 10
135.868208
 20
295.560685
 30
0
 10
135.810453
 20
295.59403
 30
0
  0
SPLINE
  5
2F6
100
AcDbEntity
  8
Layer_1
  6
ByLayer
 62
    7
370
   -1
100
AcDbSpline
210
0
220
0
230
0
 70
 4096
 71
    3
 72
    8
 73
    4
 74
    0
 42
1e-07
 43
1e-07
 40
0
 40
0
 40
0
 40
0
 40
1
 40
1
 40
1
 40
1
 10
135.810453
 20
295.59403
 30
0
 10
135.752698
 20
295.627375
 30
0
 10
135.681541
 20
295.627375
 30
0
 10
135.623786
 20
295.59403
 30
0
  0
SPLINE
  5
2F7
100
AcDbEntity
  8
Layer_1
  6
ByLayer
 62
    7
370
   -1
100
AcDbSpline
210
0
220
0
230
0
 70
 4096
 71
    3
 72
    8
 73
    4
 74
    0
 42
1e-07
 43
1e-07
 40
0
 40
0
 40
0
 40
0
 40
1
 40
1
 40
1
 40
1
 10
135.623786
 20
295.59403
 30
0
 10
135.566031
 20
295.560685
 30
0
 10
135.530452
 20
295.499061
 30
0
 10
135.530452
 20
295.432371
 30
0
  0
SPLINE
  5
2F8
100
AcDbEntity
  8
Layer_1
  6
ByLayer
 62
    7
370
   -1
100
AcDbSpline
210
0
220
0
230
0
 70
 4096
 71
    3
 72
    8
 73
    4
 74
    0
 42
1e-07
 43
1e-07
 40
0
 40
0
 40
0
 40
0
 40
1
 40
1
 40
1
 40
1
 10
135.717118
 20
295.245705
 30
0
 10
135.766625
 20
295.245704
 30
0
 10
135.814105
 20
295.26537
 30
0
 10
135.849113
 20
295.300377
 30
0
  0
SPLINE
  5
2F9
100
AcDbEntity
  8
Layer_1
  6
ByLayer
 62
    7
370
   -1
100
AcDbSpline
210
0
220
0
230
0
 70
 4096
 71
    3
 72
    8
 73
    4
 74
    0
 42
1e-07
 43
1e-07
 40
0
 40
0
 40
0
 40
0
 40
1
 40
1
 40
1
 40
1
 10
135.849113
 20
295.300377
 30
0
 10
135.88412
 20
295.335384
 30
0
 10
135.903787
 20
295.382864
 30
0
 10
135.903787
 20
295.432371
 30
0
  0
LWPOLYLINE
  5
2FA
100
AcDbEntity
  8
Layer_1
  6
ByLayer
 62
    7
370
   -1
100
AcDbPolyline
 90
    2
 70
    0
 43
0
 10
114.832195
 20
295.43237
 10
135.530524
 20
295.43237
  0
LWPOLYLINE
  5
2FB
100
AcDbEntity
  8
Layer_1
  6
ByLayer
 62
    7
370
   -1
100
AcDbPolyline
 90
    2
 70
    0
 43
0
 10
135.717055
 20
295.245704
 10
135.717055
 20
293.132377
  0
LWPOLYLINE
  5
2FC
100
AcDbEntity
  8
Layer_1
  6
ByLayer
 62
    7
370
   -1
100
AcDbPolyline
 90
    2
 70
    0
 43
0
 10
136.217116
 20
292.632368
 10
135.717055
 20
293.132377
  0
LWPOLYLINE
  5
2FD
100
AcDbEntity
  8
Layer_1
  6
ByLayer
 62
    7
370
   -1
100
AcDbPolyline
 90
    2
 70
    0
 43
0
 10
145.36719
 20
292.632368
 10
136.217116
 20
292.632368
  0
LWPOLYLINE
  5
2FE
100
AcDbEntity
  8
Layer_1
  6
ByLayer
 62
    7
370
   -1
100
AcDbPolyline
 90
    2
 70
    0
 43
0
 10
145.866988
 20
293.132377
 10
145.36719
 20
292.632368
  0
SPLINE
  5
2FF
100
AcDbEntity
  8
Layer_1
  6
ByLayer
 62
    7
370
   -1
100
AcDbSpline
210
0
220
0
230
0
 70
 4096
 71
    3
 72
    8
 73
    4
 74
    0
 42
1e-07
 43
1e-07
 40
0
 40
0
 40
0
 40
0
 40
1
 40
1
 40
1
 40
1
 10
145.680441
 20
295.432371
 30
0
 10
145.680441
 20
295.329278
 30
0
 10
145.764014
 20
295.245705
 30
0
 10
145.867107
 20
295.245705
 30
0
  0
SPLINE
  5
300
100
AcDbEntity
  8
Layer_1
  6
ByLayer
 62
    7
370
   -1
100
AcDbSpline
210
0
220
0
230
0
 70
 4096
 71
    3
 72
    8
 73
    4
 74
    0
 42
1e-07
 43
1e-07
 40
0
 40
0
 40
0
 40
0
 40
1
 40
1
 40
1
 40
1
 10
146.053773
 20
295.432371
 30
0
 10
146.053528
 20
295.53529
 30
0
 10
145.970026
 20
295.618593
 30
0
 10
145.867107
 20
295.618593
 30
0
  0
SPLINE
  5
301
100
AcDbEntity
  8
Layer_1
  6
ByLayer
 62
    7
370
   -1
100
AcDbSpline
210
0
220
0
230
0
 70
 4096
 71
    3
 72
    8
 73
    4
 74
    0
 42
1e-07
 43
1e-07
 40
0
 40
0
 40
0
 40
0
 40
1
 40
1
 40
1
 40
1
 10
145.867107
 20
295.618593
 30
0
 10
145.764187
 20
295.618593
 30
0
 10
145.680686
 20
295.53529
 30
0
 10
145.680441
 20
295.432371
 30
0
  0
LWPOLYLINE
  5
302
100
AcDbEntity
  8
Layer_1
  6
ByLayer
 62
    7
370
   -1
100
AcDbPolyline
 90
    2
 70
    0
 43
0
 10
145.866988
 20
295.245704
 10
145.866988
 20
293.132377
  0
SPLINE
  5
303
100
AcDbEntity
  8
Layer_1
  6
ByLayer
 62
    7
370
   -1
100
AcDbSpline
210
0
220
0
230
0
 70
 4096
 71
    3
 72
    8
 73
    4
 74
    0
 42
1e-07
 43
1e-07
 40
0
 40
0
 40
0
 40
0
 40
1
 40
1
 40
1
 40
1
 10
158.583757
 20
295.432371
 30
0
 10
158.583512
 20
295.53529
 30
0
 10
158.50001
 20
295.618593
 30
0
 10
158.397091
 20
295.618593
 30
0
  0
SPLINE
  5
304
100
AcDbEntity
  8
Layer_1
  6
ByLayer
 62
    7
370
   -1
100
AcDbSpline
210
0
220
0
230
0
 70
 4096
 71
    3
 72
    8
 73
    4
 74
    0
 42
1e-07
 43
1e-07
 40
0
 40
0
 40
0
 40
0
 40
1
 40
1
 40
1
 40
1
 10
158.397091
 20
295.618593
 30
0
 10
158.294171
 20
295.618593
 30
0
 10
158.21067
 20
295.53529
 30
0
 10
158.210425
 20
295.432371
 30
0
  0
SPLINE
  5
305
100
AcDbEntity
  8
Layer_1
  6
ByLayer
 62
    7
370
   -1
100
AcDbSpline
210
0
220
0
230
0
 70
 4096
 71
    3
 72
    8
 73
    4
 74
    0
 42
1e-07
 43
1e-07
 40
0
 40
0
 40
0
 40
0
 40
1
 40
1
 40
1
 40
1
 10
158.397091
 20
295.245705
 30
0
 10
158.500184
 20
295.245705
 30
0
 10
158.583757
 20
295.329278
 30
0
 10
158.583757
 20
295.432371
 30
0
  0
LWPOLYLINE
  5
306
100
AcDbEntity
  8
Layer_1
  6
ByLayer
 62
    7
370
   -1
100
AcDbPolyline
 90
    2
 70
    0
 43
0
 10
146.053783
 20
295.43237
 10
158.210314
 20
295.43237
  0
LWPOLYLINE
  5
307
100
AcDbEntity
  8
Layer_1
  6
ByLayer
 62
    7
370
   -1
100
AcDbPolyline
 90
    2
 70
    0
 43
0
 10
158.397109
 20
295.245704
 10
158.397109
 20
293.132377
  0
LWPOLYLINE
  5
308
100
AcDbEntity
  8
Layer_1
  6
ByLayer
 62
    7
370
   -1
100
AcDbPolyline
 90
    2
 70
    0
 43
0
 10
158.897171
 20
292.632368
 10
158.397109
 20
293.132377
  0
LWPOLYLINE
  5
309
100
AcDbEntity
  8
Layer_1
  6
ByLayer
 62
    7
370
   -1
100
AcDbPolyline
 90
    2
 70
    0
 43
0
 10
168.046981
 20
292.632368
 10
158.897171
 20
292.632368
  0
LWPOLYLINE
  5
30A
100
AcDbEntity
  8
Layer_1
  6
ByLayer
 62
    7
370
   -1
100
AcDbPolyline
 90
    2
 70
    0
 43
0
 10
168.547042
 20
293.132377
 10
168.046981
 20
292.632368
  0
SPLINE
  5
30B
100
AcDbEntity
  8
Layer_1
  6
ByLayer
 62
    7
370
   -1
100
AcDbSpline
210
0
220
0
230
0
 70
 4096
 71
    3
 72
    8
 73
    4
 74
    0
 42
1e-07
 43
1e-07
 40
0
 40
0
 40
0
 40
0
 40
1
 40
1
 40
1
 40
1
 10
168.360411
 20
295.432371
 30
0
 10
168.360411
 20
295.329278
 30
0
 10
168.443984
 20
295.245705
 30
0
 10
168.547077
 20
295.245705
 30
0
  0
SPLINE
  5
30C
100
AcDbEntity
  8
Layer_1
  6
ByLayer
 62
    7
370
   -1
100
AcDbSpline
210
0
220
0
230
0
 70
 4096
 71
    3
 72
    8
 73
    4
 74
    0
 42
1e-07
 43
1e-07
 40
0
 40
0
 40
0
 40
0
 40
1
 40
1
 40
1
 40
1
 10
168.733745
 20
295.432371
 30
0
 10
168.733745
 20
295.499061
 30
0
 10
168.698167
 20
295.560685
 30
0
 10
168.640412
 20
295.59403
 30
0
  0
SPLINE
  5
30D
100
AcDbEntity
  8
Layer_1
  6
ByLayer
 62
    7
370
   -1
100
AcDbSpline
210
0
220
0
230
0
 70
 4096
 71
    3
 72
    8
 73
    4
 74
    0
 42
1e-07
 43
1e-07
 40
0
 40
0
 40
0
 40
0
 40
1
 40
1
 40
1
 40
1
 10
168.640412
 20
295.59403
 30
0
 10
168.582657
 20
295.627375
 30
0
 10
168.5115
 20
295.627375
 30
0
 10
168.453744
 20
295.59403
 30
0
  0
SPLINE
  5
30E
100
AcDbEntity
  8
Layer_1
  6
ByLayer
 62
    7
370
   -1
100
AcDbSpline
210
0
220
0
230
0
 70
 4096
 71
    3
 72
    8
 73
    4
 74
    0
 42
1e-07
 43
1e-07
 40
0
 40
0
 40
0
 40
0
 40
1
 40
1
 40
1
 40
1
 10
168.453744
 20
295.59403
 30
0
 10
168.395989
 20
295.560685
 30
0
 10
168.360411
 20
295.499061
 30
0
 10
168.360411
 20
295.432371
 30
0
  0
LWPOLYLINE
  5
30F
100
AcDbEntity
  8
Layer_1
  6
ByLayer
 62
    7
370
   -1
100
AcDbPolyline
 90
    2
 70
    0
 43
0
 10
168.547042
 20
295.245704
 10
168.547042
 20
293.132377
  0
LWPOLYLINE
  5
310
100
AcDbEntity
  8
Layer_1
  6
ByLayer
 62
    7
370
   -1
100
AcDbPolyline
 90
    2
 70
    0
 43
0
 10
168.733838
 20
295.43237
 10
189.432166
 20
295.43237
  0
LWPOLYLINE
  5
311
100
AcDbEntity
  8
Layer_1
  6
ByLayer
 62
    7
370
   -1
100
AcDbPolyline
 90
    2
 70
    0
 43
0
 10
189.931963
 20
295.932371
 10
189.432166
 20
295.43237
  0
SPLINE
  5
312
100
AcDbEntity
  8
Layer_1
  6
ByLayer
 62
    7
370
   -1
100
AcDbSpline
210
0
220
0
230
0
 70
 4096
 71
    3
 72
    8
 73
    4
 74
    0
 42
1e-07
 43
1e-07
 40
0
 40
0
 40
0
 40
0
 40
1
 40
1
 40
1
 40
1
 10
159.617099
 20
312.166346
 30
0
 10
159.615543
 20
316.307376
 30
0
 10
156.258139
 20
319.66352
 30
0
 10
152.117109
 20
319.66352
 30
0
  0
SPLINE
  5
313
100
AcDbEntity
  8
Layer_1
  6
ByLayer
 62
    7
370
   -1
100
AcDbSpline
210
0
220
0
230
0
 70
 4096
 71
    3
 72
    8
 73
    4
 74
    0
 42
1e-07
 43
1e-07
 40
0
 40
0
 40
0
 40
0
 40
1
 40
1
 40
1
 40
1
 10
152.117109
 20
319.66352
 30
0
 10
147.976079
 20
319.66352
 30
0
 10
144.618674
 20
316.307376
 30
0
 10
144.617119
 20
312.166346
 30
0
  0
SPLINE
  5
314
100
AcDbEntity
  8
Layer_1
  6
ByLayer
 62
    7
370
   -1
100
AcDbSpline
210
0
220
0
230
0
 70
 4096
 71
    3
 72
    8
 73
    4
 74
    0
 42
1e-07
 43
1e-07
 40
0
 40
0
 40
0
 40
0
 40
1
 40
1
 40
1
 40
1
 10
144.617119
 20
312.166346
 30
0
 10
144.618674
 20
308.025316
 30
0
 10
147.976079
 20
304.669173
 30
0
 10
152.117109
 20
304.669173
 30
0
  0
SPLINE
  5
315
100
AcDbEntity
  8
Layer_1
  6
ByLayer
 62
    7
370
   -1
100
AcDbSpline
210
0
220
0
230
0
 70
 4096
 71
    3
 72
    8
 73
    4
 74
    0
 42
1e-07
 43
1e-07
 40
0
 40
0
 40
0
 40
0
 40
1
 40
1
 40
1
 40
1
 10
152.117109
 20
304.669173
 30
0
 10
156.258139
 20
304.669173
 30
0
 10
159.615543
 20
308.025316
 30
0
 10
159.617099
 20
312.166346
 30
0
  0
LWPOLYLINE
  5
316
100
AcDbEntity
  8
Layer_1
  6
ByLayer
 62
    7
370
   -1
100
AcDbPolyline
 90
    2
 70
    0
 43
0
 10
189.931963
 20
295.932371
 10
189.931963
 20
304.217267
  0
SPLINE
  5
317
100
AcDbEntity
  8
Layer_1
  6
ByLayer
 62
    7
370
   -1
100
AcDbSpline
210
0
220
0
230
0
 70
 4096
 71
    3
 72
    8
 73
    4
 74
    0
 42
1e-07
 43
1e-07
 40
0
 40
0
 40
0
 40
0
 40
1
 40
1
 40
1
 40
1
 10
160.508685
 20
305.093557
 30
0
 10
159.550959
 20
302.591908
 30
0
 10
160.367525
 20
299.758462
 30
0
 10
162.50969
 20
298.150166
 30
0
  0
SPLINE
  5
318
100
AcDbEntity
  8
Layer_1
  6
ByLayer
 62
    7
370
   -1
100
AcDbSpline
210
0
220
0
230
0
 70
 4096
 71
    3
 72
    8
 73
    4
 74
    0
 42
1e-07
 43
1e-07
 40
0
 40
0
 40
0
 40
0
 40
1
 40
1
 40
1
 40
1
 10
162.50969
 20
298.150166
 30
0
 10
164.651856
 20
296.541871
 30
0
 10
167.600611
 20
296.548388
 30
0
 10
169.735646
 20
298.166136
 30
0
  0
SPLINE
  5
319
100
AcDbEntity
  8
Layer_1
  6
ByLayer
 62
    7
370
   -1
100
AcDbSpline
210
0
220
0
230
0
 70
 4096
 71
    3
 72
    8
 73
    4
 74
    0
 42
1e-07
 43
1e-07
 40
0
 40
0
 40
0
 40
0
 40
1
 40
1
 40
1
 40
1
 10
169.735646
 20
298.166136
 30
0
 10
171.870682
 20
299.783885
 30
0
 10
172.674716
 20
302.620912
 30
0
 10
171.705941
 20
305.118303
 30
0
  0
LWPOLYLINE
  5
31A
100
AcDbEntity
  8
Layer_1
  6
ByLayer
 62
    7
370
   -1
100
AcDbPolyline
 90
    2
 70
    0
 43
0
 10
171.696638
 20
305.14209
 10
169.339733
 20
311.142039
  0
SPLINE
  5
31B
100
AcDbEntity
  8
Layer_1
  6
ByLayer
 62
    7
370
   -1
100
AcDbSpline
210
0
220
0
230
0
 70
 4096
 71
    3
 72
    8
 73
    4
 74
    0
 42
1e-07
 43
1e-07
 40
0
 40
0
 40
0
 40
0
 40
1
 40
1
 40
1
 40
1
 10
169.339746
 20
311.142035
 30
0
 10
168.811555
 20
312.486644
 30
0
 10
167.511512
 20
313.368584
 30
0
 10
166.066895
 20
313.362315
 30
0
  0
SPLINE
  5
31C
100
AcDbEntity
  8
Layer_1
  6
ByLayer
 62
    7
370
   -1
100
AcDbSpline
210
0
220
0
230
0
 70
 4096
 71
    3
 72
    8
 73
    4
 74
    0
 42
1e-07
 43
1e-07
 40
0
 40
0
 40
0
 40
0
 40
1
 40
1
 40
1
 40
1
 10
166.066895
 20
313.362315
 30
0
 10
164.622277
 20
313.356047
 30
0
 10
163.329937
 20
312.462859
 30
0
 10
162.813434
 20
311.113717
 30
0
  0
SPLINE
  5
31D
100
AcDbEntity
  8
Layer_1
  6
ByLayer
 62
    7
370
   -1
100
AcDbSpline
210
0
220
0
230
0
 70
 4096
 71
    3
 72
    8
 73
    4
 74
    0
 42
1e-07
 43
1e-07
 40
0
 40
0
 40
0
 40
0
 40
1
 40
1
 40
1
 40
1
 10
184.172058
 20
305.682358
 30
0
 10
184.170502
 20
308.442678
 30
0
 10
181.932385
 20
310.679535
 30
0
 10
179.172065
 20
310.679535
 30
0
  0
SPLINE
  5
31E
100
AcDbEntity
  8
Layer_1
  6
ByLayer
 62
    7
370
   -1
100
AcDbSpline
210
0
220
0
230
0
 70
 4096
 71
    3
 72
    8
 73
    4
 74
    0
 42
1e-07
 43
1e-07
 40
0
 40
0
 40
0
 40
0
 40
1
 40
1
 40
1
 40
1
 10
179.172065
 20
310.679535
 30
0
 10
176.411745
 20
310.679535
 30
0
 10
174.173627
 20
308.442678
 30
0
 10
174.172072
 20
305.682358
 30
0
  0
SPLINE
  5
31F
100
AcDbEntity
  8
Layer_1
  6
ByLayer
 62
    7
370
   -1
100
AcDbSpline
210
0
220
0
230
0
 70
 4096
 71
    3
 72
    8
 73
    4
 74
    0
 42
1e-07
 43
1e-07
 40
0
 40
0
 40
0
 40
0
 40
1
 40
1
 40
1
 40
1
 10
174.172072
 20
305.682358
 30
0
 10
174.173627
 20
302.922039
 30
0
 10
176.411745
 20
300.685182
 30
0
 10
179.172065
 20
300.685182
 30
0
  0
SPLINE
  5
320
100
AcDbEntity
  8
Layer_1
  6
ByLayer
 62
    7
370
   -1
100
AcDbSpline
210
0
220
0
230
0
 70
 4096
 71
    3
 72
    8
 73
    4
 74
    0
 42
1e-07
 43
1e-07
 40
0
 40
0
 40
0
 40
0
 40
1
 40
1
 40
1
 40
1
 10
179.172065
 20
300.685182
 30
0
 10
181.932385
 20
300.685182
 30
0
 10
184.170502
 20
302.922039
 30
0
 10
184.172058
 20
305.682358
 30
0
  0
LWPOLYLINE
  5
321
100
AcDbEntity
  8
Layer_1
  6
ByLayer
 62
    7
370
   -1
100
AcDbPolyline
 90
    2
 70
    0
 43
0
 10
162.813529
 20
311.113728
 10
160.508746
 20
305.093566
  0
SPLINE
  5
322
100
AcDbEntity
  8
Layer_1
  6
ByLayer
 62
    7
370
   -1
100
AcDbSpline
210
0
220
0
230
0
 70
 4096
 71
    3
 72
    8
 73
    4
 74
    0
 42
1e-07
 43
1e-07
 40
0
 40
0
 40
0
 40
0
 40
1
 40
1
 40
1
 40
1
 10
130.092126
 20
305.582358
 30
0
 10
130.09057
 20
308.342678
 30
0
 10
127.852453
 20
310.579535
 30
0
 10
125.092133
 20
310.579535
 30
0
  0
SPLINE
  5
323
100
AcDbEntity
  8
Layer_1
  6
ByLayer
 62
    7
370
   -1
100
AcDbSpline
210
0
220
0
230
0
 70
 4096
 71
    3
 72
    8
 73
    4
 74
    0
 42
1e-07
 43
1e-07
 40
0
 40
0
 40
0
 40
0
 40
1
 40
1
 40
1
 40
1
 10
125.092133
 20
310.579535
 30
0
 10
122.331813
 20
310.579535
 30
0
 10
120.093695
 20
308.342678
 30
0
 10
120.09214
 20
305.582358
 30
0
  0
SPLINE
  5
324
100
AcDbEntity
  8
Layer_1
  6
ByLayer
 62
    7
370
   -1
100
AcDbSpline
210
0
220
0
230
0
 70
 4096
 71
    3
 72
    8
 73
    4
 74
    0
 42
1e-07
 43
1e-07
 40
0
 40
0
 40
0
 40
0
 40
1
 40
1
 40
1
 40
1
 10
120.09214
 20
305.582358
 30
0
 10
120.093695
 20
302.822039
 30
0
 10
122.331813
 20
300.585182
 30
0
 10
125.092133
 20
300.585182
 30
0
  0
SPLINE
  5
325
100
AcDbEntity
  8
Layer_1
  6
ByLayer
 62
    7
370
   -1
100
AcDbSpline
210
0
220
0
230
0
 70
 4096
 71
    3
 72
    8
 73
    4
 74
    0
 42
1e-07
 43
1e-07
 40
0
 40
0
 40
0
 40
0
 40
1
 40
1
 40
1
 40
1
 10
125.092133
 20
300.585182
 30
0
 10
127.852453
 20
300.585182
 30
0
 10
130.09057
 20
302.822039
 30
0
 10
130.092126
 20
305.582358
 30
0
  0
SPLINE
  5
326
100
AcDbEntity
  8
Layer_1
  6
ByLayer
 62
    7
370
   -1
100
AcDbSpline
210
0
220
0
230
0
 70
 4096
 71
    3
 72
    8
 73
    4
 74
    0
 42
1e-07
 43
1e-07
 40
0
 40
0
 40
0
 40
0
 40
1
 40
1
 40
1
 40
1
 10
138.114116
 20
307.594356
 30
0
 10
138.112911
 20
309.250355
 30
0
 10
136.77012
 20
310.59217
 30
0
 10
135.11412
 20
310.59217
 30
0
  0
SPLINE
  5
327
100
AcDbEntity
  8
Layer_1
  6
ByLayer
 62
    7
370
   -1
100
AcDbSpline
210
0
220
0
230
0
 70
 4096
 71
    3
 72
    8
 73
    4
 74
    0
 42
1e-07
 43
1e-07
 40
0
 40
0
 40
0
 40
0
 40
1
 40
1
 40
1
 40
1
 10
135.11412
 20
310.59217
 30
0
 10
133.45812
 20
310.59217
 30
0
 10
132.115329
 20
309.250355
 30
0
 10
132.114125
 20
307.594356
 30
0
  0
SPLINE
  5
328
100
AcDbEntity
  8
Layer_1
  6
ByLayer
 62
    7
370
   -1
100
AcDbSpline
210
0
220
0
230
0
 70
 4096
 71
    3
 72
    8
 73
    4
 74
    0
 42
1e-07
 43
1e-07
 40
0
 40
0
 40
0
 40
0
 40
1
 40
1
 40
1
 40
1
 10
132.114125
 20
307.594356
 30
0
 10
132.115329
 20
305.938356
 30
0
 10
133.45812
 20
304.596542
 30
0
 10
135.11412
 20
304.596542
 30
0
  0
SPLINE
  5
329
100
AcDbEntity
  8
Layer_1
  6
ByLayer
 62
    7
370
   -1
100
AcDbSpline
210
0
220
0
230
0
 70
 4096
 71
    3
 72
    8
 73
    4
 74
    0
 42
1e-07
 43
1e-07
 40
0
 40
0
 40
0
 40
0
 40
1
 40
1
 40
1
 40
1
 10
135.11412
 20
304.596542
 30
0
 10
136.77012
 20
304.596542
 30
0
 10
138.112911
 20
305.938356
 30
0
 10
138.114116
 20
307.594356
 30
0
  0
SPLINE
  5
32A
100
AcDbEntity
  8
Layer_1
  6
ByLayer
 62
    7
370
   -1
100
AcDbSpline
210
0
220
0
230
0
 70
 4096
 71
    3
 72
    8
 73
    4
 74
    0
 42
1e-07
 43
1e-07
 40
0
 40
0
 40
0
 40
0
 40
1
 40
1
 40
1
 40
1
 10
139.202115
 20
305.582358
 30
0
 10
139.202607
 20
304.75428
 30
0
 10
139.874035
 20
304.083251
 30
0
 10
140.702113
 20
304.083251
 30
0
  0
SPLINE
  5
32B
100
AcDbEntity
  8
Layer_1
  6
ByLayer
 62
    7
370
   -1
100
AcDbSpline
210
0
220
0
230
0
 70
 4096
 71
    3
 72
    8
 73
    4
 74
    0
 42
1e-07
 43
1e-07
 40
0
 40
0
 40
0
 40
0
 40
1
 40
1
 40
1
 40
1
 10
140.702113
 20
304.083251
 30
0
 10
141.530191
 20
304.083251
 30
0
 10
142.201619
 20
304.75428
 30
0
 10
142.202111
 20
305.582358
 30
0
  0
SPLINE
  5
32C
100
AcDbEntity
  8
Layer_1
  6
ByLayer
 62
    7
370
   -1
100
AcDbSpline
210
0
220
0
230
0
 70
 4096
 71
    3
 72
    8
 73
    4
 74
    0
 42
1e-07
 43
1e-07
 40
0
 40
0
 40
0
 40
0
 40
1
 40
1
 40
1
 40
1
 10
142.202111
 20
308.082355
 30
0
 10
142.201619
 20
308.910433
 30
0
 10
141.530191
 20
309.581462
 30
0
 10
140.702113
 20
309.581462
 30
0
  0
SPLINE
  5
32D
100
AcDbEntity
  8
Layer_1
  6
ByLayer
 62
    7
370
   -1
100
AcDbSpline
210
0
220
0
230
0
 70
 4096
 71
    3
 72
    8
 73
    4
 74
    0
 42
1e-07
 43
1e-07
 40
0
 40
0
 40
0
 40
0
 40
1
 40
1
 40
1
 40
1
 10
140.702113
 20
309.581462
 30
0
 10
139.874035
 20
309.581462
 30
0
 10
139.202607
 20
308.910433
 30
0
 10
139.202115
 20
308.082355
 30
0
  0
LWPOLYLINE
  5
32E
100
AcDbEntity
  8
Layer_1
  6
ByLayer
 62
    7
370
   -1
100
AcDbPolyline
 90
    2
 70
    0
 43
0
 10
142.201984
 20
305.582356
 10
142.201984
 20
308.082348
  0
LWPOLYLINE
  5
32F
100
AcDbEntity
  8
Layer_1
  6
ByLayer
 62
    7
370
   -1
100
AcDbPolyline
 90
    2
 70
    0
 43
0
 10
139.202142
 20
305.582356
 10
139.202142
 20
308.082348
  0
LWPOLYLINE
  5
330
100
AcDbEntity
  8
Layer_1
  6
ByLayer
 62
    7
370
   -1
100
AcDbPolyline
 90
    2
 70
    0
 43
0
 10
188.832092
 20
159.93259
 10
188.832092
 20
158.332656
  0
LWPOLYLINE
  5
331
100
AcDbEntity
  8
Layer_1
  6
ByLayer
 62
    7
370
   -1
100
AcDbPolyline
 90
    2
 70
    0
 43
0
 10
188.832092
 20
124.132658
 10
188.832092
 20
125.732591
  0
LWPOLYLINE
  5
332
100
AcDbEntity
  8
Layer_1
  6
ByLayer
 62
    7
370
   -1
100
AcDbPolyline
 90
    2
 70
    0
 43
0
 10
151.531974
 20
121.732625
 10
156.897188
 20
121.732625
  0
LWPOLYLINE
  5
333
100
AcDbEntity
  8
Layer_1
  6
ByLayer
 62
    7
370
   -1
100
AcDbPolyline
 90
    2
 70
    0
 43
0
 10
157.396986
 20
122.232687
 10
156.897188
 20
121.732625
  0
SPLINE
  5
334
100
AcDbEntity
  8
Layer_1
  6
ByLayer
 62
    7
370
   -1
100
AcDbSpline
210
0
220
0
230
0
 70
 4096
 71
    3
 72
    8
 73
    4
 74
    0
 42
1e-07
 43
1e-07
 40
0
 40
0
 40
0
 40
0
 40
1
 40
1
 40
1
 40
1
 10
157.497257
 20
124.697752
 30
0
 10
157.406587
 20
124.697749
 30
0
 10
157.327222
 20
124.636849
 30
0
 10
157.303755
 20
124.549269
 30
0
  0
SPLINE
  5
335
100
AcDbEntity
  8
Layer_1
  6
ByLayer
 62
    7
370
   -1
100
AcDbSpline
210
0
220
0
230
0
 70
 4096
 71
    3
 72
    8
 73
    4
 74
    0
 42
1e-07
 43
1e-07
 40
0
 40
0
 40
0
 40
0
 40
1
 40
1
 40
1
 40
1
 10
157.303755
 20
124.549269
 30
0
 10
157.280288
 20
124.461688
 30
0
 10
157.31857
 20
124.369264
 30
0
 10
157.397091
 20
124.323927
 30
0
  0
SPLINE
  5
336
100
AcDbEntity
  8
Layer_1
  6
ByLayer
 62
    7
370
   -1
100
AcDbSpline
210
0
220
0
230
0
 70
 4096
 71
    3
 72
    8
 73
    4
 74
    0
 42
1e-07
 43
1e-07
 40
0
 40
0
 40
0
 40
0
 40
1
 40
1
 40
1
 40
1
 10
157.670752
 20
124.597586
 30
0
 10
157.634966
 20
124.659569
 30
0
 10
157.56883
 20
124.697752
 30
0
 10
157.497257
 20
124.697752
 30
0
  0
LWPOLYLINE
  5
337
100
AcDbEntity
  8
Layer_1
  6
ByLayer
 62
    7
370
   -1
100
AcDbPolyline
 90
    2
 70
    0
 43
0
 10
157.396986
 20
122.232687
 10
157.396986
 20
124.323951
  0
SPLINE
  5
338
100
AcDbEntity
  8
Layer_1
  6
ByLayer
 62
    7
370
   -1
100
AcDbSpline
210
0
220
0
230
0
 70
 4096
 71
    3
 72
    8
 73
    4
 74
    0
 42
1e-07
 43
1e-07
 40
0
 40
0
 40
0
 40
0
 40
1
 40
1
 40
1
 40
1
 10
167.246913
 20
124.697752
 30
0
 10
167.175341
 20
124.697752
 30
0
 10
167.109205
 20
124.659569
 30
0
 10
167.073418
 20
124.597586
 30
0
  0
SPLINE
  5
339
100
AcDbEntity
  8
Layer_1
  6
ByLayer
 62
    7
370
   -1
100
AcDbSpline
210
0
220
0
230
0
 70
 4096
 71
    3
 72
    8
 73
    4
 74
    0
 42
1e-07
 43
1e-07
 40
0
 40
0
 40
0
 40
0
 40
1
 40
1
 40
1
 40
1
 10
167.347079
 20
124.323927
 30
0
 10
167.425601
 20
124.369264
 30
0
 10
167.463882
 20
124.461688
 30
0
 10
167.440415
 20
124.549269
 30
0
  0
SPLINE
  5
33A
100
AcDbEntity
  8
Layer_1
  6
ByLayer
 62
    7
370
   -1
100
AcDbSpline
210
0
220
0
230
0
 70
 4096
 71
    3
 72
    8
 73
    4
 74
    0
 42
1e-07
 43
1e-07
 40
0
 40
0
 40
0
 40
0
 40
1
 40
1
 40
1
 40
1
 10
167.440415
 20
124.549269
 30
0
 10
167.416948
 20
124.636849
 30
0
 10
167.337583
 20
124.697749
 30
0
 10
167.246913
 20
124.697752
 30
0
  0
LWPOLYLINE
  5
33B
100
AcDbEntity
  8
Layer_1
  6
ByLayer
 62
    7
370
   -1
100
AcDbPolyline
 90
    2
 70
    0
 43
0
 10
167.073315
 20
124.59753
 10
157.670829
 20
124.59753
  0
LWPOLYLINE
  5
33C
100
AcDbEntity
  8
Layer_1
  6
ByLayer
 62
    7
370
   -1
100
AcDbPolyline
 90
    2
 70
    0
 43
0
 10
167.347159
 20
122.232687
 10
167.347159
 20
124.323951
  0
LWPOLYLINE
  5
33D
100
AcDbEntity
  8
Layer_1
  6
ByLayer
 62
    7
370
   -1
100
AcDbPolyline
 90
    2
 70
    0
 43
0
 10
167.846956
 20
121.732625
 10
167.347159
 20
122.232687
  0
SPLINE
  5
33E
100
AcDbEntity
  8
Layer_1
  6
ByLayer
 62
    7
370
   -1
100
AcDbSpline
210
0
220
0
230
0
 70
 4096
 71
    3
 72
    8
 73
    4
 74
    0
 42
1e-07
 43
1e-07
 40
0
 40
0
 40
0
 40
0
 40
1
 40
1
 40
1
 40
1
 10
176.618832
 20
121.71896
 30
0
 10
176.585067
 20
121.728006
 30
0
 10
176.550262
 20
121.732587
 30
0
 10
176.515306
 20
121.732586
 30
0
  0
LWPOLYLINE
  5
33F
100
AcDbEntity
  8
Layer_1
  6
ByLayer
 62
    7
370
   -1
100
AcDbPolyline
 90
    2
 70
    0
 43
0
 10
167.846956
 20
121.732625
 10
176.515224
 20
121.732625
  0
LWPOLYLINE
  5
340
100
AcDbEntity
  8
Layer_1
  6
ByLayer
 62
    7
370
   -1
100
AcDbPolyline
 90
    4
 70
    0
 43
0
 10
176.618941
 20
121.718867
 10
184.032027
 20
119.732642
 10
184.032027
 20
121.732625
 10
186.832109
 20
121.732625
  0
LWPOLYLINE
  5
341
100
AcDbEntity
  8
Layer_1
  6
ByLayer
 62
    7
370
   -1
100
AcDbPolyline
 90
    2
 70
    0
 43
0
 10
186.832109
 20
120.732502
 10
186.832109
 20
121.732625
  0
SPLINE
  5
342
100
AcDbEntity
  8
Layer_1
  6
ByLayer
 62
    7
370
   -1
100
AcDbSpline
210
0
220
0
230
0
 70
 4096
 71
    3
 72
    8
 73
    4
 74
    0
 42
1e-07
 43
1e-07
 40
0
 40
0
 40
0
 40
0
 40
1
 40
1
 40
1
 40
1
 10
188.610938
 20
121.622032
 30
0
 10
188.746452
 20
121.689789
 30
0
 10
188.832053
 20
121.828295
 30
0
 10
188.832052
 20
121.979804
 30
0
  0
LWPOLYLINE
  5
343
100
AcDbEntity
  8
Layer_1
  6
ByLayer
 62
    7
370
   -1
100
AcDbPolyline
 90
    2
 70
    0
 43
0
 10
188.6109
 20
121.62203
 10
186.832109
 20
120.732502
  0
SPLINE
  5
344
100
AcDbEntity
  8
Layer_1
  6
ByLayer
 62
    7
370
   -1
100
AcDbSpline
210
0
220
0
230
0
 70
 4096
 71
    3
 72
    8
 73
    4
 74
    0
 42
1e-07
 43
1e-07
 40
0
 40
0
 40
0
 40
0
 40
1
 40
1
 40
1
 40
1
 10
188.832052
 20
124.132586
 30
0
 10
188.832052
 20
124.3535
 30
0
 10
188.652966
 20
124.532585
 30
0
 10
188.432053
 20
124.532586
 30
0
  0
LWPOLYLINE
  5
345
100
AcDbEntity
  8
Layer_1
  6
ByLayer
 62
    7
370
   -1
100
AcDbPolyline
 90
    2
 70
    0
 43
0
 10
188.832092
 20
121.979746
 10
188.832092
 20
124.132658
  0
SPLINE
  5
346
100
AcDbEntity
  8
Layer_1
  6
ByLayer
 62
    7
370
   -1
100
AcDbSpline
210
0
220
0
230
0
 70
 4096
 71
    3
 72
    8
 73
    4
 74
    0
 42
1e-07
 43
1e-07
 40
0
 40
0
 40
0
 40
0
 40
1
 40
1
 40
1
 40
1
 10
174.832069
 20
125.332584
 30
0
 10
174.611335
 20
125.33233
 30
0
 10
174.432529
 20
125.153319
 30
0
 10
174.432529
 20
124.932585
 30
0
  0
SPLINE
  5
347
100
AcDbEntity
  8
Layer_1
  6
ByLayer
 62
    7
370
   -1
100
AcDbSpline
210
0
220
0
230
0
 70
 4096
 71
    3
 72
    8
 73
    4
 74
    0
 42
1e-07
 43
1e-07
 40
0
 40
0
 40
0
 40
0
 40
1
 40
1
 40
1
 40
1
 10
174.432529
 20
124.932585
 30
0
 10
174.432529
 20
124.711851
 30
0
 10
174.611335
 20
124.532839
 30
0
 10
174.832069
 20
124.532586
 30
0
  0
LWPOLYLINE
  5
348
100
AcDbEntity
  8
Layer_1
  6
ByLayer
 62
    7
370
   -1
100
AcDbPolyline
 90
    2
 70
    0
 43
0
 10
188.432042
 20
124.532707
 10
174.831947
 20
124.532707
  0
SPLINE
  5
349
100
AcDbEntity
  8
Layer_1
  6
ByLayer
 62
    7
370
   -1
100
AcDbSpline
210
0
220
0
230
0
 70
 4096
 71
    3
 72
    8
 73
    4
 74
    0
 42
1e-07
 43
1e-07
 40
0
 40
0
 40
0
 40
0
 40
1
 40
1
 40
1
 40
1
 10
188.432053
 20
125.332584
 30
0
 10
188.53814
 20
125.332584
 30
0
 10
188.639881
 20
125.374727
 30
0
 10
188.714896
 20
125.449742
 30
0
  0
SPLINE
  5
34A
100
AcDbEntity
  8
Layer_1
  6
ByLayer
 62
    7
370
   -1
100
AcDbSpline
210
0
220
0
230
0
 70
 4096
 71
    3
 72
    8
 73
    4
 74
    0
 42
1e-07
 43
1e-07
 40
0
 40
0
 40
0
 40
0
 40
1
 40
1
 40
1
 40
1
 10
188.714896
 20
125.449742
 30
0
 10
188.78991
 20
125.524757
 30
0
 10
188.832053
 20
125.626499
 30
0
 10
188.832052
 20
125.732586
 30
0
  0
LWPOLYLINE
  5
34B
100
AcDbEntity
  8
Layer_1
  6
ByLayer
 62
    7
370
   -1
100
AcDbPolyline
 90
    2
 70
    0
 43
0
 10
174.831947
 20
125.332542
 10
188.432042
 20
125.332542
  0
LWPOLYLINE
  5
34C
100
AcDbEntity
  8
Layer_1
  6
ByLayer
 62
    7
370
   -1
100
AcDbPolyline
 90
    2
 70
    0
 43
0
 10
188.832092
 20
125.732591
 10
188.832092
 20
136.557475
  0
LWPOLYLINE
  5
34D
100
AcDbEntity
  8
Layer_1
  6
ByLayer
 62
    7
370
   -1
100
AcDbPolyline
 90
    2
 70
    0
 43
0
 10
188.33203
 20
137.057537
 10
188.832092
 20
136.557475
  0
SPLINE
  5
34E
100
AcDbEntity
  8
Layer_1
  6
ByLayer
 62
    7
370
   -1
100
AcDbSpline
210
0
220
0
230
0
 70
 4096
 71
    3
 72
    8
 73
    4
 74
    0
 42
1e-07
 43
1e-07
 40
0
 40
0
 40
0
 40
0
 40
1
 40
1
 40
1
 40
1
 10
185.866889
 20
137.157738
 30
0
 10
185.866889
 20
137.067066
 30
0
 10
185.92779
 20
136.987698
 30
0
 10
186.015372
 20
136.964231
 30
0
  0
SPLINE
  5
34F
100
AcDbEntity
  8
Layer_1
  6
ByLayer
 62
    7
370
   -1
100
AcDbSpline
210
0
220
0
230
0
 70
 4096
 71
    3
 72
    8
 73
    4
 74
    0
 42
1e-07
 43
1e-07
 40
0
 40
0
 40
0
 40
0
 40
1
 40
1
 40
1
 40
1
 10
186.015372
 20
136.964231
 30
0
 10
186.102955
 20
136.940763
 30
0
 10
186.19538
 20
136.979047
 30
0
 10
186.240716
 20
137.057572
 30
0
  0
SPLINE
  5
350
100
AcDbEntity
  8
Layer_1
  6
ByLayer
 62
    7
370
   -1
100
AcDbSpline
210
0
220
0
230
0
 70
 4096
 71
    3
 72
    8
 73
    4
 74
    0
 42
1e-07
 43
1e-07
 40
0
 40
0
 40
0
 40
0
 40
1
 40
1
 40
1
 40
1
 10
185.967055
 20
137.33123
 30
0
 10
185.905072
 20
137.295444
 30
0
 10
185.866889
 20
137.229309
 30
0
 10
185.866889
 20
137.157738
 30
0
  0
LWPOLYLINE
  5
351
100
AcDbEntity
  8
Layer_1
  6
ByLayer
 62
    7
370
   -1
100
AcDbPolyline
 90
    2
 70
    0
 43
0
 10
188.33203
 20
137.057537
 10
186.240766
 20
137.057537
  0
SPLINE
  5
352
100
AcDbEntity
  8
Layer_1
  6
ByLayer
 62
    7
370
   -1
100
AcDbSpline
210
0
220
0
230
0
 70
 4096
 71
    3
 72
    8
 73
    4
 74
    0
 42
1e-07
 43
1e-07
 40
0
 40
0
 40
0
 40
0
 40
1
 40
1
 40
1
 40
1
 10
185.866889
 20
146.907391
 30
0
 10
185.866889
 20
146.835819
 30
0
 10
185.905072
 20
146.769685
 30
0
 10
185.967055
 20
146.733899
 30
0
  0
SPLINE
  5
353
100
AcDbEntity
  8
Layer_1
  6
ByLayer
 62
    7
370
   -1
100
AcDbSpline
210
0
220
0
230
0
 70
 4096
 71
    3
 72
    8
 73
    4
 74
    0
 42
1e-07
 43
1e-07
 40
0
 40
0
 40
0
 40
0
 40
1
 40
1
 40
1
 40
1
 10
186.240716
 20
147.007559
 30
0
 10
186.19538
 20
147.086084
 30
0
 10
186.102954
 20
147.124368
 30
0
 10
186.015371
 20
147.1009
 30
0
  0
SPLINE
  5
354
100
AcDbEntity
  8
Layer_1
  6
ByLayer
 62
    7
370
   -1
100
AcDbSpline
210
0
220
0
230
0
 70
 4096
 71
    3
 72
    8
 73
    4
 74
    0
 42
1e-07
 43
1e-07
 40
0
 40
0
 40
0
 40
0
 40
1
 40
1
 40
1
 40
1
 10
186.015371
 20
147.1009
 30
0
 10
185.927788
 20
147.077432
 30
0
 10
185.866888
 20
146.998063
 30
0
 10
185.866889
 20
146.907391
 30
0
  0
LWPOLYLINE
  5
355
100
AcDbEntity
  8
Layer_1
  6
ByLayer
 62
    7
370
   -1
100
AcDbPolyline
 90
    2
 70
    0
 43
0
 10
185.967187
 20
146.733867
 10
185.967187
 20
137.331116
  0
LWPOLYLINE
  5
356
100
AcDbEntity
  8
Layer_1
  6
ByLayer
 62
    7
370
   -1
100
AcDbPolyline
 90
    2
 70
    0
 43
0
 10
188.33203
 20
147.007446
 10
186.240766
 20
147.007446
  0
LWPOLYLINE
  5
357
100
AcDbEntity
  8
Layer_1
  6
ByLayer
 62
    7
370
   -1
100
AcDbPolyline
 90
    2
 70
    0
 43
0
 10
188.832092
 20
147.507508
 10
188.33203
 20
147.007446
  0
SPLINE
  5
358
100
AcDbEntity
  8
Layer_1
  6
ByLayer
 62
    7
370
   -1
100
AcDbSpline
210
0
220
0
230
0
 70
 4096
 71
    3
 72
    8
 73
    4
 74
    0
 42
1e-07
 43
1e-07
 40
0
 40
0
 40
0
 40
0
 40
1
 40
1
 40
1
 40
1
 10
188.832052
 20
158.332543
 30
0
 10
188.832053
 20
158.438629
 30
0
 10
188.78991
 20
158.540371
 30
0
 10
188.714896
 20
158.615386
 30
0
  0
SPLINE
  5
359
100
AcDbEntity
  8
Layer_1
  6
ByLayer
 62
    7
370
   -1
100
AcDbSpline
210
0
220
0
230
0
 70
 4096
 71
    3
 72
    8
 73
    4
 74
    0
 42
1e-07
 43
1e-07
 40
0
 40
0
 40
0
 40
0
 40
1
 40
1
 40
1
 40
1
 10
188.714896
 20
158.615386
 30
0
 10
188.639881
 20
158.690401
 30
0
 10
188.53814
 20
158.732544
 30
0
 10
188.432053
 20
158.732544
 30
0
  0
LWPOLYLINE
  5
35A
100
AcDbEntity
  8
Layer_1
  6
ByLayer
 62
    7
370
   -1
100
AcDbPolyline
 90
    2
 70
    0
 43
0
 10
188.832092
 20
147.507508
 10
188.832092
 20
158.332656
  0
SPLINE
  5
35B
100
AcDbEntity
  8
Layer_1
  6
ByLayer
 62
    7
370
   -1
100
AcDbSpline
210
0
220
0
230
0
 70
 4096
 71
    3
 72
    8
 73
    4
 74
    0
 42
1e-07
 43
1e-07
 40
0
 40
0
 40
0
 40
0
 40
1
 40
1
 40
1
 40
1
 10
174.832069
 20
159.532543
 30
0
 10
174.611335
 20
159.532289
 30
0
 10
174.432529
 20
159.353278
 30
0
 10
174.432529
 20
159.132544
 30
0
  0
SPLINE
  5
35C
100
AcDbEntity
  8
Layer_1
  6
ByLayer
 62
    7
370
   -1
100
AcDbSpline
210
0
220
0
230
0
 70
 4096
 71
    3
 72
    8
 73
    4
 74
    0
 42
1e-07
 43
1e-07
 40
0
 40
0
 40
0
 40
0
 40
1
 40
1
 40
1
 40
1
 10
174.432529
 20
159.132544
 30
0
 10
174.432529
 20
158.91181
 30
0
 10
174.611335
 20
158.732798
 30
0
 10
174.832069
 20
158.732544
 30
0
  0
LWPOLYLINE
  5
35D
100
AcDbEntity
  8
Layer_1
  6
ByLayer
 62
    7
370
   -1
100
AcDbPolyline
 90
    2
 70
    0
 43
0
 10
188.432042
 20
158.732441
 10
174.831947
 20
158.732441
  0
SPLINE
  5
35E
100
AcDbEntity
  8
Layer_1
  6
ByLayer
 62
    7
370
   -1
100
AcDbSpline
210
0
220
0
230
0
 70
 4096
 71
    3
 72
    8
 73
    4
 74
    0
 42
1e-07
 43
1e-07
 40
0
 40
0
 40
0
 40
0
 40
1
 40
1
 40
1
 40
1
 10
188.432053
 20
159.532543
 30
0
 10
188.652966
 20
159.532543
 30
0
 10
188.832052
 20
159.711629
 30
0
 10
188.832052
 20
159.932542
 30
0
  0
LWPOLYLINE
  5
35F
100
AcDbEntity
  8
Layer_1
  6
ByLayer
 62
    7
370
   -1
100
AcDbPolyline
 90
    2
 70
    0
 43
0
 10
174.831947
 20
159.53254
 10
188.432042
 20
159.53254
  0
SPLINE
  5
360
100
AcDbEntity
  8
Layer_1
  6
ByLayer
 62
    7
370
   -1
100
AcDbSpline
210
0
220
0
230
0
 70
 4096
 71
    3
 72
    8
 73
    4
 74
    0
 42
1e-07
 43
1e-07
 40
0
 40
0
 40
0
 40
0
 40
1
 40
1
 40
1
 40
1
 10
188.832052
 20
162.085324
 30
0
 10
188.832053
 20
162.236834
 30
0
 10
188.746452
 20
162.375339
 30
0
 10
188.610938
 20
162.443096
 30
0
  0
LWPOLYLINE
  5
361
100
AcDbEntity
  8
Layer_1
  6
ByLayer
 62
    7
370
   -1
100
AcDbPolyline
 90
    2
 70
    0
 43
0
 10
188.832092
 20
159.93259
 10
188.832092
 20
162.085237
  0
SPLINE
  5
362
100
AcDbEntity
  8
Layer_1
  6
ByLayer
 62
    7
370
   -1
100
AcDbSpline
210
0
220
0
230
0
 70
 4096
 71
    3
 72
    8
 73
    4
 74
    0
 42
1e-07
 43
1e-07
 40
0
 40
0
 40
0
 40
0
 40
1
 40
1
 40
1
 40
1
 10
176.515306
 20
162.332537
 30
0
 10
176.550262
 20
162.332536
 30
0
 10
176.585067
 20
162.337117
 30
0
 10
176.618832
 20
162.346164
 30
0
  0
LWPOLYLINE
  5
363
100
AcDbEntity
  8
Layer_1
  6
ByLayer
 62
    7
370
   -1
100
AcDbPolyline
 90
    6
 70
    0
 43
0
 10
188.6109
 20
162.443218
 10
186.832109
 20
163.332481
 10
186.832109
 20
162.332622
 10
184.032027
 20
162.332622
 10
184.032027
 20
164.332605
 10
176.618941
 20
162.346116
  0
LWPOLYLINE
  5
364
100
AcDbEntity
  8
Layer_1
  6
ByLayer
 62
    7
370
   -1
100
AcDbPolyline
 90
    2
 70
    0
 43
0
 10
176.515224
 20
162.332622
 10
167.846956
 20
162.332622
  0
LWPOLYLINE
  5
365
100
AcDbEntity
  8
Layer_1
  6
ByLayer
 62
    7
370
   -1
100
AcDbPolyline
 90
    2
 70
    0
 43
0
 10
167.347159
 20
161.83256
 10
167.846956
 20
162.332622
  0
SPLINE
  5
366
100
AcDbEntity
  8
Layer_1
  6
ByLayer
 62
    7
370
   -1
100
AcDbSpline
210
0
220
0
230
0
 70
 4096
 71
    3
 72
    8
 73
    4
 74
    0
 42
1e-07
 43
1e-07
 40
0
 40
0
 40
0
 40
0
 40
1
 40
1
 40
1
 40
1
 10
167.246913
 20
159.367377
 30
0
 10
167.337585
 20
159.367377
 30
0
 10
167.416952
 20
159.428278
 30
0
 10
167.44042
 20
159.51586
 30
0
  0
SPLINE
  5
367
100
AcDbEntity
  8
Layer_1
  6
ByLayer
 62
    7
370
   -1
100
AcDbSpline
210
0
220
0
230
0
 70
 4096
 71
    3
 72
    8
 73
    4
 74
    0
 42
1e-07
 43
1e-07
 40
0
 40
0
 40
0
 40
0
 40
1
 40
1
 40
1
 40
1
 10
167.44042
 20
159.51586
 30
0
 10
167.463887
 20
159.603443
 30
0
 10
167.425603
 20
159.695868
 30
0
 10
167.347079
 20
159.741204
 30
0
  0
SPLINE
  5
368
100
AcDbEntity
  8
Layer_1
  6
ByLayer
 62
    7
370
   -1
100
AcDbSpline
210
0
220
0
230
0
 70
 4096
 71
    3
 72
    8
 73
    4
 74
    0
 42
1e-07
 43
1e-07
 40
0
 40
0
 40
0
 40
0
 40
1
 40
1
 40
1
 40
1
 10
167.073418
 20
159.467543
 30
0
 10
167.109205
 20
159.405559
 30
0
 10
167.175341
 20
159.367376
 30
0
 10
167.246913
 20
159.367377
 30
0
  0
LWPOLYLINE
  5
369
100
AcDbEntity
  8
Layer_1
  6
ByLayer
 62
    7
370
   -1
100
AcDbPolyline
 90
    2
 70
    0
 43
0
 10
167.347159
 20
161.83256
 10
167.347159
 20
159.741296
  0
SPLINE
  5
36A
100
AcDbEntity
  8
Layer_1
  6
ByLayer
 62
    7
370
   -1
100
AcDbSpline
210
0
220
0
230
0
 70
 4096
 71
    3
 72
    8
 73
    4
 74
    0
 42
1e-07
 43
1e-07
 40
0
 40
0
 40
0
 40
0
 40
1
 40
1
 40
1
 40
1
 10
157.497257
 20
159.367377
 30
0
 10
157.56883
 20
159.367376
 30
0
 10
157.634966
 20
159.405559
 30
0
 10
157.670752
 20
159.467543
 30
0
  0
SPLINE
  5
36B
100
AcDbEntity
  8
Layer_1
  6
ByLayer
 62
    7
370
   -1
100
AcDbSpline
210
0
220
0
230
0
 70
 4096
 71
    3
 72
    8
 73
    4
 74
    0
 42
1e-07
 43
1e-07
 40
0
 40
0
 40
0
 40
0
 40
1
 40
1
 40
1
 40
1
 10
157.397091
 20
159.741204
 30
0
 10
157.318567
 20
159.695868
 30
0
 10
157.280283
 20
159.603443
 30
0
 10
157.303751
 20
159.51586
 30
0
  0
SPLINE
  5
36C
100
AcDbEntity
  8
Layer_1
  6
ByLayer
 62
    7
370
   -1
100
AcDbSpline
210
0
220
0
230
0
 70
 4096
 71
    3
 72
    8
 73
    4
 74
    0
 42
1e-07
 43
1e-07
 40
0
 40
0
 40
0
 40
0
 40
1
 40
1
 40
1
 40
1
 10
157.303751
 20
159.51586
 30
0
 10
157.327218
 20
159.428278
 30
0
 10
157.406585
 20
159.367377
 30
0
 10
157.497257
 20
159.367377
 30
0
  0
LWPOLYLINE
  5
36D
100
AcDbEntity
  8
Layer_1
  6
ByLayer
 62
    7
370
   -1
100
AcDbPolyline
 90
    2
 70
    0
 43
0
 10
157.670829
 20
159.467453
 10
167.073315
 20
159.467453
  0
LWPOLYLINE
  5
36E
100
AcDbEntity
  8
Layer_1
  6
ByLayer
 62
    7
370
   -1
100
AcDbPolyline
 90
    2
 70
    0
 43
0
 10
157.396986
 20
161.83256
 10
157.396986
 20
159.741296
  0
LWPOLYLINE
  5
36F
100
AcDbEntity
  8
Layer_1
  6
ByLayer
 62
    7
370
   -1
100
AcDbPolyline
 90
    2
 70
    0
 43
0
 10
156.897188
 20
162.332622
 10
157.396986
 20
161.83256
  0
LWPOLYLINE
  5
370
100
AcDbEntity
  8
Layer_1
  6
ByLayer
 62
    7
370
   -1
100
AcDbPolyline
 90
    2
 70
    0
 43
0
 10
156.897188
 20
162.332622
 10
151.531974
 20
162.332622
  0
LWPOLYLINE
  5
371
100
AcDbEntity
  8
Layer_1
  6
ByLayer
 62
    7
370
   -1
100
AcDbPolyline
 90
    2
 70
    0
 43
0
 10
113.232262
 20
125.732591
 10
113.232262
 20
124.132658
  0
LWPOLYLINE
  5
372
100
AcDbEntity
  8
Layer_1
  6
ByLayer
 62
    7
370
   -1
100
AcDbPolyline
 90
    2
 70
    0
 43
0
 10
113.232262
 20
159.93259
 10
113.232262
 20
158.332656
  0
LWPOLYLINE
  5
373
100
AcDbEntity
  8
Layer_1
  6
ByLayer
 62
    7
370
   -1
100
AcDbPolyline
 90
    2
 70
    0
 43
0
 10
150.532115
 20
162.332622
 10
145.167166
 20
162.332622
  0
LWPOLYLINE
  5
374
100
AcDbEntity
  8
Layer_1
  6
ByLayer
 62
    7
370
   -1
100
AcDbPolyline
 90
    2
 70
    0
 43
0
 10
144.667104
 20
161.83256
 10
145.167166
 20
162.332622
  0
SPLINE
  5
375
100
AcDbEntity
  8
Layer_1
  6
ByLayer
 62
    7
370
   -1
100
AcDbSpline
210
0
220
0
230
0
 70
 4096
 71
    3
 72
    8
 73
    4
 74
    0
 42
1e-07
 43
1e-07
 40
0
 40
0
 40
0
 40
0
 40
1
 40
1
 40
1
 40
1
 10
144.566941
 20
159.367377
 30
0
 10
144.657613
 20
159.367376
 30
0
 10
144.736981
 20
159.428276
 30
0
 10
144.760449
 20
159.515859
 30
0
  0
SPLINE
  5
376
100
AcDbEntity
  8
Layer_1
  6
ByLayer
 62
    7
370
   -1
100
AcDbSpline
210
0
220
0
230
0
 70
 4096
 71
    3
 72
    8
 73
    4
 74
    0
 42
1e-07
 43
1e-07
 40
0
 40
0
 40
0
 40
0
 40
1
 40
1
 40
1
 40
1
 10
144.760449
 20
159.515859
 30
0
 10
144.783918
 20
159.603442
 30
0
 10
144.745634
 20
159.695868
 30
0
 10
144.667109
 20
159.741204
 30
0
  0
SPLINE
  5
377
100
AcDbEntity
  8
Layer_1
  6
ByLayer
 62
    7
370
   -1
100
AcDbSpline
210
0
220
0
230
0
 70
 4096
 71
    3
 72
    8
 73
    4
 74
    0
 42
1e-07
 43
1e-07
 40
0
 40
0
 40
0
 40
0
 40
1
 40
1
 40
1
 40
1
 10
144.393448
 20
159.467543
 30
0
 10
144.429234
 20
159.40556
 30
0
 10
144.495369
 20
159.367377
 30
0
 10
144.566941
 20
159.367377
 30
0
  0
LWPOLYLINE
  5
378
100
AcDbEntity
  8
Layer_1
  6
ByLayer
 62
    7
370
   -1
100
AcDbPolyline
 90
    2
 70
    0
 43
0
 10
144.667104
 20
161.83256
 10
144.667104
 20
159.741296
  0
SPLINE
  5
379
100
AcDbEntity
  8
Layer_1
  6
ByLayer
 62
    7
370
   -1
100
AcDbSpline
210
0
220
0
230
0
 70
 4096
 71
    3
 72
    8
 73
    4
 74
    0
 42
1e-07
 43
1e-07
 40
0
 40
0
 40
0
 40
0
 40
1
 40
1
 40
1
 40
1
 10
134.817287
 20
159.367377
 30
0
 10
134.888859
 20
159.367377
 30
0
 10
134.954994
 20
159.40556
 30
0
 10
134.99078
 20
159.467543
 30
0
  0
SPLINE
  5
37A
100
AcDbEntity
  8
Layer_1
  6
ByLayer
 62
    7
370
   -1
100
AcDbSpline
210
0
220
0
230
0
 70
 4096
 71
    3
 72
    8
 73
    4
 74
    0
 42
1e-07
 43
1e-07
 40
0
 40
0
 40
0
 40
0
 40
1
 40
1
 40
1
 40
1
 10
134.717121
 20
159.741204
 30
0
 10
134.638597
 20
159.695868
 30
0
 10
134.600313
 20
159.603443
 30
0
 10
134.623781
 20
159.51586
 30
0
  0
SPLINE
  5
37B
100
AcDbEntity
  8
Layer_1
  6
ByLayer
 62
    7
370
   -1
100
AcDbSpline
210
0
220
0
230
0
 70
 4096
 71
    3
 72
    8
 73
    4
 74
    0
 42
1e-07
 43
1e-07
 40
0
 40
0
 40
0
 40
0
 40
1
 40
1
 40
1
 40
1
 10
134.623781
 20
159.51586
 30
0
 10
134.647248
 20
159.428278
 30
0
 10
134.726615
 20
159.367377
 30
0
 10
134.817287
 20
159.367377
 30
0
  0
LWPOLYLINE
  5
37C
100
AcDbEntity
  8
Layer_1
  6
ByLayer
 62
    7
370
   -1
100
AcDbPolyline
 90
    2
 70
    0
 43
0
 10
134.990774
 20
159.467453
 10
144.393525
 20
159.467453
  0
LWPOLYLINE
  5
37D
100
AcDbEntity
  8
Layer_1
  6
ByLayer
 62
    7
370
   -1
100
AcDbPolyline
 90
    2
 70
    0
 43
0
 10
134.717195
 20
161.83256
 10
134.717195
 20
159.741296
  0
LWPOLYLINE
  5
37E
100
AcDbEntity
  8
Layer_1
  6
ByLayer
 62
    7
370
   -1
100
AcDbPolyline
 90
    2
 70
    0
 43
0
 10
134.217134
 20
162.332622
 10
134.717195
 20
161.83256
  0
SPLINE
  5
37F
100
AcDbEntity
  8
Layer_1
  6
ByLayer
 62
    7
370
   -1
100
AcDbSpline
210
0
220
0
230
0
 70
 4096
 71
    3
 72
    8
 73
    4
 74
    0
 42
1e-07
 43
1e-07
 40
0
 40
0
 40
0
 40
0
 40
1
 40
1
 40
1
 40
1
 10
125.445366
 20
162.346169
 30
0
 10
125.479132
 20
162.337123
 30
0
 10
125.513938
 20
162.332541
 30
0
 10
125.548894
 20
162.332543
 30
0
  0
LWPOLYLINE
  5
380
100
AcDbEntity
  8
Layer_1
  6
ByLayer
 62
    7
370
   -1
100
AcDbPolyline
 90
    2
 70
    0
 43
0
 10
134.217134
 20
162.332622
 10
125.548865
 20
162.332622
  0
LWPOLYLINE
  5
381
100
AcDbEntity
  8
Layer_1
  6
ByLayer
 62
    7
370
   -1
100
AcDbPolyline
 90
    5
 70
    0
 43
0
 10
125.445413
 20
162.346116
 10
118.032062
 20
164.332605
 10
118.032062
 20
162.332622
 10
115.232245
 20
162.332622
 10
115.232245
 20
163.332481
  0
SPLINE
  5
382
100
AcDbEntity
  8
Layer_1
  6
ByLayer
 62
    7
370
   -1
100
AcDbSpline
210
0
220
0
230
0
 70
 4096
 71
    3
 72
    8
 73
    4
 74
    0
 42
1e-07
 43
1e-07
 40
0
 40
0
 40
0
 40
0
 40
1
 40
1
 40
1
 40
1
 10
113.453263
 20
162.443096
 30
0
 10
113.317749
 20
162.375339
 30
0
 10
113.232148
 20
162.236834
 30
0
 10
113.232148
 20
162.085324
 30
0
  0
LWPOLYLINE
  5
383
100
AcDbEntity
  8
Layer_1
  6
ByLayer
 62
    7
370
   -1
100
AcDbPolyline
 90
    2
 70
    0
 43
0
 10
113.453189
 20
162.443218
 10
115.232245
 20
163.332481
  0
SPLINE
  5
384
100
AcDbEntity
  8
Layer_1
  6
ByLayer
 62
    7
370
   -1
100
AcDbSpline
210
0
220
0
230
0
 70
 4096
 71
    3
 72
    8
 73
    4
 74
    0
 42
1e-07
 43
1e-07
 40
0
 40
0
 40
0
 40
0
 40
1
 40
1
 40
1
 40
1
 10
113.232148
 20
159.932542
 30
0
 10
113.232148
 20
159.711629
 30
0
 10
113.411234
 20
159.532543
 30
0
 10
113.632148
 20
159.532543
 30
0
  0
LWPOLYLINE
  5
385
100
AcDbEntity
  8
Layer_1
  6
ByLayer
 62
    7
370
   -1
100
AcDbPolyline
 90
    2
 70
    0
 43
0
 10
113.232262
 20
162.085237
 10
113.232262
 20
159.93259
  0
SPLINE
  5
386
100
AcDbEntity
  8
Layer_1
  6
ByLayer
 62
    7
370
   -1
100
AcDbSpline
210
0
220
0
230
0
 70
 4096
 71
    3
 72
    8
 73
    4
 74
    0
 42
1e-07
 43
1e-07
 40
0
 40
0
 40
0
 40
0
 40
1
 40
1
 40
1
 40
1
 10
127.232129
 20
158.732544
 30
0
 10
127.452863
 20
158.732798
 30
0
 10
127.631669
 20
158.91181
 30
0
 10
127.631669
 20
159.132544
 30
0
  0
SPLINE
  5
387
100
AcDbEntity
  8
Layer_1
  6
ByLayer
 62
    7
370
   -1
100
AcDbSpline
210
0
220
0
230
0
 70
 4096
 71
    3
 72
    8
 73
    4
 74
    0
 42
1e-07
 43
1e-07
 40
0
 40
0
 40
0
 40
0
 40
1
 40
1
 40
1
 40
1
 10
127.631669
 20
159.132544
 30
0
 10
127.631669
 20
159.353278
 30
0
 10
127.452863
 20
159.532289
 30
0
 10
127.232129
 20
159.532543
 30
0
  0
LWPOLYLINE
  5
388
100
AcDbEntity
  8
Layer_1
  6
ByLayer
 62
    7
370
   -1
100
AcDbPolyline
 90
    2
 70
    0
 43
0
 10
113.632047
 20
159.53254
 10
127.232142
 20
159.53254
  0
SPLINE
  5
389
100
AcDbEntity
  8
Layer_1
  6
ByLayer
 62
    7
370
   -1
100
AcDbSpline
210
0
220
0
230
0
 70
 4096
 71
    3
 72
    8
 73
    4
 74
    0
 42
1e-07
 43
1e-07
 40
0
 40
0
 40
0
 40
0
 40
1
 40
1
 40
1
 40
1
 10
113.632148
 20
158.732544
 30
0
 10
113.526061
 20
158.732544
 30
0
 10
113.424319
 20
158.690401
 30
0
 10
113.349305
 20
158.615386
 30
0
  0
SPLINE
  5
38A
100
AcDbEntity
  8
Layer_1
  6
ByLayer
 62
    7
370
   -1
100
AcDbSpline
210
0
220
0
230
0
 70
 4096
 71
    3
 72
    8
 73
    4
 74
    0
 42
1e-07
 43
1e-07
 40
0
 40
0
 40
0
 40
0
 40
1
 40
1
 40
1
 40
1
 10
113.349305
 20
158.615386
 30
0
 10
113.27429
 20
158.540371
 30
0
 10
113.232148
 20
158.438629
 30
0
 10
113.232148
 20
158.332543
 30
0
  0
LWPOLYLINE
  5
38B
100
AcDbEntity
  8
Layer_1
  6
ByLayer
 62
    7
370
   -1
100
AcDbPolyline
 90
    2
 70
    0
 43
0
 10
127.232142
 20
158.732441
 10
113.632047
 20
158.732441
  0
LWPOLYLINE
  5
38C
100
AcDbEntity
  8
Layer_1
  6
ByLayer
 62
    7
370
   -1
100
AcDbPolyline
 90
    2
 70
    0
 43
0
 10
113.232262
 20
158.332656
 10
113.232262
 20
147.507508
  0
LWPOLYLINE
  5
38D
100
AcDbEntity
  8
Layer_1
  6
ByLayer
 62
    7
370
   -1
100
AcDbPolyline
 90
    2
 70
    0
 43
0
 10
113.732059
 20
147.007446
 10
113.232262
 20
147.507508
  0
SPLINE
  5
38E
100
AcDbEntity
  8
Layer_1
  6
ByLayer
 62
    7
370
   -1
100
AcDbSpline
210
0
220
0
230
0
 70
 4096
 71
    3
 72
    8
 73
    4
 74
    0
 42
1e-07
 43
1e-07
 40
0
 40
0
 40
0
 40
0
 40
1
 40
1
 40
1
 40
1
 10
116.097143
 20
146.733899
 30
0
 10
116.17008
 20
146.776008
 30
0
 10
116.208892
 20
146.859239
 30
0
 10
116.194268
 20
146.942179
 30
0
  0
SPLINE
  5
38F
100
AcDbEntity
  8
Layer_1
  6
ByLayer
 62
    7
370
   -1
100
AcDbSpline
210
0
220
0
230
0
 70
 4096
 71
    3
 72
    8
 73
    4
 74
    0
 42
1e-07
 43
1e-07
 40
0
 40
0
 40
0
 40
0
 40
1
 40
1
 40
1
 40
1
 10
116.194268
 20
146.942179
 30
0
 10
116.179644
 20
147.02512
 30
0
 10
116.114707
 20
147.090058
 30
0
 10
116.031766
 20
147.104682
 30
0
  0
SPLINE
  5
390
100
AcDbEntity
  8
Layer_1
  6
ByLayer
 62
    7
370
   -1
100
AcDbSpline
210
0
220
0
230
0
 70
 4096
 71
    3
 72
    8
 73
    4
 74
    0
 42
1e-07
 43
1e-07
 40
0
 40
0
 40
0
 40
0
 40
1
 40
1
 40
1
 40
1
 10
116.031766
 20
147.104682
 30
0
 10
115.948826
 20
147.119307
 30
0
 10
115.865595
 20
147.080496
 30
0
 10
115.823485
 20
147.007559
 30
0
  0
LWPOLYLINE
  5
391
100
AcDbEntity
  8
Layer_1
  6
ByLayer
 62
    7
370
   -1
100
AcDbPolyline
 90
    2
 70
    0
 43
0
 10
115.823588
 20
147.007446
 10
113.732059
 20
147.007446
  0
SPLINE
  5
392
100
AcDbEntity
  8
Layer_1
  6
ByLayer
 62
    7
370
   -1
100
AcDbSpline
210
0
220
0
230
0
 70
 4096
 71
    3
 72
    8
 73
    4
 74
    0
 42
1e-07
 43
1e-07
 40
0
 40
0
 40
0
 40
0
 40
1
 40
1
 40
1
 40
1
 10
115.823485
 20
137.057572
 30
0
 10
115.865593
 20
136.984633
 30
0
 10
115.948825
 20
136.94582
 30
0
 10
116.031767
 20
136.960444
 30
0
  0
SPLINE
  5
393
100
AcDbEntity
  8
Layer_1
  6
ByLayer
 62
    7
370
   -1
100
AcDbSpline
210
0
220
0
230
0
 70
 4096
 71
    3
 72
    8
 73
    4
 74
    0
 42
1e-07
 43
1e-07
 40
0
 40
0
 40
0
 40
0
 40
1
 40
1
 40
1
 40
1
 10
116.031767
 20
136.960444
 30
0
 10
116.114708
 20
136.975068
 30
0
 10
116.179646
 20
137.040007
 30
0
 10
116.19427
 20
137.122948
 30
0
  0
SPLINE
  5
394
100
AcDbEntity
  8
Layer_1
  6
ByLayer
 62
    7
370
   -1
100
AcDbSpline
210
0
220
0
230
0
 70
 4096
 71
    3
 72
    8
 73
    4
 74
    0
 42
1e-07
 43
1e-07
 40
0
 40
0
 40
0
 40
0
 40
1
 40
1
 40
1
 40
1
 10
116.19427
 20
137.122948
 30
0
 10
116.208895
 20
137.20589
 30
0
 10
116.170081
 20
137.289121
 30
0
 10
116.097143
 20
137.33123
 30
0
  0
LWPOLYLINE
  5
395
100
AcDbEntity
  8
Layer_1
  6
ByLayer
 62
    7
370
   -1
100
AcDbPolyline
 90
    2
 70
    0
 43
0
 10
116.097167
 20
146.733867
 10
116.097167
 20
137.331116
  0
LWPOLYLINE
  5
396
100
AcDbEntity
  8
Layer_1
  6
ByLayer
 62
    7
370
   -1
100
AcDbPolyline
 90
    2
 70
    0
 43
0
 10
115.823588
 20
137.057537
 10
113.732059
 20
137.057537
  0
LWPOLYLINE
  5
397
100
AcDbEntity
  8
Layer_1
  6
ByLayer
 62
    7
370
   -1
100
AcDbPolyline
 90
    2
 70
    0
 43
0
 10
113.232262
 20
136.557475
 10
113.732059
 20
137.057537
  0
SPLINE
  5
398
100
AcDbEntity
  8
Layer_1
  6
ByLayer
 62
    7
370
   -1
100
AcDbSpline
210
0
220
0
230
0
 70
 4096
 71
    3
 72
    8
 73
    4
 74
    0
 42
1e-07
 43
1e-07
 40
0
 40
0
 40
0
 40
0
 40
1
 40
1
 40
1
 40
1
 10
113.232148
 20
125.732586
 30
0
 10
113.232148
 20
125.626499
 30
0
 10
113.27429
 20
125.524757
 30
0
 10
113.349305
 20
125.449742
 30
0
  0
SPLINE
  5
399
100
AcDbEntity
  8
Layer_1
  6
ByLayer
 62
    7
370
   -1
100
AcDbSpline
210
0
220
0
230
0
 70
 4096
 71
    3
 72
    8
 73
    4
 74
    0
 42
1e-07
 43
1e-07
 40
0
 40
0
 40
0
 40
0
 40
1
 40
1
 40
1
 40
1
 10
113.349305
 20
125.449742
 30
0
 10
113.424319
 20
125.374727
 30
0
 10
113.526061
 20
125.332584
 30
0
 10
113.632148
 20
125.332584
 30
0
  0
LWPOLYLINE
  5
39A
100
AcDbEntity
  8
Layer_1
  6
ByLayer
 62
    7
370
   -1
100
AcDbPolyline
 90
    2
 70
    0
 43
0
 10
113.232262
 20
136.557475
 10
113.232262
 20
125.732591
  0
SPLINE
  5
39B
100
AcDbEntity
  8
Layer_1
  6
ByLayer
 62
    7
370
   -1
100
AcDbSpline
210
0
220
0
230
0
 70
 4096
 71
    3
 72
    8
 73
    4
 74
    0
 42
1e-07
 43
1e-07
 40
0
 40
0
 40
0
 40
0
 40
1
 40
1
 40
1
 40
1
 10
127.232129
 20
124.532586
 30
0
 10
127.452863
 20
124.532839
 30
0
 10
127.631669
 20
124.711851
 30
0
 10
127.631669
 20
124.932585
 30
0
  0
SPLINE
  5
39C
100
AcDbEntity
  8
Layer_1
  6
ByLayer
 62
    7
370
   -1
100
AcDbSpline
210
0
220
0
230
0
 70
 4096
 71
    3
 72
    8
 73
    4
 74
    0
 42
1e-07
 43
1e-07
 40
0
 40
0
 40
0
 40
0
 40
1
 40
1
 40
1
 40
1
 10
127.631669
 20
124.932585
 30
0
 10
127.631669
 20
125.153319
 30
0
 10
127.452863
 20
125.33233
 30
0
 10
127.232129
 20
125.332584
 30
0
  0
LWPOLYLINE
  5
39D
100
AcDbEntity
  8
Layer_1
  6
ByLayer
 62
    7
370
   -1
100
AcDbPolyline
 90
    2
 70
    0
 43
0
 10
113.632047
 20
125.332542
 10
127.232142
 20
125.332542
  0
SPLINE
  5
39E
100
AcDbEntity
  8
Layer_1
  6
ByLayer
 62
    7
370
   -1
100
AcDbSpline
210
0
220
0
230
0
 70
 4096
 71
    3
 72
    8
 73
    4
 74
    0
 42
1e-07
 43
1e-07
 40
0
 40
0
 40
0
 40
0
 40
1
 40
1
 40
1
 40
1
 10
113.632148
 20
124.532586
 30
0
 10
113.411234
 20
124.532585
 30
0
 10
113.232148
 20
124.3535
 30
0
 10
113.232148
 20
124.132586
 30
0
  0
LWPOLYLINE
  5
39F
100
AcDbEntity
  8
Layer_1
  6
ByLayer
 62
    7
370
   -1
100
AcDbPolyline
 90
    2
 70
    0
 43
0
 10
127.232142
 20
124.532707
 10
113.632047
 20
124.532707
  0
SPLINE
  5
3A0
100
AcDbEntity
  8
Layer_1
  6
ByLayer
 62
    7
370
   -1
100
AcDbSpline
210
0
220
0
230
0
 70
 4096
 71
    3
 72
    8
 73
    4
 74
    0
 42
1e-07
 43
1e-07
 40
0
 40
0
 40
0
 40
0
 40
1
 40
1
 40
1
 40
1
 10
113.232148
 20
121.979804
 30
0
 10
113.232148
 20
121.828295
 30
0
 10
113.317749
 20
121.689789
 30
0
 10
113.453263
 20
121.622032
 30
0
  0
LWPOLYLINE
  5
3A1
100
AcDbEntity
  8
Layer_1
  6
ByLayer
 62
    7
370
   -1
100
AcDbPolyline
 90
    2
 70
    0
 43
0
 10
113.232262
 20
124.132658
 10
113.232262
 20
121.979746
  0
SPLINE
  5
3A2
100
AcDbEntity
  8
Layer_1
  6
ByLayer
 62
    7
370
   -1
100
AcDbSpline
210
0
220
0
230
0
 70
 4096
 71
    3
 72
    8
 73
    4
 74
    0
 42
1e-07
 43
1e-07
 40
0
 40
0
 40
0
 40
0
 40
1
 40
1
 40
1
 40
1
 10
125.548894
 20
121.732591
 30
0
 10
125.513938
 20
121.732592
 30
0
 10
125.479132
 20
121.728011
 30
0
 10
125.445366
 20
121.718965
 30
0
  0
LWPOLYLINE
  5
3A3
100
AcDbEntity
  8
Layer_1
  6
ByLayer
 62
    7
370
   -1
100
AcDbPolyline
 90
    6
 70
    0
 43
0
 10
113.453189
 20
121.62203
 10
115.232245
 20
120.732502
 10
115.232245
 20
121.732625
 10
118.032062
 20
121.732625
 10
118.032062
 20
119.732642
 10
125.445413
 20
121.718867
  0
LWPOLYLINE
  5
3A4
100
AcDbEntity
  8
Layer_1
  6
ByLayer
 62
    7
370
   -1
100
AcDbPolyline
 90
    2
 70
    0
 43
0
 10
125.548865
 20
121.732625
 10
134.217134
 20
121.732625
  0
LWPOLYLINE
  5
3A5
100
AcDbEntity
  8
Layer_1
  6
ByLayer
 62
    7
370
   -1
100
AcDbPolyline
 90
    2
 70
    0
 43
0
 10
134.717195
 20
122.232687
 10
134.217134
 20
121.732625
  0
SPLINE
  5
3A6
100
AcDbEntity
  8
Layer_1
  6
ByLayer
 62
    7
370
   -1
100
AcDbSpline
210
0
220
0
230
0
 70
 4096
 71
    3
 72
    8
 73
    4
 74
    0
 42
1e-07
 43
1e-07
 40
0
 40
0
 40
0
 40
0
 40
1
 40
1
 40
1
 40
1
 10
134.817287
 20
124.697752
 30
0
 10
134.726617
 20
124.697749
 30
0
 10
134.647252
 20
124.636849
 30
0
 10
134.623785
 20
124.549269
 30
0
  0
SPLINE
  5
3A7
100
AcDbEntity
  8
Layer_1
  6
ByLayer
 62
    7
370
   -1
100
AcDbSpline
210
0
220
0
230
0
 70
 4096
 71
    3
 72
    8
 73
    4
 74
    0
 42
1e-07
 43
1e-07
 40
0
 40
0
 40
0
 40
0
 40
1
 40
1
 40
1
 40
1
 10
134.623785
 20
124.549269
 30
0
 10
134.600318
 20
124.461688
 30
0
 10
134.6386
 20
124.369264
 30
0
 10
134.717121
 20
124.323927
 30
0
  0
SPLINE
  5
3A8
100
AcDbEntity
  8
Layer_1
  6
ByLayer
 62
    7
370
   -1
100
AcDbSpline
210
0
220
0
230
0
 70
 4096
 71
    3
 72
    8
 73
    4
 74
    0
 42
1e-07
 43
1e-07
 40
0
 40
0
 40
0
 40
0
 40
1
 40
1
 40
1
 40
1
 10
134.99078
 20
124.597586
 30
0
 10
134.954994
 20
124.659568
 30
0
 10
134.888859
 20
124.697751
 30
0
 10
134.817287
 20
124.697752
 30
0
  0
LWPOLYLINE
  5
3A9
100
AcDbEntity
  8
Layer_1
  6
ByLayer
 62
    7
370
   -1
100
AcDbPolyline
 90
    2
 70
    0
 43
0
 10
134.717195
 20
122.232687
 10
134.717195
 20
124.323951
  0
SPLINE
  5
3AA
100
AcDbEntity
  8
Layer_1
  6
ByLayer
 62
    7
370
   -1
100
AcDbSpline
210
0
220
0
230
0
 70
 4096
 71
    3
 72
    8
 73
    4
 74
    0
 42
1e-07
 43
1e-07
 40
0
 40
0
 40
0
 40
0
 40
1
 40
1
 40
1
 40
1
 10
144.566941
 20
124.697752
 30
0
 10
144.495369
 20
124.697751
 30
0
 10
144.429234
 20
124.659568
 30
0
 10
144.393448
 20
124.597586
 30
0
  0
SPLINE
  5
3AB
100
AcDbEntity
  8
Layer_1
  6
ByLayer
 62
    7
370
   -1
100
AcDbSpline
210
0
220
0
230
0
 70
 4096
 71
    3
 72
    8
 73
    4
 74
    0
 42
1e-07
 43
1e-07
 40
0
 40
0
 40
0
 40
0
 40
1
 40
1
 40
1
 40
1
 10
144.667109
 20
124.323927
 30
0
 10
144.745631
 20
124.369265
 30
0
 10
144.783913
 20
124.461689
 30
0
 10
144.760445
 20
124.54927
 30
0
  0
SPLINE
  5
3AC
100
AcDbEntity
  8
Layer_1
  6
ByLayer
 62
    7
370
   -1
100
AcDbSpline
210
0
220
0
230
0
 70
 4096
 71
    3
 72
    8
 73
    4
 74
    0
 42
1e-07
 43
1e-07
 40
0
 40
0
 40
0
 40
0
 40
1
 40
1
 40
1
 40
1
 10
144.760445
 20
124.54927
 30
0
 10
144.736977
 20
124.636851
 30
0
 10
144.657611
 20
124.697751
 30
0
 10
144.566941
 20
124.697752
 30
0
  0
LWPOLYLINE
  5
3AD
100
AcDbEntity
  8
Layer_1
  6
ByLayer
 62
    7
370
   -1
100
AcDbPolyline
 90
    2
 70
    0
 43
0
 10
144.393525
 20
124.59753
 10
134.990774
 20
124.59753
  0
LWPOLYLINE
  5
3AE
100
AcDbEntity
  8
Layer_1
  6
ByLayer
 62
    7
370
   -1
100
AcDbPolyline
 90
    2
 70
    0
 43
0
 10
144.667104
 20
122.232687
 10
144.667104
 20
124.323951
  0
LWPOLYLINE
  5
3AF
100
AcDbEntity
  8
Layer_1
  6
ByLayer
 62
    7
370
   -1
100
AcDbPolyline
 90
    2
 70
    0
 43
0
 10
145.167166
 20
121.732625
 10
144.667104
 20
122.232687
  0
SPLINE
  5
3B0
100
AcDbEntity
  8
Layer_1
  6
ByLayer
 62
    7
370
   -1
100
AcDbSpline
210
0
220
0
230
0
 70
 4096
 71
    3
 72
    8
 73
    4
 74
    0
 42
1e-07
 43
1e-07
 40
0
 40
0
 40
0
 40
0
 40
1
 40
1
 40
1
 40
1
 10
172.332074
 20
135.032573
 30
0
 10
172.332074
 20
138.069326
 30
0
 10
170.711985
 20
140.875402
 30
0
 10
168.082079
 20
142.393779
 30
0
  0
SPLINE
  5
3B1
100
AcDbEntity
  8
Layer_1
  6
ByLayer
 62
    7
370
   -1
100
AcDbSpline
210
0
220
0
230
0
 70
 4096
 71
    3
 72
    8
 73
    4
 74
    0
 42
1e-07
 43
1e-07
 40
0
 40
0
 40
0
 40
0
 40
1
 40
1
 40
1
 40
1
 10
168.082079
 20
142.393779
 30
0
 10
165.452174
 20
143.912156
 30
0
 10
162.211996
 20
143.912156
 30
0
 10
159.58209
 20
142.393779
 30
0
  0
SPLINE
  5
3B2
100
AcDbEntity
  8
Layer_1
  6
ByLayer
 62
    7
370
   -1
100
AcDbSpline
210
0
220
0
230
0
 70
 4096
 71
    3
 72
    8
 73
    4
 74
    0
 42
1e-07
 43
1e-07
 40
0
 40
0
 40
0
 40
0
 40
1
 40
1
 40
1
 40
1
 10
159.58209
 20
142.393779
 30
0
 10
156.952184
 20
140.875402
 30
0
 10
155.332095
 20
138.069326
 30
0
 10
155.332095
 20
135.032573
 30
0
  0
SPLINE
  5
3B3
100
AcDbEntity
  8
Layer_1
  6
ByLayer
 62
    7
370
   -1
100
AcDbSpline
210
0
220
0
230
0
 70
 4096
 71
    3
 72
    8
 73
    4
 74
    0
 42
1e-07
 43
1e-07
 40
0
 40
0
 40
0
 40
0
 40
1
 40
1
 40
1
 40
1
 10
155.332095
 20
135.032573
 30
0
 10
155.332095
 20
131.995819
 30
0
 10
156.952184
 20
129.189743
 30
0
 10
159.58209
 20
127.671366
 30
0
  0
SPLINE
  5
3B4
100
AcDbEntity
  8
Layer_1
  6
ByLayer
 62
    7
370
   -1
100
AcDbSpline
210
0
220
0
230
0
 70
 4096
 71
    3
 72
    8
 73
    4
 74
    0
 42
1e-07
 43
1e-07
 40
0
 40
0
 40
0
 40
0
 40
1
 40
1
 40
1
 40
1
 10
159.58209
 20
127.671366
 30
0
 10
162.211996
 20
126.152989
 30
0
 10
165.452174
 20
126.152989
 30
0
 10
168.082079
 20
127.671366
 30
0
  0
SPLINE
  5
3B5
100
AcDbEntity
  8
Layer_1
  6
ByLayer
 62
    7
370
   -1
100
AcDbSpline
210
0
220
0
230
0
 70
 4096
 71
    3
 72
    8
 73
    4
 74
    0
 42
1e-07
 43
1e-07
 40
0
 40
0
 40
0
 40
0
 40
1
 40
1
 40
1
 40
1
 10
168.082079
 20
127.671366
 30
0
 10
170.711985
 20
129.189743
 30
0
 10
172.332074
 20
131.995819
 30
0
 10
172.332074
 20
135.032573
 30
0
  0
LWPOLYLINE
  5
3B6
100
AcDbEntity
  8
Layer_1
  6
ByLayer
 62
    7
370
   -1
100
AcDbPolyline
 90
    2
 70
    0
 43
0
 10
145.167166
 20
121.732625
 10
150.532115
 20
121.732625
  0
SPLINE
  5
3B7
100
AcDbEntity
  8
Layer_1
  6
ByLayer
 62
    7
370
   -1
100
AcDbSpline
210
0
220
0
230
0
 70
 4096
 71
    3
 72
    8
 73
    4
 74
    0
 42
1e-07
 43
1e-07
 40
0
 40
0
 40
0
 40
0
 40
1
 40
1
 40
1
 40
1
 10
153.882096
 20
124.432586
 30
0
 10
154.775259
 20
124.432586
 30
0
 10
155.600575
 20
124.909083
 30
0
 10
156.047157
 20
125.682585
 30
0
  0
SPLINE
  5
3B8
100
AcDbEntity
  8
Layer_1
  6
ByLayer
 62
    7
370
   -1
100
AcDbSpline
210
0
220
0
230
0
 70
 4096
 71
    3
 72
    8
 73
    4
 74
    0
 42
1e-07
 43
1e-07
 40
0
 40
0
 40
0
 40
0
 40
1
 40
1
 40
1
 40
1
 10
156.047157
 20
125.682585
 30
0
 10
156.493738
 20
126.456087
 30
0
 10
156.493738
 20
127.40908
 30
0
 10
156.047157
 20
128.182582
 30
0
  0
SPLINE
  5
3B9
100
AcDbEntity
  8
Layer_1
  6
ByLayer
 62
    7
370
   -1
100
AcDbSpline
210
0
220
0
230
0
 70
 4096
 71
    3
 72
    8
 73
    4
 74
    0
 42
1e-07
 43
1e-07
 40
0
 40
0
 40
0
 40
0
 40
1
 40
1
 40
1
 40
1
 10
156.047157
 20
128.182582
 30
0
 10
155.600575
 20
128.956084
 30
0
 10
154.775259
 20
129.432581
 30
0
 10
153.882096
 20
129.432581
 30
0
  0
LWPOLYLINE
  5
3BA
100
AcDbEntity
  8
Layer_1
  6
ByLayer
 62
    7
370
   -1
100
AcDbPolyline
 90
    2
 70
    0
 43
0
 10
148.182089
 20
129.43252
 10
153.882
 20
129.43252
  0
SPLINE
  5
3BB
100
AcDbEntity
  8
Layer_1
  6
ByLayer
 62
    7
370
   -1
100
AcDbSpline
210
0
220
0
230
0
 70
 4096
 71
    3
 72
    8
 73
    4
 74
    0
 42
1e-07
 43
1e-07
 40
0
 40
0
 40
0
 40
0
 40
1
 40
1
 40
1
 40
1
 10
148.182102
 20
129.432581
 30
0
 10
147.288939
 20
129.432581
 30
0
 10
146.463623
 20
128.956084
 30
0
 10
146.017041
 20
128.182582
 30
0
  0
SPLINE
  5
3BC
100
AcDbEntity
  8
Layer_1
  6
ByLayer
 62
    7
370
   -1
100
AcDbSpline
210
0
220
0
230
0
 70
 4096
 71
    3
 72
    8
 73
    4
 74
    0
 42
1e-07
 43
1e-07
 40
0
 40
0
 40
0
 40
0
 40
1
 40
1
 40
1
 40
1
 10
146.017041
 20
128.182582
 30
0
 10
145.57046
 20
127.40908
 30
0
 10
145.57046
 20
126.456087
 30
0
 10
146.017041
 20
125.682585
 30
0
  0
SPLINE
  5
3BD
100
AcDbEntity
  8
Layer_1
  6
ByLayer
 62
    7
370
   -1
100
AcDbSpline
210
0
220
0
230
0
 70
 4096
 71
    3
 72
    8
 73
    4
 74
    0
 42
1e-07
 43
1e-07
 40
0
 40
0
 40
0
 40
0
 40
1
 40
1
 40
1
 40
1
 10
146.017041
 20
125.682585
 30
0
 10
146.463623
 20
124.909083
 30
0
 10
147.288939
 20
124.432586
 30
0
 10
148.182102
 20
124.432586
 30
0
  0
LWPOLYLINE
  5
3BE
100
AcDbEntity
  8
Layer_1
  6
ByLayer
 62
    7
370
   -1
100
AcDbPolyline
 90
    2
 70
    0
 43
0
 10
148.182089
 20
124.432695
 10
153.882
 20
124.432695
  0
SPLINE
  5
3BF
100
AcDbEntity
  8
Layer_1
  6
ByLayer
 62
    7
370
   -1
100
AcDbSpline
210
0
220
0
230
0
 70
 4096
 71
    3
 72
    8
 73
    4
 74
    0
 42
1e-07
 43
1e-07
 40
0
 40
0
 40
0
 40
0
 40
1
 40
1
 40
1
 40
1
 10
175.03207
 20
153.13255
 30
0
 10
175.301805
 20
153.13255
 30
0
 10
175.551051
 20
153.276452
 30
0
 10
175.685918
 20
153.51005
 30
0
  0
SPLINE
  5
3C0
100
AcDbEntity
  8
Layer_1
  6
ByLayer
 62
    7
370
   -1
100
AcDbSpline
210
0
220
0
230
0
 70
 4096
 71
    3
 72
    8
 73
    4
 74
    0
 42
1e-07
 43
1e-07
 40
0
 40
0
 40
0
 40
0
 40
1
 40
1
 40
1
 40
1
 10
175.685918
 20
153.51005
 30
0
 10
175.820786
 20
153.743647
 30
0
 10
175.820786
 20
154.031452
 30
0
 10
175.685918
 20
154.265049
 30
0
  0
SPLINE
  5
3C1
100
AcDbEntity
  8
Layer_1
  6
ByLayer
 62
    7
370
   -1
100
AcDbSpline
210
0
220
0
230
0
 70
 4096
 71
    3
 72
    8
 73
    4
 74
    0
 42
1e-07
 43
1e-07
 40
0
 40
0
 40
0
 40
0
 40
1
 40
1
 40
1
 40
1
 10
175.685918
 20
154.265049
 30
0
 10
175.551051
 20
154.498647
 30
0
 10
175.301805
 20
154.642549
 30
0
 10
175.03207
 20
154.642549
 30
0
  0
LWPOLYLINE
  5
3C2
100
AcDbEntity
  8
Layer_1
  6
ByLayer
 62
    7
370
   -1
100
AcDbPolyline
 90
    2
 70
    0
 43
0
 10
163.032074
 20
154.642517
 10
175.031972
 20
154.642517
  0
SPLINE
  5
3C3
100
AcDbEntity
  8
Layer_1
  6
ByLayer
 62
    7
370
   -1
100
AcDbSpline
210
0
220
0
230
0
 70
 4096
 71
    3
 72
    8
 73
    4
 74
    0
 42
1e-07
 43
1e-07
 40
0
 40
0
 40
0
 40
0
 40
1
 40
1
 40
1
 40
1
 10
163.032085
 20
154.642549
 30
0
 10
162.76235
 20
154.642549
 30
0
 10
162.513104
 20
154.498647
 30
0
 10
162.378236
 20
154.265049
 30
0
  0
SPLINE
  5
3C4
100
AcDbEntity
  8
Layer_1
  6
ByLayer
 62
    7
370
   -1
100
AcDbSpline
210
0
220
0
230
0
 70
 4096
 71
    3
 72
    8
 73
    4
 74
    0
 42
1e-07
 43
1e-07
 40
0
 40
0
 40
0
 40
0
 40
1
 40
1
 40
1
 40
1
 10
162.378236
 20
154.265049
 30
0
 10
162.243369
 20
154.031452
 30
0
 10
162.243369
 20
153.743647
 30
0
 10
162.378236
 20
153.51005
 30
0
  0
SPLINE
  5
3C5
100
AcDbEntity
  8
Layer_1
  6
ByLayer
 62
    7
370
   -1
100
AcDbSpline
210
0
220
0
230
0
 70
 4096
 71
    3
 72
    8
 73
    4
 74
    0
 42
1e-07
 43
1e-07
 40
0
 40
0
 40
0
 40
0
 40
1
 40
1
 40
1
 40
1
 10
162.378236
 20
153.51005
 30
0
 10
162.513104
 20
153.276452
 30
0
 10
162.76235
 20
153.13255
 30
0
 10
163.032085
 20
153.13255
 30
0
  0
SPLINE
  5
3C6
100
AcDbEntity
  8
Layer_1
  6
ByLayer
 62
    7
370
   -1
100
AcDbSpline
210
0
220
0
230
0
 70
 4096
 71
    3
 72
    8
 73
    4
 74
    0
 42
1e-07
 43
1e-07
 40
0
 40
0
 40
0
 40
0
 40
1
 40
1
 40
1
 40
1
 10
146.732105
 20
135.032573
 30
0
 10
146.732105
 20
138.069326
 30
0
 10
145.112016
 20
140.875402
 30
0
 10
142.482111
 20
142.393779
 30
0
  0
SPLINE
  5
3C7
100
AcDbEntity
  8
Layer_1
  6
ByLayer
 62
    7
370
   -1
100
AcDbSpline
210
0
220
0
230
0
 70
 4096
 71
    3
 72
    8
 73
    4
 74
    0
 42
1e-07
 43
1e-07
 40
0
 40
0
 40
0
 40
0
 40
1
 40
1
 40
1
 40
1
 10
142.482111
 20
142.393779
 30
0
 10
139.852205
 20
143.912156
 30
0
 10
136.612027
 20
143.912156
 30
0
 10
133.982121
 20
142.393779
 30
0
  0
SPLINE
  5
3C8
100
AcDbEntity
  8
Layer_1
  6
ByLayer
 62
    7
370
   -1
100
AcDbSpline
210
0
220
0
230
0
 70
 4096
 71
    3
 72
    8
 73
    4
 74
    0
 42
1e-07
 43
1e-07
 40
0
 40
0
 40
0
 40
0
 40
1
 40
1
 40
1
 40
1
 10
133.982121
 20
142.393779
 30
0
 10
131.352215
 20
140.875402
 30
0
 10
129.732126
 20
138.069326
 30
0
 10
129.732126
 20
135.032573
 30
0
  0
SPLINE
  5
3C9
100
AcDbEntity
  8
Layer_1
  6
ByLayer
 62
    7
370
   -1
100
AcDbSpline
210
0
220
0
230
0
 70
 4096
 71
    3
 72
    8
 73
    4
 74
    0
 42
1e-07
 43
1e-07
 40
0
 40
0
 40
0
 40
0
 40
1
 40
1
 40
1
 40
1
 10
129.732126
 20
135.032573
 30
0
 10
129.732126
 20
131.995819
 30
0
 10
131.352215
 20
129.189743
 30
0
 10
133.982121
 20
127.671366
 30
0
  0
SPLINE
  5
3CA
100
AcDbEntity
  8
Layer_1
  6
ByLayer
 62
    7
370
   -1
100
AcDbSpline
210
0
220
0
230
0
 70
 4096
 71
    3
 72
    8
 73
    4
 74
    0
 42
1e-07
 43
1e-07
 40
0
 40
0
 40
0
 40
0
 40
1
 40
1
 40
1
 40
1
 10
133.982121
 20
127.671366
 30
0
 10
136.612027
 20
126.152989
 30
0
 10
139.852205
 20
126.152989
 30
0
 10
142.482111
 20
127.671366
 30
0
  0
SPLINE
  5
3CB
100
AcDbEntity
  8
Layer_1
  6
ByLayer
 62
    7
370
   -1
100
AcDbSpline
210
0
220
0
230
0
 70
 4096
 71
    3
 72
    8
 73
    4
 74
    0
 42
1e-07
 43
1e-07
 40
0
 40
0
 40
0
 40
0
 40
1
 40
1
 40
1
 40
1
 10
142.482111
 20
127.671366
 30
0
 10
145.112016
 20
129.189743
 30
0
 10
146.732105
 20
131.995819
 30
0
 10
146.732105
 20
135.032573
 30
0
  0
LWPOLYLINE
  5
3CC
100
AcDbEntity
  8
Layer_1
  6
ByLayer
 62
    7
370
   -1
100
AcDbPolyline
 90
    2
 70
    0
 43
0
 10
163.032074
 20
153.132542
 10
175.031972
 20
153.132542
  0
SPLINE
  5
3CD
100
AcDbEntity
  8
Layer_1
  6
ByLayer
 62
    7
370
   -1
100
AcDbSpline
210
0
220
0
230
0
 70
 4096
 71
    3
 72
    8
 73
    4
 74
    0
 42
1e-07
 43
1e-07
 40
0
 40
0
 40
0
 40
0
 40
1
 40
1
 40
1
 40
1
 10
139.032116
 20
153.13255
 30
0
 10
139.301851
 20
153.13255
 30
0
 10
139.551097
 20
153.276452
 30
0
 10
139.685964
 20
153.51005
 30
0
  0
SPLINE
  5
3CE
100
AcDbEntity
  8
Layer_1
  6
ByLayer
 62
    7
370
   -1
100
AcDbSpline
210
0
220
0
230
0
 70
 4096
 71
    3
 72
    8
 73
    4
 74
    0
 42
1e-07
 43
1e-07
 40
0
 40
0
 40
0
 40
0
 40
1
 40
1
 40
1
 40
1
 10
139.685964
 20
153.51005
 30
0
 10
139.820832
 20
153.743647
 30
0
 10
139.820832
 20
154.031452
 30
0
 10
139.685964
 20
154.265049
 30
0
  0
SPLINE
  5
3CF
100
AcDbEntity
  8
Layer_1
  6
ByLayer
 62
    7
370
   -1
100
AcDbSpline
210
0
220
0
230
0
 70
 4096
 71
    3
 72
    8
 73
    4
 74
    0
 42
1e-07
 43
1e-07
 40
0
 40
0
 40
0
 40
0
 40
1
 40
1
 40
1
 40
1
 10
139.685964
 20
154.265049
 30
0
 10
139.551097
 20
154.498647
 30
0
 10
139.301851
 20
154.642549
 30
0
 10
139.032116
 20
154.642549
 30
0
  0
LWPOLYLINE
  5
3D0
100
AcDbEntity
  8
Layer_1
  6
ByLayer
 62
    7
370
   -1
100
AcDbPolyline
 90
    2
 70
    0
 43
0
 10
127.032118
 20
154.642517
 10
139.032015
 20
154.642517
  0
SPLINE
  5
3D1
100
AcDbEntity
  8
Layer_1
  6
ByLayer
 62
    7
370
   -1
100
AcDbSpline
210
0
220
0
230
0
 70
 4096
 71
    3
 72
    8
 73
    4
 74
    0
 42
1e-07
 43
1e-07
 40
0
 40
0
 40
0
 40
0
 40
1
 40
1
 40
1
 40
1
 10
127.032131
 20
154.642549
 30
0
 10
126.762396
 20
154.642549
 30
0
 10
126.51315
 20
154.498647
 30
0
 10
126.378282
 20
154.265049
 30
0
  0
SPLINE
  5
3D2
100
AcDbEntity
  8
Layer_1
  6
ByLayer
 62
    7
370
   -1
100
AcDbSpline
210
0
220
0
230
0
 70
 4096
 71
    3
 72
    8
 73
    4
 74
    0
 42
1e-07
 43
1e-07
 40
0
 40
0
 40
0
 40
0
 40
1
 40
1
 40
1
 40
1
 10
126.378282
 20
154.265049
 30
0
 10
126.243414
 20
154.031452
 30
0
 10
126.243414
 20
153.743647
 30
0
 10
126.378282
 20
153.51005
 30
0
  0
SPLINE
  5
3D3
100
AcDbEntity
  8
Layer_1
  6
ByLayer
 62
    7
370
   -1
100
AcDbSpline
210
0
220
0
230
0
 70
 4096
 71
    3
 72
    8
 73
    4
 74
    0
 42
1e-07
 43
1e-07
 40
0
 40
0
 40
0
 40
0
 40
1
 40
1
 40
1
 40
1
 10
126.378282
 20
153.51005
 30
0
 10
126.51315
 20
153.276452
 30
0
 10
126.762396
 20
153.13255
 30
0
 10
127.032131
 20
153.13255
 30
0
  0
LWPOLYLINE
  5
3D4
100
AcDbEntity
  8
Layer_1
  6
ByLayer
 62
    7
370
   -1
100
AcDbPolyline
 90
    2
 70
    0
 43
0
 10
127.032118
 20
153.132542
 10
139.032015
 20
153.132542
  0
SPLINE
  5
3D5
100
AcDbEntity
  8
Layer_1
  6
ByLayer
 62
    7
370
   -1
100
AcDbSpline
210
0
220
0
230
0
 70
 4096
 71
    3
 72
    8
 73
    4
 74
    0
 42
1e-07
 43
1e-07
 40
0
 40
0
 40
0
 40
0
 40
1
 40
1
 40
1
 40
1
 10
16.297436
 20
283.45722
 30
0
 10
16.297436
 20
283.547892
 30
0
 10
16.236536
 20
283.627259
 30
0
 10
16.148953
 20
283.650727
 30
0
  0
SPLINE
  5
3D6
100
AcDbEntity
  8
Layer_1
  6
ByLayer
 62
    7
370
   -1
100
AcDbSpline
210
0
220
0
230
0
 70
 4096
 71
    3
 72
    8
 73
    4
 74
    0
 42
1e-07
 43
1e-07
 40
0
 40
0
 40
0
 40
0
 40
1
 40
1
 40
1
 40
1
 10
16.148953
 20
283.650727
 30
0
 10
16.061371
 20
283.674194
 30
0
 10
15.968945
 20
283.63591
 30
0
 10
15.92361
 20
283.557386
 30
0
  0
SPLINE
  5
3D7
100
AcDbEntity
  8
Layer_1
  6
ByLayer
 62
    7
370
   -1
100
AcDbSpline
210
0
220
0
230
0
 70
 4096
 71
    3
 72
    8
 73
    4
 74
    0
 42
1e-07
 43
1e-07
 40
0
 40
0
 40
0
 40
0
 40
1
 40
1
 40
1
 40
1
 10
16.19727
 20
283.283726
 30
0
 10
16.259253
 20
283.319512
 30
0
 10
16.297436
 20
283.385647
 30
0
 10
16.297436
 20
283.45722
 30
0
  0
LWPOLYLINE
  5
3D8
100
AcDbEntity
  8
Layer_1
  6
ByLayer
 62
    7
370
   -1
100
AcDbPolyline
 90
    4
 70
    0
 43
0
 10
13.332283
 20
296.832369
 10
13.332283
 20
284.057392
 10
13.832265
 20
283.557383
 10
15.923609
 20
283.557383
  0
SPLINE
  5
3D9
100
AcDbEntity
  8
Layer_1
  6
ByLayer
 62
    7
370
   -1
100
AcDbSpline
210
0
220
0
230
0
 70
 4096
 71
    3
 72
    8
 73
    4
 74
    0
 42
1e-07
 43
1e-07
 40
0
 40
0
 40
0
 40
0
 40
1
 40
1
 40
1
 40
1
 10
16.297436
 20
273.707565
 30
0
 10
16.297436
 20
273.779137
 30
0
 10
16.259253
 20
273.845273
 30
0
 10
16.19727
 20
273.881059
 30
0
  0
SPLINE
  5
3DA
100
AcDbEntity
  8
Layer_1
  6
ByLayer
 62
    7
370
   -1
100
AcDbSpline
210
0
220
0
230
0
 70
 4096
 71
    3
 72
    8
 73
    4
 74
    0
 42
1e-07
 43
1e-07
 40
0
 40
0
 40
0
 40
0
 40
1
 40
1
 40
1
 40
1
 10
15.92361
 20
273.607399
 30
0
 10
15.968945
 20
273.528874
 30
0
 10
16.061371
 20
273.49059
 30
0
 10
16.148953
 20
273.514058
 30
0
  0
SPLINE
  5
3DB
100
AcDbEntity
  8
Layer_1
  6
ByLayer
 62
    7
370
   -1
100
AcDbSpline
210
0
220
0
230
0
 70
 4096
 71
    3
 72
    8
 73
    4
 74
    0
 42
1e-07
 43
1e-07
 40
0
 40
0
 40
0
 40
0
 40
1
 40
1
 40
1
 40
1
 10
16.148953
 20
273.514058
 30
0
 10
16.236536
 20
273.537526
 30
0
 10
16.297437
 20
273.616893
 30
0
 10
16.297436
 20
273.707565
 30
0
  0
LWPOLYLINE
  5
3DC
100
AcDbEntity
  8
Layer_1
  6
ByLayer
 62
    7
370
   -1
100
AcDbPolyline
 90
    2
 70
    0
 43
0
 10
16.197267
 20
283.283724
 10
16.197267
 20
273.881053
  0
LWPOLYLINE
  5
3DD
100
AcDbEntity
  8
Layer_1
  6
ByLayer
 62
    7
370
   -1
100
AcDbPolyline
 90
    2
 70
    0
 43
0
 10
13.832265
 20
273.607395
 10
15.923609
 20
273.607395
  0
LWPOLYLINE
  5
3DE
100
AcDbEntity
  8
Layer_1
  6
ByLayer
 62
    7
370
   -1
100
AcDbPolyline
 90
    2
 70
    0
 43
0
 10
13.332283
 20
273.107386
 10
13.832265
 20
273.607395
  0
LWPOLYLINE
  5
3DF
100
AcDbEntity
  8
Layer_1
  6
ByLayer
 62
    7
370
   -1
100
AcDbPolyline
 90
    2
 70
    0
 43
0
 10
13.332283
 20
273.107386
 10
13.332283
 20
260.332313
  0
LWPOLYLINE
  5
3E0
100
AcDbEntity
  8
Layer_1
  6
ByLayer
 62
    7
370
   -1
100
AcDbPolyline
 90
    2
 70
    0
 43
0
 10
13.832265
 20
259.832516
 10
13.332283
 20
260.332313
  0
LWPOLYLINE
  5
3E1
100
AcDbEntity
  8
Layer_1
  6
ByLayer
 62
    7
370
   -1
100
AcDbPolyline
 90
    5
 70
    0
 43
0
 10
13.832265
 20
259.832516
 10
88.432104
 20
259.832516
 10
88.932166
 20
260.332313
 10
88.932166
 20
273.107386
 10
88.432104
 20
273.607395
  0
SPLINE
  5
3E2
100
AcDbEntity
  8
Layer_1
  6
ByLayer
 62
    7
370
   -1
100
AcDbSpline
210
0
220
0
230
0
 70
 4096
 71
    3
 72
    8
 73
    4
 74
    0
 42
1e-07
 43
1e-07
 40
0
 40
0
 40
0
 40
0
 40
1
 40
1
 40
1
 40
1
 10
86.067182
 20
273.881059
 30
0
 10
85.994246
 20
273.838948
 30
0
 10
85.95543499999999
 20
273.755718
 30
0
 10
85.97006
 20
273.672778
 30
0
  0
SPLINE
  5
3E3
100
AcDbEntity
  8
Layer_1
  6
ByLayer
 62
    7
370
   -1
100
AcDbSpline
210
0
220
0
230
0
 70
 4096
 71
    3
 72
    8
 73
    4
 74
    0
 42
1e-07
 43
1e-07
 40
0
 40
0
 40
0
 40
0
 40
1
 40
1
 40
1
 40
1
 10
85.97006
 20
273.672778
 30
0
 10
85.984685
 20
273.589838
 30
0
 10
86.049622
 20
273.524901
 30
0
 10
86.13256199999999
 20
273.510277
 30
0
  0
SPLINE
  5
3E4
100
AcDbEntity
  8
Layer_1
  6
ByLayer
 62
    7
370
   -1
100
AcDbSpline
210
0
220
0
230
0
 70
 4096
 71
    3
 72
    8
 73
    4
 74
    0
 42
1e-07
 43
1e-07
 40
0
 40
0
 40
0
 40
0
 40
1
 40
1
 40
1
 40
1
 10
86.13256199999999
 20
273.510277
 30
0
 10
86.215502
 20
273.495652
 30
0
 10
86.298732
 20
273.534463
 30
0
 10
86.34084199999999
 20
273.607399
 30
0
  0
LWPOLYLINE
  5
3E5
100
AcDbEntity
  8
Layer_1
  6
ByLayer
 62
    7
370
   -1
100
AcDbPolyline
 90
    2
 70
    0
 43
0
 10
86.34084
 20
273.607395
 10
88.432104
 20
273.607395
  0
SPLINE
  5
3E6
100
AcDbEntity
  8
Layer_1
  6
ByLayer
 62
    7
370
   -1
100
AcDbSpline
210
0
220
0
230
0
 70
 4096
 71
    3
 72
    8
 73
    4
 74
    0
 42
1e-07
 43
1e-07
 40
0
 40
0
 40
0
 40
0
 40
1
 40
1
 40
1
 40
1
 10
86.34084199999999
 20
283.557386
 30
0
 10
86.298732
 20
283.630322
 30
0
 10
86.215502
 20
283.669133
 30
0
 10
86.13256199999999
 20
283.654508
 30
0
  0
SPLINE
  5
3E7
100
AcDbEntity
  8
Layer_1
  6
ByLayer
 62
    7
370
   -1
100
AcDbSpline
210
0
220
0
230
0
 70
 4096
 71
    3
 72
    8
 73
    4
 74
    0
 42
1e-07
 43
1e-07
 40
0
 40
0
 40
0
 40
0
 40
1
 40
1
 40
1
 40
1
 10
86.13256199999999
 20
283.654508
 30
0
 10
86.049622
 20
283.639883
 30
0
 10
85.984685
 20
283.574947
 30
0
 10
85.97006
 20
283.492007
 30
0
  0
SPLINE
  5
3E8
100
AcDbEntity
  8
Layer_1
  6
ByLayer
 62
    7
370
   -1
100
AcDbSpline
210
0
220
0
230
0
 70
 4096
 71
    3
 72
    8
 73
    4
 74
    0
 42
1e-07
 43
1e-07
 40
0
 40
0
 40
0
 40
0
 40
1
 40
1
 40
1
 40
1
 10
85.97006
 20
283.492007
 30
0
 10
85.95543499999999
 20
283.409067
 30
0
 10
85.994246
 20
283.325836
 30
0
 10
86.067182
 20
283.283726
 30
0
  0
LWPOLYLINE
  5
3E9
100
AcDbEntity
  8
Layer_1
  6
ByLayer
 62
    7
370
   -1
100
AcDbPolyline
 90
    2
 70
    0
 43
0
 10
86.067261
 20
283.283724
 10
86.067261
 20
273.881053
  0
LWPOLYLINE
  5
3EA
100
AcDbEntity
  8
Layer_1
  6
ByLayer
 62
    7
370
   -1
100
AcDbPolyline
 90
    4
 70
    0
 43
0
 10
86.34084
 20
283.557383
 10
88.432104
 20
283.557383
 10
88.932166
 20
284.057392
 10
88.932166
 20
296.832369
  0
LWPOLYLINE
  5
3EB
100
AcDbEntity
  8
Layer_1
  6
ByLayer
 62
    7
370
   -1
100
AcDbPolyline
 90
    3
 70
    0
 43
0
 10
88.932166
 20
297.832368
 10
88.932166
 20
310.607343
 10
88.432104
 20
311.107352
  0
SPLINE
  5
3EC
100
AcDbEntity
  8
Layer_1
  6
ByLayer
 62
    7
370
   -1
100
AcDbSpline
210
0
220
0
230
0
 70
 4096
 71
    3
 72
    8
 73
    4
 74
    0
 42
1e-07
 43
1e-07
 40
0
 40
0
 40
0
 40
0
 40
1
 40
1
 40
1
 40
1
 10
86.067182
 20
311.381012
 30
0
 10
85.994246
 20
311.338901
 30
0
 10
85.95543499999999
 20
311.255671
 30
0
 10
85.97006
 20
311.172731
 30
0
  0
SPLINE
  5
3ED
100
AcDbEntity
  8
Layer_1
  6
ByLayer
 62
    7
370
   -1
100
AcDbSpline
210
0
220
0
230
0
 70
 4096
 71
    3
 72
    8
 73
    4
 74
    0
 42
1e-07
 43
1e-07
 40
0
 40
0
 40
0
 40
0
 40
1
 40
1
 40
1
 40
1
 10
85.97006
 20
311.172731
 30
0
 10
85.984685
 20
311.089791
 30
0
 10
86.049622
 20
311.024854
 30
0
 10
86.13256199999999
 20
311.010229
 30
0
  0
SPLINE
  5
3EE
100
AcDbEntity
  8
Layer_1
  6
ByLayer
 62
    7
370
   -1
100
AcDbSpline
210
0
220
0
230
0
 70
 4096
 71
    3
 72
    8
 73
    4
 74
    0
 42
1e-07
 43
1e-07
 40
0
 40
0
 40
0
 40
0
 40
1
 40
1
 40
1
 40
1
 10
86.13256199999999
 20
311.010229
 30
0
 10
86.215502
 20
310.995605
 30
0
 10
86.298732
 20
311.034416
 30
0
 10
86.34084199999999
 20
311.107351
 30
0
  0
LWPOLYLINE
  5
3EF
100
AcDbEntity
  8
Layer_1
  6
ByLayer
 62
    7
370
   -1
100
AcDbPolyline
 90
    2
 70
    0
 43
0
 10
86.34084
 20
311.107352
 10
88.432104
 20
311.107352
  0
SPLINE
  5
3F0
100
AcDbEntity
  8
Layer_1
  6
ByLayer
 62
    7
370
   -1
100
AcDbSpline
210
0
220
0
230
0
 70
 4096
 71
    3
 72
    8
 73
    4
 74
    0
 42
1e-07
 43
1e-07
 40
0
 40
0
 40
0
 40
0
 40
1
 40
1
 40
1
 40
1
 10
86.34084199999999
 20
321.057339
 30
0
 10
86.298732
 20
321.130275
 30
0
 10
86.215502
 20
321.169086
 30
0
 10
86.13256199999999
 20
321.154461
 30
0
  0
SPLINE
  5
3F1
100
AcDbEntity
  8
Layer_1
  6
ByLayer
 62
    7
370
   -1
100
AcDbSpline
210
0
220
0
230
0
 70
 4096
 71
    3
 72
    8
 73
    4
 74
    0
 42
1e-07
 43
1e-07
 40
0
 40
0
 40
0
 40
0
 40
1
 40
1
 40
1
 40
1
 10
86.13256199999999
 20
321.154461
 30
0
 10
86.049622
 20
321.139836
 30
0
 10
85.984685
 20
321.074899
 30
0
 10
85.97006
 20
320.99196
 30
0
  0
SPLINE
  5
3F2
100
AcDbEntity
  8
Layer_1
  6
ByLayer
 62
    7
370
   -1
100
AcDbSpline
210
0
220
0
230
0
 70
 4096
 71
    3
 72
    8
 73
    4
 74
    0
 42
1e-07
 43
1e-07
 40
0
 40
0
 40
0
 40
0
 40
1
 40
1
 40
1
 40
1
 10
85.97006
 20
320.99196
 30
0
 10
85.95543499999999
 20
320.90902
 30
0
 10
85.994246
 20
320.825789
 30
0
 10
86.067182
 20
320.783679
 30
0
  0
LWPOLYLINE
  5
3F3
100
AcDbEntity
  8
Layer_1
  6
ByLayer
 62
    7
370
   -1
100
AcDbPolyline
 90
    2
 70
    0
 43
0
 10
86.067261
 20
320.783681
 10
86.067261
 20
311.38101
  0
SPLINE
  5
3F4
100
AcDbEntity
  8
Layer_1
  6
ByLayer
 62
    7
370
   -1
100
AcDbSpline
210
0
220
0
230
0
 70
 4096
 71
    3
 72
    8
 73
    4
 74
    0
 42
1e-07
 43
1e-07
 40
0
 40
0
 40
0
 40
0
 40
1
 40
1
 40
1
 40
1
 10
67.360539
 20
334.832322
 30
0
 10
67.360784
 20
334.729403
 30
0
 10
67.44428499999999
 20
334.6461
 30
0
 10
67.54720500000001
 20
334.6461
 30
0
  0
SPLINE
  5
3F5
100
AcDbEntity
  8
Layer_1
  6
ByLayer
 62
    7
370
   -1
100
AcDbSpline
210
0
220
0
230
0
 70
 4096
 71
    3
 72
    8
 73
    4
 74
    0
 42
1e-07
 43
1e-07
 40
0
 40
0
 40
0
 40
0
 40
1
 40
1
 40
1
 40
1
 10
67.54720500000001
 20
334.6461
 30
0
 10
67.65012400000001
 20
334.6461
 30
0
 10
67.733626
 20
334.729403
 30
0
 10
67.73387099999999
 20
334.832322
 30
0
  0
SPLINE
  5
3F6
100
AcDbEntity
  8
Layer_1
  6
ByLayer
 62
    7
370
   -1
100
AcDbSpline
210
0
220
0
230
0
 70
 4096
 71
    3
 72
    8
 73
    4
 74
    0
 42
1e-07
 43
1e-07
 40
0
 40
0
 40
0
 40
0
 40
1
 40
1
 40
1
 40
1
 10
67.54720500000001
 20
335.018988
 30
0
 10
67.444112
 20
335.018987
 30
0
 10
67.360539
 20
334.935414
 30
0
 10
67.360539
 20
334.832322
 30
0
  0
LWPOLYLINE
  5
3F7
100
AcDbEntity
  8
Layer_1
  6
ByLayer
 62
    7
370
   -1
100
AcDbPolyline
 90
    6
 70
    0
 43
0
 10
86.34084
 20
321.05734
 10
88.432104
 20
321.05734
 10
88.932166
 20
321.557349
 10
88.932166
 20
334.33221
 10
88.432104
 20
334.832272
 10
67.73377600000001
 20
334.832272
  0
LWPOLYLINE
  5
3F8
100
AcDbEntity
  8
Layer_1
  6
ByLayer
 62
    7
370
   -1
100
AcDbPolyline
 90
    3
 70
    0
 43
0
 10
67.547245
 20
335.019067
 10
67.547245
 20
337.132292
 10
67.047183
 20
337.632353
  0
LWPOLYLINE
  5
3F9
100
AcDbEntity
  8
Layer_1
  6
ByLayer
 62
    7
370
   -1
100
AcDbPolyline
 90
    2
 70
    0
 43
0
 10
57.897109
 20
337.632353
 10
67.047183
 20
337.632353
  0
LWPOLYLINE
  5
3FA
100
AcDbEntity
  8
Layer_1
  6
ByLayer
 62
    7
370
   -1
100
AcDbPolyline
 90
    2
 70
    0
 43
0
 10
57.897109
 20
337.632353
 10
57.397312
 20
337.132292
  0
SPLINE
  5
3FB
100
AcDbEntity
  8
Layer_1
  6
ByLayer
 62
    7
370
   -1
100
AcDbSpline
210
0
220
0
230
0
 70
 4096
 71
    3
 72
    8
 73
    4
 74
    0
 42
1e-07
 43
1e-07
 40
0
 40
0
 40
0
 40
0
 40
1
 40
1
 40
1
 40
1
 10
57.583885
 20
334.832322
 30
0
 10
57.583885
 20
334.935414
 30
0
 10
57.500312
 20
335.018987
 30
0
 10
57.397219
 20
335.018988
 30
0
  0
SPLINE
  5
3FC
100
AcDbEntity
  8
Layer_1
  6
ByLayer
 62
    7
370
   -1
100
AcDbSpline
210
0
220
0
230
0
 70
 4096
 71
    3
 72
    8
 73
    4
 74
    0
 42
1e-07
 43
1e-07
 40
0
 40
0
 40
0
 40
0
 40
1
 40
1
 40
1
 40
1
 10
57.21055
 20
334.832322
 30
0
 10
57.21055
 20
334.765632
 30
0
 10
57.246129
 20
334.704008
 30
0
 10
57.303884
 20
334.670663
 30
0
  0
SPLINE
  5
3FD
100
AcDbEntity
  8
Layer_1
  6
ByLayer
 62
    7
370
   -1
100
AcDbSpline
210
0
220
0
230
0
 70
 4096
 71
    3
 72
    8
 73
    4
 74
    0
 42
1e-07
 43
1e-07
 40
0
 40
0
 40
0
 40
0
 40
1
 40
1
 40
1
 40
1
 10
57.303884
 20
334.670663
 30
0
 10
57.361639
 20
334.637318
 30
0
 10
57.432796
 20
334.637318
 30
0
 10
57.490551
 20
334.670663
 30
0
  0
SPLINE
  5
3FE
100
AcDbEntity
  8
Layer_1
  6
ByLayer
 62
    7
370
   -1
100
AcDbSpline
210
0
220
0
230
0
 70
 4096
 71
    3
 72
    8
 73
    4
 74
    0
 42
1e-07
 43
1e-07
 40
0
 40
0
 40
0
 40
0
 40
1
 40
1
 40
1
 40
1
 10
57.490551
 20
334.670663
 30
0
 10
57.548306
 20
334.704008
 30
0
 10
57.583885
 20
334.765632
 30
0
 10
57.583885
 20
334.832322
 30
0
  0
LWPOLYLINE
  5
3FF
100
AcDbEntity
  8
Layer_1
  6
ByLayer
 62
    7
370
   -1
100
AcDbPolyline
 90
    2
 70
    0
 43
0
 10
57.397312
 20
335.019067
 10
57.397312
 20
337.132292
  0
SPLINE
  5
400
100
AcDbEntity
  8
Layer_1
  6
ByLayer
 62
    7
370
   -1
100
AcDbSpline
210
0
220
0
230
0
 70
 4096
 71
    3
 72
    8
 73
    4
 74
    0
 42
1e-07
 43
1e-07
 40
0
 40
0
 40
0
 40
0
 40
1
 40
1
 40
1
 40
1
 10
44.680566
 20
334.832322
 30
0
 10
44.680566
 20
334.765632
 30
0
 10
44.716145
 20
334.704008
 30
0
 10
44.7739
 20
334.670663
 30
0
  0
SPLINE
  5
401
100
AcDbEntity
  8
Layer_1
  6
ByLayer
 62
    7
370
   -1
100
AcDbSpline
210
0
220
0
230
0
 70
 4096
 71
    3
 72
    8
 73
    4
 74
    0
 42
1e-07
 43
1e-07
 40
0
 40
0
 40
0
 40
0
 40
1
 40
1
 40
1
 40
1
 10
44.7739
 20
334.670663
 30
0
 10
44.831655
 20
334.637318
 30
0
 10
44.902812
 20
334.637318
 30
0
 10
44.960567
 20
334.670663
 30
0
  0
SPLINE
  5
402
100
AcDbEntity
  8
Layer_1
  6
ByLayer
 62
    7
370
   -1
100
AcDbSpline
210
0
220
0
230
0
 70
 4096
 71
    3
 72
    8
 73
    4
 74
    0
 42
1e-07
 43
1e-07
 40
0
 40
0
 40
0
 40
0
 40
1
 40
1
 40
1
 40
1
 10
44.960567
 20
334.670663
 30
0
 10
45.018322
 20
334.704008
 30
0
 10
45.053901
 20
334.765632
 30
0
 10
45.053901
 20
334.832322
 30
0
  0
SPLINE
  5
403
100
AcDbEntity
  8
Layer_1
  6
ByLayer
 62
    7
370
   -1
100
AcDbSpline
210
0
220
0
230
0
 70
 4096
 71
    3
 72
    8
 73
    4
 74
    0
 42
1e-07
 43
1e-07
 40
0
 40
0
 40
0
 40
0
 40
1
 40
1
 40
1
 40
1
 10
44.867232
 20
335.018988
 30
0
 10
44.76414
 20
335.018987
 30
0
 10
44.680567
 20
334.935414
 30
0
 10
44.680566
 20
334.832322
 30
0
  0
LWPOLYLINE
  5
404
100
AcDbEntity
  8
Layer_1
  6
ByLayer
 62
    7
370
   -1
100
AcDbPolyline
 90
    2
 70
    0
 43
0
 10
57.210516
 20
334.832272
 10
45.053985
 20
334.832272
  0
LWPOLYLINE
  5
405
100
AcDbEntity
  8
Layer_1
  6
ByLayer
 62
    7
370
   -1
100
AcDbPolyline
 90
    3
 70
    0
 43
0
 10
44.86719
 20
335.019067
 10
44.86719
 20
337.132292
 10
44.367128
 20
337.632353
  0
LWPOLYLINE
  5
406
100
AcDbEntity
  8
Layer_1
  6
ByLayer
 62
    7
370
   -1
100
AcDbPolyline
 90
    2
 70
    0
 43
0
 10
35.217319
 20
337.632353
 10
44.367128
 20
337.632353
  0
LWPOLYLINE
  5
407
100
AcDbEntity
  8
Layer_1
  6
ByLayer
 62
    7
370
   -1
100
AcDbPolyline
 90
    2
 70
    0
 43
0
 10
35.217319
 20
337.632353
 10
34.717257
 20
337.132292
  0
SPLINE
  5
408
100
AcDbEntity
  8
Layer_1
  6
ByLayer
 62
    7
370
   -1
100
AcDbSpline
210
0
220
0
230
0
 70
 4096
 71
    3
 72
    8
 73
    4
 74
    0
 42
1e-07
 43
1e-07
 40
0
 40
0
 40
0
 40
0
 40
1
 40
1
 40
1
 40
1
 10
34.903912
 20
334.832322
 30
0
 10
34.903912
 20
334.935414
 30
0
 10
34.820339
 20
335.018987
 30
0
 10
34.717246
 20
335.018988
 30
0
  0
SPLINE
  5
409
100
AcDbEntity
  8
Layer_1
  6
ByLayer
 62
    7
370
   -1
100
AcDbSpline
210
0
220
0
230
0
 70
 4096
 71
    3
 72
    8
 73
    4
 74
    0
 42
1e-07
 43
1e-07
 40
0
 40
0
 40
0
 40
0
 40
1
 40
1
 40
1
 40
1
 10
34.53058
 20
334.832322
 30
0
 10
34.530825
 20
334.729403
 30
0
 10
34.614327
 20
334.6461
 30
0
 10
34.717246
 20
334.6461
 30
0
  0
SPLINE
  5
40A
100
AcDbEntity
  8
Layer_1
  6
ByLayer
 62
    7
370
   -1
100
AcDbSpline
210
0
220
0
230
0
 70
 4096
 71
    3
 72
    8
 73
    4
 74
    0
 42
1e-07
 43
1e-07
 40
0
 40
0
 40
0
 40
0
 40
1
 40
1
 40
1
 40
1
 10
34.717246
 20
334.6461
 30
0
 10
34.820166
 20
334.6461
 30
0
 10
34.903667
 20
334.729403
 30
0
 10
34.903912
 20
334.832322
 30
0
  0
LWPOLYLINE
  5
40B
100
AcDbEntity
  8
Layer_1
  6
ByLayer
 62
    7
370
   -1
100
AcDbPolyline
 90
    2
 70
    0
 43
0
 10
34.717257
 20
335.019067
 10
34.717257
 20
337.132292
  0
SPLINE
  5
40C
100
AcDbEntity
  8
Layer_1
  6
ByLayer
 62
    7
370
   -1
100
AcDbSpline
210
0
220
0
230
0
 70
 4096
 71
    3
 72
    8
 73
    4
 74
    0
 42
1e-07
 43
1e-07
 40
0
 40
0
 40
0
 40
0
 40
1
 40
1
 40
1
 40
1
 10
16.297436
 20
320.957172
 30
0
 10
16.297437
 20
321.047844
 30
0
 10
16.236536
 20
321.127212
 30
0
 10
16.148953
 20
321.15068
 30
0
  0
SPLINE
  5
40D
100
AcDbEntity
  8
Layer_1
  6
ByLayer
 62
    7
370
   -1
100
AcDbSpline
210
0
220
0
230
0
 70
 4096
 71
    3
 72
    8
 73
    4
 74
    0
 42
1e-07
 43
1e-07
 40
0
 40
0
 40
0
 40
0
 40
1
 40
1
 40
1
 40
1
 10
16.148953
 20
321.15068
 30
0
 10
16.061371
 20
321.174147
 30
0
 10
15.968945
 20
321.135863
 30
0
 10
15.92361
 20
321.057339
 30
0
  0
SPLINE
  5
40E
100
AcDbEntity
  8
Layer_1
  6
ByLayer
 62
    7
370
   -1
100
AcDbSpline
210
0
220
0
230
0
 70
 4096
 71
    3
 72
    8
 73
    4
 74
    0
 42
1e-07
 43
1e-07
 40
0
 40
0
 40
0
 40
0
 40
1
 40
1
 40
1
 40
1
 10
16.19727
 20
320.783679
 30
0
 10
16.259253
 20
320.819465
 30
0
 10
16.297436
 20
320.8856
 30
0
 10
16.297436
 20
320.957172
 30
0
  0
LWPOLYLINE
  5
40F
100
AcDbEntity
  8
Layer_1
  6
ByLayer
 62
    7
370
   -1
100
AcDbPolyline
 90
    6
 70
    0
 43
0
 10
34.530461
 20
334.832272
 10
13.832265
 20
334.832272
 10
13.332283
 20
334.33221
 10
13.332283
 20
321.557349
 10
13.832265
 20
321.05734
 10
15.923609
 20
321.05734
  0
SPLINE
  5
410
100
AcDbEntity
  8
Layer_1
  6
ByLayer
 62
    7
370
   -1
100
AcDbSpline
210
0
220
0
230
0
 70
 4096
 71
    3
 72
    8
 73
    4
 74
    0
 42
1e-07
 43
1e-07
 40
0
 40
0
 40
0
 40
0
 40
1
 40
1
 40
1
 40
1
 10
16.297436
 20
311.207518
 30
0
 10
16.297436
 20
311.27909
 30
0
 10
16.259253
 20
311.345225
 30
0
 10
16.19727
 20
311.381012
 30
0
  0
SPLINE
  5
411
100
AcDbEntity
  8
Layer_1
  6
ByLayer
 62
    7
370
   -1
100
AcDbSpline
210
0
220
0
230
0
 70
 4096
 71
    3
 72
    8
 73
    4
 74
    0
 42
1e-07
 43
1e-07
 40
0
 40
0
 40
0
 40
0
 40
1
 40
1
 40
1
 40
1
 10
15.92361
 20
311.107351
 30
0
 10
15.968945
 20
311.028827
 30
0
 10
16.061371
 20
310.990543
 30
0
 10
16.148953
 20
311.014011
 30
0
  0
SPLINE
  5
412
100
AcDbEntity
  8
Layer_1
  6
ByLayer
 62
    7
370
   -1
100
AcDbSpline
210
0
220
0
230
0
 70
 4096
 71
    3
 72
    8
 73
    4
 74
    0
 42
1e-07
 43
1e-07
 40
0
 40
0
 40
0
 40
0
 40
1
 40
1
 40
1
 40
1
 10
16.148953
 20
311.014011
 30
0
 10
16.236536
 20
311.037478
 30
0
 10
16.297436
 20
311.116846
 30
0
 10
16.297436
 20
311.207518
 30
0
  0
LWPOLYLINE
  5
413
100
AcDbEntity
  8
Layer_1
  6
ByLayer
 62
    7
370
   -1
100
AcDbPolyline
 90
    2
 70
    0
 43
0
 10
16.197267
 20
320.783681
 10
16.197267
 20
311.38101
  0
LWPOLYLINE
  5
414
100
AcDbEntity
  8
Layer_1
  6
ByLayer
 62
    7
370
   -1
100
AcDbPolyline
 90
    2
 70
    0
 43
0
 10
13.832265
 20
311.107352
 10
15.923609
 20
311.107352
  0
LWPOLYLINE
  5
415
100
AcDbEntity
  8
Layer_1
  6
ByLayer
 62
    7
370
   -1
100
AcDbPolyline
 90
    3
 70
    0
 43
0
 10
13.832265
 20
311.107352
 10
13.332283
 20
310.607343
 10
13.332283
 20
297.832368
  0
LWPOLYLINE
  5
416
100
AcDbEntity
  8
Layer_1
  6
ByLayer
 62
    7
370
   -1
100
AcDbPolyline
 90
    4
 70
    1
 43
0
 10
52.532159
 20
307.833825
 10
52.532159
 20
297.833847
 10
49.732342
 20
297.833847
 10
49.732342
 20
307.833825
  0
LWPOLYLINE
  5
417
100
AcDbEntity
  8
Layer_1
  6
ByLayer
 62
    7
370
   -1
100
AcDbPolyline
 90
    2
 70
    0
 43
0
 10
55.707155
 20
118.032697
 10
51.632313
 20
118.032697
  0
LWPOLYLINE
  5
418
100
AcDbEntity
  8
Layer_1
  6
ByLayer
 62
    7
370
   -1
100
AcDbPolyline
 90
    2
 70
    0
 43
0
 10
56.207217
 20
118.532494
 10
55.707155
 20
118.032697
  0
SPLINE
  5
419
100
AcDbEntity
  8
Layer_1
  6
ByLayer
 62
    7
370
   -1
100
AcDbSpline
210
0
220
0
230
0
 70
 4096
 71
    3
 72
    8
 73
    4
 74
    0
 42
1e-07
 43
1e-07
 40
0
 40
0
 40
0
 40
0
 40
1
 40
1
 40
1
 40
1
 10
56.020554
 20
120.832591
 30
0
 10
56.020554
 20
120.729498
 30
0
 10
56.104127
 20
120.645925
 30
0
 10
56.20722
 20
120.645925
 30
0
  0
SPLINE
  5
41A
100
AcDbEntity
  8
Layer_1
  6
ByLayer
 62
    7
370
   -1
100
AcDbSpline
210
0
220
0
230
0
 70
 4096
 71
    3
 72
    8
 73
    4
 74
    0
 42
1e-07
 43
1e-07
 40
0
 40
0
 40
0
 40
0
 40
1
 40
1
 40
1
 40
1
 10
56.393886
 20
120.832591
 30
0
 10
56.393641
 20
120.93551
 30
0
 10
56.310139
 20
121.018813
 30
0
 10
56.20722
 20
121.018813
 30
0
  0
SPLINE
  5
41B
100
AcDbEntity
  8
Layer_1
  6
ByLayer
 62
    7
370
   -1
100
AcDbSpline
210
0
220
0
230
0
 70
 4096
 71
    3
 72
    8
 73
    4
 74
    0
 42
1e-07
 43
1e-07
 40
0
 40
0
 40
0
 40
0
 40
1
 40
1
 40
1
 40
1
 10
56.20722
 20
121.018813
 30
0
 10
56.1043
 20
121.018813
 30
0
 10
56.020799
 20
120.93551
 30
0
 10
56.020554
 20
120.832591
 30
0
  0
LWPOLYLINE
  5
41C
100
AcDbEntity
  8
Layer_1
  6
ByLayer
 62
    7
370
   -1
100
AcDbPolyline
 90
    2
 70
    0
 43
0
 10
56.207217
 20
120.645983
 10
56.207217
 20
118.532494
  0
LWPOLYLINE
  5
41D
100
AcDbEntity
  8
Layer_1
  6
ByLayer
 62
    7
370
   -1
100
AcDbPolyline
 90
    2
 70
    0
 43
0
 10
56.394013
 20
120.832514
 10
88.432104
 20
120.832514
  0
LWPOLYLINE
  5
41E
100
AcDbEntity
  8
Layer_1
  6
ByLayer
 62
    7
370
   -1
100
AcDbPolyline
 90
    2
 70
    0
 43
0
 10
88.932166
 20
121.332576
 10
88.432104
 20
120.832514
  0
LWPOLYLINE
  5
41F
100
AcDbEntity
  8
Layer_1
  6
ByLayer
 62
    7
370
   -1
100
AcDbPolyline
 90
    2
 70
    0
 43
0
 10
88.932166
 20
135.357592
 10
88.932166
 20
121.332576
  0
LWPOLYLINE
  5
420
100
AcDbEntity
  8
Layer_1
  6
ByLayer
 62
    7
370
   -1
100
AcDbPolyline
 90
    2
 70
    0
 43
0
 10
88.432104
 20
135.857653
 10
88.932166
 20
135.357592
  0
SPLINE
  5
421
100
AcDbEntity
  8
Layer_1
  6
ByLayer
 62
    7
370
   -1
100
AcDbSpline
210
0
220
0
230
0
 70
 4096
 71
    3
 72
    8
 73
    4
 74
    0
 42
1e-07
 43
1e-07
 40
0
 40
0
 40
0
 40
0
 40
1
 40
1
 40
1
 40
1
 10
85.967016
 20
135.95774
 30
0
 10
85.967015
 20
135.867068
 30
0
 10
86.02791499999999
 20
135.787699
 30
0
 10
86.115498
 20
135.764231
 30
0
  0
SPLINE
  5
422
100
AcDbEntity
  8
Layer_1
  6
ByLayer
 62
    7
370
   -1
100
AcDbSpline
210
0
220
0
230
0
 70
 4096
 71
    3
 72
    8
 73
    4
 74
    0
 42
1e-07
 43
1e-07
 40
0
 40
0
 40
0
 40
0
 40
1
 40
1
 40
1
 40
1
 10
86.115498
 20
135.764231
 30
0
 10
86.20308
 20
135.740763
 30
0
 10
86.295506
 20
135.779047
 30
0
 10
86.34084199999999
 20
135.857571
 30
0
  0
SPLINE
  5
423
100
AcDbEntity
  8
Layer_1
  6
ByLayer
 62
    7
370
   -1
100
AcDbSpline
210
0
220
0
230
0
 70
 4096
 71
    3
 72
    8
 73
    4
 74
    0
 42
1e-07
 43
1e-07
 40
0
 40
0
 40
0
 40
0
 40
1
 40
1
 40
1
 40
1
 10
86.067182
 20
136.131232
 30
0
 10
86.005199
 20
136.095446
 30
0
 10
85.967016
 20
136.029311
 30
0
 10
85.967016
 20
135.95774
 30
0
  0
LWPOLYLINE
  5
424
100
AcDbEntity
  8
Layer_1
  6
ByLayer
 62
    7
370
   -1
100
AcDbPolyline
 90
    2
 70
    0
 43
0
 10
88.432104
 20
135.857653
 10
86.34084
 20
135.857653
  0
SPLINE
  5
425
100
AcDbEntity
  8
Layer_1
  6
ByLayer
 62
    7
370
   -1
100
AcDbSpline
210
0
220
0
230
0
 70
 4096
 71
    3
 72
    8
 73
    4
 74
    0
 42
1e-07
 43
1e-07
 40
0
 40
0
 40
0
 40
0
 40
1
 40
1
 40
1
 40
1
 10
85.967016
 20
145.707393
 30
0
 10
85.967016
 20
145.635822
 30
0
 10
86.005199
 20
145.569687
 30
0
 10
86.067182
 20
145.533901
 30
0
  0
SPLINE
  5
426
100
AcDbEntity
  8
Layer_1
  6
ByLayer
 62
    7
370
   -1
100
AcDbSpline
210
0
220
0
230
0
 70
 4096
 71
    3
 72
    8
 73
    4
 74
    0
 42
1e-07
 43
1e-07
 40
0
 40
0
 40
0
 40
0
 40
1
 40
1
 40
1
 40
1
 10
86.34084199999999
 20
145.807559
 30
0
 10
86.295507
 20
145.886083
 30
0
 10
86.203081
 20
145.924367
 30
0
 10
86.115499
 20
145.9009
 30
0
  0
SPLINE
  5
427
100
AcDbEntity
  8
Layer_1
  6
ByLayer
 62
    7
370
   -1
100
AcDbSpline
210
0
220
0
230
0
 70
 4096
 71
    3
 72
    8
 73
    4
 74
    0
 42
1e-07
 43
1e-07
 40
0
 40
0
 40
0
 40
0
 40
1
 40
1
 40
1
 40
1
 10
86.115499
 20
145.9009
 30
0
 10
86.027917
 20
145.877432
 30
0
 10
85.967016
 20
145.798065
 30
0
 10
85.967016
 20
145.707393
 30
0
  0
LWPOLYLINE
  5
428
100
AcDbEntity
  8
Layer_1
  6
ByLayer
 62
    7
370
   -1
100
AcDbPolyline
 90
    2
 70
    0
 43
0
 10
86.067261
 20
136.131232
 10
86.067261
 20
145.533983
  0
LWPOLYLINE
  5
429
100
AcDbEntity
  8
Layer_1
  6
ByLayer
 62
    7
370
   -1
100
AcDbPolyline
 90
    2
 70
    0
 43
0
 10
88.432104
 20
145.807562
 10
86.34084
 20
145.807562
  0
LWPOLYLINE
  5
42A
100
AcDbEntity
  8
Layer_1
  6
ByLayer
 62
    7
370
   -1
100
AcDbPolyline
 90
    2
 70
    0
 43
0
 10
88.932166
 20
146.307624
 10
88.432104
 20
145.807562
  0
SPLINE
  5
42B
100
AcDbEntity
  8
Layer_1
  6
ByLayer
 62
    7
370
   -1
100
AcDbSpline
210
0
220
0
230
0
 70
 4096
 71
    3
 72
    8
 73
    4
 74
    0
 42
1e-07
 43
1e-07
 40
0
 40
0
 40
0
 40
0
 40
1
 40
1
 40
1
 40
1
 10
88.932179
 20
159.632542
 30
0
 10
88.932179
 20
159.853455
 30
0
 10
88.75309300000001
 20
160.032541
 30
0
 10
88.53218
 20
160.032541
 30
0
  0
LWPOLYLINE
  5
42C
100
AcDbEntity
  8
Layer_1
  6
ByLayer
 62
    7
370
   -1
100
AcDbPolyline
 90
    2
 70
    0
 43
0
 10
88.932166
 20
159.632553
 10
88.932166
 20
146.307624
  0
SPLINE
  5
42D
100
AcDbEntity
  8
Layer_1
  6
ByLayer
 62
    7
370
   -1
100
AcDbSpline
210
0
220
0
230
0
 70
 4096
 71
    3
 72
    8
 73
    4
 74
    0
 42
1e-07
 43
1e-07
 40
0
 40
0
 40
0
 40
0
 40
1
 40
1
 40
1
 40
1
 10
74.93219499999999
 20
160.83254
 30
0
 10
74.711462
 20
160.832286
 30
0
 10
74.532656
 20
160.653274
 30
0
 10
74.532656
 20
160.432541
 30
0
  0
SPLINE
  5
42E
100
AcDbEntity
  8
Layer_1
  6
ByLayer
 62
    7
370
   -1
100
AcDbSpline
210
0
220
0
230
0
 70
 4096
 71
    3
 72
    8
 73
    4
 74
    0
 42
1e-07
 43
1e-07
 40
0
 40
0
 40
0
 40
0
 40
1
 40
1
 40
1
 40
1
 10
74.532656
 20
160.432541
 30
0
 10
74.532656
 20
160.211807
 30
0
 10
74.711462
 20
160.032795
 30
0
 10
74.93219499999999
 20
160.032541
 30
0
  0
LWPOLYLINE
  5
42F
100
AcDbEntity
  8
Layer_1
  6
ByLayer
 62
    7
370
   -1
100
AcDbPolyline
 90
    2
 70
    0
 43
0
 10
74.93228499999999
 20
160.032602
 10
88.532116
 20
160.032602
  0
SPLINE
  5
430
100
AcDbEntity
  8
Layer_1
  6
ByLayer
 62
    7
370
   -1
100
AcDbSpline
210
0
220
0
230
0
 70
 4096
 71
    3
 72
    8
 73
    4
 74
    0
 42
1e-07
 43
1e-07
 40
0
 40
0
 40
0
 40
0
 40
1
 40
1
 40
1
 40
1
 10
88.53218
 20
160.83254
 30
0
 10
88.638266
 20
160.83254
 30
0
 10
88.740008
 20
160.874683
 30
0
 10
88.815023
 20
160.949698
 30
0
  0
SPLINE
  5
431
100
AcDbEntity
  8
Layer_1
  6
ByLayer
 62
    7
370
   -1
100
AcDbSpline
210
0
220
0
230
0
 70
 4096
 71
    3
 72
    8
 73
    4
 74
    0
 42
1e-07
 43
1e-07
 40
0
 40
0
 40
0
 40
0
 40
1
 40
1
 40
1
 40
1
 10
88.815023
 20
160.949698
 30
0
 10
88.89003700000001
 20
161.024713
 30
0
 10
88.932179
 20
161.126455
 30
0
 10
88.932179
 20
161.232542
 30
0
  0
LWPOLYLINE
  5
432
100
AcDbEntity
  8
Layer_1
  6
ByLayer
 62
    7
370
   -1
100
AcDbPolyline
 90
    2
 70
    0
 43
0
 10
88.532116
 20
160.832437
 10
74.93228499999999
 20
160.832437
  0
SPLINE
  5
433
100
AcDbEntity
  8
Layer_1
  6
ByLayer
 62
    7
370
   -1
100
AcDbSpline
210
0
220
0
230
0
 70
 4096
 71
    3
 72
    8
 73
    4
 74
    0
 42
1e-07
 43
1e-07
 40
0
 40
0
 40
0
 40
0
 40
1
 40
1
 40
1
 40
1
 10
88.932179
 20
163.385324
 30
0
 10
88.932179
 20
163.536833
 30
0
 10
88.84657799999999
 20
163.675339
 30
0
 10
88.71106399999999
 20
163.743096
 30
0
  0
LWPOLYLINE
  5
434
100
AcDbEntity
  8
Layer_1
  6
ByLayer
 62
    7
370
   -1
100
AcDbPolyline
 90
    2
 70
    0
 43
0
 10
88.932166
 20
161.232486
 10
88.932166
 20
163.385398
  0
LWPOLYLINE
  5
435
100
AcDbEntity
  8
Layer_1
  6
ByLayer
 62
    7
370
   -1
100
AcDbPolyline
 90
    4
 70
    0
 43
0
 10
88.71097399999999
 20
163.743114
 10
86.93218299999999
 20
164.632642
 10
86.93218299999999
 20
163.632518
 10
84.13210100000001
 20
163.632518
  0
LWPOLYLINE
  5
436
100
AcDbEntity
  8
Layer_1
  6
ByLayer
 62
    7
370
   -1
100
AcDbPolyline
 90
    2
 70
    0
 43
0
 10
84.13210100000001
 20
165.632501
 10
84.13210100000001
 20
163.632518
  0
SPLINE
  5
437
100
AcDbEntity
  8
Layer_1
  6
ByLayer
 62
    7
370
   -1
100
AcDbSpline
210
0
220
0
230
0
 70
 4096
 71
    3
 72
    8
 73
    4
 74
    0
 42
1e-07
 43
1e-07
 40
0
 40
0
 40
0
 40
0
 40
1
 40
1
 40
1
 40
1
 10
76.61543
 20
163.632537
 30
0
 10
76.65038699999999
 20
163.632536
 30
0
 10
76.685193
 20
163.637117
 30
0
 10
76.718959
 20
163.646163
 30
0
  0
LWPOLYLINE
  5
438
100
AcDbEntity
  8
Layer_1
  6
ByLayer
 62
    7
370
   -1
100
AcDbPolyline
 90
    2
 70
    0
 43
0
 10
76.719014
 20
163.646277
 10
84.13210100000001
 20
165.632501
  0
LWPOLYLINE
  5
439
100
AcDbEntity
  8
Layer_1
  6
ByLayer
 62
    7
370
   -1
100
AcDbPolyline
 90
    2
 70
    0
 43
0
 10
51.632313
 20
163.632518
 10
76.615562
 20
163.632518
  0
LWPOLYLINE
  5
43A
100
AcDbEntity
  8
Layer_1
  6
ByLayer
 62
    7
370
   -1
100
AcDbPolyline
 90
    2
 70
    0
 43
0
 10
88.932166
 20
161.232486
 10
88.932166
 20
159.632553
  0
LWPOLYLINE
  5
43B
100
AcDbEntity
  8
Layer_1
  6
ByLayer
 62
    7
370
   -1
100
AcDbPolyline
 90
    2
 70
    0
 43
0
 10
13.332283
 20
161.232486
 10
13.332283
 20
159.632553
  0
SPLINE
  5
43C
100
AcDbEntity
  8
Layer_1
  6
ByLayer
 62
    7
370
   -1
100
AcDbSpline
210
0
220
0
230
0
 70
 4096
 71
    3
 72
    8
 73
    4
 74
    0
 42
1e-07
 43
1e-07
 40
0
 40
0
 40
0
 40
0
 40
1
 40
1
 40
1
 40
1
 10
25.545493
 20
163.646166
 30
0
 10
25.579259
 20
163.637119
 30
0
 10
25.614064
 20
163.632538
 30
0
 10
25.649021
 20
163.63254
 30
0
  0
LWPOLYLINE
  5
43D
100
AcDbEntity
  8
Layer_1
  6
ByLayer
 62
    7
370
   -1
100
AcDbPolyline
 90
    2
 70
    0
 43
0
 10
25.649018
 20
163.632518
 10
50.632189
 20
163.632518
  0
LWPOLYLINE
  5
43E
100
AcDbEntity
  8
Layer_1
  6
ByLayer
 62
    7
370
   -1
100
AcDbPolyline
 90
    2
 70
    0
 43
0
 10
18.132268
 20
165.632501
 10
25.545487
 20
163.646277
  0
LWPOLYLINE
  5
43F
100
AcDbEntity
  8
Layer_1
  6
ByLayer
 62
    7
370
   -1
100
AcDbPolyline
 90
    2
 70
    0
 43
0
 10
18.132268
 20
163.632518
 10
18.132268
 20
165.632501
  0
LWPOLYLINE
  5
440
100
AcDbEntity
  8
Layer_1
  6
ByLayer
 62
    7
370
   -1
100
AcDbPolyline
 90
    2
 70
    0
 43
0
 10
15.332266
 20
163.632518
 10
18.132268
 20
163.632518
  0
LWPOLYLINE
  5
441
100
AcDbEntity
  8
Layer_1
  6
ByLayer
 62
    7
370
   -1
100
AcDbPolyline
 90
    2
 70
    0
 43
0
 10
15.332266
 20
164.632642
 10
15.332266
 20
163.632518
  0
SPLINE
  5
442
100
AcDbEntity
  8
Layer_1
  6
ByLayer
 62
    7
370
   -1
100
AcDbSpline
210
0
220
0
230
0
 70
 4096
 71
    3
 72
    8
 73
    4
 74
    0
 42
1e-07
 43
1e-07
 40
0
 40
0
 40
0
 40
0
 40
1
 40
1
 40
1
 40
1
 10
13.553388
 20
163.743096
 30
0
 10
13.417874
 20
163.675339
 30
0
 10
13.332273
 20
163.536833
 30
0
 10
13.332273
 20
163.385324
 30
0
  0
LWPOLYLINE
  5
443
100
AcDbEntity
  8
Layer_1
  6
ByLayer
 62
    7
370
   -1
100
AcDbPolyline
 90
    2
 70
    0
 43
0
 10
13.553395
 20
163.743114
 10
15.332266
 20
164.632642
  0
SPLINE
  5
444
100
AcDbEntity
  8
Layer_1
  6
ByLayer
 62
    7
370
   -1
100
AcDbSpline
210
0
220
0
230
0
 70
 4096
 71
    3
 72
    8
 73
    4
 74
    0
 42
1e-07
 43
1e-07
 40
0
 40
0
 40
0
 40
0
 40
1
 40
1
 40
1
 40
1
 10
13.332273
 20
161.232542
 30
0
 10
13.332273
 20
161.126455
 30
0
 10
13.374415
 20
161.024713
 30
0
 10
13.44943
 20
160.949698
 30
0
  0
SPLINE
  5
445
100
AcDbEntity
  8
Layer_1
  6
ByLayer
 62
    7
370
   -1
100
AcDbSpline
210
0
220
0
230
0
 70
 4096
 71
    3
 72
    8
 73
    4
 74
    0
 42
1e-07
 43
1e-07
 40
0
 40
0
 40
0
 40
0
 40
1
 40
1
 40
1
 40
1
 10
13.44943
 20
160.949698
 30
0
 10
13.524444
 20
160.874683
 30
0
 10
13.626186
 20
160.83254
 30
0
 10
13.732273
 20
160.83254
 30
0
  0
LWPOLYLINE
  5
446
100
AcDbEntity
  8
Layer_1
  6
ByLayer
 62
    7
370
   -1
100
AcDbPolyline
 90
    2
 70
    0
 43
0
 10
13.332283
 20
163.385398
 10
13.332283
 20
161.232486
  0
SPLINE
  5
447
100
AcDbEntity
  8
Layer_1
  6
ByLayer
 62
    7
370
   -1
100
AcDbSpline
210
0
220
0
230
0
 70
 4096
 71
    3
 72
    8
 73
    4
 74
    0
 42
1e-07
 43
1e-07
 40
0
 40
0
 40
0
 40
0
 40
1
 40
1
 40
1
 40
1
 10
27.332256
 20
160.032541
 30
0
 10
27.55299
 20
160.032795
 30
0
 10
27.731795
 20
160.211807
 30
0
 10
27.731795
 20
160.432541
 30
0
  0
SPLINE
  5
448
100
AcDbEntity
  8
Layer_1
  6
ByLayer
 62
    7
370
   -1
100
AcDbSpline
210
0
220
0
230
0
 70
 4096
 71
    3
 72
    8
 73
    4
 74
    0
 42
1e-07
 43
1e-07
 40
0
 40
0
 40
0
 40
0
 40
1
 40
1
 40
1
 40
1
 10
27.731795
 20
160.432541
 30
0
 10
27.731795
 20
160.653274
 30
0
 10
27.55299
 20
160.832286
 30
0
 10
27.332256
 20
160.83254
 30
0
  0
LWPOLYLINE
  5
449
100
AcDbEntity
  8
Layer_1
  6
ByLayer
 62
    7
370
   -1
100
AcDbPolyline
 90
    2
 70
    0
 43
0
 10
13.73228
 20
160.832437
 10
27.332216
 20
160.832437
  0
SPLINE
  5
44A
100
AcDbEntity
  8
Layer_1
  6
ByLayer
 62
    7
370
   -1
100
AcDbSpline
210
0
220
0
230
0
 70
 4096
 71
    3
 72
    8
 73
    4
 74
    0
 42
1e-07
 43
1e-07
 40
0
 40
0
 40
0
 40
0
 40
1
 40
1
 40
1
 40
1
 10
13.732273
 20
160.032541
 30
0
 10
13.511359
 20
160.032541
 30
0
 10
13.332274
 20
159.853456
 30
0
 10
13.332273
 20
159.632542
 30
0
  0
LWPOLYLINE
  5
44B
100
AcDbEntity
  8
Layer_1
  6
ByLayer
 62
    7
370
   -1
100
AcDbPolyline
 90
    2
 70
    0
 43
0
 10
27.332216
 20
160.032602
 10
13.73228
 20
160.032602
  0
LWPOLYLINE
  5
44C
100
AcDbEntity
  8
Layer_1
  6
ByLayer
 62
    7
370
   -1
100
AcDbPolyline
 90
    2
 70
    0
 43
0
 10
13.332283
 20
159.632553
 10
13.332283
 20
146.307624
  0
LWPOLYLINE
  5
44D
100
AcDbEntity
  8
Layer_1
  6
ByLayer
 62
    7
370
   -1
100
AcDbPolyline
 90
    2
 70
    0
 43
0
 10
13.832265
 20
145.807562
 10
13.332283
 20
146.307624
  0
SPLINE
  5
44E
100
AcDbEntity
  8
Layer_1
  6
ByLayer
 62
    7
370
   -1
100
AcDbSpline
210
0
220
0
230
0
 70
 4096
 71
    3
 72
    8
 73
    4
 74
    0
 42
1e-07
 43
1e-07
 40
0
 40
0
 40
0
 40
0
 40
1
 40
1
 40
1
 40
1
 10
16.19727
 20
145.533901
 30
0
 10
16.270207
 20
145.57601
 30
0
 10
16.309019
 20
145.659242
 30
0
 10
16.294394
 20
145.742183
 30
0
  0
SPLINE
  5
44F
100
AcDbEntity
  8
Layer_1
  6
ByLayer
 62
    7
370
   -1
100
AcDbSpline
210
0
220
0
230
0
 70
 4096
 71
    3
 72
    8
 73
    4
 74
    0
 42
1e-07
 43
1e-07
 40
0
 40
0
 40
0
 40
0
 40
1
 40
1
 40
1
 40
1
 10
16.294394
 20
145.742183
 30
0
 10
16.279769
 20
145.825123
 30
0
 10
16.214831
 20
145.890061
 30
0
 10
16.131891
 20
145.904685
 30
0
  0
SPLINE
  5
450
100
AcDbEntity
  8
Layer_1
  6
ByLayer
 62
    7
370
   -1
100
AcDbSpline
210
0
220
0
230
0
 70
 4096
 71
    3
 72
    8
 73
    4
 74
    0
 42
1e-07
 43
1e-07
 40
0
 40
0
 40
0
 40
0
 40
1
 40
1
 40
1
 40
1
 10
16.131891
 20
145.904685
 30
0
 10
16.04895
 20
145.919309
 30
0
 10
15.965719
 20
145.880497
 30
0
 10
15.92361
 20
145.807559
 30
0
  0
LWPOLYLINE
  5
451
100
AcDbEntity
  8
Layer_1
  6
ByLayer
 62
    7
370
   -1
100
AcDbPolyline
 90
    2
 70
    0
 43
0
 10
15.923609
 20
145.807562
 10
13.832265
 20
145.807562
  0
SPLINE
  5
452
100
AcDbEntity
  8
Layer_1
  6
ByLayer
 62
    7
370
   -1
100
AcDbSpline
210
0
220
0
230
0
 70
 4096
 71
    3
 72
    8
 73
    4
 74
    0
 42
1e-07
 43
1e-07
 40
0
 40
0
 40
0
 40
0
 40
1
 40
1
 40
1
 40
1
 10
15.92361
 20
135.857571
 30
0
 10
15.96572
 20
135.784636
 30
0
 10
16.048951
 20
135.745825
 30
0
 10
16.13189
 20
135.76045
 30
0
  0
SPLINE
  5
453
100
AcDbEntity
  8
Layer_1
  6
ByLayer
 62
    7
370
   -1
100
AcDbSpline
210
0
220
0
230
0
 70
 4096
 71
    3
 72
    8
 73
    4
 74
    0
 42
1e-07
 43
1e-07
 40
0
 40
0
 40
0
 40
0
 40
1
 40
1
 40
1
 40
1
 10
16.13189
 20
135.76045
 30
0
 10
16.21483
 20
135.775075
 30
0
 10
16.279767
 20
135.840012
 30
0
 10
16.294392
 20
135.922952
 30
0
  0
SPLINE
  5
454
100
AcDbEntity
  8
Layer_1
  6
ByLayer
 62
    7
370
   -1
100
AcDbSpline
210
0
220
0
230
0
 70
 4096
 71
    3
 72
    8
 73
    4
 74
    0
 42
1e-07
 43
1e-07
 40
0
 40
0
 40
0
 40
0
 40
1
 40
1
 40
1
 40
1
 10
16.294392
 20
135.922952
 30
0
 10
16.309016
 20
136.005892
 30
0
 10
16.270206
 20
136.089122
 30
0
 10
16.19727
 20
136.131232
 30
0
  0
LWPOLYLINE
  5
455
100
AcDbEntity
  8
Layer_1
  6
ByLayer
 62
    7
370
   -1
100
AcDbPolyline
 90
    2
 70
    0
 43
0
 10
16.197267
 20
136.131232
 10
16.197267
 20
145.533983
  0
LWPOLYLINE
  5
456
100
AcDbEntity
  8
Layer_1
  6
ByLayer
 62
    7
370
   -1
100
AcDbPolyline
 90
    2
 70
    0
 43
0
 10
15.923609
 20
135.857653
 10
13.832265
 20
135.857653
  0
LWPOLYLINE
  5
457
100
AcDbEntity
  8
Layer_1
  6
ByLayer
 62
    7
370
   -1
100
AcDbPolyline
 90
    2
 70
    0
 43
0
 10
13.332283
 20
135.357592
 10
13.832265
 20
135.857653
  0
LWPOLYLINE
  5
458
100
AcDbEntity
  8
Layer_1
  6
ByLayer
 62
    7
370
   -1
100
AcDbPolyline
 90
    2
 70
    0
 43
0
 10
13.332283
 20
135.357592
 10
13.332283
 20
121.332576
  0
LWPOLYLINE
  5
459
100
AcDbEntity
  8
Layer_1
  6
ByLayer
 62
    7
370
   -1
100
AcDbPolyline
 90
    2
 70
    0
 43
0
 10
13.832265
 20
120.832514
 10
13.332283
 20
121.332576
  0
SPLINE
  5
45A
100
AcDbEntity
  8
Layer_1
  6
ByLayer
 62
    7
370
   -1
100
AcDbSpline
210
0
220
0
230
0
 70
 4096
 71
    3
 72
    8
 73
    4
 74
    0
 42
1e-07
 43
1e-07
 40
0
 40
0
 40
0
 40
0
 40
1
 40
1
 40
1
 40
1
 10
46.243897
 20
120.832591
 30
0
 10
46.243652
 20
120.93551
 30
0
 10
46.160151
 20
121.018813
 30
0
 10
46.057231
 20
121.018813
 30
0
  0
SPLINE
  5
45B
100
AcDbEntity
  8
Layer_1
  6
ByLayer
 62
    7
370
   -1
100
AcDbSpline
210
0
220
0
230
0
 70
 4096
 71
    3
 72
    8
 73
    4
 74
    0
 42
1e-07
 43
1e-07
 40
0
 40
0
 40
0
 40
0
 40
1
 40
1
 40
1
 40
1
 10
46.057231
 20
121.018813
 30
0
 10
45.954312
 20
121.018813
 30
0
 10
45.87081
 20
120.93551
 30
0
 10
45.870565
 20
120.832591
 30
0
  0
SPLINE
  5
45C
100
AcDbEntity
  8
Layer_1
  6
ByLayer
 62
    7
370
   -1
100
AcDbSpline
210
0
220
0
230
0
 70
 4096
 71
    3
 72
    8
 73
    4
 74
    0
 42
1e-07
 43
1e-07
 40
0
 40
0
 40
0
 40
0
 40
1
 40
1
 40
1
 40
1
 10
46.057231
 20
120.645925
 30
0
 10
46.160324
 20
120.645925
 30
0
 10
46.243897
 20
120.729498
 30
0
 10
46.243897
 20
120.832591
 30
0
  0
LWPOLYLINE
  5
45D
100
AcDbEntity
  8
Layer_1
  6
ByLayer
 62
    7
370
   -1
100
AcDbPolyline
 90
    2
 70
    0
 43
0
 10
13.832265
 20
120.832514
 10
45.870489
 20
120.832514
  0
LWPOLYLINE
  5
45E
100
AcDbEntity
  8
Layer_1
  6
ByLayer
 62
    7
370
   -1
100
AcDbPolyline
 90
    2
 70
    0
 43
0
 10
46.057284
 20
120.645983
 10
46.057284
 20
118.532494
  0
LWPOLYLINE
  5
45F
100
AcDbEntity
  8
Layer_1
  6
ByLayer
 62
    7
370
   -1
100
AcDbPolyline
 90
    2
 70
    0
 43
0
 10
46.557346
 20
118.032697
 10
46.057284
 20
118.532494
  0
LWPOLYLINE
  5
460
100
AcDbEntity
  8
Layer_1
  6
ByLayer
 62
    7
370
   -1
100
AcDbPolyline
 90
    2
 70
    0
 43
0
 10
50.632189
 20
118.032697
 10
46.557346
 20
118.032697
  0
LWPOLYLINE
  5
461
100
AcDbEntity
  8
Layer_1
  6
ByLayer
 62
    7
370
   -1
100
AcDbPolyline
 90
    2
 70
    0
 43
0
 10
13.332283
 20
187.672001
 10
13.332283
 20
194.233659
  0
LWPOLYLINE
  5
462
100
AcDbEntity
  8
Layer_1
  6
ByLayer
 62
    7
370
   -1
100
AcDbPolyline
 90
    2
 70
    0
 43
0
 10
13.832265
 20
194.733456
 10
13.332283
 20
194.233659
  0
LWPOLYLINE
  5
463
100
AcDbEntity
  8
Layer_1
  6
ByLayer
 62
    7
370
   -1
100
AcDbPolyline
 90
    4
 70
    0
 43
0
 10
13.832265
 20
194.733456
 10
88.432104
 20
194.733456
 10
88.932166
 20
194.233659
 10
88.932166
 20
187.672001
  0
SPLINE
  5
464
100
AcDbEntity
  8
Layer_1
  6
ByLayer
 62
    7
370
   -1
100
AcDbSpline
210
0
220
0
230
0
 70
 4096
 71
    3
 72
    8
 73
    4
 74
    0
 42
1e-07
 43
1e-07
 40
0
 40
0
 40
0
 40
0
 40
1
 40
1
 40
1
 40
1
 10
75.293862
 20
179.610331
 30
0
 10
75.293617
 20
179.71325
 30
0
 10
75.210115
 20
179.796553
 30
0
 10
75.107196
 20
179.796553
 30
0
  0
SPLINE
  5
465
100
AcDbEntity
  8
Layer_1
  6
ByLayer
 62
    7
370
   -1
100
AcDbSpline
210
0
220
0
230
0
 70
 4096
 71
    3
 72
    8
 73
    4
 74
    0
 42
1e-07
 43
1e-07
 40
0
 40
0
 40
0
 40
0
 40
1
 40
1
 40
1
 40
1
 10
75.107196
 20
179.796553
 30
0
 10
75.004276
 20
179.796553
 30
0
 10
74.92077500000001
 20
179.71325
 30
0
 10
74.92053
 20
179.610331
 30
0
  0
SPLINE
  5
466
100
AcDbEntity
  8
Layer_1
  6
ByLayer
 62
    7
370
   -1
100
AcDbSpline
210
0
220
0
230
0
 70
 4096
 71
    3
 72
    8
 73
    4
 74
    0
 42
1e-07
 43
1e-07
 40
0
 40
0
 40
0
 40
0
 40
1
 40
1
 40
1
 40
1
 10
74.92053
 20
179.610331
 30
0
 10
74.92053
 20
179.507239
 30
0
 10
75.004103
 20
179.423666
 30
0
 10
75.107196
 20
179.423665
 30
0
  0
LWPOLYLINE
  5
467
100
AcDbEntity
  8
Layer_1
  6
ByLayer
 62
    7
370
   -1
100
AcDbPolyline
 90
    4
 70
    0
 43
0
 10
88.932166
 20
186.671877
 10
88.932166
 20
180.110219
 10
88.432104
 20
179.610421
 10
75.29397
 20
179.610421
  0
LWPOLYLINE
  5
468
100
AcDbEntity
  8
Layer_1
  6
ByLayer
 62
    7
370
   -1
100
AcDbPolyline
 90
    3
 70
    0
 43
0
 10
75.107175
 20
179.423626
 10
75.107175
 20
177.310401
 10
74.607113
 20
176.810339
  0
LWPOLYLINE
  5
469
100
AcDbEntity
  8
Layer_1
  6
ByLayer
 62
    7
370
   -1
100
AcDbPolyline
 90
    2
 70
    0
 43
0
 10
65.45730399999999
 20
176.810339
 10
74.607113
 20
176.810339
  0
LWPOLYLINE
  5
46A
100
AcDbEntity
  8
Layer_1
  6
ByLayer
 62
    7
370
   -1
100
AcDbPolyline
 90
    2
 70
    0
 43
0
 10
64.95724199999999
 20
177.310401
 10
65.45730399999999
 20
176.810339
  0
SPLINE
  5
46B
100
AcDbEntity
  8
Layer_1
  6
ByLayer
 62
    7
370
   -1
100
AcDbSpline
210
0
220
0
230
0
 70
 4096
 71
    3
 72
    8
 73
    4
 74
    0
 42
1e-07
 43
1e-07
 40
0
 40
0
 40
0
 40
0
 40
1
 40
1
 40
1
 40
1
 10
64.957207
 20
179.423665
 30
0
 10
65.006715
 20
179.423665
 30
0
 10
65.054194
 20
179.443331
 30
0
 10
65.089202
 20
179.478338
 30
0
  0
SPLINE
  5
46C
100
AcDbEntity
  8
Layer_1
  6
ByLayer
 62
    7
370
   -1
100
AcDbSpline
210
0
220
0
230
0
 70
 4096
 71
    3
 72
    8
 73
    4
 74
    0
 42
1e-07
 43
1e-07
 40
0
 40
0
 40
0
 40
0
 40
1
 40
1
 40
1
 40
1
 10
65.089202
 20
179.478338
 30
0
 10
65.12420899999999
 20
179.513344
 30
0
 10
65.14387600000001
 20
179.560824
 30
0
 10
65.14387600000001
 20
179.610331
 30
0
  0
SPLINE
  5
46D
100
AcDbEntity
  8
Layer_1
  6
ByLayer
 62
    7
370
   -1
100
AcDbSpline
210
0
220
0
230
0
 70
 4096
 71
    3
 72
    8
 73
    4
 74
    0
 42
1e-07
 43
1e-07
 40
0
 40
0
 40
0
 40
0
 40
1
 40
1
 40
1
 40
1
 10
65.14387600000001
 20
179.610331
 30
0
 10
65.14387600000001
 20
179.677021
 30
0
 10
65.10829699999999
 20
179.738645
 30
0
 10
65.05054199999999
 20
179.77199
 30
0
  0
SPLINE
  5
46E
100
AcDbEntity
  8
Layer_1
  6
ByLayer
 62
    7
370
   -1
100
AcDbSpline
210
0
220
0
230
0
 70
 4096
 71
    3
 72
    8
 73
    4
 74
    0
 42
1e-07
 43
1e-07
 40
0
 40
0
 40
0
 40
0
 40
1
 40
1
 40
1
 40
1
 10
65.05054199999999
 20
179.77199
 30
0
 10
64.99278700000001
 20
179.805335
 30
0
 10
64.92162999999999
 20
179.805335
 30
0
 10
64.86387499999999
 20
179.77199
 30
0
  0
SPLINE
  5
46F
100
AcDbEntity
  8
Layer_1
  6
ByLayer
 62
    7
370
   -1
100
AcDbSpline
210
0
220
0
230
0
 70
 4096
 71
    3
 72
    8
 73
    4
 74
    0
 42
1e-07
 43
1e-07
 40
0
 40
0
 40
0
 40
0
 40
1
 40
1
 40
1
 40
1
 10
64.86387499999999
 20
179.77199
 30
0
 10
64.80612000000001
 20
179.738645
 30
0
 10
64.77054099999999
 20
179.677021
 30
0
 10
64.77054099999999
 20
179.610331
 30
0
  0
LWPOLYLINE
  5
470
100
AcDbEntity
  8
Layer_1
  6
ByLayer
 62
    7
370
   -1
100
AcDbPolyline
 90
    2
 70
    0
 43
0
 10
64.95724199999999
 20
179.423626
 10
64.95724199999999
 20
177.310401
  0
SPLINE
  5
471
100
AcDbEntity
  8
Layer_1
  6
ByLayer
 62
    7
370
   -1
100
AcDbSpline
210
0
220
0
230
0
 70
 4096
 71
    3
 72
    8
 73
    4
 74
    0
 42
1e-07
 43
1e-07
 40
0
 40
0
 40
0
 40
0
 40
1
 40
1
 40
1
 40
1
 10
37.49391
 20
179.610331
 30
0
 10
37.49391
 20
179.677021
 30
0
 10
37.458331
 20
179.738645
 30
0
 10
37.400576
 20
179.77199
 30
0
  0
SPLINE
  5
472
100
AcDbEntity
  8
Layer_1
  6
ByLayer
 62
    7
370
   -1
100
AcDbSpline
210
0
220
0
230
0
 70
 4096
 71
    3
 72
    8
 73
    4
 74
    0
 42
1e-07
 43
1e-07
 40
0
 40
0
 40
0
 40
0
 40
1
 40
1
 40
1
 40
1
 10
37.400576
 20
179.77199
 30
0
 10
37.342821
 20
179.805335
 30
0
 10
37.271664
 20
179.805335
 30
0
 10
37.213909
 20
179.77199
 30
0
  0
SPLINE
  5
473
100
AcDbEntity
  8
Layer_1
  6
ByLayer
 62
    7
370
   -1
100
AcDbSpline
210
0
220
0
230
0
 70
 4096
 71
    3
 72
    8
 73
    4
 74
    0
 42
1e-07
 43
1e-07
 40
0
 40
0
 40
0
 40
0
 40
1
 40
1
 40
1
 40
1
 10
37.213909
 20
179.77199
 30
0
 10
37.156154
 20
179.738645
 30
0
 10
37.120575
 20
179.677021
 30
0
 10
37.120575
 20
179.610331
 30
0
  0
SPLINE
  5
474
100
AcDbEntity
  8
Layer_1
  6
ByLayer
 62
    7
370
   -1
100
AcDbSpline
210
0
220
0
230
0
 70
 4096
 71
    3
 72
    8
 73
    4
 74
    0
 42
1e-07
 43
1e-07
 40
0
 40
0
 40
0
 40
0
 40
1
 40
1
 40
1
 40
1
 10
37.120575
 20
179.610331
 30
0
 10
37.120575
 20
179.560824
 30
0
 10
37.140242
 20
179.513344
 30
0
 10
37.17525
 20
179.478338
 30
0
  0
SPLINE
  5
475
100
AcDbEntity
  8
Layer_1
  6
ByLayer
 62
    7
370
   -1
100
AcDbSpline
210
0
220
0
230
0
 70
 4096
 71
    3
 72
    8
 73
    4
 74
    0
 42
1e-07
 43
1e-07
 40
0
 40
0
 40
0
 40
0
 40
1
 40
1
 40
1
 40
1
 10
37.17525
 20
179.478338
 30
0
 10
37.210257
 20
179.443331
 30
0
 10
37.257737
 20
179.423665
 30
0
 10
37.307244
 20
179.423665
 30
0
  0
LWPOLYLINE
  5
476
100
AcDbEntity
  8
Layer_1
  6
ByLayer
 62
    7
370
   -1
100
AcDbPolyline
 90
    2
 70
    0
 43
0
 10
64.77044600000001
 20
179.610421
 10
37.493791
 20
179.610421
  0
LWPOLYLINE
  5
477
100
AcDbEntity
  8
Layer_1
  6
ByLayer
 62
    7
370
   -1
100
AcDbPolyline
 90
    2
 70
    0
 43
0
 10
37.30726
 20
179.423626
 10
37.30726
 20
177.310401
  0
LWPOLYLINE
  5
478
100
AcDbEntity
  8
Layer_1
  6
ByLayer
 62
    7
370
   -1
100
AcDbPolyline
 90
    2
 70
    0
 43
0
 10
36.807198
 20
176.810339
 10
37.30726
 20
177.310401
  0
LWPOLYLINE
  5
479
100
AcDbEntity
  8
Layer_1
  6
ByLayer
 62
    7
370
   -1
100
AcDbPolyline
 90
    2
 70
    0
 43
0
 10
27.657124
 20
176.810339
 10
36.807198
 20
176.810339
  0
LWPOLYLINE
  5
47A
100
AcDbEntity
  8
Layer_1
  6
ByLayer
 62
    7
370
   -1
100
AcDbPolyline
 90
    2
 70
    0
 43
0
 10
27.157327
 20
177.310401
 10
27.657124
 20
176.810339
  0
SPLINE
  5
47B
100
AcDbEntity
  8
Layer_1
  6
ByLayer
 62
    7
370
   -1
100
AcDbSpline
210
0
220
0
230
0
 70
 4096
 71
    3
 72
    8
 73
    4
 74
    0
 42
1e-07
 43
1e-07
 40
0
 40
0
 40
0
 40
0
 40
1
 40
1
 40
1
 40
1
 10
27.157255
 20
179.423665
 30
0
 10
27.260348
 20
179.423666
 30
0
 10
27.343921
 20
179.507239
 30
0
 10
27.343921
 20
179.610331
 30
0
  0
SPLINE
  5
47C
100
AcDbEntity
  8
Layer_1
  6
ByLayer
 62
    7
370
   -1
100
AcDbSpline
210
0
220
0
230
0
 70
 4096
 71
    3
 72
    8
 73
    4
 74
    0
 42
1e-07
 43
1e-07
 40
0
 40
0
 40
0
 40
0
 40
1
 40
1
 40
1
 40
1
 10
27.343921
 20
179.610331
 30
0
 10
27.343676
 20
179.71325
 30
0
 10
27.260175
 20
179.796553
 30
0
 10
27.157255
 20
179.796553
 30
0
  0
SPLINE
  5
47D
100
AcDbEntity
  8
Layer_1
  6
ByLayer
 62
    7
370
   -1
100
AcDbSpline
210
0
220
0
230
0
 70
 4096
 71
    3
 72
    8
 73
    4
 74
    0
 42
1e-07
 43
1e-07
 40
0
 40
0
 40
0
 40
0
 40
1
 40
1
 40
1
 40
1
 10
27.157255
 20
179.796553
 30
0
 10
27.054336
 20
179.796553
 30
0
 10
26.970834
 20
179.71325
 30
0
 10
26.970589
 20
179.610331
 30
0
  0
LWPOLYLINE
  5
47E
100
AcDbEntity
  8
Layer_1
  6
ByLayer
 62
    7
370
   -1
100
AcDbPolyline
 90
    2
 70
    0
 43
0
 10
27.157327
 20
179.423626
 10
27.157327
 20
177.310401
  0
LWPOLYLINE
  5
47F
100
AcDbEntity
  8
Layer_1
  6
ByLayer
 62
    7
370
   -1
100
AcDbPolyline
 90
    2
 70
    0
 43
0
 10
26.970531
 20
179.610421
 10
13.832265
 20
179.610421
  0
LWPOLYLINE
  5
480
100
AcDbEntity
  8
Layer_1
  6
ByLayer
 62
    7
370
   -1
100
AcDbPolyline
 90
    2
 70
    0
 43
0
 10
13.332283
 20
180.110219
 10
13.832265
 20
179.610421
  0
LWPOLYLINE
  5
481
100
AcDbEntity
  8
Layer_1
  6
ByLayer
 62
    7
370
   -1
100
AcDbPolyline
 90
    2
 70
    0
 43
0
 10
13.332283
 20
180.110219
 10
13.332283
 20
186.671877
  0
LWPOLYLINE
  5
482
100
AcDbEntity
  8
Layer_1
  6
ByLayer
 62
    1
370
   -1
100
AcDbPolyline
 90
    5
 70
    1
 43
0
 10
158.867538
 20
301.007213
 10
158.790015
 20
301.297011
 10
154.92631
 20
300.261724
 10
155.08162
 20
299.682169
 10
158.945325
 20
300.717442
  0
LWPOLYLINE
  5
483
100
AcDbEntity
  8
Layer_1
  6
ByLayer
 62
    1
370
   -1
100
AcDbPolyline
 90
    5
 70
    1
 43
0
 10
173.356632
 20
301.007213
 10
173.434155
 20
301.297011
 10
177.297861
 20
300.261724
 10
177.14255
 20
299.682169
 10
173.278845
 20
300.717442
  0
LWPOLYLINE
  5
484
100
AcDbEntity
  8
Layer_1
  6
ByLayer
 62
    1
370
   -1
100
AcDbPolyline
 90
   15
 70
    1
 43
0
 10
157.625242
 20
226.735395
 10
156.807679
 20
226.735395
 10
155.73344
 20
223.12291
 10
154.659201
 20
226.735395
 10
153.841639
 20
226.735395
 10
153.841639
 20
222.523998
 10
154.278939
 20
222.523998
 10
154.278939
 20
226.317108
 10
154.374005
 20
226.317108
 10
155.438737
 20
222.676103
 10
156.018636
 20
222.676103
 10
157.092875
 20
226.317108
 10
157.178434
 20
226.317108
 10
157.178434
 20
222.523998
 10
157.625242
 20
222.523998
  0
LWPOLYLINE
  5
485
100
AcDbEntity
  8
Layer_1
  6
ByLayer
 62
    1
370
   -1
100
AcDbPolyline
 90
    4
 70
    1
 43
0
 10
159.688161
 20
226.317108
 10
159.868785
 20
226.317108
 10
160.467697
 20
224.007018
 10
159.079742
 20
224.007018
  0
LWPOLYLINE
  5
486
100
AcDbEntity
  8
Layer_1
  6
ByLayer
 62
    1
370
   -1
100
AcDbPolyline
 90
    8
 70
    1
 43
0
 10
158.224154
 20
222.523998
 10
158.689974
 20
222.523998
 10
158.984677
 20
223.598237
 10
160.562762
 20
223.598237
 10
160.857465
 20
222.523998
 10
161.323286
 20
222.523998
 10
160.23954
 20
226.735395
 10
159.317406
 20
226.735395
  0
LWPOLYLINE
  5
487
100
AcDbEntity
  8
Layer_1
  6
ByLayer
 62
    1
370
   -1
100
AcDbPolyline
 90
   13
 70
    1
 43
0
 10
162.967917
 20
224.396787
 10
164.042156
 20
222.523998
 10
164.565016
 20
222.523998
 10
163.367192
 20
224.653463
 10
164.49847
 20
226.735395
 10
163.97561
 20
226.735395
 10
162.95841
 20
224.815074
 10
162.388018
 20
224.786555
 10
162.388018
 20
226.735395
 10
161.931704
 20
226.735395
 10
161.931704
 20
222.523998
 10
162.388018
 20
222.523998
 10
162.388018
 20
224.377773
  0
SPLINE
  5
488
100
AcDbEntity
  8
Layer_1
  6
ByLayer
 62
    1
370
   -1
100
AcDbSpline
210
0
220
0
230
0
 70
 4096
 71
    3
 72
    8
 73
    4
 74
    0
 42
1e-07
 43
1e-07
 40
0
 40
0
 40
0
 40
0
 40
1
 40
1
 40
1
 40
1
 10
170.383018
 20
225.452012
 30
0
 10
170.383018
 20
224.834087
 30
0
 10
170.135848
 20
224.539385
 30
0
 10
169.593975
 20
224.539385
 30
0
  0
LWPOLYLINE
  5
489
100
AcDbEntity
  8
Layer_1
  6
ByLayer
 62
    1
370
   -1
100
AcDbPolyline
 90
   12
 70
    1
 43
0
 10
167.474017
 20
222.523998
 10
167.474017
 20
222.942286
 10
165.582216
 20
222.942286
 10
165.582216
 20
224.463332
 10
167.131782
 20
224.463332
 10
167.131782
 20
224.872114
 10
165.582216
 20
224.872114
 10
165.582216
 20
226.317108
 10
167.474017
 20
226.317108
 10
167.474017
 20
226.735395
 10
165.125902
 20
226.735395
 10
165.125902
 20
222.523998
  0
SPLINE
  5
48A
100
AcDbEntity
  8
Layer_1
  6
ByLayer
 62
    1
370
   -1
100
AcDbSpline
210
0
220
0
230
0
 70
 4096
 71
    3
 72
    8
 73
    4
 74
    0
 42
1e-07
 43
1e-07
 40
0
 40
0
 40
0
 40
0
 40
1
 40
1
 40
1
 40
1
 10
169.593975
 20
226.326614
 30
0
 10
170.135848
 20
226.326614
 30
0
 10
170.383018
 20
226.041418
 30
0
 10
170.383018
 20
225.452012
 30
0
  0
LWPOLYLINE
  5
48B
100
AcDbEntity
  8
Layer_1
  6
ByLayer
 62
    1
370
   -1
100
AcDbPolyline
 90
    4
 70
    0
 43
0
 10
169.593975
 20
224.539385
 10
168.671841
 20
224.539385
 10
168.671841
 20
226.326614
 10
169.593975
 20
226.326614
  0
SPLINE
  5
48C
100
AcDbEntity
  8
Layer_1
  6
ByLayer
 62
    1
370
   -1
100
AcDbSpline
210
0
220
0
230
0
 70
 4096
 71
    3
 72
    8
 73
    4
 74
    0
 42
1e-07
 43
1e-07
 40
0
 40
0
 40
0
 40
0
 40
1
 40
1
 40
1
 40
1
 10
170.154861
 20
224.225669
 30
0
 10
170.554136
 20
224.368267
 30
0
 10
170.858345
 20
224.681983
 30
0
 10
170.858345
 20
225.452012
 30
0
  0
SPLINE
  5
48D
100
AcDbEntity
  8
Layer_1
  6
ByLayer
 62
    1
370
   -1
100
AcDbSpline
210
0
220
0
230
0
 70
 4096
 71
    3
 72
    8
 73
    4
 74
    0
 42
1e-07
 43
1e-07
 40
0
 40
0
 40
0
 40
0
 40
1
 40
1
 40
1
 40
1
 10
170.858345
 20
225.452012
 30
0
 10
170.858345
 20
226.336121
 30
0
 10
170.421044
 20
226.725889
 30
0
 10
169.593975
 20
226.725889
 30
0
  0
LWPOLYLINE
  5
48E
100
AcDbEntity
  8
Layer_1
  6
ByLayer
 62
    1
370
   -1
100
AcDbPolyline
 90
    3
 70
    0
 43
0
 10
170.459071
 20
222.523998
 10
170.962917
 20
222.523998
 10
170.154861
 20
224.225669
  0
LWPOLYLINE
  5
48F
100
AcDbEntity
  8
Layer_1
  6
ByLayer
 62
    1
370
   -1
100
AcDbPolyline
 90
    7
 70
    0
 43
0
 10
169.593975
 20
226.725889
 10
168.206021
 20
226.725889
 10
168.206021
 20
222.514492
 10
168.671841
 20
222.514492
 10
168.671841
 20
224.130603
 10
169.708054
 20
224.130603
 10
170.459071
 20
222.523998
  0
SPLINE
  5
490
100
AcDbEntity
  8
Layer_1
  6
ByLayer
 62
    1
370
   -1
100
AcDbSpline
210
0
220
0
230
0
 70
 4096
 71
    3
 72
    8
 73
    4
 74
    0
 42
1e-07
 43
1e-07
 40
0
 40
0
 40
0
 40
0
 40
1
 40
1
 40
1
 40
1
 10
175.050729
 20
226.66885
 30
0
 10
175.050729
 20
226.66885
 30
0
 10
174.404285
 20
226.792435
 30
0
 10
173.928958
 20
226.792435
 30
0
  0
SPLINE
  5
491
100
AcDbEntity
  8
Layer_1
  6
ByLayer
 62
    1
370
   -1
100
AcDbSpline
210
0
220
0
230
0
 70
 4096
 71
    3
 72
    8
 73
    4
 74
    0
 42
1e-07
 43
1e-07
 40
0
 40
0
 40
0
 40
0
 40
1
 40
1
 40
1
 40
1
 10
173.928958
 20
226.792435
 30
0
 10
173.092382
 20
226.792435
 30
0
 10
172.636068
 20
226.431186
 30
0
 10
172.636068
 20
225.62313
 30
0
  0
SPLINE
  5
492
100
AcDbEntity
  8
Layer_1
  6
ByLayer
 62
    1
370
   -1
100
AcDbSpline
210
0
220
0
230
0
 70
 4096
 71
    3
 72
    8
 73
    4
 74
    0
 42
1e-07
 43
1e-07
 40
0
 40
0
 40
0
 40
0
 40
1
 40
1
 40
1
 40
1
 10
172.636068
 20
225.62313
 30
0
 10
172.636068
 20
224.91014
 30
0
 10
173.054356
 20
224.672476
 30
0
 10
173.833892
 20
224.482345
 30
0
  0
SPLINE
  5
493
100
AcDbEntity
  8
Layer_1
  6
ByLayer
 62
    1
370
   -1
100
AcDbSpline
210
0
220
0
230
0
 70
 4096
 71
    3
 72
    8
 73
    4
 74
    0
 42
1e-07
 43
1e-07
 40
0
 40
0
 40
0
 40
0
 40
1
 40
1
 40
1
 40
1
 10
173.833892
 20
224.482345
 30
0
 10
174.404285
 20
224.35876
 30
0
 10
174.689481
 20
224.216162
 30
0
 10
174.689481
 20
223.702809
 30
0
  0
SPLINE
  5
494
100
AcDbEntity
  8
Layer_1
  6
ByLayer
 62
    1
370
   -1
100
AcDbSpline
210
0
220
0
230
0
 70
 4096
 71
    3
 72
    8
 73
    4
 74
    0
 42
1e-07
 43
1e-07
 40
0
 40
0
 40
0
 40
0
 40
1
 40
1
 40
1
 40
1
 10
174.689481
 20
223.702809
 30
0
 10
174.689481
 20
223.15143
 30
0
 10
174.442311
 20
222.866234
 30
0
 10
173.900438
 20
222.866234
 30
0
  0
SPLINE
  5
495
100
AcDbEntity
  8
Layer_1
  6
ByLayer
 62
    1
370
   -1
100
AcDbSpline
210
0
220
0
230
0
 70
 4096
 71
    3
 72
    8
 73
    4
 74
    0
 42
1e-07
 43
1e-07
 40
0
 40
0
 40
0
 40
0
 40
1
 40
1
 40
1
 40
1
 10
173.900438
 20
222.866234
 30
0
 10
173.501163
 20
222.866234
 30
0
 10
172.721627
 20
222.951792
 30
0
 10
172.721627
 20
222.951792
 30
0
  0
LWPOLYLINE
  5
496
100
AcDbEntity
  8
Layer_1
  6
ByLayer
 62
    1
370
   -1
100
AcDbPolyline
 90
    4
 70
    1
 43
0
 10
171.989623
 20
226.744902
 10
171.561829
 20
226.744902
 10
171.580842
 20
225.356947
 10
171.980117
 20
225.356947
  0
SPLINE
  5
497
100
AcDbEntity
  8
Layer_1
  6
ByLayer
 62
    1
370
   -1
100
AcDbSpline
210
0
220
0
230
0
 70
 4096
 71
    3
 72
    8
 73
    4
 74
    0
 42
1e-07
 43
1e-07
 40
0
 40
0
 40
0
 40
0
 40
1
 40
1
 40
1
 40
1
 10
172.693107
 20
222.571531
 30
0
 10
172.693107
 20
222.571531
 30
0
 10
173.425111
 20
222.457452
 30
0
 10
173.900438
 20
222.457452
 30
0
  0
SPLINE
  5
498
100
AcDbEntity
  8
Layer_1
  6
ByLayer
 62
    1
370
   -1
100
AcDbSpline
210
0
220
0
230
0
 70
 4096
 71
    3
 72
    8
 73
    4
 74
    0
 42
1e-07
 43
1e-07
 40
0
 40
0
 40
0
 40
0
 40
1
 40
1
 40
1
 40
1
 10
173.900438
 20
222.457452
 30
0
 10
174.765533
 20
222.457452
 30
0
 10
175.164808
 20
222.90426
 30
0
 10
175.164808
 20
223.750342
 30
0
  0
SPLINE
  5
499
100
AcDbEntity
  8
Layer_1
  6
ByLayer
 62
    1
370
   -1
100
AcDbSpline
210
0
220
0
230
0
 70
 4096
 71
    3
 72
    8
 73
    4
 74
    0
 42
1e-07
 43
1e-07
 40
0
 40
0
 40
0
 40
0
 40
1
 40
1
 40
1
 40
1
 10
175.164808
 20
223.750342
 30
0
 10
175.164808
 20
224.501358
 30
0
 10
174.784546
 20
224.710502
 30
0
 10
174.03353
 20
224.900633
 30
0
  0
SPLINE
  5
49A
100
AcDbEntity
  8
Layer_1
  6
ByLayer
 62
    1
370
   -1
100
AcDbSpline
210
0
220
0
230
0
 70
 4096
 71
    3
 72
    8
 73
    4
 74
    0
 42
1e-07
 43
1e-07
 40
0
 40
0
 40
0
 40
0
 40
1
 40
1
 40
1
 40
1
 10
174.03353
 20
224.900633
 30
0
 10
173.396591
 20
225.062244
 30
0
 10
173.120902
 20
225.166816
 30
0
 10
173.120902
 20
225.670663
 30
0
  0
SPLINE
  5
49B
100
AcDbEntity
  8
Layer_1
  6
ByLayer
 62
    1
370
   -1
100
AcDbSpline
210
0
220
0
230
0
 70
 4096
 71
    3
 72
    8
 73
    4
 74
    0
 42
1e-07
 43
1e-07
 40
0
 40
0
 40
0
 40
0
 40
1
 40
1
 40
1
 40
1
 10
173.120902
 20
225.670663
 30
0
 10
173.120902
 20
226.17451
 30
0
 10
173.396591
 20
226.374147
 30
0
 10
173.957477
 20
226.374147
 30
0
  0
SPLINE
  5
49C
100
AcDbEntity
  8
Layer_1
  6
ByLayer
 62
    1
370
   -1
100
AcDbSpline
210
0
220
0
230
0
 70
 4096
 71
    3
 72
    8
 73
    4
 74
    0
 42
1e-07
 43
1e-07
 40
0
 40
0
 40
0
 40
0
 40
1
 40
1
 40
1
 40
1
 10
173.957477
 20
226.374147
 30
0
 10
174.366258
 20
226.374147
 30
0
 10
175.031716
 20
226.288588
 30
0
 10
175.031716
 20
226.288588
 30
0
  0
LWPOLYLINE
  5
49D
100
AcDbEntity
  8
Layer_1
  6
ByLayer
 62
    1
370
   -1
100
AcDbPolyline
 90
    2
 70
    0
 43
0
 10
172.721627
 20
222.951792
 10
172.693107
 20
222.571531
  0
LWPOLYLINE
  5
49E
100
AcDbEntity
  8
Layer_1
  6
ByLayer
 62
    1
370
   -1
100
AcDbPolyline
 90
    2
 70
    0
 43
0
 10
175.031716
 20
226.288588
 10
175.050729
 20
226.66885
  0
LWPOLYLINE
  5
49F
100
AcDbEntity
  8
Layer_1
  6
ByLayer
 62
    1
370
   -1
100
AcDbPolyline
 90
    4
 70
    1
 43
0
 10
155.058476
 20
220.033285
 10
155.2391
 20
220.033285
 10
155.838012
 20
217.723195
 10
154.450057
 20
217.723195
  0
SPLINE
  5
4A0
100
AcDbEntity
  8
Layer_1
  6
ByLayer
 62
    1
370
   -1
100
AcDbSpline
210
0
220
0
230
0
 70
 4096
 71
    3
 72
    8
 73
    4
 74
    0
 42
1e-07
 43
1e-07
 40
0
 40
0
 40
0
 40
0
 40
1
 40
1
 40
1
 40
1
 10
159.460004
 20
220.385027
 30
0
 10
159.460004
 20
220.385027
 30
0
 10
158.813559
 20
220.508612
 30
0
 10
158.338232
 20
220.508612
 30
0
  0
SPLINE
  5
4A1
100
AcDbEntity
  8
Layer_1
  6
ByLayer
 62
    1
370
   -1
100
AcDbSpline
210
0
220
0
230
0
 70
 4096
 71
    3
 72
    8
 73
    4
 74
    0
 42
1e-07
 43
1e-07
 40
0
 40
0
 40
0
 40
0
 40
1
 40
1
 40
1
 40
1
 10
158.338232
 20
220.508612
 30
0
 10
157.501657
 20
220.508612
 30
0
 10
157.045343
 20
220.147363
 30
0
 10
157.045343
 20
219.339307
 30
0
  0
SPLINE
  5
4A2
100
AcDbEntity
  8
Layer_1
  6
ByLayer
 62
    1
370
   -1
100
AcDbSpline
210
0
220
0
230
0
 70
 4096
 71
    3
 72
    8
 73
    4
 74
    0
 42
1e-07
 43
1e-07
 40
0
 40
0
 40
0
 40
0
 40
1
 40
1
 40
1
 40
1
 10
157.045343
 20
219.339307
 30
0
 10
157.045343
 20
218.626317
 30
0
 10
157.46363
 20
218.388653
 30
0
 10
158.243167
 20
218.198522
 30
0
  0
SPLINE
  5
4A3
100
AcDbEntity
  8
Layer_1
  6
ByLayer
 62
    1
370
   -1
100
AcDbSpline
210
0
220
0
230
0
 70
 4096
 71
    3
 72
    8
 73
    4
 74
    0
 42
1e-07
 43
1e-07
 40
0
 40
0
 40
0
 40
0
 40
1
 40
1
 40
1
 40
1
 10
158.243167
 20
218.198522
 30
0
 10
158.813559
 20
218.074937
 30
0
 10
159.098755
 20
217.932339
 30
0
 10
159.098755
 20
217.418986
 30
0
  0
SPLINE
  5
4A4
100
AcDbEntity
  8
Layer_1
  6
ByLayer
 62
    1
370
   -1
100
AcDbSpline
210
0
220
0
230
0
 70
 4096
 71
    3
 72
    8
 73
    4
 74
    0
 42
1e-07
 43
1e-07
 40
0
 40
0
 40
0
 40
0
 40
1
 40
1
 40
1
 40
1
 10
159.098755
 20
217.418986
 30
0
 10
159.098755
 20
216.867607
 30
0
 10
158.851585
 20
216.582411
 30
0
 10
158.309712
 20
216.582411
 30
0
  0
SPLINE
  5
4A5
100
AcDbEntity
  8
Layer_1
  6
ByLayer
 62
    1
370
   -1
100
AcDbSpline
210
0
220
0
230
0
 70
 4096
 71
    3
 72
    8
 73
    4
 74
    0
 42
1e-07
 43
1e-07
 40
0
 40
0
 40
0
 40
0
 40
1
 40
1
 40
1
 40
1
 10
158.309712
 20
216.582411
 30
0
 10
157.910438
 20
216.582411
 30
0
 10
157.130901
 20
216.66797
 30
0
 10
157.130901
 20
216.66797
 30
0
  0
LWPOLYLINE
  5
4A6
100
AcDbEntity
  8
Layer_1
  6
ByLayer
 62
    1
370
   -1
100
AcDbPolyline
 90
    8
 70
    1
 43
0
 10
153.594469
 20
216.240175
 10
154.060289
 20
216.240175
 10
154.354992
 20
217.314414
 10
155.933077
 20
217.314414
 10
156.22778
 20
216.240175
 10
156.693601
 20
216.240175
 10
155.609855
 20
220.451572
 10
154.687721
 20
220.451572
  0
SPLINE
  5
4A7
100
AcDbEntity
  8
Layer_1
  6
ByLayer
 62
    1
370
   -1
100
AcDbSpline
210
0
220
0
230
0
 70
 4096
 71
    3
 72
    8
 73
    4
 74
    0
 42
1e-07
 43
1e-07
 40
0
 40
0
 40
0
 40
0
 40
1
 40
1
 40
1
 40
1
 10
157.102382
 20
216.287708
 30
0
 10
157.102382
 20
216.287708
 30
0
 10
157.834385
 20
216.173629
 30
0
 10
158.309712
 20
216.173629
 30
0
  0
SPLINE
  5
4A8
100
AcDbEntity
  8
Layer_1
  6
ByLayer
 62
    1
370
   -1
100
AcDbSpline
210
0
220
0
230
0
 70
 4096
 71
    3
 72
    8
 73
    4
 74
    0
 42
1e-07
 43
1e-07
 40
0
 40
0
 40
0
 40
0
 40
1
 40
1
 40
1
 40
1
 10
158.309712
 20
216.173629
 30
0
 10
159.174808
 20
216.173629
 30
0
 10
159.574082
 20
216.620437
 30
0
 10
159.574082
 20
217.466519
 30
0
  0
SPLINE
  5
4A9
100
AcDbEntity
  8
Layer_1
  6
ByLayer
 62
    1
370
   -1
100
AcDbSpline
210
0
220
0
230
0
 70
 4096
 71
    3
 72
    8
 73
    4
 74
    0
 42
1e-07
 43
1e-07
 40
0
 40
0
 40
0
 40
0
 40
1
 40
1
 40
1
 40
1
 10
159.574082
 20
217.466519
 30
0
 10
159.574082
 20
218.217536
 30
0
 10
159.193821
 20
218.426679
 30
0
 10
158.442804
 20
218.61681
 30
0
  0
SPLINE
  5
4AA
100
AcDbEntity
  8
Layer_1
  6
ByLayer
 62
    1
370
   -1
100
AcDbSpline
210
0
220
0
230
0
 70
 4096
 71
    3
 72
    8
 73
    4
 74
    0
 42
1e-07
 43
1e-07
 40
0
 40
0
 40
0
 40
0
 40
1
 40
1
 40
1
 40
1
 10
158.442804
 20
218.61681
 30
0
 10
157.805866
 20
218.778421
 30
0
 10
157.530176
 20
218.882993
 30
0
 10
157.530176
 20
219.38684
 30
0
  0
SPLINE
  5
4AB
100
AcDbEntity
  8
Layer_1
  6
ByLayer
 62
    1
370
   -1
100
AcDbSpline
210
0
220
0
230
0
 70
 4096
 71
    3
 72
    8
 73
    4
 74
    0
 42
1e-07
 43
1e-07
 40
0
 40
0
 40
0
 40
0
 40
1
 40
1
 40
1
 40
1
 10
157.530176
 20
219.38684
 30
0
 10
157.530176
 20
219.890687
 30
0
 10
157.805866
 20
220.090324
 30
0
 10
158.366752
 20
220.090324
 30
0
  0
SPLINE
  5
4AC
100
AcDbEntity
  8
Layer_1
  6
ByLayer
 62
    1
370
   -1
100
AcDbSpline
210
0
220
0
230
0
 70
 4096
 71
    3
 72
    8
 73
    4
 74
    0
 42
1e-07
 43
1e-07
 40
0
 40
0
 40
0
 40
0
 40
1
 40
1
 40
1
 40
1
 10
158.366752
 20
220.090324
 30
0
 10
158.775533
 20
220.090324
 30
0
 10
159.440991
 20
220.004765
 30
0
 10
159.440991
 20
220.004765
 30
0
  0
LWPOLYLINE
  5
4AD
100
AcDbEntity
  8
Layer_1
  6
ByLayer
 62
    1
370
   -1
100
AcDbPolyline
 90
    2
 70
    0
 43
0
 10
157.130901
 20
216.66797
 10
157.102382
 20
216.287708
  0
LWPOLYLINE
  5
4AE
100
AcDbEntity
  8
Layer_1
  6
ByLayer
 62
    1
370
   -1
100
AcDbPolyline
 90
    2
 70
    0
 43
0
 10
159.440991
 20
220.004765
 10
159.460004
 20
220.385027
  0
LWPOLYLINE
  5
4AF
100
AcDbEntity
  8
Layer_1
  6
ByLayer
 62
    1
370
   -1
100
AcDbPolyline
 90
    9
 70
    1
 43
0
 10
161.47539
 20
216.240175
 10
161.47539
 20
218.008392
 10
162.692227
 20
220.451572
 10
162.197887
 20
220.451572
 10
161.247233
 20
218.512238
 10
160.306086
 20
220.451572
 10
159.802239
 20
220.451572
 10
161.028583
 20
218.008392
 10
161.028583
 20
216.240175
  0
LWPOLYLINE
  5
4B0
100
AcDbEntity
  8
Layer_1
  6
ByLayer
 62
    1
370
   -1
100
AcDbPolyline
 90
    6
 70
    1
 43
0
 10
165.354059
 20
216.648956
 10
163.699921
 20
216.648956
 10
163.699921
 20
220.451572
 10
163.2341
 20
220.451572
 10
163.2341
 20
216.240175
 10
165.354059
 20
216.240175
  0
SPLINE
  5
4B1
100
AcDbEntity
  8
Layer_1
  6
ByLayer
 62
    1
370
   -1
100
AcDbSpline
210
0
220
0
230
0
 70
 4096
 71
    3
 72
    8
 73
    4
 74
    0
 42
1e-07
 43
1e-07
 40
0
 40
0
 40
0
 40
0
 40
1
 40
1
 40
1
 40
1
 10
165.791359
 20
217.523558
 30
0
 10
165.791359
 20
216.601424
 30
0
 10
166.22866
 20
216.183136
 30
0
 10
167.160301
 20
216.183136
 30
0
  0
SPLINE
  5
4B2
100
AcDbEntity
  8
Layer_1
  6
ByLayer
 62
    1
370
   -1
100
AcDbSpline
210
0
220
0
230
0
 70
 4096
 71
    3
 72
    8
 73
    4
 74
    0
 42
1e-07
 43
1e-07
 40
0
 40
0
 40
0
 40
0
 40
1
 40
1
 40
1
 40
1
 10
167.160301
 20
216.183136
 30
0
 10
168.101449
 20
216.183136
 30
0
 10
168.538749
 20
216.601424
 30
0
 10
168.538749
 20
217.523558
 30
0
  0
LWPOLYLINE
  5
4B3
100
AcDbEntity
  8
Layer_1
  6
ByLayer
 62
    1
370
   -1
100
AcDbPolyline
 90
    3
 70
    0
 43
0
 10
166.25718
 20
220.451572
 10
165.791359
 20
220.451572
 10
165.791359
 20
217.523558
  0
SPLINE
  5
4B4
100
AcDbEntity
  8
Layer_1
  6
ByLayer
 62
    1
370
   -1
100
AcDbSpline
210
0
220
0
230
0
 70
 4096
 71
    3
 72
    8
 73
    4
 74
    0
 42
1e-07
 43
1e-07
 40
0
 40
0
 40
0
 40
0
 40
1
 40
1
 40
1
 40
1
 10
168.072929
 20
217.495038
 30
0
 10
168.072929
 20
216.848594
 30
0
 10
167.797239
 20
216.591917
 30
0
 10
167.169808
 20
216.591917
 30
0
  0
SPLINE
  5
4B5
100
AcDbEntity
  8
Layer_1
  6
ByLayer
 62
    1
370
   -1
100
AcDbSpline
210
0
220
0
230
0
 70
 4096
 71
    3
 72
    8
 73
    4
 74
    0
 42
1e-07
 43
1e-07
 40
0
 40
0
 40
0
 40
0
 40
1
 40
1
 40
1
 40
1
 10
167.169808
 20
216.591917
 30
0
 10
166.551883
 20
216.591917
 30
0
 10
166.266686
 20
216.848594
 30
0
 10
166.266686
 20
217.495038
 30
0
  0
LWPOLYLINE
  5
4B6
100
AcDbEntity
  8
Layer_1
  6
ByLayer
 62
    1
370
   -1
100
AcDbPolyline
 90
    4
 70
    0
 43
0
 10
168.538749
 20
217.523558
 10
168.538749
 20
220.451572
 10
168.072929
 20
220.451572
 10
168.072929
 20
217.495038
  0
LWPOLYLINE
  5
4B7
100
AcDbEntity
  8
Layer_1
  6
ByLayer
 62
    1
370
   -1
100
AcDbPolyline
 90
    3
 70
    0
 43
0
 10
166.266686
 20
217.495038
 10
166.266686
 20
220.451572
 10
166.25718
 20
220.451572
  0
LWPOLYLINE
  5
4B8
100
AcDbEntity
  8
Layer_1
  6
ByLayer
 62
    1
370
   -1
100
AcDbPolyline
 90
   15
 70
    1
 43
0
 10
173.23498
 20
220.451572
 10
172.426924
 20
220.451572
 10
171.343179
 20
216.839087
 10
170.278446
 20
220.451572
 10
169.451377
 20
220.451572
 10
169.451377
 20
216.240175
 10
169.888678
 20
216.240175
 10
169.888678
 20
220.033285
 10
169.983744
 20
220.033285
 10
171.057983
 20
216.39228
 10
171.628375
 20
216.39228
 10
172.712121
 20
220.033285
 10
172.797679
 20
220.033285
 10
172.797679
 20
216.240175
 10
173.23498
 20
216.240175
  0
LWPOLYLINE
  5
4B9
100
AcDbEntity
  8
Layer_1
  6
ByLayer
 62
    1
370
   -1
100
AcDbPolyline
 90
   13
 70
    1
 43
0
 10
176.182008
 20
227.077631
 10
176.362632
 20
227.077631
 10
176.362632
 20
227.847661
 10
176.581282
 20
227.13467
 10
176.72388
 20
227.13467
 10
176.952037
 20
227.847661
 10
176.952037
 20
227.077631
 10
177.132662
 20
227.077631
 10
177.132662
 20
228.104337
 10
176.885492
 20
228.104337
 10
176.647828
 20
227.391347
 10
176.419671
 20
228.104337
 10
176.172501
 20
228.104337
  0
LWPOLYLINE
  5
4BA
100
AcDbEntity
  8
Layer_1
  6
ByLayer
 62
    1
370
   -1
100
AcDbPolyline
 90
    8
 70
    1
 43
0
 10
175.383458
 20
227.933219
 10
175.649641
 20
227.933219
 10
175.649641
 20
227.087137
 10
175.839772
 20
227.087137
 10
175.839772
 20
227.933219
 10
176.067929
 20
227.933219
 10
176.067929
 20
228.104337
 10
175.383458
 20
228.104337
  0
SPLINE
  5
4BB
100
AcDbEntity
  8
Layer_1
  6
ByLayer
 62
    1
370
   -1
100
AcDbSpline
210
0
220
0
230
0
 70
 4096
 71
    3
 72
    8
 73
    4
 74
    0
 42
1e-07
 43
1e-07
 40
0
 40
0
 40
0
 40
0
 40
1
 40
1
 40
1
 40
1
 10
149.107382
 20
217.000698
 30
0
 10
149.154914
 20
217.238362
 30
0
 10
149.192941
 20
217.476025
 30
0
 10
149.22146
 20
217.713689
 30
0
  0
SPLINE
  5
4BC
100
AcDbEntity
  8
Layer_1
  6
ByLayer
 62
    1
370
   -1
100
AcDbSpline
210
0
220
0
230
0
 70
 4096
 71
    3
 72
    8
 73
    4
 74
    0
 42
1e-07
 43
1e-07
 40
0
 40
0
 40
0
 40
0
 40
1
 40
1
 40
1
 40
1
 10
149.22146
 20
217.713689
 30
0
 10
149.192941
 20
217.704182
 30
0
 10
148.822186
 20
217.647143
 30
0
 10
148.708107
 20
217.62813
 30
0
  0
LWPOLYLINE
  5
4BD
100
AcDbEntity
  8
Layer_1
  6
ByLayer
 62
    1
370
   -1
100
AcDbPolyline
 90
    2
 70
    0
 43
0
 10
151.046716
 20
213.939593
 10
149.107382
 20
217.000698
  0
SPLINE
  5
4BE
100
AcDbEntity
  8
Layer_1
  6
ByLayer
 62
    1
370
   -1
100
AcDbSpline
210
0
220
0
230
0
 70
 4096
 71
    3
 72
    8
 73
    4
 74
    0
 42
1e-07
 43
1e-07
 40
0
 40
0
 40
0
 40
0
 40
1
 40
1
 40
1
 40
1
 10
148.47995
 20
218.027405
 30
0
 10
148.536989
 20
218.084444
 30
0
 10
148.603535
 20
218.103457
 30
0
 10
148.603535
 20
218.103457
 30
0
  0
LWPOLYLINE
  5
4BF
100
AcDbEntity
  8
Layer_1
  6
ByLayer
 62
    1
370
   -1
100
AcDbPolyline
 90
    3
 70
    0
 43
0
 10
148.708107
 20
217.62813
 10
148.45143
 20
218.027405
 10
148.47995
 20
218.027405
  0
SPLINE
  5
4C0
100
AcDbEntity
  8
Layer_1
  6
ByLayer
 62
    1
370
   -1
100
AcDbSpline
210
0
220
0
230
0
 70
 4096
 71
    3
 72
    8
 73
    4
 74
    0
 42
1e-07
 43
1e-07
 40
0
 40
0
 40
0
 40
0
 40
1
 40
1
 40
1
 40
1
 10
149.259486
 20
218.303094
 30
0
 10
149.268993
 20
218.502732
 30
0
 10
149.278499
 20
218.692863
 30
0
 10
149.278499
 20
218.8925
 30
0
  0
SPLINE
  5
4C1
100
AcDbEntity
  8
Layer_1
  6
ByLayer
 62
    1
370
   -1
100
AcDbSpline
210
0
220
0
230
0
 70
 4096
 71
    3
 72
    8
 73
    4
 74
    0
 42
1e-07
 43
1e-07
 40
0
 40
0
 40
0
 40
0
 40
1
 40
1
 40
1
 40
1
 10
149.278499
 20
218.8925
 30
0
 10
149.278499
 20
219.073124
 30
0
 10
149.268993
 20
219.244242
 30
0
 10
149.259486
 20
219.424866
 30
0
  0
SPLINE
  5
4C2
100
AcDbEntity
  8
Layer_1
  6
ByLayer
 62
    1
370
   -1
100
AcDbSpline
210
0
220
0
230
0
 70
 4096
 71
    3
 72
    8
 73
    4
 74
    0
 42
1e-07
 43
1e-07
 40
0
 40
0
 40
0
 40
0
 40
1
 40
1
 40
1
 40
1
 10
149.259486
 20
219.424866
 30
0
 10
149.22146
 20
219.41536
 30
0
 10
148.822186
 20
219.263255
 30
0
 10
148.75564
 20
219.244242
 30
0
  0
SPLINE
  5
4C3
100
AcDbEntity
  8
Layer_1
  6
ByLayer
 62
    1
370
   -1
100
AcDbSpline
210
0
220
0
230
0
 70
 4096
 71
    3
 72
    8
 73
    4
 74
    0
 42
1e-07
 43
1e-07
 40
0
 40
0
 40
0
 40
0
 40
1
 40
1
 40
1
 40
1
 10
148.75564
 20
219.244242
 30
0
 10
148.679587
 20
219.215722
 30
0
 10
148.536989
 20
219.206216
 30
0
 10
148.460937
 20
219.405853
 30
0
  0
SPLINE
  5
4C4
100
AcDbEntity
  8
Layer_1
  6
ByLayer
 62
    1
370
   -1
100
AcDbSpline
210
0
220
0
230
0
 70
 4096
 71
    3
 72
    8
 73
    4
 74
    0
 42
1e-07
 43
1e-07
 40
0
 40
0
 40
0
 40
0
 40
1
 40
1
 40
1
 40
1
 10
148.460937
 20
219.405853
 30
0
 10
148.384885
 20
219.60549
 30
0
 10
148.594029
 20
219.700556
 30
0
 10
148.594029
 20
219.700556
 30
0
  0
LWPOLYLINE
  5
4C5
100
AcDbEntity
  8
Layer_1
  6
ByLayer
 62
    1
370
   -1
100
AcDbPolyline
 90
    2
 70
    0
 43
0
 10
148.603535
 20
218.103457
 10
149.259486
 20
218.303094
  0
SPLINE
  5
4C6
100
AcDbEntity
  8
Layer_1
  6
ByLayer
 62
    1
370
   -1
100
AcDbSpline
210
0
220
0
230
0
 70
 4096
 71
    3
 72
    8
 73
    4
 74
    0
 42
1e-07
 43
1e-07
 40
0
 40
0
 40
0
 40
0
 40
1
 40
1
 40
1
 40
1
 10
149.202447
 20
220.004765
 30
0
 10
149.164421
 20
220.385027
 30
0
 10
149.097875
 20
220.755782
 30
0
 10
149.012316
 20
221.11703
 30
0
  0
SPLINE
  5
4C7
100
AcDbEntity
  8
Layer_1
  6
ByLayer
 62
    1
370
   -1
100
AcDbSpline
210
0
220
0
230
0
 70
 4096
 71
    3
 72
    8
 73
    4
 74
    0
 42
1e-07
 43
1e-07
 40
0
 40
0
 40
0
 40
0
 40
1
 40
1
 40
1
 40
1
 10
149.012316
 20
221.11703
 30
0
 10
149.00281
 20
221.107524
 30
0
 10
148.613042
 20
220.888873
 30
0
 10
148.546496
 20
220.850847
 30
0
  0
SPLINE
  5
4C8
100
AcDbEntity
  8
Layer_1
  6
ByLayer
 62
    1
370
   -1
100
AcDbSpline
210
0
220
0
230
0
 70
 4096
 71
    3
 72
    8
 73
    4
 74
    0
 42
1e-07
 43
1e-07
 40
0
 40
0
 40
0
 40
0
 40
1
 40
1
 40
1
 40
1
 10
148.546496
 20
220.850847
 30
0
 10
148.47995
 20
220.812821
 30
0
 10
148.337352
 20
220.774795
 30
0
 10
148.23278
 20
220.955419
 30
0
  0
SPLINE
  5
4C9
100
AcDbEntity
  8
Layer_1
  6
ByLayer
 62
    1
370
   -1
100
AcDbSpline
210
0
220
0
230
0
 70
 4096
 71
    3
 72
    8
 73
    4
 74
    0
 42
1e-07
 43
1e-07
 40
0
 40
0
 40
0
 40
0
 40
1
 40
1
 40
1
 40
1
 10
148.23278
 20
220.955419
 30
0
 10
148.128208
 20
221.136043
 30
0
 10
148.318339
 20
221.269135
 30
0
 10
148.318339
 20
221.269135
 30
0
  0
LWPOLYLINE
  5
4CA
100
AcDbEntity
  8
Layer_1
  6
ByLayer
 62
    1
370
   -1
100
AcDbPolyline
 90
    2
 70
    0
 43
0
 10
148.594029
 20
219.700556
 10
149.202447
 20
220.004765
  0
SPLINE
  5
4CB
100
AcDbEntity
  8
Layer_1
  6
ByLayer
 62
    1
370
   -1
100
AcDbSpline
210
0
220
0
230
0
 70
 4096
 71
    3
 72
    8
 73
    4
 74
    0
 42
1e-07
 43
1e-07
 40
0
 40
0
 40
0
 40
0
 40
1
 40
1
 40
1
 40
1
 10
148.869718
 20
221.677916
 30
0
 10
148.765146
 20
222.039165
 30
0
 10
148.632055
 20
222.390907
 30
0
 10
148.489457
 20
222.733142
 30
0
  0
SPLINE
  5
4CC
100
AcDbEntity
  8
Layer_1
  6
ByLayer
 62
    1
370
   -1
100
AcDbSpline
210
0
220
0
230
0
 70
 4096
 71
    3
 72
    8
 73
    4
 74
    0
 42
1e-07
 43
1e-07
 40
0
 40
0
 40
0
 40
0
 40
1
 40
1
 40
1
 40
1
 10
148.489457
 20
222.733142
 30
0
 10
148.489457
 20
222.733142
 30
0
 10
148.137715
 20
222.438439
 30
0
 10
148.071169
 20
222.390907
 30
0
  0
SPLINE
  5
4CD
100
AcDbEntity
  8
Layer_1
  6
ByLayer
 62
    1
370
   -1
100
AcDbSpline
210
0
220
0
230
0
 70
 4096
 71
    3
 72
    8
 73
    4
 74
    0
 42
1e-07
 43
1e-07
 40
0
 40
0
 40
0
 40
0
 40
1
 40
1
 40
1
 40
1
 10
148.071169
 20
222.390907
 30
0
 10
148.01413
 20
222.343374
 30
0
 10
147.881038
 20
222.276828
 30
0
 10
147.73844
 20
222.438439
 30
0
  0
SPLINE
  5
4CE
100
AcDbEntity
  8
Layer_1
  6
ByLayer
 62
    1
370
   -1
100
AcDbSpline
210
0
220
0
230
0
 70
 4096
 71
    3
 72
    8
 73
    4
 74
    0
 42
1e-07
 43
1e-07
 40
0
 40
0
 40
0
 40
0
 40
1
 40
1
 40
1
 40
1
 10
147.73844
 20
222.438439
 30
0
 10
147.605348
 20
222.60005
 30
0
 10
147.76696
 20
222.761662
 30
0
 10
147.76696
 20
222.761662
 30
0
  0
LWPOLYLINE
  5
4CF
100
AcDbEntity
  8
Layer_1
  6
ByLayer
 62
    1
370
   -1
100
AcDbPolyline
 90
    2
 70
    0
 43
0
 10
148.318339
 20
221.269135
 10
148.869718
 20
221.677916
  0
SPLINE
  5
4D0
100
AcDbEntity
  8
Layer_1
  6
ByLayer
 62
    1
370
   -1
100
AcDbSpline
210
0
220
0
230
0
 70
 4096
 71
    3
 72
    8
 73
    4
 74
    0
 42
1e-07
 43
1e-07
 40
0
 40
0
 40
0
 40
0
 40
1
 40
1
 40
1
 40
1
 10
148.242287
 20
223.256002
 30
0
 10
148.071169
 20
223.588731
 30
0
 10
147.890545
 20
223.92146
 30
0
 10
147.681401
 20
224.235175
 30
0
  0
SPLINE
  5
4D1
100
AcDbEntity
  8
Layer_1
  6
ByLayer
 62
    1
370
   -1
100
AcDbSpline
210
0
220
0
230
0
 70
 4096
 71
    3
 72
    8
 73
    4
 74
    0
 42
1e-07
 43
1e-07
 40
0
 40
0
 40
0
 40
0
 40
1
 40
1
 40
1
 40
1
 10
147.681401
 20
224.235175
 30
0
 10
147.671894
 20
224.216162
 30
0
 10
147.386698
 20
223.883433
 30
0
 10
147.329659
 20
223.826394
 30
0
  0
SPLINE
  5
4D2
100
AcDbEntity
  8
Layer_1
  6
ByLayer
 62
    1
370
   -1
100
AcDbSpline
210
0
220
0
230
0
 70
 4096
 71
    3
 72
    8
 73
    4
 74
    0
 42
1e-07
 43
1e-07
 40
0
 40
0
 40
0
 40
0
 40
1
 40
1
 40
1
 40
1
 10
147.329659
 20
223.826394
 30
0
 10
147.282126
 20
223.769355
 30
0
 10
147.158541
 20
223.683796
 30
0
 10
146.99693
 20
223.816888
 30
0
  0
SPLINE
  5
4D3
100
AcDbEntity
  8
Layer_1
  6
ByLayer
 62
    1
370
   -1
100
AcDbSpline
210
0
220
0
230
0
 70
 4096
 71
    3
 72
    8
 73
    4
 74
    0
 42
1e-07
 43
1e-07
 40
0
 40
0
 40
0
 40
0
 40
1
 40
1
 40
1
 40
1
 10
146.99693
 20
223.816888
 30
0
 10
146.835319
 20
223.949979
 30
0
 10
146.96841
 20
224.14011
 30
0
 10
146.96841
 20
224.14011
 30
0
  0
LWPOLYLINE
  5
4D4
100
AcDbEntity
  8
Layer_1
  6
ByLayer
 62
    1
370
   -1
100
AcDbPolyline
 90
    2
 70
    0
 43
0
 10
147.76696
 20
222.761662
 10
148.242287
 20
223.256002
  0
SPLINE
  5
4D5
100
AcDbEntity
  8
Layer_1
  6
ByLayer
 62
    1
370
   -1
100
AcDbSpline
210
0
220
0
230
0
 70
 4096
 71
    3
 72
    8
 73
    4
 74
    0
 42
1e-07
 43
1e-07
 40
0
 40
0
 40
0
 40
0
 40
1
 40
1
 40
1
 40
1
 10
147.348672
 20
224.710502
 30
0
 10
147.130021
 20
225.014712
 30
0
 10
146.882851
 20
225.299908
 30
0
 10
146.635681
 20
225.575598
 30
0
  0
SPLINE
  5
4D6
100
AcDbEntity
  8
Layer_1
  6
ByLayer
 62
    1
370
   -1
100
AcDbSpline
210
0
220
0
230
0
 70
 4096
 71
    3
 72
    8
 73
    4
 74
    0
 42
1e-07
 43
1e-07
 40
0
 40
0
 40
0
 40
0
 40
1
 40
1
 40
1
 40
1
 10
146.635681
 20
225.575598
 30
0
 10
146.616668
 20
225.537571
 30
0
 10
146.398018
 20
225.176323
 30
0
 10
146.359992
 20
225.109777
 30
0
  0
SPLINE
  5
4D7
100
AcDbEntity
  8
Layer_1
  6
ByLayer
 62
    1
370
   -1
100
AcDbSpline
210
0
220
0
230
0
 70
 4096
 71
    3
 72
    8
 73
    4
 74
    0
 42
1e-07
 43
1e-07
 40
0
 40
0
 40
0
 40
0
 40
1
 40
1
 40
1
 40
1
 10
146.359992
 20
225.109777
 30
0
 10
146.321965
 20
225.043231
 30
0
 10
146.217394
 20
224.938659
 30
0
 10
146.036769
 20
225.043231
 30
0
  0
SPLINE
  5
4D8
100
AcDbEntity
  8
Layer_1
  6
ByLayer
 62
    1
370
   -1
100
AcDbSpline
210
0
220
0
230
0
 70
 4096
 71
    3
 72
    8
 73
    4
 74
    0
 42
1e-07
 43
1e-07
 40
0
 40
0
 40
0
 40
0
 40
1
 40
1
 40
1
 40
1
 10
146.036769
 20
225.043231
 30
0
 10
145.856145
 20
225.147803
 30
0
 10
145.95121
 20
225.356947
 30
0
 10
145.95121
 20
225.356947
 30
0
  0
LWPOLYLINE
  5
4D9
100
AcDbEntity
  8
Layer_1
  6
ByLayer
 62
    1
370
   -1
100
AcDbPolyline
 90
    2
 70
    0
 43
0
 10
146.96841
 20
224.14011
 10
147.348672
 20
224.710502
  0
SPLINE
  5
4DA
100
AcDbEntity
  8
Layer_1
  6
ByLayer
 62
    1
370
   -1
100
AcDbSpline
210
0
220
0
230
0
 70
 4096
 71
    3
 72
    8
 73
    4
 74
    0
 42
1e-07
 43
1e-07
 40
0
 40
0
 40
0
 40
0
 40
1
 40
1
 40
1
 40
1
 10
146.2269
 20
225.984379
 30
0
 10
145.960717
 20
226.241055
 30
0
 10
145.666014
 20
226.488225
 30
0
 10
145.371311
 20
226.716382
 30
0
  0
SPLINE
  5
4DB
100
AcDbEntity
  8
Layer_1
  6
ByLayer
 62
    1
370
   -1
100
AcDbSpline
210
0
220
0
230
0
 70
 4096
 71
    3
 72
    8
 73
    4
 74
    0
 42
1e-07
 43
1e-07
 40
0
 40
0
 40
0
 40
0
 40
1
 40
1
 40
1
 40
1
 10
145.371311
 20
226.716382
 30
0
 10
145.361805
 20
226.678356
 30
0
 10
145.2097
 20
226.279081
 30
0
 10
145.181181
 20
226.212536
 30
0
  0
SPLINE
  5
4DC
100
AcDbEntity
  8
Layer_1
  6
ByLayer
 62
    1
370
   -1
100
AcDbSpline
210
0
220
0
230
0
 70
 4096
 71
    3
 72
    8
 73
    4
 74
    0
 42
1e-07
 43
1e-07
 40
0
 40
0
 40
0
 40
0
 40
1
 40
1
 40
1
 40
1
 10
145.181181
 20
226.212536
 30
0
 10
145.152661
 20
226.136483
 30
0
 10
145.067102
 20
226.022405
 30
0
 10
144.867465
 20
226.088951
 30
0
  0
SPLINE
  5
4DD
100
AcDbEntity
  8
Layer_1
  6
ByLayer
 62
    1
370
   -1
100
AcDbSpline
210
0
220
0
230
0
 70
 4096
 71
    3
 72
    8
 73
    4
 74
    0
 42
1e-07
 43
1e-07
 40
0
 40
0
 40
0
 40
0
 40
1
 40
1
 40
1
 40
1
 10
144.867465
 20
226.088951
 30
0
 10
144.667828
 20
226.165003
 30
0
 10
144.734373
 20
226.383653
 30
0
 10
144.734373
 20
226.383653
 30
0
  0
LWPOLYLINE
  5
4DE
100
AcDbEntity
  8
Layer_1
  6
ByLayer
 62
    1
370
   -1
100
AcDbPolyline
 90
    2
 70
    0
 43
0
 10
145.95121
 20
225.356947
 10
146.2269
 20
225.984379
  0
SPLINE
  5
4DF
100
AcDbEntity
  8
Layer_1
  6
ByLayer
 62
    1
370
   -1
100
AcDbSpline
210
0
220
0
230
0
 70
 4096
 71
    3
 72
    8
 73
    4
 74
    0
 42
1e-07
 43
1e-07
 40
0
 40
0
 40
0
 40
0
 40
1
 40
1
 40
1
 40
1
 10
144.895984
 20
227.049111
 30
0
 10
144.582269
 20
227.258255
 30
0
 10
144.259046
 20
227.448386
 30
0
 10
143.926317
 20
227.619504
 30
0
  0
SPLINE
  5
4E0
100
AcDbEntity
  8
Layer_1
  6
ByLayer
 62
    1
370
   -1
100
AcDbSpline
210
0
220
0
230
0
 70
 4096
 71
    3
 72
    8
 73
    4
 74
    0
 42
1e-07
 43
1e-07
 40
0
 40
0
 40
0
 40
0
 40
1
 40
1
 40
1
 40
1
 10
143.926317
 20
227.619504
 30
0
 10
143.926317
 20
227.600491
 30
0
 10
143.840759
 20
227.16319
 30
0
 10
143.831252
 20
227.087137
 30
0
  0
SPLINE
  5
4E1
100
AcDbEntity
  8
Layer_1
  6
ByLayer
 62
    1
370
   -1
100
AcDbSpline
210
0
220
0
230
0
 70
 4096
 71
    3
 72
    8
 73
    4
 74
    0
 42
1e-07
 43
1e-07
 40
0
 40
0
 40
0
 40
0
 40
1
 40
1
 40
1
 40
1
 10
143.831252
 20
227.087137
 30
0
 10
143.812239
 20
227.011085
 30
0
 10
143.7552
 20
226.877993
 30
0
 10
143.546056
 20
226.91602
 30
0
  0
SPLINE
  5
4E2
100
AcDbEntity
  8
Layer_1
  6
ByLayer
 62
    1
370
   -1
100
AcDbSpline
210
0
220
0
230
0
 70
 4096
 71
    3
 72
    8
 73
    4
 74
    0
 42
1e-07
 43
1e-07
 40
0
 40
0
 40
0
 40
0
 40
1
 40
1
 40
1
 40
1
 10
143.546056
 20
226.91602
 30
0
 10
143.336912
 20
226.954046
 30
0
 10
143.365432
 20
227.182203
 30
0
 10
143.365432
 20
227.182203
 30
0
  0
LWPOLYLINE
  5
4E3
100
AcDbEntity
  8
Layer_1
  6
ByLayer
 62
    1
370
   -1
100
AcDbPolyline
 90
    2
 70
    0
 43
0
 10
144.734373
 20
226.383653
 10
144.895984
 20
227.049111
  0
SPLINE
  5
4E4
100
AcDbEntity
  8
Layer_1
  6
ByLayer
 62
    1
370
   -1
100
AcDbSpline
210
0
220
0
230
0
 70
 4096
 71
    3
 72
    8
 73
    4
 74
    0
 42
1e-07
 43
1e-07
 40
0
 40
0
 40
0
 40
0
 40
1
 40
1
 40
1
 40
1
 10
143.412964
 20
227.866674
 30
0
 10
143.051716
 20
228.028285
 30
0
 10
142.680961
 20
228.161376
 30
0
 10
142.300699
 20
228.275455
 30
0
  0
LWPOLYLINE
  5
4E5
100
AcDbEntity
  8
Layer_1
  6
ByLayer
 62
    1
370
   -1
100
AcDbPolyline
 90
    2
 70
    0
 43
0
 10
143.365432
 20
227.182203
 10
143.412964
 20
227.866674
  0
SPLINE
  5
4E6
100
AcDbEntity
  8
Layer_1
  6
ByLayer
 62
    1
370
   -1
100
AcDbSpline
210
0
220
0
230
0
 70
 4096
 71
    3
 72
    8
 73
    4
 74
    0
 42
1e-07
 43
1e-07
 40
0
 40
0
 40
0
 40
0
 40
1
 40
1
 40
1
 40
1
 10
141.064849
 20
229.444759
 30
0
 10
140.028636
 20
231.070378
 30
0
 10
138.536109
 20
231.070378
 30
0
 10
137.499896
 20
229.444759
 30
0
  0
LWPOLYLINE
  5
4E7
100
AcDbEntity
  8
Layer_1
  6
ByLayer
 62
    1
370
   -1
100
AcDbPolyline
 90
    4
 70
    0
 43
0
 10
142.300699
 20
228.275455
 10
142.300699
 20
227.733582
 10
142.300699
 20
227.524438
 10
141.064849
 20
229.444759
  0
SPLINE
  5
4E8
100
AcDbEntity
  8
Layer_1
  6
ByLayer
 62
    1
370
   -1
100
AcDbSpline
210
0
220
0
230
0
 70
 4096
 71
    3
 72
    8
 73
    4
 74
    0
 42
1e-07
 43
1e-07
 40
0
 40
0
 40
0
 40
0
 40
1
 40
1
 40
1
 40
1
 10
136.69184
 20
228.294468
 30
0
 10
136.330592
 20
228.189896
 30
0
 10
135.97885
 20
228.056804
 30
0
 10
135.636615
 20
227.914206
 30
0
  0
SPLINE
  5
4E9
100
AcDbEntity
  8
Layer_1
  6
ByLayer
 62
    1
370
   -1
100
AcDbSpline
210
0
220
0
230
0
 70
 4096
 71
    3
 72
    8
 73
    4
 74
    0
 42
1e-07
 43
1e-07
 40
0
 40
0
 40
0
 40
0
 40
1
 40
1
 40
1
 40
1
 10
135.636615
 20
227.914206
 30
0
 10
135.636615
 20
227.914206
 30
0
 10
135.931317
 20
227.562464
 30
0
 10
135.988357
 20
227.495919
 30
0
  0
SPLINE
  5
4EA
100
AcDbEntity
  8
Layer_1
  6
ByLayer
 62
    1
370
   -1
100
AcDbSpline
210
0
220
0
230
0
 70
 4096
 71
    3
 72
    8
 73
    4
 74
    0
 42
1e-07
 43
1e-07
 40
0
 40
0
 40
0
 40
0
 40
1
 40
1
 40
1
 40
1
 10
135.988357
 20
227.495919
 30
0
 10
136.035889
 20
227.438879
 30
0
 10
136.102435
 20
227.305788
 30
0
 10
135.940824
 20
227.16319
 30
0
  0
SPLINE
  5
4EB
100
AcDbEntity
  8
Layer_1
  6
ByLayer
 62
    1
370
   -1
100
AcDbSpline
210
0
220
0
230
0
 70
 4096
 71
    3
 72
    8
 73
    4
 74
    0
 42
1e-07
 43
1e-07
 40
0
 40
0
 40
0
 40
0
 40
1
 40
1
 40
1
 40
1
 10
135.940824
 20
227.16319
 30
0
 10
135.779213
 20
227.030098
 30
0
 10
135.617601
 20
227.191709
 30
0
 10
135.617601
 20
227.191709
 30
0
  0
LWPOLYLINE
  5
4EC
100
AcDbEntity
  8
Layer_1
  6
ByLayer
 62
    1
370
   -1
100
AcDbPolyline
 90
    3
 70
    0
 43
0
 10
137.499896
 20
229.444759
 10
136.758386
 20
228.284961
 10
136.69184
 20
228.294468
  0
SPLINE
  5
4ED
100
AcDbEntity
  8
Layer_1
  6
ByLayer
 62
    1
370
   -1
100
AcDbSpline
210
0
220
0
230
0
 70
 4096
 71
    3
 72
    8
 73
    4
 74
    0
 42
1e-07
 43
1e-07
 40
0
 40
0
 40
0
 40
0
 40
1
 40
1
 40
1
 40
1
 10
135.123261
 20
227.667036
 30
0
 10
134.790532
 20
227.495919
 30
0
 10
134.457804
 20
227.315294
 30
0
 10
134.144088
 20
227.10615
 30
0
  0
SPLINE
  5
4EE
100
AcDbEntity
  8
Layer_1
  6
ByLayer
 62
    1
370
   -1
100
AcDbSpline
210
0
220
0
230
0
 70
 4096
 71
    3
 72
    8
 73
    4
 74
    0
 42
1e-07
 43
1e-07
 40
0
 40
0
 40
0
 40
0
 40
1
 40
1
 40
1
 40
1
 10
134.144088
 20
227.10615
 30
0
 10
134.163101
 20
227.096644
 30
0
 10
134.49583
 20
226.811448
 30
0
 10
134.552869
 20
226.754408
 30
0
  0
SPLINE
  5
4EF
100
AcDbEntity
  8
Layer_1
  6
ByLayer
 62
    1
370
   -1
100
AcDbSpline
210
0
220
0
230
0
 70
 4096
 71
    3
 72
    8
 73
    4
 74
    0
 42
1e-07
 43
1e-07
 40
0
 40
0
 40
0
 40
0
 40
1
 40
1
 40
1
 40
1
 10
134.552869
 20
226.754408
 30
0
 10
134.609908
 20
226.706876
 30
0
 10
134.695467
 20
226.583291
 30
0
 10
134.562376
 20
226.42168
 30
0
  0
SPLINE
  5
4F0
100
AcDbEntity
  8
Layer_1
  6
ByLayer
 62
    1
370
   -1
100
AcDbSpline
210
0
220
0
230
0
 70
 4096
 71
    3
 72
    8
 73
    4
 74
    0
 42
1e-07
 43
1e-07
 40
0
 40
0
 40
0
 40
0
 40
1
 40
1
 40
1
 40
1
 10
134.562376
 20
226.42168
 30
0
 10
134.429284
 20
226.260068
 30
0
 10
134.239153
 20
226.39316
 30
0
 10
134.239153
 20
226.39316
 30
0
  0
LWPOLYLINE
  5
4F1
100
AcDbEntity
  8
Layer_1
  6
ByLayer
 62
    1
370
   -1
100
AcDbPolyline
 90
    2
 70
    0
 43
0
 10
135.617601
 20
227.191709
 10
135.123261
 20
227.667036
  0
SPLINE
  5
4F2
100
AcDbEntity
  8
Layer_1
  6
ByLayer
 62
    1
370
   -1
100
AcDbSpline
210
0
220
0
230
0
 70
 4096
 71
    3
 72
    8
 73
    4
 74
    0
 42
1e-07
 43
1e-07
 40
0
 40
0
 40
0
 40
0
 40
1
 40
1
 40
1
 40
1
 10
133.668761
 20
226.773422
 30
0
 10
133.364551
 20
226.554771
 30
0
 10
133.079355
 20
226.307601
 30
0
 10
132.803666
 20
226.060431
 30
0
  0
SPLINE
  5
4F3
100
AcDbEntity
  8
Layer_1
  6
ByLayer
 62
    1
370
   -1
100
AcDbSpline
210
0
220
0
230
0
 70
 4096
 71
    3
 72
    8
 73
    4
 74
    0
 42
1e-07
 43
1e-07
 40
0
 40
0
 40
0
 40
0
 40
1
 40
1
 40
1
 40
1
 10
132.803666
 20
226.060431
 30
0
 10
132.841692
 20
226.041418
 30
0
 10
133.20294
 20
225.822768
 30
0
 10
133.269486
 20
225.784741
 30
0
  0
SPLINE
  5
4F4
100
AcDbEntity
  8
Layer_1
  6
ByLayer
 62
    1
370
   -1
100
AcDbSpline
210
0
220
0
230
0
 70
 4096
 71
    3
 72
    8
 73
    4
 74
    0
 42
1e-07
 43
1e-07
 40
0
 40
0
 40
0
 40
0
 40
1
 40
1
 40
1
 40
1
 10
133.269486
 20
225.784741
 30
0
 10
133.336032
 20
225.746715
 30
0
 10
133.440604
 20
225.642143
 30
0
 10
133.336032
 20
225.461519
 30
0
  0
SPLINE
  5
4F5
100
AcDbEntity
  8
Layer_1
  6
ByLayer
 62
    1
370
   -1
100
AcDbSpline
210
0
220
0
230
0
 70
 4096
 71
    3
 72
    8
 73
    4
 74
    0
 42
1e-07
 43
1e-07
 40
0
 40
0
 40
0
 40
0
 40
1
 40
1
 40
1
 40
1
 10
133.336032
 20
225.461519
 30
0
 10
133.23146
 20
225.280895
 30
0
 10
133.022316
 20
225.37596
 30
0
 10
133.022316
 20
225.37596
 30
0
  0
LWPOLYLINE
  5
4F6
100
AcDbEntity
  8
Layer_1
  6
ByLayer
 62
    1
370
   -1
100
AcDbPolyline
 90
    2
 70
    0
 43
0
 10
134.239153
 20
226.39316
 10
133.668761
 20
226.773422
  0
SPLINE
  5
4F7
100
AcDbEntity
  8
Layer_1
  6
ByLayer
 62
    1
370
   -1
100
AcDbSpline
210
0
220
0
230
0
 70
 4096
 71
    3
 72
    8
 73
    4
 74
    0
 42
1e-07
 43
1e-07
 40
0
 40
0
 40
0
 40
0
 40
1
 40
1
 40
1
 40
1
 10
132.394884
 20
225.65165
 30
0
 10
132.138208
 20
225.385467
 30
0
 10
131.891038
 20
225.090764
 30
0
 10
131.662881
 20
224.796061
 30
0
  0
SPLINE
  5
4F8
100
AcDbEntity
  8
Layer_1
  6
ByLayer
 62
    1
370
   -1
100
AcDbSpline
210
0
220
0
230
0
 70
 4096
 71
    3
 72
    8
 73
    4
 74
    0
 42
1e-07
 43
1e-07
 40
0
 40
0
 40
0
 40
0
 40
1
 40
1
 40
1
 40
1
 10
131.662881
 20
224.796061
 30
0
 10
131.700907
 20
224.786555
 30
0
 10
132.100182
 20
224.63445
 30
0
 10
132.166727
 20
224.60593
 30
0
  0
SPLINE
  5
4F9
100
AcDbEntity
  8
Layer_1
  6
ByLayer
 62
    1
370
   -1
100
AcDbSpline
210
0
220
0
230
0
 70
 4096
 71
    3
 72
    8
 73
    4
 74
    0
 42
1e-07
 43
1e-07
 40
0
 40
0
 40
0
 40
0
 40
1
 40
1
 40
1
 40
1
 10
132.166727
 20
224.60593
 30
0
 10
132.24278
 20
224.577411
 30
0
 10
132.356858
 20
224.491852
 30
0
 10
132.290312
 20
224.292215
 30
0
  0
SPLINE
  5
4FA
100
AcDbEntity
  8
Layer_1
  6
ByLayer
 62
    1
370
   -1
100
AcDbSpline
210
0
220
0
230
0
 70
 4096
 71
    3
 72
    8
 73
    4
 74
    0
 42
1e-07
 43
1e-07
 40
0
 40
0
 40
0
 40
0
 40
1
 40
1
 40
1
 40
1
 10
132.290312
 20
224.292215
 30
0
 10
132.21426
 20
224.092577
 30
0
 10
131.99561
 20
224.159123
 30
0
 10
131.99561
 20
224.159123
 30
0
  0
LWPOLYLINE
  5
4FB
100
AcDbEntity
  8
Layer_1
  6
ByLayer
 62
    1
370
   -1
100
AcDbPolyline
 90
    2
 70
    0
 43
0
 10
133.022316
 20
225.37596
 10
132.394884
 20
225.65165
  0
SPLINE
  5
4FC
100
AcDbEntity
  8
Layer_1
  6
ByLayer
 62
    1
370
   -1
100
AcDbSpline
210
0
220
0
230
0
 70
 4096
 71
    3
 72
    8
 73
    4
 74
    0
 42
1e-07
 43
1e-07
 40
0
 40
0
 40
0
 40
0
 40
1
 40
1
 40
1
 40
1
 10
131.330152
 20
224.320734
 30
0
 10
131.121008
 20
224.007018
 30
0
 10
130.930877
 20
223.683796
 30
0
 10
130.75976
 20
223.351067
 30
0
  0
SPLINE
  5
4FD
100
AcDbEntity
  8
Layer_1
  6
ByLayer
 62
    1
370
   -1
100
AcDbSpline
210
0
220
0
230
0
 70
 4096
 71
    3
 72
    8
 73
    4
 74
    0
 42
1e-07
 43
1e-07
 40
0
 40
0
 40
0
 40
0
 40
1
 40
1
 40
1
 40
1
 10
130.75976
 20
223.351067
 30
0
 10
130.769266
 20
223.351067
 30
0
 10
131.216073
 20
223.265508
 30
0
 10
131.292126
 20
223.256002
 30
0
  0
SPLINE
  5
4FE
100
AcDbEntity
  8
Layer_1
  6
ByLayer
 62
    1
370
   -1
100
AcDbSpline
210
0
220
0
230
0
 70
 4096
 71
    3
 72
    8
 73
    4
 74
    0
 42
1e-07
 43
1e-07
 40
0
 40
0
 40
0
 40
0
 40
1
 40
1
 40
1
 40
1
 10
131.292126
 20
223.256002
 30
0
 10
131.368178
 20
223.236989
 30
0
 10
131.50127
 20
223.179949
 30
0
 10
131.463243
 20
222.970806
 30
0
  0
SPLINE
  5
4FF
100
AcDbEntity
  8
Layer_1
  6
ByLayer
 62
    1
370
   -1
100
AcDbSpline
210
0
220
0
230
0
 70
 4096
 71
    3
 72
    8
 73
    4
 74
    0
 42
1e-07
 43
1e-07
 40
0
 40
0
 40
0
 40
0
 40
1
 40
1
 40
1
 40
1
 10
131.463243
 20
222.970806
 30
0
 10
131.425217
 20
222.761662
 30
0
 10
131.19706
 20
222.790181
 30
0
 10
131.19706
 20
222.790181
 30
0
  0
LWPOLYLINE
  5
500
100
AcDbEntity
  8
Layer_1
  6
ByLayer
 62
    1
370
   -1
100
AcDbPolyline
 90
    2
 70
    0
 43
0
 10
131.99561
 20
224.159123
 10
131.330152
 20
224.320734
  0
SPLINE
  5
501
100
AcDbEntity
  8
Layer_1
  6
ByLayer
 62
    1
370
   -1
100
AcDbSpline
210
0
220
0
230
0
 70
 4096
 71
    3
 72
    8
 73
    4
 74
    0
 42
1e-07
 43
1e-07
 40
0
 40
0
 40
0
 40
0
 40
1
 40
1
 40
1
 40
1
 10
130.512589
 20
222.837714
 30
0
 10
130.350978
 20
222.476465
 30
0
 10
130.217887
 20
222.10571
 30
0
 10
130.103808
 20
221.725449
 30
0
  0
LWPOLYLINE
  5
502
100
AcDbEntity
  8
Layer_1
  6
ByLayer
 62
    1
370
   -1
100
AcDbPolyline
 90
    2
 70
    0
 43
0
 10
131.19706
 20
222.790181
 10
130.512589
 20
222.837714
  0
SPLINE
  5
503
100
AcDbEntity
  8
Layer_1
  6
ByLayer
 62
    1
370
   -1
100
AcDbSpline
210
0
220
0
230
0
 70
 4096
 71
    3
 72
    8
 73
    4
 74
    0
 42
1e-07
 43
1e-07
 40
0
 40
0
 40
0
 40
0
 40
1
 40
1
 40
1
 40
1
 10
130.645681
 20
221.725449
 30
0
 10
130.721733
 20
221.725449
 30
0
 10
130.864331
 20
221.687423
 30
0
 10
130.864331
 20
221.478279
 30
0
  0
SPLINE
  5
504
100
AcDbEntity
  8
Layer_1
  6
ByLayer
 62
    1
370
   -1
100
AcDbSpline
210
0
220
0
230
0
 70
 4096
 71
    3
 72
    8
 73
    4
 74
    0
 42
1e-07
 43
1e-07
 40
0
 40
0
 40
0
 40
0
 40
1
 40
1
 40
1
 40
1
 10
130.864331
 20
221.478279
 30
0
 10
130.864331
 20
221.269135
 30
0
 10
130.636174
 20
221.250122
 30
0
 10
130.636174
 20
221.250122
 30
0
  0
LWPOLYLINE
  5
505
100
AcDbEntity
  8
Layer_1
  6
ByLayer
 62
    1
370
   -1
100
AcDbPolyline
 90
    2
 70
    0
 43
0
 10
130.103808
 20
221.725449
 10
130.645681
 20
221.725449
  0
SPLINE
  5
506
100
AcDbEntity
  8
Layer_1
  6
ByLayer
 62
    1
370
   -1
100
AcDbSpline
210
0
220
0
230
0
 70
 4096
 71
    3
 72
    8
 73
    4
 74
    0
 42
1e-07
 43
1e-07
 40
0
 40
0
 40
0
 40
0
 40
1
 40
1
 40
1
 40
1
 10
129.951704
 20
221.174069
 30
0
 10
129.866145
 20
220.812821
 30
0
 10
129.799599
 20
220.442066
 30
0
 10
129.752066
 20
220.071311
 30
0
  0
SPLINE
  5
507
100
AcDbEntity
  8
Layer_1
  6
ByLayer
 62
    1
370
   -1
100
AcDbSpline
210
0
220
0
230
0
 70
 4096
 71
    3
 72
    8
 73
    4
 74
    0
 42
1e-07
 43
1e-07
 40
0
 40
0
 40
0
 40
0
 40
1
 40
1
 40
1
 40
1
 10
129.752066
 20
220.071311
 30
0
 10
129.780586
 20
220.080817
 30
0
 10
130.20838
 20
220.147363
 30
0
 10
130.284433
 20
220.166376
 30
0
  0
SPLINE
  5
508
100
AcDbEntity
  8
Layer_1
  6
ByLayer
 62
    1
370
   -1
100
AcDbSpline
210
0
220
0
230
0
 70
 4096
 71
    3
 72
    8
 73
    4
 74
    0
 42
1e-07
 43
1e-07
 40
0
 40
0
 40
0
 40
0
 40
1
 40
1
 40
1
 40
1
 10
130.284433
 20
220.166376
 30
0
 10
130.360485
 20
220.175883
 30
0
 10
130.48407
 20
220.166376
 30
0
 10
130.531603
 20
220.004765
 30
0
  0
LWPOLYLINE
  5
509
100
AcDbEntity
  8
Layer_1
  6
ByLayer
 62
    1
370
   -1
100
AcDbPolyline
 90
    2
 70
    0
 43
0
 10
130.636174
 20
221.250122
 10
129.951704
 20
221.174069
  0
SPLINE
  5
50A
100
AcDbEntity
  8
Layer_1
  6
ByLayer
 62
    1
370
   -1
100
AcDbSpline
210
0
220
0
230
0
 70
 4096
 71
    3
 72
    8
 73
    4
 74
    0
 42
1e-07
 43
1e-07
 40
0
 40
0
 40
0
 40
0
 40
1
 40
1
 40
1
 40
1
 10
130.474563
 20
219.767102
 30
0
 10
130.417524
 20
219.710062
 30
0
 10
130.350978
 20
219.691049
 30
0
 10
130.350978
 20
219.691049
 30
0
  0
LWPOLYLINE
  5
50B
100
AcDbEntity
  8
Layer_1
  6
ByLayer
 62
    1
370
   -1
100
AcDbPolyline
 90
    4
 70
    0
 43
0
 10
130.531603
 20
220.004765
 10
131.377685
 20
219.9097
 10
131.235087
 20
219.681543
 10
130.474563
 20
219.767102
  0
SPLINE
  5
50C
100
AcDbEntity
  8
Layer_1
  6
ByLayer
 62
    1
370
   -1
100
AcDbSpline
210
0
220
0
230
0
 70
 4096
 71
    3
 72
    8
 73
    4
 74
    0
 42
1e-07
 43
1e-07
 40
0
 40
0
 40
0
 40
0
 40
1
 40
1
 40
1
 40
1
 10
129.695027
 20
219.491412
 30
0
 10
129.68552
 20
219.291775
 30
0
 10
129.676014
 20
219.101644
 30
0
 10
129.676014
 20
218.902006
 30
0
  0
SPLINE
  5
50D
100
AcDbEntity
  8
Layer_1
  6
ByLayer
 62
    1
370
   -1
100
AcDbSpline
210
0
220
0
230
0
 70
 4096
 71
    3
 72
    8
 73
    4
 74
    0
 42
1e-07
 43
1e-07
 40
0
 40
0
 40
0
 40
0
 40
1
 40
1
 40
1
 40
1
 10
129.676014
 20
218.902006
 30
0
 10
129.676014
 20
218.721382
 30
0
 10
129.68552
 20
218.550264
 30
0
 10
129.695027
 20
218.36964
 30
0
  0
SPLINE
  5
50E
100
AcDbEntity
  8
Layer_1
  6
ByLayer
 62
    1
370
   -1
100
AcDbSpline
210
0
220
0
230
0
 70
 4096
 71
    3
 72
    8
 73
    4
 74
    0
 42
1e-07
 43
1e-07
 40
0
 40
0
 40
0
 40
0
 40
1
 40
1
 40
1
 40
1
 10
129.695027
 20
218.36964
 30
0
 10
129.733053
 20
218.379147
 30
0
 10
130.132328
 20
218.531251
 30
0
 10
130.198874
 20
218.550264
 30
0
  0
SPLINE
  5
50F
100
AcDbEntity
  8
Layer_1
  6
ByLayer
 62
    1
370
   -1
100
AcDbSpline
210
0
220
0
230
0
 70
 4096
 71
    3
 72
    8
 73
    4
 74
    0
 42
1e-07
 43
1e-07
 40
0
 40
0
 40
0
 40
0
 40
1
 40
1
 40
1
 40
1
 10
130.198874
 20
218.550264
 30
0
 10
130.265419
 20
218.569278
 30
0
 10
130.379498
 20
218.588291
 30
0
 10
130.45555
 20
218.455199
 30
0
  0
LWPOLYLINE
  5
510
100
AcDbEntity
  8
Layer_1
  6
ByLayer
 62
    1
370
   -1
100
AcDbPolyline
 90
    2
 70
    0
 43
0
 10
130.350978
 20
219.691049
 10
129.695027
 20
219.491412
  0
SPLINE
  5
511
100
AcDbEntity
  8
Layer_1
  6
ByLayer
 62
    1
370
   -1
100
AcDbSpline
210
0
220
0
230
0
 70
 4096
 71
    3
 72
    8
 73
    4
 74
    0
 42
1e-07
 43
1e-07
 40
0
 40
0
 40
0
 40
0
 40
1
 40
1
 40
1
 40
1
 10
129.733053
 20
217.789741
 30
0
 10
129.752066
 20
217.65665
 30
0
 10
129.761573
 20
217.533065
 30
0
 10
129.790092
 20
217.399973
 30
0
  0
LWPOLYLINE
  5
512
100
AcDbEntity
  8
Layer_1
  6
ByLayer
 62
    1
370
   -1
100
AcDbPolyline
 90
    3
 70
    0
 43
0
 10
130.45555
 20
218.455199
 10
130.170354
 20
218.008392
 10
129.733053
 20
217.789741
  0
SPLINE
  5
513
100
AcDbEntity
  8
Layer_1
  6
ByLayer
 62
    1
370
   -1
100
AcDbSpline
210
0
220
0
230
0
 70
 4096
 71
    3
 72
    8
 73
    4
 74
    0
 42
1e-07
 43
1e-07
 40
0
 40
0
 40
0
 40
0
 40
1
 40
1
 40
1
 40
1
 10
127.603588
 20
213.949099
 30
0
 10
126.567375
 20
212.323481
 30
0
 10
127.299379
 20
210.992565
 30
0
 10
129.229207
 20
210.992565
 30
0
  0
LWPOLYLINE
  5
514
100
AcDbEntity
  8
Layer_1
  6
ByLayer
 62
    1
370
   -1
100
AcDbPolyline
 90
    2
 70
    0
 43
0
 10
129.790092
 20
217.399973
 10
127.603588
 20
213.949099
  0
SPLINE
  5
515
100
AcDbEntity
  8
Layer_1
  6
ByLayer
 62
    1
370
   -1
100
AcDbSpline
210
0
220
0
230
0
 70
 4096
 71
    3
 72
    8
 73
    4
 74
    0
 42
1e-07
 43
1e-07
 40
0
 40
0
 40
0
 40
0
 40
1
 40
1
 40
1
 40
1
 10
134.039516
 20
210.745395
 30
0
 10
134.353232
 20
210.536251
 30
0
 10
134.676454
 20
210.34612
 30
0
 10
135.009183
 20
210.175003
 30
0
  0
SPLINE
  5
516
100
AcDbEntity
  8
Layer_1
  6
ByLayer
 62
    1
370
   -1
100
AcDbSpline
210
0
220
0
230
0
 70
 4096
 71
    3
 72
    8
 73
    4
 74
    0
 42
1e-07
 43
1e-07
 40
0
 40
0
 40
0
 40
0
 40
1
 40
1
 40
1
 40
1
 10
135.009183
 20
210.175003
 30
0
 10
135.009183
 20
210.184509
 30
0
 10
135.094742
 20
210.631317
 30
0
 10
135.104248
 20
210.707369
 30
0
  0
SPLINE
  5
517
100
AcDbEntity
  8
Layer_1
  6
ByLayer
 62
    1
370
   -1
100
AcDbSpline
210
0
220
0
230
0
 70
 4096
 71
    3
 72
    8
 73
    4
 74
    0
 42
1e-07
 43
1e-07
 40
0
 40
0
 40
0
 40
0
 40
1
 40
1
 40
1
 40
1
 10
135.104248
 20
210.707369
 30
0
 10
135.113755
 20
210.783421
 30
0
 10
135.180301
 20
210.916513
 30
0
 10
135.389444
 20
210.878487
 30
0
  0
SPLINE
  5
518
100
AcDbEntity
  8
Layer_1
  6
ByLayer
 62
    1
370
   -1
100
AcDbSpline
210
0
220
0
230
0
 70
 4096
 71
    3
 72
    8
 73
    4
 74
    0
 42
1e-07
 43
1e-07
 40
0
 40
0
 40
0
 40
0
 40
1
 40
1
 40
1
 40
1
 10
135.389444
 20
210.878487
 30
0
 10
135.598588
 20
210.840461
 30
0
 10
135.570069
 20
210.612304
 30
0
 10
135.570069
 20
210.612304
 30
0
  0
LWPOLYLINE
  5
519
100
AcDbEntity
  8
Layer_1
  6
ByLayer
 62
    1
370
   -1
100
AcDbPolyline
 90
    3
 70
    0
 43
0
 10
129.229207
 20
210.992565
 10
134.096555
 20
210.992565
 10
134.039516
 20
210.745395
  0
SPLINE
  5
51A
100
AcDbEntity
  8
Layer_1
  6
ByLayer
 62
    1
370
   -1
100
AcDbSpline
210
0
220
0
230
0
 70
 4096
 71
    3
 72
    8
 73
    4
 74
    0
 42
1e-07
 43
1e-07
 40
0
 40
0
 40
0
 40
0
 40
1
 40
1
 40
1
 40
1
 10
135.522536
 20
209.927833
 30
0
 10
135.883785
 20
209.766221
 30
0
 10
136.25454
 20
209.63313
 30
0
 10
136.634801
 20
209.519051
 30
0
  0
LWPOLYLINE
  5
51B
100
AcDbEntity
  8
Layer_1
  6
ByLayer
 62
    1
370
   -1
100
AcDbPolyline
 90
    2
 70
    0
 43
0
 10
135.570069
 20
210.612304
 10
135.522536
 20
209.927833
  0
SPLINE
  5
51C
100
AcDbEntity
  8
Layer_1
  6
ByLayer
 62
    1
370
   -1
100
AcDbSpline
210
0
220
0
230
0
 70
 4096
 71
    3
 72
    8
 73
    4
 74
    0
 42
1e-07
 43
1e-07
 40
0
 40
0
 40
0
 40
0
 40
1
 40
1
 40
1
 40
1
 10
136.634801
 20
210.060924
 30
0
 10
136.634801
 20
210.136977
 30
0
 10
136.672827
 20
210.279575
 30
0
 10
136.881971
 20
210.279575
 30
0
  0
SPLINE
  5
51D
100
AcDbEntity
  8
Layer_1
  6
ByLayer
 62
    1
370
   -1
100
AcDbSpline
210
0
220
0
230
0
 70
 4096
 71
    3
 72
    8
 73
    4
 74
    0
 42
1e-07
 43
1e-07
 40
0
 40
0
 40
0
 40
0
 40
1
 40
1
 40
1
 40
1
 10
136.881971
 20
210.279575
 30
0
 10
137.091115
 20
210.279575
 30
0
 10
137.110128
 20
210.051418
 30
0
 10
137.110128
 20
210.051418
 30
0
  0
LWPOLYLINE
  5
51E
100
AcDbEntity
  8
Layer_1
  6
ByLayer
 62
    1
370
   -1
100
AcDbPolyline
 90
    2
 70
    0
 43
0
 10
136.634801
 20
209.519051
 10
136.634801
 20
210.060924
  0
SPLINE
  5
51F
100
AcDbEntity
  8
Layer_1
  6
ByLayer
 62
    1
370
   -1
100
AcDbSpline
210
0
220
0
230
0
 70
 4096
 71
    3
 72
    8
 73
    4
 74
    0
 42
1e-07
 43
1e-07
 40
0
 40
0
 40
0
 40
0
 40
1
 40
1
 40
1
 40
1
 10
137.186181
 20
209.366947
 30
0
 10
137.547429
 20
209.281388
 30
0
 10
137.918184
 20
209.214842
 30
0
 10
138.288939
 20
209.167309
 30
0
  0
SPLINE
  5
520
100
AcDbEntity
  8
Layer_1
  6
ByLayer
 62
    1
370
   -1
100
AcDbSpline
210
0
220
0
230
0
 70
 4096
 71
    3
 72
    8
 73
    4
 74
    0
 42
1e-07
 43
1e-07
 40
0
 40
0
 40
0
 40
0
 40
1
 40
1
 40
1
 40
1
 10
138.288939
 20
209.167309
 30
0
 10
138.279433
 20
209.195829
 30
0
 10
138.212887
 20
209.623623
 30
0
 10
138.193874
 20
209.699676
 30
0
  0
SPLINE
  5
521
100
AcDbEntity
  8
Layer_1
  6
ByLayer
 62
    1
370
   -1
100
AcDbSpline
210
0
220
0
230
0
 70
 4096
 71
    3
 72
    8
 73
    4
 74
    0
 42
1e-07
 43
1e-07
 40
0
 40
0
 40
0
 40
0
 40
1
 40
1
 40
1
 40
1
 10
138.193874
 20
209.699676
 30
0
 10
138.184367
 20
209.775728
 30
0
 10
138.193874
 20
209.899313
 30
0
 10
138.355485
 20
209.946846
 30
0
  0
LWPOLYLINE
  5
522
100
AcDbEntity
  8
Layer_1
  6
ByLayer
 62
    1
370
   -1
100
AcDbPolyline
 90
    2
 70
    0
 43
0
 10
137.110128
 20
210.051418
 10
137.186181
 20
209.366947
  0
SPLINE
  5
523
100
AcDbEntity
  8
Layer_1
  6
ByLayer
 62
    1
370
   -1
100
AcDbSpline
210
0
220
0
230
0
 70
 4096
 71
    3
 72
    8
 73
    4
 74
    0
 42
1e-07
 43
1e-07
 40
0
 40
0
 40
0
 40
0
 40
1
 40
1
 40
1
 40
1
 10
138.583642
 20
209.899313
 30
0
 10
138.640681
 20
209.842274
 30
0
 10
138.659694
 20
209.775728
 30
0
 10
138.659694
 20
209.775728
 30
0
  0
LWPOLYLINE
  5
524
100
AcDbEntity
  8
Layer_1
  6
ByLayer
 62
    1
370
   -1
100
AcDbPolyline
 90
    4
 70
    0
 43
0
 10
138.355485
 20
209.946846
 10
138.469563
 20
210.992565
 10
138.707227
 20
210.992565
 10
138.583642
 20
209.899313
  0
SPLINE
  5
525
100
AcDbEntity
  8
Layer_1
  6
ByLayer
 62
    1
370
   -1
100
AcDbSpline
210
0
220
0
230
0
 70
 4096
 71
    3
 72
    8
 73
    4
 74
    0
 42
1e-07
 43
1e-07
 40
0
 40
0
 40
0
 40
0
 40
1
 40
1
 40
1
 40
1
 10
138.849825
 20
209.119777
 30
0
 10
139.049462
 20
209.11027
 30
0
 10
139.239593
 20
209.100764
 30
0
 10
139.439231
 20
209.100764
 30
0
  0
SPLINE
  5
526
100
AcDbEntity
  8
Layer_1
  6
ByLayer
 62
    1
370
   -1
100
AcDbSpline
210
0
220
0
230
0
 70
 4096
 71
    3
 72
    8
 73
    4
 74
    0
 42
1e-07
 43
1e-07
 40
0
 40
0
 40
0
 40
0
 40
1
 40
1
 40
1
 40
1
 10
139.439231
 20
209.100764
 30
0
 10
139.619855
 20
209.100764
 30
0
 10
139.790973
 20
209.11027
 30
0
 10
139.971597
 20
209.119777
 30
0
  0
SPLINE
  5
527
100
AcDbEntity
  8
Layer_1
  6
ByLayer
 62
    1
370
   -1
100
AcDbSpline
210
0
220
0
230
0
 70
 4096
 71
    3
 72
    8
 73
    4
 74
    0
 42
1e-07
 43
1e-07
 40
0
 40
0
 40
0
 40
0
 40
1
 40
1
 40
1
 40
1
 10
139.971597
 20
209.119777
 30
0
 10
139.96209
 20
209.157803
 30
0
 10
139.809986
 20
209.557078
 30
0
 10
139.790973
 20
209.623623
 30
0
  0
SPLINE
  5
528
100
AcDbEntity
  8
Layer_1
  6
ByLayer
 62
    1
370
   -1
100
AcDbSpline
210
0
220
0
230
0
 70
 4096
 71
    3
 72
    8
 73
    4
 74
    0
 42
1e-07
 43
1e-07
 40
0
 40
0
 40
0
 40
0
 40
1
 40
1
 40
1
 40
1
 10
139.790973
 20
209.623623
 30
0
 10
139.762453
 20
209.699676
 30
0
 10
139.752946
 20
209.842274
 30
0
 10
139.952584
 20
209.918326
 30
0
  0
SPLINE
  5
529
100
AcDbEntity
  8
Layer_1
  6
ByLayer
 62
    1
370
   -1
100
AcDbSpline
210
0
220
0
230
0
 70
 4096
 71
    3
 72
    8
 73
    4
 74
    0
 42
1e-07
 43
1e-07
 40
0
 40
0
 40
0
 40
0
 40
1
 40
1
 40
1
 40
1
 10
139.952584
 20
209.918326
 30
0
 10
140.152221
 20
209.994378
 30
0
 10
140.247286
 20
209.785235
 30
0
 10
140.247286
 20
209.785235
 30
0
  0
LWPOLYLINE
  5
52A
100
AcDbEntity
  8
Layer_1
  6
ByLayer
 62
    1
370
   -1
100
AcDbPolyline
 90
    2
 70
    0
 43
0
 10
138.659694
 20
209.775728
 10
138.849825
 20
209.119777
  0
SPLINE
  5
52B
100
AcDbEntity
  8
Layer_1
  6
ByLayer
 62
    1
370
   -1
100
AcDbSpline
210
0
220
0
230
0
 70
 4096
 71
    3
 72
    8
 73
    4
 74
    0
 42
1e-07
 43
1e-07
 40
0
 40
0
 40
0
 40
0
 40
1
 40
1
 40
1
 40
1
 10
140.551496
 20
209.176816
 30
0
 10
140.931757
 20
209.214842
 30
0
 10
141.293006
 20
209.281388
 30
0
 10
141.663761
 20
209.366947
 30
0
  0
SPLINE
  5
52C
100
AcDbEntity
  8
Layer_1
  6
ByLayer
 62
    1
370
   -1
100
AcDbSpline
210
0
220
0
230
0
 70
 4096
 71
    3
 72
    8
 73
    4
 74
    0
 42
1e-07
 43
1e-07
 40
0
 40
0
 40
0
 40
0
 40
1
 40
1
 40
1
 40
1
 10
141.663761
 20
209.366947
 30
0
 10
141.663761
 20
209.376453
 30
0
 10
141.435604
 20
209.766221
 30
0
 10
141.397578
 20
209.832767
 30
0
  0
SPLINE
  5
52D
100
AcDbEntity
  8
Layer_1
  6
ByLayer
 62
    1
370
   -1
100
AcDbSpline
210
0
220
0
230
0
 70
 4096
 71
    3
 72
    8
 73
    4
 74
    0
 42
1e-07
 43
1e-07
 40
0
 40
0
 40
0
 40
0
 40
1
 40
1
 40
1
 40
1
 10
141.397578
 20
209.832767
 30
0
 10
141.359552
 20
209.899313
 30
0
 10
141.321525
 20
210.041911
 30
0
 10
141.50215
 20
210.146483
 30
0
  0
SPLINE
  5
52E
100
AcDbEntity
  8
Layer_1
  6
ByLayer
 62
    1
370
   -1
100
AcDbSpline
210
0
220
0
230
0
 70
 4096
 71
    3
 72
    8
 73
    4
 74
    0
 42
1e-07
 43
1e-07
 40
0
 40
0
 40
0
 40
0
 40
1
 40
1
 40
1
 40
1
 10
141.50215
 20
210.146483
 30
0
 10
141.682774
 20
210.251055
 30
0
 10
141.815866
 20
210.060924
 30
0
 10
141.815866
 20
210.060924
 30
0
  0
LWPOLYLINE
  5
52F
100
AcDbEntity
  8
Layer_1
  6
ByLayer
 62
    1
370
   -1
100
AcDbPolyline
 90
    2
 70
    0
 43
0
 10
140.247286
 20
209.785235
 10
140.551496
 20
209.176816
  0
SPLINE
  5
530
100
AcDbEntity
  8
Layer_1
  6
ByLayer
 62
    1
370
   -1
100
AcDbSpline
210
0
220
0
230
0
 70
 4096
 71
    3
 72
    8
 73
    4
 74
    0
 42
1e-07
 43
1e-07
 40
0
 40
0
 40
0
 40
0
 40
1
 40
1
 40
1
 40
1
 10
142.224647
 20
209.509545
 30
0
 10
142.585895
 20
209.614117
 30
0
 10
142.937637
 20
209.747208
 30
0
 10
143.279873
 20
209.889807
 30
0
  0
SPLINE
  5
531
100
AcDbEntity
  8
Layer_1
  6
ByLayer
 62
    1
370
   -1
100
AcDbSpline
210
0
220
0
230
0
 70
 4096
 71
    3
 72
    8
 73
    4
 74
    0
 42
1e-07
 43
1e-07
 40
0
 40
0
 40
0
 40
0
 40
1
 40
1
 40
1
 40
1
 10
143.279873
 20
209.889807
 30
0
 10
143.279873
 20
209.889807
 30
0
 10
142.98517
 20
210.241548
 30
0
 10
142.937637
 20
210.308094
 30
0
  0
SPLINE
  5
532
100
AcDbEntity
  8
Layer_1
  6
ByLayer
 62
    1
370
   -1
100
AcDbSpline
210
0
220
0
230
0
 70
 4096
 71
    3
 72
    8
 73
    4
 74
    0
 42
1e-07
 43
1e-07
 40
0
 40
0
 40
0
 40
0
 40
1
 40
1
 40
1
 40
1
 10
142.937637
 20
210.308094
 30
0
 10
142.890105
 20
210.365134
 30
0
 10
142.823559
 20
210.498225
 30
0
 10
142.98517
 20
210.640823
 30
0
  0
SPLINE
  5
533
100
AcDbEntity
  8
Layer_1
  6
ByLayer
 62
    1
370
   -1
100
AcDbSpline
210
0
220
0
230
0
 70
 4096
 71
    3
 72
    8
 73
    4
 74
    0
 42
1e-07
 43
1e-07
 40
0
 40
0
 40
0
 40
0
 40
1
 40
1
 40
1
 40
1
 10
142.98517
 20
210.640823
 30
0
 10
143.146781
 20
210.773915
 30
0
 10
143.308392
 20
210.612304
 30
0
 10
143.308392
 20
210.612304
 30
0
  0
LWPOLYLINE
  5
534
100
AcDbEntity
  8
Layer_1
  6
ByLayer
 62
    1
370
   -1
100
AcDbPolyline
 90
    2
 70
    0
 43
0
 10
141.815866
 20
210.060924
 10
142.224647
 20
209.509545
  0
SPLINE
  5
535
100
AcDbEntity
  8
Layer_1
  6
ByLayer
 62
    1
370
   -1
100
AcDbSpline
210
0
220
0
230
0
 70
 4096
 71
    3
 72
    8
 73
    4
 74
    0
 42
1e-07
 43
1e-07
 40
0
 40
0
 40
0
 40
0
 40
1
 40
1
 40
1
 40
1
 10
143.802732
 20
210.136977
 30
0
 10
144.135461
 20
210.308094
 30
0
 10
144.46819
 20
210.488719
 30
0
 10
144.781906
 20
210.697862
 30
0
  0
SPLINE
  5
536
100
AcDbEntity
  8
Layer_1
  6
ByLayer
 62
    1
370
   -1
100
AcDbSpline
210
0
220
0
230
0
 70
 4096
 71
    3
 72
    8
 73
    4
 74
    0
 42
1e-07
 43
1e-07
 40
0
 40
0
 40
0
 40
0
 40
1
 40
1
 40
1
 40
1
 10
144.781906
 20
210.697862
 30
0
 10
144.772399
 20
210.707369
 30
0
 10
144.515723
 20
210.926019
 30
0
 10
144.411151
 20
211.011578
 30
0
  0
LWPOLYLINE
  5
537
100
AcDbEntity
  8
Layer_1
  6
ByLayer
 62
    1
370
   -1
100
AcDbPolyline
 90
    2
 70
    0
 43
0
 10
143.308392
 20
210.612304
 10
143.802732
 20
210.136977
  0
SPLINE
  5
538
100
AcDbEntity
  8
Layer_1
  6
ByLayer
 62
    1
370
   -1
100
AcDbSpline
210
0
220
0
230
0
 70
 4096
 71
    3
 72
    8
 73
    4
 74
    0
 42
1e-07
 43
1e-07
 40
0
 40
0
 40
0
 40
0
 40
1
 40
1
 40
1
 40
1
 10
149.383071
 20
211.011578
 30
0
 10
151.350925
 20
210.983059
 30
0
 10
152.082929
 20
212.313974
 30
0
 10
151.046716
 20
213.939593
 30
0
  0
LWPOLYLINE
  5
539
100
AcDbEntity
  8
Layer_1
  6
ByLayer
 62
    1
370
   -1
100
AcDbPolyline
 90
    2
 70
    0
 43
0
 10
144.411151
 20
211.011578
 10
149.383071
 20
211.011578
  0
SPLINE
  5
53A
100
AcDbEntity
  8
Layer_1
  6
ByLayer
 62
    1
370
   -1
100
AcDbSpline
210
0
220
0
230
0
 70
 4096
 71
    3
 72
    8
 73
    4
 74
    0
 42
1e-07
 43
1e-07
 40
0
 40
0
 40
0
 40
0
 40
1
 40
1
 40
1
 40
1
 10
129.2197
 20
212.095324
 30
0
 10
128.392631
 20
212.095324
 30
0
 10
128.078915
 20
212.665716
 30
0
 10
128.525723
 20
213.359694
 30
0
  0
LWPOLYLINE
  5
53B
100
AcDbEntity
  8
Layer_1
  6
ByLayer
 62
    1
370
   -1
100
AcDbPolyline
 90
    2
 70
    0
 43
0
 10
149.459124
 20
212.095324
 10
129.2197
 20
212.095324
  0
SPLINE
  5
53C
100
AcDbEntity
  8
Layer_1
  6
ByLayer
 62
    1
370
   -1
100
AcDbSpline
210
0
220
0
230
0
 70
 4096
 71
    3
 72
    8
 73
    4
 74
    0
 42
1e-07
 43
1e-07
 40
0
 40
0
 40
0
 40
0
 40
1
 40
1
 40
1
 40
1
 10
138.517096
 20
228.950419
 30
0
 10
138.963904
 20
229.644397
 30
0
 10
139.695907
 20
229.644397
 30
0
 10
140.142714
 20
228.950419
 30
0
  0
LWPOLYLINE
  5
53D
100
AcDbEntity
  8
Layer_1
  6
ByLayer
 62
    1
370
   -1
100
AcDbPolyline
 90
    2
 70
    0
 43
0
 10
128.525723
 20
213.359694
 10
138.517096
 20
228.950419
  0
SPLINE
  5
53E
100
AcDbEntity
  8
Layer_1
  6
ByLayer
 62
    1
370
   -1
100
AcDbSpline
210
0
220
0
230
0
 70
 4096
 71
    3
 72
    8
 73
    4
 74
    0
 42
1e-07
 43
1e-07
 40
0
 40
0
 40
0
 40
0
 40
1
 40
1
 40
1
 40
1
 10
150.153101
 20
213.3692
 30
0
 10
150.599908
 20
212.665716
 30
0
 10
150.286193
 20
212.095324
 30
0
 10
149.459124
 20
212.095324
 30
0
  0
LWPOLYLINE
  5
53F
100
AcDbEntity
  8
Layer_1
  6
ByLayer
 62
    1
370
   -1
100
AcDbPolyline
 90
    2
 70
    0
 43
0
 10
140.142714
 20
228.950419
 10
150.153101
 20
213.3692
  0
SPLINE
  5
540
100
AcDbEntity
  8
Layer_1
  6
ByLayer
 62
    1
370
   -1
100
AcDbSpline
210
0
220
0
230
0
 70
 4096
 71
    3
 72
    8
 73
    4
 74
    0
 42
1e-07
 43
1e-07
 40
0
 40
0
 40
0
 40
0
 40
1
 40
1
 40
1
 40
1
 10
139.268113
 20
217.190829
 30
0
 10
139.154034
 20
217.247868
 30
0
 10
139.011436
 20
217.38096
 30
0
 10
138.811799
 20
217.561584
 30
0
  0
LWPOLYLINE
  5
541
100
AcDbEntity
  8
Layer_1
  6
ByLayer
 62
    1
370
   -1
100
AcDbPolyline
 90
   81
 70
    0
 43
0
 10
138.811799
 20
217.561584
 10
138.792786
 20
217.542571
 10
138.783279
 20
217.533065
 10
138.773773
 20
217.523558
 10
138.764266
 20
217.523558
 10
138.764266
 20
217.523558
 10
138.764266
 20
217.523558
 10
138.764266
 20
217.523558
 10
138.764266
 20
217.523558
 10
138.75476
 20
217.514052
 10
138.745253
 20
217.514052
 10
138.745253
 20
217.514052
 10
138.745253
 20
217.514052
 10
138.745253
 20
217.514052
 10
138.745253
 20
217.514052
 10
138.735747
 20
217.504545
 10
138.72624
 20
217.495038
 10
138.72624
 20
217.495038
 10
138.72624
 20
217.495038
 10
138.72624
 20
217.495038
 10
138.707227
 20
217.485532
 10
138.688214
 20
217.476025
 10
138.678707
 20
217.466519
 10
138.669201
 20
217.457012
 10
138.650188
 20
217.447506
 10
138.650188
 20
217.447506
 10
138.650188
 20
217.447506
 10
138.650188
 20
217.447506
 10
138.640681
 20
217.437999
 10
138.621668
 20
217.428493
 10
138.602655
 20
217.418986
 10
138.593148
 20
217.40948
 10
138.583642
 20
217.40948
 10
138.574135
 20
217.40948
 10
138.364992
 20
217.342934
 10
138.345978
 20
217.342934
 10
138.326965
 20
217.333427
 10
138.317459
 20
217.323921
 10
138.307952
 20
217.323921
 10
138.298446
 20
217.323921
 10
138.288939
 20
217.323921
 10
138.279433
 20
217.323921
 10
138.279433
 20
217.323921
 10
138.279433
 20
217.314414
 10
138.279433
 20
217.314414
 10
138.279433
 20
217.304908
 10
138.269926
 20
217.295401
 10
138.269926
 20
217.295401
 10
138.269926
 20
217.285895
 10
138.269926
 20
217.276388
 10
138.269926
 20
217.266882
 10
138.269926
 20
217.257375
 10
138.269926
 20
217.247868
 10
138.269926
 20
217.228855
 10
138.279433
 20
217.209842
 10
138.288939
 20
217.190829
 10
138.298446
 20
217.171816
 10
138.307952
 20
217.16231
 10
138.317459
 20
217.152803
 10
138.374498
 20
217.095764
 10
138.431537
 20
217.038725
 10
138.488577
 20
216.981685
 10
138.545616
 20
216.924646
 10
138.602655
 20
216.867607
 10
138.631175
 20
216.839087
 10
138.659694
 20
216.810568
 10
138.72624
 20
216.753528
 10
138.792786
 20
216.696489
 10
138.878345
 20
216.725009
 10
138.906864
 20
216.772541
 10
138.935384
 20
216.820074
 10
138.963904
 20
216.8581
 10
138.992423
 20
216.896126
 10
139.011436
 20
216.924646
 10
139.030449
 20
216.943659
 10
139.049462
 20
216.962672
 10
139.068475
 20
216.981685
 10
139.173047
 20
217.076751
 10
139.211074
 20
217.10527
 10
139.268113
 20
217.152803
 10
139.268113
 20
217.190829
  0
SPLINE
  5
542
100
AcDbEntity
  8
Layer_1
  6
ByLayer
 62
    1
370
   -1
100
AcDbSpline
210
0
220
0
230
0
 70
 4096
 71
    3
 72
    8
 73
    4
 74
    0
 42
1e-07
 43
1e-07
 40
0
 40
0
 40
0
 40
0
 40
1
 40
1
 40
1
 40
1
 10
141.540176
 20
219.320294
 30
0
 10
141.416591
 20
219.405853
 30
0
 10
141.321525
 20
219.510425
 30
0
 10
141.264486
 20
219.653023
 30
0
  0
LWPOLYLINE
  5
543
100
AcDbEntity
  8
Layer_1
  6
ByLayer
 62
    1
370
   -1
100
AcDbPolyline
 90
    5
 70
    0
 43
0
 10
141.245473
 20
219.063618
 10
141.331032
 20
219.13967
 10
141.416591
 20
219.215722
 10
141.50215
 20
219.291775
 10
141.540176
 20
219.320294
  0
SPLINE
  5
544
100
AcDbEntity
  8
Layer_1
  6
ByLayer
 62
    1
370
   -1
100
AcDbSpline
210
0
220
0
230
0
 70
 4096
 71
    3
 72
    8
 73
    4
 74
    0
 42
1e-07
 43
1e-07
 40
0
 40
0
 40
0
 40
0
 40
1
 40
1
 40
1
 40
1
 10
139.486763
 20
218.217536
 30
0
 10
139.686401
 20
218.055924
 30
0
 10
139.809986
 20
217.960859
 30
0
 10
139.876531
 20
217.932339
 30
0
  0
LWPOLYLINE
  5
545
100
AcDbEntity
  8
Layer_1
  6
ByLayer
 62
    1
370
   -1
100
AcDbPolyline
 90
   32
 70
    0
 43
0
 10
141.264486
 20
219.653023
 10
141.245473
 20
219.643517
 10
141.22646
 20
219.624503
 10
141.131395
 20
219.548451
 10
141.036329
 20
219.472399
 10
140.941264
 20
219.396346
 10
140.893731
 20
219.35832
 10
140.846198
 20
219.320294
 10
140.798666
 20
219.282268
 10
140.751133
 20
219.244242
 10
140.7036
 20
219.206216
 10
140.684587
 20
219.187203
 10
140.675081
 20
219.177696
 10
140.665574
 20
219.16819
 10
140.580015
 20
219.101644
 10
140.161728
 20
218.778421
 10
140.085675
 20
218.721382
 10
140.038143
 20
218.683356
 10
139.99061
 20
218.64533
 10
139.96209
 20
218.61681
 10
139.905051
 20
218.569278
 10
139.848012
 20
218.521745
 10
139.828999
 20
218.512238
 10
139.809986
 20
218.502732
 10
139.762453
 20
218.464706
 10
139.71492
 20
218.426679
 10
139.676894
 20
218.388653
 10
139.629361
 20
218.341121
 10
139.581829
 20
218.293588
 10
139.543802
 20
218.255562
 10
139.505776
 20
218.227042
 10
139.486763
 20
218.217536
  0
SPLINE
  5
546
100
AcDbEntity
  8
Layer_1
  6
ByLayer
 62
    1
370
   -1
100
AcDbSpline
210
0
220
0
230
0
 70
 4096
 71
    3
 72
    8
 73
    4
 74
    0
 42
1e-07
 43
1e-07
 40
0
 40
0
 40
0
 40
0
 40
1
 40
1
 40
1
 40
1
 10
139.905051
 20
217.932339
 30
0
 10
139.952584
 20
217.932339
 30
0
 10
140.000116
 20
217.932339
 30
0
 10
140.066662
 20
217.922833
 30
0
  0
LWPOLYLINE
  5
547
100
AcDbEntity
  8
Layer_1
  6
ByLayer
 62
    1
370
   -1
100
AcDbPolyline
 90
    2
 70
    0
 43
0
 10
139.876531
 20
217.932339
 10
139.905051
 20
217.932339
  0
LWPOLYLINE
  5
548
100
AcDbEntity
  8
Layer_1
  6
ByLayer
 62
    1
370
   -1
100
AcDbPolyline
 90
   18
 70
    0
 43
0
 10
140.066662
 20
217.922833
 10
140.123701
 20
217.979872
 10
140.161728
 20
218.008392
 10
140.23778
 20
218.074937
 10
140.2663
 20
218.103457
 10
140.342352
 20
218.179509
 10
140.370871
 20
218.208029
 10
140.418404
 20
218.246055
 10
140.45643
 20
218.284081
 10
140.532483
 20
218.350627
 10
140.608535
 20
218.417173
 10
140.684587
 20
218.483719
 10
140.751133
 20
218.550264
 10
140.912744
 20
218.749902
 10
140.988797
 20
218.825954
 10
141.064849
 20
218.902006
 10
141.140901
 20
218.978059
 10
141.245473
 20
219.063618
  0
SPLINE
  5
549
100
AcDbEntity
  8
Layer_1
  6
ByLayer
 62
    1
370
   -1
100
AcDbSpline
210
0
220
0
230
0
 70
 4096
 71
    3
 72
    8
 73
    4
 74
    0
 42
1e-07
 43
1e-07
 40
0
 40
0
 40
0
 40
0
 40
1
 40
1
 40
1
 40
1
 10
142.443297
 20
219.377333
 30
0
 10
142.661948
 20
219.510425
 30
0
 10
142.804546
 20
219.757595
 30
0
 10
142.804546
 20
220.033285
 30
0
  0
SPLINE
  5
54A
100
AcDbEntity
  8
Layer_1
  6
ByLayer
 62
    1
370
   -1
100
AcDbSpline
210
0
220
0
230
0
 70
 4096
 71
    3
 72
    8
 73
    4
 74
    0
 42
1e-07
 43
1e-07
 40
0
 40
0
 40
0
 40
0
 40
1
 40
1
 40
1
 40
1
 10
142.804546
 20
220.033285
 30
0
 10
142.804546
 20
220.09983
 30
0
 10
142.795039
 20
220.166376
 30
0
 10
142.776026
 20
220.232922
 30
0
  0
LWPOLYLINE
  5
54B
100
AcDbEntity
  8
Layer_1
  6
ByLayer
 62
    1
370
   -1
100
AcDbPolyline
 90
    2
 70
    0
 43
0
 10
142.443297
 20
215.232482
 10
142.443297
 20
219.377333
  0
SPLINE
  5
54C
100
AcDbEntity
  8
Layer_1
  6
ByLayer
 62
    1
370
   -1
100
AcDbSpline
210
0
220
0
230
0
 70
 4096
 71
    3
 72
    8
 73
    4
 74
    0
 42
1e-07
 43
1e-07
 40
0
 40
0
 40
0
 40
0
 40
1
 40
1
 40
1
 40
1
 10
142.300699
 20
220.765288
 30
0
 10
142.224647
 20
220.793808
 30
0
 10
142.139088
 20
220.803314
 30
0
 10
142.053529
 20
220.803314
 30
0
  0
SPLINE
  5
54D
100
AcDbEntity
  8
Layer_1
  6
ByLayer
 62
    1
370
   -1
100
AcDbSpline
210
0
220
0
230
0
 70
 4096
 71
    3
 72
    8
 73
    4
 74
    0
 42
1e-07
 43
1e-07
 40
0
 40
0
 40
0
 40
0
 40
1
 40
1
 40
1
 40
1
 10
142.053529
 20
220.803314
 30
0
 10
141.625735
 20
220.803314
 30
0
 10
141.283499
 20
220.461079
 30
0
 10
141.283499
 20
220.033285
 30
0
  0
SPLINE
  5
54E
100
AcDbEntity
  8
Layer_1
  6
ByLayer
 62
    1
370
   -1
100
AcDbSpline
210
0
220
0
230
0
 70
 4096
 71
    3
 72
    8
 73
    4
 74
    0
 42
1e-07
 43
1e-07
 40
0
 40
0
 40
0
 40
0
 40
1
 40
1
 40
1
 40
1
 10
141.283499
 20
220.033285
 30
0
 10
141.283499
 20
219.919206
 30
0
 10
141.302512
 20
219.814634
 30
0
 10
141.350045
 20
219.719569
 30
0
  0
SPLINE
  5
54F
100
AcDbEntity
  8
Layer_1
  6
ByLayer
 62
    1
370
   -1
100
AcDbSpline
210
0
220
0
230
0
 70
 4096
 71
    3
 72
    8
 73
    4
 74
    0
 42
1e-07
 43
1e-07
 40
0
 40
0
 40
0
 40
0
 40
1
 40
1
 40
1
 40
1
 10
141.350045
 20
219.719569
 30
0
 10
141.407084
 20
219.586477
 30
0
 10
141.50215
 20
219.472399
 30
0
 10
141.625735
 20
219.38684
 30
0
  0
SPLINE
  5
550
100
AcDbEntity
  8
Layer_1
  6
ByLayer
 62
    1
370
   -1
100
AcDbSpline
210
0
220
0
230
0
 70
 4096
 71
    3
 72
    8
 73
    4
 74
    0
 42
1e-07
 43
1e-07
 40
0
 40
0
 40
0
 40
0
 40
1
 40
1
 40
1
 40
1
 10
141.625735
 20
219.38684
 30
0
 10
141.644748
 20
219.377333
 30
0
 10
141.654254
 20
219.367827
 30
0
 10
141.673267
 20
219.35832
 30
0
  0
LWPOLYLINE
  5
551
100
AcDbEntity
  8
Layer_1
  6
ByLayer
 62
    1
370
   -1
100
AcDbPolyline
 90
   25
 70
    0
 43
0
 10
142.776026
 20
220.232922
 10
142.747506
 20
220.204402
 10
142.652441
 20
220.12835
 10
142.557376
 20
220.052298
 10
142.46231
 20
219.976245
 10
142.414778
 20
219.938219
 10
142.414778
 20
219.871674
 10
142.205634
 20
219.66253
 10
142.101062
 20
219.66253
 10
141.910931
 20
219.66253
 10
141.891918
 20
219.66253
 10
141.654254
 20
219.871674
 10
141.654254
 20
220.014272
 10
141.654254
 20
220.185389
 10
141.654254
 20
220.194896
 10
141.891918
 20
220.442066
 10
141.939451
 20
220.442066
 10
142.034516
 20
220.527625
 10
142.082049
 20
220.565651
 10
142.129581
 20
220.603677
 10
142.148594
 20
220.62269
 10
142.167608
 20
220.641703
 10
142.21514
 20
220.679729
 10
142.262673
 20
220.727262
 10
142.300699
 20
220.765288
  0
SPLINE
  5
552
100
AcDbEntity
  8
Layer_1
  6
ByLayer
 62
    1
370
   -1
100
AcDbSpline
210
0
220
0
230
0
 70
 4096
 71
    3
 72
    8
 73
    4
 74
    0
 42
1e-07
 43
1e-07
 40
0
 40
0
 40
0
 40
0
 40
1
 40
1
 40
1
 40
1
 10
141.673267
 20
215.232482
 30
0
 10
141.350045
 20
215.089884
 30
0
 10
141.112382
 20
214.757155
 30
0
 10
141.112382
 20
214.376893
 30
0
  0
SPLINE
  5
553
100
AcDbEntity
  8
Layer_1
  6
ByLayer
 62
    1
370
   -1
100
AcDbSpline
210
0
220
0
230
0
 70
 4096
 71
    3
 72
    8
 73
    4
 74
    0
 42
1e-07
 43
1e-07
 40
0
 40
0
 40
0
 40
0
 40
1
 40
1
 40
1
 40
1
 10
141.112382
 20
214.376893
 30
0
 10
141.112382
 20
214.082191
 30
0
 10
141.245473
 20
213.816008
 30
0
 10
141.464124
 20
213.64489
 30
0
  0
LWPOLYLINE
  5
554
100
AcDbEntity
  8
Layer_1
  6
ByLayer
 62
    1
370
   -1
100
AcDbPolyline
 90
    2
 70
    0
 43
0
 10
141.673267
 20
219.35832
 10
141.673267
 20
215.232482
  0
SPLINE
  5
555
100
AcDbEntity
  8
Layer_1
  6
ByLayer
 62
    1
370
   -1
100
AcDbSpline
210
0
220
0
230
0
 70
 4096
 71
    3
 72
    8
 73
    4
 74
    0
 42
1e-07
 43
1e-07
 40
0
 40
0
 40
0
 40
0
 40
1
 40
1
 40
1
 40
1
 10
142.652441
 20
213.64489
 30
0
 10
142.871091
 20
213.816008
 30
0
 10
143.004183
 20
214.082191
 30
0
 10
143.004183
 20
214.376893
 30
0
  0
SPLINE
  5
556
100
AcDbEntity
  8
Layer_1
  6
ByLayer
 62
    1
370
   -1
100
AcDbSpline
210
0
220
0
230
0
 70
 4096
 71
    3
 72
    8
 73
    4
 74
    0
 42
1e-07
 43
1e-07
 40
0
 40
0
 40
0
 40
0
 40
1
 40
1
 40
1
 40
1
 10
143.004183
 20
214.376893
 30
0
 10
142.994676
 20
214.757155
 30
0
 10
142.76652
 20
215.089884
 30
0
 10
142.443297
 20
215.232482
 30
0
  0
LWPOLYLINE
  5
557
100
AcDbEntity
  8
Layer_1
  6
ByLayer
 62
    1
370
   -1
100
AcDbPolyline
 90
    8
 70
    0
 43
0
 10
141.464124
 20
213.64489
 10
141.549682
 20
213.64489
 10
141.549682
 20
214.234295
 10
142.053529
 20
214.63357
 10
142.566882
 20
214.234295
 10
142.566882
 20
213.64489
 10
142.642935
 20
213.64489
 10
142.652441
 20
213.64489
  0
SPLINE
  5
558
100
AcDbEntity
  8
Layer_1
  6
ByLayer
 62
    1
370
   -1
100
AcDbSpline
210
0
220
0
230
0
 70
 4096
 71
    3
 72
    8
 73
    4
 74
    0
 42
1e-07
 43
1e-07
 40
0
 40
0
 40
0
 40
0
 40
1
 40
1
 40
1
 40
1
 10
142.129581
 20
215.365574
 30
0
 10
142.129581
 20
215.34656
 30
0
 10
142.120075
 20
215.337054
 30
0
 10
142.120075
 20
215.318041
 30
0
  0
SPLINE
  5
559
100
AcDbEntity
  8
Layer_1
  6
ByLayer
 62
    1
370
   -1
100
AcDbSpline
210
0
220
0
230
0
 70
 4096
 71
    3
 72
    8
 73
    4
 74
    0
 42
1e-07
 43
1e-07
 40
0
 40
0
 40
0
 40
0
 40
1
 40
1
 40
1
 40
1
 10
142.120075
 20
215.318041
 30
0
 10
142.101062
 20
215.289521
 30
0
 10
142.072542
 20
215.270508
 30
0
 10
142.034516
 20
215.270508
 30
0
  0
SPLINE
  5
55A
100
AcDbEntity
  8
Layer_1
  6
ByLayer
 62
    1
370
   -1
100
AcDbSpline
210
0
220
0
230
0
 70
 4096
 71
    3
 72
    8
 73
    4
 74
    0
 42
1e-07
 43
1e-07
 40
0
 40
0
 40
0
 40
0
 40
1
 40
1
 40
1
 40
1
 10
142.034516
 20
215.270508
 30
0
 10
141.99649
 20
215.270508
 30
0
 10
141.96797
 20
215.289521
 30
0
 10
141.948957
 20
215.318041
 30
0
  0
SPLINE
  5
55B
100
AcDbEntity
  8
Layer_1
  6
ByLayer
 62
    1
370
   -1
100
AcDbSpline
210
0
220
0
230
0
 70
 4096
 71
    3
 72
    8
 73
    4
 74
    0
 42
1e-07
 43
1e-07
 40
0
 40
0
 40
0
 40
0
 40
1
 40
1
 40
1
 40
1
 10
141.948957
 20
215.318041
 30
0
 10
141.939451
 20
215.327547
 30
0
 10
141.939451
 20
215.34656
 30
0
 10
141.939451
 20
215.365574
 30
0
  0
SPLINE
  5
55C
100
AcDbEntity
  8
Layer_1
  6
ByLayer
 62
    1
370
   -1
100
AcDbSpline
210
0
220
0
230
0
 70
 4096
 71
    3
 72
    8
 73
    4
 74
    0
 42
1e-07
 43
1e-07
 40
0
 40
0
 40
0
 40
0
 40
1
 40
1
 40
1
 40
1
 10
141.939451
 20
218.902006
 30
0
 10
141.939451
 20
218.959046
 30
0
 10
141.986983
 20
218.997072
 30
0
 10
142.034516
 20
218.997072
 30
0
  0
SPLINE
  5
55D
100
AcDbEntity
  8
Layer_1
  6
ByLayer
 62
    1
370
   -1
100
AcDbSpline
210
0
220
0
230
0
 70
 4096
 71
    3
 72
    8
 73
    4
 74
    0
 42
1e-07
 43
1e-07
 40
0
 40
0
 40
0
 40
0
 40
1
 40
1
 40
1
 40
1
 10
142.034516
 20
218.997072
 30
0
 10
142.091555
 20
218.997072
 30
0
 10
142.129581
 20
218.949539
 30
0
 10
142.129581
 20
218.902006
 30
0
  0
LWPOLYLINE
  5
55E
100
AcDbEntity
  8
Layer_1
  6
ByLayer
 62
    1
370
   -1
100
AcDbPolyline
 90
    2
 70
    0
 43
0
 10
141.939451
 20
215.365574
 10
141.939451
 20
218.902006
  0
SPLINE
  5
55F
100
AcDbEntity
  8
Layer_1
  6
ByLayer
 62
    1
370
   -1
100
AcDbSpline
210
0
220
0
230
0
 70
 4096
 71
    3
 72
    8
 73
    4
 74
    0
 42
1e-07
 43
1e-07
 40
0
 40
0
 40
0
 40
0
 40
1
 40
1
 40
1
 40
1
 10
136.482697
 20
220.660716
 30
0
 10
136.359112
 20
220.774795
 30
0
 10
136.283059
 20
220.850847
 30
0
 10
136.283059
 20
220.86986
 30
0
  0
SPLINE
  5
560
100
AcDbEntity
  8
Layer_1
  6
ByLayer
 62
    1
370
   -1
100
AcDbSpline
210
0
220
0
230
0
 70
 4096
 71
    3
 72
    8
 73
    4
 74
    0
 42
1e-07
 43
1e-07
 40
0
 40
0
 40
0
 40
0
 40
1
 40
1
 40
1
 40
1
 10
136.283059
 20
220.86986
 30
0
 10
136.25454
 20
220.974432
 30
0
 10
136.273553
 20
221.221602
 30
0
 10
136.083422
 20
221.39272
 30
0
  0
SPLINE
  5
561
100
AcDbEntity
  8
Layer_1
  6
ByLayer
 62
    1
370
   -1
100
AcDbSpline
210
0
220
0
230
0
 70
 4096
 71
    3
 72
    8
 73
    4
 74
    0
 42
1e-07
 43
1e-07
 40
0
 40
0
 40
0
 40
0
 40
1
 40
1
 40
1
 40
1
 10
136.083422
 20
221.39272
 30
0
 10
135.912304
 20
221.544825
 30
0
 10
135.7602
 20
221.582851
 30
0
 10
135.665134
 20
221.582851
 30
0
  0
LWPOLYLINE
  5
562
100
AcDbEntity
  8
Layer_1
  6
ByLayer
 62
    1
370
   -1
100
AcDbPolyline
 90
    2
 70
    0
 43
0
 10
142.129581
 20
218.902006
 10
142.129581
 20
215.365574
  0
SPLINE
  5
563
100
AcDbEntity
  8
Layer_1
  6
ByLayer
 62
    1
370
   -1
100
AcDbSpline
210
0
220
0
230
0
 70
 4096
 71
    3
 72
    8
 73
    4
 74
    0
 42
1e-07
 43
1e-07
 40
0
 40
0
 40
0
 40
0
 40
1
 40
1
 40
1
 40
1
 10
135.627108
 20
221.582851
 30
0
 10
135.551056
 20
221.582851
 30
0
 10
135.494016
 20
221.573344
 30
0
 10
135.45599
 20
221.563838
 30
0
  0
LWPOLYLINE
  5
564
100
AcDbEntity
  8
Layer_1
  6
ByLayer
 62
    1
370
   -1
100
AcDbPolyline
 90
    2
 70
    0
 43
0
 10
135.665134
 20
221.582851
 10
135.627108
 20
221.582851
  0
SPLINE
  5
565
100
AcDbEntity
  8
Layer_1
  6
ByLayer
 62
    1
370
   -1
100
AcDbSpline
210
0
220
0
230
0
 70
 4096
 71
    3
 72
    8
 73
    4
 74
    0
 42
1e-07
 43
1e-07
 40
0
 40
0
 40
0
 40
0
 40
1
 40
1
 40
1
 40
1
 10
135.370431
 20
221.535318
 30
0
 10
135.351418
 20
221.525811
 30
0
 10
135.341912
 20
221.516305
 30
0
 10
135.341912
 20
221.516305
 30
0
  0
LWPOLYLINE
  5
566
100
AcDbEntity
  8
Layer_1
  6
ByLayer
 62
    1
370
   -1
100
AcDbPolyline
 90
    2
 70
    0
 43
0
 10
135.45599
 20
221.563838
 10
135.370431
 20
221.535318
  0
SPLINE
  5
567
100
AcDbEntity
  8
Layer_1
  6
ByLayer
 62
    1
370
   -1
100
AcDbSpline
210
0
220
0
230
0
 70
 4096
 71
    3
 72
    8
 73
    4
 74
    0
 42
1e-07
 43
1e-07
 40
0
 40
0
 40
0
 40
0
 40
1
 40
1
 40
1
 40
1
 10
135.674641
 20
221.212096
 30
0
 10
135.693654
 20
221.126537
 30
0
 10
135.684147
 20
221.059991
 30
0
 10
135.665134
 20
221.002952
 30
0
  0
SPLINE
  5
568
100
AcDbEntity
  8
Layer_1
  6
ByLayer
 62
    1
370
   -1
100
AcDbSpline
210
0
220
0
230
0
 70
 4096
 71
    3
 72
    8
 73
    4
 74
    0
 42
1e-07
 43
1e-07
 40
0
 40
0
 40
0
 40
0
 40
1
 40
1
 40
1
 40
1
 10
135.665134
 20
221.002952
 30
0
 10
135.646121
 20
220.974432
 30
0
 10
135.627108
 20
220.926899
 30
0
 10
135.598588
 20
220.907886
 30
0
  0
SPLINE
  5
569
100
AcDbEntity
  8
Layer_1
  6
ByLayer
 62
    1
370
   -1
100
AcDbSpline
210
0
220
0
230
0
 70
 4096
 71
    3
 72
    8
 73
    4
 74
    0
 42
1e-07
 43
1e-07
 40
0
 40
0
 40
0
 40
0
 40
1
 40
1
 40
1
 40
1
 10
135.598588
 20
220.907886
 30
0
 10
135.570069
 20
220.888873
 30
0
 10
135.551056
 20
220.86986
 30
0
 10
135.522536
 20
220.850847
 30
0
  0
SPLINE
  5
56A
100
AcDbEntity
  8
Layer_1
  6
ByLayer
 62
    1
370
   -1
100
AcDbSpline
210
0
220
0
230
0
 70
 4096
 71
    3
 72
    8
 73
    4
 74
    0
 42
1e-07
 43
1e-07
 40
0
 40
0
 40
0
 40
0
 40
1
 40
1
 40
1
 40
1
 10
135.522536
 20
220.850847
 30
0
 10
135.503523
 20
220.841341
 30
0
 10
135.475003
 20
220.831834
 30
0
 10
135.45599
 20
220.822327
 30
0
  0
LWPOLYLINE
  5
56B
100
AcDbEntity
  8
Layer_1
  6
ByLayer
 62
    1
370
   -1
100
AcDbPolyline
 90
    2
 70
    0
 43
0
 10
135.341912
 20
221.516305
 10
135.674641
 20
221.212096
  0
SPLINE
  5
56C
100
AcDbEntity
  8
Layer_1
  6
ByLayer
 62
    1
370
   -1
100
AcDbSpline
210
0
220
0
230
0
 70
 4096
 71
    3
 72
    8
 73
    4
 74
    0
 42
1e-07
 43
1e-07
 40
0
 40
0
 40
0
 40
0
 40
1
 40
1
 40
1
 40
1
 10
134.99017
 20
221.088511
 30
0
 10
134.99017
 20
221.088511
 30
0
 10
134.914117
 20
220.784301
 30
0
 10
135.218327
 20
220.518118
 30
0
  0
SPLINE
  5
56D
100
AcDbEntity
  8
Layer_1
  6
ByLayer
 62
    1
370
   -1
100
AcDbSpline
210
0
220
0
230
0
 70
 4096
 71
    3
 72
    8
 73
    4
 74
    0
 42
1e-07
 43
1e-07
 40
0
 40
0
 40
0
 40
0
 40
1
 40
1
 40
1
 40
1
 10
135.218327
 20
220.518118
 30
0
 10
135.332405
 20
220.423053
 30
0
 10
135.45599
 20
220.40404
 30
0
 10
135.560562
 20
220.40404
 30
0
  0
SPLINE
  5
56E
100
AcDbEntity
  8
Layer_1
  6
ByLayer
 62
    1
370
   -1
100
AcDbSpline
210
0
220
0
230
0
 70
 4096
 71
    3
 72
    8
 73
    4
 74
    0
 42
1e-07
 43
1e-07
 40
0
 40
0
 40
0
 40
0
 40
1
 40
1
 40
1
 40
1
 10
135.560562
 20
220.40404
 30
0
 10
135.665134
 20
220.40404
 30
0
 10
135.750693
 20
220.423053
 30
0
 10
135.788719
 20
220.423053
 30
0
  0
LWPOLYLINE
  5
56F
100
AcDbEntity
  8
Layer_1
  6
ByLayer
 62
    1
370
   -1
100
AcDbPolyline
 90
    3
 70
    0
 43
0
 10
135.45599
 20
220.822327
 10
135.142274
 20
221.098017
 10
134.99017
 20
221.088511
  0
SPLINE
  5
570
100
AcDbEntity
  8
Layer_1
  6
ByLayer
 62
    1
370
   -1
100
AcDbSpline
210
0
220
0
230
0
 70
 4096
 71
    3
 72
    8
 73
    4
 74
    0
 42
1e-07
 43
1e-07
 40
0
 40
0
 40
0
 40
0
 40
1
 40
1
 40
1
 40
1
 10
135.798226
 20
220.423053
 30
0
 10
135.817239
 20
220.423053
 30
0
 10
136.092928
 20
220.185389
 30
0
 10
136.492203
 20
219.85266
 30
0
  0
LWPOLYLINE
  5
571
100
AcDbEntity
  8
Layer_1
  6
ByLayer
 62
    1
370
   -1
100
AcDbPolyline
 90
    2
 70
    0
 43
0
 10
135.788719
 20
220.423053
 10
135.798226
 20
220.423053
  0
SPLINE
  5
572
100
AcDbEntity
  8
Layer_1
  6
ByLayer
 62
    1
370
   -1
100
AcDbSpline
210
0
220
0
230
0
 70
 4096
 71
    3
 72
    8
 73
    4
 74
    0
 42
1e-07
 43
1e-07
 40
0
 40
0
 40
0
 40
0
 40
1
 40
1
 40
1
 40
1
 10
140.446924
 20
217.571091
 30
0
 10
140.20926
 20
217.780235
 30
0
 10
139.99061
 20
217.742209
 30
0
 10
139.857518
 20
217.751715
 30
0
  0
SPLINE
  5
573
100
AcDbEntity
  8
Layer_1
  6
ByLayer
 62
    1
370
   -1
100
AcDbSpline
210
0
220
0
230
0
 70
 4096
 71
    3
 72
    8
 73
    4
 74
    0
 42
1e-07
 43
1e-07
 40
0
 40
0
 40
0
 40
0
 40
1
 40
1
 40
1
 40
1
 10
139.857518
 20
217.751715
 30
0
 10
139.629361
 20
217.827767
 30
0
 10
138.032263
 20
219.234735
 30
0
 10
137.053089
 20
220.137857
 30
0
  0
LWPOLYLINE
  5
574
100
AcDbEntity
  8
Layer_1
  6
ByLayer
 62
    1
370
   -1
100
AcDbPolyline
 90
    3
 70
    0
 43
0
 10
136.492203
 20
219.85266
 10
136.492203
 20
220.660716
 10
136.482697
 20
220.660716
  0
SPLINE
  5
575
100
AcDbEntity
  8
Layer_1
  6
ByLayer
 62
    1
370
   -1
100
AcDbSpline
210
0
220
0
230
0
 70
 4096
 71
    3
 72
    8
 73
    4
 74
    0
 42
1e-07
 43
1e-07
 40
0
 40
0
 40
0
 40
0
 40
1
 40
1
 40
1
 40
1
 10
137.053089
 20
219.377333
 30
0
 10
138.089302
 20
218.474212
 30
0
 10
139.401204
 20
217.323921
 30
0
 10
139.410711
 20
217.285895
 30
0
  0
SPLINE
  5
576
100
AcDbEntity
  8
Layer_1
  6
ByLayer
 62
    1
370
   -1
100
AcDbSpline
210
0
220
0
230
0
 70
 4096
 71
    3
 72
    8
 73
    4
 74
    0
 42
1e-07
 43
1e-07
 40
0
 40
0
 40
0
 40
0
 40
1
 40
1
 40
1
 40
1
 10
139.410711
 20
217.285895
 30
0
 10
139.420217
 20
217.219349
 30
0
 10
139.439231
 20
216.867607
 30
0
 10
139.619855
 20
216.686983
 30
0
  0
SPLINE
  5
577
100
AcDbEntity
  8
Layer_1
  6
ByLayer
 62
    1
370
   -1
100
AcDbSpline
210
0
220
0
230
0
 70
 4096
 71
    3
 72
    8
 73
    4
 74
    0
 42
1e-07
 43
1e-07
 40
0
 40
0
 40
0
 40
0
 40
1
 40
1
 40
1
 40
1
 10
139.619855
 20
216.686983
 30
0
 10
139.752946
 20
216.553891
 30
0
 10
139.876531
 20
216.515865
 30
0
 10
139.971597
 20
216.515865
 30
0
  0
SPLINE
  5
578
100
AcDbEntity
  8
Layer_1
  6
ByLayer
 62
    1
370
   -1
100
AcDbSpline
210
0
220
0
230
0
 70
 4096
 71
    3
 72
    8
 73
    4
 74
    0
 42
1e-07
 43
1e-07
 40
0
 40
0
 40
0
 40
0
 40
1
 40
1
 40
1
 40
1
 10
139.971597
 20
216.515865
 30
0
 10
140.009623
 20
216.515865
 30
0
 10
140.047649
 20
216.525371
 30
0
 10
140.085675
 20
216.534878
 30
0
  0
SPLINE
  5
579
100
AcDbEntity
  8
Layer_1
  6
ByLayer
 62
    1
370
   -1
100
AcDbSpline
210
0
220
0
230
0
 70
 4096
 71
    3
 72
    8
 73
    4
 74
    0
 42
1e-07
 43
1e-07
 40
0
 40
0
 40
0
 40
0
 40
1
 40
1
 40
1
 40
1
 10
140.085675
 20
216.534878
 30
0
 10
140.199754
 20
216.544385
 30
0
 10
140.275806
 20
216.591917
 30
0
 10
140.275806
 20
216.591917
 30
0
  0
LWPOLYLINE
  5
57A
100
AcDbEntity
  8
Layer_1
  6
ByLayer
 62
    1
370
   -1
100
AcDbPolyline
 90
    2
 70
    0
 43
0
 10
137.053089
 20
220.137857
 10
137.053089
 20
219.377333
  0
SPLINE
  5
57B
100
AcDbEntity
  8
Layer_1
  6
ByLayer
 62
    1
370
   -1
100
AcDbSpline
210
0
220
0
230
0
 70
 4096
 71
    3
 72
    8
 73
    4
 74
    0
 42
1e-07
 43
1e-07
 40
0
 40
0
 40
0
 40
0
 40
1
 40
1
 40
1
 40
1
 10
139.96209
 20
216.896126
 30
0
 10
139.96209
 20
216.924646
 30
0
 10
139.971597
 20
217.190829
 30
0
 10
140.218767
 20
217.276388
 30
0
  0
LWPOLYLINE
  5
57C
100
AcDbEntity
  8
Layer_1
  6
ByLayer
 62
    1
370
   -1
100
AcDbPolyline
 90
    4
 70
    0
 43
0
 10
140.275806
 20
216.591917
 10
139.96209
 20
216.896126
 10
139.96209
 20
216.896126
 10
139.96209
 20
216.896126
  0
SPLINE
  5
57D
100
AcDbEntity
  8
Layer_1
  6
ByLayer
 62
    1
370
   -1
100
AcDbSpline
210
0
220
0
230
0
 70
 4096
 71
    3
 72
    8
 73
    4
 74
    0
 42
1e-07
 43
1e-07
 40
0
 40
0
 40
0
 40
0
 40
1
 40
1
 40
1
 40
1
 10
140.656068
 20
216.991192
 30
0
 10
140.646561
 20
216.981685
 30
0
 10
140.73212
 20
217.304908
 30
0
 10
140.446924
 20
217.571091
 30
0
  0
LWPOLYLINE
  5
57E
100
AcDbEntity
  8
Layer_1
  6
ByLayer
 62
    1
370
   -1
100
AcDbPolyline
 90
    4
 70
    0
 43
0
 10
140.218767
 20
217.276388
 10
140.218767
 20
217.276388
 10
140.541989
 20
216.981685
 10
140.656068
 20
216.991192
  0
LWPOLYLINE
  5
57F
100
AcDbEntity
  8
Layer_1
  6
ByLayer
 62
    1
370
   -1
100
AcDbPolyline
 90
  237
 70
    1
 43
0
 10
143.47951
 20
221.221602
 10
143.45099
 20
221.259628
 10
143.422471
 20
221.288148
 10
143.403458
 20
221.326174
 10
143.374938
 20
221.3642
 10
143.346418
 20
221.39272
 10
143.317899
 20
221.42124
 10
143.289379
 20
221.449759
 10
143.26086
 20
221.468772
 10
143.241847
 20
221.487785
 10
143.20382
 20
221.516305
 10
143.175301
 20
221.535318
 10
143.146781
 20
221.544825
 10
143.118262
 20
221.563838
 10
143.089742
 20
221.573344
 10
143.080235
 20
221.573344
 10
143.070729
 20
221.563838
 10
143.051716
 20
221.563838
 10
143.042209
 20
221.563838
 10
143.032703
 20
221.563838
 10
143.023196
 20
221.563838
 10
143.004183
 20
221.563838
 10
143.004183
 20
221.563838
 10
142.994676
 20
221.563838
 10
142.994676
 20
221.563838
 10
142.98517
 20
221.563838
 10
142.975663
 20
221.573344
 10
142.966157
 20
221.573344
 10
142.95665
 20
221.573344
 10
142.95665
 20
221.582851
 10
142.947144
 20
221.582851
 10
142.937637
 20
221.592357
 10
142.928131
 20
221.601864
 10
142.918624
 20
221.601864
 10
142.909118
 20
221.61137
 10
142.909118
 20
221.61137
 10
142.899611
 20
221.630383
 10
142.890105
 20
221.63989
 10
142.880598
 20
221.63989
 10
142.880598
 20
221.649396
 10
142.871091
 20
221.658903
 10
142.861585
 20
221.677916
 10
142.861585
 20
221.677916
 10
142.852078
 20
221.687423
 10
142.852078
 20
221.687423
 10
142.842572
 20
221.706436
 10
142.842572
 20
221.715942
 10
142.833065
 20
221.734955
 10
142.823559
 20
221.753968
 10
142.814052
 20
221.772982
 10
142.814052
 20
221.782488
 10
142.814052
 20
221.791995
 10
142.804546
 20
221.811008
 10
142.795039
 20
221.830021
 10
142.795039
 20
221.85854
 10
142.785533
 20
221.877553
 10
142.566882
 20
222.10571
 10
142.547869
 20
222.096204
 10
142.519349
 20
222.086697
 10
142.500336
 20
222.077191
 10
142.471817
 20
222.077191
 10
142.452804
 20
222.067684
 10
142.433791
 20
222.058178
 10
142.414778
 20
222.048671
 10
142.395764
 20
222.039165
 10
142.376751
 20
222.029658
 10
142.357738
 20
222.020152
 10
142.348232
 20
222.010645
 10
142.329219
 20
222.001138
 10
142.319712
 20
221.991632
 10
142.310206
 20
221.972619
 10
142.291193
 20
221.963112
 10
142.281686
 20
221.953606
 10
142.272179
 20
221.934593
 10
142.262673
 20
221.91558
 10
142.253166
 20
221.906073
 10
142.24366
 20
221.88706
 10
142.234153
 20
221.868047
 10
142.234153
 20
221.849034
 10
142.224647
 20
221.830021
 10
142.224647
 20
221.801501
 10
142.405271
 20
221.554331
 10
142.424284
 20
221.544825
 10
142.452804
 20
221.544825
 10
142.471817
 20
221.535318
 10
142.49083
 20
221.535318
 10
142.528856
 20
221.516305
 10
142.566882
 20
221.497292
 10
142.604908
 20
221.478279
 10
142.633428
 20
221.459266
 10
142.642935
 20
221.440253
 10
142.652441
 20
221.430746
 10
142.671454
 20
221.411733
 10
142.680961
 20
221.402226
 10
142.690467
 20
221.383213
 10
142.699974
 20
221.3642
 10
142.699974
 20
221.345187
 10
142.70948
 20
221.326174
 10
142.718987
 20
221.316668
 10
142.718987
 20
221.288148
 10
142.728493
 20
221.269135
 10
142.728493
 20
221.250122
 10
142.738
 20
221.231109
 10
142.738
 20
221.202589
 10
142.738
 20
221.183576
 10
142.738
 20
221.155056
 10
142.738
 20
221.107524
 10
142.728493
 20
221.050484
 10
142.70948
 20
221.040978
 10
142.699974
 20
221.031471
 10
142.671454
 20
221.012458
 10
142.661948
 20
220.993445
 10
142.642935
 20
220.983939
 10
142.623921
 20
220.964926
 10
142.614415
 20
220.955419
 10
142.604908
 20
220.945913
 10
142.604908
 20
220.926899
 10
142.595402
 20
220.917393
 10
142.585895
 20
220.89838
 10
142.585895
 20
220.879367
 10
142.576389
 20
220.86986
 10
142.49083
 20
220.774795
 10
142.46231
 20
220.755782
 10
142.452804
 20
220.746275
 10
142.443297
 20
220.727262
 10
142.395764
 20
220.679729
 10
142.348232
 20
220.641703
 10
142.300699
 20
220.594171
 10
142.253166
 20
220.546638
 10
142.234153
 20
220.527625
 10
142.205634
 20
220.499105
 10
142.167608
 20
220.461079
 10
142.120075
 20
220.413546
 10
141.815866
 20
220.147363
 10
141.815866
 20
220.004765
 10
142.053529
 20
219.795621
 10
142.063036
 20
219.795621
 10
142.386258
 20
220.071311
 10
142.481323
 20
220.147363
 10
142.576389
 20
220.223415
 10
142.671454
 20
220.308974
 10
142.776026
 20
220.385027
 10
142.880598
 20
220.470586
 10
142.890105
 20
220.470586
 10
142.890105
 20
220.470586
 10
142.890105
 20
220.470586
 10
142.909118
 20
220.470586
 10
142.918624
 20
220.470586
 10
142.928131
 20
220.470586
 10
142.947144
 20
220.470586
 10
142.975663
 20
220.480092
 10
142.994676
 20
220.480092
 10
143.01369
 20
220.489599
 10
143.032703
 20
220.489599
 10
143.042209
 20
220.499105
 10
143.042209
 20
220.499105
 10
143.051716
 20
220.499105
 10
143.061222
 20
220.508612
 10
143.089742
 20
220.518118
 10
143.118262
 20
220.527625
 10
143.146781
 20
220.537131
 10
143.175301
 20
220.556144
 10
143.194314
 20
220.556144
 10
143.213327
 20
220.565651
 10
143.241847
 20
220.584664
 10
143.251353
 20
220.584664
 10
143.26086
 20
220.594171
 10
143.270366
 20
220.603677
 10
143.289379
 20
220.603677
 10
143.308392
 20
220.603677
 10
143.317899
 20
220.603677
 10
143.336912
 20
220.603677
 10
143.346418
 20
220.603677
 10
143.355925
 20
220.594171
 10
143.374938
 20
220.584664
 10
143.384445
 20
220.575157
 10
143.393951
 20
220.565651
 10
143.403458
 20
220.556144
 10
143.412964
 20
220.537131
 10
143.422471
 20
220.527625
 10
143.431977
 20
220.508612
 10
143.431977
 20
220.489599
 10
143.441484
 20
220.461079
 10
143.45099
 20
220.442066
 10
143.489017
 20
220.413546
 10
143.498523
 20
220.394533
 10
143.517536
 20
220.37552
 10
143.555562
 20
220.337494
 10
143.584082
 20
220.299468
 10
143.622108
 20
220.261442
 10
143.650628
 20
220.223415
 10
143.679147
 20
220.175883
 10
143.69816
 20
220.15687
 10
143.707667
 20
220.12835
 10
143.736187
 20
220.080817
 10
143.764706
 20
220.033285
 10
143.793226
 20
219.985752
 10
143.812239
 20
219.957232
 10
143.821745
 20
219.928713
 10
143.840759
 20
219.871673
 10
143.869278
 20
219.814634
 10
143.888291
 20
219.757595
 10
143.916811
 20
219.700556
 10
143.935824
 20
219.691049
 10
143.964344
 20
219.691049
 10
143.983357
 20
219.691049
 10
144.011876
 20
219.691049
 10
144.030889
 20
219.700556
 10
144.049902
 20
219.700556
 10
144.059409
 20
219.710062
 10
144.078422
 20
219.719569
 10
144.040396
 20
219.824141
 10
144.021383
 20
219.900193
 10
144.011876
 20
219.947726
 10
144.00237
 20
219.985752
 10
143.992863
 20
220.023778
 10
143.983357
 20
220.071311
 10
143.97385
 20
220.109337
 10
143.964344
 20
220.147363
 10
143.94533
 20
220.194896
 10
143.935824
 20
220.232922
 10
143.926317
 20
220.270948
 10
143.907304
 20
220.318481
 10
143.897798
 20
220.356507
 10
143.878785
 20
220.394533
 10
143.850265
 20
220.480092
 10
143.831252
 20
220.518118
 10
143.812239
 20
220.565651
 10
143.774213
 20
220.641703
 10
143.736187
 20
220.727262
 10
143.69816
 20
220.803314
 10
143.660134
 20
220.888873
 10
143.641121
 20
220.926899
 10
143.612602
 20
220.974432
 10
143.574575
 20
221.050484
 10
143.527043
 20
221.136043
 10
143.498523
 20
221.174069
  0
SPLINE
  5
580
100
AcDbEntity
  8
Layer_1
  6
ByLayer
 62
    1
370
   -1
100
AcDbSpline
210
0
220
0
230
0
 70
 4096
 71
    3
 72
    8
 73
    4
 74
    0
 42
1e-07
 43
1e-07
 40
0
 40
0
 40
0
 40
0
 40
1
 40
1
 40
1
 40
1
 10
137.205194
 20
216.801061
 30
0
 10
137.205194
 20
216.848594
 30
0
 10
137.110128
 20
216.877113
 30
0
 10
136.96753
 20
216.896126
 30
0
  0
SPLINE
  5
581
100
AcDbEntity
  8
Layer_1
  6
ByLayer
 62
    1
370
   -1
100
AcDbSpline
210
0
220
0
230
0
 70
 4096
 71
    3
 72
    8
 73
    4
 74
    0
 42
1e-07
 43
1e-07
 40
0
 40
0
 40
0
 40
0
 40
1
 40
1
 40
1
 40
1
 10
136.96753
 20
216.896126
 30
0
 10
136.948517
 20
216.896126
 30
0
 10
136.872465
 20
216.905633
 30
0
 10
136.843945
 20
216.905633
 30
0
  0
LWPOLYLINE
  5
582
100
AcDbEntity
  8
Layer_1
  6
ByLayer
 62
    1
370
   -1
100
AcDbPolyline
 90
    1
 70
    1
 43
0
 10
137.205194
 20
216.801061
  0
SPLINE
  5
583
100
AcDbEntity
  8
Layer_1
  6
ByLayer
 62
    1
370
   -1
100
AcDbSpline
210
0
220
0
230
0
 70
 4096
 71
    3
 72
    8
 73
    4
 74
    0
 42
1e-07
 43
1e-07
 40
0
 40
0
 40
0
 40
0
 40
1
 40
1
 40
1
 40
1
 10
136.672827
 20
216.91514
 30
0
 10
136.653814
 20
216.91514
 30
0
 10
136.672827
 20
216.91514
 30
0
 10
136.644308
 20
216.91514
 30
0
  0
SPLINE
  5
584
100
AcDbEntity
  8
Layer_1
  6
ByLayer
 62
    1
370
   -1
100
AcDbSpline
210
0
220
0
230
0
 70
 4096
 71
    3
 72
    8
 73
    4
 74
    0
 42
1e-07
 43
1e-07
 40
0
 40
0
 40
0
 40
0
 40
1
 40
1
 40
1
 40
1
 10
136.644308
 20
216.91514
 30
0
 10
136.50171
 20
216.905633
 30
0
 10
136.406644
 20
216.877113
 30
0
 10
136.406644
 20
216.839087
 30
0
  0
LWPOLYLINE
  5
585
100
AcDbEntity
  8
Layer_1
  6
ByLayer
 62
    1
370
   -1
100
AcDbPolyline
 90
    8
 70
    0
 43
0
 10
136.843945
 20
216.905633
 10
136.843945
 20
221.3642
 10
136.900984
 20
221.506798
 10
136.834439
 20
221.963112
 10
136.663321
 20
221.963112
 10
136.596775
 20
221.506798
 10
136.672827
 20
221.373707
 10
136.672827
 20
216.91514
  0
SPLINE
  5
586
100
AcDbEntity
  8
Layer_1
  6
ByLayer
 62
    1
370
   -1
100
AcDbSpline
210
0
220
0
230
0
 70
 4096
 71
    3
 72
    8
 73
    4
 74
    0
 42
1e-07
 43
1e-07
 40
0
 40
0
 40
0
 40
0
 40
1
 40
1
 40
1
 40
1
 10
136.406644
 20
216.829581
 30
0
 10
136.406644
 20
216.810568
 30
0
 10
136.416151
 20
216.801061
 30
0
 10
136.44467
 20
216.782048
 30
0
  0
SPLINE
  5
587
100
AcDbEntity
  8
Layer_1
  6
ByLayer
 62
    1
370
   -1
100
AcDbSpline
210
0
220
0
230
0
 70
 4096
 71
    3
 72
    8
 73
    4
 74
    0
 42
1e-07
 43
1e-07
 40
0
 40
0
 40
0
 40
0
 40
1
 40
1
 40
1
 40
1
 10
136.44467
 20
216.782048
 30
0
 10
136.482697
 20
216.734515
 30
0
 10
136.530229
 20
216.658463
 30
0
 10
136.530229
 20
216.572904
 30
0
  0
SPLINE
  5
588
100
AcDbEntity
  8
Layer_1
  6
ByLayer
 62
    1
370
   -1
100
AcDbSpline
210
0
220
0
230
0
 70
 4096
 71
    3
 72
    8
 73
    4
 74
    0
 42
1e-07
 43
1e-07
 40
0
 40
0
 40
0
 40
0
 40
1
 40
1
 40
1
 40
1
 10
136.530229
 20
216.572904
 30
0
 10
136.511216
 20
216.534878
 30
0
 10
136.492203
 20
216.477839
 30
0
 10
136.482697
 20
216.430306
 30
0
  0
SPLINE
  5
589
100
AcDbEntity
  8
Layer_1
  6
ByLayer
 62
    1
370
   -1
100
AcDbSpline
210
0
220
0
230
0
 70
 4096
 71
    3
 72
    8
 73
    4
 74
    0
 42
1e-07
 43
1e-07
 40
0
 40
0
 40
0
 40
0
 40
1
 40
1
 40
1
 40
1
 10
136.482697
 20
216.430306
 30
0
 10
136.435164
 20
215.831394
 30
0
 10
136.378125
 20
214.595544
 30
0
 10
136.330592
 20
214.006138
 30
0
  0
SPLINE
  5
58A
100
AcDbEntity
  8
Layer_1
  6
ByLayer
 62
    1
370
   -1
100
AcDbSpline
210
0
220
0
230
0
 70
 4096
 71
    3
 72
    8
 73
    4
 74
    0
 42
1e-07
 43
1e-07
 40
0
 40
0
 40
0
 40
0
 40
1
 40
1
 40
1
 40
1
 10
136.330592
 20
214.006138
 30
0
 10
136.311579
 20
213.854034
 30
0
 10
136.406644
 20
213.511798
 30
0
 10
136.644308
 20
213.464266
 30
0
  0
SPLINE
  5
58B
100
AcDbEntity
  8
Layer_1
  6
ByLayer
 62
    1
370
   -1
100
AcDbSpline
210
0
220
0
230
0
 70
 4096
 71
    3
 72
    8
 73
    4
 74
    0
 42
1e-07
 43
1e-07
 40
0
 40
0
 40
0
 40
0
 40
1
 40
1
 40
1
 40
1
 10
136.644308
 20
213.464266
 30
0
 10
136.682334
 20
213.454759
 30
0
 10
136.72036
 20
213.454759
 30
0
 10
136.767893
 20
213.454759
 30
0
  0
SPLINE
  5
58C
100
AcDbEntity
  8
Layer_1
  6
ByLayer
 62
    1
370
   -1
100
AcDbSpline
210
0
220
0
230
0
 70
 4096
 71
    3
 72
    8
 73
    4
 74
    0
 42
1e-07
 43
1e-07
 40
0
 40
0
 40
0
 40
0
 40
1
 40
1
 40
1
 40
1
 10
136.767893
 20
213.454759
 30
0
 10
136.805919
 20
213.454759
 30
0
 10
136.834439
 20
213.454759
 30
0
 10
136.862958
 20
213.464266
 30
0
  0
SPLINE
  5
58D
100
AcDbEntity
  8
Layer_1
  6
ByLayer
 62
    1
370
   -1
100
AcDbSpline
210
0
220
0
230
0
 70
 4096
 71
    3
 72
    8
 73
    4
 74
    0
 42
1e-07
 43
1e-07
 40
0
 40
0
 40
0
 40
0
 40
1
 40
1
 40
1
 40
1
 10
136.862958
 20
213.464266
 30
0
 10
137.100622
 20
213.511798
 30
0
 10
137.205194
 20
213.835021
 30
0
 10
137.195687
 20
213.996632
 30
0
  0
SPLINE
  5
58E
100
AcDbEntity
  8
Layer_1
  6
ByLayer
 62
    1
370
   -1
100
AcDbSpline
210
0
220
0
230
0
 70
 4096
 71
    3
 72
    8
 73
    4
 74
    0
 42
1e-07
 43
1e-07
 40
0
 40
0
 40
0
 40
0
 40
1
 40
1
 40
1
 40
1
 10
137.195687
 20
213.996632
 30
0
 10
137.167167
 20
214.595544
 30
0
 10
137.138648
 20
215.831394
 30
0
 10
137.110128
 20
216.430306
 30
0
  0
SPLINE
  5
58F
100
AcDbEntity
  8
Layer_1
  6
ByLayer
 62
    1
370
   -1
100
AcDbSpline
210
0
220
0
230
0
 70
 4096
 71
    3
 72
    8
 73
    4
 74
    0
 42
1e-07
 43
1e-07
 40
0
 40
0
 40
0
 40
0
 40
1
 40
1
 40
1
 40
1
 10
137.110128
 20
216.430306
 30
0
 10
137.110128
 20
216.477839
 30
0
 10
137.091115
 20
216.534878
 30
0
 10
137.072102
 20
216.572904
 30
0
  0
SPLINE
  5
590
100
AcDbEntity
  8
Layer_1
  6
ByLayer
 62
    1
370
   -1
100
AcDbSpline
210
0
220
0
230
0
 70
 4096
 71
    3
 72
    8
 73
    4
 74
    0
 42
1e-07
 43
1e-07
 40
0
 40
0
 40
0
 40
0
 40
1
 40
1
 40
1
 40
1
 10
137.072102
 20
216.572904
 30
0
 10
137.072102
 20
216.658463
 30
0
 10
137.129141
 20
216.734515
 30
0
 10
137.167167
 20
216.772541
 30
0
  0
SPLINE
  5
591
100
AcDbEntity
  8
Layer_1
  6
ByLayer
 62
    1
370
   -1
100
AcDbSpline
210
0
220
0
230
0
 70
 4096
 71
    3
 72
    8
 73
    4
 74
    0
 42
1e-07
 43
1e-07
 40
0
 40
0
 40
0
 40
0
 40
1
 40
1
 40
1
 40
1
 10
137.167167
 20
216.772541
 30
0
 10
137.195687
 20
216.772541
 30
0
 10
137.205194
 20
216.782048
 30
0
 10
137.205194
 20
216.801061
 30
0
  0
LWPOLYLINE
  5
592
100
AcDbEntity
  8
Layer_1
  6
ByLayer
 62
    1
370
   -1
100
AcDbPolyline
 90
    3
 70
    0
 43
0
 10
136.406644
 20
216.839087
 10
136.406644
 20
216.839087
 10
136.406644
 20
216.829581
  0
LWPOLYLINE
  5
593
100
AcDbEntity
  8
Layer_1
  6
ByLayer
 62
    1
370
   -1
100
AcDbPolyline
 90
    7
 70
    1
 43
0
 10
167.89004
 20
106.03388
 10
168.15674
 20
105.59784
 10
168.76211
 20
105.98731
 10
168.76211
 20
103.85371
 10
169.34631
 20
103.85371
 10
169.34631
 20
106.64771
 10
168.81291
 20
106.64771
  0
SPLINE
  5
594
100
AcDbEntity
  8
Layer_1
  6
ByLayer
 62
    1
370
   -1
100
AcDbSpline
210
0
220
0
230
0
 70
 4096
 71
    3
 72
    8
 73
    4
 74
    0
 42
1e-07
 43
1e-07
 40
0
 40
0
 40
0
 40
0
 40
1
 40
1
 40
1
 40
1
 10
33.129535
 20
104.59833
 30
0
 10
33.590968
 20
105.01743
 30
0
 10
33.756068
 20
105.26297
 30
0
 10
33.756068
 20
105.69477
 30
0
  0
SPLINE
  5
595
100
AcDbEntity
  8
Layer_1
  6
ByLayer
 62
    1
370
   -1
100
AcDbSpline
210
0
220
0
230
0
 70
 4096
 71
    3
 72
    8
 73
    4
 74
    0
 42
1e-07
 43
1e-07
 40
0
 40
0
 40
0
 40
0
 40
1
 40
1
 40
1
 40
1
 10
33.756068
 20
105.69477
 30
0
 10
33.756068
 20
106.21547
 30
0
 10
33.485135
 20
106.49487
 30
0
 10
32.845902
 20
106.49487
 30
0
  0
SPLINE
  5
596
100
AcDbEntity
  8
Layer_1
  6
ByLayer
 62
    1
370
   -1
100
AcDbSpline
210
0
220
0
230
0
 70
 4096
 71
    3
 72
    8
 73
    4
 74
    0
 42
1e-07
 43
1e-07
 40
0
 40
0
 40
0
 40
0
 40
1
 40
1
 40
1
 40
1
 10
32.845902
 20
106.49487
 30
0
 10
32.422569
 20
106.49487
 30
0
 10
32.007703
 20
106.36787
 30
0
 10
32.007703
 20
106.36787
 30
0
  0
LWPOLYLINE
  5
597
100
AcDbEntity
  8
Layer_1
  6
ByLayer
 62
    1
370
   -1
100
AcDbPolyline
 90
    4
 70
    0
 43
0
 10
33.802635
 20
103.65007
 10
33.802635
 20
104.15807
 10
32.642702
 20
104.15807
 10
33.129535
 20
104.59833
  0
SPLINE
  5
598
100
AcDbEntity
  8
Layer_1
  6
ByLayer
 62
    1
370
   -1
100
AcDbSpline
210
0
220
0
230
0
 70
 4096
 71
    3
 72
    8
 73
    4
 74
    0
 42
1e-07
 43
1e-07
 40
0
 40
0
 40
0
 40
0
 40
1
 40
1
 40
1
 40
1
 10
32.037333
 20
105.9149
 30
0
 10
32.037333
 20
105.9149
 30
0
 10
32.409866
 20
105.9784
 30
0
 10
32.697732
 20
105.9784
 30
0
  0
SPLINE
  5
599
100
AcDbEntity
  8
Layer_1
  6
ByLayer
 62
    1
370
   -1
100
AcDbSpline
210
0
220
0
230
0
 70
 4096
 71
    3
 72
    8
 73
    4
 74
    0
 42
1e-07
 43
1e-07
 40
0
 40
0
 40
0
 40
0
 40
1
 40
1
 40
1
 40
1
 10
32.697732
 20
105.9784
 30
0
 10
33.023699
 20
105.9784
 30
0
 10
33.154932
 20
105.8937
 30
0
 10
33.154932
 20
105.6101
 30
0
  0
SPLINE
  5
59A
100
AcDbEntity
  8
Layer_1
  6
ByLayer
 62
    1
370
   -1
100
AcDbSpline
210
0
220
0
230
0
 70
 4096
 71
    3
 72
    8
 73
    4
 74
    0
 42
1e-07
 43
1e-07
 40
0
 40
0
 40
0
 40
0
 40
1
 40
1
 40
1
 40
1
 10
33.154932
 20
105.6101
 30
0
 10
33.154932
 20
105.33917
 30
0
 10
32.951732
 20
105.12327
 30
0
 10
32.587666
 20
104.75073
 30
0
  0
LWPOLYLINE
  5
59B
100
AcDbEntity
  8
Layer_1
  6
ByLayer
 62
    1
370
   -1
100
AcDbPolyline
 90
    2
 70
    0
 43
0
 10
32.007703
 20
106.36787
 10
32.037333
 20
105.9149
  0
LWPOLYLINE
  5
59C
100
AcDbEntity
  8
Layer_1
  6
ByLayer
 62
    1
370
   -1
100
AcDbPolyline
 90
    4
 70
    0
 43
0
 10
32.587666
 20
104.75073
 10
31.990766
 20
104.14537
 10
31.990766
 20
103.65007
 10
33.802635
 20
103.65007
  0
SPLINE
  5
59D
100
AcDbEntity
  8
Layer_1
  6
ByLayer
 62
    1
370
   -1
100
AcDbSpline
210
0
220
0
230
0
 70
 4096
 71
    3
 72
    8
 73
    4
 74
    0
 42
1e-07
 43
1e-07
 40
0
 40
0
 40
0
 40
0
 40
1
 40
1
 40
1
 40
1
 10
170.01179
 20
114.10635
 30
0
 10
169.31752
 20
114.10635
 30
0
 10
168.92805
 20
113.69995
 30
0
 10
168.92805
 20
112.64161
 30
0
  0
SPLINE
  5
59E
100
AcDbEntity
  8
Layer_1
  6
ByLayer
 62
    1
370
   -1
100
AcDbSpline
210
0
220
0
230
0
 70
 4096
 71
    3
 72
    8
 73
    4
 74
    0
 42
1e-07
 43
1e-07
 40
0
 40
0
 40
0
 40
0
 40
1
 40
1
 40
1
 40
1
 10
168.92805
 20
112.64161
 30
0
 10
168.92805
 20
111.58328
 30
0
 10
169.31752
 20
111.21075
 30
0
 10
170.01179
 20
111.21075
 30
0
  0
SPLINE
  5
59F
100
AcDbEntity
  8
Layer_1
  6
ByLayer
 62
    1
370
   -1
100
AcDbSpline
210
0
220
0
230
0
 70
 4096
 71
    3
 72
    8
 73
    4
 74
    0
 42
1e-07
 43
1e-07
 40
0
 40
0
 40
0
 40
0
 40
1
 40
1
 40
1
 40
1
 10
170.01179
 20
111.21075
 30
0
 10
170.70605
 20
111.21075
 30
0
 10
171.09552
 20
111.58328
 30
0
 10
171.09552
 20
112.64161
 30
0
  0
SPLINE
  5
5A0
100
AcDbEntity
  8
Layer_1
  6
ByLayer
 62
    1
370
   -1
100
AcDbSpline
210
0
220
0
230
0
 70
 4096
 71
    3
 72
    8
 73
    4
 74
    0
 42
1e-07
 43
1e-07
 40
0
 40
0
 40
0
 40
0
 40
1
 40
1
 40
1
 40
1
 10
171.09552
 20
112.64161
 30
0
 10
171.09552
 20
113.69995
 30
0
 10
170.70605
 20
114.10635
 30
0
 10
170.01179
 20
114.10635
 30
0
  0
LWPOLYLINE
  5
5A1
100
AcDbEntity
  8
Layer_1
  6
ByLayer
 62
    1
370
   -1
100
AcDbPolyline
 90
    7
 70
    1
 43
0
 10
166.76906
 20
113.44171
 10
167.03576
 20
113.00568
 10
167.64112
 20
113.39515
 10
167.64112
 20
111.26155
 10
168.22532
 20
111.26155
 10
168.22532
 20
114.05555
 10
167.69192
 20
114.05555
  0
SPLINE
  5
5A2
100
AcDbEntity
  8
Layer_1
  6
ByLayer
 62
    1
370
   -1
100
AcDbSpline
210
0
220
0
230
0
 70
 4096
 71
    3
 72
    8
 73
    4
 74
    0
 42
1e-07
 43
1e-07
 40
0
 40
0
 40
0
 40
0
 40
1
 40
1
 40
1
 40
1
 10
170.01579
 20
113.59835
 30
0
 10
170.35446
 20
113.59835
 30
0
 10
170.49416
 20
113.36975
 30
0
 10
170.49416
 20
112.64161
 30
0
  0
SPLINE
  5
5A3
100
AcDbEntity
  8
Layer_1
  6
ByLayer
 62
    1
370
   -1
100
AcDbSpline
210
0
220
0
230
0
 70
 4096
 71
    3
 72
    8
 73
    4
 74
    0
 42
1e-07
 43
1e-07
 40
0
 40
0
 40
0
 40
0
 40
1
 40
1
 40
1
 40
1
 10
170.49416
 20
112.64161
 30
0
 10
170.49416
 20
111.95582
 30
0
 10
170.35446
 20
111.71875
 30
0
 10
170.01579
 20
111.71875
 30
0
  0
SPLINE
  5
5A4
100
AcDbEntity
  8
Layer_1
  6
ByLayer
 62
    1
370
   -1
100
AcDbSpline
210
0
220
0
230
0
 70
 4096
 71
    3
 72
    8
 73
    4
 74
    0
 42
1e-07
 43
1e-07
 40
0
 40
0
 40
0
 40
0
 40
1
 40
1
 40
1
 40
1
 10
170.01579
 20
111.71875
 30
0
 10
169.67712
 20
111.71875
 30
0
 10
169.52896
 20
111.95582
 30
0
 10
169.52896
 20
112.64161
 30
0
  0
SPLINE
  5
5A5
100
AcDbEntity
  8
Layer_1
  6
ByLayer
 62
    1
370
   -1
100
AcDbSpline
210
0
220
0
230
0
 70
 4096
 71
    3
 72
    8
 73
    4
 74
    0
 42
1e-07
 43
1e-07
 40
0
 40
0
 40
0
 40
0
 40
1
 40
1
 40
1
 40
1
 10
169.52896
 20
112.64161
 30
0
 10
169.52896
 20
113.36975
 30
0
 10
169.67712
 20
113.59835
 30
0
 10
170.01579
 20
113.59835
 30
0
  0
SPLINE
  5
5A6
100
AcDbEntity
  8
Layer_1
  6
ByLayer
 62
    1
370
   -1
100
AcDbSpline
210
0
220
0
230
0
 70
 4096
 71
    3
 72
    8
 73
    4
 74
    0
 42
1e-07
 43
1e-07
 40
0
 40
0
 40
0
 40
0
 40
1
 40
1
 40
1
 40
1
 10
152.12711
 20
158.82031
 30
0
 10
152.12711
 20
158.82031
 30
0
 10
151.64451
 20
158.94308
 30
0
 10
151.28891
 20
158.94308
 30
0
  0
SPLINE
  5
5A7
100
AcDbEntity
  8
Layer_1
  6
ByLayer
 62
    1
370
   -1
100
AcDbSpline
210
0
220
0
230
0
 70
 4096
 71
    3
 72
    8
 73
    4
 74
    0
 42
1e-07
 43
1e-07
 40
0
 40
0
 40
0
 40
0
 40
1
 40
1
 40
1
 40
1
 10
151.28891
 20
158.94308
 30
0
 10
150.57347
 20
158.94308
 30
0
 10
150.12474
 20
158.54938
 30
0
 10
150.12474
 20
157.48258
 30
0
  0
SPLINE
  5
5A8
100
AcDbEntity
  8
Layer_1
  6
ByLayer
 62
    1
370
   -1
100
AcDbSpline
210
0
220
0
230
0
 70
 4096
 71
    3
 72
    8
 73
    4
 74
    0
 42
1e-07
 43
1e-07
 40
0
 40
0
 40
0
 40
0
 40
1
 40
1
 40
1
 40
1
 10
150.12474
 20
157.48258
 30
0
 10
150.12474
 20
156.59358
 30
0
 10
150.45071
 20
156.04748
 30
0
 10
151.19577
 20
156.04748
 30
0
  0
SPLINE
  5
5A9
100
AcDbEntity
  8
Layer_1
  6
ByLayer
 62
    1
370
   -1
100
AcDbSpline
210
0
220
0
230
0
 70
 4096
 71
    3
 72
    8
 73
    4
 74
    0
 42
1e-07
 43
1e-07
 40
0
 40
0
 40
0
 40
0
 40
1
 40
1
 40
1
 40
1
 10
151.19577
 20
156.04748
 30
0
 10
151.82654
 20
156.04748
 30
0
 10
152.22024
 20
156.35228
 30
0
 10
152.22024
 20
156.98305
 30
0
  0
SPLINE
  5
5AA
100
AcDbEntity
  8
Layer_1
  6
ByLayer
 62
    1
370
   -1
100
AcDbSpline
210
0
220
0
230
0
 70
 4096
 71
    3
 72
    8
 73
    4
 74
    0
 42
1e-07
 43
1e-07
 40
0
 40
0
 40
0
 40
0
 40
1
 40
1
 40
1
 40
1
 10
152.22024
 20
156.98305
 30
0
 10
152.22024
 20
157.61381
 30
0
 10
151.89004
 20
157.88898
 30
0
 10
151.25927
 20
157.88898
 30
0
  0
SPLINE
  5
5AB
100
AcDbEntity
  8
Layer_1
  6
ByLayer
 62
    1
370
   -1
100
AcDbSpline
210
0
220
0
230
0
 70
 4096
 71
    3
 72
    8
 73
    4
 74
    0
 42
1e-07
 43
1e-07
 40
0
 40
0
 40
0
 40
0
 40
1
 40
1
 40
1
 40
1
 10
151.25927
 20
157.88898
 30
0
 10
151.05607
 20
157.88898
 30
0
 10
150.72587
 20
157.77891
 30
0
 10
150.72587
 20
157.78315
 30
0
  0
SPLINE
  5
5AC
100
AcDbEntity
  8
Layer_1
  6
ByLayer
 62
    1
370
   -1
100
AcDbSpline
210
0
220
0
230
0
 70
 4096
 71
    3
 72
    8
 73
    4
 74
    0
 42
1e-07
 43
1e-07
 40
0
 40
0
 40
0
 40
0
 40
1
 40
1
 40
1
 40
1
 10
150.72587
 20
157.78315
 30
0
 10
150.72587
 20
158.16838
 30
0
 10
150.90367
 20
158.43508
 30
0
 10
151.28891
 20
158.43508
 30
0
  0
SPLINE
  5
5AD
100
AcDbEntity
  8
Layer_1
  6
ByLayer
 62
    1
370
   -1
100
AcDbSpline
210
0
220
0
230
0
 70
 4096
 71
    3
 72
    8
 73
    4
 74
    0
 42
1e-07
 43
1e-07
 40
0
 40
0
 40
0
 40
0
 40
1
 40
1
 40
1
 40
1
 10
151.28891
 20
158.43508
 30
0
 10
151.64451
 20
158.43508
 30
0
 10
152.07631
 20
158.37158
 30
0
 10
152.07631
 20
158.37158
 30
0
  0
SPLINE
  5
5AE
100
AcDbEntity
  8
Layer_1
  6
ByLayer
 62
    1
370
   -1
100
AcDbSpline
210
0
220
0
230
0
 70
 4096
 71
    3
 72
    8
 73
    4
 74
    0
 42
1e-07
 43
1e-07
 40
0
 40
0
 40
0
 40
0
 40
1
 40
1
 40
1
 40
1
 10
151.20847
 20
157.38098
 30
0
 10
151.47094
 20
157.38098
 30
0
 10
151.61911
 20
157.24551
 30
0
 10
151.61911
 20
156.98305
 30
0
  0
SPLINE
  5
5AF
100
AcDbEntity
  8
Layer_1
  6
ByLayer
 62
    1
370
   -1
100
AcDbSpline
210
0
220
0
230
0
 70
 4096
 71
    3
 72
    8
 73
    4
 74
    0
 42
1e-07
 43
1e-07
 40
0
 40
0
 40
0
 40
0
 40
1
 40
1
 40
1
 40
1
 10
151.61911
 20
156.98305
 30
0
 10
151.61911
 20
156.71211
 30
0
 10
151.46671
 20
156.55548
 30
0
 10
151.19577
 20
156.55548
 30
0
  0
SPLINE
  5
5B0
100
AcDbEntity
  8
Layer_1
  6
ByLayer
 62
    1
370
   -1
100
AcDbSpline
210
0
220
0
230
0
 70
 4096
 71
    3
 72
    8
 73
    4
 74
    0
 42
1e-07
 43
1e-07
 40
0
 40
0
 40
0
 40
0
 40
1
 40
1
 40
1
 40
1
 10
151.19577
 20
156.55548
 30
0
 10
150.84017
 20
156.55548
 30
0
 10
150.72164
 20
156.88145
 30
0
 10
150.72164
 20
157.28785
 30
0
  0
SPLINE
  5
5B1
100
AcDbEntity
  8
Layer_1
  6
ByLayer
 62
    1
370
   -1
100
AcDbSpline
210
0
220
0
230
0
 70
 4096
 71
    3
 72
    8
 73
    4
 74
    0
 42
1e-07
 43
1e-07
 40
0
 40
0
 40
0
 40
0
 40
1
 40
1
 40
1
 40
1
 10
150.72164
 20
157.28785
 30
0
 10
150.72164
 20
157.28785
 30
0
 10
150.97987
 20
157.38095
 30
0
 10
151.20847
 20
157.38095
 30
0
  0
LWPOLYLINE
  5
5B2
100
AcDbEntity
  8
Layer_1
  6
ByLayer
 62
    1
370
   -1
100
AcDbPolyline
 90
    2
 70
    0
 43
0
 10
152.07631
 20
158.37158
 10
152.12711
 20
158.82031
  0
SPLINE
  5
5B3
100
AcDbEntity
  8
Layer_1
  6
ByLayer
 62
    1
370
   -1
100
AcDbSpline
210
0
220
0
230
0
 70
 4096
 71
    3
 72
    8
 73
    4
 74
    0
 42
1e-07
 43
1e-07
 40
0
 40
0
 40
0
 40
0
 40
1
 40
1
 40
1
 40
1
 10
151.29151
 20
279.307643
 30
0
 10
151.29151
 20
279.307643
 30
0
 10
151.69368
 20
279.383843
 30
0
 10
152.02388
 20
279.383843
 30
0
  0
SPLINE
  5
5B4
100
AcDbEntity
  8
Layer_1
  6
ByLayer
 62
    1
370
   -1
100
AcDbSpline
210
0
220
0
230
0
 70
 4096
 71
    3
 72
    8
 73
    4
 74
    0
 42
1e-07
 43
1e-07
 40
0
 40
0
 40
0
 40
0
 40
1
 40
1
 40
1
 40
1
 10
152.02388
 20
279.383843
 30
0
 10
152.31175
 20
279.383843
 30
0
 10
152.44298
 20
279.282243
 30
0
 10
152.44298
 20
279.083277
 30
0
  0
SPLINE
  5
5B5
100
AcDbEntity
  8
Layer_1
  6
ByLayer
 62
    1
370
   -1
100
AcDbSpline
210
0
220
0
230
0
 70
 4096
 71
    3
 72
    8
 73
    4
 74
    0
 42
1e-07
 43
1e-07
 40
0
 40
0
 40
0
 40
0
 40
1
 40
1
 40
1
 40
1
 10
152.44298
 20
279.083277
 30
0
 10
152.44298
 20
278.892777
 30
0
 10
152.27788
 20
278.702277
 30
0
 10
152.08738
 20
278.702277
 30
0
  0
SPLINE
  5
5B6
100
AcDbEntity
  8
Layer_1
  6
ByLayer
 62
    1
370
   -1
100
AcDbSpline
210
0
220
0
230
0
 70
 4096
 71
    3
 72
    8
 73
    4
 74
    0
 42
1e-07
 43
1e-07
 40
0
 40
0
 40
0
 40
0
 40
1
 40
1
 40
1
 40
1
 10
152.08738
 20
278.219677
 30
0
 10
152.32868
 20
278.219677
 30
0
 10
152.49378
 20
278.084211
 30
0
 10
152.49378
 20
277.876778
 30
0
  0
SPLINE
  5
5B7
100
AcDbEntity
  8
Layer_1
  6
ByLayer
 62
    1
370
   -1
100
AcDbSpline
210
0
220
0
230
0
 70
 4096
 71
    3
 72
    8
 73
    4
 74
    0
 42
1e-07
 43
1e-07
 40
0
 40
0
 40
0
 40
0
 40
1
 40
1
 40
1
 40
1
 10
152.49378
 20
277.876778
 30
0
 10
152.49378
 20
277.618544
 30
0
 10
152.34561
 20
277.504245
 30
0
 10
152.05775
 20
277.504245
 30
0
  0
SPLINE
  5
5B8
100
AcDbEntity
  8
Layer_1
  6
ByLayer
 62
    1
370
   -1
100
AcDbSpline
210
0
220
0
230
0
 70
 4096
 71
    3
 72
    8
 73
    4
 74
    0
 42
1e-07
 43
1e-07
 40
0
 40
0
 40
0
 40
0
 40
1
 40
1
 40
1
 40
1
 10
152.05775
 20
277.504245
 30
0
 10
151.73601
 20
277.504245
 30
0
 10
151.26188
 20
277.584675
 30
0
 10
151.26188
 20
277.584675
 30
0
  0
LWPOLYLINE
  5
5B9
100
AcDbEntity
  8
Layer_1
  6
ByLayer
 62
    1
370
   -1
100
AcDbPolyline
 90
    4
 70
    0
 43
0
 10
152.08738
 20
278.702277
 10
151.52435
 20
278.702277
 10
151.52435
 20
278.219677
 10
152.08738
 20
278.219677
  0
SPLINE
  5
5BA
100
AcDbEntity
  8
Layer_1
  6
ByLayer
 62
    1
370
   -1
100
AcDbSpline
210
0
220
0
230
0
 70
 4096
 71
    3
 72
    8
 73
    4
 74
    0
 42
1e-07
 43
1e-07
 40
0
 40
0
 40
0
 40
0
 40
1
 40
1
 40
1
 40
1
 10
151.23228
 20
277.140175
 30
0
 10
151.23228
 20
277.140175
 30
0
 10
151.72758
 20
276.996242
 30
0
 10
152.14244
 20
276.996242
 30
0
  0
SPLINE
  5
5BB
100
AcDbEntity
  8
Layer_1
  6
ByLayer
 62
    1
370
   -1
100
AcDbSpline
210
0
220
0
230
0
 70
 4096
 71
    3
 72
    8
 73
    4
 74
    0
 42
1e-07
 43
1e-07
 40
0
 40
0
 40
0
 40
0
 40
1
 40
1
 40
1
 40
1
 10
152.14244
 20
276.996242
 30
0
 10
152.82401
 20
276.996242
 30
0
 10
153.09494
 20
277.301042
 30
0
 10
153.09494
 20
277.889475
 30
0
  0
SPLINE
  5
5BC
100
AcDbEntity
  8
Layer_1
  6
ByLayer
 62
    1
370
   -1
100
AcDbSpline
210
0
220
0
230
0
 70
 4096
 71
    3
 72
    8
 73
    4
 74
    0
 42
1e-07
 43
1e-07
 40
0
 40
0
 40
0
 40
0
 40
1
 40
1
 40
1
 40
1
 10
153.09494
 20
277.889475
 30
0
 10
153.09494
 20
278.266241
 30
0
 10
152.95101
 20
278.367841
 30
0
 10
152.71818
 20
278.494841
 30
0
  0
SPLINE
  5
5BD
100
AcDbEntity
  8
Layer_1
  6
ByLayer
 62
    1
370
   -1
100
AcDbSpline
210
0
220
0
230
0
 70
 4096
 71
    3
 72
    8
 73
    4
 74
    0
 42
1e-07
 43
1e-07
 40
0
 40
0
 40
0
 40
0
 40
1
 40
1
 40
1
 40
1
 10
152.71818
 20
278.494841
 30
0
 10
152.92138
 20
278.630307
 30
0
 10
153.04414
 20
278.816574
 30
0
 10
153.04414
 20
279.121374
 30
0
  0
SPLINE
  5
5BE
100
AcDbEntity
  8
Layer_1
  6
ByLayer
 62
    1
370
   -1
100
AcDbSpline
210
0
220
0
230
0
 70
 4096
 71
    3
 72
    8
 73
    4
 74
    0
 42
1e-07
 43
1e-07
 40
0
 40
0
 40
0
 40
0
 40
1
 40
1
 40
1
 40
1
 10
153.04414
 20
279.121374
 30
0
 10
153.04414
 20
279.642073
 30
0
 10
152.80284
 20
279.89184
 30
0
 10
152.06624
 20
279.89184
 30
0
  0
SPLINE
  5
5BF
100
AcDbEntity
  8
Layer_1
  6
ByLayer
 62
    1
370
   -1
100
AcDbSpline
210
0
220
0
230
0
 70
 4096
 71
    3
 72
    8
 73
    4
 74
    0
 42
1e-07
 43
1e-07
 40
0
 40
0
 40
0
 40
0
 40
1
 40
1
 40
1
 40
1
 10
152.06624
 20
279.89184
 30
0
 10
151.64291
 20
279.89184
 30
0
 10
151.25344
 20
279.73944
 30
0
 10
151.25344
 20
279.73944
 30
0
  0
LWPOLYLINE
  5
5C0
100
AcDbEntity
  8
Layer_1
  6
ByLayer
 62
    1
370
   -1
100
AcDbPolyline
 90
    2
 70
    0
 43
0
 10
151.26188
 20
277.584675
 10
151.23228
 20
277.140175
  0
LWPOLYLINE
  5
5C1
100
AcDbEntity
  8
Layer_1
  6
ByLayer
 62
    1
370
   -1
100
AcDbPolyline
 90
    2
 70
    0
 43
0
 10
151.25344
 20
279.73944
 10
151.29151
 20
279.307643
  0
LWPOLYLINE
  5
5C2
100
AcDbEntity
  8
Layer_1
  6
ByLayer
 62
    1
370
   -1
100
AcDbPolyline
 90
   15
 70
    1
 43
0
 10
51.417608
 20
248.784476
 10
52.001808
 20
248.784476
 10
52.001808
 20
249.245908
 10
52.268507
 20
249.245908
 10
52.268507
 20
249.753908
 10
52.001808
 20
249.753908
 10
52.001808
 20
250.537074
 10
51.417608
 20
250.537074
 10
51.417608
 20
249.753908
 10
50.816475
 20
249.753908
 10
51.565775
 20
251.578473
 10
50.922309
 20
251.578473
 10
50.232276
 20
249.690408
 10
50.232276
 20
249.245908
 10
51.417608
 20
249.245908
  0
SPLINE
  5
5C3
100
AcDbEntity
  8
Layer_1
  6
ByLayer
 62
    1
370
   -1
100
AcDbSpline
210
0
220
0
230
0
 70
 4096
 71
    3
 72
    8
 73
    4
 74
    0
 42
1e-07
 43
1e-07
 40
0
 40
0
 40
0
 40
0
 40
1
 40
1
 40
1
 40
1
 10
151.459735
 20
321.128116
 30
0
 10
151.459735
 20
321.128116
 30
0
 10
151.692525
 20
321.200082
 30
0
 10
151.98881
 20
321.200082
 30
0
  0
SPLINE
  5
5C4
100
AcDbEntity
  8
Layer_1
  6
ByLayer
 62
    1
370
   -1
100
AcDbSpline
210
0
220
0
230
0
 70
 4096
 71
    3
 72
    8
 73
    4
 74
    0
 42
1e-07
 43
1e-07
 40
0
 40
0
 40
0
 40
0
 40
1
 40
1
 40
1
 40
1
 10
151.98881
 20
321.200082
 30
0
 10
152.255467
 20
321.200082
 30
0
 10
152.378217
 20
321.085781
 30
0
 10
152.378217
 20
320.802147
 30
0
  0
SPLINE
  5
5C5
100
AcDbEntity
  8
Layer_1
  6
ByLayer
 62
    1
370
   -1
100
AcDbSpline
210
0
220
0
230
0
 70
 4096
 71
    3
 72
    8
 73
    4
 74
    0
 42
1e-07
 43
1e-07
 40
0
 40
0
 40
0
 40
0
 40
1
 40
1
 40
1
 40
1
 10
152.378217
 20
320.802147
 30
0
 10
152.378217
 20
320.535446
 30
0
 10
152.22584
 20
320.383046
 30
0
 10
151.950723
 20
320.383046
 30
0
  0
SPLINE
  5
5C6
100
AcDbEntity
  8
Layer_1
  6
ByLayer
 62
    1
370
   -1
100
AcDbSpline
210
0
220
0
230
0
 70
 4096
 71
    3
 72
    8
 73
    4
 74
    0
 42
1e-07
 43
1e-07
 40
0
 40
0
 40
0
 40
0
 40
1
 40
1
 40
1
 40
1
 10
151.950723
 20
320.383046
 30
0
 10
151.607873
 20
320.383046
 30
0
 10
151.095726
 20
320.463483
 30
0
 10
151.095726
 20
320.463483
 30
0
  0
LWPOLYLINE
  5
5C7
100
AcDbEntity
  8
Layer_1
  6
ByLayer
 62
    1
370
   -1
100
AcDbPolyline
 90
    3
 70
    0
 43
0
 10
151.188848
 20
322.719858
 10
151.112655
 20
321.208553
 10
151.459735
 20
321.128116
  0
SPLINE
  5
5C8
100
AcDbEntity
  8
Layer_1
  6
ByLayer
 62
    1
370
   -1
100
AcDbSpline
210
0
220
0
230
0
 70
 4096
 71
    3
 72
    8
 73
    4
 74
    0
 42
1e-07
 43
1e-07
 40
0
 40
0
 40
0
 40
0
 40
1
 40
1
 40
1
 40
1
 10
151.032231
 20
320.031681
 30
0
 10
151.032231
 20
320.031681
 30
0
 10
151.586704
 20
319.875047
 30
0
 10
152.022667
 20
319.875047
 30
0
  0
SPLINE
  5
5C9
100
AcDbEntity
  8
Layer_1
  6
ByLayer
 62
    1
370
   -1
100
AcDbSpline
210
0
220
0
230
0
 70
 4096
 71
    3
 72
    8
 73
    4
 74
    0
 42
1e-07
 43
1e-07
 40
0
 40
0
 40
0
 40
0
 40
1
 40
1
 40
1
 40
1
 10
152.022667
 20
319.875047
 30
0
 10
152.632165
 20
319.875047
 30
0
 10
152.979236
 20
320.234881
 30
0
 10
152.979236
 20
320.865651
 30
0
  0
SPLINE
  5
5CA
100
AcDbEntity
  8
Layer_1
  6
ByLayer
 62
    1
370
   -1
100
AcDbSpline
210
0
220
0
230
0
 70
 4096
 71
    3
 72
    8
 73
    4
 74
    0
 42
1e-07
 43
1e-07
 40
0
 40
0
 40
0
 40
0
 40
1
 40
1
 40
1
 40
1
 10
152.979236
 20
320.865651
 30
0
 10
152.979236
 20
321.454086
 30
0
 10
152.644864
 20
321.708087
 30
0
 10
152.073453
 20
321.708087
 30
0
  0
SPLINE
  5
5CB
100
AcDbEntity
  8
Layer_1
  6
ByLayer
 62
    1
370
   -1
100
AcDbSpline
210
0
220
0
230
0
 70
 4096
 71
    3
 72
    8
 73
    4
 74
    0
 42
1e-07
 43
1e-07
 40
0
 40
0
 40
0
 40
0
 40
1
 40
1
 40
1
 40
1
 10
152.073453
 20
321.708087
 30
0
 10
151.836433
 20
321.708087
 30
0
 10
151.574005
 20
321.606487
 30
0
 10
151.574005
 20
321.606487
 30
0
  0
LWPOLYLINE
  5
5CC
100
AcDbEntity
  8
Layer_1
  6
ByLayer
 62
    1
370
   -1
100
AcDbPolyline
 90
    2
 70
    0
 43
0
 10
151.095726
 20
320.463483
 10
151.032231
 20
320.031681
  0
LWPOLYLINE
  5
5CD
100
AcDbEntity
  8
Layer_1
  6
ByLayer
 62
    1
370
   -1
100
AcDbPolyline
 90
    5
 70
    0
 43
0
 10
151.574005
 20
321.606487
 10
151.645999
 20
322.211855
 10
152.894623
 20
322.211855
 10
152.894623
 20
322.719857
 10
151.188848
 20
322.719858
  0
SPLINE
  5
5CE
100
AcDbEntity
  8
Layer_1
  6
ByLayer
 62
    1
370
   -1
100
AcDbSpline
210
0
220
0
230
0
 70
 4096
 71
    3
 72
    8
 73
    4
 74
    0
 42
1e-07
 43
1e-07
 40
0
 40
0
 40
0
 40
0
 40
1
 40
1
 40
1
 40
1
 10
50.223325
 20
162.39886
 30
0
 10
49.613726
 20
162.39886
 30
0
 10
49.211559
 20
162.11946
 30
0
 10
49.211559
 20
161.63686
 30
0
  0
SPLINE
  5
5CF
100
AcDbEntity
  8
Layer_1
  6
ByLayer
 62
    1
370
   -1
100
AcDbSpline
210
0
220
0
230
0
 70
 4096
 71
    3
 72
    8
 73
    4
 74
    0
 42
1e-07
 43
1e-07
 40
0
 40
0
 40
0
 40
0
 40
1
 40
1
 40
1
 40
1
 10
49.211559
 20
161.63686
 30
0
 10
49.211559
 20
161.34053
 30
0
 10
49.275059
 20
161.18813
 30
0
 10
49.516359
 20
160.99339
 30
0
  0
SPLINE
  5
5D0
100
AcDbEntity
  8
Layer_1
  6
ByLayer
 62
    1
370
   -1
100
AcDbSpline
210
0
220
0
230
0
 70
 4096
 71
    3
 72
    8
 73
    4
 74
    0
 42
1e-07
 43
1e-07
 40
0
 40
0
 40
0
 40
0
 40
1
 40
1
 40
1
 40
1
 10
49.516359
 20
160.99339
 30
0
 10
49.291992
 20
160.80713
 30
0
 10
49.164993
 20
160.65049
 30
0
 10
49.164993
 20
160.26526
 30
0
  0
SPLINE
  5
5D1
100
AcDbEntity
  8
Layer_1
  6
ByLayer
 62
    1
370
   -1
100
AcDbSpline
210
0
220
0
230
0
 70
 4096
 71
    3
 72
    8
 73
    4
 74
    0
 42
1e-07
 43
1e-07
 40
0
 40
0
 40
0
 40
0
 40
1
 40
1
 40
1
 40
1
 10
49.164993
 20
160.26526
 30
0
 10
49.164993
 20
159.67683
 30
0
 10
49.634892
 20
159.50326
 30
0
 10
50.223325
 20
159.50326
 30
0
  0
SPLINE
  5
5D2
100
AcDbEntity
  8
Layer_1
  6
ByLayer
 62
    1
370
   -1
100
AcDbSpline
210
0
220
0
230
0
 70
 4096
 71
    3
 72
    8
 73
    4
 74
    0
 42
1e-07
 43
1e-07
 40
0
 40
0
 40
0
 40
0
 40
1
 40
1
 40
1
 40
1
 10
50.223325
 20
159.50326
 30
0
 10
50.811758
 20
159.50326
 30
0
 10
51.294357
 20
159.72339
 30
0
 10
51.294357
 20
160.31183
 30
0
  0
SPLINE
  5
5D3
100
AcDbEntity
  8
Layer_1
  6
ByLayer
 62
    1
370
   -1
100
AcDbSpline
210
0
220
0
230
0
 70
 4096
 71
    3
 72
    8
 73
    4
 74
    0
 42
1e-07
 43
1e-07
 40
0
 40
0
 40
0
 40
0
 40
1
 40
1
 40
1
 40
1
 10
51.294357
 20
160.31183
 30
0
 10
51.294357
 20
160.66319
 30
0
 10
51.171591
 20
160.80713
 30
0
 10
50.947224
 20
160.99339
 30
0
  0
SPLINE
  5
5D4
100
AcDbEntity
  8
Layer_1
  6
ByLayer
 62
    1
370
   -1
100
AcDbSpline
210
0
220
0
230
0
 70
 4096
 71
    3
 72
    8
 73
    4
 74
    0
 42
1e-07
 43
1e-07
 40
0
 40
0
 40
0
 40
0
 40
1
 40
1
 40
1
 40
1
 10
50.947224
 20
160.99339
 30
0
 10
51.188524
 20
161.18813
 30
0
 10
51.252024
 20
161.29819
 30
0
 10
51.252024
 20
161.63263
 30
0
  0
SPLINE
  5
5D5
100
AcDbEntity
  8
Layer_1
  6
ByLayer
 62
    1
370
   -1
100
AcDbSpline
210
0
220
0
230
0
 70
 4096
 71
    3
 72
    8
 73
    4
 74
    0
 42
1e-07
 43
1e-07
 40
0
 40
0
 40
0
 40
0
 40
1
 40
1
 40
1
 40
1
 10
51.252024
 20
161.63263
 30
0
 10
51.252024
 20
162.12369
 30
0
 10
50.824458
 20
162.39886
 30
0
 10
50.223325
 20
162.39886
 30
0
  0
LWPOLYLINE
  5
5D6
100
AcDbEntity
  8
Layer_1
  6
ByLayer
 62
    1
370
   -1
100
AcDbPolyline
 90
    8
 70
    1
 43
0
 10
50.232278
 20
333.02449
 10
51.434543
 20
333.02449
 10
51.434543
 20
332.889024
 10
50.482044
 20
330.852792
 10
51.02391
 20
330.700392
 10
52.018743
 20
332.884791
 10
52.018743
 20
333.54519
 10
50.232278
 20
333.54519
  0
SPLINE
  5
5D7
100
AcDbEntity
  8
Layer_1
  6
ByLayer
 62
    1
370
   -1
100
AcDbSpline
210
0
220
0
230
0
 70
 4096
 71
    3
 72
    8
 73
    4
 74
    0
 42
1e-07
 43
1e-07
 40
0
 40
0
 40
0
 40
0
 40
1
 40
1
 40
1
 40
1
 10
50.223325
 20
160.02819
 30
0
 10
49.935459
 20
160.02819
 30
0
 10
49.791525
 20
160.14249
 30
0
 10
49.791525
 20
160.40073
 30
0
  0
SPLINE
  5
5D8
100
AcDbEntity
  8
Layer_1
  6
ByLayer
 62
    1
370
   -1
100
AcDbSpline
210
0
220
0
230
0
 70
 4096
 71
    3
 72
    8
 73
    4
 74
    0
 42
1e-07
 43
1e-07
 40
0
 40
0
 40
0
 40
0
 40
1
 40
1
 40
1
 40
1
 10
49.791525
 20
160.40073
 30
0
 10
49.791525
 20
160.53619
 30
0
 10
49.871955
 20
160.65049
 30
0
 10
50.045525
 20
160.71823
 30
0
  0
SPLINE
  5
5D9
100
AcDbEntity
  8
Layer_1
  6
ByLayer
 62
    1
370
   -1
100
AcDbSpline
210
0
220
0
230
0
 70
 4096
 71
    3
 72
    8
 73
    4
 74
    0
 42
1e-07
 43
1e-07
 40
0
 40
0
 40
0
 40
0
 40
1
 40
1
 40
1
 40
1
 10
50.418058
 20
160.71823
 30
0
 10
50.583158
 20
160.65473
 30
0
 10
50.667825
 20
160.53619
 30
0
 10
50.667825
 20
160.40073
 30
0
  0
SPLINE
  5
5DA
100
AcDbEntity
  8
Layer_1
  6
ByLayer
 62
    1
370
   -1
100
AcDbSpline
210
0
220
0
230
0
 70
 4096
 71
    3
 72
    8
 73
    4
 74
    0
 42
1e-07
 43
1e-07
 40
0
 40
0
 40
0
 40
0
 40
1
 40
1
 40
1
 40
1
 10
50.667825
 20
160.40073
 30
0
 10
50.667825
 20
160.14249
 30
0
 10
50.511191
 20
160.02819
 30
0
 10
50.223325
 20
160.02819
 30
0
  0
LWPOLYLINE
  5
5DB
100
AcDbEntity
  8
Layer_1
  6
ByLayer
 62
    1
370
   -1
100
AcDbPolyline
 90
    2
 70
    0
 43
0
 10
50.045525
 20
160.71823
 10
50.418058
 20
160.71823
  0
SPLINE
  5
5DC
100
AcDbEntity
  8
Layer_1
  6
ByLayer
 62
    1
370
   -1
100
AcDbSpline
210
0
220
0
230
0
 70
 4096
 71
    3
 72
    8
 73
    4
 74
    0
 42
1e-07
 43
1e-07
 40
0
 40
0
 40
0
 40
0
 40
1
 40
1
 40
1
 40
1
 10
50.231825
 20
161.87392
 30
0
 10
50.490058
 20
161.87392
 30
0
 10
50.625524
 20
161.75539
 30
0
 10
50.625524
 20
161.54373
 30
0
  0
SPLINE
  5
5DD
100
AcDbEntity
  8
Layer_1
  6
ByLayer
 62
    1
370
   -1
100
AcDbSpline
210
0
220
0
230
0
 70
 4096
 71
    3
 72
    8
 73
    4
 74
    0
 42
1e-07
 43
1e-07
 40
0
 40
0
 40
0
 40
0
 40
1
 40
1
 40
1
 40
1
 10
50.625524
 20
161.54373
 30
0
 10
50.625524
 20
161.40826
 30
0
 10
50.553554
 20
161.30666
 30
0
 10
50.418091
 20
161.21353
 30
0
  0
SPLINE
  5
5DE
100
AcDbEntity
  8
Layer_1
  6
ByLayer
 62
    1
370
   -1
100
AcDbSpline
210
0
220
0
230
0
 70
 4096
 71
    3
 72
    8
 73
    4
 74
    0
 42
1e-07
 43
1e-07
 40
0
 40
0
 40
0
 40
0
 40
1
 40
1
 40
1
 40
1
 10
50.045558
 20
161.21353
 30
0
 10
49.910092
 20
161.30663
 30
0
 10
49.838125
 20
161.40826
 30
0
 10
49.838125
 20
161.54373
 30
0
  0
SPLINE
  5
5DF
100
AcDbEntity
  8
Layer_1
  6
ByLayer
 62
    1
370
   -1
100
AcDbSpline
210
0
220
0
230
0
 70
 4096
 71
    3
 72
    8
 73
    4
 74
    0
 42
1e-07
 43
1e-07
 40
0
 40
0
 40
0
 40
0
 40
1
 40
1
 40
1
 40
1
 10
49.838125
 20
161.54373
 30
0
 10
49.838125
 20
161.75539
 30
0
 10
49.977825
 20
161.87392
 30
0
 10
50.231825
 20
161.87392
 30
0
  0
LWPOLYLINE
  5
5E0
100
AcDbEntity
  8
Layer_1
  6
ByLayer
 62
    1
370
   -1
100
AcDbPolyline
 90
    2
 70
    0
 43
0
 10
50.418091
 20
161.21353
 10
50.045558
 20
161.21353
  0
SPLINE
  5
5E1
100
AcDbEntity
  8
Layer_1
  6
ByLayer
 62
    1
370
   -1
100
AcDbSpline
210
0
220
0
230
0
 70
 4096
 71
    3
 72
    8
 73
    4
 74
    0
 42
1e-07
 43
1e-07
 40
0
 40
0
 40
0
 40
0
 40
1
 40
1
 40
1
 40
1
 10
50.148594
 20
190.99696
 30
0
 10
50.148594
 20
190.99696
 30
0
 10
50.631194
 20
190.87419
 30
0
 10
50.986794
 20
190.87419
 30
0
  0
SPLINE
  5
5E2
100
AcDbEntity
  8
Layer_1
  6
ByLayer
 62
    1
370
   -1
100
AcDbSpline
210
0
220
0
230
0
 70
 4096
 71
    3
 72
    8
 73
    4
 74
    0
 42
1e-07
 43
1e-07
 40
0
 40
0
 40
0
 40
0
 40
1
 40
1
 40
1
 40
1
 10
50.986794
 20
190.87419
 30
0
 10
51.702226
 20
190.87419
 30
0
 10
52.150959
 20
191.22979
 30
0
 10
52.150959
 20
192.33893
 30
0
  0
SPLINE
  5
5E3
100
AcDbEntity
  8
Layer_1
  6
ByLayer
 62
    1
370
   -1
100
AcDbSpline
210
0
220
0
230
0
 70
 4096
 71
    3
 72
    8
 73
    4
 74
    0
 42
1e-07
 43
1e-07
 40
0
 40
0
 40
0
 40
0
 40
1
 40
1
 40
1
 40
1
 10
52.150959
 20
192.33893
 30
0
 10
52.150959
 20
193.22369
 30
0
 10
51.816526
 20
193.76979
 30
0
 10
51.079927
 20
193.76979
 30
0
  0
SPLINE
  5
5E4
100
AcDbEntity
  8
Layer_1
  6
ByLayer
 62
    1
370
   -1
100
AcDbSpline
210
0
220
0
230
0
 70
 4096
 71
    3
 72
    8
 73
    4
 74
    0
 42
1e-07
 43
1e-07
 40
0
 40
0
 40
0
 40
0
 40
1
 40
1
 40
1
 40
1
 10
51.079927
 20
193.76979
 30
0
 10
50.449161
 20
193.76979
 30
0
 10
50.055461
 20
193.42266
 30
0
 10
50.055461
 20
192.83423
 30
0
  0
SPLINE
  5
5E5
100
AcDbEntity
  8
Layer_1
  6
ByLayer
 62
    1
370
   -1
100
AcDbSpline
210
0
220
0
230
0
 70
 4096
 71
    3
 72
    8
 73
    4
 74
    0
 42
1e-07
 43
1e-07
 40
0
 40
0
 40
0
 40
0
 40
1
 40
1
 40
1
 40
1
 10
50.055461
 20
192.83423
 30
0
 10
50.055461
 20
192.22886
 30
0
 10
50.411061
 20
191.94099
 30
0
 10
51.016427
 20
191.94099
 30
0
  0
SPLINE
  5
5E6
100
AcDbEntity
  8
Layer_1
  6
ByLayer
 62
    1
370
   -1
100
AcDbSpline
210
0
220
0
230
0
 70
 4096
 71
    3
 72
    8
 73
    4
 74
    0
 42
1e-07
 43
1e-07
 40
0
 40
0
 40
0
 40
0
 40
1
 40
1
 40
1
 40
1
 10
51.016427
 20
191.94099
 30
0
 10
51.219627
 20
191.94099
 30
0
 10
51.549827
 20
192.07223
 30
0
 10
51.549827
 20
192.06799
 30
0
  0
SPLINE
  5
5E7
100
AcDbEntity
  8
Layer_1
  6
ByLayer
 62
    1
370
   -1
100
AcDbSpline
210
0
220
0
230
0
 70
 4096
 71
    3
 72
    8
 73
    4
 74
    0
 42
1e-07
 43
1e-07
 40
0
 40
0
 40
0
 40
0
 40
1
 40
1
 40
1
 40
1
 10
51.549827
 20
192.06799
 30
0
 10
51.549827
 20
191.64043
 30
0
 10
51.372027
 20
191.38219
 30
0
 10
50.986794
 20
191.38219
 30
0
  0
SPLINE
  5
5E8
100
AcDbEntity
  8
Layer_1
  6
ByLayer
 62
    1
370
   -1
100
AcDbSpline
210
0
220
0
230
0
 70
 4096
 71
    3
 72
    8
 73
    4
 74
    0
 42
1e-07
 43
1e-07
 40
0
 40
0
 40
0
 40
0
 40
1
 40
1
 40
1
 40
1
 10
50.986794
 20
191.38219
 30
0
 10
50.631194
 20
191.38219
 30
0
 10
50.199394
 20
191.44569
 30
0
 10
50.199394
 20
191.44569
 30
0
  0
SPLINE
  5
5E9
100
AcDbEntity
  8
Layer_1
  6
ByLayer
 62
    1
370
   -1
100
AcDbSpline
210
0
220
0
230
0
 70
 4096
 71
    3
 72
    8
 73
    4
 74
    0
 42
1e-07
 43
1e-07
 40
0
 40
0
 40
0
 40
0
 40
1
 40
1
 40
1
 40
1
 10
51.067227
 20
192.44899
 30
0
 10
50.808994
 20
192.44899
 30
0
 10
50.656594
 20
192.57599
 30
0
 10
50.656594
 20
192.83423
 30
0
  0
SPLINE
  5
5EA
100
AcDbEntity
  8
Layer_1
  6
ByLayer
 62
    1
370
   -1
100
AcDbSpline
210
0
220
0
230
0
 70
 4096
 71
    3
 72
    8
 73
    4
 74
    0
 42
1e-07
 43
1e-07
 40
0
 40
0
 40
0
 40
0
 40
1
 40
1
 40
1
 40
1
 10
50.656594
 20
192.83423
 30
0
 10
50.656594
 20
193.10516
 30
0
 10
50.808994
 20
193.26179
 30
0
 10
51.079927
 20
193.26179
 30
0
  0
SPLINE
  5
5EB
100
AcDbEntity
  8
Layer_1
  6
ByLayer
 62
    1
370
   -1
100
AcDbSpline
210
0
220
0
230
0
 70
 4096
 71
    3
 72
    8
 73
    4
 74
    0
 42
1e-07
 43
1e-07
 40
0
 40
0
 40
0
 40
0
 40
1
 40
1
 40
1
 40
1
 10
51.079927
 20
193.26179
 30
0
 10
51.435527
 20
193.26179
 30
0
 10
51.55406
 20
192.94006
 30
0
 10
51.55406
 20
192.54636
 30
0
  0
SPLINE
  5
5EC
100
AcDbEntity
  8
Layer_1
  6
ByLayer
 62
    1
370
   -1
100
AcDbSpline
210
0
220
0
230
0
 70
 4096
 71
    3
 72
    8
 73
    4
 74
    0
 42
1e-07
 43
1e-07
 40
0
 40
0
 40
0
 40
0
 40
1
 40
1
 40
1
 40
1
 10
51.55406
 20
192.54636
 30
0
 10
51.55406
 20
192.54636
 30
0
 10
51.295827
 20
192.44896
 30
0
 10
51.067227
 20
192.44896
 30
0
  0
LWPOLYLINE
  5
5ED
100
AcDbEntity
  8
Layer_1
  6
ByLayer
 62
    1
370
   -1
100
AcDbPolyline
 90
    2
 70
    0
 43
0
 10
50.199394
 20
191.44569
 10
50.148594
 20
190.99696
  0
LWPOLYLINE
  5
5EE
100
AcDbEntity
  8
Layer_1
  6
ByLayer
 62
    1
370
   -1
100
AcDbPolyline
 90
    7
 70
    1
 43
0
 10
30.441368
 20
113.50305
 10
30.708068
 20
113.06702
 10
31.313434
 20
113.45649
 10
31.313434
 20
111.32289
 10
31.897633
 20
111.32289
 10
31.897633
 20
114.11689
 10
31.364234
 20
114.11689
  0
LWPOLYLINE
  5
5EF
100
AcDbEntity
  8
Layer_1
  6
ByLayer
 62
    1
370
   -1
100
AcDbPolyline
 90
    7
 70
    1
 43
0
 10
32.81203
 20
113.50305
 10
33.07873
 20
113.06702
 10
33.684096
 20
113.45649
 10
33.684096
 20
111.32289
 10
34.268296
 20
111.32289
 10
34.268296
 20
114.11689
 10
33.734896
 20
114.11689
  0
SPLINE
  5
5F0
100
AcDbEntity
  8
Layer_1
  6
ByLayer
 62
    1
370
   -1
100
AcDbSpline
210
0
220
0
230
0
 70
 4096
 71
    3
 72
    8
 73
    4
 74
    0
 42
1e-07
 43
1e-07
 40
0
 40
0
 40
0
 40
0
 40
1
 40
1
 40
1
 40
1
 10
42.796187
 20
133.661842
 30
0
 10
43.724224
 20
133.661842
 30
0
 10
44.085128
 20
133.313828
 30
0
 10
44.098017
 20
132.540463
 30
0
  0
LWPOLYLINE
  5
5F1
100
AcDbEntity
  8
Layer_1
  6
ByLayer
 62
    1
370
   -1
100
AcDbPolyline
 90
    4
 70
    1
 43
0
 10
39.019588
 20
135.028119
 10
37.163514
 20
135.028119
 10
37.163514
 20
132.888477
 10
39.019588
 20
132.888477
  0
SPLINE
  5
5F2
100
AcDbEntity
  8
Layer_1
  6
ByLayer
 62
    1
370
   -1
100
AcDbSpline
210
0
220
0
230
0
 70
 4096
 71
    3
 72
    8
 73
    4
 74
    0
 42
1e-07
 43
1e-07
 40
0
 40
0
 40
0
 40
0
 40
1
 40
1
 40
1
 40
1
 10
40.179637
 20
131.341748
 30
0
 10
40.179637
 20
129.395448
 30
0
 10
41.094785
 20
128.428741
 30
0
 10
42.989528
 20
128.428741
 30
0
  0
SPLINE
  5
5F3
100
AcDbEntity
  8
Layer_1
  6
ByLayer
 62
    1
370
   -1
100
AcDbSpline
210
0
220
0
230
0
 70
 4096
 71
    3
 72
    8
 73
    4
 74
    0
 42
1e-07
 43
1e-07
 40
0
 40
0
 40
0
 40
0
 40
1
 40
1
 40
1
 40
1
 10
42.989528
 20
128.428741
 30
0
 10
44.871381
 20
128.428741
 30
0
 10
45.838086
 20
129.601678
 30
0
 10
45.838086
 20
131.895992
 30
0
  0
SPLINE
  5
5F4
100
AcDbEntity
  8
Layer_1
  6
ByLayer
 62
    1
370
   -1
100
AcDbSpline
210
0
220
0
230
0
 70
 4096
 71
    3
 72
    8
 73
    4
 74
    0
 42
1e-07
 43
1e-07
 40
0
 40
0
 40
0
 40
0
 40
1
 40
1
 40
1
 40
1
 10
45.838086
 20
131.895992
 30
0
 10
45.838086
 20
134.216086
 30
0
 10
45.013164
 20
135.182791
 30
0
 10
43.066864
 20
135.182791
 30
0
  0
SPLINE
  5
5F5
100
AcDbEntity
  8
Layer_1
  6
ByLayer
 62
    1
370
   -1
100
AcDbSpline
210
0
220
0
230
0
 70
 4096
 71
    3
 72
    8
 73
    4
 74
    0
 42
1e-07
 43
1e-07
 40
0
 40
0
 40
0
 40
0
 40
1
 40
1
 40
1
 40
1
 10
43.066864
 20
135.182791
 30
0
 10
41.868149
 20
135.182791
 30
0
 10
40.385868
 20
134.821888
 30
0
 10
40.385868
 20
134.821888
 30
0
  0
LWPOLYLINE
  5
5F6
100
AcDbEntity
  8
Layer_1
  6
ByLayer
 62
    1
370
   -1
100
AcDbPolyline
 90
    3
 70
    0
 43
0
 10
44.098017
 20
132.540463
 10
40.308531
 20
132.540463
 10
40.179637
 20
131.341748
  0
SPLINE
  5
5F7
100
AcDbEntity
  8
Layer_1
  6
ByLayer
 62
    1
370
   -1
100
AcDbSpline
210
0
220
0
230
0
 70
 4096
 71
    3
 72
    8
 73
    4
 74
    0
 42
1e-07
 43
1e-07
 40
0
 40
0
 40
0
 40
0
 40
1
 40
1
 40
1
 40
1
 10
40.411646
 20
133.545837
 30
0
 10
40.411646
 20
133.545837
 30
0
 10
41.739255
 20
133.661842
 30
0
 10
42.796187
 20
133.661842
 30
0
  0
LWPOLYLINE
  5
5F8
100
AcDbEntity
  8
Layer_1
  6
ByLayer
 62
    1
370
   -1
100
AcDbPolyline
 90
    2
 70
    0
 43
0
 10
40.385868
 20
134.821888
 10
40.411646
 20
133.545837
  0
SPLINE
  5
5F9
100
AcDbEntity
  8
Layer_1
  6
ByLayer
 62
    1
370
   -1
100
AcDbSpline
210
0
220
0
230
0
 70
 4096
 71
    3
 72
    8
 73
    4
 74
    0
 42
1e-07
 43
1e-07
 40
0
 40
0
 40
0
 40
0
 40
1
 40
1
 40
1
 40
1
 10
44.110906
 20
131.225743
 30
0
 10
44.098017
 20
130.246149
 30
0
 10
43.814448
 20
129.846576
 30
0
 10
42.989528
 20
129.846576
 30
0
  0
SPLINE
  5
5FA
100
AcDbEntity
  8
Layer_1
  6
ByLayer
 62
    1
370
   -1
100
AcDbSpline
210
0
220
0
230
0
 70
 4096
 71
    3
 72
    8
 73
    4
 74
    0
 42
1e-07
 43
1e-07
 40
0
 40
0
 40
0
 40
0
 40
1
 40
1
 40
1
 40
1
 10
42.989528
 20
129.846576
 30
0
 10
42.177495
 20
129.846576
 30
0
 10
41.881038
 20
130.181701
 30
0
 10
41.881038
 20
131.225743
 30
0
  0
LWPOLYLINE
  5
5FB
100
AcDbEntity
  8
Layer_1
  6
ByLayer
 62
    1
370
   -1
100
AcDbPolyline
 90
    2
 70
    0
 43
0
 10
41.881038
 20
131.225743
 10
44.110906
 20
131.225743
  0
LWPOLYLINE
  5
5FC
100
AcDbEntity
  8
Layer_1
  6
ByLayer
 62
    1
370
   -1
100
AcDbPolyline
 90
   13
 70
    1
 43
0
 10
50.310693
 20
135.028119
 10
50.310693
 20
132.630689
 10
49.601775
 20
132.514684
 10
48.299946
 20
135.028119
 10
46.353645
 20
135.028119
 10
48.119494
 20
131.638204
 10
46.443871
 20
128.583415
 10
48.377282
 20
128.583415
 10
49.653333
 20
131.019513
 10
50.310693
 20
131.135517
 10
50.310693
 20
126.005533
 10
52.037874
 20
126.005533
 10
52.037874
 20
135.028119
  0
SPLINE
  5
5FD
100
AcDbEntity
  8
Layer_1
  6
ByLayer
 62
    1
370
   -1
100
AcDbSpline
210
0
220
0
230
0
 70
 4096
 71
    3
 72
    8
 73
    4
 74
    0
 42
1e-07
 43
1e-07
 40
0
 40
0
 40
0
 40
0
 40
1
 40
1
 40
1
 40
1
 10
67.711398
 20
130.20748
 30
0
 10
67.711398
 20
130.20748
 30
0
 10
67.13137500000001
 20
129.97547
 30
0
 10
66.564241
 20
129.97547
 30
0
  0
SPLINE
  5
5FE
100
AcDbEntity
  8
Layer_1
  6
ByLayer
 62
    1
370
   -1
100
AcDbSpline
210
0
220
0
230
0
 70
 4096
 71
    3
 72
    8
 73
    4
 74
    0
 42
1e-07
 43
1e-07
 40
0
 40
0
 40
0
 40
0
 40
1
 40
1
 40
1
 40
1
 10
66.564241
 20
129.97547
 30
0
 10
65.76509799999999
 20
129.97547
 30
0
 10
65.66198199999999
 20
130.555494
 30
0
 10
65.66198199999999
 20
131.715541
 30
0
  0
LWPOLYLINE
  5
5FF
100
AcDbEntity
  8
Layer_1
  6
ByLayer
 62
    1
370
   -1
100
AcDbPolyline
 90
    2
 70
    0
 43
0
 10
67.711398
 20
135.028119
 10
67.711398
 20
130.20748
  0
SPLINE
  5
600
100
AcDbEntity
  8
Layer_1
  6
ByLayer
 62
    1
370
   -1
100
AcDbSpline
210
0
220
0
230
0
 70
 4096
 71
    3
 72
    8
 73
    4
 74
    0
 42
1e-07
 43
1e-07
 40
0
 40
0
 40
0
 40
0
 40
1
 40
1
 40
1
 40
1
 10
63.934802
 20
131.689762
 30
0
 10
63.934802
 20
131.187075
 30
0
 10
63.986359
 20
130.220369
 30
0
 10
63.986359
 20
130.220369
 30
0
  0
SPLINE
  5
601
100
AcDbEntity
  8
Layer_1
  6
ByLayer
 62
    1
370
   -1
100
AcDbSpline
210
0
220
0
230
0
 70
 4096
 71
    3
 72
    8
 73
    4
 74
    0
 42
1e-07
 43
1e-07
 40
0
 40
0
 40
0
 40
0
 40
1
 40
1
 40
1
 40
1
 10
63.986359
 20
130.220369
 30
0
 10
63.986359
 20
130.220369
 30
0
 10
63.303221
 20
129.97547
 30
0
 10
62.787645
 20
129.97547
 30
0
  0
SPLINE
  5
602
100
AcDbEntity
  8
Layer_1
  6
ByLayer
 62
    1
370
   -1
100
AcDbSpline
210
0
220
0
230
0
 70
 4096
 71
    3
 72
    8
 73
    4
 74
    0
 42
1e-07
 43
1e-07
 40
0
 40
0
 40
0
 40
0
 40
1
 40
1
 40
1
 40
1
 10
62.787645
 20
129.97547
 30
0
 10
62.014281
 20
129.97547
 30
0
 10
61.885386
 20
130.607052
 30
0
 10
61.885386
 20
131.586647
 30
0
  0
LWPOLYLINE
  5
603
100
AcDbEntity
  8
Layer_1
  6
ByLayer
 62
    1
370
   -1
100
AcDbPolyline
 90
    4
 70
    0
 43
0
 10
65.66198199999999
 20
131.715541
 10
65.66198199999999
 20
135.028119
 10
63.934802
 20
135.028119
 10
63.934802
 20
131.689762
  0
SPLINE
  5
604
100
AcDbEntity
  8
Layer_1
  6
ByLayer
 62
    1
370
   -1
100
AcDbSpline
210
0
220
0
230
0
 70
 4096
 71
    3
 72
    8
 73
    4
 74
    0
 42
1e-07
 43
1e-07
 40
0
 40
0
 40
0
 40
0
 40
1
 40
1
 40
1
 40
1
 10
60.158206
 20
131.535088
 30
0
 10
60.158206
 20
129.459894
 30
0
 10
60.673782
 20
128.428741
 30
0
 10
62.426741
 20
128.428741
 30
0
  0
SPLINE
  5
605
100
AcDbEntity
  8
Layer_1
  6
ByLayer
 62
    1
370
   -1
100
AcDbSpline
210
0
220
0
230
0
 70
 4096
 71
    3
 72
    8
 73
    4
 74
    0
 42
1e-07
 43
1e-07
 40
0
 40
0
 40
0
 40
0
 40
1
 40
1
 40
1
 40
1
 10
62.426741
 20
128.428741
 30
0
 10
63.406336
 20
128.428741
 30
0
 10
64.592162
 20
129.034544
 30
0
 10
64.592162
 20
129.034544
 30
0
  0
SPLINE
  5
606
100
AcDbEntity
  8
Layer_1
  6
ByLayer
 62
    1
370
   -1
100
AcDbSpline
210
0
220
0
230
0
 70
 4096
 71
    3
 72
    8
 73
    4
 74
    0
 42
1e-07
 43
1e-07
 40
0
 40
0
 40
0
 40
0
 40
1
 40
1
 40
1
 40
1
 10
64.592162
 20
129.034544
 30
0
 10
64.978844
 20
128.622083
 30
0
 10
65.481531
 20
128.428741
 30
0
 10
66.203337
 20
128.428741
 30
0
  0
SPLINE
  5
607
100
AcDbEntity
  8
Layer_1
  6
ByLayer
 62
    1
370
   -1
100
AcDbSpline
210
0
220
0
230
0
 70
 4096
 71
    3
 72
    8
 73
    4
 74
    0
 42
1e-07
 43
1e-07
 40
0
 40
0
 40
0
 40
0
 40
1
 40
1
 40
1
 40
1
 10
66.203337
 20
128.428741
 30
0
 10
66.834918
 20
128.428741
 30
0
 10
67.724287
 20
128.944318
 30
0
 10
67.724287
 20
128.944318
 30
0
  0
LWPOLYLINE
  5
608
100
AcDbEntity
  8
Layer_1
  6
ByLayer
 62
    1
370
   -1
100
AcDbPolyline
 90
    4
 70
    0
 43
0
 10
61.885386
 20
131.586647
 10
61.885386
 20
135.028119
 10
60.158206
 20
135.028119
 10
60.158206
 20
131.535088
  0
SPLINE
  5
609
100
AcDbEntity
  8
Layer_1
  6
ByLayer
 62
    1
370
   -1
100
AcDbSpline
210
0
220
0
230
0
 70
 4096
 71
    3
 72
    8
 73
    4
 74
    0
 42
1e-07
 43
1e-07
 40
0
 40
0
 40
0
 40
0
 40
1
 40
1
 40
1
 40
1
 10
66.27528599999999
 20
138.028906
 30
0
 10
66.84242
 20
138.028906
 30
0
 10
67.667342
 20
138.37692
 30
0
 10
67.667342
 20
138.37692
 30
0
  0
LWPOLYLINE
  5
60A
100
AcDbEntity
  8
Layer_1
  6
ByLayer
 62
    1
370
   -1
100
AcDbPolyline
 90
    5
 70
    0
 43
0
 10
67.724287
 20
128.944318
 10
67.724287
 20
128.583415
 10
69.438579
 20
128.583415
 10
69.438579
 20
135.028119
 10
67.711398
 20
135.028119
  0
SPLINE
  5
60B
100
AcDbEntity
  8
Layer_1
  6
ByLayer
 62
    1
370
   -1
100
AcDbSpline
210
0
220
0
230
0
 70
 4096
 71
    3
 72
    8
 73
    4
 74
    0
 42
1e-07
 43
1e-07
 40
0
 40
0
 40
0
 40
0
 40
1
 40
1
 40
1
 40
1
 10
69.39452199999999
 20
144.602504
 30
0
 10
69.39452199999999
 20
144.602504
 30
0
 10
67.49978
 20
144.782956
 30
0
 10
66.88108800000001
 20
144.782956
 30
0
  0
SPLINE
  5
60C
100
AcDbEntity
  8
Layer_1
  6
ByLayer
 62
    1
370
   -1
100
AcDbSpline
210
0
220
0
230
0
 70
 4096
 71
    3
 72
    8
 73
    4
 74
    0
 42
1e-07
 43
1e-07
 40
0
 40
0
 40
0
 40
0
 40
1
 40
1
 40
1
 40
1
 10
66.88108800000001
 20
144.782956
 30
0
 10
64.61255199999999
 20
144.782956
 30
0
 10
63.671626
 20
144.086928
 30
0
 10
63.671626
 20
141.315706
 30
0
  0
SPLINE
  5
60D
100
AcDbEntity
  8
Layer_1
  6
ByLayer
 62
    1
370
   -1
100
AcDbSpline
210
0
220
0
230
0
 70
 4096
 71
    3
 72
    8
 73
    4
 74
    0
 42
1e-07
 43
1e-07
 40
0
 40
0
 40
0
 40
0
 40
1
 40
1
 40
1
 40
1
 10
63.671626
 20
141.315706
 30
0
 10
63.671626
 20
138.840939
 30
0
 10
64.522327
 20
138.028906
 30
0
 10
66.27528599999999
 20
138.028906
 30
0
  0
LWPOLYLINE
  5
60E
100
AcDbEntity
  8
Layer_1
  6
ByLayer
 62
    1
370
   -1
100
AcDbPolyline
 90
    4
 70
    0
 43
0
 10
67.667342
 20
138.37692
 10
67.667342
 20
135.605698
 10
69.39452199999999
 20
135.605698
 10
69.39452199999999
 20
144.602504
  0
SPLINE
  5
60F
100
AcDbEntity
  8
Layer_1
  6
ByLayer
 62
    1
370
   -1
100
AcDbSpline
210
0
220
0
230
0
 70
 4096
 71
    3
 72
    8
 73
    4
 74
    0
 42
1e-07
 43
1e-07
 40
0
 40
0
 40
0
 40
0
 40
1
 40
1
 40
1
 40
1
 10
66.88108800000001
 20
143.236227
 30
0
 10
67.07442899999999
 20
143.236227
 30
0
 10
67.667342
 20
143.184669
 30
0
 10
67.667342
 20
143.184669
 30
0
  0
SPLINE
  5
610
100
AcDbEntity
  8
Layer_1
  6
ByLayer
 62
    1
370
   -1
100
AcDbSpline
210
0
220
0
230
0
 70
 4096
 71
    3
 72
    8
 73
    4
 74
    0
 42
1e-07
 43
1e-07
 40
0
 40
0
 40
0
 40
0
 40
1
 40
1
 40
1
 40
1
 10
67.667342
 20
139.743198
 30
0
 10
67.667342
 20
139.743198
 30
0
 10
67.02287200000001
 20
139.575635
 30
0
 10
66.507295
 20
139.575635
 30
0
  0
SPLINE
  5
611
100
AcDbEntity
  8
Layer_1
  6
ByLayer
 62
    1
370
   -1
100
AcDbSpline
210
0
220
0
230
0
 70
 4096
 71
    3
 72
    8
 73
    4
 74
    0
 42
1e-07
 43
1e-07
 40
0
 40
0
 40
0
 40
0
 40
1
 40
1
 40
1
 40
1
 10
66.507295
 20
139.575635
 30
0
 10
65.837046
 20
139.575635
 30
0
 10
65.42458499999999
 20
140.013875
 30
0
 10
65.42458499999999
 20
141.315706
 30
0
  0
SPLINE
  5
612
100
AcDbEntity
  8
Layer_1
  6
ByLayer
 62
    1
370
   -1
100
AcDbSpline
210
0
220
0
230
0
 70
 4096
 71
    3
 72
    8
 73
    4
 74
    0
 42
1e-07
 43
1e-07
 40
0
 40
0
 40
0
 40
0
 40
1
 40
1
 40
1
 40
1
 10
65.42458499999999
 20
141.315706
 30
0
 10
65.42458499999999
 20
142.707761
 30
0
 10
65.695263
 20
143.236227
 30
0
 10
66.88108800000001
 20
143.236227
 30
0
  0
LWPOLYLINE
  5
613
100
AcDbEntity
  8
Layer_1
  6
ByLayer
 62
    1
370
   -1
100
AcDbPolyline
 90
    2
 70
    0
 43
0
 10
67.667342
 20
143.184669
 10
67.667342
 20
139.743198
  0
LWPOLYLINE
  5
614
100
AcDbEntity
  8
Layer_1
  6
ByLayer
 62
    1
370
   -1
100
AcDbPolyline
 90
    4
 70
    1
 43
0
 10
37.867037
 20
144.628283
 10
36.010962
 20
144.628283
 10
36.010962
 20
142.488642
 10
37.867037
 20
142.488642
  0
SPLINE
  5
615
100
AcDbEntity
  8
Layer_1
  6
ByLayer
 62
    1
370
   -1
100
AcDbSpline
210
0
220
0
230
0
 70
 4096
 71
    3
 72
    8
 73
    4
 74
    0
 42
1e-07
 43
1e-07
 40
0
 40
0
 40
0
 40
0
 40
1
 40
1
 40
1
 40
1
 10
52.386006
 20
142.140666
 30
0
 10
52.388007
 20
141.950802
 30
0
 10
52.388819
 20
141.760774
 30
0
 10
52.391854
 20
141.571026
 30
0
  0
SPLINE
  5
616
100
AcDbEntity
  8
Layer_1
  6
ByLayer
 62
    1
370
   -1
100
AcDbSpline
210
0
220
0
230
0
 70
 4096
 71
    3
 72
    8
 73
    4
 74
    0
 42
1e-07
 43
1e-07
 40
0
 40
0
 40
0
 40
0
 40
1
 40
1
 40
1
 40
1
 10
52.391854
 20
141.571026
 30
0
 10
52.498443
 20
141.568377
 30
0
 10
52.605097
 20
141.566289
 30
0
 10
52.7117
 20
141.56423
 30
0
  0
SPLINE
  5
617
100
AcDbEntity
  8
Layer_1
  6
ByLayer
 62
    1
370
   -1
100
AcDbSpline
210
0
220
0
230
0
 70
 4096
 71
    3
 72
    8
 73
    4
 74
    0
 42
1e-07
 43
1e-07
 40
0
 40
0
 40
0
 40
0
 40
1
 40
1
 40
1
 40
1
 10
52.7117
 20
141.56423
 30
0
 10
52.875483
 20
141.550741
 30
0
 10
53.04379
 20
141.579635
 30
0
 10
53.203739
 20
141.533265
 30
0
  0
SPLINE
  5
618
100
AcDbEntity
  8
Layer_1
  6
ByLayer
 62
    1
370
   -1
100
AcDbSpline
210
0
220
0
230
0
 70
 4096
 71
    3
 72
    8
 73
    4
 74
    0
 42
1e-07
 43
1e-07
 40
0
 40
0
 40
0
 40
0
 40
1
 40
1
 40
1
 40
1
 10
53.203739
 20
141.533265
 30
0
 10
53.354941
 20
141.508357
 30
0
 10
53.433214
 20
141.359972
 30
0
 10
53.475059
 20
141.22777
 30
0
  0
SPLINE
  5
619
100
AcDbEntity
  8
Layer_1
  6
ByLayer
 62
    1
370
   -1
100
AcDbSpline
210
0
220
0
230
0
 70
 4096
 71
    3
 72
    8
 73
    4
 74
    0
 42
1e-07
 43
1e-07
 40
0
 40
0
 40
0
 40
0
 40
1
 40
1
 40
1
 40
1
 10
53.475059
 20
141.22777
 30
0
 10
53.51355
 20
140.955415
 30
0
 10
53.517388
 20
140.677757
 30
0
 10
53.54303
 20
140.403425
 30
0
  0
SPLINE
  5
61A
100
AcDbEntity
  8
Layer_1
  6
ByLayer
 62
    1
370
   -1
100
AcDbSpline
210
0
220
0
230
0
 70
 4096
 71
    3
 72
    8
 73
    4
 74
    0
 42
1e-07
 43
1e-07
 40
0
 40
0
 40
0
 40
0
 40
1
 40
1
 40
1
 40
1
 10
53.54303
 20
140.403425
 30
0
 10
53.686616
 20
140.40125
 30
0
 10
53.830107
 20
140.401821
 30
0
 10
53.973707
 20
140.402459
 30
0
  0
SPLINE
  5
61B
100
AcDbEntity
  8
Layer_1
  6
ByLayer
 62
    1
370
   -1
100
AcDbSpline
210
0
220
0
230
0
 70
 4096
 71
    3
 72
    8
 73
    4
 74
    0
 42
1e-07
 43
1e-07
 40
0
 40
0
 40
0
 40
0
 40
1
 40
1
 40
1
 40
1
 10
53.973707
 20
140.402459
 30
0
 10
53.959616
 20
140.528462
 30
0
 10
53.952937
 20
140.669293
 30
0
 10
53.952937
 20
140.82596
 30
0
  0
LWPOLYLINE
  5
61C
100
AcDbEntity
  8
Layer_1
  6
ByLayer
 62
    1
370
   -1
100
AcDbPolyline
 90
   13
 70
    1
 43
0
 10
42.700555
 20
144.628283
 10
42.700555
 20
142.230853
 10
41.991639
 20
142.114848
 10
40.689809
 20
144.628283
 10
38.743508
 20
144.628283
 10
40.509357
 20
141.238369
 10
38.833735
 20
138.18358
 10
40.767144
 20
138.18358
 10
42.043196
 20
140.619678
 10
42.700555
 20
140.735682
 10
42.700555
 20
135.605698
 10
44.427737
 20
135.605698
 10
44.427737
 20
144.628283
  0
SPLINE
  5
61D
100
AcDbEntity
  8
Layer_1
  6
ByLayer
 62
    1
370
   -1
100
AcDbSpline
210
0
220
0
230
0
 70
 4096
 71
    3
 72
    8
 73
    4
 74
    0
 42
1e-07
 43
1e-07
 40
0
 40
0
 40
0
 40
0
 40
1
 40
1
 40
1
 40
1
 10
56.182786
 20
140.82596
 30
0
 10
56.169897
 20
139.846366
 30
0
 10
55.886363
 20
139.446701
 30
0
 10
55.061442
 20
139.446701
 30
0
  0
SPLINE
  5
61E
100
AcDbEntity
  8
Layer_1
  6
ByLayer
 62
    1
370
   -1
100
AcDbSpline
210
0
220
0
230
0
 70
 4096
 71
    3
 72
    8
 73
    4
 74
    0
 42
1e-07
 43
1e-07
 40
0
 40
0
 40
0
 40
0
 40
1
 40
1
 40
1
 40
1
 10
55.061442
 20
139.446701
 30
0
 10
54.955505
 20
139.446701
 30
0
 10
54.858415
 20
139.452405
 30
0
 10
54.769541
 20
139.464639
 30
0
  0
SPLINE
  5
61F
100
AcDbEntity
  8
Layer_1
  6
ByLayer
 62
    1
370
   -1
100
AcDbSpline
210
0
220
0
230
0
 70
 4096
 71
    3
 72
    8
 73
    4
 74
    0
 42
1e-07
 43
1e-07
 40
0
 40
0
 40
0
 40
0
 40
1
 40
1
 40
1
 40
1
 10
54.769541
 20
139.464639
 30
0
 10
54.770827
 20
139.396225
 30
0
 10
54.772422
 20
139.327917
 30
0
 10
54.774636
 20
139.259591
 30
0
  0
SPLINE
  5
620
100
AcDbEntity
  8
Layer_1
  6
ByLayer
 62
    1
370
   -1
100
AcDbSpline
210
0
220
0
230
0
 70
 4096
 71
    3
 72
    8
 73
    4
 74
    0
 42
1e-07
 43
1e-07
 40
0
 40
0
 40
0
 40
0
 40
1
 40
1
 40
1
 40
1
 10
54.774636
 20
139.259591
 30
0
 10
54.82569
 20
139.253056
 30
0
 10
54.87726
 20
139.25238
 30
0
 10
54.928516
 20
139.248074
 30
0
  0
SPLINE
  5
621
100
AcDbEntity
  8
Layer_1
  6
ByLayer
 62
    1
370
   -1
100
AcDbSpline
210
0
220
0
230
0
 70
 4096
 71
    3
 72
    8
 73
    4
 74
    0
 42
1e-07
 43
1e-07
 40
0
 40
0
 40
0
 40
0
 40
1
 40
1
 40
1
 40
1
 10
54.928516
 20
139.248074
 30
0
 10
55.075957
 20
139.25544
 30
0
 10
55.217409
 20
139.184153
 30
0
 10
55.324451
 20
139.087963
 30
0
  0
SPLINE
  5
622
100
AcDbEntity
  8
Layer_1
  6
ByLayer
 62
    1
370
   -1
100
AcDbSpline
210
0
220
0
230
0
 70
 4096
 71
    3
 72
    8
 73
    4
 74
    0
 42
1e-07
 43
1e-07
 40
0
 40
0
 40
0
 40
0
 40
1
 40
1
 40
1
 40
1
 10
55.324451
 20
139.087963
 30
0
 10
55.455847
 20
138.912843
 30
0
 10
55.582257
 20
138.731467
 30
0
 10
55.698484
 20
138.545133
 30
0
  0
SPLINE
  5
623
100
AcDbEntity
  8
Layer_1
  6
ByLayer
 62
    1
370
   -1
100
AcDbSpline
210
0
220
0
230
0
 70
 4096
 71
    3
 72
    8
 73
    4
 74
    0
 42
1e-07
 43
1e-07
 40
0
 40
0
 40
0
 40
0
 40
1
 40
1
 40
1
 40
1
 10
55.698484
 20
138.545133
 30
0
 10
55.783789
 20
138.417807
 30
0
 10
55.851504
 20
138.258564
 30
0
 10
55.831406
 20
138.104639
 30
0
  0
SPLINE
  5
624
100
AcDbEntity
  8
Layer_1
  6
ByLayer
 62
    1
370
   -1
100
AcDbSpline
210
0
220
0
230
0
 70
 4096
 71
    3
 72
    8
 73
    4
 74
    0
 42
1e-07
 43
1e-07
 40
0
 40
0
 40
0
 40
0
 40
1
 40
1
 40
1
 40
1
 10
55.831406
 20
138.104639
 30
0
 10
57.206509
 20
138.397668
 30
0
 10
57.910018
 20
139.538756
 30
0
 10
57.910018
 20
141.496047
 30
0
  0
SPLINE
  5
625
100
AcDbEntity
  8
Layer_1
  6
ByLayer
 62
    1
370
   -1
100
AcDbSpline
210
0
220
0
230
0
 70
 4096
 71
    3
 72
    8
 73
    4
 74
    0
 42
1e-07
 43
1e-07
 40
0
 40
0
 40
0
 40
0
 40
1
 40
1
 40
1
 40
1
 10
57.910018
 20
141.496047
 30
0
 10
57.910018
 20
143.81614
 30
0
 10
57.085151
 20
144.782854
 30
0
 10
55.138851
 20
144.782854
 30
0
  0
SPLINE
  5
626
100
AcDbEntity
  8
Layer_1
  6
ByLayer
 62
    1
370
   -1
100
AcDbSpline
210
0
220
0
230
0
 70
 4096
 71
    3
 72
    8
 73
    4
 74
    0
 42
1e-07
 43
1e-07
 40
0
 40
0
 40
0
 40
0
 40
1
 40
1
 40
1
 40
1
 10
55.138851
 20
144.782854
 30
0
 10
53.940136
 20
144.782854
 30
0
 10
52.457746
 20
144.422038
 30
0
 10
52.457746
 20
144.422038
 30
0
  0
LWPOLYLINE
  5
627
100
AcDbEntity
  8
Layer_1
  6
ByLayer
 62
    1
370
   -1
100
AcDbPolyline
 90
    2
 70
    0
 43
0
 10
53.952937
 20
140.82596
 10
56.182786
 20
140.82596
  0
SPLINE
  5
628
100
AcDbEntity
  8
Layer_1
  6
ByLayer
 62
    1
370
   -1
100
AcDbSpline
210
0
220
0
230
0
 70
 4096
 71
    3
 72
    8
 73
    4
 74
    0
 42
1e-07
 43
1e-07
 40
0
 40
0
 40
0
 40
0
 40
1
 40
1
 40
1
 40
1
 10
52.483613
 20
143.146059
 30
0
 10
52.483613
 20
143.146059
 30
0
 10
53.811166
 20
143.261989
 30
0
 10
54.868097
 20
143.261989
 30
0
  0
SPLINE
  5
629
100
AcDbEntity
  8
Layer_1
  6
ByLayer
 62
    1
370
   -1
100
AcDbSpline
210
0
220
0
230
0
 70
 4096
 71
    3
 72
    8
 73
    4
 74
    0
 42
1e-07
 43
1e-07
 40
0
 40
0
 40
0
 40
0
 40
1
 40
1
 40
1
 40
1
 10
54.868097
 20
143.261989
 30
0
 10
55.796135
 20
143.261989
 30
0
 10
56.157053
 20
142.914009
 30
0
 10
56.169943
 20
142.140645
 30
0
  0
LWPOLYLINE
  5
62A
100
AcDbEntity
  8
Layer_1
  6
ByLayer
 62
    1
370
   -1
100
AcDbPolyline
 90
    2
 70
    0
 43
0
 10
52.457746
 20
144.422038
 10
52.483613
 20
143.146059
  0
SPLINE
  5
62B
100
AcDbEntity
  8
Layer_1
  6
ByLayer
 62
    1
370
   -1
100
AcDbSpline
210
0
220
0
230
0
 70
 4096
 71
    3
 72
    8
 73
    4
 74
    0
 42
1e-07
 43
1e-07
 40
0
 40
0
 40
0
 40
0
 40
1
 40
1
 40
1
 40
1
 10
51.256354
 20
143.746685
 30
0
 10
51.260105
 20
143.467605
 30
0
 10
51.256161
 20
143.187751
 30
0
 10
51.257679
 20
142.908369
 30
0
  0
SPLINE
  5
62C
100
AcDbEntity
  8
Layer_1
  6
ByLayer
 62
    1
370
   -1
100
AcDbSpline
210
0
220
0
230
0
 70
 4096
 71
    3
 72
    8
 73
    4
 74
    0
 42
1e-07
 43
1e-07
 40
0
 40
0
 40
0
 40
0
 40
1
 40
1
 40
1
 40
1
 10
51.257679
 20
142.908369
 30
0
 10
51.316045
 20
142.907982
 30
0
 10
51.374362
 20
142.907595
 30
0
 10
51.432707
 20
142.907238
 30
0
  0
SPLINE
  5
62D
100
AcDbEntity
  8
Layer_1
  6
ByLayer
 62
    1
370
   -1
100
AcDbSpline
210
0
220
0
230
0
 70
 4096
 71
    3
 72
    8
 73
    4
 74
    0
 42
1e-07
 43
1e-07
 40
0
 40
0
 40
0
 40
0
 40
1
 40
1
 40
1
 40
1
 10
51.432707
 20
142.907238
 30
0
 10
51.413668
 20
143.225816
 30
0
 10
51.35521
 20
143.506221
 30
0
 10
51.256358
 20
143.746687
 30
0
  0
LWPOLYLINE
  5
62E
100
AcDbEntity
  8
Layer_1
  6
ByLayer
 62
    1
370
   -1
100
AcDbPolyline
 90
    2
 70
    0
 43
0
 10
56.169943
 20
142.140645
 10
52.386006
 20
142.140666
  0
SPLINE
  5
62F
100
AcDbEntity
  8
Layer_1
  6
ByLayer
 62
    1
370
   -1
100
AcDbSpline
210
0
220
0
230
0
 70
 4096
 71
    3
 72
    8
 73
    4
 74
    0
 42
1e-07
 43
1e-07
 40
0
 40
0
 40
0
 40
0
 40
1
 40
1
 40
1
 40
1
 10
50.229793
 20
144.676575
 30
0
 10
50.220223
 20
144.507812
 30
0
 10
50.209578
 20
144.339119
 30
0
 10
50.200904
 20
144.170376
 30
0
  0
SPLINE
  5
630
100
AcDbEntity
  8
Layer_1
  6
ByLayer
 62
    1
370
   -1
100
AcDbSpline
210
0
220
0
230
0
 70
 4096
 71
    3
 72
    8
 73
    4
 74
    0
 42
1e-07
 43
1e-07
 40
0
 40
0
 40
0
 40
0
 40
1
 40
1
 40
1
 40
1
 10
50.200904
 20
144.170376
 30
0
 10
50.294158
 20
144.174088
 30
0
 10
50.387468
 20
144.1778
 30
0
 10
50.480722
 20
144.181515
 30
0
  0
SPLINE
  5
631
100
AcDbEntity
  8
Layer_1
  6
ByLayer
 62
    1
370
   -1
100
AcDbSpline
210
0
220
0
230
0
 70
 4096
 71
    3
 72
    8
 73
    4
 74
    0
 42
1e-07
 43
1e-07
 40
0
 40
0
 40
0
 40
0
 40
1
 40
1
 40
1
 40
1
 10
50.480722
 20
144.181515
 30
0
 10
50.658125
 20
144.178035
 30
0
 10
50.843507
 20
144.228257
 30
0
 10
51.013356
 20
144.156593
 30
0
  0
SPLINE
  5
632
100
AcDbEntity
  8
Layer_1
  6
ByLayer
 62
    1
370
   -1
100
AcDbSpline
210
0
220
0
230
0
 70
 4096
 71
    3
 72
    8
 73
    4
 74
    0
 42
1e-07
 43
1e-07
 40
0
 40
0
 40
0
 40
0
 40
1
 40
1
 40
1
 40
1
 10
51.013356
 20
144.156593
 30
0
 10
51.015608
 20
144.155916
 30
0
 10
51.017745
 20
144.155201
 30
0
 10
51.019968
 20
144.154514
 30
0
  0
SPLINE
  5
633
100
AcDbEntity
  8
Layer_1
  6
ByLayer
 62
    1
370
   -1
100
AcDbSpline
210
0
220
0
230
0
 70
 4096
 71
    3
 72
    8
 73
    4
 74
    0
 42
1e-07
 43
1e-07
 40
0
 40
0
 40
0
 40
0
 40
1
 40
1
 40
1
 40
1
 10
51.019968
 20
144.154514
 30
0
 10
50.825726
 20
144.398792
 30
0
 10
50.563018
 20
144.574176
 30
0
 10
50.229797
 20
144.676574
 30
0
  0
SPLINE
  5
634
100
AcDbEntity
  8
Layer_1
  6
ByLayer
 62
    1
370
   -1
100
AcDbSpline
210
0
220
0
230
0
 70
 4096
 71
    3
 72
    8
 73
    4
 74
    0
 42
1e-07
 43
1e-07
 40
0
 40
0
 40
0
 40
0
 40
1
 40
1
 40
1
 40
1
 10
50.964076
 20
138.382967
 30
0
 10
50.739846
 20
138.775362
 30
0
 10
50.515574
 20
139.167801
 30
0
 10
50.291346
 20
139.560198
 30
0
  0
SPLINE
  5
635
100
AcDbEntity
  8
Layer_1
  6
ByLayer
 62
    1
370
   -1
100
AcDbSpline
210
0
220
0
230
0
 70
 4096
 71
    3
 72
    8
 73
    4
 74
    0
 42
1e-07
 43
1e-07
 40
0
 40
0
 40
0
 40
0
 40
1
 40
1
 40
1
 40
1
 10
50.291346
 20
139.560198
 30
0
 10
49.76299
 20
139.531474
 30
0
 10
49.047961
 20
139.498269
 30
0
 10
48.565243
 20
139.498269
 30
0
  0
SPLINE
  5
636
100
AcDbEntity
  8
Layer_1
  6
ByLayer
 62
    1
370
   -1
100
AcDbSpline
210
0
220
0
230
0
 70
 4096
 71
    3
 72
    8
 73
    4
 74
    0
 42
1e-07
 43
1e-07
 40
0
 40
0
 40
0
 40
0
 40
1
 40
1
 40
1
 40
1
 10
48.565243
 20
139.498269
 30
0
 10
48.049666
 20
139.498269
 30
0
 10
47.804716
 20
139.640167
 30
0
 10
47.804716
 20
140.194411
 30
0
  0
SPLINE
  5
637
100
AcDbEntity
  8
Layer_1
  6
ByLayer
 62
    1
370
   -1
100
AcDbSpline
210
0
220
0
230
0
 70
 4096
 71
    3
 72
    8
 73
    4
 74
    0
 42
1e-07
 43
1e-07
 40
0
 40
0
 40
0
 40
0
 40
1
 40
1
 40
1
 40
1
 10
49.183974
 20
140.697024
 30
0
 10
49.334841
 20
140.707996
 30
0
 10
49.479115
 20
140.722532
 30
0
 10
49.616538
 20
140.741394
 30
0
  0
SPLINE
  5
638
100
AcDbEntity
  8
Layer_1
  6
ByLayer
 62
    1
370
   -1
100
AcDbSpline
210
0
220
0
230
0
 70
 4096
 71
    3
 72
    8
 73
    4
 74
    0
 42
1e-07
 43
1e-07
 40
0
 40
0
 40
0
 40
0
 40
1
 40
1
 40
1
 40
1
 10
49.616538
 20
140.741394
 30
0
 10
49.396955
 20
141.125663
 30
0
 10
49.177363
 20
141.509813
 30
0
 10
48.95778
 20
141.89408
 30
0
  0
LWPOLYLINE
  5
639
100
AcDbEntity
  8
Layer_1
  6
ByLayer
 62
    1
370
   -1
100
AcDbPolyline
 90
    3
 70
    0
 43
0
 10
47.804716
 20
140.194411
 10
47.804716
 20
140.593933
 10
49.183974
 20
140.697024
  0
SPLINE
  5
63A
100
AcDbEntity
  8
Layer_1
  6
ByLayer
 62
    1
370
   -1
100
AcDbSpline
210
0
220
0
230
0
 70
 4096
 71
    3
 72
    8
 73
    4
 74
    0
 42
1e-07
 43
1e-07
 40
0
 40
0
 40
0
 40
0
 40
1
 40
1
 40
1
 40
1
 10
47.804716
 20
143.171759
 30
0
 10
47.804716
 20
143.171759
 30
0
 10
47.956784
 20
143.216016
 30
0
 10
48.175161
 20
143.263521
 30
0
  0
SPLINE
  5
63B
100
AcDbEntity
  8
Layer_1
  6
ByLayer
 62
    1
370
   -1
100
AcDbSpline
210
0
220
0
230
0
 70
 4096
 71
    3
 72
    8
 73
    4
 74
    0
 42
1e-07
 43
1e-07
 40
0
 40
0
 40
0
 40
0
 40
1
 40
1
 40
1
 40
1
 10
48.175161
 20
143.263521
 30
0
 10
48.034947
 20
143.508893
 30
0
 10
47.894897
 20
143.75432
 30
0
 10
47.754681
 20
143.999691
 30
0
  0
SPLINE
  5
63C
100
AcDbEntity
  8
Layer_1
  6
ByLayer
 62
    1
370
   -1
100
AcDbSpline
210
0
220
0
230
0
 70
 4096
 71
    3
 72
    8
 73
    4
 74
    0
 42
1e-07
 43
1e-07
 40
0
 40
0
 40
0
 40
0
 40
1
 40
1
 40
1
 40
1
 10
47.754681
 20
143.999691
 30
0
 10
47.697404
 20
144.11513
 30
0
 10
47.613615
 20
144.220966
 30
0
 10
47.565871
 20
144.340682
 30
0
  0
SPLINE
  5
63D
100
AcDbEntity
  8
Layer_1
  6
ByLayer
 62
    1
370
   -1
100
AcDbSpline
210
0
220
0
230
0
 70
 4096
 71
    3
 72
    8
 73
    4
 74
    0
 42
1e-07
 43
1e-07
 40
0
 40
0
 40
0
 40
0
 40
1
 40
1
 40
1
 40
1
 10
47.565871
 20
144.340682
 30
0
 10
47.553464
 20
144.33492
 30
0
 10
47.54699
 20
144.331808
 30
0
 10
47.54699
 20
144.331808
 30
0
  0
SPLINE
  5
63E
100
AcDbEntity
  8
Layer_1
  6
ByLayer
 62
    1
370
   -1
100
AcDbSpline
210
0
220
0
230
0
 70
 4096
 71
    3
 72
    8
 73
    4
 74
    0
 42
1e-07
 43
1e-07
 40
0
 40
0
 40
0
 40
0
 40
1
 40
1
 40
1
 40
1
 10
47.54699
 20
144.331808
 30
0
 10
47.005635
 20
144.692711
 30
0
 10
46.567415
 20
144.782875
 30
0
 10
45.703825
 20
144.782875
 30
0
  0
LWPOLYLINE
  5
63F
100
AcDbEntity
  8
Layer_1
  6
ByLayer
 62
    1
370
   -1
100
AcDbPolyline
 90
    3
 70
    0
 43
0
 10
48.95778
 20
141.89408
 10
47.804716
 20
141.792689
 10
47.804716
 20
143.171759
  0
SPLINE
  5
640
100
AcDbEntity
  8
Layer_1
  6
ByLayer
 62
    1
370
   -1
100
AcDbSpline
210
0
220
0
230
0
 70
 4096
 71
    3
 72
    8
 73
    4
 74
    0
 42
1e-07
 43
1e-07
 40
0
 40
0
 40
0
 40
0
 40
1
 40
1
 40
1
 40
1
 10
45.65228
 20
143.481218
 30
0
 10
46.000293
 20
143.41677
 30
0
 10
46.051889
 20
143.262008
 30
0
 10
46.077669
 20
142.875326
 30
0
  0
LWPOLYLINE
  5
641
100
AcDbEntity
  8
Layer_1
  6
ByLayer
 62
    1
370
   -1
100
AcDbPolyline
 90
    2
 70
    0
 43
0
 10
45.703825
 20
144.782875
 10
45.65228
 20
143.481218
  0
SPLINE
  5
642
100
AcDbEntity
  8
Layer_1
  6
ByLayer
 62
    1
370
   -1
100
AcDbSpline
210
0
220
0
230
0
 70
 4096
 71
    3
 72
    8
 73
    4
 74
    0
 42
1e-07
 43
1e-07
 40
0
 40
0
 40
0
 40
0
 40
1
 40
1
 40
1
 40
1
 10
46.077669
 20
140.19441
 30
0
 10
46.077669
 20
138.68635
 30
0
 10
46.747822
 20
138.028947
 30
0
 10
48.423446
 20
138.028947
 30
0
  0
SPLINE
  5
643
100
AcDbEntity
  8
Layer_1
  6
ByLayer
 62
    1
370
   -1
100
AcDbSpline
210
0
220
0
230
0
 70
 4096
 71
    3
 72
    8
 73
    4
 74
    0
 42
1e-07
 43
1e-07
 40
0
 40
0
 40
0
 40
0
 40
1
 40
1
 40
1
 40
1
 10
48.423446
 20
138.028947
 30
0
 10
49.488804
 20
138.028947
 30
0
 10
50.659223
 20
138.305923
 30
0
 10
50.964076
 20
138.382966
 30
0
  0
LWPOLYLINE
  5
644
100
AcDbEntity
  8
Layer_1
  6
ByLayer
 62
    1
370
   -1
100
AcDbPolyline
 90
    2
 70
    0
 43
0
 10
46.077669
 20
142.875326
 10
46.077669
 20
140.19441
  0
SPLINE
  5
645
100
AcDbEntity
  8
Layer_1
  6
ByLayer
 62
    1
370
   -1
100
AcDbSpline
210
0
220
0
230
0
 70
 4096
 71
    3
 72
    8
 73
    4
 74
    0
 42
1e-07
 43
1e-07
 40
0
 40
0
 40
0
 40
0
 40
1
 40
1
 40
1
 40
1
 10
56.033628
 20
128.428706
 30
0
 10
57.271011
 20
128.428706
 30
0
 10
58.650159
 20
128.80255
 30
0
 10
58.650159
 20
128.80255
 30
0
  0
SPLINE
  5
646
100
AcDbEntity
  8
Layer_1
  6
ByLayer
 62
    1
370
   -1
100
AcDbSpline
210
0
220
0
230
0
 70
 4096
 71
    3
 72
    8
 73
    4
 74
    0
 42
1e-07
 43
1e-07
 40
0
 40
0
 40
0
 40
0
 40
1
 40
1
 40
1
 40
1
 10
58.598614
 20
130.001306
 30
0
 10
58.598614
 20
130.001306
 30
0
 10
57.026126
 20
129.898216
 30
0
 10
56.175426
 20
129.898216
 30
0
  0
SPLINE
  5
647
100
AcDbEntity
  8
Layer_1
  6
ByLayer
 62
    1
370
   -1
100
AcDbSpline
210
0
220
0
230
0
 70
 4096
 71
    3
 72
    8
 73
    4
 74
    0
 42
1e-07
 43
1e-07
 40
0
 40
0
 40
0
 40
0
 40
1
 40
1
 40
1
 40
1
 10
56.175426
 20
129.898216
 30
0
 10
55.659849
 20
129.898216
 30
0
 10
55.414898
 20
130.039926
 30
0
 10
55.414898
 20
130.59417
 30
0
  0
LWPOLYLINE
  5
648
100
AcDbEntity
  8
Layer_1
  6
ByLayer
 62
    1
370
   -1
100
AcDbPolyline
 90
    2
 70
    0
 43
0
 10
58.650159
 20
128.80255
 10
58.598614
 20
130.001306
  0
SPLINE
  5
649
100
AcDbEntity
  8
Layer_1
  6
ByLayer
 62
    1
370
   -1
100
AcDbSpline
210
0
220
0
230
0
 70
 4096
 71
    3
 72
    8
 73
    4
 74
    0
 42
1e-07
 43
1e-07
 40
0
 40
0
 40
0
 40
0
 40
1
 40
1
 40
1
 40
1
 10
56.794156
 20
131.096782
 30
0
 10
58.211991
 20
131.199898
 30
0
 10
59.049682
 20
131.612401
 30
0
 10
59.049682
 20
133.068904
 30
0
  0
SPLINE
  5
64A
100
AcDbEntity
  8
Layer_1
  6
ByLayer
 62
    1
370
   -1
100
AcDbSpline
210
0
220
0
230
0
 70
 4096
 71
    3
 72
    8
 73
    4
 74
    0
 42
1e-07
 43
1e-07
 40
0
 40
0
 40
0
 40
0
 40
1
 40
1
 40
1
 40
1
 10
59.049682
 20
133.068904
 30
0
 10
59.049682
 20
134.435182
 30
0
 10
58.405269
 20
135.182823
 30
0
 10
57.051882
 20
135.182823
 30
0
  0
SPLINE
  5
64B
100
AcDbEntity
  8
Layer_1
  6
ByLayer
 62
    1
370
   -1
100
AcDbSpline
210
0
220
0
230
0
 70
 4096
 71
    3
 72
    8
 73
    4
 74
    0
 42
1e-07
 43
1e-07
 40
0
 40
0
 40
0
 40
0
 40
1
 40
1
 40
1
 40
1
 10
57.051882
 20
135.182823
 30
0
 10
56.994098
 20
135.182823
 30
0
 10
56.936438
 20
135.181131
 30
0
 10
56.87912
 20
135.178106
 30
0
  0
SPLINE
  5
64C
100
AcDbEntity
  8
Layer_1
  6
ByLayer
 62
    1
370
   -1
100
AcDbSpline
210
0
220
0
230
0
 70
 4096
 71
    3
 72
    8
 73
    4
 74
    0
 42
1e-07
 43
1e-07
 40
0
 40
0
 40
0
 40
0
 40
1
 40
1
 40
1
 40
1
 10
56.87912
 20
135.178106
 30
0
 10
56.802981
 20
135.151223
 30
0
 10
56.719046
 20
135.1452
 30
0
 10
56.63782
 20
135.157337
 30
0
  0
SPLINE
  5
64D
100
AcDbEntity
  8
Layer_1
  6
ByLayer
 62
    1
370
   -1
100
AcDbSpline
210
0
220
0
230
0
 70
 4096
 71
    3
 72
    8
 73
    4
 74
    0
 42
1e-07
 43
1e-07
 40
0
 40
0
 40
0
 40
0
 40
1
 40
1
 40
1
 40
1
 10
56.63782
 20
135.157337
 30
0
 10
56.436541
 20
135.133374
 30
0
 10
56.242945
 20
135.094526
 30
0
 10
56.065914
 20
135.049904
 30
0
  0
SPLINE
  5
64E
100
AcDbEntity
  8
Layer_1
  6
ByLayer
 62
    1
370
   -1
100
AcDbSpline
210
0
220
0
230
0
 70
 4096
 71
    3
 72
    8
 73
    4
 74
    0
 42
1e-07
 43
1e-07
 40
0
 40
0
 40
0
 40
0
 40
1
 40
1
 40
1
 40
1
 10
56.065914
 20
135.049904
 30
0
 10
56.056866
 20
135.044306
 30
0
 10
56.047932
 20
135.038861
 30
0
 10
56.038915
 20
135.033477
 30
0
  0
SPLINE
  5
64F
100
AcDbEntity
  8
Layer_1
  6
ByLayer
 62
    1
370
   -1
100
AcDbSpline
210
0
220
0
230
0
 70
 4096
 71
    3
 72
    8
 73
    4
 74
    0
 42
1e-07
 43
1e-07
 40
0
 40
0
 40
0
 40
0
 40
1
 40
1
 40
1
 40
1
 10
56.038915
 20
135.033477
 30
0
 10
55.673768
 20
134.784421
 30
0
 10
55.275502
 20
134.583174
 30
0
 10
54.935698
 20
134.297874
 30
0
  0
SPLINE
  5
650
100
AcDbEntity
  8
Layer_1
  6
ByLayer
 62
    1
370
   -1
100
AcDbSpline
210
0
220
0
230
0
 70
 4096
 71
    3
 72
    8
 73
    4
 74
    0
 42
1e-07
 43
1e-07
 40
0
 40
0
 40
0
 40
0
 40
1
 40
1
 40
1
 40
1
 10
54.935698
 20
134.297874
 30
0
 10
54.920123
 20
134.246512
 30
0
 10
54.937428
 20
134.180119
 30
0
 10
54.927578
 20
134.123223
 30
0
  0
SPLINE
  5
651
100
AcDbEntity
  8
Layer_1
  6
ByLayer
 62
    1
370
   -1
100
AcDbSpline
210
0
220
0
230
0
 70
 4096
 71
    3
 72
    8
 73
    4
 74
    0
 42
1e-07
 43
1e-07
 40
0
 40
0
 40
0
 40
0
 40
1
 40
1
 40
1
 40
1
 10
54.927578
 20
134.123223
 30
0
 10
54.94181
 20
133.779431
 30
0
 10
54.648505
 20
133.462871
 30
0
 10
54.306581
 20
133.44313
 30
0
  0
SPLINE
  5
652
100
AcDbEntity
  8
Layer_1
  6
ByLayer
 62
    1
370
   -1
100
AcDbSpline
210
0
220
0
230
0
 70
 4096
 71
    3
 72
    8
 73
    4
 74
    0
 42
1e-07
 43
1e-07
 40
0
 40
0
 40
0
 40
0
 40
1
 40
1
 40
1
 40
1
 10
54.306581
 20
133.44313
 30
0
 10
54.291598
 20
133.44226
 30
0
 10
54.276776
 20
133.442163
 30
0
 10
54.262022
 20
133.442743
 30
0
  0
SPLINE
  5
653
100
AcDbEntity
  8
Layer_1
  6
ByLayer
 62
    1
370
   -1
100
AcDbSpline
210
0
220
0
230
0
 70
 4096
 71
    3
 72
    8
 73
    4
 74
    0
 42
1e-07
 43
1e-07
 40
0
 40
0
 40
0
 40
0
 40
1
 40
1
 40
1
 40
1
 10
54.262022
 20
133.442743
 30
0
 10
54.040712
 20
133.451037
 30
0
 10
53.84744
 20
133.614581
 30
0
 10
53.754501
 20
133.809601
 30
0
  0
SPLINE
  5
654
100
AcDbEntity
  8
Layer_1
  6
ByLayer
 62
    1
370
   -1
100
AcDbSpline
210
0
220
0
230
0
 70
 4096
 71
    3
 72
    8
 73
    4
 74
    0
 42
1e-07
 43
1e-07
 40
0
 40
0
 40
0
 40
0
 40
1
 40
1
 40
1
 40
1
 10
53.754501
 20
133.809601
 30
0
 10
53.685354
 20
133.996795
 30
0
 10
53.582295
 20
134.168806
 30
0
 10
53.488467
 20
134.344689
 30
0
  0
SPLINE
  5
655
100
AcDbEntity
  8
Layer_1
  6
ByLayer
 62
    1
370
   -1
100
AcDbSpline
210
0
220
0
230
0
 70
 4096
 71
    3
 72
    8
 73
    4
 74
    0
 42
1e-07
 43
1e-07
 40
0
 40
0
 40
0
 40
0
 40
1
 40
1
 40
1
 40
1
 10
53.488467
 20
134.344689
 30
0
 10
53.424841
 20
134.459002
 30
0
 10
53.35989
 20
134.572571
 30
0
 10
53.294182
 20
134.68568
 30
0
  0
LWPOLYLINE
  5
656
100
AcDbEntity
  8
Layer_1
  6
ByLayer
 62
    1
370
   -1
100
AcDbPolyline
 90
    3
 70
    0
 43
0
 10
55.414898
 20
130.59417
 10
55.414898
 20
130.993692
 10
56.794156
 20
131.096782
  0
SPLINE
  5
657
100
AcDbEntity
  8
Layer_1
  6
ByLayer
 62
    1
370
   -1
100
AcDbSpline
210
0
220
0
230
0
 70
 4096
 71
    3
 72
    8
 73
    4
 74
    0
 42
1e-07
 43
1e-07
 40
0
 40
0
 40
0
 40
0
 40
1
 40
1
 40
1
 40
1
 10
53.262272
 20
133.880972
 30
0
 10
53.610286
 20
133.816524
 30
0
 10
53.661882
 20
133.661762
 30
0
 10
53.687662
 20
133.27508
 30
0
  0
LWPOLYLINE
  5
658
100
AcDbEntity
  8
Layer_1
  6
ByLayer
 62
    1
370
   -1
100
AcDbPolyline
 90
    2
 70
    0
 43
0
 10
53.294182
 20
134.68568
 10
53.262272
 20
133.880972
  0
SPLINE
  5
659
100
AcDbEntity
  8
Layer_1
  6
ByLayer
 62
    1
370
   -1
100
AcDbSpline
210
0
220
0
230
0
 70
 4096
 71
    3
 72
    8
 73
    4
 74
    0
 42
1e-07
 43
1e-07
 40
0
 40
0
 40
0
 40
0
 40
1
 40
1
 40
1
 40
1
 10
53.687662
 20
130.594165
 30
0
 10
53.687662
 20
129.086104
 30
0
 10
54.358005
 20
128.428701
 30
0
 10
56.033628
 20
128.4287
 30
0
  0
LWPOLYLINE
  5
65A
100
AcDbEntity
  8
Layer_1
  6
ByLayer
 62
    1
370
   -1
100
AcDbPolyline
 90
    2
 70
    0
 43
0
 10
53.687662
 20
133.27508
 10
53.687662
 20
130.594165
  0
SPLINE
  5
65B
100
AcDbEntity
  8
Layer_1
  6
ByLayer
 62
    1
370
   -1
100
AcDbSpline
210
0
220
0
230
0
 70
 4096
 71
    3
 72
    8
 73
    4
 74
    0
 42
1e-07
 43
1e-07
 40
0
 40
0
 40
0
 40
0
 40
1
 40
1
 40
1
 40
1
 10
55.414898
 20
133.571707
 30
0
 10
55.414898
 20
133.571707
 30
0
 10
56.123793
 20
133.777887
 30
0
 10
56.678037
 20
133.777887
 30
0
  0
SPLINE
  5
65C
100
AcDbEntity
  8
Layer_1
  6
ByLayer
 62
    1
370
   -1
100
AcDbSpline
210
0
220
0
230
0
 70
 4096
 71
    3
 72
    8
 73
    4
 74
    0
 42
1e-07
 43
1e-07
 40
0
 40
0
 40
0
 40
0
 40
1
 40
1
 40
1
 40
1
 10
56.678037
 20
133.777887
 30
0
 10
57.142055
 20
133.777887
 30
0
 10
57.309607
 20
133.468488
 30
0
 10
57.309607
 20
133.01736
 30
0
  0
SPLINE
  5
65D
100
AcDbEntity
  8
Layer_1
  6
ByLayer
 62
    1
370
   -1
100
AcDbSpline
210
0
220
0
230
0
 70
 4096
 71
    3
 72
    8
 73
    4
 74
    0
 42
1e-07
 43
1e-07
 40
0
 40
0
 40
0
 40
0
 40
1
 40
1
 40
1
 40
1
 10
57.309607
 20
133.01736
 30
0
 10
57.309607
 20
132.553341
 30
0
 10
57.038914
 20
132.334206
 30
0
 10
56.587786
 20
132.295538
 30
0
  0
LWPOLYLINE
  5
65E
100
AcDbEntity
  8
Layer_1
  6
ByLayer
 62
    1
370
   -1
100
AcDbPolyline
 90
    2
 70
    0
 43
0
 10
55.414898
 20
132.192448
 10
55.414898
 20
133.571707
  0
SPLINE
  5
65F
100
AcDbEntity
  8
Layer_1
  6
ByLayer
 62
    1
370
   -1
100
AcDbSpline
210
0
220
0
230
0
 70
 4096
 71
    3
 72
    8
 73
    4
 74
    0
 42
1e-07
 43
1e-07
 40
0
 40
0
 40
0
 40
0
 40
1
 40
1
 40
1
 40
1
 10
58.606167
 20
138.028948
 30
0
 10
59.585761
 20
138.222289
 30
0
 10
60.668351
 20
138.866698
 30
0
 10
60.668351
 20
138.866698
 30
0
  0
LWPOLYLINE
  5
660
100
AcDbEntity
  8
Layer_1
  6
ByLayer
 62
    1
370
   -1
100
AcDbPolyline
 90
    2
 70
    0
 43
0
 10
56.587786
 20
132.295538
 10
55.414898
 20
132.192448
  0
SPLINE
  5
661
100
AcDbEntity
  8
Layer_1
  6
ByLayer
 62
    1
370
   -1
100
AcDbSpline
210
0
220
0
230
0
 70
 4096
 71
    3
 72
    8
 73
    4
 74
    0
 42
1e-07
 43
1e-07
 40
0
 40
0
 40
0
 40
0
 40
1
 40
1
 40
1
 40
1
 10
62.382747
 20
144.04746
 30
0
 10
62.194129
 20
144.027646
 30
0
 10
62.004583
 20
144.016115
 30
0
 10
61.814996
 20
144.013097
 30
0
  0
SPLINE
  5
662
100
AcDbEntity
  8
Layer_1
  6
ByLayer
 62
    1
370
   -1
100
AcDbSpline
210
0
220
0
230
0
 70
 4096
 71
    3
 72
    8
 73
    4
 74
    0
 42
1e-07
 43
1e-07
 40
0
 40
0
 40
0
 40
0
 40
1
 40
1
 40
1
 40
1
 10
61.814996
 20
144.013097
 30
0
 10
61.426807
 20
144.006755
 30
0
 10
61.038281
 20
144.036144
 30
0
 10
60.655512
 20
144.099949
 30
0
  0
LWPOLYLINE
  5
663
100
AcDbEntity
  8
Layer_1
  6
ByLayer
 62
    1
370
   -1
100
AcDbPolyline
 90
    4
 70
    0
 43
0
 10
60.668351
 20
138.866698
 10
60.668351
 20
138.183583
 10
62.382747
 20
138.183583
 10
62.382747
 20
144.04746
  0
SPLINE
  5
664
100
AcDbEntity
  8
Layer_1
  6
ByLayer
 62
    1
370
   -1
100
AcDbSpline
210
0
220
0
230
0
 70
 4096
 71
    3
 72
    8
 73
    4
 74
    0
 42
1e-07
 43
1e-07
 40
0
 40
0
 40
0
 40
0
 40
1
 40
1
 40
1
 40
1
 10
60.655512
 20
140.310341
 30
0
 10
60.655512
 20
140.310341
 30
0
 10
59.740434
 20
139.988142
 30
0
 10
58.606167
 20
139.769022
 30
0
  0
LWPOLYLINE
  5
665
100
AcDbEntity
  8
Layer_1
  6
ByLayer
 62
    1
370
   -1
100
AcDbPolyline
 90
    2
 70
    0
 43
0
 10
60.655512
 20
144.099949
 10
60.655512
 20
140.310341
  0
SPLINE
  5
666
100
AcDbEntity
  8
Layer_1
  6
ByLayer
 62
    1
370
   -1
100
AcDbSpline
210
0
220
0
230
0
 70
 4096
 71
    3
 72
    8
 73
    4
 74
    0
 42
1e-07
 43
1e-07
 40
0
 40
0
 40
0
 40
0
 40
1
 40
1
 40
1
 40
1
 10
66.888457
 20
146.930067
 30
0
 10
68.80897899999999
 20
146.930067
 30
0
 10
69.60812199999999
 20
147.96122
 30
0
 10
69.60812199999999
 20
150.242645
 30
0
  0
SPLINE
  5
667
100
AcDbEntity
  8
Layer_1
  6
ByLayer
 62
    1
370
   -1
100
AcDbSpline
210
0
220
0
230
0
 70
 4096
 71
    3
 72
    8
 73
    4
 74
    0
 42
1e-07
 43
1e-07
 40
0
 40
0
 40
0
 40
0
 40
1
 40
1
 40
1
 40
1
 10
69.60812199999999
 20
150.242645
 30
0
 10
69.60812199999999
 20
152.665854
 30
0
 10
68.84764699999999
 20
153.684117
 30
0
 10
66.927126
 20
153.684117
 30
0
  0
SPLINE
  5
668
100
AcDbEntity
  8
Layer_1
  6
ByLayer
 62
    1
370
   -1
100
AcDbSpline
210
0
220
0
230
0
 70
 4096
 71
    3
 72
    8
 73
    4
 74
    0
 42
1e-07
 43
1e-07
 40
0
 40
0
 40
0
 40
0
 40
1
 40
1
 40
1
 40
1
 10
66.927126
 20
153.684117
 30
0
 10
66.205319
 20
153.684117
 30
0
 10
64.82615199999999
 20
153.41344
 30
0
 10
64.82615199999999
 20
153.41344
 30
0
  0
LWPOLYLINE
  5
669
100
AcDbEntity
  8
Layer_1
  6
ByLayer
 62
    1
370
   -1
100
AcDbPolyline
 90
    2
 70
    0
 43
0
 10
58.606167
 20
139.769022
 10
58.606167
 20
138.028948
  0
SPLINE
  5
66A
100
AcDbEntity
  8
Layer_1
  6
ByLayer
 62
    1
370
   -1
100
AcDbSpline
210
0
220
0
230
0
 70
 4096
 71
    3
 72
    8
 73
    4
 74
    0
 42
1e-07
 43
1e-07
 40
0
 40
0
 40
0
 40
0
 40
1
 40
1
 40
1
 40
1
 10
64.87770999999999
 20
152.034273
 30
0
 10
64.87770999999999
 20
152.034273
 30
0
 10
65.883084
 20
152.137388
 30
0
 10
66.37288100000001
 20
152.137388
 30
0
  0
SPLINE
  5
66B
100
AcDbEntity
  8
Layer_1
  6
ByLayer
 62
    1
370
   -1
100
AcDbSpline
210
0
220
0
230
0
 70
 4096
 71
    3
 72
    8
 73
    4
 74
    0
 42
1e-07
 43
1e-07
 40
0
 40
0
 40
0
 40
0
 40
1
 40
1
 40
1
 40
1
 10
66.37288100000001
 20
152.137388
 30
0
 10
67.610264
 20
152.137388
 30
0
 10
67.855163
 20
151.686259
 30
0
 10
67.855163
 20
150.242645
 30
0
  0
SPLINE
  5
66C
100
AcDbEntity
  8
Layer_1
  6
ByLayer
 62
    1
370
   -1
100
AcDbSpline
210
0
220
0
230
0
 70
 4096
 71
    3
 72
    8
 73
    4
 74
    0
 42
1e-07
 43
1e-07
 40
0
 40
0
 40
0
 40
0
 40
1
 40
1
 40
1
 40
1
 10
67.855163
 20
150.242645
 30
0
 10
67.855163
 20
148.953704
 30
0
 10
67.623154
 20
148.476796
 30
0
 10
66.38577100000001
 20
148.476796
 30
0
  0
SPLINE
  5
66D
100
AcDbEntity
  8
Layer_1
  6
ByLayer
 62
    1
370
   -1
100
AcDbSpline
210
0
220
0
230
0
 70
 4096
 71
    3
 72
    8
 73
    4
 74
    0
 42
1e-07
 43
1e-07
 40
0
 40
0
 40
0
 40
0
 40
1
 40
1
 40
1
 40
1
 10
66.38577100000001
 20
148.476796
 30
0
 10
65.895973
 20
148.476796
 30
0
 10
64.87770999999999
 20
148.579912
 30
0
 10
64.87770999999999
 20
148.579912
 30
0
  0
LWPOLYLINE
  5
66E
100
AcDbEntity
  8
Layer_1
  6
ByLayer
 62
    1
370
   -1
100
AcDbPolyline
 90
    2
 70
    0
 43
0
 10
64.82615199999999
 20
153.41344
 10
64.87770999999999
 20
152.034273
  0
SPLINE
  5
66F
100
AcDbEntity
  8
Layer_1
  6
ByLayer
 62
    1
370
   -1
100
AcDbSpline
210
0
220
0
230
0
 70
 4096
 71
    3
 72
    8
 73
    4
 74
    0
 42
1e-07
 43
1e-07
 40
0
 40
0
 40
0
 40
0
 40
1
 40
1
 40
1
 40
1
 10
64.82615199999999
 20
147.213635
 30
0
 10
64.82615199999999
 20
147.213635
 30
0
 10
66.140872
 20
146.930067
 30
0
 10
66.888457
 20
146.930067
 30
0
  0
LWPOLYLINE
  5
670
100
AcDbEntity
  8
Layer_1
  6
ByLayer
 62
    1
370
   -1
100
AcDbPolyline
 90
    2
 70
    0
 43
0
 10
64.87770999999999
 20
148.579912
 10
64.82615199999999
 20
147.213635
  0
SPLINE
  5
671
100
AcDbEntity
  8
Layer_1
  6
ByLayer
 62
    1
370
   -1
100
AcDbSpline
210
0
220
0
230
0
 70
 4096
 71
    3
 72
    8
 73
    4
 74
    0
 42
1e-07
 43
1e-07
 40
0
 40
0
 40
0
 40
0
 40
1
 40
1
 40
1
 40
1
 10
38.183761
 20
152.163167
 30
0
 10
39.111799
 20
152.163167
 30
0
 10
39.472702
 20
151.815153
 30
0
 10
39.485591
 20
151.041789
 30
0
  0
LWPOLYLINE
  5
672
100
AcDbEntity
  8
Layer_1
  6
ByLayer
 62
    1
370
   -1
100
AcDbPolyline
 90
    4
 70
    1
 43
0
 10
34.40716
 20
153.529445
 10
32.551085
 20
153.529445
 10
32.551085
 20
151.389803
 10
34.40716
 20
151.389803
  0
SPLINE
  5
673
100
AcDbEntity
  8
Layer_1
  6
ByLayer
 62
    1
370
   -1
100
AcDbSpline
210
0
220
0
230
0
 70
 4096
 71
    3
 72
    8
 73
    4
 74
    0
 42
1e-07
 43
1e-07
 40
0
 40
0
 40
0
 40
0
 40
1
 40
1
 40
1
 40
1
 10
35.567211
 20
149.843074
 30
0
 10
35.567211
 20
147.896773
 30
0
 10
36.482359
 20
146.930067
 30
0
 10
38.377102
 20
146.930067
 30
0
  0
SPLINE
  5
674
100
AcDbEntity
  8
Layer_1
  6
ByLayer
 62
    1
370
   -1
100
AcDbSpline
210
0
220
0
230
0
 70
 4096
 71
    3
 72
    8
 73
    4
 74
    0
 42
1e-07
 43
1e-07
 40
0
 40
0
 40
0
 40
0
 40
1
 40
1
 40
1
 40
1
 10
38.377102
 20
146.930067
 30
0
 10
40.258955
 20
146.930067
 30
0
 10
41.225661
 20
148.103004
 30
0
 10
41.225661
 20
150.397318
 30
0
  0
SPLINE
  5
675
100
AcDbEntity
  8
Layer_1
  6
ByLayer
 62
    1
370
   -1
100
AcDbSpline
210
0
220
0
230
0
 70
 4096
 71
    3
 72
    8
 73
    4
 74
    0
 42
1e-07
 43
1e-07
 40
0
 40
0
 40
0
 40
0
 40
1
 40
1
 40
1
 40
1
 10
41.225661
 20
150.397318
 30
0
 10
41.225661
 20
152.717412
 30
0
 10
40.400739
 20
153.684117
 30
0
 10
38.454438
 20
153.684117
 30
0
  0
SPLINE
  5
676
100
AcDbEntity
  8
Layer_1
  6
ByLayer
 62
    1
370
   -1
100
AcDbSpline
210
0
220
0
230
0
 70
 4096
 71
    3
 72
    8
 73
    4
 74
    0
 42
1e-07
 43
1e-07
 40
0
 40
0
 40
0
 40
0
 40
1
 40
1
 40
1
 40
1
 10
38.454438
 20
153.684117
 30
0
 10
37.255723
 20
153.684117
 30
0
 10
35.773442
 20
153.323214
 30
0
 10
35.773442
 20
153.323214
 30
0
  0
LWPOLYLINE
  5
677
100
AcDbEntity
  8
Layer_1
  6
ByLayer
 62
    1
370
   -1
100
AcDbPolyline
 90
    3
 70
    0
 43
0
 10
39.485591
 20
151.041789
 10
35.696105
 20
151.041789
 10
35.567211
 20
149.843074
  0
SPLINE
  5
678
100
AcDbEntity
  8
Layer_1
  6
ByLayer
 62
    1
370
   -1
100
AcDbSpline
210
0
220
0
230
0
 70
 4096
 71
    3
 72
    8
 73
    4
 74
    0
 42
1e-07
 43
1e-07
 40
0
 40
0
 40
0
 40
0
 40
1
 40
1
 40
1
 40
1
 10
35.799221
 20
152.047162
 30
0
 10
35.799221
 20
152.047162
 30
0
 10
37.126829
 20
152.163167
 30
0
 10
38.183761
 20
152.163167
 30
0
  0
LWPOLYLINE
  5
679
100
AcDbEntity
  8
Layer_1
  6
ByLayer
 62
    1
370
   -1
100
AcDbPolyline
 90
    2
 70
    0
 43
0
 10
35.773442
 20
153.323214
 10
35.799221
 20
152.047162
  0
SPLINE
  5
67A
100
AcDbEntity
  8
Layer_1
  6
ByLayer
 62
    1
370
   -1
100
AcDbSpline
210
0
220
0
230
0
 70
 4096
 71
    3
 72
    8
 73
    4
 74
    0
 42
1e-07
 43
1e-07
 40
0
 40
0
 40
0
 40
0
 40
1
 40
1
 40
1
 40
1
 10
39.49848
 20
149.727069
 30
0
 10
39.485591
 20
148.747475
 30
0
 10
39.202025
 20
148.347902
 30
0
 10
38.377102
 20
148.347902
 30
0
  0
SPLINE
  5
67B
100
AcDbEntity
  8
Layer_1
  6
ByLayer
 62
    1
370
   -1
100
AcDbSpline
210
0
220
0
230
0
 70
 4096
 71
    3
 72
    8
 73
    4
 74
    0
 42
1e-07
 43
1e-07
 40
0
 40
0
 40
0
 40
0
 40
1
 40
1
 40
1
 40
1
 10
38.377102
 20
148.347902
 30
0
 10
37.56507
 20
148.347902
 30
0
 10
37.268613
 20
148.683027
 30
0
 10
37.268613
 20
149.727069
 30
0
  0
LWPOLYLINE
  5
67C
100
AcDbEntity
  8
Layer_1
  6
ByLayer
 62
    1
370
   -1
100
AcDbPolyline
 90
    2
 70
    0
 43
0
 10
37.268613
 20
149.727069
 10
39.49848
 20
149.727069
  0
SPLINE
  5
67D
100
AcDbEntity
  8
Layer_1
  6
ByLayer
 62
    1
370
   -1
100
AcDbSpline
210
0
220
0
230
0
 70
 4096
 71
    3
 72
    8
 73
    4
 74
    0
 42
1e-07
 43
1e-07
 40
0
 40
0
 40
0
 40
0
 40
1
 40
1
 40
1
 40
1
 10
45.337384
 20
151.235129
 30
0
 10
45.337384
 20
153.091205
 30
0
 10
44.886255
 20
153.684117
 30
0
 10
43.326637
 20
153.684117
 30
0
  0
SPLINE
  5
67E
100
AcDbEntity
  8
Layer_1
  6
ByLayer
 62
    1
370
   -1
100
AcDbSpline
210
0
220
0
230
0
 70
 4096
 71
    3
 72
    8
 73
    4
 74
    0
 42
1e-07
 43
1e-07
 40
0
 40
0
 40
0
 40
0
 40
1
 40
1
 40
1
 40
1
 10
43.326637
 20
153.684117
 30
0
 10
42.875507
 20
153.684117
 30
0
 10
42.011917
 20
153.490776
 30
0
 10
42.011917
 20
153.490776
 30
0
  0
LWPOLYLINE
  5
67F
100
AcDbEntity
  8
Layer_1
  6
ByLayer
 62
    1
370
   -1
100
AcDbPolyline
 90
   10
 70
    0
 43
0
 10
42.024807
 20
148.554133
 10
42.024807
 20
147.084741
 10
43.610202
 20
147.084741
 10
43.610202
 20
145.293113
 10
45.337384
 20
145.293113
 10
45.337384
 20
147.084741
 10
46.097858
 20
147.084741
 10
46.097858
 20
148.554133
 10
45.337384
 20
148.554133
 10
45.337384
 20
151.235129
  0
SPLINE
  5
680
100
AcDbEntity
  8
Layer_1
  6
ByLayer
 62
    1
370
   -1
100
AcDbSpline
210
0
220
0
230
0
 70
 4096
 71
    3
 72
    8
 73
    4
 74
    0
 42
1e-07
 43
1e-07
 40
0
 40
0
 40
0
 40
0
 40
1
 40
1
 40
1
 40
1
 10
42.089254
 20
152.11161
 30
0
 10
42.089254
 20
152.11161
 30
0
 10
42.707945
 20
152.137388
 30
0
 10
43.068849
 20
152.137388
 30
0
  0
SPLINE
  5
681
100
AcDbEntity
  8
Layer_1
  6
ByLayer
 62
    1
370
   -1
100
AcDbSpline
210
0
220
0
230
0
 70
 4096
 71
    3
 72
    8
 73
    4
 74
    0
 42
1e-07
 43
1e-07
 40
0
 40
0
 40
0
 40
0
 40
1
 40
1
 40
1
 40
1
 10
43.068849
 20
152.137388
 30
0
 10
43.610203
 20
152.137388
 30
0
 10
43.610203
 20
151.840932
 30
0
 10
43.610203
 20
151.196462
 30
0
  0
LWPOLYLINE
  5
682
100
AcDbEntity
  8
Layer_1
  6
ByLayer
 62
    1
370
   -1
100
AcDbPolyline
 90
    2
 70
    0
 43
0
 10
42.011917
 20
153.490776
 10
42.089254
 20
152.11161
  0
SPLINE
  5
683
100
AcDbEntity
  8
Layer_1
  6
ByLayer
 62
    1
370
   -1
100
AcDbSpline
210
0
220
0
230
0
 70
 4096
 71
    3
 72
    8
 73
    4
 74
    0
 42
1e-07
 43
1e-07
 40
0
 40
0
 40
0
 40
0
 40
1
 40
1
 40
1
 40
1
 10
47.245013
 20
149.095488
 30
0
 10
47.245013
 20
147.587428
 30
0
 10
47.915261
 20
146.930067
 30
0
 10
49.590884
 20
146.930067
 30
0
  0
SPLINE
  5
684
100
AcDbEntity
  8
Layer_1
  6
ByLayer
 62
    1
370
   -1
100
AcDbSpline
210
0
220
0
230
0
 70
 4096
 71
    3
 72
    8
 73
    4
 74
    0
 42
1e-07
 43
1e-07
 40
0
 40
0
 40
0
 40
0
 40
1
 40
1
 40
1
 40
1
 10
49.590884
 20
146.930067
 30
0
 10
50.828268
 20
146.930067
 30
0
 10
52.207433
 20
147.30386
 30
0
 10
52.207433
 20
147.30386
 30
0
  0
LWPOLYLINE
  5
685
100
AcDbEntity
  8
Layer_1
  6
ByLayer
 62
    1
370
   -1
100
AcDbPolyline
 90
    3
 70
    0
 43
0
 10
43.610203
 20
151.196462
 10
43.610203
 20
148.554133
 10
42.024807
 20
148.554133
  0
SPLINE
  5
686
100
AcDbEntity
  8
Layer_1
  6
ByLayer
 62
    1
370
   -1
100
AcDbSpline
210
0
220
0
230
0
 70
 4096
 71
    3
 72
    8
 73
    4
 74
    0
 42
1e-07
 43
1e-07
 40
0
 40
0
 40
0
 40
0
 40
1
 40
1
 40
1
 40
1
 10
52.155877
 20
148.502576
 30
0
 10
52.155877
 20
148.502576
 30
0
 10
50.583368
 20
148.399461
 30
0
 10
49.732667
 20
148.399461
 30
0
  0
SPLINE
  5
687
100
AcDbEntity
  8
Layer_1
  6
ByLayer
 62
    1
370
   -1
100
AcDbSpline
210
0
220
0
230
0
 70
 4096
 71
    3
 72
    8
 73
    4
 74
    0
 42
1e-07
 43
1e-07
 40
0
 40
0
 40
0
 40
0
 40
1
 40
1
 40
1
 40
1
 10
49.732667
 20
148.399461
 30
0
 10
49.217091
 20
148.399461
 30
0
 10
48.972193
 20
148.541244
 30
0
 10
48.972193
 20
149.095488
 30
0
  0
LWPOLYLINE
  5
688
100
AcDbEntity
  8
Layer_1
  6
ByLayer
 62
    1
370
   -1
100
AcDbPolyline
 90
    2
 70
    0
 43
0
 10
52.207433
 20
147.30386
 10
52.155877
 20
148.502576
  0
SPLINE
  5
689
100
AcDbEntity
  8
Layer_1
  6
ByLayer
 62
    1
370
   -1
100
AcDbSpline
210
0
220
0
230
0
 70
 4096
 71
    3
 72
    8
 73
    4
 74
    0
 42
1e-07
 43
1e-07
 40
0
 40
0
 40
0
 40
0
 40
1
 40
1
 40
1
 40
1
 10
50.351359
 20
149.598175
 30
0
 10
51.769194
 20
149.701291
 30
0
 10
52.607006
 20
150.113751
 30
0
 10
52.607006
 20
151.570254
 30
0
  0
SPLINE
  5
68A
100
AcDbEntity
  8
Layer_1
  6
ByLayer
 62
    1
370
   -1
100
AcDbSpline
210
0
220
0
230
0
 70
 4096
 71
    3
 72
    8
 73
    4
 74
    0
 42
1e-07
 43
1e-07
 40
0
 40
0
 40
0
 40
0
 40
1
 40
1
 40
1
 40
1
 10
52.607006
 20
151.570254
 30
0
 10
52.607006
 20
152.936532
 30
0
 10
51.962535
 20
153.684117
 30
0
 10
50.609148
 20
153.684117
 30
0
  0
SPLINE
  5
68B
100
AcDbEntity
  8
Layer_1
  6
ByLayer
 62
    1
370
   -1
100
AcDbSpline
210
0
220
0
230
0
 70
 4096
 71
    3
 72
    8
 73
    4
 74
    0
 42
1e-07
 43
1e-07
 40
0
 40
0
 40
0
 40
0
 40
1
 40
1
 40
1
 40
1
 10
50.609148
 20
153.684117
 30
0
 10
49.642442
 20
153.684117
 30
0
 10
48.714405
 20
153.232988
 30
0
 10
48.714405
 20
153.232988
 30
0
  0
SPLINE
  5
68C
100
AcDbEntity
  8
Layer_1
  6
ByLayer
 62
    1
370
   -1
100
AcDbSpline
210
0
220
0
230
0
 70
 4096
 71
    3
 72
    8
 73
    4
 74
    0
 42
1e-07
 43
1e-07
 40
0
 40
0
 40
0
 40
0
 40
1
 40
1
 40
1
 40
1
 10
48.714405
 20
153.232988
 30
0
 10
48.17305
 20
153.593891
 30
0
 10
47.73481
 20
153.684117
 30
0
 10
46.87122
 20
153.684117
 30
0
  0
LWPOLYLINE
  5
68D
100
AcDbEntity
  8
Layer_1
  6
ByLayer
 62
    1
370
   -1
100
AcDbPolyline
 90
    3
 70
    0
 43
0
 10
48.972193
 20
149.095488
 10
48.972193
 20
149.49506
 10
50.351359
 20
149.598175
  0
SPLINE
  5
68E
100
AcDbEntity
  8
Layer_1
  6
ByLayer
 62
    1
370
   -1
100
AcDbSpline
210
0
220
0
230
0
 70
 4096
 71
    3
 72
    8
 73
    4
 74
    0
 42
1e-07
 43
1e-07
 40
0
 40
0
 40
0
 40
0
 40
1
 40
1
 40
1
 40
1
 10
46.819662
 20
152.382287
 30
0
 10
47.167676
 20
152.31784
 30
0
 10
47.219234
 20
152.163167
 30
0
 10
47.245013
 20
151.776485
 30
0
  0
LWPOLYLINE
  5
68F
100
AcDbEntity
  8
Layer_1
  6
ByLayer
 62
    1
370
   -1
100
AcDbPolyline
 90
    2
 70
    0
 43
0
 10
46.87122
 20
153.684117
 10
46.819662
 20
152.382287
  0
LWPOLYLINE
  5
690
100
AcDbEntity
  8
Layer_1
  6
ByLayer
 62
    1
370
   -1
100
AcDbPolyline
 90
    2
 70
    0
 43
0
 10
47.245013
 20
151.776485
 10
47.245013
 20
149.095488
  0
SPLINE
  5
691
100
AcDbEntity
  8
Layer_1
  6
ByLayer
 62
    1
370
   -1
100
AcDbSpline
210
0
220
0
230
0
 70
 4096
 71
    3
 72
    8
 73
    4
 74
    0
 42
1e-07
 43
1e-07
 40
0
 40
0
 40
0
 40
0
 40
1
 40
1
 40
1
 40
1
 10
48.972193
 20
152.072941
 30
0
 10
48.972193
 20
152.072941
 30
0
 10
49.68111
 20
152.279172
 30
0
 10
50.235354
 20
152.279172
 30
0
  0
SPLINE
  5
692
100
AcDbEntity
  8
Layer_1
  6
ByLayer
 62
    1
370
   -1
100
AcDbSpline
210
0
220
0
230
0
 70
 4096
 71
    3
 72
    8
 73
    4
 74
    0
 42
1e-07
 43
1e-07
 40
0
 40
0
 40
0
 40
0
 40
1
 40
1
 40
1
 40
1
 10
50.235354
 20
152.279172
 30
0
 10
50.699374
 20
152.279172
 30
0
 10
50.866935
 20
151.969826
 30
0
 10
50.866935
 20
151.518697
 30
0
  0
SPLINE
  5
693
100
AcDbEntity
  8
Layer_1
  6
ByLayer
 62
    1
370
   -1
100
AcDbSpline
210
0
220
0
230
0
 70
 4096
 71
    3
 72
    8
 73
    4
 74
    0
 42
1e-07
 43
1e-07
 40
0
 40
0
 40
0
 40
0
 40
1
 40
1
 40
1
 40
1
 10
50.866935
 20
151.518697
 30
0
 10
50.866935
 20
151.054678
 30
0
 10
50.596257
 20
150.835558
 30
0
 10
50.145129
 20
150.79689
 30
0
  0
LWPOLYLINE
  5
694
100
AcDbEntity
  8
Layer_1
  6
ByLayer
 62
    1
370
   -1
100
AcDbPolyline
 90
    2
 70
    0
 43
0
 10
48.972193
 20
150.693775
 10
48.972193
 20
152.072941
  0
SPLINE
  5
695
100
AcDbEntity
  8
Layer_1
  6
ByLayer
 62
    1
370
   -1
100
AcDbSpline
210
0
220
0
230
0
 70
 4096
 71
    3
 72
    8
 73
    4
 74
    0
 42
1e-07
 43
1e-07
 40
0
 40
0
 40
0
 40
0
 40
1
 40
1
 40
1
 40
1
 10
56.035591
 20
152.163167
 30
0
 10
56.963628
 20
152.163167
 30
0
 10
57.324531
 20
151.815153
 30
0
 10
57.337421
 20
151.041789
 30
0
  0
LWPOLYLINE
  5
696
100
AcDbEntity
  8
Layer_1
  6
ByLayer
 62
    1
370
   -1
100
AcDbPolyline
 90
    2
 70
    0
 43
0
 10
50.145129
 20
150.79689
 10
48.972193
 20
150.693775
  0
SPLINE
  5
697
100
AcDbEntity
  8
Layer_1
  6
ByLayer
 62
    1
370
   -1
100
AcDbSpline
210
0
220
0
230
0
 70
 4096
 71
    3
 72
    8
 73
    4
 74
    0
 42
1e-07
 43
1e-07
 40
0
 40
0
 40
0
 40
0
 40
1
 40
1
 40
1
 40
1
 10
53.419042
 20
149.843074
 30
0
 10
53.419042
 20
147.896773
 30
0
 10
54.33419
 20
146.930067
 30
0
 10
56.228933
 20
146.930067
 30
0
  0
SPLINE
  5
698
100
AcDbEntity
  8
Layer_1
  6
ByLayer
 62
    1
370
   -1
100
AcDbSpline
210
0
220
0
230
0
 70
 4096
 71
    3
 72
    8
 73
    4
 74
    0
 42
1e-07
 43
1e-07
 40
0
 40
0
 40
0
 40
0
 40
1
 40
1
 40
1
 40
1
 10
56.228933
 20
146.930067
 30
0
 10
58.110787
 20
146.930067
 30
0
 10
59.077492
 20
148.103004
 30
0
 10
59.077492
 20
150.397318
 30
0
  0
SPLINE
  5
699
100
AcDbEntity
  8
Layer_1
  6
ByLayer
 62
    1
370
   -1
100
AcDbSpline
210
0
220
0
230
0
 70
 4096
 71
    3
 72
    8
 73
    4
 74
    0
 42
1e-07
 43
1e-07
 40
0
 40
0
 40
0
 40
0
 40
1
 40
1
 40
1
 40
1
 10
59.077492
 20
150.397318
 30
0
 10
59.077492
 20
152.717412
 30
0
 10
58.25257
 20
153.684117
 30
0
 10
56.30627
 20
153.684117
 30
0
  0
SPLINE
  5
69A
100
AcDbEntity
  8
Layer_1
  6
ByLayer
 62
    1
370
   -1
100
AcDbSpline
210
0
220
0
230
0
 70
 4096
 71
    3
 72
    8
 73
    4
 74
    0
 42
1e-07
 43
1e-07
 40
0
 40
0
 40
0
 40
0
 40
1
 40
1
 40
1
 40
1
 10
56.30627
 20
153.684117
 30
0
 10
55.107555
 20
153.684117
 30
0
 10
53.625272
 20
153.323214
 30
0
 10
53.625272
 20
153.323214
 30
0
  0
LWPOLYLINE
  5
69B
100
AcDbEntity
  8
Layer_1
  6
ByLayer
 62
    1
370
   -1
100
AcDbPolyline
 90
    3
 70
    0
 43
0
 10
57.337421
 20
151.041789
 10
53.547936
 20
151.041789
 10
53.419042
 20
149.843074
  0
SPLINE
  5
69C
100
AcDbEntity
  8
Layer_1
  6
ByLayer
 62
    1
370
   -1
100
AcDbSpline
210
0
220
0
230
0
 70
 4096
 71
    3
 72
    8
 73
    4
 74
    0
 42
1e-07
 43
1e-07
 40
0
 40
0
 40
0
 40
0
 40
1
 40
1
 40
1
 40
1
 10
53.65105
 20
152.047162
 30
0
 10
53.65105
 20
152.047162
 30
0
 10
54.97866
 20
152.163167
 30
0
 10
56.035591
 20
152.163167
 30
0
  0
LWPOLYLINE
  5
69D
100
AcDbEntity
  8
Layer_1
  6
ByLayer
 62
    1
370
   -1
100
AcDbPolyline
 90
    2
 70
    0
 43
0
 10
53.625272
 20
153.323214
 10
53.65105
 20
152.047162
  0
SPLINE
  5
69E
100
AcDbEntity
  8
Layer_1
  6
ByLayer
 62
    1
370
   -1
100
AcDbSpline
210
0
220
0
230
0
 70
 4096
 71
    3
 72
    8
 73
    4
 74
    0
 42
1e-07
 43
1e-07
 40
0
 40
0
 40
0
 40
0
 40
1
 40
1
 40
1
 40
1
 10
57.35031
 20
149.727069
 30
0
 10
57.337421
 20
148.747475
 30
0
 10
57.053854
 20
148.347902
 30
0
 10
56.228933
 20
148.347902
 30
0
  0
SPLINE
  5
69F
100
AcDbEntity
  8
Layer_1
  6
ByLayer
 62
    1
370
   -1
100
AcDbSpline
210
0
220
0
230
0
 70
 4096
 71
    3
 72
    8
 73
    4
 74
    0
 42
1e-07
 43
1e-07
 40
0
 40
0
 40
0
 40
0
 40
1
 40
1
 40
1
 40
1
 10
56.228933
 20
148.347902
 30
0
 10
55.416899
 20
148.347902
 30
0
 10
55.120443
 20
148.683027
 30
0
 10
55.120443
 20
149.727069
 30
0
  0
LWPOLYLINE
  5
6A0
100
AcDbEntity
  8
Layer_1
  6
ByLayer
 62
    1
370
   -1
100
AcDbPolyline
 90
    2
 70
    0
 43
0
 10
55.120443
 20
149.727069
 10
57.35031
 20
149.727069
  0
SPLINE
  5
6A1
100
AcDbEntity
  8
Layer_1
  6
ByLayer
 62
    1
370
   -1
100
AcDbSpline
210
0
220
0
230
0
 70
 4096
 71
    3
 72
    8
 73
    4
 74
    0
 42
1e-07
 43
1e-07
 40
0
 40
0
 40
0
 40
0
 40
1
 40
1
 40
1
 40
1
 10
61.822931
 20
149.211492
 30
0
 10
61.822931
 20
149.211492
 30
0
 10
60.907784
 20
148.889258
 30
0
 10
59.773516
 20
148.670138
 30
0
  0
LWPOLYLINE
  5
6A2
100
AcDbEntity
  8
Layer_1
  6
ByLayer
 62
    1
370
   -1
100
AcDbPolyline
 90
    3
 70
    0
 43
0
 10
63.550112
 20
153.529445
 10
61.822931
 20
153.529445
 10
61.822931
 20
149.211492
  0
SPLINE
  5
6A3
100
AcDbEntity
  8
Layer_1
  6
ByLayer
 62
    1
370
   -1
100
AcDbSpline
210
0
220
0
230
0
 70
 4096
 71
    3
 72
    8
 73
    4
 74
    0
 42
1e-07
 43
1e-07
 40
0
 40
0
 40
0
 40
0
 40
1
 40
1
 40
1
 40
1
 10
59.773516
 20
146.930067
 30
0
 10
60.75311
 20
147.123409
 30
0
 10
61.835821
 20
147.767879
 30
0
 10
61.835821
 20
147.767879
 30
0
  0
LWPOLYLINE
  5
6A4
100
AcDbEntity
  8
Layer_1
  6
ByLayer
 62
    1
370
   -1
100
AcDbPolyline
 90
    2
 70
    0
 43
0
 10
59.773516
 20
148.670138
 10
59.773516
 20
146.930067
  0
SPLINE
  5
6A5
100
AcDbEntity
  8
Layer_1
  6
ByLayer
 62
    1
370
   -1
100
AcDbSpline
210
0
220
0
230
0
 70
 4096
 71
    3
 72
    8
 73
    4
 74
    0
 42
1e-07
 43
1e-07
 40
0
 40
0
 40
0
 40
0
 40
1
 40
1
 40
1
 40
1
 10
33.857051
 20
128.71069
 30
0
 10
34.438446
 20
128.71069
 30
0
 10
34.906458
 20
129.1787
 30
0
 10
34.906458
 20
129.760097
 30
0
  0
LWPOLYLINE
  5
6A6
100
AcDbEntity
  8
Layer_1
  6
ByLayer
 62
    1
370
   -1
100
AcDbPolyline
 90
    4
 70
    0
 43
0
 10
61.835821
 20
147.767879
 10
61.835821
 20
147.084741
 10
63.550112
 20
147.084741
 10
63.550112
 20
153.529445
  0
SPLINE
  5
6A7
100
AcDbEntity
  8
Layer_1
  6
ByLayer
 62
    1
370
   -1
100
AcDbSpline
210
0
220
0
230
0
 70
 4096
 71
    3
 72
    8
 73
    4
 74
    0
 42
1e-07
 43
1e-07
 40
0
 40
0
 40
0
 40
0
 40
1
 40
1
 40
1
 40
1
 10
34.906458
 20
137.309482
 30
0
 10
34.906458
 20
137.890878
 30
0
 10
34.438446
 20
138.358888
 30
0
 10
33.857051
 20
138.358888
 30
0
  0
LWPOLYLINE
  5
6A8
100
AcDbEntity
  8
Layer_1
  6
ByLayer
 62
    1
370
   -1
100
AcDbPolyline
 90
    2
 70
    0
 43
0
 10
34.906458
 20
129.760097
 10
34.906458
 20
137.309482
  0
SPLINE
  5
6A9
100
AcDbEntity
  8
Layer_1
  6
ByLayer
 62
    1
370
   -1
100
AcDbSpline
210
0
220
0
230
0
 70
 4096
 71
    3
 72
    8
 73
    4
 74
    0
 42
1e-07
 43
1e-07
 40
0
 40
0
 40
0
 40
0
 40
1
 40
1
 40
1
 40
1
 10
34.432543
 20
138.358888
 30
0
 10
34.695061
 20
138.358889
 30
0
 10
34.906268
 20
138.570285
 30
0
 10
34.906268
 20
138.832802
 30
0
  0
LWPOLYLINE
  5
6AA
100
AcDbEntity
  8
Layer_1
  6
ByLayer
 62
    1
370
   -1
100
AcDbPolyline
 90
    2
 70
    0
 43
0
 10
33.857051
 20
138.358888
 10
34.432543
 20
138.358888
  0
SPLINE
  5
6AB
100
AcDbEntity
  8
Layer_1
  6
ByLayer
 62
    1
370
   -1
100
AcDbSpline
210
0
220
0
230
0
 70
 4096
 71
    3
 72
    8
 73
    4
 74
    0
 42
1e-07
 43
1e-07
 40
0
 40
0
 40
0
 40
0
 40
1
 40
1
 40
1
 40
1
 10
34.906268
 20
138.900585
 30
0
 10
34.906268
 20
139.163102
 30
0
 10
34.695061
 20
139.37431
 30
0
 10
34.432543
 20
139.37431
 30
0
  0
LWPOLYLINE
  5
6AC
100
AcDbEntity
  8
Layer_1
  6
ByLayer
 62
    1
370
   -1
100
AcDbPolyline
 90
    2
 70
    0
 43
0
 10
34.906268
 20
138.832802
 10
34.906268
 20
138.900585
  0
SPLINE
  5
6AD
100
AcDbEntity
  8
Layer_1
  6
ByLayer
 62
    1
370
   -1
100
AcDbSpline
210
0
220
0
230
0
 70
 4096
 71
    3
 72
    8
 73
    4
 74
    0
 42
1e-07
 43
1e-07
 40
0
 40
0
 40
0
 40
0
 40
1
 40
1
 40
1
 40
1
 10
32.13057
 20
139.37431
 30
0
 10
31.868053
 20
139.37431
 30
0
 10
31.656657
 20
139.163102
 30
0
 10
31.656657
 20
138.900585
 30
0
  0
LWPOLYLINE
  5
6AE
100
AcDbEntity
  8
Layer_1
  6
ByLayer
 62
    1
370
   -1
100
AcDbPolyline
 90
    2
 70
    0
 43
0
 10
34.432543
 20
139.37431
 10
32.13057
 20
139.37431
  0
SPLINE
  5
6AF
100
AcDbEntity
  8
Layer_1
  6
ByLayer
 62
    1
370
   -1
100
AcDbSpline
210
0
220
0
230
0
 70
 4096
 71
    3
 72
    8
 73
    4
 74
    0
 42
1e-07
 43
1e-07
 40
0
 40
0
 40
0
 40
0
 40
1
 40
1
 40
1
 40
1
 10
31.656657
 20
138.832802
 30
0
 10
31.656657
 20
138.570285
 30
0
 10
31.868053
 20
138.35889
 30
0
 10
32.13057
 20
138.358888
 30
0
  0
LWPOLYLINE
  5
6B0
100
AcDbEntity
  8
Layer_1
  6
ByLayer
 62
    1
370
   -1
100
AcDbPolyline
 90
    2
 70
    0
 43
0
 10
31.656657
 20
138.900585
 10
31.656657
 20
138.832802
  0
SPLINE
  5
6B1
100
AcDbEntity
  8
Layer_1
  6
ByLayer
 62
    1
370
   -1
100
AcDbSpline
210
0
220
0
230
0
 70
 4096
 71
    3
 72
    8
 73
    4
 74
    0
 42
1e-07
 43
1e-07
 40
0
 40
0
 40
0
 40
0
 40
1
 40
1
 40
1
 40
1
 10
32.705875
 20
138.358888
 30
0
 10
32.124479
 20
138.358889
 30
0
 10
31.656468
 20
137.890878
 30
0
 10
31.656468
 20
137.309482
 30
0
  0
LWPOLYLINE
  5
6B2
100
AcDbEntity
  8
Layer_1
  6
ByLayer
 62
    1
370
   -1
100
AcDbPolyline
 90
    2
 70
    0
 43
0
 10
32.13057
 20
138.358888
 10
32.705875
 20
138.358888
  0
SPLINE
  5
6B3
100
AcDbEntity
  8
Layer_1
  6
ByLayer
 62
    1
370
   -1
100
AcDbSpline
210
0
220
0
230
0
 70
 4096
 71
    3
 72
    8
 73
    4
 74
    0
 42
1e-07
 43
1e-07
 40
0
 40
0
 40
0
 40
0
 40
1
 40
1
 40
1
 40
1
 10
31.656468
 20
129.760097
 30
0
 10
31.656468
 20
129.1787
 30
0
 10
32.124479
 20
128.71069
 30
0
 10
32.705875
 20
128.71069
 30
0
  0
LWPOLYLINE
  5
6B4
100
AcDbEntity
  8
Layer_1
  6
ByLayer
 62
    1
370
   -1
100
AcDbPolyline
 90
    2
 70
    0
 43
0
 10
31.656468
 20
137.309482
 10
31.656468
 20
129.760097
  0
SPLINE
  5
6B5
100
AcDbEntity
  8
Layer_1
  6
ByLayer
 62
    1
370
   -1
100
AcDbSpline
210
0
220
0
230
0
 70
 4096
 71
    3
 72
    8
 73
    4
 74
    0
 42
1e-07
 43
1e-07
 40
0
 40
0
 40
0
 40
0
 40
1
 40
1
 40
1
 40
1
 10
34.08249
 20
130.606533
 30
0
 10
33.819924
 20
130.606533
 30
0
 10
33.608577
 20
130.81788
 30
0
 10
33.608577
 20
131.080446
 30
0
  0
LWPOLYLINE
  5
6B6
100
AcDbEntity
  8
Layer_1
  6
ByLayer
 62
    1
370
   -1
100
AcDbPolyline
 90
    2
 70
    0
 43
0
 10
32.705875
 20
128.71069
 10
33.857051
 20
128.71069
  0
SPLINE
  5
6B7
100
AcDbEntity
  8
Layer_1
  6
ByLayer
 62
    1
370
   -1
100
AcDbSpline
210
0
220
0
230
0
 70
 4096
 71
    3
 72
    8
 73
    4
 74
    0
 42
1e-07
 43
1e-07
 40
0
 40
0
 40
0
 40
0
 40
1
 40
1
 40
1
 40
1
 10
33.608577
 20
137.106322
 30
0
 10
33.608577
 20
137.368888
 30
0
 10
33.819924
 20
137.580236
 30
0
 10
34.08249
 20
137.580236
 30
0
  0
SPLINE
  5
6B8
100
AcDbEntity
  8
Layer_1
  6
ByLayer
 62
    1
370
   -1
100
AcDbSpline
210
0
220
0
230
0
 70
 4096
 71
    3
 72
    8
 73
    4
 74
    0
 42
1e-07
 43
1e-07
 40
0
 40
0
 40
0
 40
0
 40
1
 40
1
 40
1
 40
1
 10
34.08249
 20
137.580236
 30
0
 10
34.345054
 20
137.580236
 30
0
 10
34.556591
 20
137.368888
 30
0
 10
34.556591
 20
137.106322
 30
0
  0
LWPOLYLINE
  5
6B9
100
AcDbEntity
  8
Layer_1
  6
ByLayer
 62
    1
370
   -1
100
AcDbPolyline
 90
    2
 70
    0
 43
0
 10
33.608577
 20
131.080446
 10
33.608577
 20
137.106322
  0
SPLINE
  5
6BA
100
AcDbEntity
  8
Layer_1
  6
ByLayer
 62
    1
370
   -1
100
AcDbSpline
210
0
220
0
230
0
 70
 4096
 71
    3
 72
    8
 73
    4
 74
    0
 42
1e-07
 43
1e-07
 40
0
 40
0
 40
0
 40
0
 40
1
 40
1
 40
1
 40
1
 10
34.556591
 20
131.080446
 30
0
 10
34.556591
 20
130.81788
 30
0
 10
34.345054
 20
130.606533
 30
0
 10
34.08249
 20
130.606533
 30
0
  0
LWPOLYLINE
  5
6BB
100
AcDbEntity
  8
Layer_1
  6
ByLayer
 62
    1
370
   -1
100
AcDbPolyline
 90
    2
 70
    0
 43
0
 10
34.556591
 20
137.106322
 10
34.556591
 20
131.080446
  0
SPLINE
  5
6BC
100
AcDbEntity
  8
Layer_1
  6
ByLayer
 62
    1
370
   -1
100
AcDbSpline
210
0
220
0
230
0
 70
 4096
 71
    3
 72
    8
 73
    4
 74
    0
 42
1e-07
 43
1e-07
 40
0
 40
0
 40
0
 40
0
 40
1
 40
1
 40
1
 40
1
 10
32.480435
 20
130.606533
 30
0
 10
32.21787
 20
130.606533
 30
0
 10
32.006334
 20
130.81788
 30
0
 10
32.006334
 20
131.080446
 30
0
  0
SPLINE
  5
6BD
100
AcDbEntity
  8
Layer_1
  6
ByLayer
 62
    1
370
   -1
100
AcDbSpline
210
0
220
0
230
0
 70
 4096
 71
    3
 72
    8
 73
    4
 74
    0
 42
1e-07
 43
1e-07
 40
0
 40
0
 40
0
 40
0
 40
1
 40
1
 40
1
 40
1
 10
32.006334
 20
137.106322
 30
0
 10
32.006334
 20
137.368888
 30
0
 10
32.21787
 20
137.580236
 30
0
 10
32.480435
 20
137.580236
 30
0
  0
SPLINE
  5
6BE
100
AcDbEntity
  8
Layer_1
  6
ByLayer
 62
    1
370
   -1
100
AcDbSpline
210
0
220
0
230
0
 70
 4096
 71
    3
 72
    8
 73
    4
 74
    0
 42
1e-07
 43
1e-07
 40
0
 40
0
 40
0
 40
0
 40
1
 40
1
 40
1
 40
1
 10
32.480435
 20
137.580236
 30
0
 10
32.743002
 20
137.580236
 30
0
 10
32.954349
 20
137.368888
 30
0
 10
32.954349
 20
137.106322
 30
0
  0
LWPOLYLINE
  5
6BF
100
AcDbEntity
  8
Layer_1
  6
ByLayer
 62
    1
370
   -1
100
AcDbPolyline
 90
    2
 70
    0
 43
0
 10
32.006334
 20
131.080446
 10
32.006334
 20
137.106322
  0
SPLINE
  5
6C0
100
AcDbEntity
  8
Layer_1
  6
ByLayer
 62
    1
370
   -1
100
AcDbSpline
210
0
220
0
230
0
 70
 4096
 71
    3
 72
    8
 73
    4
 74
    0
 42
1e-07
 43
1e-07
 40
0
 40
0
 40
0
 40
0
 40
1
 40
1
 40
1
 40
1
 10
32.954349
 20
131.080446
 30
0
 10
32.954349
 20
130.81788
 30
0
 10
32.743002
 20
130.606533
 30
0
 10
32.480435
 20
130.606533
 30
0
  0
LWPOLYLINE
  5
6C1
100
AcDbEntity
  8
Layer_1
  6
ByLayer
 62
    1
370
   -1
100
AcDbPolyline
 90
    2
 70
    0
 43
0
 10
32.954349
 20
137.106322
 10
32.954349
 20
131.080446
  0
SPLINE
  5
6C2
100
AcDbEntity
  8
Layer_1
  6
ByLayer
 62
    1
370
   -1
100
AcDbSpline
210
0
220
0
230
0
 70
 4096
 71
    3
 72
    8
 73
    4
 74
    0
 42
1e-07
 43
1e-07
 40
0
 40
0
 40
0
 40
0
 40
1
 40
1
 40
1
 40
1
 10
33.928608
 20
148.423792
 30
0
 10
33.842834
 20
148.937458
 30
0
 10
33.617449
 20
150.073804
 30
0
 10
33.617449
 20
150.073804
 30
0
  0
LWPOLYLINE
  5
6C3
100
AcDbEntity
  8
Layer_1
  6
ByLayer
 62
    1
370
   -1
100
AcDbPolyline
 90
    3
 70
    0
 43
0
 10
33.552687
 20
139.375254
 10
33.564583
 20
147.131198
 10
33.928608
 20
148.423792
  0
SPLINE
  5
6C4
100
AcDbEntity
  8
Layer_1
  6
ByLayer
 62
    1
370
   -1
100
AcDbSpline
210
0
220
0
230
0
 70
 4096
 71
    3
 72
    8
 73
    4
 74
    0
 42
1e-07
 43
1e-07
 40
0
 40
0
 40
0
 40
0
 40
1
 40
1
 40
1
 40
1
 10
32.945287
 20
150.073804
 30
0
 10
32.945287
 20
150.073804
 30
0
 10
32.720091
 20
148.937458
 30
0
 10
32.634317
 20
148.423792
 30
0
  0
LWPOLYLINE
  5
6C5
100
AcDbEntity
  8
Layer_1
  6
ByLayer
 62
    1
370
   -1
100
AcDbPolyline
 90
    4
 70
    0
 43
0
 10
33.617449
 20
150.073804
 10
33.282122
 20
150.073804
 10
33.280614
 20
150.073804
 10
32.945287
 20
150.073804
  0
SPLINE
  5
6C6
100
AcDbEntity
  8
Layer_1
  6
ByLayer
 62
    1
370
   -1
100
AcDbSpline
210
0
220
0
230
0
 70
 4096
 71
    3
 72
    8
 73
    4
 74
    0
 42
1e-07
 43
1e-07
 40
0
 40
0
 40
0
 40
0
 40
1
 40
1
 40
1
 40
1
 10
59.695066
 20
122.490018
 30
0
 10
60.244884
 20
122.490018
 30
0
 10
60.251866
 20
123.045308
 30
0
 10
60.251866
 20
123.045308
 30
0
  0
LWPOLYLINE
  5
6C7
100
AcDbEntity
  8
Layer_1
  6
ByLayer
 62
    1
370
   -1
100
AcDbPolyline
 90
    6
 70
    0
 43
0
 10
32.634317
 20
148.423792
 10
32.998154
 20
147.131198
 10
33.010238
 20
139.375254
 10
33.281181
 20
139.375254
 10
33.281761
 20
139.375254
 10
33.552687
 20
139.375254
  0
SPLINE
  5
6C8
100
AcDbEntity
  8
Layer_1
  6
ByLayer
 62
    1
370
   -1
100
AcDbSpline
210
0
220
0
230
0
 70
 4096
 71
    3
 72
    8
 73
    4
 74
    0
 42
1e-07
 43
1e-07
 40
0
 40
0
 40
0
 40
0
 40
1
 40
1
 40
1
 40
1
 10
59.1326
 20
123.045308
 30
0
 10
59.1326
 20
123.045308
 30
0
 10
59.145247
 20
122.490018
 30
0
 10
59.695066
 20
122.490018
 30
0
  0
LWPOLYLINE
  5
6C9
100
AcDbEntity
  8
Layer_1
  6
ByLayer
 62
    1
370
   -1
100
AcDbPolyline
 90
    2
 70
    0
 43
0
 10
60.251866
 20
123.045308
 10
59.1326
 20
123.045308
  0
SPLINE
  5
6CA
100
AcDbEntity
  8
Layer_1
  6
ByLayer
 62
    1
370
   -1
100
AcDbSpline
210
0
220
0
230
0
 70
 4096
 71
    3
 72
    8
 73
    4
 74
    0
 42
1e-07
 43
1e-07
 40
0
 40
0
 40
0
 40
0
 40
1
 40
1
 40
1
 40
1
 10
52.582965
 20
122.490018
 30
0
 10
53.132783
 20
122.490018
 30
0
 10
53.14543
 20
123.045308
 30
0
 10
53.14543
 20
123.045308
 30
0
  0
SPLINE
  5
6CB
100
AcDbEntity
  8
Layer_1
  6
ByLayer
 62
    1
370
   -1
100
AcDbSpline
210
0
220
0
230
0
 70
 4096
 71
    3
 72
    8
 73
    4
 74
    0
 42
1e-07
 43
1e-07
 40
0
 40
0
 40
0
 40
0
 40
1
 40
1
 40
1
 40
1
 10
52.026164
 20
123.045308
 30
0
 10
52.026164
 20
123.045308
 30
0
 10
52.033144
 20
122.490018
 30
0
 10
52.582965
 20
122.490018
 30
0
  0
LWPOLYLINE
  5
6CC
100
AcDbEntity
  8
Layer_1
  6
ByLayer
 62
    1
370
   -1
100
AcDbPolyline
 90
    2
 70
    0
 43
0
 10
53.14543
 20
123.045308
 10
52.026164
 20
123.045308
  0
SPLINE
  5
6CD
100
AcDbEntity
  8
Layer_1
  6
ByLayer
 62
    1
370
   -1
100
AcDbSpline
210
0
220
0
230
0
 70
 4096
 71
    3
 72
    8
 73
    4
 74
    0
 42
1e-07
 43
1e-07
 40
0
 40
0
 40
0
 40
0
 40
1
 40
1
 40
1
 40
1
 10
61.431741
 20
123.287174
 30
0
 10
61.645964
 20
123.287174
 30
0
 10
61.818425
 20
123.459635
 30
0
 10
61.818425
 20
123.673857
 30
0
  0
SPLINE
  5
6CE
100
AcDbEntity
  8
Layer_1
  6
ByLayer
 62
    1
370
   -1
100
AcDbSpline
210
0
220
0
230
0
 70
 4096
 71
    3
 72
    8
 73
    4
 74
    0
 42
1e-07
 43
1e-07
 40
0
 40
0
 40
0
 40
0
 40
1
 40
1
 40
1
 40
1
 10
61.818425
 20
123.673857
 30
0
 10
61.818425
 20
123.88808
 30
0
 10
61.645964
 20
124.060541
 30
0
 10
61.431741
 20
124.060541
 30
0
  0
SPLINE
  5
6CF
100
AcDbEntity
  8
Layer_1
  6
ByLayer
 62
    1
370
   -1
100
AcDbSpline
210
0
220
0
230
0
 70
 4096
 71
    3
 72
    8
 73
    4
 74
    0
 42
1e-07
 43
1e-07
 40
0
 40
0
 40
0
 40
0
 40
1
 40
1
 40
1
 40
1
 10
57.87909
 20
124.060541
 30
0
 10
57.664867
 20
124.060541
 30
0
 10
57.492407
 20
123.88808
 30
0
 10
57.492407
 20
123.673857
 30
0
  0
SPLINE
  5
6D0
100
AcDbEntity
  8
Layer_1
  6
ByLayer
 62
    1
370
   -1
100
AcDbSpline
210
0
220
0
230
0
 70
 4096
 71
    3
 72
    8
 73
    4
 74
    0
 42
1e-07
 43
1e-07
 40
0
 40
0
 40
0
 40
0
 40
1
 40
1
 40
1
 40
1
 10
57.492407
 20
123.673857
 30
0
 10
57.492407
 20
123.459635
 30
0
 10
57.664867
 20
123.287174
 30
0
 10
57.87909
 20
123.287174
 30
0
  0
LWPOLYLINE
  5
6D1
100
AcDbEntity
  8
Layer_1
  6
ByLayer
 62
    1
370
   -1
100
AcDbPolyline
 90
    2
 70
    0
 43
0
 10
61.431741
 20
124.060541
 10
57.87909
 20
124.060541
  0
SPLINE
  5
6D2
100
AcDbEntity
  8
Layer_1
  6
ByLayer
 62
    1
370
   -1
100
AcDbSpline
210
0
220
0
230
0
 70
 4096
 71
    3
 72
    8
 73
    4
 74
    0
 42
1e-07
 43
1e-07
 40
0
 40
0
 40
0
 40
0
 40
1
 40
1
 40
1
 40
1
 10
54.398941
 20
123.287174
 30
0
 10
54.613164
 20
123.287174
 30
0
 10
54.785624
 20
123.459635
 30
0
 10
54.785624
 20
123.673857
 30
0
  0
SPLINE
  5
6D3
100
AcDbEntity
  8
Layer_1
  6
ByLayer
 62
    1
370
   -1
100
AcDbSpline
210
0
220
0
230
0
 70
 4096
 71
    3
 72
    8
 73
    4
 74
    0
 42
1e-07
 43
1e-07
 40
0
 40
0
 40
0
 40
0
 40
1
 40
1
 40
1
 40
1
 10
54.785624
 20
123.673857
 30
0
 10
54.785624
 20
123.88808
 30
0
 10
54.613164
 20
124.060541
 30
0
 10
54.398941
 20
124.060541
 30
0
  0
LWPOLYLINE
  5
6D4
100
AcDbEntity
  8
Layer_1
  6
ByLayer
 62
    1
370
   -1
100
AcDbPolyline
 90
    2
 70
    0
 43
0
 10
57.87909
 20
123.287174
 10
61.431741
 20
123.287174
  0
SPLINE
  5
6D5
100
AcDbEntity
  8
Layer_1
  6
ByLayer
 62
    1
370
   -1
100
AcDbSpline
210
0
220
0
230
0
 70
 4096
 71
    3
 72
    8
 73
    4
 74
    0
 42
1e-07
 43
1e-07
 40
0
 40
0
 40
0
 40
0
 40
1
 40
1
 40
1
 40
1
 10
50.846289
 20
124.060541
 30
0
 10
50.632067
 20
124.060541
 30
0
 10
50.459606
 20
123.88808
 30
0
 10
50.459606
 20
123.673857
 30
0
  0
SPLINE
  5
6D6
100
AcDbEntity
  8
Layer_1
  6
ByLayer
 62
    1
370
   -1
100
AcDbSpline
210
0
220
0
230
0
 70
 4096
 71
    3
 72
    8
 73
    4
 74
    0
 42
1e-07
 43
1e-07
 40
0
 40
0
 40
0
 40
0
 40
1
 40
1
 40
1
 40
1
 10
50.459606
 20
123.673857
 30
0
 10
50.459606
 20
123.459635
 30
0
 10
50.632067
 20
123.287174
 30
0
 10
50.846289
 20
123.287174
 30
0
  0
LWPOLYLINE
  5
6D7
100
AcDbEntity
  8
Layer_1
  6
ByLayer
 62
    1
370
   -1
100
AcDbPolyline
 90
    2
 70
    0
 43
0
 10
54.398941
 20
124.060541
 10
50.846289
 20
124.060541
  0
SPLINE
  5
6D8
100
AcDbEntity
  8
Layer_1
  6
ByLayer
 62
    1
370
   -1
100
AcDbSpline
210
0
220
0
230
0
 70
 4096
 71
    3
 72
    8
 73
    4
 74
    0
 42
1e-07
 43
1e-07
 40
0
 40
0
 40
0
 40
0
 40
1
 40
1
 40
1
 40
1
 10
56.139411
 20
124.229715
 30
0
 10
56.281534
 20
124.229715
 30
0
 10
56.406983
 20
124.226061
 30
0
 10
56.523828
 20
124.225558
 30
0
  0
LWPOLYLINE
  5
6D9
100
AcDbEntity
  8
Layer_1
  6
ByLayer
 62
    1
370
   -1
100
AcDbPolyline
 90
    2
 70
    0
 43
0
 10
50.846289
 20
123.287174
 10
54.398941
 20
123.287174
  0
SPLINE
  5
6DA
100
AcDbEntity
  8
Layer_1
  6
ByLayer
 62
    1
370
   -1
100
AcDbSpline
210
0
220
0
230
0
 70
 4096
 71
    3
 72
    8
 73
    4
 74
    0
 42
1e-07
 43
1e-07
 40
0
 40
0
 40
0
 40
0
 40
1
 40
1
 40
1
 40
1
 10
56.523811
 20
124.225561
 30
0
 10
56.874345
 20
124.224062
 30
0
 10
57.146584
 20
124.250295
 30
0
 10
57.552826
 20
124.483476
 30
0
  0
SPLINE
  5
6DB
100
AcDbEntity
  8
Layer_1
  6
ByLayer
 62
    1
370
   -1
100
AcDbSpline
210
0
220
0
230
0
 70
 4096
 71
    3
 72
    8
 73
    4
 74
    0
 42
1e-07
 43
1e-07
 40
0
 40
0
 40
0
 40
0
 40
1
 40
1
 40
1
 40
1
 10
57.552826
 20
124.483476
 30
0
 10
57.745754
 20
124.594215
 30
0
 10
57.909805
 20
124.763341
 30
0
 10
58.120767
 20
124.833907
 30
0
  0
SPLINE
  5
6DC
100
AcDbEntity
  8
Layer_1
  6
ByLayer
 62
    1
370
   -1
100
AcDbSpline
210
0
220
0
230
0
 70
 4096
 71
    3
 72
    8
 73
    4
 74
    0
 42
1e-07
 43
1e-07
 40
0
 40
0
 40
0
 40
0
 40
1
 40
1
 40
1
 40
1
 10
58.120767
 20
124.833907
 30
0
 10
58.450698
 20
124.944269
 30
0
 10
59.172817
 20
124.930578
 30
0
 10
59.172817
 20
124.930578
 30
0
  0
SPLINE
  5
6DD
100
AcDbEntity
  8
Layer_1
  6
ByLayer
 62
    1
370
   -1
100
AcDbSpline
210
0
220
0
230
0
 70
 4096
 71
    3
 72
    8
 73
    4
 74
    0
 42
1e-07
 43
1e-07
 40
0
 40
0
 40
0
 40
0
 40
1
 40
1
 40
1
 40
1
 10
59.172817
 20
124.462329
 30
0
 10
59.172817
 20
124.341801
 30
0
 10
59.28025
 20
124.338469
 30
0
 10
59.28025
 20
124.338469
 30
0
  0
LWPOLYLINE
  5
6DE
100
AcDbEntity
  8
Layer_1
  6
ByLayer
 62
    1
370
   -1
100
AcDbPolyline
 90
    2
 70
    0
 43
0
 10
59.172817
 20
124.930578
 10
59.172817
 20
124.462329
  0
SPLINE
  5
6DF
100
AcDbEntity
  8
Layer_1
  6
ByLayer
 62
    1
370
   -1
100
AcDbSpline
210
0
220
0
230
0
 70
 4096
 71
    3
 72
    8
 73
    4
 74
    0
 42
1e-07
 43
1e-07
 40
0
 40
0
 40
0
 40
0
 40
1
 40
1
 40
1
 40
1
 10
60.152553
 20
124.338469
 30
0
 10
60.152553
 20
124.338469
 30
0
 10
60.248279
 20
124.335337
 30
0
 10
60.248279
 20
124.445336
 30
0
  0
SPLINE
  5
6E0
100
AcDbEntity
  8
Layer_1
  6
ByLayer
 62
    1
370
   -1
100
AcDbSpline
210
0
220
0
230
0
 70
 4096
 71
    3
 72
    8
 73
    4
 74
    0
 42
1e-07
 43
1e-07
 40
0
 40
0
 40
0
 40
0
 40
1
 40
1
 40
1
 40
1
 10
60.248279
 20
124.445336
 30
0
 10
60.248279
 20
124.500197
 30
0
 10
60.247506
 20
125.018306
 30
0
 10
60.247506
 20
125.268926
 30
0
  0
SPLINE
  5
6E1
100
AcDbEntity
  8
Layer_1
  6
ByLayer
 62
    1
370
   -1
100
AcDbSpline
210
0
220
0
230
0
 70
 4096
 71
    3
 72
    8
 73
    4
 74
    0
 42
1e-07
 43
1e-07
 40
0
 40
0
 40
0
 40
0
 40
1
 40
1
 40
1
 40
1
 10
60.247506
 20
125.268926
 30
0
 10
60.247506
 20
125.514828
 30
0
 10
59.897074
 20
126.152558
 30
0
 10
59.897074
 20
126.152557
 30
0
  0
LWPOLYLINE
  5
6E2
100
AcDbEntity
  8
Layer_1
  6
ByLayer
 62
    1
370
   -1
100
AcDbPolyline
 90
    2
 70
    0
 43
0
 10
59.28025
 20
124.338469
 10
60.152553
 20
124.338469
  0
SPLINE
  5
6E3
100
AcDbEntity
  8
Layer_1
  6
ByLayer
 62
    1
370
   -1
100
AcDbSpline
210
0
220
0
230
0
 70
 4096
 71
    3
 72
    8
 73
    4
 74
    0
 42
1e-07
 43
1e-07
 40
0
 40
0
 40
0
 40
0
 40
1
 40
1
 40
1
 40
1
 10
59.268714
 20
125.740196
 30
0
 10
59.268714
 20
125.740196
 30
0
 10
58.805565
 20
125.705975
 30
0
 10
58.393202
 20
125.714518
 30
0
  0
SPLINE
  5
6E4
100
AcDbEntity
  8
Layer_1
  6
ByLayer
 62
    1
370
   -1
100
AcDbSpline
210
0
220
0
230
0
 70
 4096
 71
    3
 72
    8
 73
    4
 74
    0
 42
1e-07
 43
1e-07
 40
0
 40
0
 40
0
 40
0
 40
1
 40
1
 40
1
 40
1
 10
58.393202
 20
125.714518
 30
0
 10
58.160815
 20
125.719333
 30
0
 10
58.070981
 20
125.741635
 30
0
 10
57.909093
 20
125.908425
 30
0
  0
SPLINE
  5
6E5
100
AcDbEntity
  8
Layer_1
  6
ByLayer
 62
    1
370
   -1
100
AcDbSpline
210
0
220
0
230
0
 70
 4096
 71
    3
 72
    8
 73
    4
 74
    0
 42
1e-07
 43
1e-07
 40
0
 40
0
 40
0
 40
0
 40
1
 40
1
 40
1
 40
1
 10
57.909093
 20
125.908425
 30
0
 10
57.718387
 20
126.104906
 30
0
 10
57.610006
 20
126.517395
 30
0
 10
57.483703
 20
126.760337
 30
0
  0
SPLINE
  5
6E6
100
AcDbEntity
  8
Layer_1
  6
ByLayer
 62
    1
370
   -1
100
AcDbSpline
210
0
220
0
230
0
 70
 4096
 71
    3
 72
    8
 73
    4
 74
    0
 42
1e-07
 43
1e-07
 40
0
 40
0
 40
0
 40
0
 40
1
 40
1
 40
1
 40
1
 10
57.483703
 20
126.760337
 30
0
 10
57.349781
 20
127.017936
 30
0
 10
57.26481
 20
127.69778
 30
0
 10
56.975804
 20
127.69778
 30
0
  0
LWPOLYLINE
  5
6E7
100
AcDbEntity
  8
Layer_1
  6
ByLayer
 62
    1
370
   -1
100
AcDbPolyline
 90
    3
 70
    0
 43
0
 10
59.897074
 20
126.152557
 10
59.498307
 20
126.163131
 10
59.268714
 20
125.740196
  0
LWPOLYLINE
  5
6E8
100
AcDbEntity
  8
Layer_1
  6
ByLayer
 62
    1
370
   -1
100
AcDbPolyline
 90
    2
 70
    0
 43
0
 10
56.975804
 20
127.69778
 10
56.139016
 20
127.69778
  0
SPLINE
  5
6E9
100
AcDbEntity
  8
Layer_1
  6
ByLayer
 62
    1
370
   -1
100
AcDbSpline
210
0
220
0
230
0
 70
 4096
 71
    3
 72
    8
 73
    4
 74
    0
 42
1e-07
 43
1e-07
 40
0
 40
0
 40
0
 40
0
 40
1
 40
1
 40
1
 40
1
 10
56.537783
 20
127.06942
 30
0
 10
56.864287
 20
127.06942
 30
0
 10
57.391747
 20
125.562955
 30
0
 10
57.347401
 20
125.136004
 30
0
  0
SPLINE
  5
6EA
100
AcDbEntity
  8
Layer_1
  6
ByLayer
 62
    1
370
   -1
100
AcDbSpline
210
0
220
0
230
0
 70
 4096
 71
    3
 72
    8
 73
    4
 74
    0
 42
1e-07
 43
1e-07
 40
0
 40
0
 40
0
 40
0
 40
1
 40
1
 40
1
 40
1
 10
57.347401
 20
125.136004
 30
0
 10
57.276128
 20
124.853618
 30
0
 10
56.887629
 20
124.804309
 30
0
 10
56.699027
 20
124.778397
 30
0
  0
SPLINE
  5
6EB
100
AcDbEntity
  8
Layer_1
  6
ByLayer
 62
    1
370
   -1
100
AcDbSpline
210
0
220
0
230
0
 70
 4096
 71
    3
 72
    8
 73
    4
 74
    0
 42
1e-07
 43
1e-07
 40
0
 40
0
 40
0
 40
0
 40
1
 40
1
 40
1
 40
1
 10
56.699027
 20
124.778397
 30
0
 10
56.531427
 20
124.755371
 30
0
 10
56.467913
 20
124.761404
 30
0
 10
56.139016
 20
124.761404
 30
0
  0
LWPOLYLINE
  5
6EC
100
AcDbEntity
  8
Layer_1
  6
ByLayer
 62
    1
370
   -1
100
AcDbPolyline
 90
    2
 70
    0
 43
0
 10
56.139402
 20
127.06942
 10
56.537783
 20
127.06942
  0
SPLINE
  5
6ED
100
AcDbEntity
  8
Layer_1
  6
ByLayer
 62
    1
370
   -1
100
AcDbSpline
210
0
220
0
230
0
 70
 4096
 71
    3
 72
    8
 73
    4
 74
    0
 42
1e-07
 43
1e-07
 40
0
 40
0
 40
0
 40
0
 40
1
 40
1
 40
1
 40
1
 10
56.139016
 20
124.761404
 30
0
 10
55.810118
 20
124.761404
 30
0
 10
55.746604
 20
124.755372
 30
0
 10
55.579004
 20
124.778397
 30
0
  0
SPLINE
  5
6EE
100
AcDbEntity
  8
Layer_1
  6
ByLayer
 62
    1
370
   -1
100
AcDbSpline
210
0
220
0
230
0
 70
 4096
 71
    3
 72
    8
 73
    4
 74
    0
 42
1e-07
 43
1e-07
 40
0
 40
0
 40
0
 40
0
 40
1
 40
1
 40
1
 40
1
 10
55.579004
 20
124.778397
 30
0
 10
55.390402
 20
124.804309
 30
0
 10
55.001903
 20
124.853618
 30
0
 10
54.930631
 20
125.136004
 30
0
  0
SPLINE
  5
6EF
100
AcDbEntity
  8
Layer_1
  6
ByLayer
 62
    1
370
   -1
100
AcDbSpline
210
0
220
0
230
0
 70
 4096
 71
    3
 72
    8
 73
    4
 74
    0
 42
1e-07
 43
1e-07
 40
0
 40
0
 40
0
 40
0
 40
1
 40
1
 40
1
 40
1
 10
54.930631
 20
125.136004
 30
0
 10
54.886284
 20
125.562955
 30
0
 10
55.413744
 20
127.06942
 30
0
 10
55.740248
 20
127.06942
 30
0
  0
LWPOLYLINE
  5
6F0
100
AcDbEntity
  8
Layer_1
  6
ByLayer
 62
    1
370
   -1
100
AcDbPolyline
 90
    2
 70
    0
 43
0
 10
55.740248
 20
127.06942
 10
56.138638
 20
127.06942
  0
SPLINE
  5
6F1
100
AcDbEntity
  8
Layer_1
  6
ByLayer
 62
    1
370
   -1
100
AcDbSpline
210
0
220
0
230
0
 70
 4096
 71
    3
 72
    8
 73
    4
 74
    0
 42
1e-07
 43
1e-07
 40
0
 40
0
 40
0
 40
0
 40
1
 40
1
 40
1
 40
1
 10
55.302218
 20
127.69778
 30
0
 10
55.013212
 20
127.69778
 30
0
 10
54.928241
 20
127.017936
 30
0
 10
54.794318
 20
126.760337
 30
0
  0
SPLINE
  5
6F2
100
AcDbEntity
  8
Layer_1
  6
ByLayer
 62
    1
370
   -1
100
AcDbSpline
210
0
220
0
230
0
 70
 4096
 71
    3
 72
    8
 73
    4
 74
    0
 42
1e-07
 43
1e-07
 40
0
 40
0
 40
0
 40
0
 40
1
 40
1
 40
1
 40
1
 10
54.794318
 20
126.760337
 30
0
 10
54.668016
 20
126.517395
 30
0
 10
54.559634
 20
126.104906
 30
0
 10
54.368929
 20
125.908425
 30
0
  0
SPLINE
  5
6F3
100
AcDbEntity
  8
Layer_1
  6
ByLayer
 62
    1
370
   -1
100
AcDbSpline
210
0
220
0
230
0
 70
 4096
 71
    3
 72
    8
 73
    4
 74
    0
 42
1e-07
 43
1e-07
 40
0
 40
0
 40
0
 40
0
 40
1
 40
1
 40
1
 40
1
 10
54.368929
 20
125.908425
 30
0
 10
54.20704
 20
125.741635
 30
0
 10
54.117207
 20
125.719333
 30
0
 10
53.88482
 20
125.714518
 30
0
  0
SPLINE
  5
6F4
100
AcDbEntity
  8
Layer_1
  6
ByLayer
 62
    1
370
   -1
100
AcDbSpline
210
0
220
0
230
0
 70
 4096
 71
    3
 72
    8
 73
    4
 74
    0
 42
1e-07
 43
1e-07
 40
0
 40
0
 40
0
 40
0
 40
1
 40
1
 40
1
 40
1
 10
53.88482
 20
125.714518
 30
0
 10
53.472456
 20
125.705973
 30
0
 10
53.009307
 20
125.740196
 30
0
 10
53.009307
 20
125.740196
 30
0
  0
LWPOLYLINE
  5
6F5
100
AcDbEntity
  8
Layer_1
  6
ByLayer
 62
    1
370
   -1
100
AcDbPolyline
 90
    2
 70
    0
 43
0
 10
56.139024
 20
127.69778
 10
55.302218
 20
127.69778
  0
SPLINE
  5
6F6
100
AcDbEntity
  8
Layer_1
  6
ByLayer
 62
    1
370
   -1
100
AcDbSpline
210
0
220
0
230
0
 70
 4096
 71
    3
 72
    8
 73
    4
 74
    0
 42
1e-07
 43
1e-07
 40
0
 40
0
 40
0
 40
0
 40
1
 40
1
 40
1
 40
1
 10
52.380947
 20
126.152557
 30
0
 10
52.380947
 20
126.152558
 30
0
 10
52.030515
 20
125.501529
 30
0
 10
52.030515
 20
125.268926
 30
0
  0
SPLINE
  5
6F7
100
AcDbEntity
  8
Layer_1
  6
ByLayer
 62
    1
370
   -1
100
AcDbSpline
210
0
220
0
230
0
 70
 4096
 71
    3
 72
    8
 73
    4
 74
    0
 42
1e-07
 43
1e-07
 40
0
 40
0
 40
0
 40
0
 40
1
 40
1
 40
1
 40
1
 10
52.030515
 20
125.268926
 30
0
 10
52.030515
 20
125.04299
 30
0
 10
52.029742
 20
124.568561
 30
0
 10
52.029742
 20
124.445336
 30
0
  0
SPLINE
  5
6F8
100
AcDbEntity
  8
Layer_1
  6
ByLayer
 62
    1
370
   -1
100
AcDbSpline
210
0
220
0
230
0
 70
 4096
 71
    3
 72
    8
 73
    4
 74
    0
 42
1e-07
 43
1e-07
 40
0
 40
0
 40
0
 40
0
 40
1
 40
1
 40
1
 40
1
 10
52.029742
 20
124.445336
 30
0
 10
52.029742
 20
124.344946
 30
0
 10
52.125468
 20
124.338469
 30
0
 10
52.125468
 20
124.338469
 30
0
  0
LWPOLYLINE
  5
6F9
100
AcDbEntity
  8
Layer_1
  6
ByLayer
 62
    1
370
   -1
100
AcDbPolyline
 90
    3
 70
    0
 43
0
 10
53.009307
 20
125.740196
 10
52.779714
 20
126.163131
 10
52.380947
 20
126.152557
  0
SPLINE
  5
6FA
100
AcDbEntity
  8
Layer_1
  6
ByLayer
 62
    1
370
   -1
100
AcDbSpline
210
0
220
0
230
0
 70
 4096
 71
    3
 72
    8
 73
    4
 74
    0
 42
1e-07
 43
1e-07
 40
0
 40
0
 40
0
 40
0
 40
1
 40
1
 40
1
 40
1
 10
52.997771
 20
124.338469
 30
0
 10
52.997771
 20
124.338469
 30
0
 10
53.105204
 20
124.341805
 30
0
 10
53.105204
 20
124.462329
 30
0
  0
LWPOLYLINE
  5
6FB
100
AcDbEntity
  8
Layer_1
  6
ByLayer
 62
    1
370
   -1
100
AcDbPolyline
 90
    2
 70
    0
 43
0
 10
52.125468
 20
124.338469
 10
52.997771
 20
124.338469
  0
SPLINE
  5
6FC
100
AcDbEntity
  8
Layer_1
  6
ByLayer
 62
    1
370
   -1
100
AcDbSpline
210
0
220
0
230
0
 70
 4096
 71
    3
 72
    8
 73
    4
 74
    0
 42
1e-07
 43
1e-07
 40
0
 40
0
 40
0
 40
0
 40
1
 40
1
 40
1
 40
1
 10
53.105204
 20
124.930578
 30
0
 10
53.105204
 20
124.930578
 30
0
 10
53.827324
 20
124.944269
 30
0
 10
54.157254
 20
124.833907
 30
0
  0
SPLINE
  5
6FD
100
AcDbEntity
  8
Layer_1
  6
ByLayer
 62
    1
370
   -1
100
AcDbSpline
210
0
220
0
230
0
 70
 4096
 71
    3
 72
    8
 73
    4
 74
    0
 42
1e-07
 43
1e-07
 40
0
 40
0
 40
0
 40
0
 40
1
 40
1
 40
1
 40
1
 10
54.157254
 20
124.833907
 30
0
 10
54.368216
 20
124.763341
 30
0
 10
54.532268
 20
124.594215
 30
0
 10
54.725195
 20
124.483476
 30
0
  0
SPLINE
  5
6FE
100
AcDbEntity
  8
Layer_1
  6
ByLayer
 62
    1
370
   -1
100
AcDbSpline
210
0
220
0
230
0
 70
 4096
 71
    3
 72
    8
 73
    4
 74
    0
 42
1e-07
 43
1e-07
 40
0
 40
0
 40
0
 40
0
 40
1
 40
1
 40
1
 40
1
 10
54.725195
 20
124.483476
 30
0
 10
55.266851
 20
124.172568
 30
0
 10
55.570134
 20
124.229715
 30
0
 10
56.138628
 20
124.229715
 30
0
  0
SPLINE
  5
6FF
100
AcDbEntity
  8
Layer_1
  6
ByLayer
 62
    1
370
   -1
100
AcDbSpline
210
0
220
0
230
0
 70
 4096
 71
    3
 72
    8
 73
    4
 74
    0
 42
1e-07
 43
1e-07
 40
0
 40
0
 40
0
 40
0
 40
1
 40
1
 40
1
 40
1
 10
58.049774
 20
126.416514
 30
0
 10
58.203921
 20
126.417886
 30
0
 10
58.343563
 20
126.521492
 30
0
 10
58.343563
 20
126.521492
 30
0
  0
SPLINE
  5
700
100
AcDbEntity
  8
Layer_1
  6
ByLayer
 62
    1
370
   -1
100
AcDbSpline
210
0
220
0
230
0
 70
 4096
 71
    3
 72
    8
 73
    4
 74
    0
 42
1e-07
 43
1e-07
 40
0
 40
0
 40
0
 40
0
 40
1
 40
1
 40
1
 40
1
 10
58.343563
 20
126.521492
 30
0
 10
58.343563
 20
126.521492
 30
0
 10
59.496656
 20
127.528506
 30
0
 10
59.764737
 20
128.214931
 30
0
  0
SPLINE
  5
701
100
AcDbEntity
  8
Layer_1
  6
ByLayer
 62
    1
370
   -1
100
AcDbSpline
210
0
220
0
230
0
 70
 4096
 71
    3
 72
    8
 73
    4
 74
    0
 42
1e-07
 43
1e-07
 40
0
 40
0
 40
0
 40
0
 40
1
 40
1
 40
1
 40
1
 10
59.764737
 20
128.214931
 30
0
 10
60.016269
 20
128.858985
 30
0
 10
59.86103
 20
130.286933
 30
0
 10
59.86103
 20
130.286933
 30
0
  0
SPLINE
  5
702
100
AcDbEntity
  8
Layer_1
  6
ByLayer
 62
    1
370
   -1
100
AcDbSpline
210
0
220
0
230
0
 70
 4096
 71
    3
 72
    8
 73
    4
 74
    0
 42
1e-07
 43
1e-07
 40
0
 40
0
 40
0
 40
0
 40
1
 40
1
 40
1
 40
1
 10
59.86103
 20
130.286933
 30
0
 10
59.86103
 20
130.286933
 30
0
 10
59.845214
 20
130.655855
 30
0
 10
59.510598
 20
130.656435
 30
0
  0
SPLINE
  5
703
100
AcDbEntity
  8
Layer_1
  6
ByLayer
 62
    1
370
   -1
100
AcDbSpline
210
0
220
0
230
0
 70
 4096
 71
    3
 72
    8
 73
    4
 74
    0
 42
1e-07
 43
1e-07
 40
0
 40
0
 40
0
 40
0
 40
1
 40
1
 40
1
 40
1
 10
59.510598
 20
130.656435
 30
0
 10
59.175983
 20
130.657015
 30
0
 10
59.149594
 20
130.325451
 30
0
 10
59.149594
 20
130.325451
 30
0
  0
SPLINE
  5
704
100
AcDbEntity
  8
Layer_1
  6
ByLayer
 62
    1
370
   -1
100
AcDbSpline
210
0
220
0
230
0
 70
 4096
 71
    3
 72
    8
 73
    4
 74
    0
 42
1e-07
 43
1e-07
 40
0
 40
0
 40
0
 40
0
 40
1
 40
1
 40
1
 40
1
 10
59.149594
 20
130.325451
 30
0
 10
59.149594
 20
130.325451
 30
0
 10
59.29101
 20
129.108146
 30
0
 10
59.081244
 20
128.556678
 30
0
  0
SPLINE
  5
705
100
AcDbEntity
  8
Layer_1
  6
ByLayer
 62
    1
370
   -1
100
AcDbSpline
210
0
220
0
230
0
 70
 4096
 71
    3
 72
    8
 73
    4
 74
    0
 42
1e-07
 43
1e-07
 40
0
 40
0
 40
0
 40
0
 40
1
 40
1
 40
1
 40
1
 10
59.081244
 20
128.556678
 30
0
 10
58.83977
 20
127.92185
 30
0
 10
57.786951
 20
126.982945
 30
0
 10
57.786951
 20
126.982945
 30
0
  0
SPLINE
  5
706
100
AcDbEntity
  8
Layer_1
  6
ByLayer
 62
    1
370
   -1
100
AcDbSpline
210
0
220
0
230
0
 70
 4096
 71
    3
 72
    8
 73
    4
 74
    0
 42
1e-07
 43
1e-07
 40
0
 40
0
 40
0
 40
0
 40
1
 40
1
 40
1
 40
1
 10
57.786951
 20
126.982945
 30
0
 10
57.78695
 20
126.982945
 30
0
 10
57.636225
 20
126.692692
 30
0
 10
57.842272
 20
126.497325
 30
0
  0
SPLINE
  5
707
100
AcDbEntity
  8
Layer_1
  6
ByLayer
 62
    1
370
   -1
100
AcDbSpline
210
0
220
0
230
0
 70
 4096
 71
    3
 72
    8
 73
    4
 74
    0
 42
1e-07
 43
1e-07
 40
0
 40
0
 40
0
 40
0
 40
1
 40
1
 40
1
 40
1
 10
57.842272
 20
126.497325
 30
0
 10
57.906661
 20
126.436272
 30
0
 10
57.979709
 20
126.415892
 30
0
 10
58.049774
 20
126.416514
 30
0
  0
LWPOLYLINE
  5
708
100
AcDbEntity
  8
Layer_1
  6
ByLayer
 62
    1
370
   -1
100
AcDbPolyline
 90
    2
 70
    0
 43
0
 10
53.105204
 20
124.462329
 10
53.105204
 20
124.930578
  0
SPLINE
  5
709
100
AcDbEntity
  8
Layer_1
  6
ByLayer
 62
    1
370
   -1
100
AcDbSpline
210
0
220
0
230
0
 70
 4096
 71
    3
 72
    8
 73
    4
 74
    0
 42
1e-07
 43
1e-07
 40
0
 40
0
 40
0
 40
0
 40
1
 40
1
 40
1
 40
1
 10
54.228257
 20
126.416514
 30
0
 10
54.298322
 20
126.415934
 30
0
 10
54.37137
 20
126.436272
 30
0
 10
54.435759
 20
126.497325
 30
0
  0
SPLINE
  5
70A
100
AcDbEntity
  8
Layer_1
  6
ByLayer
 62
    1
370
   -1
100
AcDbSpline
210
0
220
0
230
0
 70
 4096
 71
    3
 72
    8
 73
    4
 74
    0
 42
1e-07
 43
1e-07
 40
0
 40
0
 40
0
 40
0
 40
1
 40
1
 40
1
 40
1
 10
54.435759
 20
126.497325
 30
0
 10
54.641806
 20
126.692692
 30
0
 10
54.491081
 20
126.982945
 30
0
 10
54.49108
 20
126.982945
 30
0
  0
SPLINE
  5
70B
100
AcDbEntity
  8
Layer_1
  6
ByLayer
 62
    1
370
   -1
100
AcDbSpline
210
0
220
0
230
0
 70
 4096
 71
    3
 72
    8
 73
    4
 74
    0
 42
1e-07
 43
1e-07
 40
0
 40
0
 40
0
 40
0
 40
1
 40
1
 40
1
 40
1
 10
54.49108
 20
126.982945
 30
0
 10
54.491081
 20
126.982945
 30
0
 10
53.438261
 20
127.92185
 30
0
 10
53.196787
 20
128.556678
 30
0
  0
SPLINE
  5
70C
100
AcDbEntity
  8
Layer_1
  6
ByLayer
 62
    1
370
   -1
100
AcDbSpline
210
0
220
0
230
0
 70
 4096
 71
    3
 72
    8
 73
    4
 74
    0
 42
1e-07
 43
1e-07
 40
0
 40
0
 40
0
 40
0
 40
1
 40
1
 40
1
 40
1
 10
53.196787
 20
128.556678
 30
0
 10
52.987021
 20
129.108146
 30
0
 10
53.128437
 20
130.325451
 30
0
 10
53.128437
 20
130.325451
 30
0
  0
SPLINE
  5
70D
100
AcDbEntity
  8
Layer_1
  6
ByLayer
 62
    1
370
   -1
100
AcDbSpline
210
0
220
0
230
0
 70
 4096
 71
    3
 72
    8
 73
    4
 74
    0
 42
1e-07
 43
1e-07
 40
0
 40
0
 40
0
 40
0
 40
1
 40
1
 40
1
 40
1
 10
53.128437
 20
130.325451
 30
0
 10
53.128437
 20
130.325451
 30
0
 10
53.102048
 20
130.657015
 30
0
 10
52.767433
 20
130.656435
 30
0
  0
SPLINE
  5
70E
100
AcDbEntity
  8
Layer_1
  6
ByLayer
 62
    1
370
   -1
100
AcDbSpline
210
0
220
0
230
0
 70
 4096
 71
    3
 72
    8
 73
    4
 74
    0
 42
1e-07
 43
1e-07
 40
0
 40
0
 40
0
 40
0
 40
1
 40
1
 40
1
 40
1
 10
52.767433
 20
130.656435
 30
0
 10
52.432818
 20
130.655855
 30
0
 10
52.417001
 20
130.286933
 30
0
 10
52.417001
 20
130.286933
 30
0
  0
SPLINE
  5
70F
100
AcDbEntity
  8
Layer_1
  6
ByLayer
 62
    1
370
   -1
100
AcDbSpline
210
0
220
0
230
0
 70
 4096
 71
    3
 72
    8
 73
    4
 74
    0
 42
1e-07
 43
1e-07
 40
0
 40
0
 40
0
 40
0
 40
1
 40
1
 40
1
 40
1
 10
52.417001
 20
130.286933
 30
0
 10
52.417001
 20
130.286933
 30
0
 10
52.261761
 20
128.858985
 30
0
 10
52.513294
 20
128.214931
 30
0
  0
SPLINE
  5
710
100
AcDbEntity
  8
Layer_1
  6
ByLayer
 62
    1
370
   -1
100
AcDbSpline
210
0
220
0
230
0
 70
 4096
 71
    3
 72
    8
 73
    4
 74
    0
 42
1e-07
 43
1e-07
 40
0
 40
0
 40
0
 40
0
 40
1
 40
1
 40
1
 40
1
 10
52.513294
 20
128.214931
 30
0
 10
52.781375
 20
127.528506
 30
0
 10
53.934468
 20
126.521492
 30
0
 10
53.934468
 20
126.521492
 30
0
  0
SPLINE
  5
711
100
AcDbEntity
  8
Layer_1
  6
ByLayer
 62
    1
370
   -1
100
AcDbSpline
210
0
220
0
230
0
 70
 4096
 71
    3
 72
    8
 73
    4
 74
    0
 42
1e-07
 43
1e-07
 40
0
 40
0
 40
0
 40
0
 40
1
 40
1
 40
1
 40
1
 10
53.934468
 20
126.521492
 30
0
 10
53.934468
 20
126.521492
 30
0
 10
54.07411
 20
126.417886
 30
0
 10
54.228257
 20
126.416514
 30
0
  0
SPLINE
  5
712
100
AcDbEntity
  8
Layer_1
  6
ByLayer
 62
    1
370
   -1
100
AcDbSpline
210
0
220
0
230
0
 70
 4096
 71
    3
 72
    8
 73
    4
 74
    0
 42
1e-07
 43
1e-07
 40
0
 40
0
 40
0
 40
0
 40
1
 40
1
 40
1
 40
1
 10
51.915046
 20
137.411639
 30
0
 10
51.915046
 20
137.411639
 30
0
 10
52.535974
 20
138.057594
 30
0
 10
52.921593
 20
138.272613
 30
0
  0
SPLINE
  5
713
100
AcDbEntity
  8
Layer_1
  6
ByLayer
 62
    1
370
   -1
100
AcDbSpline
210
0
220
0
230
0
 70
 4096
 71
    3
 72
    8
 73
    4
 74
    0
 42
1e-07
 43
1e-07
 40
0
 40
0
 40
0
 40
0
 40
1
 40
1
 40
1
 40
1
 10
52.921593
 20
138.272613
 30
0
 10
53.182752
 20
138.418234
 30
0
 10
53.478362
 20
138.516926
 30
0
 10
53.775959
 20
138.546011
 30
0
  0
SPLINE
  5
714
100
AcDbEntity
  8
Layer_1
  6
ByLayer
 62
    1
370
   -1
100
AcDbSpline
210
0
220
0
230
0
 70
 4096
 71
    3
 72
    8
 73
    4
 74
    0
 42
1e-07
 43
1e-07
 40
0
 40
0
 40
0
 40
0
 40
1
 40
1
 40
1
 40
1
 10
53.775959
 20
138.546011
 30
0
 10
54.072753
 20
138.575018
 30
0
 10
54.375437
 20
138.516023
 30
0
 10
54.664688
 20
138.443487
 30
0
  0
SPLINE
  5
715
100
AcDbEntity
  8
Layer_1
  6
ByLayer
 62
    1
370
   -1
100
AcDbSpline
210
0
220
0
230
0
 70
 4096
 71
    3
 72
    8
 73
    4
 74
    0
 42
1e-07
 43
1e-07
 40
0
 40
0
 40
0
 40
0
 40
1
 40
1
 40
1
 40
1
 10
54.664688
 20
138.443487
 30
0
 10
54.920182
 20
138.379416
 30
0
 10
55.315317
 20
138.132996
 30
0
 10
55.399537
 20
138.152908
 30
0
  0
SPLINE
  5
716
100
AcDbEntity
  8
Layer_1
  6
ByLayer
 62
    1
370
   -1
100
AcDbSpline
210
0
220
0
230
0
 70
 4096
 71
    3
 72
    8
 73
    4
 74
    0
 42
1e-07
 43
1e-07
 40
0
 40
0
 40
0
 40
0
 40
1
 40
1
 40
1
 40
1
 10
55.399537
 20
138.152908
 30
0
 10
55.421941
 20
138.236127
 30
0
 10
55.134963
 20
138.615255
 30
0
 10
54.97226
 20
138.853583
 30
0
  0
SPLINE
  5
717
100
AcDbEntity
  8
Layer_1
  6
ByLayer
 62
    1
370
   -1
100
AcDbSpline
210
0
220
0
230
0
 70
 4096
 71
    3
 72
    8
 73
    4
 74
    0
 42
1e-07
 43
1e-07
 40
0
 40
0
 40
0
 40
0
 40
1
 40
1
 40
1
 40
1
 10
54.97226
 20
138.853583
 30
0
 10
54.73701
 20
138.873542
 30
0
 10
54.339568
 20
138.854356
 30
0
 10
54.339934
 20
139.135535
 30
0
  0
SPLINE
  5
718
100
AcDbEntity
  8
Layer_1
  6
ByLayer
 62
    1
370
   -1
100
AcDbSpline
210
0
220
0
230
0
 70
 4096
 71
    3
 72
    8
 73
    4
 74
    0
 42
1e-07
 43
1e-07
 40
0
 40
0
 40
0
 40
0
 40
1
 40
1
 40
1
 40
1
 10
53.389276
 20
140.015709
 30
0
 10
53.201348
 20
140.025402
 30
0
 10
53.124846
 20
140.139561
 30
0
 10
53.11248
 20
140.301001
 30
0
  0
LWPOLYLINE
  5
719
100
AcDbEntity
  8
Layer_1
  6
ByLayer
 62
    1
370
   -1
100
AcDbPolyline
 90
    3
 70
    0
 43
0
 10
54.339934
 20
139.135535
 10
54.322941
 20
140.015709
 10
53.389276
 20
140.015709
  0
SPLINE
  5
71A
100
AcDbEntity
  8
Layer_1
  6
ByLayer
 62
    1
370
   -1
100
AcDbSpline
210
0
220
0
230
0
 70
 4096
 71
    3
 72
    8
 73
    4
 74
    0
 42
1e-07
 43
1e-07
 40
0
 40
0
 40
0
 40
0
 40
1
 40
1
 40
1
 40
1
 10
52.141618
 20
141.187842
 30
0
 10
52.038132
 20
141.226913
 30
0
 10
51.967941
 20
141.258652
 30
0
 10
51.957339
 20
141.411393
 30
0
  0
LWPOLYLINE
  5
71B
100
AcDbEntity
  8
Layer_1
  6
ByLayer
 62
    1
370
   -1
100
AcDbPolyline
 90
    3
 70
    0
 43
0
 10
53.11248
 20
140.301001
 10
53.050928
 20
141.169716
 10
52.141618
 20
141.187842
  0
SPLINE
  5
71C
100
AcDbEntity
  8
Layer_1
  6
ByLayer
 62
    1
370
   -1
100
AcDbSpline
210
0
220
0
230
0
 70
 4096
 71
    3
 72
    8
 73
    4
 74
    0
 42
1e-07
 43
1e-07
 40
0
 40
0
 40
0
 40
0
 40
1
 40
1
 40
1
 40
1
 10
50.957401
 20
142.523108
 30
0
 10
50.865877
 20
142.560844
 30
0
 10
50.831203
 20
142.591147
 30
0
 10
50.821457
 20
142.698323
 30
0
  0
LWPOLYLINE
  5
71D
100
AcDbEntity
  8
Layer_1
  6
ByLayer
 62
    1
370
   -1
100
AcDbPolyline
 90
    3
 70
    0
 43
0
 10
51.957339
 20
141.411393
 10
51.945255
 20
142.517066
 10
50.957401
 20
142.523108
  0
SPLINE
  5
71E
100
AcDbEntity
  8
Layer_1
  6
ByLayer
 62
    1
370
   -1
100
AcDbSpline
210
0
220
0
230
0
 70
 4096
 71
    3
 72
    8
 73
    4
 74
    0
 42
1e-07
 43
1e-07
 40
0
 40
0
 40
0
 40
0
 40
1
 40
1
 40
1
 40
1
 10
49.909127
 20
143.773786
 30
0
 10
49.800775
 20
143.779393
 30
0
 10
49.741835
 20
143.866305
 30
0
 10
49.752037
 20
143.955044
 30
0
  0
LWPOLYLINE
  5
71F
100
AcDbEntity
  8
Layer_1
  6
ByLayer
 62
    1
370
   -1
100
AcDbPolyline
 90
    3
 70
    0
 43
0
 10
50.821457
 20
142.698323
 10
50.821457
 20
143.810038
 10
49.909127
 20
143.773786
  0
SPLINE
  5
720
100
AcDbEntity
  8
Layer_1
  6
ByLayer
 62
    1
370
   -1
100
AcDbSpline
210
0
220
0
230
0
 70
 4096
 71
    3
 72
    8
 73
    4
 74
    0
 42
1e-07
 43
1e-07
 40
0
 40
0
 40
0
 40
0
 40
1
 40
1
 40
1
 40
1
 10
49.812456
 20
145.024465
 30
0
 10
49.812456
 20
145.024465
 30
0
 10
49.361878
 20
145.317134
 30
0
 10
49.208263
 20
145.241974
 30
0
  0
LWPOLYLINE
  5
721
100
AcDbEntity
  8
Layer_1
  6
ByLayer
 62
    1
370
   -1
100
AcDbPolyline
 90
    2
 70
    0
 43
0
 10
49.752037
 20
143.955044
 10
49.812456
 20
145.024465
  0
SPLINE
  5
722
100
AcDbEntity
  8
Layer_1
  6
ByLayer
 62
    1
370
   -1
100
AcDbSpline
210
0
220
0
230
0
 70
 4096
 71
    3
 72
    8
 73
    4
 74
    0
 42
1e-07
 43
1e-07
 40
0
 40
0
 40
0
 40
0
 40
1
 40
1
 40
1
 40
1
 10
54.237481
 20
133.829198
 30
0
 10
54.322865
 20
133.832108
 30
0
 10
54.406836
 20
133.899874
 30
0
 10
54.455368
 20
133.970427
 30
0
  0
SPLINE
  5
723
100
AcDbEntity
  8
Layer_1
  6
ByLayer
 62
    1
370
   -1
100
AcDbSpline
210
0
220
0
230
0
 70
 4096
 71
    3
 72
    8
 73
    4
 74
    0
 42
1e-07
 43
1e-07
 40
0
 40
0
 40
0
 40
0
 40
1
 40
1
 40
1
 40
1
 10
54.455368
 20
133.970427
 30
0
 10
54.497163
 20
134.031192
 30
0
 10
54.486078
 20
134.114958
 30
0
 10
54.493696
 20
134.188315
 30
0
  0
SPLINE
  5
724
100
AcDbEntity
  8
Layer_1
  6
ByLayer
 62
    1
370
   -1
100
AcDbSpline
210
0
220
0
230
0
 70
 4096
 71
    3
 72
    8
 73
    4
 74
    0
 42
1e-07
 43
1e-07
 40
0
 40
0
 40
0
 40
0
 40
1
 40
1
 40
1
 40
1
 10
54.493696
 20
134.188315
 30
0
 10
54.502822
 20
134.276183
 30
0
 10
54.470245
 20
134.370927
 30
0
 10
54.502377
 20
134.453215
 30
0
  0
SPLINE
  5
725
100
AcDbEntity
  8
Layer_1
  6
ByLayer
 62
    1
370
   -1
100
AcDbSpline
210
0
220
0
230
0
 70
 4096
 71
    3
 72
    8
 73
    4
 74
    0
 42
1e-07
 43
1e-07
 40
0
 40
0
 40
0
 40
0
 40
1
 40
1
 40
1
 40
1
 10
54.502377
 20
134.453215
 30
0
 10
54.517435
 20
134.491776
 30
0
 10
54.55251
 20
134.519658
 30
0
 10
54.583376
 20
134.547243
 30
0
  0
SPLINE
  5
726
100
AcDbEntity
  8
Layer_1
  6
ByLayer
 62
    1
370
   -1
100
AcDbSpline
210
0
220
0
230
0
 70
 4096
 71
    3
 72
    8
 73
    4
 74
    0
 42
1e-07
 43
1e-07
 40
0
 40
0
 40
0
 40
0
 40
1
 40
1
 40
1
 40
1
 10
54.583376
 20
134.547243
 30
0
 10
54.872894
 20
134.805984
 30
0
 10
55.214684
 20
135.000627
 30
0
 10
55.544798
 20
135.205057
 30
0
  0
SPLINE
  5
727
100
AcDbEntity
  8
Layer_1
  6
ByLayer
 62
    1
370
   -1
100
AcDbSpline
210
0
220
0
230
0
 70
 4096
 71
    3
 72
    8
 73
    4
 74
    0
 42
1e-07
 43
1e-07
 40
0
 40
0
 40
0
 40
0
 40
1
 40
1
 40
1
 40
1
 10
55.544798
 20
135.205057
 30
0
 10
55.76106
 20
135.338982
 30
0
 10
55.966459
 20
135.507843
 30
0
 10
56.211298
 20
135.576824
 30
0
  0
SPLINE
  5
728
100
AcDbEntity
  8
Layer_1
  6
ByLayer
 62
    1
370
   -1
100
AcDbSpline
210
0
220
0
230
0
 70
 4096
 71
    3
 72
    8
 73
    4
 74
    0
 42
1e-07
 43
1e-07
 40
0
 40
0
 40
0
 40
0
 40
1
 40
1
 40
1
 40
1
 10
56.211298
 20
135.576824
 30
0
 10
56.312816
 20
135.605426
 30
0
 10
56.426234
 20
135.6196
 30
0
 10
56.527366
 20
135.589663
 30
0
  0
SPLINE
  5
729
100
AcDbEntity
  8
Layer_1
  6
ByLayer
 62
    1
370
   -1
100
AcDbSpline
210
0
220
0
230
0
 70
 4096
 71
    3
 72
    8
 73
    4
 74
    0
 42
1e-07
 43
1e-07
 40
0
 40
0
 40
0
 40
0
 40
1
 40
1
 40
1
 40
1
 10
56.527366
 20
135.589663
 30
0
 10
56.5907
 20
135.570916
 30
0
 10
56.657525
 20
135.509945
 30
0
 10
56.706736
 20
135.546803
 30
0
  0
SPLINE
  5
72A
100
AcDbEntity
  8
Layer_1
  6
ByLayer
 62
    1
370
   -1
100
AcDbSpline
210
0
220
0
230
0
 70
 4096
 71
    3
 72
    8
 73
    4
 74
    0
 42
1e-07
 43
1e-07
 40
0
 40
0
 40
0
 40
0
 40
1
 40
1
 40
1
 40
1
 10
56.706736
 20
135.546803
 30
0
 10
56.792575
 20
135.611095
 30
0
 10
56.711077
 20
135.726362
 30
0
 10
56.711077
 20
135.726362
 30
0
  0
SPLINE
  5
72B
100
AcDbEntity
  8
Layer_1
  6
ByLayer
 62
    1
370
   -1
100
AcDbSpline
210
0
220
0
230
0
 70
 4096
 71
    3
 72
    8
 73
    4
 74
    0
 42
1e-07
 43
1e-07
 40
0
 40
0
 40
0
 40
0
 40
1
 40
1
 40
1
 40
1
 10
56.711077
 20
135.726362
 30
0
 10
56.711077
 20
135.726362
 30
0
 10
55.919321
 20
137.071699
 30
0
 10
55.383175
 20
137.629191
 30
0
  0
SPLINE
  5
72C
100
AcDbEntity
  8
Layer_1
  6
ByLayer
 62
    1
370
   -1
100
AcDbSpline
210
0
220
0
230
0
 70
 4096
 71
    3
 72
    8
 73
    4
 74
    0
 42
1e-07
 43
1e-07
 40
0
 40
0
 40
0
 40
0
 40
1
 40
1
 40
1
 40
1
 10
55.383175
 20
137.629191
 30
0
 10
55.267581
 20
137.749386
 30
0
 10
55.130258
 20
137.850439
 30
0
 10
54.984408
 20
137.931287
 30
0
  0
SPLINE
  5
72D
100
AcDbEntity
  8
Layer_1
  6
ByLayer
 62
    1
370
   -1
100
AcDbSpline
210
0
220
0
230
0
 70
 4096
 71
    3
 72
    8
 73
    4
 74
    0
 42
1e-07
 43
1e-07
 40
0
 40
0
 40
0
 40
0
 40
1
 40
1
 40
1
 40
1
 10
54.984408
 20
137.931287
 30
0
 10
54.826072
 20
138.019056
 30
0
 10
54.653357
 20
138.084242
 30
0
 10
54.476886
 20
138.124629
 30
0
  0
SPLINE
  5
72E
100
AcDbEntity
  8
Layer_1
  6
ByLayer
 62
    1
370
   -1
100
AcDbSpline
210
0
220
0
230
0
 70
 4096
 71
    3
 72
    8
 73
    4
 74
    0
 42
1e-07
 43
1e-07
 40
0
 40
0
 40
0
 40
0
 40
1
 40
1
 40
1
 40
1
 10
54.476886
 20
138.124629
 30
0
 10
54.248308
 20
138.176937
 30
0
 10
54.008577
 20
138.2151
 30
0
 10
53.776023
 20
138.185048
 30
0
  0
SPLINE
  5
72F
100
AcDbEntity
  8
Layer_1
  6
ByLayer
 62
    1
370
   -1
100
AcDbSpline
210
0
220
0
230
0
 70
 4096
 71
    3
 72
    8
 73
    4
 74
    0
 42
1e-07
 43
1e-07
 40
0
 40
0
 40
0
 40
0
 40
1
 40
1
 40
1
 40
1
 10
53.776023
 20
138.185048
 30
0
 10
53.538478
 20
138.154351
 30
0
 10
53.31514
 20
138.047266
 30
0
 10
53.099327
 20
137.943371
 30
0
  0
SPLINE
  5
730
100
AcDbEntity
  8
Layer_1
  6
ByLayer
 62
    1
370
   -1
100
AcDbSpline
210
0
220
0
230
0
 70
 4096
 71
    3
 72
    8
 73
    4
 74
    0
 42
1e-07
 43
1e-07
 40
0
 40
0
 40
0
 40
0
 40
1
 40
1
 40
1
 40
1
 10
53.099327
 20
137.943371
 30
0
 10
52.920053
 20
137.857067
 30
0
 10
52.745343
 20
137.755736
 30
0
 10
52.591805
 20
137.629191
 30
0
  0
SPLINE
  5
731
100
AcDbEntity
  8
Layer_1
  6
ByLayer
 62
    1
370
   -1
100
AcDbSpline
210
0
220
0
230
0
 70
 4096
 71
    3
 72
    8
 73
    4
 74
    0
 42
1e-07
 43
1e-07
 40
0
 40
0
 40
0
 40
0
 40
1
 40
1
 40
1
 40
1
 10
52.591805
 20
137.629191
 30
0
 10
52.42244
 20
137.4896
 30
0
 10
52.144703
 20
137.145837
 30
0
 10
52.144703
 20
137.145837
 30
0
  0
SPLINE
  5
732
100
AcDbEntity
  8
Layer_1
  6
ByLayer
 62
    1
370
   -1
100
AcDbSpline
210
0
220
0
230
0
 70
 4096
 71
    3
 72
    8
 73
    4
 74
    0
 42
1e-07
 43
1e-07
 40
0
 40
0
 40
0
 40
0
 40
1
 40
1
 40
1
 40
1
 10
52.144703
 20
137.145837
 30
0
 10
52.144703
 20
137.145837
 30
0
 10
53.492692
 20
135.153985
 30
0
 10
54.0177
 20
134.076539
 30
0
  0
SPLINE
  5
733
100
AcDbEntity
  8
Layer_1
  6
ByLayer
 62
    1
370
   -1
100
AcDbSpline
210
0
220
0
230
0
 70
 4096
 71
    3
 72
    8
 73
    4
 74
    0
 42
1e-07
 43
1e-07
 40
0
 40
0
 40
0
 40
0
 40
1
 40
1
 40
1
 40
1
 10
54.0177
 20
134.076539
 30
0
 10
54.036244
 20
134.038482
 30
0
 10
54.037516
 20
133.991939
 30
0
 10
54.062259
 20
133.957588
 30
0
  0
SPLINE
  5
734
100
AcDbEntity
  8
Layer_1
  6
ByLayer
 62
    1
370
   -1
100
AcDbSpline
210
0
220
0
230
0
 70
 4096
 71
    3
 72
    8
 73
    4
 74
    0
 42
1e-07
 43
1e-07
 40
0
 40
0
 40
0
 40
0
 40
1
 40
1
 40
1
 40
1
 10
54.062259
 20
133.957588
 30
0
 10
54.101906
 20
133.902545
 30
0
 10
54.152626
 20
133.834162
 30
0
 10
54.220293
 20
133.829387
 30
0
  0
SPLINE
  5
735
100
AcDbEntity
  8
Layer_1
  6
ByLayer
 62
    1
370
   -1
100
AcDbSpline
210
0
220
0
230
0
 70
 4096
 71
    3
 72
    8
 73
    4
 74
    0
 42
1e-07
 43
1e-07
 40
0
 40
0
 40
0
 40
0
 40
1
 40
1
 40
1
 40
1
 10
54.220293
 20
133.829387
 30
0
 10
54.225987
 20
133.829
 30
0
 10
54.231783
 20
133.829
 30
0
 10
54.237475
 20
133.829193
 30
0
  0
LWPOLYLINE
  5
736
100
AcDbEntity
  8
Layer_1
  6
ByLayer
 62
    1
370
   -1
100
AcDbPolyline
 90
    3
 70
    0
 43
0
 10
49.208263
 20
145.241974
 10
47.854872
 20
144.516943
 10
51.915046
 20
137.411639
  0
SPLINE
  5
737
100
AcDbEntity
  8
Layer_1
  6
ByLayer
 62
    1
370
   -1
100
AcDbSpline
210
0
220
0
230
0
 70
 4096
 71
    3
 72
    8
 73
    4
 74
    0
 42
1e-07
 43
1e-07
 40
0
 40
0
 40
0
 40
0
 40
1
 40
1
 40
1
 40
1
 10
54.282229
 20
135.217896
 30
0
 10
54.277279
 20
135.217703
 30
0
 10
54.272322
 20
135.217606
 30
0
 10
54.267312
 20
135.217896
 30
0
  0
SPLINE
  5
738
100
AcDbEntity
  8
Layer_1
  6
ByLayer
 62
    1
370
   -1
100
AcDbSpline
210
0
220
0
230
0
 70
 4096
 71
    3
 72
    8
 73
    4
 74
    0
 42
1e-07
 43
1e-07
 40
0
 40
0
 40
0
 40
0
 40
1
 40
1
 40
1
 40
1
 10
54.267312
 20
135.217896
 30
0
 10
54.202201
 20
135.221541
 30
0
 10
54.109719
 20
135.276644
 30
0
 10
54.057922
 20
135.316267
 30
0
  0
SPLINE
  5
739
100
AcDbEntity
  8
Layer_1
  6
ByLayer
 62
    1
370
   -1
100
AcDbSpline
210
0
220
0
230
0
 70
 4096
 71
    3
 72
    8
 73
    4
 74
    0
 42
1e-07
 43
1e-07
 40
0
 40
0
 40
0
 40
0
 40
1
 40
1
 40
1
 40
1
 10
54.057922
 20
135.316267
 30
0
 10
53.929091
 20
135.414817
 30
0
 10
53.839759
 20
135.521304
 30
0
 10
53.746008
 20
135.65367
 30
0
  0
SPLINE
  5
73A
100
AcDbEntity
  8
Layer_1
  6
ByLayer
 62
    1
370
   -1
100
AcDbSpline
210
0
220
0
230
0
 70
 4096
 71
    3
 72
    8
 73
    4
 74
    0
 42
1e-07
 43
1e-07
 40
0
 40
0
 40
0
 40
0
 40
1
 40
1
 40
1
 40
1
 10
53.746008
 20
135.65367
 30
0
 10
53.707314
 20
135.708302
 30
0
 10
53.670587
 20
135.770668
 30
0
 10
53.665008
 20
135.837382
 30
0
  0
SPLINE
  5
73B
100
AcDbEntity
  8
Layer_1
  6
ByLayer
 62
    1
370
   -1
100
AcDbSpline
210
0
220
0
230
0
 70
 4096
 71
    3
 72
    8
 73
    4
 74
    0
 42
1e-07
 43
1e-07
 40
0
 40
0
 40
0
 40
0
 40
1
 40
1
 40
1
 40
1
 10
53.665008
 20
135.837382
 30
0
 10
53.65827
 20
135.917924
 30
0
 10
53.683992
 20
136.002612
 30
0
 10
53.724672
 20
136.072451
 30
0
  0
SPLINE
  5
73C
100
AcDbEntity
  8
Layer_1
  6
ByLayer
 62
    1
370
   -1
100
AcDbSpline
210
0
220
0
230
0
 70
 4096
 71
    3
 72
    8
 73
    4
 74
    0
 42
1e-07
 43
1e-07
 40
0
 40
0
 40
0
 40
0
 40
1
 40
1
 40
1
 40
1
 10
53.724672
 20
136.072451
 30
0
 10
53.849888
 20
136.287419
 30
0
 10
54.050379
 20
136.460015
 30
0
 10
54.26297
 20
136.589225
 30
0
  0
SPLINE
  5
73D
100
AcDbEntity
  8
Layer_1
  6
ByLayer
 62
    1
370
   -1
100
AcDbSpline
210
0
220
0
230
0
 70
 4096
 71
    3
 72
    8
 73
    4
 74
    0
 42
1e-07
 43
1e-07
 40
0
 40
0
 40
0
 40
0
 40
1
 40
1
 40
1
 40
1
 10
54.26297
 20
136.589225
 30
0
 10
54.478865
 20
136.720444
 30
0
 10
54.729507
 20
136.806952
 30
0
 10
54.980826
 20
136.83279
 30
0
  0
SPLINE
  5
73E
100
AcDbEntity
  8
Layer_1
  6
ByLayer
 62
    1
370
   -1
100
AcDbSpline
210
0
220
0
230
0
 70
 4096
 71
    3
 72
    8
 73
    4
 74
    0
 42
1e-07
 43
1e-07
 40
0
 40
0
 40
0
 40
0
 40
1
 40
1
 40
1
 40
1
 10
54.980826
 20
136.83279
 30
0
 10
55.06218
 20
136.841152
 30
0
 10
55.146297
 20
136.827251
 30
0
 10
55.224391
 20
136.802957
 30
0
  0
SPLINE
  5
73F
100
AcDbEntity
  8
Layer_1
  6
ByLayer
 62
    1
370
   -1
100
AcDbSpline
210
0
220
0
230
0
 70
 4096
 71
    3
 72
    8
 73
    4
 74
    0
 42
1e-07
 43
1e-07
 40
0
 40
0
 40
0
 40
0
 40
1
 40
1
 40
1
 40
1
 10
55.224391
 20
136.802957
 30
0
 10
55.294945
 20
136.781013
 30
0
 10
55.365732
 20
136.749751
 30
0
 10
55.420753
 20
136.700434
 30
0
  0
SPLINE
  5
740
100
AcDbEntity
  8
Layer_1
  6
ByLayer
 62
    1
370
   -1
100
AcDbSpline
210
0
220
0
230
0
 70
 4096
 71
    3
 72
    8
 73
    4
 74
    0
 42
1e-07
 43
1e-07
 40
0
 40
0
 40
0
 40
0
 40
1
 40
1
 40
1
 40
1
 10
55.420753
 20
136.700434
 30
0
 10
55.559871
 20
136.575738
 30
0
 10
55.692792
 20
136.417157
 30
0
 10
55.732668
 20
136.234639
 30
0
  0
SPLINE
  5
741
100
AcDbEntity
  8
Layer_1
  6
ByLayer
 62
    1
370
   -1
100
AcDbSpline
210
0
220
0
230
0
 70
 4096
 71
    3
 72
    8
 73
    4
 74
    0
 42
1e-07
 43
1e-07
 40
0
 40
0
 40
0
 40
0
 40
1
 40
1
 40
1
 40
1
 10
55.732668
 20
136.234639
 30
0
 10
55.751758
 20
136.147265
 30
0
 10
55.754911
 20
136.031258
 30
0
 10
55.689997
 20
135.969738
 30
0
  0
SPLINE
  5
742
100
AcDbEntity
  8
Layer_1
  6
ByLayer
 62
    1
370
   -1
100
AcDbSpline
210
0
220
0
230
0
 70
 4096
 71
    3
 72
    8
 73
    4
 74
    0
 42
1e-07
 43
1e-07
 40
0
 40
0
 40
0
 40
0
 40
1
 40
1
 40
1
 40
1
 10
55.689997
 20
135.969738
 30
0
 10
55.631503
 20
135.914304
 30
0
 10
55.527788
 20
135.963938
 30
0
 10
55.449642
 20
135.944249
 30
0
  0
SPLINE
  5
743
100
AcDbEntity
  8
Layer_1
  6
ByLayer
 62
    1
370
   -1
100
AcDbSpline
210
0
220
0
230
0
 70
 4096
 71
    3
 72
    8
 73
    4
 74
    0
 42
1e-07
 43
1e-07
 40
0
 40
0
 40
0
 40
0
 40
1
 40
1
 40
1
 40
1
 10
55.449642
 20
135.944249
 30
0
 10
55.241243
 20
135.891752
 30
0
 10
55.030608
 20
135.82113
 30
0
 10
54.852624
 20
135.700684
 30
0
  0
SPLINE
  5
744
100
AcDbEntity
  8
Layer_1
  6
ByLayer
 62
    1
370
   -1
100
AcDbSpline
210
0
220
0
230
0
 70
 4096
 71
    3
 72
    8
 73
    4
 74
    0
 42
1e-07
 43
1e-07
 40
0
 40
0
 40
0
 40
0
 40
1
 40
1
 40
1
 40
1
 10
54.852624
 20
135.700684
 30
0
 10
54.706657
 20
135.601905
 30
0
 10
54.628523
 20
135.422998
 30
0
 10
54.485199
 20
135.320421
 30
0
  0
SPLINE
  5
745
100
AcDbEntity
  8
Layer_1
  6
ByLayer
 62
    1
370
   -1
100
AcDbSpline
210
0
220
0
230
0
 70
 4096
 71
    3
 72
    8
 73
    4
 74
    0
 42
1e-07
 43
1e-07
 40
0
 40
0
 40
0
 40
0
 40
1
 40
1
 40
1
 40
1
 10
54.485199
 20
135.320421
 30
0
 10
54.424005
 20
135.276623
 30
0
 10
54.356466
 20
135.220997
 30
0
 10
54.282229
 20
135.217896
 30
0
  0
SPLINE
  5
746
100
AcDbEntity
  8
Layer_1
  6
ByLayer
 62
    1
370
   -1
100
AcDbSpline
210
0
220
0
230
0
 70
 4096
 71
    3
 72
    8
 73
    4
 74
    0
 42
1e-07
 43
1e-07
 40
0
 40
0
 40
0
 40
0
 40
1
 40
1
 40
1
 40
1
 10
53.02683
 20
136.88358
 30
0
 10
52.949914
 20
136.88358
 30
0
 10
52.876148
 20
136.914134
 30
0
 10
52.82176
 20
136.968522
 30
0
  0
SPLINE
  5
747
100
AcDbEntity
  8
Layer_1
  6
ByLayer
 62
    1
370
   -1
100
AcDbSpline
210
0
220
0
230
0
 70
 4096
 71
    3
 72
    8
 73
    4
 74
    0
 42
1e-07
 43
1e-07
 40
0
 40
0
 40
0
 40
0
 40
1
 40
1
 40
1
 40
1
 10
52.82176
 20
136.968522
 30
0
 10
52.767372
 20
137.02291
 30
0
 10
52.736817
 20
137.096676
 30
0
 10
52.736817
 20
137.173592
 30
0
  0
SPLINE
  5
748
100
AcDbEntity
  8
Layer_1
  6
ByLayer
 62
    1
370
   -1
100
AcDbSpline
210
0
220
0
230
0
 70
 4096
 71
    3
 72
    8
 73
    4
 74
    0
 42
1e-07
 43
1e-07
 40
0
 40
0
 40
0
 40
0
 40
1
 40
1
 40
1
 40
1
 10
52.736817
 20
137.173592
 30
0
 10
52.736817
 20
137.250508
 30
0
 10
52.767372
 20
137.324274
 30
0
 10
52.82176
 20
137.378662
 30
0
  0
SPLINE
  5
749
100
AcDbEntity
  8
Layer_1
  6
ByLayer
 62
    1
370
   -1
100
AcDbSpline
210
0
220
0
230
0
 70
 4096
 71
    3
 72
    8
 73
    4
 74
    0
 42
1e-07
 43
1e-07
 40
0
 40
0
 40
0
 40
0
 40
1
 40
1
 40
1
 40
1
 10
52.82176
 20
137.378662
 30
0
 10
52.876148
 20
137.43305
 30
0
 10
52.949914
 20
137.463604
 30
0
 10
53.02683
 20
137.463604
 30
0
  0
SPLINE
  5
74A
100
AcDbEntity
  8
Layer_1
  6
ByLayer
 62
    1
370
   -1
100
AcDbSpline
210
0
220
0
230
0
 70
 4096
 71
    3
 72
    8
 73
    4
 74
    0
 42
1e-07
 43
1e-07
 40
0
 40
0
 40
0
 40
0
 40
1
 40
1
 40
1
 40
1
 10
53.02683
 20
137.463604
 30
0
 10
53.103746
 20
137.463604
 30
0
 10
53.177511
 20
137.43305
 30
0
 10
53.231899
 20
137.378662
 30
0
  0
SPLINE
  5
74B
100
AcDbEntity
  8
Layer_1
  6
ByLayer
 62
    1
370
   -1
100
AcDbSpline
210
0
220
0
230
0
 70
 4096
 71
    3
 72
    8
 73
    4
 74
    0
 42
1e-07
 43
1e-07
 40
0
 40
0
 40
0
 40
0
 40
1
 40
1
 40
1
 40
1
 10
53.231899
 20
137.378662
 30
0
 10
53.286287
 20
137.324274
 30
0
 10
53.316842
 20
137.250508
 30
0
 10
53.316842
 20
137.173592
 30
0
  0
SPLINE
  5
74C
100
AcDbEntity
  8
Layer_1
  6
ByLayer
 62
    1
370
   -1
100
AcDbSpline
210
0
220
0
230
0
 70
 4096
 71
    3
 72
    8
 73
    4
 74
    0
 42
1e-07
 43
1e-07
 40
0
 40
0
 40
0
 40
0
 40
1
 40
1
 40
1
 40
1
 10
53.316842
 20
137.173592
 30
0
 10
53.316842
 20
137.096676
 30
0
 10
53.286287
 20
137.02291
 30
0
 10
53.231899
 20
136.968522
 30
0
  0
SPLINE
  5
74D
100
AcDbEntity
  8
Layer_1
  6
ByLayer
 62
    1
370
   -1
100
AcDbSpline
210
0
220
0
230
0
 70
 4096
 71
    3
 72
    8
 73
    4
 74
    0
 42
1e-07
 43
1e-07
 40
0
 40
0
 40
0
 40
0
 40
1
 40
1
 40
1
 40
1
 10
53.231899
 20
136.968522
 30
0
 10
53.177511
 20
136.914134
 30
0
 10
53.103746
 20
136.88358
 30
0
 10
53.02683
 20
136.88358
 30
0
  0
SPLINE
  5
74E
100
AcDbEntity
  8
Layer_1
  6
ByLayer
 62
    1
370
   -1
100
AcDbSpline
210
0
220
0
230
0
 70
 4096
 71
    3
 72
    8
 73
    4
 74
    0
 42
1e-07
 43
1e-07
 40
0
 40
0
 40
0
 40
0
 40
1
 40
1
 40
1
 40
1
 10
53.854573
 20
137.372409
 30
0
 10
53.777657
 20
137.372409
 30
0
 10
53.703891
 20
137.402964
 30
0
 10
53.649504
 20
137.457352
 30
0
  0
SPLINE
  5
74F
100
AcDbEntity
  8
Layer_1
  6
ByLayer
 62
    1
370
   -1
100
AcDbSpline
210
0
220
0
230
0
 70
 4096
 71
    3
 72
    8
 73
    4
 74
    0
 42
1e-07
 43
1e-07
 40
0
 40
0
 40
0
 40
0
 40
1
 40
1
 40
1
 40
1
 10
53.649504
 20
137.457352
 30
0
 10
53.595116
 20
137.51174
 30
0
 10
53.564561
 20
137.585505
 30
0
 10
53.564561
 20
137.662421
 30
0
  0
SPLINE
  5
750
100
AcDbEntity
  8
Layer_1
  6
ByLayer
 62
    1
370
   -1
100
AcDbSpline
210
0
220
0
230
0
 70
 4096
 71
    3
 72
    8
 73
    4
 74
    0
 42
1e-07
 43
1e-07
 40
0
 40
0
 40
0
 40
0
 40
1
 40
1
 40
1
 40
1
 10
53.564561
 20
137.662421
 30
0
 10
53.564561
 20
137.739338
 30
0
 10
53.595116
 20
137.813103
 30
0
 10
53.649504
 20
137.867491
 30
0
  0
SPLINE
  5
751
100
AcDbEntity
  8
Layer_1
  6
ByLayer
 62
    1
370
   -1
100
AcDbSpline
210
0
220
0
230
0
 70
 4096
 71
    3
 72
    8
 73
    4
 74
    0
 42
1e-07
 43
1e-07
 40
0
 40
0
 40
0
 40
0
 40
1
 40
1
 40
1
 40
1
 10
53.649504
 20
137.867491
 30
0
 10
53.703891
 20
137.921879
 30
0
 10
53.777657
 20
137.952434
 30
0
 10
53.854573
 20
137.952434
 30
0
  0
SPLINE
  5
752
100
AcDbEntity
  8
Layer_1
  6
ByLayer
 62
    1
370
   -1
100
AcDbSpline
210
0
220
0
230
0
 70
 4096
 71
    3
 72
    8
 73
    4
 74
    0
 42
1e-07
 43
1e-07
 40
0
 40
0
 40
0
 40
0
 40
1
 40
1
 40
1
 40
1
 10
53.854573
 20
137.952434
 30
0
 10
53.931489
 20
137.952434
 30
0
 10
54.005255
 20
137.921879
 30
0
 10
54.059643
 20
137.867491
 30
0
  0
SPLINE
  5
753
100
AcDbEntity
  8
Layer_1
  6
ByLayer
 62
    1
370
   -1
100
AcDbSpline
210
0
220
0
230
0
 70
 4096
 71
    3
 72
    8
 73
    4
 74
    0
 42
1e-07
 43
1e-07
 40
0
 40
0
 40
0
 40
0
 40
1
 40
1
 40
1
 40
1
 10
54.059643
 20
137.867491
 30
0
 10
54.114031
 20
137.813103
 30
0
 10
54.144586
 20
137.739338
 30
0
 10
54.144586
 20
137.662421
 30
0
  0
SPLINE
  5
754
100
AcDbEntity
  8
Layer_1
  6
ByLayer
 62
    1
370
   -1
100
AcDbSpline
210
0
220
0
230
0
 70
 4096
 71
    3
 72
    8
 73
    4
 74
    0
 42
1e-07
 43
1e-07
 40
0
 40
0
 40
0
 40
0
 40
1
 40
1
 40
1
 40
1
 10
54.144586
 20
137.662421
 30
0
 10
54.144586
 20
137.585505
 30
0
 10
54.114031
 20
137.51174
 30
0
 10
54.059643
 20
137.457352
 30
0
  0
SPLINE
  5
755
100
AcDbEntity
  8
Layer_1
  6
ByLayer
 62
    1
370
   -1
100
AcDbSpline
210
0
220
0
230
0
 70
 4096
 71
    3
 72
    8
 73
    4
 74
    0
 42
1e-07
 43
1e-07
 40
0
 40
0
 40
0
 40
0
 40
1
 40
1
 40
1
 40
1
 10
54.059643
 20
137.457352
 30
0
 10
54.005255
 20
137.402964
 30
0
 10
53.931489
 20
137.372409
 30
0
 10
53.854573
 20
137.372409
 30
0
  0
SPLINE
  5
756
100
AcDbEntity
  8
Layer_1
  6
ByLayer
 62
    1
370
   -1
100
AcDbSpline
210
0
220
0
230
0
 70
 4096
 71
    3
 72
    8
 73
    4
 74
    0
 42
1e-07
 43
1e-07
 40
0
 40
0
 40
0
 40
0
 40
1
 40
1
 40
1
 40
1
 10
61.712428
 20
144.205683
 30
0
 10
62.78966
 20
144.205683
 30
0
 10
63.866898
 20
144.484264
 30
0
 10
64.832137
 20
145.041546
 30
0
  0
SPLINE
  5
757
100
AcDbEntity
  8
Layer_1
  6
ByLayer
 62
    1
370
   -1
100
AcDbSpline
210
0
220
0
230
0
 70
 4096
 71
    3
 72
    8
 73
    4
 74
    0
 42
1e-07
 43
1e-07
 40
0
 40
0
 40
0
 40
0
 40
1
 40
1
 40
1
 40
1
 10
64.832137
 20
145.041546
 30
0
 10
64.832137
 20
145.041546
 30
0
 10
65.16110999999999
 20
145.248864
 30
0
 10
64.981675
 20
145.559074
 30
0
  0
SPLINE
  5
758
100
AcDbEntity
  8
Layer_1
  6
ByLayer
 62
    1
370
   -1
100
AcDbSpline
210
0
220
0
230
0
 70
 4096
 71
    3
 72
    8
 73
    4
 74
    0
 42
1e-07
 43
1e-07
 40
0
 40
0
 40
0
 40
0
 40
1
 40
1
 40
1
 40
1
 10
64.981675
 20
145.559074
 30
0
 10
64.802238
 20
145.869285
 30
0
 10
64.47226499999999
 20
145.664998
 30
0
 10
64.47226499999999
 20
145.664998
 30
0
  0
SPLINE
  5
759
100
AcDbEntity
  8
Layer_1
  6
ByLayer
 62
    1
370
   -1
100
AcDbSpline
210
0
220
0
230
0
 70
 4096
 71
    3
 72
    8
 73
    4
 74
    0
 42
1e-07
 43
1e-07
 40
0
 40
0
 40
0
 40
0
 40
1
 40
1
 40
1
 40
1
 10
64.47226499999999
 20
145.664998
 30
0
 10
62.764535
 20
144.679038
 30
0
 10
60.660509
 20
144.679038
 30
0
 10
58.952778
 20
145.664998
 30
0
  0
SPLINE
  5
75A
100
AcDbEntity
  8
Layer_1
  6
ByLayer
 62
    1
370
   -1
100
AcDbSpline
210
0
220
0
230
0
 70
 4096
 71
    3
 72
    8
 73
    4
 74
    0
 42
1e-07
 43
1e-07
 40
0
 40
0
 40
0
 40
0
 40
1
 40
1
 40
1
 40
1
 10
58.952778
 20
145.664998
 30
0
 10
58.952778
 20
145.664998
 30
0
 10
58.623926
 20
145.851481
 30
0
 10
58.44488
 20
145.542648
 30
0
  0
SPLINE
  5
75B
100
AcDbEntity
  8
Layer_1
  6
ByLayer
 62
    1
370
   -1
100
AcDbSpline
210
0
220
0
230
0
 70
 4096
 71
    3
 72
    8
 73
    4
 74
    0
 42
1e-07
 43
1e-07
 40
0
 40
0
 40
0
 40
0
 40
1
 40
1
 40
1
 40
1
 10
58.44488
 20
145.542648
 30
0
 10
58.265833
 20
145.233815
 30
0
 10
58.592718
 20
145.041546
 30
0
 10
58.592718
 20
145.041546
 30
0
  0
SPLINE
  5
75C
100
AcDbEntity
  8
Layer_1
  6
ByLayer
 62
    1
370
   -1
100
AcDbSpline
210
0
220
0
230
0
 70
 4096
 71
    3
 72
    8
 73
    4
 74
    0
 42
1e-07
 43
1e-07
 40
0
 40
0
 40
0
 40
0
 40
1
 40
1
 40
1
 40
1
 10
58.592718
 20
145.041546
 30
0
 10
59.557956
 20
144.484264
 30
0
 10
60.635195
 20
144.205683
 30
0
 10
61.712428
 20
144.205683
 30
0
  0
SPLINE
  5
75D
100
AcDbEntity
  8
Layer_1
  6
ByLayer
 62
    1
370
   -1
100
AcDbSpline
210
0
220
0
230
0
 70
 4096
 71
    3
 72
    8
 73
    4
 74
    0
 42
1e-07
 43
1e-07
 40
0
 40
0
 40
0
 40
0
 40
1
 40
1
 40
1
 40
1
 10
61.712428
 20
145.645549
 30
0
 10
62.541068
 20
145.645549
 30
0
 10
63.369712
 20
145.859959
 30
0
 10
64.112205
 20
146.288637
 30
0
  0
SPLINE
  5
75E
100
AcDbEntity
  8
Layer_1
  6
ByLayer
 62
    1
370
   -1
100
AcDbSpline
210
0
220
0
230
0
 70
 4096
 71
    3
 72
    8
 73
    4
 74
    0
 42
1e-07
 43
1e-07
 40
0
 40
0
 40
0
 40
0
 40
1
 40
1
 40
1
 40
1
 10
64.112205
 20
146.288637
 30
0
 10
64.112205
 20
146.288637
 30
0
 10
64.43549400000001
 20
146.491028
 30
0
 10
64.255512
 20
146.802767
 30
0
  0
SPLINE
  5
75F
100
AcDbEntity
  8
Layer_1
  6
ByLayer
 62
    1
370
   -1
100
AcDbSpline
210
0
220
0
230
0
 70
 4096
 71
    3
 72
    8
 73
    4
 74
    0
 42
1e-07
 43
1e-07
 40
0
 40
0
 40
0
 40
0
 40
1
 40
1
 40
1
 40
1
 10
64.255512
 20
146.802767
 30
0
 10
64.075529
 20
147.114508
 30
0
 10
63.752333
 20
146.912089
 30
0
 10
63.752333
 20
146.912089
 30
0
  0
SPLINE
  5
760
100
AcDbEntity
  8
Layer_1
  6
ByLayer
 62
    1
370
   -1
100
AcDbSpline
210
0
220
0
230
0
 70
 4096
 71
    3
 72
    8
 73
    4
 74
    0
 42
1e-07
 43
1e-07
 40
0
 40
0
 40
0
 40
0
 40
1
 40
1
 40
1
 40
1
 10
63.752333
 20
146.912089
 30
0
 10
62.490096
 20
146.183336
 30
0
 10
60.934948
 20
146.183336
 30
0
 10
59.672712
 20
146.912089
 30
0
  0
SPLINE
  5
761
100
AcDbEntity
  8
Layer_1
  6
ByLayer
 62
    1
370
   -1
100
AcDbSpline
210
0
220
0
230
0
 70
 4096
 71
    3
 72
    8
 73
    4
 74
    0
 42
1e-07
 43
1e-07
 40
0
 40
0
 40
0
 40
0
 40
1
 40
1
 40
1
 40
1
 10
59.672712
 20
146.912089
 30
0
 10
59.672712
 20
146.912089
 30
0
 10
59.325159
 20
147.132633
 30
0
 10
59.145177
 20
146.820893
 30
0
  0
SPLINE
  5
762
100
AcDbEntity
  8
Layer_1
  6
ByLayer
 62
    1
370
   -1
100
AcDbSpline
210
0
220
0
230
0
 70
 4096
 71
    3
 72
    8
 73
    4
 74
    0
 42
1e-07
 43
1e-07
 40
0
 40
0
 40
0
 40
0
 40
1
 40
1
 40
1
 40
1
 10
59.145177
 20
146.820893
 30
0
 10
58.965193
 20
146.509154
 30
0
 10
59.312651
 20
146.288637
 30
0
 10
59.312651
 20
146.288637
 30
0
  0
SPLINE
  5
763
100
AcDbEntity
  8
Layer_1
  6
ByLayer
 62
    1
370
   -1
100
AcDbSpline
210
0
220
0
230
0
 70
 4096
 71
    3
 72
    8
 73
    4
 74
    0
 42
1e-07
 43
1e-07
 40
0
 40
0
 40
0
 40
0
 40
1
 40
1
 40
1
 40
1
 10
59.312651
 20
146.288637
 30
0
 10
60.055142
 20
145.859959
 30
0
 10
60.883788
 20
145.645549
 30
0
 10
61.712428
 20
145.645549
 30
0
  0
SPLINE
  5
764
100
AcDbEntity
  8
Layer_1
  6
ByLayer
 62
    1
370
   -1
100
AcDbSpline
210
0
220
0
230
0
 70
 4096
 71
    3
 72
    8
 73
    4
 74
    0
 42
1e-07
 43
1e-07
 40
0
 40
0
 40
0
 40
0
 40
1
 40
1
 40
1
 40
1
 10
61.712428
 20
156.240051
 30
0
 10
62.78966
 20
156.240051
 30
0
 10
63.866898
 20
155.96147
 30
0
 10
64.832137
 20
155.404188
 30
0
  0
SPLINE
  5
765
100
AcDbEntity
  8
Layer_1
  6
ByLayer
 62
    1
370
   -1
100
AcDbSpline
210
0
220
0
230
0
 70
 4096
 71
    3
 72
    8
 73
    4
 74
    0
 42
1e-07
 43
1e-07
 40
0
 40
0
 40
0
 40
0
 40
1
 40
1
 40
1
 40
1
 10
64.832137
 20
155.404188
 30
0
 10
64.832137
 20
155.404188
 30
0
 10
65.16110999999999
 20
155.196871
 30
0
 10
64.981675
 20
154.886659
 30
0
  0
SPLINE
  5
766
100
AcDbEntity
  8
Layer_1
  6
ByLayer
 62
    1
370
   -1
100
AcDbSpline
210
0
220
0
230
0
 70
 4096
 71
    3
 72
    8
 73
    4
 74
    0
 42
1e-07
 43
1e-07
 40
0
 40
0
 40
0
 40
0
 40
1
 40
1
 40
1
 40
1
 10
64.981675
 20
154.886659
 30
0
 10
64.802238
 20
154.576449
 30
0
 10
64.47226499999999
 20
154.780736
 30
0
 10
64.47226499999999
 20
154.780736
 30
0
  0
SPLINE
  5
767
100
AcDbEntity
  8
Layer_1
  6
ByLayer
 62
    1
370
   -1
100
AcDbSpline
210
0
220
0
230
0
 70
 4096
 71
    3
 72
    8
 73
    4
 74
    0
 42
1e-07
 43
1e-07
 40
0
 40
0
 40
0
 40
0
 40
1
 40
1
 40
1
 40
1
 10
64.47226499999999
 20
154.780736
 30
0
 10
62.764534
 20
155.766695
 30
0
 10
60.660508
 20
155.766695
 30
0
 10
58.952778
 20
154.780736
 30
0
  0
SPLINE
  5
768
100
AcDbEntity
  8
Layer_1
  6
ByLayer
 62
    1
370
   -1
100
AcDbSpline
210
0
220
0
230
0
 70
 4096
 71
    3
 72
    8
 73
    4
 74
    0
 42
1e-07
 43
1e-07
 40
0
 40
0
 40
0
 40
0
 40
1
 40
1
 40
1
 40
1
 10
58.952778
 20
154.780736
 30
0
 10
58.952778
 20
154.780736
 30
0
 10
58.623926
 20
154.594253
 30
0
 10
58.444879
 20
154.903085
 30
0
  0
SPLINE
  5
769
100
AcDbEntity
  8
Layer_1
  6
ByLayer
 62
    1
370
   -1
100
AcDbSpline
210
0
220
0
230
0
 70
 4096
 71
    3
 72
    8
 73
    4
 74
    0
 42
1e-07
 43
1e-07
 40
0
 40
0
 40
0
 40
0
 40
1
 40
1
 40
1
 40
1
 10
58.444879
 20
154.903085
 30
0
 10
58.265833
 20
155.211919
 30
0
 10
58.592717
 20
155.404187
 30
0
 10
58.592717
 20
155.404187
 30
0
  0
SPLINE
  5
76A
100
AcDbEntity
  8
Layer_1
  6
ByLayer
 62
    1
370
   -1
100
AcDbSpline
210
0
220
0
230
0
 70
 4096
 71
    3
 72
    8
 73
    4
 74
    0
 42
1e-07
 43
1e-07
 40
0
 40
0
 40
0
 40
0
 40
1
 40
1
 40
1
 40
1
 10
58.592717
 20
155.404187
 30
0
 10
59.557956
 20
155.961469
 30
0
 10
60.635194
 20
156.24005
 30
0
 10
61.712428
 20
156.240051
 30
0
  0
SPLINE
  5
76B
100
AcDbEntity
  8
Layer_1
  6
ByLayer
 62
    1
370
   -1
100
AcDbSpline
210
0
220
0
230
0
 70
 4096
 71
    3
 72
    8
 73
    4
 74
    0
 42
1e-07
 43
1e-07
 40
0
 40
0
 40
0
 40
0
 40
1
 40
1
 40
1
 40
1
 10
61.712428
 20
154.800185
 30
0
 10
62.541068
 20
154.800185
 30
0
 10
63.369712
 20
154.585775
 30
0
 10
64.112205
 20
154.157097
 30
0
  0
SPLINE
  5
76C
100
AcDbEntity
  8
Layer_1
  6
ByLayer
 62
    1
370
   -1
100
AcDbSpline
210
0
220
0
230
0
 70
 4096
 71
    3
 72
    8
 73
    4
 74
    0
 42
1e-07
 43
1e-07
 40
0
 40
0
 40
0
 40
0
 40
1
 40
1
 40
1
 40
1
 10
64.112205
 20
154.157097
 30
0
 10
64.112205
 20
154.157097
 30
0
 10
64.43549400000001
 20
153.954706
 30
0
 10
64.255512
 20
153.642967
 30
0
  0
SPLINE
  5
76D
100
AcDbEntity
  8
Layer_1
  6
ByLayer
 62
    1
370
   -1
100
AcDbSpline
210
0
220
0
230
0
 70
 4096
 71
    3
 72
    8
 73
    4
 74
    0
 42
1e-07
 43
1e-07
 40
0
 40
0
 40
0
 40
0
 40
1
 40
1
 40
1
 40
1
 10
64.255512
 20
153.642967
 30
0
 10
64.075529
 20
153.331227
 30
0
 10
63.752333
 20
153.533646
 30
0
 10
63.752333
 20
153.533646
 30
0
  0
SPLINE
  5
76E
100
AcDbEntity
  8
Layer_1
  6
ByLayer
 62
    1
370
   -1
100
AcDbSpline
210
0
220
0
230
0
 70
 4096
 71
    3
 72
    8
 73
    4
 74
    0
 42
1e-07
 43
1e-07
 40
0
 40
0
 40
0
 40
0
 40
1
 40
1
 40
1
 40
1
 10
63.752333
 20
153.533646
 30
0
 10
62.490096
 20
154.262399
 30
0
 10
60.934948
 20
154.262399
 30
0
 10
59.672712
 20
153.533646
 30
0
  0
SPLINE
  5
76F
100
AcDbEntity
  8
Layer_1
  6
ByLayer
 62
    1
370
   -1
100
AcDbSpline
210
0
220
0
230
0
 70
 4096
 71
    3
 72
    8
 73
    4
 74
    0
 42
1e-07
 43
1e-07
 40
0
 40
0
 40
0
 40
0
 40
1
 40
1
 40
1
 40
1
 10
59.672712
 20
153.533646
 30
0
 10
59.672712
 20
153.533646
 30
0
 10
59.325159
 20
153.313101
 30
0
 10
59.145177
 20
153.624841
 30
0
  0
SPLINE
  5
770
100
AcDbEntity
  8
Layer_1
  6
ByLayer
 62
    1
370
   -1
100
AcDbSpline
210
0
220
0
230
0
 70
 4096
 71
    3
 72
    8
 73
    4
 74
    0
 42
1e-07
 43
1e-07
 40
0
 40
0
 40
0
 40
0
 40
1
 40
1
 40
1
 40
1
 10
59.145177
 20
153.624841
 30
0
 10
58.965193
 20
153.93658
 30
0
 10
59.312651
 20
154.157097
 30
0
 10
59.312651
 20
154.157097
 30
0
  0
SPLINE
  5
771
100
AcDbEntity
  8
Layer_1
  6
ByLayer
 62
    1
370
   -1
100
AcDbSpline
210
0
220
0
230
0
 70
 4096
 71
    3
 72
    8
 73
    4
 74
    0
 42
1e-07
 43
1e-07
 40
0
 40
0
 40
0
 40
0
 40
1
 40
1
 40
1
 40
1
 10
59.312651
 20
154.157097
 30
0
 10
60.055142
 20
154.585775
 30
0
 10
60.883788
 20
154.800185
 30
0
 10
61.712428
 20
154.800185
 30
0
  0
ENDSEC
  0
SECTION
  2
OBJECTS
  0
DICTIONARY
  5
C
330
0
100
AcDbDictionary
281
    1
  3
ACAD_GROUP
350
D
  0
DICTIONARY
  5
D
330
C
100
AcDbDictionary
281
    1
  0
PLOTSETTINGS
  5
772
100
AcDbPlotSettings
  6
1x1
 40
0
 41
0
 42
0
 43
0
  0
ENDSEC
  0
EOF
