ISO-10303-21;
HEADER;
FILE_DESCRIPTION(('FreeCAD Model'),'2;1');
FILE_NAME('Open CASCADE Shape Model','2026-02-05T16:45:21',(''),(''),
  'Open CASCADE STEP processor 7.8','FreeCAD','Unknown');
FILE_SCHEMA(('AUTOMOTIVE_DESIGN { 1 0 10303 214 1 1 1 1 }'));
ENDSEC;
DATA;
#1 = APPLICATION_PROTOCOL_DEFINITION('international standard',
  'automotive_design',2000,#2);
#2 = APPLICATION_CONTEXT(
  'core data for automotive mechanical design processes');
#3 = SHAPE_DEFINITION_REPRESENTATION(#4,#10);
#4 = PRODUCT_DEFINITION_SHAPE('','',#5);
#5 = PRODUCT_DEFINITION('design','',#6,#9);
#6 = PRODUCT_DEFINITION_FORMATION('','',#7);
#7 = PRODUCT('trimpot_knob_v4','trimpot_knob_v4','',(#8));
#8 = PRODUCT_CONTEXT('',#2,'mechanical');
#9 = PRODUCT_DEFINITION_CONTEXT('part definition',#2,'design');
#10 = ADVANCED_BREP_SHAPE_REPRESENTATION('',(#11,#15),#4815);
#11 = AXIS2_PLACEMENT_3D('',#12,#13,#14);
#12 = CARTESIAN_POINT('',(0.,0.,0.));
#13 = DIRECTION('',(0.,0.,1.));
#14 = DIRECTION('',(1.,0.,-0.));
#15 = MANIFOLD_SOLID_BREP('',#16);
#16 = CLOSED_SHELL('',(#17,#112,#146,#163,#210,#259,#283,#308,#325,#365,
    #392,#424,#441,#459,#477,#1452,#1464,#1474,#1506,#1531,#1556,#1581,
    #1606,#1631,#1656,#1681,#1706,#1731,#1756,#1781,#1806,#1831,#1856,
    #1881,#1906,#1931,#1956,#1981,#2006,#2031,#2056,#2081,#2106,#2131,
    #2156,#2181,#2206,#2231,#2256,#2281,#2306,#2331,#2356,#2381,#2406,
    #2431,#2456,#2481,#2506,#2531,#2556,#2581,#2606,#2631,#2656,#2681,
    #2706,#2731,#2756,#2781,#2806,#2831,#2856,#2881,#2906,#2931,#2956,
    #2981,#3006,#3031,#3056,#3081,#3106,#3131,#3156,#3181,#3206,#3231,
    #3256,#3281,#3306,#3331,#3356,#3381,#3406,#3431,#3456,#3481,#3506,
    #3531,#3556,#3581,#3606,#3631,#3656,#3681,#3706,#3731,#3756,#3781,
    #3806,#3831,#3856,#3881,#3906,#3931,#3956,#3981,#4006,#4031,#4056,
    #4081,#4106,#4131,#4156,#4181,#4206,#4231,#4256,#4281,#4306,#4331,
    #4356,#4381,#4406,#4431,#4456,#4474,#4618,#4670,#4703,#4735,#4768,
    #4786,#4804));
#17 = ADVANCED_FACE('',(#18,#37),#107,.T.);
#18 = FACE_BOUND('',#19,.T.);
#19 = EDGE_LOOP('',(#20,#31));
#20 = ORIENTED_EDGE('',*,*,#21,.T.);
#21 = EDGE_CURVE('',#22,#24,#26,.T.);
#22 = VERTEX_POINT('',#23);
#23 = CARTESIAN_POINT('',(11.82769895052,-47.4240000298,1.395));
#24 = VERTEX_POINT('',#25);
#25 = CARTESIAN_POINT('',(16.132301138886,-47.4240000298,1.395));
#26 = CIRCLE('',#27,3.5);
#27 = AXIS2_PLACEMENT_3D('',#28,#29,#30);
#28 = CARTESIAN_POINT('',(13.980000044703,-50.1840000298,1.395));
#29 = DIRECTION('',(0.,-0.,1.));
#30 = DIRECTION('',(-0.639549401925,0.768749999999,0.));
#31 = ORIENTED_EDGE('',*,*,#32,.F.);
#32 = EDGE_CURVE('',#22,#24,#33,.T.);
#33 = LINE('',#34,#35);
#34 = CARTESIAN_POINT('',(11.933441958545,-47.4240000298,1.395));
#35 = VECTOR('',#36,1.);
#36 = DIRECTION('',(1.,0.,0.));
#37 = FACE_BOUND('',#38,.T.);
#38 = EDGE_LOOP('',(#39,#49,#58,#66,#75,#83,#92,#100));
#39 = ORIENTED_EDGE('',*,*,#40,.F.);
#40 = EDGE_CURVE('',#41,#43,#45,.T.);
#41 = VERTEX_POINT('',#42);
#42 = CARTESIAN_POINT('',(8.72341487989,-52.63518594789,1.395));
#43 = VERTEX_POINT('',#44);
#44 = CARTESIAN_POINT('',(9.357830264473,-52.3393530224,1.395));
#45 = LINE('',#46,#47);
#46 = CARTESIAN_POINT('',(11.356052996256,-51.40756591431,1.395));
#47 = VECTOR('',#48,1.);
#48 = DIRECTION('',(0.90630769226,0.422618464989,0.));
#49 = ORIENTED_EDGE('',*,*,#50,.T.);
#50 = EDGE_CURVE('',#41,#51,#53,.T.);
#51 = VERTEX_POINT('',#52);
#52 = CARTESIAN_POINT('',(19.236585209516,-52.63518594789,1.395));
#53 = CIRCLE('',#54,5.8);
#54 = AXIS2_PLACEMENT_3D('',#55,#56,#57);
#55 = CARTESIAN_POINT('',(13.980000044703,-50.1840000298,1.395));
#56 = DIRECTION('',(0.,0.,-1.));
#57 = DIRECTION('',(1.,0.,0.));
#58 = ORIENTED_EDGE('',*,*,#59,.T.);
#59 = EDGE_CURVE('',#51,#60,#62,.T.);
#60 = VERTEX_POINT('',#61);
#61 = CARTESIAN_POINT('',(18.60216975859,-52.33935316468,1.395));
#62 = LINE('',#63,#64);
#63 = CARTESIAN_POINT('',(16.603946819934,-51.40756650568,1.395));
#64 = VECTOR('',#65,1.);
#65 = DIRECTION('',(-0.906307787037,0.422618261741,0.));
#66 = ORIENTED_EDGE('',*,*,#67,.T.);
#67 = EDGE_CURVE('',#60,#68,#70,.T.);
#68 = VERTEX_POINT('',#69);
#69 = CARTESIAN_POINT('',(17.908015227926,-53.43679832056,1.395));
#70 = CIRCLE('',#71,5.1);
#71 = AXIS2_PLACEMENT_3D('',#72,#73,#74);
#72 = CARTESIAN_POINT('',(13.980000044703,-50.1840000298,1.395));
#73 = DIRECTION('',(0.,0.,-1.));
#74 = DIRECTION('',(1.,0.,0.));
#75 = ORIENTED_EDGE('',*,*,#76,.F.);
#76 = EDGE_CURVE('',#77,#68,#79,.T.);
#77 = VERTEX_POINT('',#78);
#78 = CARTESIAN_POINT('',(16.807614459652,-53.43679832056,1.395));
#79 = LINE('',#80,#81);
#80 = CARTESIAN_POINT('',(16.807614459652,-53.43679832056,1.395));
#81 = VECTOR('',#82,1.);
#82 = DIRECTION('',(1.,0.,0.));
#83 = ORIENTED_EDGE('',*,*,#84,.T.);
#84 = EDGE_CURVE('',#77,#85,#87,.T.);
#85 = VERTEX_POINT('',#86);
#86 = CARTESIAN_POINT('',(11.152385629754,-53.43679832056,1.395));
#87 = CIRCLE('',#88,4.31);
#88 = AXIS2_PLACEMENT_3D('',#89,#90,#91);
#89 = CARTESIAN_POINT('',(13.980000044703,-50.1840000298,1.395));
#90 = DIRECTION('',(0.,0.,-1.));
#91 = DIRECTION('',(1.,0.,0.));
#92 = ORIENTED_EDGE('',*,*,#93,.T.);
#93 = EDGE_CURVE('',#85,#94,#96,.T.);
#94 = VERTEX_POINT('',#95);
#95 = CARTESIAN_POINT('',(10.05198486148,-53.43679832056,1.395));
#96 = LINE('',#97,#98);
#97 = CARTESIAN_POINT('',(11.152385629754,-53.43679832056,1.395));
#98 = VECTOR('',#99,1.);
#99 = DIRECTION('',(-1.,0.,0.));
#100 = ORIENTED_EDGE('',*,*,#101,.T.);
#101 = EDGE_CURVE('',#94,#43,#102,.T.);
#102 = CIRCLE('',#103,5.1);
#103 = AXIS2_PLACEMENT_3D('',#104,#105,#106);
#104 = CARTESIAN_POINT('',(13.980000044703,-50.1840000298,1.395));
#105 = DIRECTION('',(0.,0.,-1.));
#106 = DIRECTION('',(1.,0.,0.));
#107 = PLANE('',#108);
#108 = AXIS2_PLACEMENT_3D('',#109,#110,#111);
#109 = CARTESIAN_POINT('',(13.980000024355,-50.16092324348,1.395));
#110 = DIRECTION('',(-0.,-0.,-1.));
#111 = DIRECTION('',(-1.,0.,0.));
#112 = ADVANCED_FACE('',(#113),#141,.F.);
#113 = FACE_BOUND('',#114,.F.);
#114 = EDGE_LOOP('',(#115,#124,#125,#134));
#115 = ORIENTED_EDGE('',*,*,#116,.F.);
#116 = EDGE_CURVE('',#22,#117,#119,.T.);
#117 = VERTEX_POINT('',#118);
#118 = CARTESIAN_POINT('',(11.933441958545,-47.7240000298,1.695));
#119 = PARABOLA('',#120,0.26162950904);
#120 = AXIS2_PLACEMENT_3D('',#121,#122,#123);
#121 = CARTESIAN_POINT('',(13.980000044703,-50.5540000298,4.524999999998
    ));
#122 = DIRECTION('',(-3.472568050348E-18,-0.707106781187,-0.707106781187
    ));
#123 = DIRECTION('',(3.472568050348E-18,0.707106781187,-0.707106781187)
  );
#124 = ORIENTED_EDGE('',*,*,#21,.T.);
#125 = ORIENTED_EDGE('',*,*,#126,.T.);
#126 = EDGE_CURVE('',#24,#127,#129,.T.);
#127 = VERTEX_POINT('',#128);
#128 = CARTESIAN_POINT('',(16.026558130861,-47.7240000298,1.695));
#129 = PARABOLA('',#130,0.26162950904);
#130 = AXIS2_PLACEMENT_3D('',#131,#132,#133);
#131 = CARTESIAN_POINT('',(13.980000044703,-50.5540000298,4.524999999998
    ));
#132 = DIRECTION('',(3.472568050348E-18,0.707106781187,0.707106781187));
#133 = DIRECTION('',(3.472568050348E-18,0.707106781187,-0.707106781187)
  );
#134 = ORIENTED_EDGE('',*,*,#135,.F.);
#135 = EDGE_CURVE('',#117,#127,#136,.T.);
#136 = CIRCLE('',#137,3.2);
#137 = AXIS2_PLACEMENT_3D('',#138,#139,#140);
#138 = CARTESIAN_POINT('',(13.980000044703,-50.1840000298,1.695));
#139 = DIRECTION('',(0.,-0.,1.));
#140 = DIRECTION('',(-0.639549401925,0.768749999999,0.));
#141 = CONICAL_SURFACE('',#142,3.2,0.785398163397);
#142 = AXIS2_PLACEMENT_3D('',#143,#144,#145);
#143 = CARTESIAN_POINT('',(13.980000044703,-50.1840000298,1.695));
#144 = DIRECTION('',(-0.,-0.,-1.));
#145 = DIRECTION('',(-0.639549401925,0.768749999999,0.));
#146 = ADVANCED_FACE('',(#147),#158,.F.);
#147 = FACE_BOUND('',#148,.T.);
#148 = EDGE_LOOP('',(#149,#150,#151,#152));
#149 = ORIENTED_EDGE('',*,*,#116,.F.);
#150 = ORIENTED_EDGE('',*,*,#32,.T.);
#151 = ORIENTED_EDGE('',*,*,#126,.T.);
#152 = ORIENTED_EDGE('',*,*,#153,.F.);
#153 = EDGE_CURVE('',#117,#127,#154,.T.);
#154 = LINE('',#155,#156);
#155 = CARTESIAN_POINT('',(11.933441958545,-47.7240000298,1.695));
#156 = VECTOR('',#157,1.);
#157 = DIRECTION('',(1.,0.,0.));
#158 = PLANE('',#159);
#159 = AXIS2_PLACEMENT_3D('',#160,#161,#162);
#160 = CARTESIAN_POINT('',(11.933441958545,-47.5740000298,1.545));
#161 = DIRECTION('',(3.472568050348E-18,0.707106781187,0.707106781187));
#162 = DIRECTION('',(-1.,2.455476416533E-18,2.455476416532E-18));
#163 = ADVANCED_FACE('',(#164),#205,.T.);
#164 = FACE_BOUND('',#165,.T.);
#165 = EDGE_LOOP('',(#166,#176,#184,#192,#198,#199));
#166 = ORIENTED_EDGE('',*,*,#167,.T.);
#167 = EDGE_CURVE('',#168,#170,#172,.T.);
#168 = VERTEX_POINT('',#169);
#169 = CARTESIAN_POINT('',(9.357830264473,-52.3393530224,-4.605));
#170 = VERTEX_POINT('',#171);
#171 = CARTESIAN_POINT('',(8.451522572212,-52.76197148739,-4.605));
#172 = LINE('',#173,#174);
#173 = CARTESIAN_POINT('',(8.72341487989,-52.63518594789,-4.605));
#174 = VECTOR('',#175,1.);
#175 = DIRECTION('',(-0.90630769226,-0.422618464989,0.));
#176 = ORIENTED_EDGE('',*,*,#177,.T.);
#177 = EDGE_CURVE('',#170,#178,#180,.T.);
#178 = VERTEX_POINT('',#179);
#179 = CARTESIAN_POINT('',(8.451522572212,-52.76197148739,3.345));
#180 = LINE('',#181,#182);
#181 = CARTESIAN_POINT('',(8.451522572212,-52.76197148739,-4.605));
#182 = VECTOR('',#183,1.);
#183 = DIRECTION('',(0.,0.,1.));
#184 = ORIENTED_EDGE('',*,*,#185,.T.);
#185 = EDGE_CURVE('',#178,#186,#188,.T.);
#186 = VERTEX_POINT('',#187);
#187 = CARTESIAN_POINT('',(8.72341487989,-52.63518594789,3.345));
#188 = LINE('',#189,#190);
#189 = CARTESIAN_POINT('',(11.351707187445,-51.40959239942,3.345));
#190 = VECTOR('',#191,1.);
#191 = DIRECTION('',(0.90630769226,0.422618464989,0.));
#192 = ORIENTED_EDGE('',*,*,#193,.F.);
#193 = EDGE_CURVE('',#41,#186,#194,.T.);
#194 = LINE('',#195,#196);
#195 = CARTESIAN_POINT('',(8.72341487989,-52.63518594789,-4.605));
#196 = VECTOR('',#197,1.);
#197 = DIRECTION('',(0.,0.,1.));
#198 = ORIENTED_EDGE('',*,*,#40,.T.);
#199 = ORIENTED_EDGE('',*,*,#200,.F.);
#200 = EDGE_CURVE('',#168,#43,#201,.T.);
#201 = LINE('',#202,#203);
#202 = CARTESIAN_POINT('',(9.357830264473,-52.3393530224,-4.605));
#203 = VECTOR('',#204,1.);
#204 = DIRECTION('',(0.,0.,1.));
#205 = PLANE('',#206);
#206 = AXIS2_PLACEMENT_3D('',#207,#208,#209);
#207 = CARTESIAN_POINT('',(8.835564127843,-52.5828898641,-0.70625698324)
  );
#208 = DIRECTION('',(-0.422618464989,0.90630769226,0.));
#209 = DIRECTION('',(0.90630769226,0.422618464989,0.));
#210 = ADVANCED_FACE('',(#211),#254,.F.);
#211 = FACE_BOUND('',#212,.T.);
#212 = EDGE_LOOP('',(#213,#214,#222,#229,#230,#231,#239,#248));
#213 = ORIENTED_EDGE('',*,*,#67,.F.);
#214 = ORIENTED_EDGE('',*,*,#215,.F.);
#215 = EDGE_CURVE('',#216,#60,#218,.T.);
#216 = VERTEX_POINT('',#217);
#217 = CARTESIAN_POINT('',(18.60216975859,-52.33935316468,-4.605));
#218 = LINE('',#219,#220);
#219 = CARTESIAN_POINT('',(18.60216975859,-52.33935316468,-4.605));
#220 = VECTOR('',#221,1.);
#221 = DIRECTION('',(0.,0.,1.));
#222 = ORIENTED_EDGE('',*,*,#223,.T.);
#223 = EDGE_CURVE('',#216,#168,#224,.T.);
#224 = CIRCLE('',#225,5.1);
#225 = AXIS2_PLACEMENT_3D('',#226,#227,#228);
#226 = CARTESIAN_POINT('',(13.980000044703,-50.1840000298,-4.605));
#227 = DIRECTION('',(0.,0.,-1.));
#228 = DIRECTION('',(1.,0.,0.));
#229 = ORIENTED_EDGE('',*,*,#200,.T.);
#230 = ORIENTED_EDGE('',*,*,#101,.F.);
#231 = ORIENTED_EDGE('',*,*,#232,.F.);
#232 = EDGE_CURVE('',#233,#94,#235,.T.);
#233 = VERTEX_POINT('',#234);
#234 = CARTESIAN_POINT('',(10.05198486148,-53.43679832056,-1.605));
#235 = LINE('',#236,#237);
#236 = CARTESIAN_POINT('',(10.05198486148,-53.43679832056,1.395));
#237 = VECTOR('',#238,1.);
#238 = DIRECTION('',(0.,0.,1.));
#239 = ORIENTED_EDGE('',*,*,#240,.T.);
#240 = EDGE_CURVE('',#233,#241,#243,.T.);
#241 = VERTEX_POINT('',#242);
#242 = CARTESIAN_POINT('',(17.908015227926,-53.43679832056,-1.605));
#243 = CIRCLE('',#244,5.1);
#244 = AXIS2_PLACEMENT_3D('',#245,#246,#247);
#245 = CARTESIAN_POINT('',(13.980000044703,-50.1840000298,-1.605));
#246 = DIRECTION('',(0.,0.,1.));
#247 = DIRECTION('',(1.,0.,0.));
#248 = ORIENTED_EDGE('',*,*,#249,.T.);
#249 = EDGE_CURVE('',#241,#68,#250,.T.);
#250 = LINE('',#251,#252);
#251 = CARTESIAN_POINT('',(17.908015227926,-53.43679832056,1.395));
#252 = VECTOR('',#253,1.);
#253 = DIRECTION('',(0.,0.,1.));
#254 = CYLINDRICAL_SURFACE('',#255,5.1);
#255 = AXIS2_PLACEMENT_3D('',#256,#257,#258);
#256 = CARTESIAN_POINT('',(13.980000044703,-50.1840000298,1.395));
#257 = DIRECTION('',(0.,0.,1.));
#258 = DIRECTION('',(1.,0.,0.));
#259 = ADVANCED_FACE('',(#260),#278,.T.);
#260 = FACE_BOUND('',#261,.T.);
#261 = EDGE_LOOP('',(#262,#263,#271,#277));
#262 = ORIENTED_EDGE('',*,*,#93,.F.);
#263 = ORIENTED_EDGE('',*,*,#264,.T.);
#264 = EDGE_CURVE('',#85,#265,#267,.T.);
#265 = VERTEX_POINT('',#266);
#266 = CARTESIAN_POINT('',(11.152385629754,-53.43679832056,-1.605));
#267 = LINE('',#268,#269);
#268 = CARTESIAN_POINT('',(11.152385629754,-53.43679832056,1.395));
#269 = VECTOR('',#270,1.);
#270 = DIRECTION('',(0.,0.,-1.));
#271 = ORIENTED_EDGE('',*,*,#272,.T.);
#272 = EDGE_CURVE('',#265,#233,#273,.T.);
#273 = LINE('',#274,#275);
#274 = CARTESIAN_POINT('',(11.152385629754,-53.43679832056,-1.605));
#275 = VECTOR('',#276,1.);
#276 = DIRECTION('',(-1.,0.,0.));
#277 = ORIENTED_EDGE('',*,*,#232,.T.);
#278 = PLANE('',#279);
#279 = AXIS2_PLACEMENT_3D('',#280,#281,#282);
#280 = CARTESIAN_POINT('',(11.152385629754,-53.43679832056,1.395));
#281 = DIRECTION('',(0.,1.,0.));
#282 = DIRECTION('',(-1.,0.,0.));
#283 = ADVANCED_FACE('',(#284),#303,.F.);
#284 = FACE_BOUND('',#285,.T.);
#285 = EDGE_LOOP('',(#286,#294,#301,#302));
#286 = ORIENTED_EDGE('',*,*,#287,.T.);
#287 = EDGE_CURVE('',#77,#288,#290,.T.);
#288 = VERTEX_POINT('',#289);
#289 = CARTESIAN_POINT('',(16.807614459652,-53.43679832056,-1.605));
#290 = LINE('',#291,#292);
#291 = CARTESIAN_POINT('',(16.807614459652,-53.43679832056,1.395));
#292 = VECTOR('',#293,1.);
#293 = DIRECTION('',(0.,0.,-1.));
#294 = ORIENTED_EDGE('',*,*,#295,.T.);
#295 = EDGE_CURVE('',#288,#265,#296,.T.);
#296 = CIRCLE('',#297,4.31);
#297 = AXIS2_PLACEMENT_3D('',#298,#299,#300);
#298 = CARTESIAN_POINT('',(13.980000044703,-50.1840000298,-1.605));
#299 = DIRECTION('',(0.,0.,-1.));
#300 = DIRECTION('',(1.,0.,0.));
#301 = ORIENTED_EDGE('',*,*,#264,.F.);
#302 = ORIENTED_EDGE('',*,*,#84,.F.);
#303 = CYLINDRICAL_SURFACE('',#304,4.31);
#304 = AXIS2_PLACEMENT_3D('',#305,#306,#307);
#305 = CARTESIAN_POINT('',(13.980000044703,-50.1840000298,1.395));
#306 = DIRECTION('',(0.,0.,1.));
#307 = DIRECTION('',(1.,0.,0.));
#308 = ADVANCED_FACE('',(#309),#320,.F.);
#309 = FACE_BOUND('',#310,.F.);
#310 = EDGE_LOOP('',(#311,#312,#313,#319));
#311 = ORIENTED_EDGE('',*,*,#76,.F.);
#312 = ORIENTED_EDGE('',*,*,#287,.T.);
#313 = ORIENTED_EDGE('',*,*,#314,.T.);
#314 = EDGE_CURVE('',#288,#241,#315,.T.);
#315 = LINE('',#316,#317);
#316 = CARTESIAN_POINT('',(16.807614459652,-53.43679832056,-1.605));
#317 = VECTOR('',#318,1.);
#318 = DIRECTION('',(1.,0.,0.));
#319 = ORIENTED_EDGE('',*,*,#249,.T.);
#320 = PLANE('',#321);
#321 = AXIS2_PLACEMENT_3D('',#322,#323,#324);
#322 = CARTESIAN_POINT('',(16.807614459652,-53.43679832056,1.395));
#323 = DIRECTION('',(0.,-1.,0.));
#324 = DIRECTION('',(1.,0.,0.));
#325 = ADVANCED_FACE('',(#326),#360,.T.);
#326 = FACE_BOUND('',#327,.T.);
#327 = EDGE_LOOP('',(#328,#336,#337,#338,#346,#354));
#328 = ORIENTED_EDGE('',*,*,#329,.T.);
#329 = EDGE_CURVE('',#330,#216,#332,.T.);
#330 = VERTEX_POINT('',#331);
#331 = CARTESIAN_POINT('',(19.508477545627,-52.76197142642,-4.605));
#332 = LINE('',#333,#334);
#333 = CARTESIAN_POINT('',(19.236585209516,-52.63518594789,-4.605));
#334 = VECTOR('',#335,1.);
#335 = DIRECTION('',(-0.906307787037,0.422618261741,0.));
#336 = ORIENTED_EDGE('',*,*,#215,.T.);
#337 = ORIENTED_EDGE('',*,*,#59,.F.);
#338 = ORIENTED_EDGE('',*,*,#339,.T.);
#339 = EDGE_CURVE('',#51,#340,#342,.T.);
#340 = VERTEX_POINT('',#341);
#341 = CARTESIAN_POINT('',(19.236585209516,-52.63518594789,3.345));
#342 = LINE('',#343,#344);
#343 = CARTESIAN_POINT('',(19.236585209516,-52.63518594789,-4.605));
#344 = VECTOR('',#345,1.);
#345 = DIRECTION('',(0.,0.,1.));
#346 = ORIENTED_EDGE('',*,*,#347,.T.);
#347 = EDGE_CURVE('',#340,#348,#350,.T.);
#348 = VERTEX_POINT('',#349);
#349 = CARTESIAN_POINT('',(19.508477545627,-52.76197142642,3.345));
#350 = LINE('',#351,#352);
#351 = CARTESIAN_POINT('',(16.744238795165,-51.47298572811,3.345));
#352 = VECTOR('',#353,1.);
#353 = DIRECTION('',(0.906307787037,-0.422618261741,0.));
#354 = ORIENTED_EDGE('',*,*,#355,.F.);
#355 = EDGE_CURVE('',#330,#348,#356,.T.);
#356 = LINE('',#357,#358);
#357 = CARTESIAN_POINT('',(19.508477545627,-52.76197142642,-4.605));
#358 = VECTOR('',#359,1.);
#359 = DIRECTION('',(0.,0.,1.));
#360 = PLANE('',#361);
#361 = AXIS2_PLACEMENT_3D('',#362,#363,#364);
#362 = CARTESIAN_POINT('',(19.124435949835,-52.58288988925,
    -0.70625698324));
#363 = DIRECTION('',(0.422618261741,0.906307787037,0.));
#364 = DIRECTION('',(0.906307787037,-0.422618261741,0.));
#365 = ADVANCED_FACE('',(#366),#387,.T.);
#366 = FACE_BOUND('',#367,.F.);
#367 = EDGE_LOOP('',(#368,#369,#370,#371,#380));
#368 = ORIENTED_EDGE('',*,*,#193,.F.);
#369 = ORIENTED_EDGE('',*,*,#50,.T.);
#370 = ORIENTED_EDGE('',*,*,#339,.T.);
#371 = ORIENTED_EDGE('',*,*,#372,.T.);
#372 = EDGE_CURVE('',#340,#373,#375,.T.);
#373 = VERTEX_POINT('',#374);
#374 = CARTESIAN_POINT('',(19.780000044703,-50.1840000298,3.345));
#375 = CIRCLE('',#376,5.8);
#376 = AXIS2_PLACEMENT_3D('',#377,#378,#379);
#377 = CARTESIAN_POINT('',(13.980000044703,-50.1840000298,3.345));
#378 = DIRECTION('',(0.,0.,1.));
#379 = DIRECTION('',(1.,0.,0.));
#380 = ORIENTED_EDGE('',*,*,#381,.T.);
#381 = EDGE_CURVE('',#373,#186,#382,.T.);
#382 = CIRCLE('',#383,5.8);
#383 = AXIS2_PLACEMENT_3D('',#384,#385,#386);
#384 = CARTESIAN_POINT('',(13.980000044703,-50.1840000298,3.345));
#385 = DIRECTION('',(0.,0.,1.));
#386 = DIRECTION('',(1.,0.,0.));
#387 = CYLINDRICAL_SURFACE('',#388,5.8);
#388 = AXIS2_PLACEMENT_3D('',#389,#390,#391);
#389 = CARTESIAN_POINT('',(13.980000044703,-50.1840000298,1.395));
#390 = DIRECTION('',(-0.,-0.,-1.));
#391 = DIRECTION('',(1.,0.,0.));
#392 = ADVANCED_FACE('',(#393),#419,.F.);
#393 = FACE_BOUND('',#394,.T.);
#394 = EDGE_LOOP('',(#395,#403,#412,#418));
#395 = ORIENTED_EDGE('',*,*,#396,.T.);
#396 = EDGE_CURVE('',#117,#397,#399,.T.);
#397 = VERTEX_POINT('',#398);
#398 = CARTESIAN_POINT('',(11.933441958545,-47.7240000298,3.345));
#399 = LINE('',#400,#401);
#400 = CARTESIAN_POINT('',(11.933441958545,-47.7240000298,1.395));
#401 = VECTOR('',#402,1.);
#402 = DIRECTION('',(0.,0.,1.));
#403 = ORIENTED_EDGE('',*,*,#404,.T.);
#404 = EDGE_CURVE('',#397,#405,#407,.T.);
#405 = VERTEX_POINT('',#406);
#406 = CARTESIAN_POINT('',(16.026558130861,-47.7240000298,3.345));
#407 = CIRCLE('',#408,3.2);
#408 = AXIS2_PLACEMENT_3D('',#409,#410,#411);
#409 = CARTESIAN_POINT('',(13.980000044703,-50.1840000298,3.345));
#410 = DIRECTION('',(0.,0.,1.));
#411 = DIRECTION('',(1.,0.,0.));
#412 = ORIENTED_EDGE('',*,*,#413,.F.);
#413 = EDGE_CURVE('',#127,#405,#414,.T.);
#414 = LINE('',#415,#416);
#415 = CARTESIAN_POINT('',(16.026558130861,-47.7240000298,1.395));
#416 = VECTOR('',#417,1.);
#417 = DIRECTION('',(0.,0.,1.));
#418 = ORIENTED_EDGE('',*,*,#135,.F.);
#419 = CYLINDRICAL_SURFACE('',#420,3.2);
#420 = AXIS2_PLACEMENT_3D('',#421,#422,#423);
#421 = CARTESIAN_POINT('',(13.980000044703,-50.1840000298,1.395));
#422 = DIRECTION('',(-0.,-0.,-1.));
#423 = DIRECTION('',(1.,0.,0.));
#424 = ADVANCED_FACE('',(#425),#436,.F.);
#425 = FACE_BOUND('',#426,.F.);
#426 = EDGE_LOOP('',(#427,#428,#434,#435));
#427 = ORIENTED_EDGE('',*,*,#396,.T.);
#428 = ORIENTED_EDGE('',*,*,#429,.T.);
#429 = EDGE_CURVE('',#397,#405,#430,.T.);
#430 = LINE('',#431,#432);
#431 = CARTESIAN_POINT('',(11.933441958545,-47.7240000298,3.345));
#432 = VECTOR('',#433,1.);
#433 = DIRECTION('',(1.,0.,0.));
#434 = ORIENTED_EDGE('',*,*,#413,.F.);
#435 = ORIENTED_EDGE('',*,*,#153,.F.);
#436 = PLANE('',#437);
#437 = AXIS2_PLACEMENT_3D('',#438,#439,#440);
#438 = CARTESIAN_POINT('',(11.933441958545,-47.7240000298,1.395));
#439 = DIRECTION('',(0.,1.,0.));
#440 = DIRECTION('',(1.,0.,0.));
#441 = ADVANCED_FACE('',(#442),#454,.T.);
#442 = FACE_BOUND('',#443,.T.);
#443 = EDGE_LOOP('',(#444,#445,#452,#453));
#444 = ORIENTED_EDGE('',*,*,#329,.F.);
#445 = ORIENTED_EDGE('',*,*,#446,.T.);
#446 = EDGE_CURVE('',#330,#170,#447,.T.);
#447 = CIRCLE('',#448,6.1);
#448 = AXIS2_PLACEMENT_3D('',#449,#450,#451);
#449 = CARTESIAN_POINT('',(13.980000044703,-50.1840000298,-4.605));
#450 = DIRECTION('',(0.,0.,-1.));
#451 = DIRECTION('',(1.,0.,0.));
#452 = ORIENTED_EDGE('',*,*,#167,.F.);
#453 = ORIENTED_EDGE('',*,*,#223,.F.);
#454 = PLANE('',#455);
#455 = AXIS2_PLACEMENT_3D('',#456,#457,#458);
#456 = CARTESIAN_POINT('',(14.046771864601,-50.57847560047,-4.605));
#457 = DIRECTION('',(-0.,-0.,-1.));
#458 = DIRECTION('',(-1.,0.,0.));
#459 = ADVANCED_FACE('',(#460),#472,.T.);
#460 = FACE_BOUND('',#461,.T.);
#461 = EDGE_LOOP('',(#462,#463,#464,#471));
#462 = ORIENTED_EDGE('',*,*,#446,.F.);
#463 = ORIENTED_EDGE('',*,*,#355,.T.);
#464 = ORIENTED_EDGE('',*,*,#465,.T.);
#465 = EDGE_CURVE('',#348,#178,#466,.T.);
#466 = CIRCLE('',#467,6.1);
#467 = AXIS2_PLACEMENT_3D('',#468,#469,#470);
#468 = CARTESIAN_POINT('',(13.980000044703,-50.1840000298,3.345));
#469 = DIRECTION('',(0.,0.,-1.));
#470 = DIRECTION('',(1.,0.,0.));
#471 = ORIENTED_EDGE('',*,*,#177,.F.);
#472 = CYLINDRICAL_SURFACE('',#473,6.1);
#473 = AXIS2_PLACEMENT_3D('',#474,#475,#476);
#474 = CARTESIAN_POINT('',(13.980000044703,-50.1840000298,-4.605));
#475 = DIRECTION('',(0.,0.,-1.));
#476 = DIRECTION('',(1.,0.,0.));
#477 = ADVANCED_FACE('',(#478,#1440),#1447,.T.);
#478 = FACE_BOUND('',#479,.T.);
#479 = EDGE_LOOP('',(#480,#490,#498,#506,#514,#522,#530,#538,#546,#554,
    #562,#570,#578,#586,#594,#602,#610,#618,#626,#634,#642,#650,#658,
    #666,#674,#682,#690,#698,#706,#714,#722,#730,#738,#746,#754,#762,
    #770,#778,#786,#794,#802,#810,#818,#826,#834,#842,#850,#858,#866,
    #874,#882,#890,#898,#906,#914,#922,#930,#938,#946,#954,#962,#970,
    #978,#986,#994,#1002,#1010,#1018,#1026,#1034,#1042,#1050,#1058,#1066
    ,#1074,#1082,#1090,#1098,#1106,#1114,#1122,#1130,#1138,#1146,#1154,
    #1162,#1170,#1178,#1186,#1194,#1202,#1210,#1218,#1226,#1234,#1242,
    #1250,#1258,#1266,#1274,#1282,#1290,#1298,#1306,#1314,#1322,#1330,
    #1338,#1346,#1354,#1362,#1370,#1378,#1386,#1394,#1402,#1410,#1418,
    #1426,#1434));
#480 = ORIENTED_EDGE('',*,*,#481,.F.);
#481 = EDGE_CURVE('',#482,#484,#486,.T.);
#482 = VERTEX_POINT('',#483);
#483 = CARTESIAN_POINT('',(13.587480372881,-57.67372154046,3.345));
#484 = VERTEX_POINT('',#485);
#485 = CARTESIAN_POINT('',(13.980000044704,-58.35358555502,3.345));
#486 = LINE('',#487,#488);
#487 = CARTESIAN_POINT('',(12.211232893894,-55.28999098307,3.345));
#488 = VECTOR('',#489,1.);
#489 = DIRECTION('',(0.500000000001,-0.866025403784,0.));
#490 = ORIENTED_EDGE('',*,*,#491,.F.);
#491 = EDGE_CURVE('',#492,#482,#494,.T.);
#492 = VERTEX_POINT('',#493);
#493 = CARTESIAN_POINT('',(13.126045824218,-58.30883171072,3.345));
#494 = LINE('',#495,#496);
#495 = CARTESIAN_POINT('',(15.436073590517,-55.12935125739,3.345));
#496 = VECTOR('',#497,1.);
#497 = DIRECTION('',(0.587785252291,0.809016994376,0.));
#498 = ORIENTED_EDGE('',*,*,#499,.F.);
#499 = EDGE_CURVE('',#500,#492,#502,.T.);
#500 = VERTEX_POINT('',#501);
#501 = CARTESIAN_POINT('',(12.806741556901,-57.59166258426,3.345));
#502 = LINE('',#503,#504);
#503 = CARTESIAN_POINT('',(11.687200997611,-55.07713331822,3.345));
#504 = VECTOR('',#505,1.);
#505 = DIRECTION('',(0.406736643076,-0.913545457642,0.));
#506 = ORIENTED_EDGE('',*,*,#507,.F.);
#507 = EDGE_CURVE('',#508,#500,#510,.T.);
#508 = VERTEX_POINT('',#509);
#509 = CARTESIAN_POINT('',(12.281447704874,-58.17506051029,3.345));
#510 = LINE('',#511,#512);
#511 = CARTESIAN_POINT('',(14.911167103142,-55.25446123607,3.345));
#512 = VECTOR('',#513,1.);
#513 = DIRECTION('',(0.669130606358,0.743144825478,0.));
#514 = ORIENTED_EDGE('',*,*,#515,.F.);
#515 = EDGE_CURVE('',#516,#508,#518,.T.);
#516 = VERTEX_POINT('',#517);
#517 = CARTESIAN_POINT('',(12.038857206434,-57.42844372697,3.345));
#518 = LINE('',#519,#520);
#519 = CARTESIAN_POINT('',(11.188289487488,-54.81066546112,3.345));
#520 = VECTOR('',#521,1.);
#521 = DIRECTION('',(0.309016994376,-0.951056516295,0.));
#522 = ORIENTED_EDGE('',*,*,#523,.F.);
#523 = EDGE_CURVE('',#524,#516,#526,.T.);
#524 = VERTEX_POINT('',#525);
#525 = CARTESIAN_POINT('',(11.455459280409,-57.95373757899,3.345));
#526 = LINE('',#527,#528);
#527 = CARTESIAN_POINT('',(14.376058554616,-55.32401818072,3.345));
#528 = VECTOR('',#529,1.);
#529 = DIRECTION('',(0.743144825477,0.66913060636,0.));
#530 = ORIENTED_EDGE('',*,*,#531,.F.);
#531 = EDGE_CURVE('',#532,#524,#534,.T.);
#532 = VERTEX_POINT('',#533);
#533 = CARTESIAN_POINT('',(11.292240423113,-57.18585322853,3.345));
#534 = LINE('',#535,#536);
#535 = CARTESIAN_POINT('',(10.719964542432,-54.49350688936,3.345));
#536 = VECTOR('',#537,1.);
#537 = DIRECTION('',(0.207911690818,-0.978147600734,0.));
#538 = ORIENTED_EDGE('',*,*,#539,.F.);
#539 = EDGE_CURVE('',#540,#532,#542,.T.);
#540 = VERTEX_POINT('',#541);
#541 = CARTESIAN_POINT('',(10.657130252853,-57.64728777719,3.345));
#542 = LINE('',#543,#544);
#543 = CARTESIAN_POINT('',(13.836610706175,-55.33726001088,3.345));
#544 = VECTOR('',#545,1.);
#545 = DIRECTION('',(0.809016994374,0.587785252294,0.));
#546 = ORIENTED_EDGE('',*,*,#547,.F.);
#547 = EDGE_CURVE('',#548,#540,#550,.T.);
#548 = VERTEX_POINT('',#549);
#549 = CARTESIAN_POINT('',(10.575071296656,-56.86654896121,3.345));
#550 = LINE('',#551,#552);
#551 = CARTESIAN_POINT('',(10.287357228546,-54.12913245862,3.345));
#552 = VECTOR('',#553,1.);
#553 = DIRECTION('',(0.104528463268,-0.994521895368,0.));
#554 = ORIENTED_EDGE('',*,*,#555,.F.);
#555 = EDGE_CURVE('',#556,#548,#558,.T.);
#556 = VERTEX_POINT('',#557);
#557 = CARTESIAN_POINT('',(9.895207282091,-57.25906863303,3.345));
#558 = LINE('',#559,#560);
#559 = CARTESIAN_POINT('',(13.298733861333,-55.29404164631,3.345));
#560 = VECTOR('',#561,1.);
#561 = DIRECTION('',(0.866025403784,0.500000000001,0.));
#562 = ORIENTED_EDGE('',*,*,#563,.F.);
#563 = EDGE_CURVE('',#564,#556,#566,.T.);
#564 = VERTEX_POINT('',#565);
#565 = CARTESIAN_POINT('',(9.89520728209,-56.47402928939,3.345));
#566 = LINE('',#567,#568);
#567 = CARTESIAN_POINT('',(9.895207282089,-53.72153433142,3.345));
#568 = VECTOR('',#569,1.);
#569 = DIRECTION('',(6.410982855698E-13,-1.,0.));
#570 = ORIENTED_EDGE('',*,*,#571,.F.);
#571 = EDGE_CURVE('',#572,#564,#574,.T.);
#572 = VERTEX_POINT('',#573);
#573 = CARTESIAN_POINT('',(9.178038155634,-56.79333355671,3.345));
#574 = LINE('',#575,#576);
#575 = CARTESIAN_POINT('',(12.76832111136,-55.19483659644,3.345));
#576 = VECTOR('',#577,1.);
#577 = DIRECTION('',(0.913545457642,0.406736643077,0.));
#578 = ORIENTED_EDGE('',*,*,#579,.F.);
#579 = EDGE_CURVE('',#580,#572,#582,.T.);
#580 = VERTEX_POINT('',#581);
#581 = CARTESIAN_POINT('',(9.260097111829,-56.01259474072,3.345));
#582 = LINE('',#583,#584);
#583 = CARTESIAN_POINT('',(9.547811179936,-53.27517823813,3.345));
#584 = VECTOR('',#585,1.);
#585 = DIRECTION('',(-0.104528463267,-0.994521895368,0.));
#586 = ORIENTED_EDGE('',*,*,#587,.F.);
#587 = EDGE_CURVE('',#588,#580,#590,.T.);
#588 = VERTEX_POINT('',#589);
#589 = CARTESIAN_POINT('',(8.513480328509,-56.25518523916,3.345));
#590 = LINE('',#591,#592);
#591 = CARTESIAN_POINT('',(12.251183769341,-55.04073177256,3.345));
#592 = VECTOR('',#593,1.);
#593 = DIRECTION('',(0.951056516295,0.309016994376,0.));
#594 = ORIENTED_EDGE('',*,*,#595,.F.);
#595 = EDGE_CURVE('',#596,#588,#598,.T.);
#596 = VERTEX_POINT('',#597);
#597 = CARTESIAN_POINT('',(8.676699185804,-55.4873008887,3.345));
#598 = LINE('',#599,#600);
#599 = CARTESIAN_POINT('',(9.248975066481,-52.79495454952,3.345));
#600 = VECTOR('',#601,1.);
#601 = DIRECTION('',(-0.207911690817,-0.978147600734,0.));
#602 = ORIENTED_EDGE('',*,*,#603,.F.);
#603 = EDGE_CURVE('',#604,#596,#606,.T.);
#604 = VERTEX_POINT('',#605);
#605 = CARTESIAN_POINT('',(7.908814835337,-55.65051974599,3.345));
#606 = LINE('',#607,#608);
#607 = CARTESIAN_POINT('',(11.752987700213,-54.83341557936,3.345));
#608 = VECTOR('',#609,1.);
#609 = DIRECTION('',(0.978147600734,0.207911690819,0.));
#610 = ORIENTED_EDGE('',*,*,#611,.F.);
#611 = EDGE_CURVE('',#612,#604,#614,.T.);
#612 = VERTEX_POINT('',#613);
#613 = CARTESIAN_POINT('',(8.151405333776,-54.90390296267,3.345));
#614 = LINE('',#615,#616);
#615 = CARTESIAN_POINT('',(9.001973052719,-52.28612469682,3.345));
#616 = VECTOR('',#617,1.);
#617 = DIRECTION('',(-0.309016994374,-0.951056516295,0.));
#618 = ORIENTED_EDGE('',*,*,#619,.F.);
#619 = EDGE_CURVE('',#620,#612,#622,.T.);
#620 = VERTEX_POINT('',#621);
#621 = CARTESIAN_POINT('',(7.370666517796,-54.98596191887,3.345));
#622 = LINE('',#623,#624);
#623 = CARTESIAN_POINT('',(11.279191244363,-54.57515941646,3.345));
#624 = VECTOR('',#625,1.);
#625 = DIRECTION('',(0.994521895368,0.104528463269,0.));
#626 = ORIENTED_EDGE('',*,*,#627,.F.);
#627 = EDGE_CURVE('',#628,#620,#630,.T.);
#628 = VERTEX_POINT('',#629);
#629 = CARTESIAN_POINT('',(7.689970785112,-54.26879279241,3.345));
#630 = LINE('',#631,#632);
#631 = CARTESIAN_POINT('',(8.809511344399,-51.75426352637,3.345));
#632 = VECTOR('',#633,1.);
#633 = DIRECTION('',(-0.406736643075,-0.913545457643,0.));
#634 = ORIENTED_EDGE('',*,*,#635,.F.);
#635 = EDGE_CURVE('',#636,#628,#638,.T.);
#636 = VERTEX_POINT('',#637);
#637 = CARTESIAN_POINT('',(6.904931441468,-54.26879279241,3.345));
#638 = LINE('',#639,#640);
#639 = CARTESIAN_POINT('',(10.83498541491,-54.26879279241,3.345));
#640 = VECTOR('',#641,1.);
#641 = DIRECTION('',(1.,1.299460539173E-12,0.));
#642 = ORIENTED_EDGE('',*,*,#643,.F.);
#643 = EDGE_CURVE('',#644,#636,#646,.T.);
#644 = VERTEX_POINT('',#645);
#645 = CARTESIAN_POINT('',(7.29745111329,-53.58892877784,3.345));
#646 = LINE('',#647,#648);
#647 = CARTESIAN_POINT('',(8.673698592274,-51.20519822045,3.345));
#648 = VECTOR('',#649,1.);
#649 = DIRECTION('',(-0.499999999999,-0.866025403785,0.));
#650 = ORIENTED_EDGE('',*,*,#651,.F.);
#651 = EDGE_CURVE('',#652,#644,#654,.T.);
#652 = VERTEX_POINT('',#653);
#653 = CARTESIAN_POINT('',(6.51671229731,-53.50686982165,3.345));
#654 = LINE('',#655,#656);
#655 = CARTESIAN_POINT('',(10.425237023878,-53.91767232405,3.345));
#656 = VECTOR('',#657,1.);
#657 = DIRECTION('',(0.994521895368,-0.104528463266,0.));
#658 = ORIENTED_EDGE('',*,*,#659,.F.);
#659 = EDGE_CURVE('',#660,#652,#662,.T.);
#660 = VERTEX_POINT('',#661);
#661 = CARTESIAN_POINT('',(6.978146845974,-52.87175965139,3.345));
#662 = LINE('',#663,#664);
#663 = CARTESIAN_POINT('',(8.596022789278,-50.64494445346,3.345));
#664 = VECTOR('',#665,1.);
#665 = DIRECTION('',(-0.587785252292,-0.809016994375,0.));
#666 = ORIENTED_EDGE('',*,*,#667,.F.);
#667 = EDGE_CURVE('',#668,#660,#670,.T.);
#668 = VERTEX_POINT('',#669);
#669 = CARTESIAN_POINT('',(6.210262495507,-52.70854079409,3.345));
#670 = LINE('',#671,#672);
#671 = CARTESIAN_POINT('',(10.054435360384,-53.52564496071,3.345));
#672 = VECTOR('',#673,1.);
#673 = DIRECTION('',(0.978147600734,-0.207911690816,0.));
#674 = ORIENTED_EDGE('',*,*,#675,.F.);
#675 = EDGE_CURVE('',#676,#668,#678,.T.);
#676 = VERTEX_POINT('',#677);
#677 = CARTESIAN_POINT('',(6.735556347535,-52.12514286807,3.345));
#678 = LINE('',#679,#680);
#679 = CARTESIAN_POINT('',(8.577334967761,-50.0796404829,3.345));
#680 = VECTOR('',#681,1.);
#681 = DIRECTION('',(-0.669130606358,-0.743144825478,0.));
#682 = ORIENTED_EDGE('',*,*,#683,.F.);
#683 = EDGE_CURVE('',#684,#676,#686,.T.);
#684 = VERTEX_POINT('',#685);
#685 = CARTESIAN_POINT('',(5.988939564214,-51.88255236963,3.345));
#686 = LINE('',#687,#688);
#687 = CARTESIAN_POINT('',(9.726643005049,-53.09700583623,3.345));
#688 = VECTOR('',#689,1.);
#689 = DIRECTION('',(0.951056516296,-0.309016994374,0.));
#690 = ORIENTED_EDGE('',*,*,#691,.F.);
#691 = EDGE_CURVE('',#692,#684,#694,.T.);
#692 = VERTEX_POINT('',#693);
#693 = CARTESIAN_POINT('',(6.572337490239,-51.3572585176,3.345));
#694 = LINE('',#695,#696);
#695 = CARTESIAN_POINT('',(8.617839875407,-49.51547989737,3.345));
#696 = VECTOR('',#697,1.);
#697 = DIRECTION('',(-0.743144825477,-0.669130606359,0.));
#698 = ORIENTED_EDGE('',*,*,#699,.F.);
#699 = EDGE_CURVE('',#700,#692,#702,.T.);
#700 = VERTEX_POINT('',#701);
#701 = CARTESIAN_POINT('',(5.855168363782,-51.03795425028,3.345));
#702 = LINE('',#703,#704);
#703 = CARTESIAN_POINT('',(9.445451319513,-52.63645121054,3.345));
#704 = VECTOR('',#705,1.);
#705 = DIRECTION('',(0.913545457643,-0.406736643075,0.));
#706 = ORIENTED_EDGE('',*,*,#707,.F.);
#707 = EDGE_CURVE('',#708,#700,#710,.T.);
#708 = VERTEX_POINT('',#709);
#709 = CARTESIAN_POINT('',(6.490278534044,-50.57651970162,3.345));
#710 = LINE('',#711,#712);
#711 = CARTESIAN_POINT('',(8.717093731973,-48.95864375831,3.345));
#712 = VECTOR('',#713,1.);
#713 = DIRECTION('',(-0.809016994375,-0.587785252293,0.));
#714 = ORIENTED_EDGE('',*,*,#715,.F.);
#715 = EDGE_CURVE('',#716,#708,#718,.T.);
#716 = VERTEX_POINT('',#717);
#717 = CARTESIAN_POINT('',(5.810414519477,-50.1840000298,3.345));
#718 = LINE('',#719,#720);
#719 = CARTESIAN_POINT('',(9.213941098725,-52.14902701652,3.345));
#720 = VECTOR('',#721,1.);
#721 = DIRECTION('',(0.866025403785,-0.499999999999,0.));
#722 = ORIENTED_EDGE('',*,*,#723,.F.);
#723 = EDGE_CURVE('',#724,#716,#726,.T.);
#724 = VERTEX_POINT('',#725);
#725 = CARTESIAN_POINT('',(6.490278534044,-49.79148035798,3.345));
#726 = LINE('',#727,#728);
#727 = CARTESIAN_POINT('',(8.874009091435,-48.41523287899,3.345));
#728 = VECTOR('',#729,1.);
#729 = DIRECTION('',(-0.866025403784,-0.500000000001,0.));
#730 = ORIENTED_EDGE('',*,*,#731,.F.);
#731 = EDGE_CURVE('',#732,#724,#734,.T.);
#732 = VERTEX_POINT('',#733);
#733 = CARTESIAN_POINT('',(5.855168363782,-49.33004580931,3.345));
#734 = LINE('',#735,#736);
#735 = CARTESIAN_POINT('',(9.034648817111,-51.64007357561,3.345));
#736 = VECTOR('',#737,1.);
#737 = DIRECTION('',(0.809016994376,-0.587785252291,0.));
#738 = ORIENTED_EDGE('',*,*,#739,.F.);
#739 = EDGE_CURVE('',#740,#732,#742,.T.);
#740 = VERTEX_POINT('',#741);
#741 = CARTESIAN_POINT('',(6.572337490239,-49.010741542,3.345));
#742 = LINE('',#743,#744);
#743 = CARTESIAN_POINT('',(9.086866756278,-47.89120098271,3.345));
#744 = VECTOR('',#745,1.);
#745 = DIRECTION('',(-0.913545457642,-0.406736643076,0.));
#746 = ORIENTED_EDGE('',*,*,#747,.F.);
#747 = EDGE_CURVE('',#748,#740,#750,.T.);
#748 = VERTEX_POINT('',#749);
#749 = CARTESIAN_POINT('',(5.988939564213,-48.48544768997,3.345));
#750 = LINE('',#751,#752);
#751 = CARTESIAN_POINT('',(8.909538838427,-51.11516708824,3.345));
#752 = VECTOR('',#753,1.);
#753 = DIRECTION('',(0.743144825478,-0.669130606358,0.));
#754 = ORIENTED_EDGE('',*,*,#755,.F.);
#755 = EDGE_CURVE('',#756,#748,#758,.T.);
#756 = VERTEX_POINT('',#757);
#757 = CARTESIAN_POINT('',(6.735556347535,-48.24285719153,3.345));
#758 = LINE('',#759,#760);
#759 = CARTESIAN_POINT('',(9.353334613383,-47.39228947258,3.345));
#760 = VECTOR('',#761,1.);
#761 = DIRECTION('',(-0.951056516295,-0.309016994376,0.));
#762 = ORIENTED_EDGE('',*,*,#763,.F.);
#763 = EDGE_CURVE('',#764,#756,#766,.T.);
#764 = VERTEX_POINT('',#765);
#765 = CARTESIAN_POINT('',(6.210262495506,-47.6594592655,3.345));
#766 = LINE('',#767,#768);
#767 = CARTESIAN_POINT('',(8.839981893782,-50.58005853971,3.345));
#768 = VECTOR('',#769,1.);
#769 = DIRECTION('',(0.66913060636,-0.743144825477,0.));
#770 = ORIENTED_EDGE('',*,*,#771,.F.);
#771 = EDGE_CURVE('',#772,#764,#774,.T.);
#772 = VERTEX_POINT('',#773);
#773 = CARTESIAN_POINT('',(6.978146845974,-47.49624040821,3.345));
#774 = LINE('',#775,#776);
#775 = CARTESIAN_POINT('',(9.670493185145,-46.92396452753,3.345));
#776 = VECTOR('',#777,1.);
#777 = DIRECTION('',(-0.978147600734,-0.207911690818,0.));
#778 = ORIENTED_EDGE('',*,*,#779,.F.);
#779 = EDGE_CURVE('',#780,#772,#782,.T.);
#780 = VERTEX_POINT('',#781);
#781 = CARTESIAN_POINT('',(6.51671229731,-46.86113023795,3.345));
#782 = LINE('',#783,#784);
#783 = CARTESIAN_POINT('',(8.826740063617,-50.04061069127,3.345));
#784 = VECTOR('',#785,1.);
#785 = DIRECTION('',(0.587785252294,-0.809016994374,0.));
#786 = ORIENTED_EDGE('',*,*,#787,.F.);
#787 = EDGE_CURVE('',#788,#780,#790,.T.);
#788 = VERTEX_POINT('',#789);
#789 = CARTESIAN_POINT('',(7.29745111329,-46.77907128175,3.345));
#790 = LINE('',#791,#792);
#791 = CARTESIAN_POINT('',(10.034867615883,-46.49135721364,3.345));
#792 = VECTOR('',#793,1.);
#793 = DIRECTION('',(-0.994521895368,-0.104528463268,0.));
#794 = ORIENTED_EDGE('',*,*,#795,.F.);
#795 = EDGE_CURVE('',#796,#788,#798,.T.);
#796 = VERTEX_POINT('',#797);
#797 = CARTESIAN_POINT('',(6.904931441467,-46.09920726719,3.345));
#798 = LINE('',#799,#800);
#799 = CARTESIAN_POINT('',(8.869958428193,-49.50273384643,3.345));
#800 = VECTOR('',#801,1.);
#801 = DIRECTION('',(0.500000000001,-0.866025403784,0.));
#802 = ORIENTED_EDGE('',*,*,#803,.F.);
#803 = EDGE_CURVE('',#804,#796,#806,.T.);
#804 = VERTEX_POINT('',#805);
#805 = CARTESIAN_POINT('',(7.689970785112,-46.09920726718,3.345));
#806 = LINE('',#807,#808);
#807 = CARTESIAN_POINT('',(10.442465743084,-46.09920726718,3.345));
#808 = VECTOR('',#809,1.);
#809 = DIRECTION('',(-1.,-6.410982855698E-13,0.));
#810 = ORIENTED_EDGE('',*,*,#811,.F.);
#811 = EDGE_CURVE('',#812,#804,#814,.T.);
#812 = VERTEX_POINT('',#813);
#813 = CARTESIAN_POINT('',(7.370666517795,-45.38203814073,3.345));
#814 = LINE('',#815,#816);
#815 = CARTESIAN_POINT('',(8.969163478064,-48.97232109645,3.345));
#816 = VECTOR('',#817,1.);
#817 = DIRECTION('',(0.406736643077,-0.913545457642,0.));
#818 = ORIENTED_EDGE('',*,*,#819,.F.);
#819 = EDGE_CURVE('',#820,#812,#822,.T.);
#820 = VERTEX_POINT('',#821);
#821 = CARTESIAN_POINT('',(8.151405333776,-45.46409709692,3.345));
#822 = LINE('',#823,#824);
#823 = CARTESIAN_POINT('',(10.888821836369,-45.75181116503,3.345));
#824 = VECTOR('',#825,1.);
#825 = DIRECTION('',(-0.994521895368,0.104528463267,0.));
#826 = ORIENTED_EDGE('',*,*,#827,.F.);
#827 = EDGE_CURVE('',#828,#820,#830,.T.);
#828 = VERTEX_POINT('',#829);
#829 = CARTESIAN_POINT('',(7.908814835336,-44.7174803136,3.345));
#830 = LINE('',#831,#832);
#831 = CARTESIAN_POINT('',(9.123268301945,-48.45518375444,3.345));
#832 = VECTOR('',#833,1.);
#833 = DIRECTION('',(0.309016994376,-0.951056516295,0.));
#834 = ORIENTED_EDGE('',*,*,#835,.F.);
#835 = EDGE_CURVE('',#836,#828,#838,.T.);
#836 = VERTEX_POINT('',#837);
#837 = CARTESIAN_POINT('',(8.676699185804,-44.8806991709,3.345));
#838 = LINE('',#839,#840);
#839 = CARTESIAN_POINT('',(11.369045524976,-45.45297505158,3.345));
#840 = VECTOR('',#841,1.);
#841 = DIRECTION('',(-0.978147600734,0.207911690817,0.));
#842 = ORIENTED_EDGE('',*,*,#843,.F.);
#843 = EDGE_CURVE('',#844,#836,#846,.T.);
#844 = VERTEX_POINT('',#845);
#845 = CARTESIAN_POINT('',(8.513480328507,-44.11281482043,3.345));
#846 = LINE('',#847,#848);
#847 = CARTESIAN_POINT('',(9.330584495136,-47.95698768531,3.345));
#848 = VECTOR('',#849,1.);
#849 = DIRECTION('',(0.207911690819,-0.978147600734,0.));
#850 = ORIENTED_EDGE('',*,*,#851,.F.);
#851 = EDGE_CURVE('',#852,#844,#854,.T.);
#852 = VERTEX_POINT('',#853);
#853 = CARTESIAN_POINT('',(9.260097111829,-44.35540531887,3.345));
#854 = LINE('',#855,#856);
#855 = CARTESIAN_POINT('',(11.877875377678,-45.20597303781,3.345));
#856 = VECTOR('',#857,1.);
#857 = DIRECTION('',(-0.951056516295,0.309016994374,0.));
#858 = ORIENTED_EDGE('',*,*,#859,.F.);
#859 = EDGE_CURVE('',#860,#852,#862,.T.);
#860 = VERTEX_POINT('',#861);
#861 = CARTESIAN_POINT('',(9.178038155632,-43.57466650289,3.345));
#862 = LINE('',#863,#864);
#863 = CARTESIAN_POINT('',(9.58884065804,-47.48319122946,3.345));
#864 = VECTOR('',#865,1.);
#865 = DIRECTION('',(0.104528463269,-0.994521895368,0.));
#866 = ORIENTED_EDGE('',*,*,#867,.F.);
#867 = EDGE_CURVE('',#868,#860,#870,.T.);
#868 = VERTEX_POINT('',#869);
#869 = CARTESIAN_POINT('',(9.89520728209,-43.89397077021,3.345));
#870 = LINE('',#871,#872);
#871 = CARTESIAN_POINT('',(12.40973654813,-45.01351132949,3.345));
#872 = VECTOR('',#873,1.);
#873 = DIRECTION('',(-0.913545457643,0.406736643075,0.));
#874 = ORIENTED_EDGE('',*,*,#875,.F.);
#875 = EDGE_CURVE('',#876,#868,#878,.T.);
#876 = VERTEX_POINT('',#877);
#877 = CARTESIAN_POINT('',(9.895207282089,-43.10893142656,3.345));
#878 = LINE('',#879,#880);
#879 = CARTESIAN_POINT('',(9.895207282094,-47.0389854,3.345));
#880 = VECTOR('',#881,1.);
#881 = DIRECTION('',(1.300348717592E-12,-1.,0.));
#882 = ORIENTED_EDGE('',*,*,#883,.F.);
#883 = EDGE_CURVE('',#884,#876,#886,.T.);
#884 = VERTEX_POINT('',#885);
#885 = CARTESIAN_POINT('',(10.575071296656,-43.50145109838,3.345));
#886 = LINE('',#887,#888);
#887 = CARTESIAN_POINT('',(12.958801854049,-44.87769857737,3.345));
#888 = VECTOR('',#889,1.);
#889 = DIRECTION('',(-0.866025403785,0.499999999999,0.));
#890 = ORIENTED_EDGE('',*,*,#891,.F.);
#891 = EDGE_CURVE('',#892,#884,#894,.T.);
#892 = VERTEX_POINT('',#893);
#893 = CARTESIAN_POINT('',(10.657130252851,-42.7207122824,3.345));
#894 = LINE('',#895,#896);
#895 = CARTESIAN_POINT('',(10.246327750453,-46.62923700897,3.345));
#896 = VECTOR('',#897,1.);
#897 = DIRECTION('',(-0.104528463266,-0.994521895368,0.));
#898 = ORIENTED_EDGE('',*,*,#899,.F.);
#899 = EDGE_CURVE('',#900,#892,#902,.T.);
#900 = VERTEX_POINT('',#901);
#901 = CARTESIAN_POINT('',(11.292240423113,-43.18214683107,3.345));
#902 = LINE('',#903,#904);
#903 = CARTESIAN_POINT('',(13.519055621045,-44.80002277437,3.345));
#904 = VECTOR('',#905,1.);
#905 = DIRECTION('',(-0.809016994375,0.587785252292,0.));
#906 = ORIENTED_EDGE('',*,*,#907,.F.);
#907 = EDGE_CURVE('',#908,#900,#910,.T.);
#908 = VERTEX_POINT('',#909);
#909 = CARTESIAN_POINT('',(11.455459280408,-42.4142624806,3.345));
#910 = LINE('',#911,#912);
#911 = CARTESIAN_POINT('',(10.638355113789,-46.25843534548,3.345));
#912 = VECTOR('',#913,1.);
#913 = DIRECTION('',(-0.207911690816,-0.978147600734,0.));
#914 = ORIENTED_EDGE('',*,*,#915,.F.);
#915 = EDGE_CURVE('',#916,#908,#918,.T.);
#916 = VERTEX_POINT('',#917);
#917 = CARTESIAN_POINT('',(12.038857206434,-42.93955633263,3.345));
#918 = LINE('',#919,#920);
#919 = CARTESIAN_POINT('',(14.084359591604,-44.78133495286,3.345));
#920 = VECTOR('',#921,1.);
#921 = DIRECTION('',(-0.743144825478,0.669130606358,0.));
#922 = ORIENTED_EDGE('',*,*,#923,.F.);
#923 = EDGE_CURVE('',#924,#916,#926,.T.);
#924 = VERTEX_POINT('',#925);
#925 = CARTESIAN_POINT('',(12.281447704872,-42.19293954931,3.345));
#926 = LINE('',#927,#928);
#927 = CARTESIAN_POINT('',(11.066994238273,-45.93064299014,3.345));
#928 = VECTOR('',#929,1.);
#929 = DIRECTION('',(-0.309016994374,-0.951056516296,0.));
#930 = ORIENTED_EDGE('',*,*,#931,.F.);
#931 = EDGE_CURVE('',#932,#924,#934,.T.);
#932 = VERTEX_POINT('',#933);
#933 = CARTESIAN_POINT('',(12.806741556901,-42.77633747533,3.345));
#934 = LINE('',#935,#936);
#935 = CARTESIAN_POINT('',(14.64852017713,-44.8218398605,3.345));
#936 = VECTOR('',#937,1.);
#937 = DIRECTION('',(-0.669130606359,0.743144825477,0.));
#938 = ORIENTED_EDGE('',*,*,#939,.F.);
#939 = EDGE_CURVE('',#940,#932,#942,.T.);
#940 = VERTEX_POINT('',#941);
#941 = CARTESIAN_POINT('',(13.126045824217,-42.05916834888,3.345));
#942 = LINE('',#943,#944);
#943 = CARTESIAN_POINT('',(11.527548863957,-45.64945130461,3.345));
#944 = VECTOR('',#945,1.);
#945 = DIRECTION('',(-0.406736643075,-0.913545457643,0.));
#946 = ORIENTED_EDGE('',*,*,#947,.F.);
#947 = EDGE_CURVE('',#948,#940,#950,.T.);
#948 = VERTEX_POINT('',#949);
#949 = CARTESIAN_POINT('',(13.587480372881,-42.69427851914,3.345));
#950 = LINE('',#951,#952);
#951 = CARTESIAN_POINT('',(15.205356316187,-44.92109371707,3.345));
#952 = VECTOR('',#953,1.);
#953 = DIRECTION('',(-0.587785252293,0.809016994375,0.));
#954 = ORIENTED_EDGE('',*,*,#955,.F.);
#955 = EDGE_CURVE('',#956,#948,#958,.T.);
#956 = VERTEX_POINT('',#957);
#957 = CARTESIAN_POINT('',(13.980000044702,-42.01441450457,3.345));
#958 = LINE('',#959,#960);
#959 = CARTESIAN_POINT('',(12.014973057985,-45.41794108382,3.345));
#960 = VECTOR('',#961,1.);
#961 = DIRECTION('',(-0.499999999999,-0.866025403785,0.));
#962 = ORIENTED_EDGE('',*,*,#963,.F.);
#963 = EDGE_CURVE('',#964,#956,#966,.T.);
#964 = VERTEX_POINT('',#965);
#965 = CARTESIAN_POINT('',(14.372519716525,-42.69427851914,3.345));
#966 = LINE('',#967,#968);
#967 = CARTESIAN_POINT('',(15.748767195512,-45.07800907653,3.345));
#968 = VECTOR('',#969,1.);
#969 = DIRECTION('',(-0.500000000001,0.866025403784,0.));
#970 = ORIENTED_EDGE('',*,*,#971,.F.);
#971 = EDGE_CURVE('',#972,#964,#974,.T.);
#972 = VERTEX_POINT('',#973);
#973 = CARTESIAN_POINT('',(14.833954265188,-42.05916834888,3.345));
#974 = LINE('',#975,#976);
#975 = CARTESIAN_POINT('',(12.523926498889,-45.23864880221,3.345));
#976 = VECTOR('',#977,1.);
#977 = DIRECTION('',(-0.587785252291,-0.809016994376,0.));
#978 = ORIENTED_EDGE('',*,*,#979,.F.);
#979 = EDGE_CURVE('',#980,#972,#982,.T.);
#980 = VERTEX_POINT('',#981);
#981 = CARTESIAN_POINT('',(15.153258532505,-42.77633747533,3.345));
#982 = LINE('',#983,#984);
#983 = CARTESIAN_POINT('',(16.272799091795,-45.29086674137,3.345));
#984 = VECTOR('',#985,1.);
#985 = DIRECTION('',(-0.406736643076,0.913545457642,0.));
#986 = ORIENTED_EDGE('',*,*,#987,.F.);
#987 = EDGE_CURVE('',#988,#980,#990,.T.);
#988 = VERTEX_POINT('',#989);
#989 = CARTESIAN_POINT('',(15.678552384532,-42.19293954931,3.345));
#990 = LINE('',#991,#992);
#991 = CARTESIAN_POINT('',(13.048832986264,-45.11353882352,3.345));
#992 = VECTOR('',#993,1.);
#993 = DIRECTION('',(-0.669130606358,-0.743144825478,0.));
#994 = ORIENTED_EDGE('',*,*,#995,.F.);
#995 = EDGE_CURVE('',#996,#988,#998,.T.);
#996 = VERTEX_POINT('',#997);
#997 = CARTESIAN_POINT('',(15.921142882972,-42.93955633263,3.345));
#998 = LINE('',#999,#1000);
#999 = CARTESIAN_POINT('',(16.771710601918,-45.55733459848,3.345));
#1000 = VECTOR('',#1001,1.);
#1001 = DIRECTION('',(-0.309016994376,0.951056516295,0.));
#1002 = ORIENTED_EDGE('',*,*,#1003,.F.);
#1003 = EDGE_CURVE('',#1004,#996,#1006,.T.);
#1004 = VERTEX_POINT('',#1005);
#1005 = CARTESIAN_POINT('',(16.504540808997,-42.4142624806,3.345));
#1006 = LINE('',#1007,#1008);
#1007 = CARTESIAN_POINT('',(13.58394153479,-45.04398187888,3.345));
#1008 = VECTOR('',#1009,1.);
#1009 = DIRECTION('',(-0.743144825477,-0.66913060636,0.));
#1010 = ORIENTED_EDGE('',*,*,#1011,.F.);
#1011 = EDGE_CURVE('',#1012,#1004,#1014,.T.);
#1012 = VERTEX_POINT('',#1013);
#1013 = CARTESIAN_POINT('',(16.667759666293,-43.18214683107,3.345));
#1014 = LINE('',#1015,#1016);
#1015 = CARTESIAN_POINT('',(17.240035546974,-45.87449317024,3.345));
#1016 = VECTOR('',#1017,1.);
#1017 = DIRECTION('',(-0.207911690818,0.978147600734,0.));
#1018 = ORIENTED_EDGE('',*,*,#1019,.F.);
#1019 = EDGE_CURVE('',#1020,#1012,#1022,.T.);
#1020 = VERTEX_POINT('',#1021);
#1021 = CARTESIAN_POINT('',(17.302869836553,-42.7207122824,3.345));
#1022 = LINE('',#1023,#1024);
#1023 = CARTESIAN_POINT('',(14.123389383231,-45.03074004871,3.345));
#1024 = VECTOR('',#1025,1.);
#1025 = DIRECTION('',(-0.809016994374,-0.587785252294,0.));
#1026 = ORIENTED_EDGE('',*,*,#1027,.F.);
#1027 = EDGE_CURVE('',#1028,#1020,#1030,.T.);
#1028 = VERTEX_POINT('',#1029);
#1029 = CARTESIAN_POINT('',(17.38492879275,-43.50145109838,3.345));
#1030 = LINE('',#1031,#1032);
#1031 = CARTESIAN_POINT('',(17.67264286086,-46.23886760098,3.345));
#1032 = VECTOR('',#1033,1.);
#1033 = DIRECTION('',(-0.104528463268,0.994521895368,0.));
#1034 = ORIENTED_EDGE('',*,*,#1035,.F.);
#1035 = EDGE_CURVE('',#1036,#1028,#1038,.T.);
#1036 = VERTEX_POINT('',#1037);
#1037 = CARTESIAN_POINT('',(18.064792807315,-43.10893142656,3.345));
#1038 = LINE('',#1039,#1040);
#1039 = CARTESIAN_POINT('',(14.661266228073,-45.07395841329,3.345));
#1040 = VECTOR('',#1041,1.);
#1041 = DIRECTION('',(-0.866025403784,-0.500000000001,0.));
#1042 = ORIENTED_EDGE('',*,*,#1043,.F.);
#1043 = EDGE_CURVE('',#1044,#1036,#1046,.T.);
#1044 = VERTEX_POINT('',#1045);
#1045 = CARTESIAN_POINT('',(18.064792807316,-43.89397077021,3.345));
#1046 = LINE('',#1047,#1048);
#1047 = CARTESIAN_POINT('',(18.064792807317,-46.64646572818,3.345));
#1048 = VECTOR('',#1049,1.);
#1049 = DIRECTION('',(-6.410982855698E-13,1.,0.));
#1050 = ORIENTED_EDGE('',*,*,#1051,.F.);
#1051 = EDGE_CURVE('',#1052,#1044,#1054,.T.);
#1052 = VERTEX_POINT('',#1053);
#1053 = CARTESIAN_POINT('',(18.781961933772,-43.57466650289,3.345));
#1054 = LINE('',#1055,#1056);
#1055 = CARTESIAN_POINT('',(15.191678978046,-45.17316346316,3.345));
#1056 = VECTOR('',#1057,1.);
#1057 = DIRECTION('',(-0.913545457642,-0.406736643077,0.));
#1058 = ORIENTED_EDGE('',*,*,#1059,.F.);
#1059 = EDGE_CURVE('',#1060,#1052,#1062,.T.);
#1060 = VERTEX_POINT('',#1061);
#1061 = CARTESIAN_POINT('',(18.699902977577,-44.35540531887,3.345));
#1062 = LINE('',#1063,#1064);
#1063 = CARTESIAN_POINT('',(18.41218890947,-47.09282182146,3.345));
#1064 = VECTOR('',#1065,1.);
#1065 = DIRECTION('',(0.104528463267,0.994521895368,0.));
#1066 = ORIENTED_EDGE('',*,*,#1067,.F.);
#1067 = EDGE_CURVE('',#1068,#1060,#1070,.T.);
#1068 = VERTEX_POINT('',#1069);
#1069 = CARTESIAN_POINT('',(19.446519760897,-44.11281482043,3.345));
#1070 = LINE('',#1071,#1072);
#1071 = CARTESIAN_POINT('',(15.708816320065,-45.32726828704,3.345));
#1072 = VECTOR('',#1073,1.);
#1073 = DIRECTION('',(-0.951056516295,-0.309016994376,0.));
#1074 = ORIENTED_EDGE('',*,*,#1075,.F.);
#1075 = EDGE_CURVE('',#1076,#1068,#1078,.T.);
#1076 = VERTEX_POINT('',#1077);
#1077 = CARTESIAN_POINT('',(19.283300903602,-44.8806991709,3.345));
#1078 = LINE('',#1079,#1080);
#1079 = CARTESIAN_POINT('',(18.711025022925,-47.57304551007,3.345));
#1080 = VECTOR('',#1081,1.);
#1081 = DIRECTION('',(0.207911690817,0.978147600734,0.));
#1082 = ORIENTED_EDGE('',*,*,#1083,.F.);
#1083 = EDGE_CURVE('',#1084,#1076,#1086,.T.);
#1084 = VERTEX_POINT('',#1085);
#1085 = CARTESIAN_POINT('',(20.051185254069,-44.7174803136,3.345));
#1086 = LINE('',#1087,#1088);
#1087 = CARTESIAN_POINT('',(16.207012389193,-45.53458448023,3.345));
#1088 = VECTOR('',#1089,1.);
#1089 = DIRECTION('',(-0.978147600734,-0.207911690819,0.));
#1090 = ORIENTED_EDGE('',*,*,#1091,.F.);
#1091 = EDGE_CURVE('',#1092,#1084,#1094,.T.);
#1092 = VERTEX_POINT('',#1093);
#1093 = CARTESIAN_POINT('',(19.80859475563,-45.46409709692,3.345));
#1094 = LINE('',#1095,#1096);
#1095 = CARTESIAN_POINT('',(18.958027036687,-48.08187536277,3.345));
#1096 = VECTOR('',#1097,1.);
#1097 = DIRECTION('',(0.309016994374,0.951056516295,0.));
#1098 = ORIENTED_EDGE('',*,*,#1099,.F.);
#1099 = EDGE_CURVE('',#1100,#1092,#1102,.T.);
#1100 = VERTEX_POINT('',#1101);
#1101 = CARTESIAN_POINT('',(20.58933357161,-45.38203814073,3.345));
#1102 = LINE('',#1103,#1104);
#1103 = CARTESIAN_POINT('',(16.680808845043,-45.79284064313,3.345));
#1104 = VECTOR('',#1105,1.);
#1105 = DIRECTION('',(-0.994521895368,-0.104528463269,0.));
#1106 = ORIENTED_EDGE('',*,*,#1107,.F.);
#1107 = EDGE_CURVE('',#1108,#1100,#1110,.T.);
#1108 = VERTEX_POINT('',#1109);
#1109 = CARTESIAN_POINT('',(20.270029304294,-46.09920726718,3.345));
#1110 = LINE('',#1111,#1112);
#1111 = CARTESIAN_POINT('',(19.150488745007,-48.61373653322,3.345));
#1112 = VECTOR('',#1113,1.);
#1113 = DIRECTION('',(0.406736643075,0.913545457643,0.));
#1114 = ORIENTED_EDGE('',*,*,#1115,.F.);
#1115 = EDGE_CURVE('',#1116,#1108,#1118,.T.);
#1116 = VERTEX_POINT('',#1117);
#1117 = CARTESIAN_POINT('',(21.055068647938,-46.09920726718,3.345));
#1118 = LINE('',#1119,#1120);
#1119 = CARTESIAN_POINT('',(17.125014674496,-46.09920726719,3.345));
#1120 = VECTOR('',#1121,1.);
#1121 = DIRECTION('',(-1.,-1.300348717592E-12,0.));
#1122 = ORIENTED_EDGE('',*,*,#1123,.F.);
#1123 = EDGE_CURVE('',#1124,#1116,#1126,.T.);
#1124 = VERTEX_POINT('',#1125);
#1125 = CARTESIAN_POINT('',(20.662548976116,-46.77907128175,3.345));
#1126 = LINE('',#1127,#1128);
#1127 = CARTESIAN_POINT('',(19.286301497132,-49.16280183914,3.345));
#1128 = VECTOR('',#1129,1.);
#1129 = DIRECTION('',(0.499999999999,0.866025403785,0.));
#1130 = ORIENTED_EDGE('',*,*,#1131,.F.);
#1131 = EDGE_CURVE('',#1132,#1124,#1134,.T.);
#1132 = VERTEX_POINT('',#1133);
#1133 = CARTESIAN_POINT('',(21.443287792096,-46.86113023795,3.345));
#1134 = LINE('',#1135,#1136);
#1135 = CARTESIAN_POINT('',(17.534763065528,-46.45032773555,3.345));
#1136 = VECTOR('',#1137,1.);
#1137 = DIRECTION('',(-0.994521895368,0.104528463266,0.));
#1138 = ORIENTED_EDGE('',*,*,#1139,.F.);
#1139 = EDGE_CURVE('',#1140,#1132,#1142,.T.);
#1140 = VERTEX_POINT('',#1141);
#1141 = CARTESIAN_POINT('',(20.981853243432,-47.49624040821,3.345));
#1142 = LINE('',#1143,#1144);
#1143 = CARTESIAN_POINT('',(19.363977300128,-49.72305560614,3.345));
#1144 = VECTOR('',#1145,1.);
#1145 = DIRECTION('',(0.587785252292,0.809016994375,0.));
#1146 = ORIENTED_EDGE('',*,*,#1147,.F.);
#1147 = EDGE_CURVE('',#1148,#1140,#1150,.T.);
#1148 = VERTEX_POINT('',#1149);
#1149 = CARTESIAN_POINT('',(21.749737593899,-47.6594592655,3.345));
#1150 = LINE('',#1151,#1152);
#1151 = CARTESIAN_POINT('',(17.905564729022,-46.84235509888,3.345));
#1152 = VECTOR('',#1153,1.);
#1153 = DIRECTION('',(-0.978147600734,0.207911690816,0.));
#1154 = ORIENTED_EDGE('',*,*,#1155,.F.);
#1155 = EDGE_CURVE('',#1156,#1148,#1158,.T.);
#1156 = VERTEX_POINT('',#1157);
#1157 = CARTESIAN_POINT('',(21.224443741871,-48.24285719153,3.345));
#1158 = LINE('',#1159,#1160);
#1159 = CARTESIAN_POINT('',(19.382665121645,-50.2883595767,3.345));
#1160 = VECTOR('',#1161,1.);
#1161 = DIRECTION('',(0.669130606358,0.743144825478,0.));
#1162 = ORIENTED_EDGE('',*,*,#1163,.F.);
#1163 = EDGE_CURVE('',#1164,#1156,#1166,.T.);
#1164 = VERTEX_POINT('',#1165);
#1165 = CARTESIAN_POINT('',(21.971060525192,-48.48544768997,3.345));
#1166 = LINE('',#1167,#1168);
#1167 = CARTESIAN_POINT('',(18.233357084357,-47.27099422337,3.345));
#1168 = VECTOR('',#1169,1.);
#1169 = DIRECTION('',(-0.951056516296,0.309016994374,0.));
#1170 = ORIENTED_EDGE('',*,*,#1171,.F.);
#1171 = EDGE_CURVE('',#1172,#1164,#1174,.T.);
#1172 = VERTEX_POINT('',#1173);
#1173 = CARTESIAN_POINT('',(21.387662599167,-49.010741542,3.345));
#1174 = LINE('',#1175,#1176);
#1175 = CARTESIAN_POINT('',(19.342160213999,-50.85252016222,3.345));
#1176 = VECTOR('',#1177,1.);
#1177 = DIRECTION('',(0.743144825477,0.669130606359,0.));
#1178 = ORIENTED_EDGE('',*,*,#1179,.F.);
#1179 = EDGE_CURVE('',#1180,#1172,#1182,.T.);
#1180 = VERTEX_POINT('',#1181);
#1181 = CARTESIAN_POINT('',(22.104831725624,-49.33004580931,3.345));
#1182 = LINE('',#1183,#1184);
#1183 = CARTESIAN_POINT('',(18.514548769893,-47.73154884905,3.345));
#1184 = VECTOR('',#1185,1.);
#1185 = DIRECTION('',(-0.913545457643,0.406736643075,0.));
#1186 = ORIENTED_EDGE('',*,*,#1187,.F.);
#1187 = EDGE_CURVE('',#1188,#1180,#1190,.T.);
#1188 = VERTEX_POINT('',#1189);
#1189 = CARTESIAN_POINT('',(21.469721555362,-49.79148035798,3.345));
#1190 = LINE('',#1191,#1192);
#1191 = CARTESIAN_POINT('',(19.242906357433,-51.40935630128,3.345));
#1192 = VECTOR('',#1193,1.);
#1193 = DIRECTION('',(0.809016994375,0.587785252293,0.));
#1194 = ORIENTED_EDGE('',*,*,#1195,.F.);
#1195 = EDGE_CURVE('',#1196,#1188,#1198,.T.);
#1196 = VERTEX_POINT('',#1197);
#1197 = CARTESIAN_POINT('',(22.149585569929,-50.1840000298,3.345));
#1198 = LINE('',#1199,#1200);
#1199 = CARTESIAN_POINT('',(18.746058990681,-48.21897304308,3.345));
#1200 = VECTOR('',#1201,1.);
#1201 = DIRECTION('',(-0.866025403785,0.499999999999,0.));
#1202 = ORIENTED_EDGE('',*,*,#1203,.F.);
#1203 = EDGE_CURVE('',#1204,#1196,#1206,.T.);
#1204 = VERTEX_POINT('',#1205);
#1205 = CARTESIAN_POINT('',(21.469721555362,-50.57651970162,3.345));
#1206 = LINE('',#1207,#1208);
#1207 = CARTESIAN_POINT('',(19.085990997971,-51.95276718061,3.345));
#1208 = VECTOR('',#1209,1.);
#1209 = DIRECTION('',(0.866025403784,0.500000000001,0.));
#1210 = ORIENTED_EDGE('',*,*,#1211,.F.);
#1211 = EDGE_CURVE('',#1212,#1204,#1214,.T.);
#1212 = VERTEX_POINT('',#1213);
#1213 = CARTESIAN_POINT('',(22.104831725624,-51.03795425028,3.345));
#1214 = LINE('',#1215,#1216);
#1215 = CARTESIAN_POINT('',(18.925351272295,-48.72792648398,3.345));
#1216 = VECTOR('',#1217,1.);
#1217 = DIRECTION('',(-0.809016994376,0.587785252291,0.));
#1218 = ORIENTED_EDGE('',*,*,#1219,.F.);
#1219 = EDGE_CURVE('',#1220,#1212,#1222,.T.);
#1220 = VERTEX_POINT('',#1221);
#1221 = CARTESIAN_POINT('',(21.387662599167,-51.3572585176,3.345));
#1222 = LINE('',#1223,#1224);
#1223 = CARTESIAN_POINT('',(18.873133333128,-52.47679907689,3.345));
#1224 = VECTOR('',#1225,1.);
#1225 = DIRECTION('',(0.913545457642,0.406736643076,0.));
#1226 = ORIENTED_EDGE('',*,*,#1227,.F.);
#1227 = EDGE_CURVE('',#1228,#1220,#1230,.T.);
#1228 = VERTEX_POINT('',#1229);
#1229 = CARTESIAN_POINT('',(21.971060525193,-51.88255236963,3.345));
#1230 = LINE('',#1231,#1232);
#1231 = CARTESIAN_POINT('',(19.050461250979,-49.25283297136,3.345));
#1232 = VECTOR('',#1233,1.);
#1233 = DIRECTION('',(-0.743144825478,0.669130606358,0.));
#1234 = ORIENTED_EDGE('',*,*,#1235,.F.);
#1235 = EDGE_CURVE('',#1236,#1228,#1238,.T.);
#1236 = VERTEX_POINT('',#1237);
#1237 = CARTESIAN_POINT('',(21.224443741871,-52.12514286807,3.345));
#1238 = LINE('',#1239,#1240);
#1239 = CARTESIAN_POINT('',(18.606665476023,-52.97571058701,3.345));
#1240 = VECTOR('',#1241,1.);
#1241 = DIRECTION('',(0.951056516295,0.309016994376,0.));
#1242 = ORIENTED_EDGE('',*,*,#1243,.F.);
#1243 = EDGE_CURVE('',#1244,#1236,#1246,.T.);
#1244 = VERTEX_POINT('',#1245);
#1245 = CARTESIAN_POINT('',(21.7497375939,-52.70854079409,3.345));
#1246 = LINE('',#1247,#1248);
#1247 = CARTESIAN_POINT('',(19.120018195624,-49.78794151988,3.345));
#1248 = VECTOR('',#1249,1.);
#1249 = DIRECTION('',(-0.66913060636,0.743144825477,0.));
#1250 = ORIENTED_EDGE('',*,*,#1251,.F.);
#1251 = EDGE_CURVE('',#1252,#1244,#1254,.T.);
#1252 = VERTEX_POINT('',#1253);
#1253 = CARTESIAN_POINT('',(20.981853243432,-52.87175965139,3.345));
#1254 = LINE('',#1255,#1256);
#1255 = CARTESIAN_POINT('',(18.289506904261,-53.44403553207,3.345));
#1256 = VECTOR('',#1257,1.);
#1257 = DIRECTION('',(0.978147600734,0.207911690818,0.));
#1258 = ORIENTED_EDGE('',*,*,#1259,.F.);
#1259 = EDGE_CURVE('',#1260,#1252,#1262,.T.);
#1260 = VERTEX_POINT('',#1261);
#1261 = CARTESIAN_POINT('',(21.443287792096,-53.50686982165,3.345));
#1262 = LINE('',#1263,#1264);
#1263 = CARTESIAN_POINT('',(19.133260025789,-50.32738936833,3.345));
#1264 = VECTOR('',#1265,1.);
#1265 = DIRECTION('',(-0.587785252294,0.809016994374,0.));
#1266 = ORIENTED_EDGE('',*,*,#1267,.F.);
#1267 = EDGE_CURVE('',#1268,#1260,#1270,.T.);
#1268 = VERTEX_POINT('',#1269);
#1269 = CARTESIAN_POINT('',(20.662548976116,-53.58892877784,3.345));
#1270 = LINE('',#1271,#1272);
#1271 = CARTESIAN_POINT('',(17.925132473523,-53.87664284595,3.345));
#1272 = VECTOR('',#1273,1.);
#1273 = DIRECTION('',(0.994521895368,0.104528463268,0.));
#1274 = ORIENTED_EDGE('',*,*,#1275,.F.);
#1275 = EDGE_CURVE('',#1276,#1268,#1278,.T.);
#1276 = VERTEX_POINT('',#1277);
#1277 = CARTESIAN_POINT('',(21.055068647939,-54.26879279241,3.345));
#1278 = LINE('',#1279,#1280);
#1279 = CARTESIAN_POINT('',(19.090041661213,-50.86526621317,3.345));
#1280 = VECTOR('',#1281,1.);
#1281 = DIRECTION('',(-0.500000000001,0.866025403784,0.));
#1282 = ORIENTED_EDGE('',*,*,#1283,.F.);
#1283 = EDGE_CURVE('',#1284,#1276,#1286,.T.);
#1284 = VERTEX_POINT('',#1285);
#1285 = CARTESIAN_POINT('',(20.270029304294,-54.26879279241,3.345));
#1286 = LINE('',#1287,#1288);
#1287 = CARTESIAN_POINT('',(17.517534346322,-54.26879279241,3.345));
#1288 = VECTOR('',#1289,1.);
#1289 = DIRECTION('',(1.,6.416533970821E-13,0.));
#1290 = ORIENTED_EDGE('',*,*,#1291,.F.);
#1291 = EDGE_CURVE('',#1292,#1284,#1294,.T.);
#1292 = VERTEX_POINT('',#1293);
#1293 = CARTESIAN_POINT('',(20.589333571611,-54.98596191887,3.345));
#1294 = LINE('',#1295,#1296);
#1295 = CARTESIAN_POINT('',(18.990836611342,-51.39567896314,3.345));
#1296 = VECTOR('',#1297,1.);
#1297 = DIRECTION('',(-0.406736643077,0.913545457642,0.));
#1298 = ORIENTED_EDGE('',*,*,#1299,.F.);
#1299 = EDGE_CURVE('',#1300,#1292,#1302,.T.);
#1300 = VERTEX_POINT('',#1301);
#1301 = CARTESIAN_POINT('',(19.80859475563,-54.90390296267,3.345));
#1302 = LINE('',#1303,#1304);
#1303 = CARTESIAN_POINT('',(17.071178253037,-54.61618889456,3.345));
#1304 = VECTOR('',#1305,1.);
#1305 = DIRECTION('',(0.994521895368,-0.104528463267,0.));
#1306 = ORIENTED_EDGE('',*,*,#1307,.F.);
#1307 = EDGE_CURVE('',#1308,#1300,#1310,.T.);
#1308 = VERTEX_POINT('',#1309);
#1309 = CARTESIAN_POINT('',(20.05118525407,-55.65051974599,3.345));
#1310 = LINE('',#1311,#1312);
#1311 = CARTESIAN_POINT('',(18.836731787461,-51.91281630516,3.345));
#1312 = VECTOR('',#1313,1.);
#1313 = DIRECTION('',(-0.309016994376,0.951056516295,0.));
#1314 = ORIENTED_EDGE('',*,*,#1315,.F.);
#1315 = EDGE_CURVE('',#1316,#1308,#1318,.T.);
#1316 = VERTEX_POINT('',#1317);
#1317 = CARTESIAN_POINT('',(19.283300903602,-55.4873008887,3.345));
#1318 = LINE('',#1319,#1320);
#1319 = CARTESIAN_POINT('',(16.59095456443,-54.91502500802,3.345));
#1320 = VECTOR('',#1321,1.);
#1321 = DIRECTION('',(0.978147600734,-0.207911690817,0.));
#1322 = ORIENTED_EDGE('',*,*,#1323,.F.);
#1323 = EDGE_CURVE('',#1324,#1316,#1326,.T.);
#1324 = VERTEX_POINT('',#1325);
#1325 = CARTESIAN_POINT('',(19.446519760899,-56.25518523916,3.345));
#1326 = LINE('',#1327,#1328);
#1327 = CARTESIAN_POINT('',(18.62941559427,-52.41101237429,3.345));
#1328 = VECTOR('',#1329,1.);
#1329 = DIRECTION('',(-0.207911690819,0.978147600734,0.));
#1330 = ORIENTED_EDGE('',*,*,#1331,.F.);
#1331 = EDGE_CURVE('',#1332,#1324,#1334,.T.);
#1332 = VERTEX_POINT('',#1333);
#1333 = CARTESIAN_POINT('',(18.699902977577,-56.01259474072,3.345));
#1334 = LINE('',#1335,#1336);
#1335 = CARTESIAN_POINT('',(16.082124711728,-55.16202702178,3.345));
#1336 = VECTOR('',#1337,1.);
#1337 = DIRECTION('',(0.951056516295,-0.309016994374,0.));
#1338 = ORIENTED_EDGE('',*,*,#1339,.F.);
#1339 = EDGE_CURVE('',#1340,#1332,#1342,.T.);
#1340 = VERTEX_POINT('',#1341);
#1341 = CARTESIAN_POINT('',(18.781961933774,-56.7933335567,3.345));
#1342 = LINE('',#1343,#1344);
#1343 = CARTESIAN_POINT('',(18.371159431366,-52.88480883014,3.345));
#1344 = VECTOR('',#1345,1.);
#1345 = DIRECTION('',(-0.104528463269,0.994521895368,0.));
#1346 = ORIENTED_EDGE('',*,*,#1347,.F.);
#1347 = EDGE_CURVE('',#1348,#1340,#1350,.T.);
#1348 = VERTEX_POINT('',#1349);
#1349 = CARTESIAN_POINT('',(18.064792807316,-56.47402928939,3.345));
#1350 = LINE('',#1351,#1352);
#1351 = CARTESIAN_POINT('',(15.550263541276,-55.3544887301,3.345));
#1352 = VECTOR('',#1353,1.);
#1353 = DIRECTION('',(0.913545457643,-0.406736643075,0.));
#1354 = ORIENTED_EDGE('',*,*,#1355,.F.);
#1355 = EDGE_CURVE('',#1356,#1348,#1358,.T.);
#1356 = VERTEX_POINT('',#1357);
#1357 = CARTESIAN_POINT('',(18.064792807317,-57.25906863303,3.345));
#1358 = LINE('',#1359,#1360);
#1359 = CARTESIAN_POINT('',(18.064792807312,-53.32901465959,3.345));
#1360 = VECTOR('',#1361,1.);
#1361 = DIRECTION('',(-1.300348717592E-12,1.,0.));
#1362 = ORIENTED_EDGE('',*,*,#1363,.F.);
#1363 = EDGE_CURVE('',#1364,#1356,#1366,.T.);
#1364 = VERTEX_POINT('',#1365);
#1365 = CARTESIAN_POINT('',(17.38492879275,-56.86654896121,3.345));
#1366 = LINE('',#1367,#1368);
#1367 = CARTESIAN_POINT('',(15.001198235357,-55.49030148223,3.345));
#1368 = VECTOR('',#1369,1.);
#1369 = DIRECTION('',(0.866025403785,-0.499999999999,0.));
#1370 = ORIENTED_EDGE('',*,*,#1371,.F.);
#1371 = EDGE_CURVE('',#1372,#1364,#1374,.T.);
#1372 = VERTEX_POINT('',#1373);
#1373 = CARTESIAN_POINT('',(17.302869836555,-57.64728777719,3.345));
#1374 = LINE('',#1375,#1376);
#1375 = CARTESIAN_POINT('',(17.713672338953,-53.73876305062,3.345));
#1376 = VECTOR('',#1377,1.);
#1377 = DIRECTION('',(0.104528463266,0.994521895368,0.));
#1378 = ORIENTED_EDGE('',*,*,#1379,.F.);
#1379 = EDGE_CURVE('',#1380,#1372,#1382,.T.);
#1380 = VERTEX_POINT('',#1381);
#1381 = CARTESIAN_POINT('',(16.667759666293,-57.18585322853,3.345));
#1382 = LINE('',#1383,#1384);
#1383 = CARTESIAN_POINT('',(14.440944468361,-55.56797728522,3.345));
#1384 = VECTOR('',#1385,1.);
#1385 = DIRECTION('',(0.809016994375,-0.587785252292,0.));
#1386 = ORIENTED_EDGE('',*,*,#1387,.F.);
#1387 = EDGE_CURVE('',#1388,#1380,#1390,.T.);
#1388 = VERTEX_POINT('',#1389);
#1389 = CARTESIAN_POINT('',(16.504540808998,-57.95373757899,3.345));
#1390 = LINE('',#1391,#1392);
#1391 = CARTESIAN_POINT('',(17.321644975617,-54.10956471412,3.345));
#1392 = VECTOR('',#1393,1.);
#1393 = DIRECTION('',(0.207911690816,0.978147600734,0.));
#1394 = ORIENTED_EDGE('',*,*,#1395,.F.);
#1395 = EDGE_CURVE('',#1396,#1388,#1398,.T.);
#1396 = VERTEX_POINT('',#1397);
#1397 = CARTESIAN_POINT('',(15.921142882972,-57.42844372697,3.345));
#1398 = LINE('',#1399,#1400);
#1399 = CARTESIAN_POINT('',(13.875640497802,-55.58666510674,3.345));
#1400 = VECTOR('',#1401,1.);
#1401 = DIRECTION('',(0.743144825478,-0.669130606358,0.));
#1402 = ORIENTED_EDGE('',*,*,#1403,.F.);
#1403 = EDGE_CURVE('',#1404,#1396,#1406,.T.);
#1404 = VERTEX_POINT('',#1405);
#1405 = CARTESIAN_POINT('',(15.678552384534,-58.17506051029,3.345));
#1406 = LINE('',#1407,#1408);
#1407 = CARTESIAN_POINT('',(16.893005851133,-54.43735706945,3.345));
#1408 = VECTOR('',#1409,1.);
#1409 = DIRECTION('',(0.309016994374,0.951056516296,0.));
#1410 = ORIENTED_EDGE('',*,*,#1411,.F.);
#1411 = EDGE_CURVE('',#1412,#1404,#1414,.T.);
#1412 = VERTEX_POINT('',#1413);
#1413 = CARTESIAN_POINT('',(15.153258532505,-57.59166258426,3.345));
#1414 = LINE('',#1415,#1416);
#1415 = CARTESIAN_POINT('',(13.311479912276,-55.54616019909,3.345));
#1416 = VECTOR('',#1417,1.);
#1417 = DIRECTION('',(0.669130606359,-0.743144825477,0.));
#1418 = ORIENTED_EDGE('',*,*,#1419,.F.);
#1419 = EDGE_CURVE('',#1420,#1412,#1422,.T.);
#1420 = VERTEX_POINT('',#1421);
#1421 = CARTESIAN_POINT('',(14.833954265189,-58.30883171072,3.345));
#1422 = LINE('',#1423,#1424);
#1423 = CARTESIAN_POINT('',(16.432451225449,-54.71854875499,3.345));
#1424 = VECTOR('',#1425,1.);
#1425 = DIRECTION('',(0.406736643075,0.913545457643,0.));
#1426 = ORIENTED_EDGE('',*,*,#1427,.F.);
#1427 = EDGE_CURVE('',#1428,#1420,#1430,.T.);
#1428 = VERTEX_POINT('',#1429);
#1429 = CARTESIAN_POINT('',(14.372519716525,-57.67372154046,3.345));
#1430 = LINE('',#1431,#1432);
#1431 = CARTESIAN_POINT('',(12.754643773219,-55.44690634253,3.345));
#1432 = VECTOR('',#1433,1.);
#1433 = DIRECTION('',(0.587785252293,-0.809016994375,0.));
#1434 = ORIENTED_EDGE('',*,*,#1435,.F.);
#1435 = EDGE_CURVE('',#484,#1428,#1436,.T.);
#1436 = LINE('',#1437,#1438);
#1437 = CARTESIAN_POINT('',(15.945027031421,-54.95005897578,3.345));
#1438 = VECTOR('',#1439,1.);
#1439 = DIRECTION('',(0.499999999999,0.866025403785,0.));
#1440 = FACE_BOUND('',#1441,.T.);
#1441 = EDGE_LOOP('',(#1442,#1443,#1444,#1445,#1446));
#1442 = ORIENTED_EDGE('',*,*,#372,.T.);
#1443 = ORIENTED_EDGE('',*,*,#381,.T.);
#1444 = ORIENTED_EDGE('',*,*,#185,.F.);
#1445 = ORIENTED_EDGE('',*,*,#465,.F.);
#1446 = ORIENTED_EDGE('',*,*,#347,.F.);
#1447 = PLANE('',#1448);
#1448 = AXIS2_PLACEMENT_3D('',#1449,#1450,#1451);
#1449 = CARTESIAN_POINT('',(13.980000044703,-50.1840000298,3.345));
#1450 = DIRECTION('',(-0.,-0.,-1.));
#1451 = DIRECTION('',(-1.,0.,0.));
#1452 = ADVANCED_FACE('',(#1453),#1459,.F.);
#1453 = FACE_BOUND('',#1454,.F.);
#1454 = EDGE_LOOP('',(#1455,#1456,#1457,#1458));
#1455 = ORIENTED_EDGE('',*,*,#314,.F.);
#1456 = ORIENTED_EDGE('',*,*,#295,.T.);
#1457 = ORIENTED_EDGE('',*,*,#272,.T.);
#1458 = ORIENTED_EDGE('',*,*,#240,.T.);
#1459 = PLANE('',#1460);
#1460 = AXIS2_PLACEMENT_3D('',#1461,#1462,#1463);
#1461 = CARTESIAN_POINT('',(13.980000044703,-54.4018146201,-1.605));
#1462 = DIRECTION('',(0.,0.,1.));
#1463 = DIRECTION('',(1.,0.,0.));
#1464 = ADVANCED_FACE('',(#1465),#1469,.F.);
#1465 = FACE_BOUND('',#1466,.F.);
#1466 = EDGE_LOOP('',(#1467,#1468));
#1467 = ORIENTED_EDGE('',*,*,#429,.F.);
#1468 = ORIENTED_EDGE('',*,*,#404,.T.);
#1469 = PLANE('',#1470);
#1470 = AXIS2_PLACEMENT_3D('',#1471,#1472,#1473);
#1471 = CARTESIAN_POINT('',(13.980000044703,-50.1840000298,3.345));
#1472 = DIRECTION('',(0.,0.,1.));
#1473 = DIRECTION('',(1.,0.,0.));
#1474 = ADVANCED_FACE('',(#1475),#1501,.F.);
#1475 = FACE_BOUND('',#1476,.F.);
#1476 = EDGE_LOOP('',(#1477,#1488,#1494,#1495));
#1477 = ORIENTED_EDGE('',*,*,#1478,.F.);
#1478 = EDGE_CURVE('',#1479,#1481,#1483,.T.);
#1479 = VERTEX_POINT('',#1480);
#1480 = CARTESIAN_POINT('',(13.980000044704,-58.35358555502,
    6.976919159151));
#1481 = VERTEX_POINT('',#1482);
#1482 = CARTESIAN_POINT('',(13.587480372881,-57.67372154046,
    7.363504542384));
#1483 = HYPERBOLA('',#1484,2.358356201066,4.084792762617);
#1484 = AXIS2_PLACEMENT_3D('',#1485,#1486,#1487);
#1485 = CARTESIAN_POINT('',(10.442465743083,-52.22639641111,
    11.693631561279));
#1486 = DIRECTION('',(0.866025403784,0.500000000001,0.));
#1487 = DIRECTION('',(0.,0.,-1.));
#1488 = ORIENTED_EDGE('',*,*,#1489,.T.);
#1489 = EDGE_CURVE('',#1479,#484,#1490,.T.);
#1490 = LINE('',#1491,#1492);
#1491 = CARTESIAN_POINT('',(13.980000044704,-58.35358555502,8.345));
#1492 = VECTOR('',#1493,1.);
#1493 = DIRECTION('',(-0.,-0.,-1.));
#1494 = ORIENTED_EDGE('',*,*,#481,.F.);
#1495 = ORIENTED_EDGE('',*,*,#1496,.F.);
#1496 = EDGE_CURVE('',#1481,#482,#1497,.T.);
#1497 = LINE('',#1498,#1499);
#1498 = CARTESIAN_POINT('',(13.587480372881,-57.67372154046,8.345));
#1499 = VECTOR('',#1500,1.);
#1500 = DIRECTION('',(-0.,-0.,-1.));
#1501 = PLANE('',#1502);
#1502 = AXIS2_PLACEMENT_3D('',#1503,#1504,#1505);
#1503 = CARTESIAN_POINT('',(13.980000044704,-58.35358555502,8.345));
#1504 = DIRECTION('',(0.866025403784,0.500000000001,0.));
#1505 = DIRECTION('',(-0.500000000001,0.866025403784,0.));
#1506 = ADVANCED_FACE('',(#1507),#1526,.F.);
#1507 = FACE_BOUND('',#1508,.F.);
#1508 = EDGE_LOOP('',(#1509,#1518,#1519,#1520));
#1509 = ORIENTED_EDGE('',*,*,#1510,.F.);
#1510 = EDGE_CURVE('',#1481,#1511,#1513,.T.);
#1511 = VERTEX_POINT('',#1512);
#1512 = CARTESIAN_POINT('',(13.126045824218,-58.30883171072,
    6.976919159151));
#1513 = HYPERBOLA('',#1514,2.358356201059,4.084792762605);
#1514 = AXIS2_PLACEMENT_3D('',#1515,#1516,#1517);
#1515 = CARTESIAN_POINT('',(17.284666808153,-52.58498097432,
    11.693631561279));
#1516 = DIRECTION('',(-0.809016994376,0.587785252291,0.));
#1517 = DIRECTION('',(0.,0.,-1.));
#1518 = ORIENTED_EDGE('',*,*,#1496,.T.);
#1519 = ORIENTED_EDGE('',*,*,#491,.F.);
#1520 = ORIENTED_EDGE('',*,*,#1521,.F.);
#1521 = EDGE_CURVE('',#1511,#492,#1522,.T.);
#1522 = LINE('',#1523,#1524);
#1523 = CARTESIAN_POINT('',(13.126045824218,-58.30883171072,8.345));
#1524 = VECTOR('',#1525,1.);
#1525 = DIRECTION('',(-0.,0.,-1.));
#1526 = PLANE('',#1527);
#1527 = AXIS2_PLACEMENT_3D('',#1528,#1529,#1530);
#1528 = CARTESIAN_POINT('',(13.587480372881,-57.67372154046,8.345));
#1529 = DIRECTION('',(-0.809016994376,0.587785252291,0.));
#1530 = DIRECTION('',(-0.587785252291,-0.809016994376,0.));
#1531 = ADVANCED_FACE('',(#1532),#1551,.F.);
#1532 = FACE_BOUND('',#1533,.F.);
#1533 = EDGE_LOOP('',(#1534,#1543,#1549,#1550));
#1534 = ORIENTED_EDGE('',*,*,#1535,.F.);
#1535 = EDGE_CURVE('',#1536,#1479,#1538,.T.);
#1536 = VERTEX_POINT('',#1537);
#1537 = CARTESIAN_POINT('',(14.372519716525,-57.67372154046,
    7.363504542384));
#1538 = HYPERBOLA('',#1539,2.358356201059,4.084792762605);
#1539 = AXIS2_PLACEMENT_3D('',#1540,#1541,#1542);
#1540 = CARTESIAN_POINT('',(17.517534346316,-52.2263964111,
    11.693631561279));
#1541 = DIRECTION('',(-0.866025403785,0.499999999999,0.));
#1542 = DIRECTION('',(0.,0.,-1.));
#1543 = ORIENTED_EDGE('',*,*,#1544,.T.);
#1544 = EDGE_CURVE('',#1536,#1428,#1545,.T.);
#1545 = LINE('',#1546,#1547);
#1546 = CARTESIAN_POINT('',(14.372519716525,-57.67372154046,8.345));
#1547 = VECTOR('',#1548,1.);
#1548 = DIRECTION('',(-0.,-0.,-1.));
#1549 = ORIENTED_EDGE('',*,*,#1435,.F.);
#1550 = ORIENTED_EDGE('',*,*,#1489,.F.);
#1551 = PLANE('',#1552);
#1552 = AXIS2_PLACEMENT_3D('',#1553,#1554,#1555);
#1553 = CARTESIAN_POINT('',(14.372519716525,-57.67372154046,8.345));
#1554 = DIRECTION('',(-0.866025403785,0.499999999999,0.));
#1555 = DIRECTION('',(-0.499999999999,-0.866025403785,0.));
#1556 = ADVANCED_FACE('',(#1557),#1576,.F.);
#1557 = FACE_BOUND('',#1558,.F.);
#1558 = EDGE_LOOP('',(#1559,#1568,#1569,#1570));
#1559 = ORIENTED_EDGE('',*,*,#1560,.F.);
#1560 = EDGE_CURVE('',#1511,#1561,#1563,.T.);
#1561 = VERTEX_POINT('',#1562);
#1562 = CARTESIAN_POINT('',(12.806741556901,-57.59166258426,
    7.363504542384));
#1563 = HYPERBOLA('',#1564,2.358356201066,4.084792762617);
#1564 = AXIS2_PLACEMENT_3D('',#1565,#1566,#1567);
#1565 = CARTESIAN_POINT('',(10.248356171004,-51.84543492573,
    11.693631561279));
#1566 = DIRECTION('',(0.913545457642,0.406736643076,0.));
#1567 = DIRECTION('',(0.,0.,-1.));
#1568 = ORIENTED_EDGE('',*,*,#1521,.T.);
#1569 = ORIENTED_EDGE('',*,*,#499,.F.);
#1570 = ORIENTED_EDGE('',*,*,#1571,.F.);
#1571 = EDGE_CURVE('',#1561,#500,#1572,.T.);
#1572 = LINE('',#1573,#1574);
#1573 = CARTESIAN_POINT('',(12.806741556901,-57.59166258426,8.345));
#1574 = VECTOR('',#1575,1.);
#1575 = DIRECTION('',(-0.,0.,-1.));
#1576 = PLANE('',#1577);
#1577 = AXIS2_PLACEMENT_3D('',#1578,#1579,#1580);
#1578 = CARTESIAN_POINT('',(13.126045824218,-58.30883171072,8.345));
#1579 = DIRECTION('',(0.913545457642,0.406736643076,0.));
#1580 = DIRECTION('',(-0.406736643076,0.913545457642,0.));
#1581 = ADVANCED_FACE('',(#1582),#1601,.F.);
#1582 = FACE_BOUND('',#1583,.F.);
#1583 = EDGE_LOOP('',(#1584,#1593,#1599,#1600));
#1584 = ORIENTED_EDGE('',*,*,#1585,.F.);
#1585 = EDGE_CURVE('',#1586,#1536,#1588,.T.);
#1586 = VERTEX_POINT('',#1587);
#1587 = CARTESIAN_POINT('',(14.833954265189,-58.30883171072,
    6.976919159151));
#1588 = HYPERBOLA('',#1589,2.358356201066,4.084792762617);
#1589 = AXIS2_PLACEMENT_3D('',#1590,#1591,#1592);
#1590 = CARTESIAN_POINT('',(10.675333281248,-52.58498097434,
    11.693631561279));
#1591 = DIRECTION('',(0.809016994375,0.587785252293,0.));
#1592 = DIRECTION('',(0.,0.,-1.));
#1593 = ORIENTED_EDGE('',*,*,#1594,.T.);
#1594 = EDGE_CURVE('',#1586,#1420,#1595,.T.);
#1595 = LINE('',#1596,#1597);
#1596 = CARTESIAN_POINT('',(14.833954265189,-58.30883171072,8.345));
#1597 = VECTOR('',#1598,1.);
#1598 = DIRECTION('',(0.,-0.,-1.));
#1599 = ORIENTED_EDGE('',*,*,#1427,.F.);
#1600 = ORIENTED_EDGE('',*,*,#1544,.F.);
#1601 = PLANE('',#1602);
#1602 = AXIS2_PLACEMENT_3D('',#1603,#1604,#1605);
#1603 = CARTESIAN_POINT('',(14.833954265189,-58.30883171072,8.345));
#1604 = DIRECTION('',(0.809016994375,0.587785252293,0.));
#1605 = DIRECTION('',(-0.587785252293,0.809016994375,0.));
#1606 = ADVANCED_FACE('',(#1607),#1626,.F.);
#1607 = FACE_BOUND('',#1608,.F.);
#1608 = EDGE_LOOP('',(#1609,#1618,#1619,#1620));
#1609 = ORIENTED_EDGE('',*,*,#1610,.F.);
#1610 = EDGE_CURVE('',#1561,#1611,#1613,.T.);
#1611 = VERTEX_POINT('',#1612);
#1612 = CARTESIAN_POINT('',(12.281447704874,-58.17506051029,
    6.976919159151));
#1613 = HYPERBOLA('',#1614,2.358356201059,4.084792762605);
#1614 = AXIS2_PLACEMENT_3D('',#1615,#1616,#1617);
#1615 = CARTESIAN_POINT('',(17.015592649384,-52.91725988789,
    11.693631561279));
#1616 = DIRECTION('',(-0.743144825478,0.669130606358,0.));
#1617 = DIRECTION('',(0.,0.,-1.));
#1618 = ORIENTED_EDGE('',*,*,#1571,.T.);
#1619 = ORIENTED_EDGE('',*,*,#507,.F.);
#1620 = ORIENTED_EDGE('',*,*,#1621,.F.);
#1621 = EDGE_CURVE('',#1611,#508,#1622,.T.);
#1622 = LINE('',#1623,#1624);
#1623 = CARTESIAN_POINT('',(12.281447704874,-58.17506051029,8.345));
#1624 = VECTOR('',#1625,1.);
#1625 = DIRECTION('',(-0.,0.,-1.));
#1626 = PLANE('',#1627);
#1627 = AXIS2_PLACEMENT_3D('',#1628,#1629,#1630);
#1628 = CARTESIAN_POINT('',(12.806741556901,-57.59166258426,8.345));
#1629 = DIRECTION('',(-0.743144825478,0.669130606358,0.));
#1630 = DIRECTION('',(-0.669130606358,-0.743144825478,0.));
#1631 = ADVANCED_FACE('',(#1632),#1651,.F.);
#1632 = FACE_BOUND('',#1633,.F.);
#1633 = EDGE_LOOP('',(#1634,#1643,#1649,#1650));
#1634 = ORIENTED_EDGE('',*,*,#1635,.F.);
#1635 = EDGE_CURVE('',#1636,#1586,#1638,.T.);
#1636 = VERTEX_POINT('',#1637);
#1637 = CARTESIAN_POINT('',(15.153258532505,-57.59166258426,
    7.363504542384));
#1638 = HYPERBOLA('',#1639,2.358356201059,4.084792762605);
#1639 = AXIS2_PLACEMENT_3D('',#1640,#1641,#1642);
#1640 = CARTESIAN_POINT('',(17.711643918394,-51.84543492571,
    11.693631561279));
#1641 = DIRECTION('',(-0.913545457643,0.406736643075,0.));
#1642 = DIRECTION('',(0.,0.,-1.));
#1643 = ORIENTED_EDGE('',*,*,#1644,.T.);
#1644 = EDGE_CURVE('',#1636,#1412,#1645,.T.);
#1645 = LINE('',#1646,#1647);
#1646 = CARTESIAN_POINT('',(15.153258532505,-57.59166258426,8.345));
#1647 = VECTOR('',#1648,1.);
#1648 = DIRECTION('',(0.,-0.,-1.));
#1649 = ORIENTED_EDGE('',*,*,#1419,.F.);
#1650 = ORIENTED_EDGE('',*,*,#1594,.F.);
#1651 = PLANE('',#1652);
#1652 = AXIS2_PLACEMENT_3D('',#1653,#1654,#1655);
#1653 = CARTESIAN_POINT('',(15.153258532505,-57.59166258426,8.345));
#1654 = DIRECTION('',(-0.913545457643,0.406736643075,0.));
#1655 = DIRECTION('',(-0.406736643075,-0.913545457643,0.));
#1656 = ADVANCED_FACE('',(#1657),#1676,.F.);
#1657 = FACE_BOUND('',#1658,.F.);
#1658 = EDGE_LOOP('',(#1659,#1668,#1669,#1670));
#1659 = ORIENTED_EDGE('',*,*,#1660,.F.);
#1660 = EDGE_CURVE('',#1611,#1661,#1663,.T.);
#1661 = VERTEX_POINT('',#1662);
#1662 = CARTESIAN_POINT('',(12.038857206434,-57.42844372697,
    7.363504542384));
#1663 = HYPERBOLA('',#1664,2.358356201066,4.084792762617);
#1664 = AXIS2_PLACEMENT_3D('',#1665,#1666,#1667);
#1665 = CARTESIAN_POINT('',(10.095131270102,-51.44627041195,
    11.693631561279));
#1666 = DIRECTION('',(0.951056516295,0.309016994376,0.));
#1667 = DIRECTION('',(0.,0.,-1.));
#1668 = ORIENTED_EDGE('',*,*,#1621,.T.);
#1669 = ORIENTED_EDGE('',*,*,#515,.F.);
#1670 = ORIENTED_EDGE('',*,*,#1671,.F.);
#1671 = EDGE_CURVE('',#1661,#516,#1672,.T.);
#1672 = LINE('',#1673,#1674);
#1673 = CARTESIAN_POINT('',(12.038857206434,-57.42844372697,8.345));
#1674 = VECTOR('',#1675,1.);
#1675 = DIRECTION('',(-0.,0.,-1.));
#1676 = PLANE('',#1677);
#1677 = AXIS2_PLACEMENT_3D('',#1678,#1679,#1680);
#1678 = CARTESIAN_POINT('',(12.281447704874,-58.17506051029,8.345));
#1679 = DIRECTION('',(0.951056516295,0.309016994376,0.));
#1680 = DIRECTION('',(-0.309016994376,0.951056516295,0.));
#1681 = ADVANCED_FACE('',(#1682),#1701,.F.);
#1682 = FACE_BOUND('',#1683,.F.);
#1683 = EDGE_LOOP('',(#1684,#1693,#1699,#1700));
#1684 = ORIENTED_EDGE('',*,*,#1685,.F.);
#1685 = EDGE_CURVE('',#1686,#1636,#1688,.T.);
#1686 = VERTEX_POINT('',#1687);
#1687 = CARTESIAN_POINT('',(15.678552384534,-58.17506051029,
    6.976919159151));
#1688 = HYPERBOLA('',#1689,2.358356201066,4.084792762617);
#1689 = AXIS2_PLACEMENT_3D('',#1690,#1691,#1692);
#1690 = CARTESIAN_POINT('',(10.944407440019,-52.9172598879,
    11.693631561279));
#1691 = DIRECTION('',(0.743144825477,0.669130606359,0.));
#1692 = DIRECTION('',(0.,0.,-1.));
#1693 = ORIENTED_EDGE('',*,*,#1694,.T.);
#1694 = EDGE_CURVE('',#1686,#1404,#1695,.T.);
#1695 = LINE('',#1696,#1697);
#1696 = CARTESIAN_POINT('',(15.678552384534,-58.17506051029,8.345));
#1697 = VECTOR('',#1698,1.);
#1698 = DIRECTION('',(0.,-0.,-1.));
#1699 = ORIENTED_EDGE('',*,*,#1411,.F.);
#1700 = ORIENTED_EDGE('',*,*,#1644,.F.);
#1701 = PLANE('',#1702);
#1702 = AXIS2_PLACEMENT_3D('',#1703,#1704,#1705);
#1703 = CARTESIAN_POINT('',(15.678552384534,-58.17506051029,8.345));
#1704 = DIRECTION('',(0.743144825477,0.669130606359,0.));
#1705 = DIRECTION('',(-0.669130606359,0.743144825477,0.));
#1706 = ADVANCED_FACE('',(#1707),#1726,.F.);
#1707 = FACE_BOUND('',#1708,.F.);
#1708 = EDGE_LOOP('',(#1709,#1718,#1719,#1720));
#1709 = ORIENTED_EDGE('',*,*,#1710,.F.);
#1710 = EDGE_CURVE('',#1661,#1711,#1713,.T.);
#1711 = VERTEX_POINT('',#1712);
#1712 = CARTESIAN_POINT('',(11.455459280409,-57.95373757899,
    6.976919159151));
#1713 = HYPERBOLA('',#1714,2.358356201059,4.084792762605);
#1714 = AXIS2_PLACEMENT_3D('',#1715,#1716,#1717);
#1715 = CARTESIAN_POINT('',(16.713259902799,-53.21959263447,
    11.693631561279));
#1716 = DIRECTION('',(-0.66913060636,0.743144825477,0.));
#1717 = DIRECTION('',(0.,0.,-1.));
#1718 = ORIENTED_EDGE('',*,*,#1671,.T.);
#1719 = ORIENTED_EDGE('',*,*,#523,.F.);
#1720 = ORIENTED_EDGE('',*,*,#1721,.F.);
#1721 = EDGE_CURVE('',#1711,#524,#1722,.T.);
#1722 = LINE('',#1723,#1724);
#1723 = CARTESIAN_POINT('',(11.455459280409,-57.95373757899,8.345));
#1724 = VECTOR('',#1725,1.);
#1725 = DIRECTION('',(-0.,0.,-1.));
#1726 = PLANE('',#1727);
#1727 = AXIS2_PLACEMENT_3D('',#1728,#1729,#1730);
#1728 = CARTESIAN_POINT('',(12.038857206434,-57.42844372697,8.345));
#1729 = DIRECTION('',(-0.66913060636,0.743144825477,0.));
#1730 = DIRECTION('',(-0.743144825477,-0.66913060636,0.));
#1731 = ADVANCED_FACE('',(#1732),#1751,.F.);
#1732 = FACE_BOUND('',#1733,.F.);
#1733 = EDGE_LOOP('',(#1734,#1743,#1749,#1750));
#1734 = ORIENTED_EDGE('',*,*,#1735,.F.);
#1735 = EDGE_CURVE('',#1736,#1686,#1738,.T.);
#1736 = VERTEX_POINT('',#1737);
#1737 = CARTESIAN_POINT('',(15.921142882972,-57.42844372697,
    7.363504542384));
#1738 = HYPERBOLA('',#1739,2.358356201059,4.084792762605);
#1739 = AXIS2_PLACEMENT_3D('',#1740,#1741,#1742);
#1740 = CARTESIAN_POINT('',(17.864868819295,-51.44627041194,
    11.693631561279));
#1741 = DIRECTION('',(-0.951056516296,0.309016994374,0.));
#1742 = DIRECTION('',(0.,0.,-1.));
#1743 = ORIENTED_EDGE('',*,*,#1744,.T.);
#1744 = EDGE_CURVE('',#1736,#1396,#1745,.T.);
#1745 = LINE('',#1746,#1747);
#1746 = CARTESIAN_POINT('',(15.921142882972,-57.42844372697,8.345));
#1747 = VECTOR('',#1748,1.);
#1748 = DIRECTION('',(0.,-0.,-1.));
#1749 = ORIENTED_EDGE('',*,*,#1403,.F.);
#1750 = ORIENTED_EDGE('',*,*,#1694,.F.);
#1751 = PLANE('',#1752);
#1752 = AXIS2_PLACEMENT_3D('',#1753,#1754,#1755);
#1753 = CARTESIAN_POINT('',(15.921142882972,-57.42844372697,8.345));
#1754 = DIRECTION('',(-0.951056516296,0.309016994374,0.));
#1755 = DIRECTION('',(-0.309016994374,-0.951056516296,0.));
#1756 = ADVANCED_FACE('',(#1757),#1776,.F.);
#1757 = FACE_BOUND('',#1758,.F.);
#1758 = EDGE_LOOP('',(#1759,#1768,#1769,#1770));
#1759 = ORIENTED_EDGE('',*,*,#1760,.F.);
#1760 = EDGE_CURVE('',#1711,#1761,#1763,.T.);
#1761 = VERTEX_POINT('',#1762);
#1762 = CARTESIAN_POINT('',(11.292240423113,-57.18585322853,
    7.363504542384));
#1763 = HYPERBOLA('',#1764,2.358356201066,4.084792762617);
#1764 = AXIS2_PLACEMENT_3D('',#1765,#1766,#1767);
#1765 = CARTESIAN_POINT('',(9.984469804455,-51.03327619972,
    11.693631561279));
#1766 = DIRECTION('',(0.978147600734,0.207911690818,0.));
#1767 = DIRECTION('',(0.,0.,-1.));
#1768 = ORIENTED_EDGE('',*,*,#1721,.T.);
#1769 = ORIENTED_EDGE('',*,*,#531,.F.);
#1770 = ORIENTED_EDGE('',*,*,#1771,.F.);
#1771 = EDGE_CURVE('',#1761,#532,#1772,.T.);
#1772 = LINE('',#1773,#1774);
#1773 = CARTESIAN_POINT('',(11.292240423113,-57.18585322853,8.345));
#1774 = VECTOR('',#1775,1.);
#1775 = DIRECTION('',(-0.,0.,-1.));
#1776 = PLANE('',#1777);
#1777 = AXIS2_PLACEMENT_3D('',#1778,#1779,#1780);
#1778 = CARTESIAN_POINT('',(11.455459280409,-57.95373757899,8.345));
#1779 = DIRECTION('',(0.978147600734,0.207911690818,0.));
#1780 = DIRECTION('',(-0.207911690818,0.978147600734,0.));
#1781 = ADVANCED_FACE('',(#1782),#1801,.F.);
#1782 = FACE_BOUND('',#1783,.F.);
#1783 = EDGE_LOOP('',(#1784,#1793,#1799,#1800));
#1784 = ORIENTED_EDGE('',*,*,#1785,.F.);
#1785 = EDGE_CURVE('',#1786,#1736,#1788,.T.);
#1786 = VERTEX_POINT('',#1787);
#1787 = CARTESIAN_POINT('',(16.504540808998,-57.95373757899,
    6.976919159151));
#1788 = HYPERBOLA('',#1789,2.358356201066,4.084792762617);
#1789 = AXIS2_PLACEMENT_3D('',#1790,#1791,#1792);
#1790 = CARTESIAN_POINT('',(11.246740186605,-53.21959263449,
    11.693631561279));
#1791 = DIRECTION('',(0.669130606358,0.743144825478,0.));
#1792 = DIRECTION('',(0.,0.,-1.));
#1793 = ORIENTED_EDGE('',*,*,#1794,.T.);
#1794 = EDGE_CURVE('',#1786,#1388,#1795,.T.);
#1795 = LINE('',#1796,#1797);
#1796 = CARTESIAN_POINT('',(16.504540808998,-57.95373757899,8.345));
#1797 = VECTOR('',#1798,1.);
#1798 = DIRECTION('',(0.,-0.,-1.));
#1799 = ORIENTED_EDGE('',*,*,#1395,.F.);
#1800 = ORIENTED_EDGE('',*,*,#1744,.F.);
#1801 = PLANE('',#1802);
#1802 = AXIS2_PLACEMENT_3D('',#1803,#1804,#1805);
#1803 = CARTESIAN_POINT('',(16.504540808998,-57.95373757899,8.345));
#1804 = DIRECTION('',(0.669130606358,0.743144825478,0.));
#1805 = DIRECTION('',(-0.743144825478,0.669130606358,0.));
#1806 = ADVANCED_FACE('',(#1807),#1826,.F.);
#1807 = FACE_BOUND('',#1808,.F.);
#1808 = EDGE_LOOP('',(#1809,#1818,#1819,#1820));
#1809 = ORIENTED_EDGE('',*,*,#1810,.F.);
#1810 = EDGE_CURVE('',#1761,#1811,#1813,.T.);
#1811 = VERTEX_POINT('',#1812);
#1812 = CARTESIAN_POINT('',(10.657130252853,-57.64728777719,
    6.976919159151));
#1813 = HYPERBOLA('',#1814,2.358356201059,4.084792762605);
#1814 = AXIS2_PLACEMENT_3D('',#1815,#1816,#1817);
#1815 = CARTESIAN_POINT('',(16.380980989237,-53.48866679324,
    11.693631561279));
#1816 = DIRECTION('',(-0.587785252294,0.809016994374,0.));
#1817 = DIRECTION('',(0.,0.,-1.));
#1818 = ORIENTED_EDGE('',*,*,#1771,.T.);
#1819 = ORIENTED_EDGE('',*,*,#539,.F.);
#1820 = ORIENTED_EDGE('',*,*,#1821,.F.);
#1821 = EDGE_CURVE('',#1811,#540,#1822,.T.);
#1822 = LINE('',#1823,#1824);
#1823 = CARTESIAN_POINT('',(10.657130252853,-57.64728777719,8.345));
#1824 = VECTOR('',#1825,1.);
#1825 = DIRECTION('',(-0.,0.,-1.));
#1826 = PLANE('',#1827);
#1827 = AXIS2_PLACEMENT_3D('',#1828,#1829,#1830);
#1828 = CARTESIAN_POINT('',(11.292240423113,-57.18585322853,8.345));
#1829 = DIRECTION('',(-0.587785252294,0.809016994374,0.));
#1830 = DIRECTION('',(-0.809016994374,-0.587785252294,0.));
#1831 = ADVANCED_FACE('',(#1832),#1851,.F.);
#1832 = FACE_BOUND('',#1833,.F.);
#1833 = EDGE_LOOP('',(#1834,#1843,#1849,#1850));
#1834 = ORIENTED_EDGE('',*,*,#1835,.F.);
#1835 = EDGE_CURVE('',#1836,#1786,#1838,.T.);
#1836 = VERTEX_POINT('',#1837);
#1837 = CARTESIAN_POINT('',(16.667759666293,-57.18585322853,
    7.363504542384));
#1838 = HYPERBOLA('',#1839,2.358356201059,4.084792762605);
#1839 = AXIS2_PLACEMENT_3D('',#1840,#1841,#1842);
#1840 = CARTESIAN_POINT('',(17.975530284941,-51.03327619971,
    11.693631561279));
#1841 = DIRECTION('',(-0.978147600734,0.207911690816,0.));
#1842 = DIRECTION('',(0.,0.,-1.));
#1843 = ORIENTED_EDGE('',*,*,#1844,.T.);
#1844 = EDGE_CURVE('',#1836,#1380,#1845,.T.);
#1845 = LINE('',#1846,#1847);
#1846 = CARTESIAN_POINT('',(16.667759666293,-57.18585322853,8.345));
#1847 = VECTOR('',#1848,1.);
#1848 = DIRECTION('',(0.,-0.,-1.));
#1849 = ORIENTED_EDGE('',*,*,#1387,.F.);
#1850 = ORIENTED_EDGE('',*,*,#1794,.F.);
#1851 = PLANE('',#1852);
#1852 = AXIS2_PLACEMENT_3D('',#1853,#1854,#1855);
#1853 = CARTESIAN_POINT('',(16.667759666293,-57.18585322853,8.345));
#1854 = DIRECTION('',(-0.978147600734,0.207911690816,0.));
#1855 = DIRECTION('',(-0.207911690816,-0.978147600734,0.));
#1856 = ADVANCED_FACE('',(#1857),#1876,.F.);
#1857 = FACE_BOUND('',#1858,.F.);
#1858 = EDGE_LOOP('',(#1859,#1868,#1869,#1870));
#1859 = ORIENTED_EDGE('',*,*,#1860,.F.);
#1860 = EDGE_CURVE('',#1811,#1861,#1863,.T.);
#1861 = VERTEX_POINT('',#1862);
#1862 = CARTESIAN_POINT('',(10.575071296656,-56.86654896121,
    7.363504542384));
#1863 = HYPERBOLA('',#1864,2.358356201066,4.084792762617);
#1864 = AXIS2_PLACEMENT_3D('',#1865,#1866,#1867);
#1865 = CARTESIAN_POINT('',(9.917584204239,-50.61097714004,
    11.693631561279));
#1866 = DIRECTION('',(0.994521895368,0.104528463268,0.));
#1867 = DIRECTION('',(0.,0.,-1.));
#1868 = ORIENTED_EDGE('',*,*,#1821,.T.);
#1869 = ORIENTED_EDGE('',*,*,#547,.F.);
#1870 = ORIENTED_EDGE('',*,*,#1871,.F.);
#1871 = EDGE_CURVE('',#1861,#548,#1872,.T.);
#1872 = LINE('',#1873,#1874);
#1873 = CARTESIAN_POINT('',(10.575071296656,-56.86654896121,8.345));
#1874 = VECTOR('',#1875,1.);
#1875 = DIRECTION('',(-0.,0.,-1.));
#1876 = PLANE('',#1877);
#1877 = AXIS2_PLACEMENT_3D('',#1878,#1879,#1880);
#1878 = CARTESIAN_POINT('',(10.657130252853,-57.64728777719,8.345));
#1879 = DIRECTION('',(0.994521895368,0.104528463268,0.));
#1880 = DIRECTION('',(-0.104528463268,0.994521895368,0.));
#1881 = ADVANCED_FACE('',(#1882),#1901,.F.);
#1882 = FACE_BOUND('',#1883,.F.);
#1883 = EDGE_LOOP('',(#1884,#1893,#1899,#1900));
#1884 = ORIENTED_EDGE('',*,*,#1885,.F.);
#1885 = EDGE_CURVE('',#1886,#1836,#1888,.T.);
#1886 = VERTEX_POINT('',#1887);
#1887 = CARTESIAN_POINT('',(17.302869836555,-57.64728777719,
    6.976919159151));
#1888 = HYPERBOLA('',#1889,2.358356201066,4.084792762617);
#1889 = AXIS2_PLACEMENT_3D('',#1890,#1891,#1892);
#1890 = CARTESIAN_POINT('',(11.579019100168,-53.48866679326,
    11.693631561279));
#1891 = DIRECTION('',(0.587785252292,0.809016994375,0.));
#1892 = DIRECTION('',(0.,0.,-1.));
#1893 = ORIENTED_EDGE('',*,*,#1894,.T.);
#1894 = EDGE_CURVE('',#1886,#1372,#1895,.T.);
#1895 = LINE('',#1896,#1897);
#1896 = CARTESIAN_POINT('',(17.302869836555,-57.64728777719,8.345));
#1897 = VECTOR('',#1898,1.);
#1898 = DIRECTION('',(0.,-0.,-1.));
#1899 = ORIENTED_EDGE('',*,*,#1379,.F.);
#1900 = ORIENTED_EDGE('',*,*,#1844,.F.);
#1901 = PLANE('',#1902);
#1902 = AXIS2_PLACEMENT_3D('',#1903,#1904,#1905);
#1903 = CARTESIAN_POINT('',(17.302869836555,-57.64728777719,8.345));
#1904 = DIRECTION('',(0.587785252292,0.809016994375,0.));
#1905 = DIRECTION('',(-0.809016994375,0.587785252292,0.));
#1906 = ADVANCED_FACE('',(#1907),#1926,.F.);
#1907 = FACE_BOUND('',#1908,.F.);
#1908 = EDGE_LOOP('',(#1909,#1918,#1919,#1920));
#1909 = ORIENTED_EDGE('',*,*,#1910,.F.);
#1910 = EDGE_CURVE('',#1861,#1911,#1913,.T.);
#1911 = VERTEX_POINT('',#1912);
#1912 = CARTESIAN_POINT('',(9.895207282091,-57.25906863303,
    6.976919159151));
#1913 = HYPERBOLA('',#1914,2.358356201059,4.084792762605);
#1914 = AXIS2_PLACEMENT_3D('',#1915,#1916,#1917);
#1915 = CARTESIAN_POINT('',(16.02239642601,-53.72153433141,
    11.693631561279));
#1916 = DIRECTION('',(-0.500000000001,0.866025403784,0.));
#1917 = DIRECTION('',(0.,0.,-1.));
#1918 = ORIENTED_EDGE('',*,*,#1871,.T.);
#1919 = ORIENTED_EDGE('',*,*,#555,.F.);
#1920 = ORIENTED_EDGE('',*,*,#1921,.F.);
#1921 = EDGE_CURVE('',#1911,#556,#1922,.T.);
#1922 = LINE('',#1923,#1924);
#1923 = CARTESIAN_POINT('',(9.895207282091,-57.25906863303,8.345));
#1924 = VECTOR('',#1925,1.);
#1925 = DIRECTION('',(-0.,0.,-1.));
#1926 = PLANE('',#1927);
#1927 = AXIS2_PLACEMENT_3D('',#1928,#1929,#1930);
#1928 = CARTESIAN_POINT('',(10.575071296656,-56.86654896121,8.345));
#1929 = DIRECTION('',(-0.500000000001,0.866025403784,0.));
#1930 = DIRECTION('',(-0.866025403784,-0.500000000001,0.));
#1931 = ADVANCED_FACE('',(#1932),#1951,.F.);
#1932 = FACE_BOUND('',#1933,.F.);
#1933 = EDGE_LOOP('',(#1934,#1943,#1949,#1950));
#1934 = ORIENTED_EDGE('',*,*,#1935,.F.);
#1935 = EDGE_CURVE('',#1936,#1886,#1938,.T.);
#1936 = VERTEX_POINT('',#1937);
#1937 = CARTESIAN_POINT('',(17.38492879275,-56.86654896121,
    7.363504542384));
#1938 = HYPERBOLA('',#1939,2.358356201059,4.084792762605);
#1939 = AXIS2_PLACEMENT_3D('',#1940,#1941,#1942);
#1940 = CARTESIAN_POINT('',(18.042415885156,-50.61097714003,
    11.693631561279));
#1941 = DIRECTION('',(-0.994521895368,0.104528463266,0.));
#1942 = DIRECTION('',(0.,0.,-1.));
#1943 = ORIENTED_EDGE('',*,*,#1944,.T.);
#1944 = EDGE_CURVE('',#1936,#1364,#1945,.T.);
#1945 = LINE('',#1946,#1947);
#1946 = CARTESIAN_POINT('',(17.38492879275,-56.86654896121,8.345));
#1947 = VECTOR('',#1948,1.);
#1948 = DIRECTION('',(0.,-0.,-1.));
#1949 = ORIENTED_EDGE('',*,*,#1371,.F.);
#1950 = ORIENTED_EDGE('',*,*,#1894,.F.);
#1951 = PLANE('',#1952);
#1952 = AXIS2_PLACEMENT_3D('',#1953,#1954,#1955);
#1953 = CARTESIAN_POINT('',(17.38492879275,-56.86654896121,8.345));
#1954 = DIRECTION('',(-0.994521895368,0.104528463266,0.));
#1955 = DIRECTION('',(-0.104528463266,-0.994521895368,0.));
#1956 = ADVANCED_FACE('',(#1957),#1976,.F.);
#1957 = FACE_BOUND('',#1958,.F.);
#1958 = EDGE_LOOP('',(#1959,#1968,#1969,#1970));
#1959 = ORIENTED_EDGE('',*,*,#1960,.F.);
#1960 = EDGE_CURVE('',#1911,#1961,#1963,.T.);
#1961 = VERTEX_POINT('',#1962);
#1962 = CARTESIAN_POINT('',(9.89520728209,-56.47402928939,7.363504542384
    ));
#1963 = HYPERBOLA('',#1964,2.358356201066,4.084792762617);
#1964 = AXIS2_PLACEMENT_3D('',#1965,#1966,#1967);
#1965 = CARTESIAN_POINT('',(9.895207282086,-50.1840000298,
    11.693631561279));
#1966 = DIRECTION('',(1.,6.4093E-13,0.));
#1967 = DIRECTION('',(0.,0.,-1.));
#1968 = ORIENTED_EDGE('',*,*,#1921,.T.);
#1969 = ORIENTED_EDGE('',*,*,#563,.F.);
#1970 = ORIENTED_EDGE('',*,*,#1971,.F.);
#1971 = EDGE_CURVE('',#1961,#564,#1972,.T.);
#1972 = LINE('',#1973,#1974);
#1973 = CARTESIAN_POINT('',(9.89520728209,-56.47402928939,8.345));
#1974 = VECTOR('',#1975,1.);
#1975 = DIRECTION('',(-0.,0.,-1.));
#1976 = PLANE('',#1977);
#1977 = AXIS2_PLACEMENT_3D('',#1978,#1979,#1980);
#1978 = CARTESIAN_POINT('',(9.895207282091,-57.25906863303,8.345));
#1979 = DIRECTION('',(1.,6.410982855698E-13,0.));
#1980 = DIRECTION('',(-6.410982855698E-13,1.,0.));
#1981 = ADVANCED_FACE('',(#1982),#2001,.F.);
#1982 = FACE_BOUND('',#1983,.F.);
#1983 = EDGE_LOOP('',(#1984,#1993,#1999,#2000));
#1984 = ORIENTED_EDGE('',*,*,#1985,.F.);
#1985 = EDGE_CURVE('',#1986,#1936,#1988,.T.);
#1986 = VERTEX_POINT('',#1987);
#1987 = CARTESIAN_POINT('',(18.064792807317,-57.25906863303,
    6.976919159151));
#1988 = HYPERBOLA('',#1989,2.358356201066,4.084792762617);
#1989 = AXIS2_PLACEMENT_3D('',#1990,#1991,#1992);
#1990 = CARTESIAN_POINT('',(11.937603663397,-53.72153433142,
    11.693631561279));
#1991 = DIRECTION('',(0.499999999999,0.866025403785,0.));
#1992 = DIRECTION('',(0.,0.,-1.));
#1993 = ORIENTED_EDGE('',*,*,#1994,.T.);
#1994 = EDGE_CURVE('',#1986,#1356,#1995,.T.);
#1995 = LINE('',#1996,#1997);
#1996 = CARTESIAN_POINT('',(18.064792807317,-57.25906863303,8.345));
#1997 = VECTOR('',#1998,1.);
#1998 = DIRECTION('',(0.,-0.,-1.));
#1999 = ORIENTED_EDGE('',*,*,#1363,.F.);
#2000 = ORIENTED_EDGE('',*,*,#1944,.F.);
#2001 = PLANE('',#2002);
#2002 = AXIS2_PLACEMENT_3D('',#2003,#2004,#2005);
#2003 = CARTESIAN_POINT('',(18.064792807317,-57.25906863303,8.345));
#2004 = DIRECTION('',(0.499999999999,0.866025403785,0.));
#2005 = DIRECTION('',(-0.866025403785,0.499999999999,0.));
#2006 = ADVANCED_FACE('',(#2007),#2026,.F.);
#2007 = FACE_BOUND('',#2008,.F.);
#2008 = EDGE_LOOP('',(#2009,#2018,#2019,#2020));
#2009 = ORIENTED_EDGE('',*,*,#2010,.F.);
#2010 = EDGE_CURVE('',#1961,#2011,#2013,.T.);
#2011 = VERTEX_POINT('',#2012);
#2012 = CARTESIAN_POINT('',(9.178038155634,-56.79333355671,
    6.976919159151));
#2013 = HYPERBOLA('',#2014,2.358356201059,4.084792762605);
#2014 = AXIS2_PLACEMENT_3D('',#2015,#2016,#2017);
#2015 = CARTESIAN_POINT('',(15.64143494063,-53.91564390348,
    11.693631561279));
#2016 = DIRECTION('',(-0.406736643077,0.913545457642,0.));
#2017 = DIRECTION('',(0.,0.,-1.));
#2018 = ORIENTED_EDGE('',*,*,#1971,.T.);
#2019 = ORIENTED_EDGE('',*,*,#571,.F.);
#2020 = ORIENTED_EDGE('',*,*,#2021,.F.);
#2021 = EDGE_CURVE('',#2011,#572,#2022,.T.);
#2022 = LINE('',#2023,#2024);
#2023 = CARTESIAN_POINT('',(9.178038155634,-56.79333355671,8.345));
#2024 = VECTOR('',#2025,1.);
#2025 = DIRECTION('',(-0.,0.,-1.));
#2026 = PLANE('',#2027);
#2027 = AXIS2_PLACEMENT_3D('',#2028,#2029,#2030);
#2028 = CARTESIAN_POINT('',(9.89520728209,-56.47402928939,8.345));
#2029 = DIRECTION('',(-0.406736643077,0.913545457642,0.));
#2030 = DIRECTION('',(-0.913545457642,-0.406736643077,0.));
#2031 = ADVANCED_FACE('',(#2032),#2051,.F.);
#2032 = FACE_BOUND('',#2033,.F.);
#2033 = EDGE_LOOP('',(#2034,#2043,#2049,#2050));
#2034 = ORIENTED_EDGE('',*,*,#2035,.F.);
#2035 = EDGE_CURVE('',#2036,#1986,#2038,.T.);
#2036 = VERTEX_POINT('',#2037);
#2037 = CARTESIAN_POINT('',(18.064792807316,-56.47402928939,
    7.363504542384));
#2038 = HYPERBOLA('',#2039,2.358356201059,4.084792762605);
#2039 = AXIS2_PLACEMENT_3D('',#2040,#2041,#2042);
#2040 = CARTESIAN_POINT('',(18.064792807308,-50.18400002979,
    11.693631561279));
#2041 = DIRECTION('',(-1.,-1.30046E-12,-0.));
#2042 = DIRECTION('',(0.,0.,-1.));
#2043 = ORIENTED_EDGE('',*,*,#2044,.T.);
#2044 = EDGE_CURVE('',#2036,#1348,#2045,.T.);
#2045 = LINE('',#2046,#2047);
#2046 = CARTESIAN_POINT('',(18.064792807316,-56.47402928939,8.345));
#2047 = VECTOR('',#2048,1.);
#2048 = DIRECTION('',(0.,-0.,-1.));
#2049 = ORIENTED_EDGE('',*,*,#1355,.F.);
#2050 = ORIENTED_EDGE('',*,*,#1994,.F.);
#2051 = PLANE('',#2052);
#2052 = AXIS2_PLACEMENT_3D('',#2053,#2054,#2055);
#2053 = CARTESIAN_POINT('',(18.064792807316,-56.47402928939,8.345));
#2054 = DIRECTION('',(-1.,-1.300348717592E-12,0.));
#2055 = DIRECTION('',(1.300348717592E-12,-1.,0.));
#2056 = ADVANCED_FACE('',(#2057),#2076,.F.);
#2057 = FACE_BOUND('',#2058,.F.);
#2058 = EDGE_LOOP('',(#2059,#2068,#2069,#2070));
#2059 = ORIENTED_EDGE('',*,*,#2060,.F.);
#2060 = EDGE_CURVE('',#2011,#2061,#2063,.T.);
#2061 = VERTEX_POINT('',#2062);
#2062 = CARTESIAN_POINT('',(9.260097111829,-56.01259474072,
    7.363504542384));
#2063 = HYPERBOLA('',#2064,2.358356201066,4.084792762617);
#2064 = AXIS2_PLACEMENT_3D('',#2065,#2066,#2067);
#2065 = CARTESIAN_POINT('',(9.917584204239,-49.75702291956,
    11.693631561279));
#2066 = DIRECTION('',(0.994521895368,-0.104528463267,0.));
#2067 = DIRECTION('',(0.,0.,-1.));
#2068 = ORIENTED_EDGE('',*,*,#2021,.T.);
#2069 = ORIENTED_EDGE('',*,*,#579,.F.);
#2070 = ORIENTED_EDGE('',*,*,#2071,.F.);
#2071 = EDGE_CURVE('',#2061,#580,#2072,.T.);
#2072 = LINE('',#2073,#2074);
#2073 = CARTESIAN_POINT('',(9.260097111829,-56.01259474072,8.345));
#2074 = VECTOR('',#2075,1.);
#2075 = DIRECTION('',(-0.,0.,-1.));
#2076 = PLANE('',#2077);
#2077 = AXIS2_PLACEMENT_3D('',#2078,#2079,#2080);
#2078 = CARTESIAN_POINT('',(9.178038155634,-56.79333355671,8.345));
#2079 = DIRECTION('',(0.994521895368,-0.104528463267,0.));
#2080 = DIRECTION('',(0.104528463267,0.994521895368,0.));
#2081 = ADVANCED_FACE('',(#2082),#2101,.F.);
#2082 = FACE_BOUND('',#2083,.F.);
#2083 = EDGE_LOOP('',(#2084,#2093,#2099,#2100));
#2084 = ORIENTED_EDGE('',*,*,#2085,.F.);
#2085 = EDGE_CURVE('',#2086,#2036,#2088,.T.);
#2086 = VERTEX_POINT('',#2087);
#2087 = CARTESIAN_POINT('',(18.781961933774,-56.7933335567,
    6.976919159151));
#2088 = HYPERBOLA('',#2089,2.358356201066,4.084792762617);
#2089 = AXIS2_PLACEMENT_3D('',#2090,#2091,#2092);
#2090 = CARTESIAN_POINT('',(12.318565148778,-53.9156439035,
    11.693631561279));
#2091 = DIRECTION('',(0.406736643075,0.913545457643,0.));
#2092 = DIRECTION('',(0.,0.,-1.));
#2093 = ORIENTED_EDGE('',*,*,#2094,.T.);
#2094 = EDGE_CURVE('',#2086,#1340,#2095,.T.);
#2095 = LINE('',#2096,#2097);
#2096 = CARTESIAN_POINT('',(18.781961933774,-56.7933335567,8.345));
#2097 = VECTOR('',#2098,1.);
#2098 = DIRECTION('',(0.,-0.,-1.));
#2099 = ORIENTED_EDGE('',*,*,#1347,.F.);
#2100 = ORIENTED_EDGE('',*,*,#2044,.F.);
#2101 = PLANE('',#2102);
#2102 = AXIS2_PLACEMENT_3D('',#2103,#2104,#2105);
#2103 = CARTESIAN_POINT('',(18.781961933774,-56.7933335567,8.345));
#2104 = DIRECTION('',(0.406736643075,0.913545457643,0.));
#2105 = DIRECTION('',(-0.913545457643,0.406736643075,0.));
#2106 = ADVANCED_FACE('',(#2107),#2126,.F.);
#2107 = FACE_BOUND('',#2108,.F.);
#2108 = EDGE_LOOP('',(#2109,#2118,#2119,#2120));
#2109 = ORIENTED_EDGE('',*,*,#2110,.F.);
#2110 = EDGE_CURVE('',#2061,#2111,#2113,.T.);
#2111 = VERTEX_POINT('',#2112);
#2112 = CARTESIAN_POINT('',(8.513480328509,-56.25518523916,
    6.976919159151));
#2113 = HYPERBOLA('',#2114,2.358356201059,4.084792762605);
#2114 = AXIS2_PLACEMENT_3D('',#2115,#2116,#2117);
#2115 = CARTESIAN_POINT('',(15.242270426853,-54.06886880439,
    11.693631561279));
#2116 = DIRECTION('',(-0.309016994376,0.951056516295,0.));
#2117 = DIRECTION('',(0.,0.,-1.));
#2118 = ORIENTED_EDGE('',*,*,#2071,.T.);
#2119 = ORIENTED_EDGE('',*,*,#587,.F.);
#2120 = ORIENTED_EDGE('',*,*,#2121,.F.);
#2121 = EDGE_CURVE('',#2111,#588,#2122,.T.);
#2122 = LINE('',#2123,#2124);
#2123 = CARTESIAN_POINT('',(8.513480328509,-56.25518523916,8.345));
#2124 = VECTOR('',#2125,1.);
#2125 = DIRECTION('',(-0.,0.,-1.));
#2126 = PLANE('',#2127);
#2127 = AXIS2_PLACEMENT_3D('',#2128,#2129,#2130);
#2128 = CARTESIAN_POINT('',(9.260097111829,-56.01259474072,8.345));
#2129 = DIRECTION('',(-0.309016994376,0.951056516295,0.));
#2130 = DIRECTION('',(-0.951056516295,-0.309016994376,0.));
#2131 = ADVANCED_FACE('',(#2132),#2151,.F.);
#2132 = FACE_BOUND('',#2133,.F.);
#2133 = EDGE_LOOP('',(#2134,#2143,#2149,#2150));
#2134 = ORIENTED_EDGE('',*,*,#2135,.F.);
#2135 = EDGE_CURVE('',#2136,#2086,#2138,.T.);
#2136 = VERTEX_POINT('',#2137);
#2137 = CARTESIAN_POINT('',(18.699902977577,-56.01259474072,
    7.363504542384));
#2138 = HYPERBOLA('',#2139,2.358356201059,4.084792762605);
#2139 = AXIS2_PLACEMENT_3D('',#2140,#2141,#2142);
#2140 = CARTESIAN_POINT('',(18.042415885154,-49.75702291955,
    11.693631561279));
#2141 = DIRECTION('',(-0.994521895368,-0.104528463269,-0.));
#2142 = DIRECTION('',(0.,0.,-1.));
#2143 = ORIENTED_EDGE('',*,*,#2144,.T.);
#2144 = EDGE_CURVE('',#2136,#1332,#2145,.T.);
#2145 = LINE('',#2146,#2147);
#2146 = CARTESIAN_POINT('',(18.699902977577,-56.01259474072,8.345));
#2147 = VECTOR('',#2148,1.);
#2148 = DIRECTION('',(0.,-0.,-1.));
#2149 = ORIENTED_EDGE('',*,*,#1339,.F.);
#2150 = ORIENTED_EDGE('',*,*,#2094,.F.);
#2151 = PLANE('',#2152);
#2152 = AXIS2_PLACEMENT_3D('',#2153,#2154,#2155);
#2153 = CARTESIAN_POINT('',(18.699902977577,-56.01259474072,8.345));
#2154 = DIRECTION('',(-0.994521895368,-0.104528463269,0.));
#2155 = DIRECTION('',(0.104528463269,-0.994521895368,0.));
#2156 = ADVANCED_FACE('',(#2157),#2176,.F.);
#2157 = FACE_BOUND('',#2158,.F.);
#2158 = EDGE_LOOP('',(#2159,#2168,#2169,#2170));
#2159 = ORIENTED_EDGE('',*,*,#2160,.F.);
#2160 = EDGE_CURVE('',#2111,#2161,#2163,.T.);
#2161 = VERTEX_POINT('',#2162);
#2162 = CARTESIAN_POINT('',(8.676699185804,-55.4873008887,7.363504542384
    ));
#2163 = HYPERBOLA('',#2164,2.358356201066,4.084792762617);
#2164 = AXIS2_PLACEMENT_3D('',#2165,#2166,#2167);
#2165 = CARTESIAN_POINT('',(9.984469804454,-49.33472385988,
    11.693631561279));
#2166 = DIRECTION('',(0.978147600734,-0.207911690817,0.));
#2167 = DIRECTION('',(0.,0.,-1.));
#2168 = ORIENTED_EDGE('',*,*,#2121,.T.);
#2169 = ORIENTED_EDGE('',*,*,#595,.F.);
#2170 = ORIENTED_EDGE('',*,*,#2171,.F.);
#2171 = EDGE_CURVE('',#2161,#596,#2172,.T.);
#2172 = LINE('',#2173,#2174);
#2173 = CARTESIAN_POINT('',(8.676699185804,-55.4873008887,8.345));
#2174 = VECTOR('',#2175,1.);
#2175 = DIRECTION('',(-0.,0.,-1.));
#2176 = PLANE('',#2177);
#2177 = AXIS2_PLACEMENT_3D('',#2178,#2179,#2180);
#2178 = CARTESIAN_POINT('',(8.513480328509,-56.25518523916,8.345));
#2179 = DIRECTION('',(0.978147600734,-0.207911690817,0.));
#2180 = DIRECTION('',(0.207911690817,0.978147600734,0.));
#2181 = ADVANCED_FACE('',(#2182),#2201,.F.);
#2182 = FACE_BOUND('',#2183,.F.);
#2183 = EDGE_LOOP('',(#2184,#2193,#2199,#2200));
#2184 = ORIENTED_EDGE('',*,*,#2185,.F.);
#2185 = EDGE_CURVE('',#2186,#2136,#2188,.T.);
#2186 = VERTEX_POINT('',#2187);
#2187 = CARTESIAN_POINT('',(19.446519760899,-56.25518523916,
    6.976919159151));
#2188 = HYPERBOLA('',#2189,2.358356201066,4.084792762617);
#2189 = AXIS2_PLACEMENT_3D('',#2190,#2191,#2192);
#2190 = CARTESIAN_POINT('',(12.717729662557,-54.0688688044,
    11.693631561279));
#2191 = DIRECTION('',(0.309016994374,0.951056516295,0.));
#2192 = DIRECTION('',(0.,0.,-1.));
#2193 = ORIENTED_EDGE('',*,*,#2194,.T.);
#2194 = EDGE_CURVE('',#2186,#1324,#2195,.T.);
#2195 = LINE('',#2196,#2197);
#2196 = CARTESIAN_POINT('',(19.446519760899,-56.25518523916,8.345));
#2197 = VECTOR('',#2198,1.);
#2198 = DIRECTION('',(0.,-0.,-1.));
#2199 = ORIENTED_EDGE('',*,*,#1331,.F.);
#2200 = ORIENTED_EDGE('',*,*,#2144,.F.);
#2201 = PLANE('',#2202);
#2202 = AXIS2_PLACEMENT_3D('',#2203,#2204,#2205);
#2203 = CARTESIAN_POINT('',(19.446519760899,-56.25518523916,8.345));
#2204 = DIRECTION('',(0.309016994374,0.951056516295,0.));
#2205 = DIRECTION('',(-0.951056516295,0.309016994374,0.));
#2206 = ADVANCED_FACE('',(#2207),#2226,.F.);
#2207 = FACE_BOUND('',#2208,.F.);
#2208 = EDGE_LOOP('',(#2209,#2218,#2219,#2220));
#2209 = ORIENTED_EDGE('',*,*,#2210,.F.);
#2210 = EDGE_CURVE('',#2161,#2211,#2213,.T.);
#2211 = VERTEX_POINT('',#2212);
#2212 = CARTESIAN_POINT('',(7.908814835337,-55.65051974599,
    6.976919159151));
#2213 = HYPERBOLA('',#2214,2.358356201059,4.084792762605);
#2214 = AXIS2_PLACEMENT_3D('',#2215,#2216,#2217);
#2215 = CARTESIAN_POINT('',(14.829276214621,-54.17953027003,
    11.693631561279));
#2216 = DIRECTION('',(-0.207911690819,0.978147600734,0.));
#2217 = DIRECTION('',(0.,0.,-1.));
#2218 = ORIENTED_EDGE('',*,*,#2171,.T.);
#2219 = ORIENTED_EDGE('',*,*,#603,.F.);
#2220 = ORIENTED_EDGE('',*,*,#2221,.F.);
#2221 = EDGE_CURVE('',#2211,#604,#2222,.T.);
#2222 = LINE('',#2223,#2224);
#2223 = CARTESIAN_POINT('',(7.908814835337,-55.65051974599,8.345));
#2224 = VECTOR('',#2225,1.);
#2225 = DIRECTION('',(-0.,0.,-1.));
#2226 = PLANE('',#2227);
#2227 = AXIS2_PLACEMENT_3D('',#2228,#2229,#2230);
#2228 = CARTESIAN_POINT('',(8.676699185804,-55.4873008887,8.345));
#2229 = DIRECTION('',(-0.207911690819,0.978147600734,0.));
#2230 = DIRECTION('',(-0.978147600734,-0.207911690819,0.));
#2231 = ADVANCED_FACE('',(#2232),#2251,.F.);
#2232 = FACE_BOUND('',#2233,.F.);
#2233 = EDGE_LOOP('',(#2234,#2243,#2249,#2250));
#2234 = ORIENTED_EDGE('',*,*,#2235,.F.);
#2235 = EDGE_CURVE('',#2236,#2186,#2238,.T.);
#2236 = VERTEX_POINT('',#2237);
#2237 = CARTESIAN_POINT('',(19.283300903602,-55.4873008887,
    7.363504542384));
#2238 = HYPERBOLA('',#2239,2.358356201059,4.084792762605);
#2239 = AXIS2_PLACEMENT_3D('',#2240,#2241,#2242);
#2240 = CARTESIAN_POINT('',(17.975530284938,-49.33472385988,
    11.693631561279));
#2241 = DIRECTION('',(-0.978147600734,-0.207911690819,-0.));
#2242 = DIRECTION('',(0.,0.,-1.));
#2243 = ORIENTED_EDGE('',*,*,#2244,.T.);
#2244 = EDGE_CURVE('',#2236,#1316,#2245,.T.);
#2245 = LINE('',#2246,#2247);
#2246 = CARTESIAN_POINT('',(19.283300903602,-55.4873008887,8.345));
#2247 = VECTOR('',#2248,1.);
#2248 = DIRECTION('',(0.,-0.,-1.));
#2249 = ORIENTED_EDGE('',*,*,#1323,.F.);
#2250 = ORIENTED_EDGE('',*,*,#2194,.F.);
#2251 = PLANE('',#2252);
#2252 = AXIS2_PLACEMENT_3D('',#2253,#2254,#2255);
#2253 = CARTESIAN_POINT('',(19.283300903602,-55.4873008887,8.345));
#2254 = DIRECTION('',(-0.978147600734,-0.207911690819,0.));
#2255 = DIRECTION('',(0.207911690819,-0.978147600734,0.));
#2256 = ADVANCED_FACE('',(#2257),#2276,.F.);
#2257 = FACE_BOUND('',#2258,.F.);
#2258 = EDGE_LOOP('',(#2259,#2268,#2269,#2270));
#2259 = ORIENTED_EDGE('',*,*,#2260,.F.);
#2260 = EDGE_CURVE('',#2211,#2261,#2263,.T.);
#2261 = VERTEX_POINT('',#2262);
#2262 = CARTESIAN_POINT('',(8.151405333776,-54.90390296267,
    7.363504542384));
#2263 = HYPERBOLA('',#2264,2.358356201066,4.084792762617);
#2264 = AXIS2_PLACEMENT_3D('',#2265,#2266,#2267);
#2265 = CARTESIAN_POINT('',(10.0951312701,-48.92172964765,
    11.693631561279));
#2266 = DIRECTION('',(0.951056516295,-0.309016994374,0.));
#2267 = DIRECTION('',(0.,0.,-1.));
#2268 = ORIENTED_EDGE('',*,*,#2221,.T.);
#2269 = ORIENTED_EDGE('',*,*,#611,.F.);
#2270 = ORIENTED_EDGE('',*,*,#2271,.F.);
#2271 = EDGE_CURVE('',#2261,#612,#2272,.T.);
#2272 = LINE('',#2273,#2274);
#2273 = CARTESIAN_POINT('',(8.151405333776,-54.90390296267,8.345));
#2274 = VECTOR('',#2275,1.);
#2275 = DIRECTION('',(-0.,0.,-1.));
#2276 = PLANE('',#2277);
#2277 = AXIS2_PLACEMENT_3D('',#2278,#2279,#2280);
#2278 = CARTESIAN_POINT('',(7.908814835337,-55.65051974599,8.345));
#2279 = DIRECTION('',(0.951056516295,-0.309016994374,0.));
#2280 = DIRECTION('',(0.309016994374,0.951056516295,0.));
#2281 = ADVANCED_FACE('',(#2282),#2301,.F.);
#2282 = FACE_BOUND('',#2283,.F.);
#2283 = EDGE_LOOP('',(#2284,#2293,#2299,#2300));
#2284 = ORIENTED_EDGE('',*,*,#2285,.F.);
#2285 = EDGE_CURVE('',#2286,#2236,#2288,.T.);
#2286 = VERTEX_POINT('',#2287);
#2287 = CARTESIAN_POINT('',(20.05118525407,-55.65051974599,
    6.976919159151));
#2288 = HYPERBOLA('',#2289,2.358356201066,4.084792762617);
#2289 = AXIS2_PLACEMENT_3D('',#2290,#2291,#2292);
#2290 = CARTESIAN_POINT('',(13.13072387479,-54.17953027005,
    11.693631561279));
#2291 = DIRECTION('',(0.207911690817,0.978147600734,0.));
#2292 = DIRECTION('',(0.,0.,-1.));
#2293 = ORIENTED_EDGE('',*,*,#2294,.T.);
#2294 = EDGE_CURVE('',#2286,#1308,#2295,.T.);
#2295 = LINE('',#2296,#2297);
#2296 = CARTESIAN_POINT('',(20.05118525407,-55.65051974599,8.345));
#2297 = VECTOR('',#2298,1.);
#2298 = DIRECTION('',(0.,-0.,-1.));
#2299 = ORIENTED_EDGE('',*,*,#1315,.F.);
#2300 = ORIENTED_EDGE('',*,*,#2244,.F.);
#2301 = PLANE('',#2302);
#2302 = AXIS2_PLACEMENT_3D('',#2303,#2304,#2305);
#2303 = CARTESIAN_POINT('',(20.05118525407,-55.65051974599,8.345));
#2304 = DIRECTION('',(0.207911690817,0.978147600734,0.));
#2305 = DIRECTION('',(-0.978147600734,0.207911690817,0.));
#2306 = ADVANCED_FACE('',(#2307),#2326,.F.);
#2307 = FACE_BOUND('',#2308,.F.);
#2308 = EDGE_LOOP('',(#2309,#2318,#2319,#2320));
#2309 = ORIENTED_EDGE('',*,*,#2310,.F.);
#2310 = EDGE_CURVE('',#2261,#2311,#2313,.T.);
#2311 = VERTEX_POINT('',#2312);
#2312 = CARTESIAN_POINT('',(7.370666517796,-54.98596191887,
    6.976919159151));
#2313 = HYPERBOLA('',#2314,2.358356201059,4.084792762605);
#2314 = AXIS2_PLACEMENT_3D('',#2315,#2316,#2317);
#2315 = CARTESIAN_POINT('',(14.40697715495,-54.24641587025,
    11.693631561279));
#2316 = DIRECTION('',(-0.104528463269,0.994521895368,0.));
#2317 = DIRECTION('',(0.,0.,-1.));
#2318 = ORIENTED_EDGE('',*,*,#2271,.T.);
#2319 = ORIENTED_EDGE('',*,*,#619,.F.);
#2320 = ORIENTED_EDGE('',*,*,#2321,.F.);
#2321 = EDGE_CURVE('',#2311,#620,#2322,.T.);
#2322 = LINE('',#2323,#2324);
#2323 = CARTESIAN_POINT('',(7.370666517796,-54.98596191887,8.345));
#2324 = VECTOR('',#2325,1.);
#2325 = DIRECTION('',(-0.,0.,-1.));
#2326 = PLANE('',#2327);
#2327 = AXIS2_PLACEMENT_3D('',#2328,#2329,#2330);
#2328 = CARTESIAN_POINT('',(8.151405333776,-54.90390296267,8.345));
#2329 = DIRECTION('',(-0.104528463269,0.994521895368,0.));
#2330 = DIRECTION('',(-0.994521895368,-0.104528463269,0.));
#2331 = ADVANCED_FACE('',(#2332),#2351,.F.);
#2332 = FACE_BOUND('',#2333,.F.);
#2333 = EDGE_LOOP('',(#2334,#2343,#2349,#2350));
#2334 = ORIENTED_EDGE('',*,*,#2335,.F.);
#2335 = EDGE_CURVE('',#2336,#2286,#2338,.T.);
#2336 = VERTEX_POINT('',#2337);
#2337 = CARTESIAN_POINT('',(19.80859475563,-54.90390296267,
    7.363504542384));
#2338 = HYPERBOLA('',#2339,2.358356201059,4.084792762605);
#2339 = AXIS2_PLACEMENT_3D('',#2340,#2341,#2342);
#2340 = CARTESIAN_POINT('',(17.864868819292,-48.92172964765,
    11.693631561279));
#2341 = DIRECTION('',(-0.951056516295,-0.309016994376,-0.));
#2342 = DIRECTION('',(0.,0.,-1.));
#2343 = ORIENTED_EDGE('',*,*,#2344,.T.);
#2344 = EDGE_CURVE('',#2336,#1300,#2345,.T.);
#2345 = LINE('',#2346,#2347);
#2346 = CARTESIAN_POINT('',(19.80859475563,-54.90390296267,8.345));
#2347 = VECTOR('',#2348,1.);
#2348 = DIRECTION('',(0.,-0.,-1.));
#2349 = ORIENTED_EDGE('',*,*,#1307,.F.);
#2350 = ORIENTED_EDGE('',*,*,#2294,.F.);
#2351 = PLANE('',#2352);
#2352 = AXIS2_PLACEMENT_3D('',#2353,#2354,#2355);
#2353 = CARTESIAN_POINT('',(19.80859475563,-54.90390296267,8.345));
#2354 = DIRECTION('',(-0.951056516295,-0.309016994376,0.));
#2355 = DIRECTION('',(0.309016994376,-0.951056516295,0.));
#2356 = ADVANCED_FACE('',(#2357),#2376,.F.);
#2357 = FACE_BOUND('',#2358,.F.);
#2358 = EDGE_LOOP('',(#2359,#2368,#2369,#2370));
#2359 = ORIENTED_EDGE('',*,*,#2360,.F.);
#2360 = EDGE_CURVE('',#2311,#2361,#2363,.T.);
#2361 = VERTEX_POINT('',#2362);
#2362 = CARTESIAN_POINT('',(7.689970785112,-54.26879279241,
    7.363504542384));
#2363 = HYPERBOLA('',#2364,2.358356201066,4.084792762617);
#2364 = AXIS2_PLACEMENT_3D('',#2365,#2366,#2367);
#2365 = CARTESIAN_POINT('',(10.248356171002,-48.52256513387,
    11.693631561279));
#2366 = DIRECTION('',(0.913545457643,-0.406736643075,0.));
#2367 = DIRECTION('',(0.,0.,-1.));
#2368 = ORIENTED_EDGE('',*,*,#2321,.T.);
#2369 = ORIENTED_EDGE('',*,*,#627,.F.);
#2370 = ORIENTED_EDGE('',*,*,#2371,.F.);
#2371 = EDGE_CURVE('',#2361,#628,#2372,.T.);
#2372 = LINE('',#2373,#2374);
#2373 = CARTESIAN_POINT('',(7.689970785112,-54.26879279241,8.345));
#2374 = VECTOR('',#2375,1.);
#2375 = DIRECTION('',(-0.,0.,-1.));
#2376 = PLANE('',#2377);
#2377 = AXIS2_PLACEMENT_3D('',#2378,#2379,#2380);
#2378 = CARTESIAN_POINT('',(7.370666517796,-54.98596191887,8.345));
#2379 = DIRECTION('',(0.913545457643,-0.406736643075,0.));
#2380 = DIRECTION('',(0.406736643075,0.913545457643,0.));
#2381 = ADVANCED_FACE('',(#2382),#2401,.F.);
#2382 = FACE_BOUND('',#2383,.F.);
#2383 = EDGE_LOOP('',(#2384,#2393,#2399,#2400));
#2384 = ORIENTED_EDGE('',*,*,#2385,.F.);
#2385 = EDGE_CURVE('',#2386,#2336,#2388,.T.);
#2386 = VERTEX_POINT('',#2387);
#2387 = CARTESIAN_POINT('',(20.589333571611,-54.98596191887,
    6.976919159151));
#2388 = HYPERBOLA('',#2389,2.358356201066,4.084792762617);
#2389 = AXIS2_PLACEMENT_3D('',#2390,#2391,#2392);
#2390 = CARTESIAN_POINT('',(13.553022934462,-54.24641587026,
    11.693631561279));
#2391 = DIRECTION('',(0.104528463267,0.994521895368,0.));
#2392 = DIRECTION('',(0.,0.,-1.));
#2393 = ORIENTED_EDGE('',*,*,#2394,.T.);
#2394 = EDGE_CURVE('',#2386,#1292,#2395,.T.);
#2395 = LINE('',#2396,#2397);
#2396 = CARTESIAN_POINT('',(20.589333571611,-54.98596191887,8.345));
#2397 = VECTOR('',#2398,1.);
#2398 = DIRECTION('',(0.,-0.,-1.));
#2399 = ORIENTED_EDGE('',*,*,#1299,.F.);
#2400 = ORIENTED_EDGE('',*,*,#2344,.F.);
#2401 = PLANE('',#2402);
#2402 = AXIS2_PLACEMENT_3D('',#2403,#2404,#2405);
#2403 = CARTESIAN_POINT('',(20.589333571611,-54.98596191887,8.345));
#2404 = DIRECTION('',(0.104528463267,0.994521895368,0.));
#2405 = DIRECTION('',(-0.994521895368,0.104528463267,0.));
#2406 = ADVANCED_FACE('',(#2407),#2426,.F.);
#2407 = FACE_BOUND('',#2408,.F.);
#2408 = EDGE_LOOP('',(#2409,#2418,#2419,#2420));
#2409 = ORIENTED_EDGE('',*,*,#2410,.F.);
#2410 = EDGE_CURVE('',#2361,#2411,#2413,.T.);
#2411 = VERTEX_POINT('',#2412);
#2412 = CARTESIAN_POINT('',(6.904931441468,-54.26879279241,
    6.976919159151));
#2413 = HYPERBOLA('',#2414,2.358356201059,4.084792762605);
#2414 = AXIS2_PLACEMENT_3D('',#2415,#2416,#2417);
#2415 = CARTESIAN_POINT('',(13.980000044708,-54.2687927924,
    11.693631561279));
#2416 = DIRECTION('',(-1.29979E-12,1.,0.));
#2417 = DIRECTION('',(0.,0.,-1.));
#2418 = ORIENTED_EDGE('',*,*,#2371,.T.);
#2419 = ORIENTED_EDGE('',*,*,#635,.F.);
#2420 = ORIENTED_EDGE('',*,*,#2421,.F.);
#2421 = EDGE_CURVE('',#2411,#636,#2422,.T.);
#2422 = LINE('',#2423,#2424);
#2423 = CARTESIAN_POINT('',(6.904931441468,-54.26879279241,8.345));
#2424 = VECTOR('',#2425,1.);
#2425 = DIRECTION('',(-0.,0.,-1.));
#2426 = PLANE('',#2427);
#2427 = AXIS2_PLACEMENT_3D('',#2428,#2429,#2430);
#2428 = CARTESIAN_POINT('',(7.689970785112,-54.26879279241,8.345));
#2429 = DIRECTION('',(-1.299460539173E-12,1.,0.));
#2430 = DIRECTION('',(-1.,-1.299460539173E-12,0.));
#2431 = ADVANCED_FACE('',(#2432),#2451,.F.);
#2432 = FACE_BOUND('',#2433,.F.);
#2433 = EDGE_LOOP('',(#2434,#2443,#2449,#2450));
#2434 = ORIENTED_EDGE('',*,*,#2435,.F.);
#2435 = EDGE_CURVE('',#2436,#2386,#2438,.T.);
#2436 = VERTEX_POINT('',#2437);
#2437 = CARTESIAN_POINT('',(20.270029304294,-54.26879279241,
    7.363504542384));
#2438 = HYPERBOLA('',#2439,2.358356201059,4.084792762605);
#2439 = AXIS2_PLACEMENT_3D('',#2440,#2441,#2442);
#2440 = CARTESIAN_POINT('',(17.71164391839,-48.52256513387,
    11.693631561279));
#2441 = DIRECTION('',(-0.913545457642,-0.406736643077,-0.));
#2442 = DIRECTION('',(0.,0.,-1.));
#2443 = ORIENTED_EDGE('',*,*,#2444,.T.);
#2444 = EDGE_CURVE('',#2436,#1284,#2445,.T.);
#2445 = LINE('',#2446,#2447);
#2446 = CARTESIAN_POINT('',(20.270029304294,-54.26879279241,8.345));
#2447 = VECTOR('',#2448,1.);
#2448 = DIRECTION('',(0.,-0.,-1.));
#2449 = ORIENTED_EDGE('',*,*,#1291,.F.);
#2450 = ORIENTED_EDGE('',*,*,#2394,.F.);
#2451 = PLANE('',#2452);
#2452 = AXIS2_PLACEMENT_3D('',#2453,#2454,#2455);
#2453 = CARTESIAN_POINT('',(20.270029304294,-54.26879279241,8.345));
#2454 = DIRECTION('',(-0.913545457642,-0.406736643077,0.));
#2455 = DIRECTION('',(0.406736643077,-0.913545457642,0.));
#2456 = ADVANCED_FACE('',(#2457),#2476,.F.);
#2457 = FACE_BOUND('',#2458,.F.);
#2458 = EDGE_LOOP('',(#2459,#2468,#2469,#2470));
#2459 = ORIENTED_EDGE('',*,*,#2460,.F.);
#2460 = EDGE_CURVE('',#2411,#2461,#2463,.T.);
#2461 = VERTEX_POINT('',#2462);
#2462 = CARTESIAN_POINT('',(7.29745111329,-53.58892877784,7.363504542384
    ));
#2463 = HYPERBOLA('',#2464,2.358356201066,4.084792762617);
#2464 = AXIS2_PLACEMENT_3D('',#2465,#2466,#2467);
#2465 = CARTESIAN_POINT('',(10.442465743081,-48.14160364849,
    11.693631561279));
#2466 = DIRECTION('',(0.866025403785,-0.499999999999,0.));
#2467 = DIRECTION('',(0.,0.,-1.));
#2468 = ORIENTED_EDGE('',*,*,#2421,.T.);
#2469 = ORIENTED_EDGE('',*,*,#643,.F.);
#2470 = ORIENTED_EDGE('',*,*,#2471,.F.);
#2471 = EDGE_CURVE('',#2461,#644,#2472,.T.);
#2472 = LINE('',#2473,#2474);
#2473 = CARTESIAN_POINT('',(7.29745111329,-53.58892877784,8.345));
#2474 = VECTOR('',#2475,1.);
#2475 = DIRECTION('',(-0.,0.,-1.));
#2476 = PLANE('',#2477);
#2477 = AXIS2_PLACEMENT_3D('',#2478,#2479,#2480);
#2478 = CARTESIAN_POINT('',(6.904931441468,-54.26879279241,8.345));
#2479 = DIRECTION('',(0.866025403785,-0.499999999999,0.));
#2480 = DIRECTION('',(0.499999999999,0.866025403785,0.));
#2481 = ADVANCED_FACE('',(#2482),#2501,.F.);
#2482 = FACE_BOUND('',#2483,.F.);
#2483 = EDGE_LOOP('',(#2484,#2493,#2499,#2500));
#2484 = ORIENTED_EDGE('',*,*,#2485,.F.);
#2485 = EDGE_CURVE('',#2486,#2436,#2488,.T.);
#2486 = VERTEX_POINT('',#2487);
#2487 = CARTESIAN_POINT('',(21.055068647939,-54.26879279241,
    6.976919159151));
#2488 = HYPERBOLA('',#2489,2.358356201066,4.084792762617);
#2489 = AXIS2_PLACEMENT_3D('',#2490,#2491,#2492);
#2490 = CARTESIAN_POINT('',(13.980000044706,-54.26879279241,
    11.693631561279));
#2491 = DIRECTION('',(-6.4132E-13,1.,0.));
#2492 = DIRECTION('',(0.,0.,-1.));
#2493 = ORIENTED_EDGE('',*,*,#2494,.T.);
#2494 = EDGE_CURVE('',#2486,#1276,#2495,.T.);
#2495 = LINE('',#2496,#2497);
#2496 = CARTESIAN_POINT('',(21.055068647939,-54.26879279241,8.345));
#2497 = VECTOR('',#2498,1.);
#2498 = DIRECTION('',(0.,-0.,-1.));
#2499 = ORIENTED_EDGE('',*,*,#1283,.F.);
#2500 = ORIENTED_EDGE('',*,*,#2444,.F.);
#2501 = PLANE('',#2502);
#2502 = AXIS2_PLACEMENT_3D('',#2503,#2504,#2505);
#2503 = CARTESIAN_POINT('',(21.055068647939,-54.26879279241,8.345));
#2504 = DIRECTION('',(-6.416533970821E-13,1.,0.));
#2505 = DIRECTION('',(-1.,-6.416533970821E-13,0.));
#2506 = ADVANCED_FACE('',(#2507),#2526,.F.);
#2507 = FACE_BOUND('',#2508,.F.);
#2508 = EDGE_LOOP('',(#2509,#2518,#2519,#2520));
#2509 = ORIENTED_EDGE('',*,*,#2510,.F.);
#2510 = EDGE_CURVE('',#2461,#2511,#2513,.T.);
#2511 = VERTEX_POINT('',#2512);
#2512 = CARTESIAN_POINT('',(6.51671229731,-53.50686982165,6.976919159151
    ));
#2513 = HYPERBOLA('',#2514,2.358356201059,4.084792762605);
#2514 = AXIS2_PLACEMENT_3D('',#2515,#2516,#2517);
#2515 = CARTESIAN_POINT('',(13.553022934466,-54.24641587025,
    11.693631561279));
#2516 = DIRECTION('',(0.104528463266,0.994521895368,0.));
#2517 = DIRECTION('',(0.,0.,-1.));
#2518 = ORIENTED_EDGE('',*,*,#2471,.T.);
#2519 = ORIENTED_EDGE('',*,*,#651,.F.);
#2520 = ORIENTED_EDGE('',*,*,#2521,.F.);
#2521 = EDGE_CURVE('',#2511,#652,#2522,.T.);
#2522 = LINE('',#2523,#2524);
#2523 = CARTESIAN_POINT('',(6.51671229731,-53.50686982165,8.345));
#2524 = VECTOR('',#2525,1.);
#2525 = DIRECTION('',(-0.,0.,-1.));
#2526 = PLANE('',#2527);
#2527 = AXIS2_PLACEMENT_3D('',#2528,#2529,#2530);
#2528 = CARTESIAN_POINT('',(7.29745111329,-53.58892877784,8.345));
#2529 = DIRECTION('',(0.104528463266,0.994521895368,0.));
#2530 = DIRECTION('',(-0.994521895368,0.104528463266,0.));
#2531 = ADVANCED_FACE('',(#2532),#2551,.F.);
#2532 = FACE_BOUND('',#2533,.F.);
#2533 = EDGE_LOOP('',(#2534,#2543,#2549,#2550));
#2534 = ORIENTED_EDGE('',*,*,#2535,.F.);
#2535 = EDGE_CURVE('',#2536,#2486,#2538,.T.);
#2536 = VERTEX_POINT('',#2537);
#2537 = CARTESIAN_POINT('',(20.662548976116,-53.58892877784,
    7.363504542384));
#2538 = HYPERBOLA('',#2539,2.358356201059,4.084792762605);
#2539 = AXIS2_PLACEMENT_3D('',#2540,#2541,#2542);
#2540 = CARTESIAN_POINT('',(17.517534346311,-48.14160364849,
    11.693631561279));
#2541 = DIRECTION('',(-0.866025403784,-0.500000000001,-0.));
#2542 = DIRECTION('',(0.,0.,-1.));
#2543 = ORIENTED_EDGE('',*,*,#2544,.T.);
#2544 = EDGE_CURVE('',#2536,#1268,#2545,.T.);
#2545 = LINE('',#2546,#2547);
#2546 = CARTESIAN_POINT('',(20.662548976116,-53.58892877784,8.345));
#2547 = VECTOR('',#2548,1.);
#2548 = DIRECTION('',(0.,-0.,-1.));
#2549 = ORIENTED_EDGE('',*,*,#1275,.F.);
#2550 = ORIENTED_EDGE('',*,*,#2494,.F.);
#2551 = PLANE('',#2552);
#2552 = AXIS2_PLACEMENT_3D('',#2553,#2554,#2555);
#2553 = CARTESIAN_POINT('',(20.662548976116,-53.58892877784,8.345));
#2554 = DIRECTION('',(-0.866025403784,-0.500000000001,0.));
#2555 = DIRECTION('',(0.500000000001,-0.866025403784,0.));
#2556 = ADVANCED_FACE('',(#2557),#2576,.F.);
#2557 = FACE_BOUND('',#2558,.F.);
#2558 = EDGE_LOOP('',(#2559,#2568,#2569,#2570));
#2559 = ORIENTED_EDGE('',*,*,#2560,.F.);
#2560 = EDGE_CURVE('',#2511,#2561,#2563,.T.);
#2561 = VERTEX_POINT('',#2562);
#2562 = CARTESIAN_POINT('',(6.978146845974,-52.87175965139,
    7.363504542384));
#2563 = HYPERBOLA('',#2564,2.358356201066,4.084792762617);
#2564 = AXIS2_PLACEMENT_3D('',#2565,#2566,#2567);
#2565 = CARTESIAN_POINT('',(10.675333281245,-47.78301908526,
    11.693631561279));
#2566 = DIRECTION('',(0.809016994375,-0.587785252292,0.));
#2567 = DIRECTION('',(0.,0.,-1.));
#2568 = ORIENTED_EDGE('',*,*,#2521,.T.);
#2569 = ORIENTED_EDGE('',*,*,#659,.F.);
#2570 = ORIENTED_EDGE('',*,*,#2571,.F.);
#2571 = EDGE_CURVE('',#2561,#660,#2572,.T.);
#2572 = LINE('',#2573,#2574);
#2573 = CARTESIAN_POINT('',(6.978146845974,-52.87175965139,8.345));
#2574 = VECTOR('',#2575,1.);
#2575 = DIRECTION('',(-0.,0.,-1.));
#2576 = PLANE('',#2577);
#2577 = AXIS2_PLACEMENT_3D('',#2578,#2579,#2580);
#2578 = CARTESIAN_POINT('',(6.51671229731,-53.50686982165,8.345));
#2579 = DIRECTION('',(0.809016994375,-0.587785252292,0.));
#2580 = DIRECTION('',(0.587785252292,0.809016994375,0.));
#2581 = ADVANCED_FACE('',(#2582),#2601,.F.);
#2582 = FACE_BOUND('',#2583,.F.);
#2583 = EDGE_LOOP('',(#2584,#2593,#2599,#2600));
#2584 = ORIENTED_EDGE('',*,*,#2585,.F.);
#2585 = EDGE_CURVE('',#2586,#2536,#2588,.T.);
#2586 = VERTEX_POINT('',#2587);
#2587 = CARTESIAN_POINT('',(21.443287792096,-53.50686982165,
    6.976919159151));
#2588 = HYPERBOLA('',#2589,2.358356201066,4.084792762617);
#2589 = AXIS2_PLACEMENT_3D('',#2590,#2591,#2592);
#2590 = CARTESIAN_POINT('',(14.406977154949,-54.24641587026,
    11.693631561279));
#2591 = DIRECTION('',(-0.104528463268,0.994521895368,0.));
#2592 = DIRECTION('',(0.,0.,-1.));
#2593 = ORIENTED_EDGE('',*,*,#2594,.T.);
#2594 = EDGE_CURVE('',#2586,#1260,#2595,.T.);
#2595 = LINE('',#2596,#2597);
#2596 = CARTESIAN_POINT('',(21.443287792096,-53.50686982165,8.345));
#2597 = VECTOR('',#2598,1.);
#2598 = DIRECTION('',(0.,-0.,-1.));
#2599 = ORIENTED_EDGE('',*,*,#1267,.F.);
#2600 = ORIENTED_EDGE('',*,*,#2544,.F.);
#2601 = PLANE('',#2602);
#2602 = AXIS2_PLACEMENT_3D('',#2603,#2604,#2605);
#2603 = CARTESIAN_POINT('',(21.443287792096,-53.50686982165,8.345));
#2604 = DIRECTION('',(-0.104528463268,0.994521895368,0.));
#2605 = DIRECTION('',(-0.994521895368,-0.104528463268,0.));
#2606 = ADVANCED_FACE('',(#2607),#2626,.F.);
#2607 = FACE_BOUND('',#2608,.F.);
#2608 = EDGE_LOOP('',(#2609,#2618,#2619,#2620));
#2609 = ORIENTED_EDGE('',*,*,#2610,.F.);
#2610 = EDGE_CURVE('',#2561,#2611,#2613,.T.);
#2611 = VERTEX_POINT('',#2612);
#2612 = CARTESIAN_POINT('',(6.210262495507,-52.70854079409,
    6.976919159151));
#2613 = HYPERBOLA('',#2614,2.358356201059,4.084792762605);
#2614 = AXIS2_PLACEMENT_3D('',#2615,#2616,#2617);
#2615 = CARTESIAN_POINT('',(13.130723874795,-54.17953027004,
    11.693631561279));
#2616 = DIRECTION('',(0.207911690816,0.978147600734,0.));
#2617 = DIRECTION('',(0.,0.,-1.));
#2618 = ORIENTED_EDGE('',*,*,#2571,.T.);
#2619 = ORIENTED_EDGE('',*,*,#667,.F.);
#2620 = ORIENTED_EDGE('',*,*,#2621,.F.);
#2621 = EDGE_CURVE('',#2611,#668,#2622,.T.);
#2622 = LINE('',#2623,#2624);
#2623 = CARTESIAN_POINT('',(6.210262495507,-52.70854079409,8.345));
#2624 = VECTOR('',#2625,1.);
#2625 = DIRECTION('',(-0.,0.,-1.));
#2626 = PLANE('',#2627);
#2627 = AXIS2_PLACEMENT_3D('',#2628,#2629,#2630);
#2628 = CARTESIAN_POINT('',(6.978146845974,-52.87175965139,8.345));
#2629 = DIRECTION('',(0.207911690816,0.978147600734,0.));
#2630 = DIRECTION('',(-0.978147600734,0.207911690816,0.));
#2631 = ADVANCED_FACE('',(#2632),#2651,.F.);
#2632 = FACE_BOUND('',#2633,.F.);
#2633 = EDGE_LOOP('',(#2634,#2643,#2649,#2650));
#2634 = ORIENTED_EDGE('',*,*,#2635,.F.);
#2635 = EDGE_CURVE('',#2636,#2586,#2638,.T.);
#2636 = VERTEX_POINT('',#2637);
#2637 = CARTESIAN_POINT('',(20.981853243432,-52.87175965139,
    7.363504542384));
#2638 = HYPERBOLA('',#2639,2.358356201059,4.084792762605);
#2639 = AXIS2_PLACEMENT_3D('',#2640,#2641,#2642);
#2640 = CARTESIAN_POINT('',(17.284666808147,-47.78301908526,
    11.693631561279));
#2641 = DIRECTION('',(-0.809016994374,-0.587785252294,-0.));
#2642 = DIRECTION('',(0.,0.,-1.));
#2643 = ORIENTED_EDGE('',*,*,#2644,.T.);
#2644 = EDGE_CURVE('',#2636,#1252,#2645,.T.);
#2645 = LINE('',#2646,#2647);
#2646 = CARTESIAN_POINT('',(20.981853243432,-52.87175965139,8.345));
#2647 = VECTOR('',#2648,1.);
#2648 = DIRECTION('',(0.,-0.,-1.));
#2649 = ORIENTED_EDGE('',*,*,#1259,.F.);
#2650 = ORIENTED_EDGE('',*,*,#2594,.F.);
#2651 = PLANE('',#2652);
#2652 = AXIS2_PLACEMENT_3D('',#2653,#2654,#2655);
#2653 = CARTESIAN_POINT('',(20.981853243432,-52.87175965139,8.345));
#2654 = DIRECTION('',(-0.809016994374,-0.587785252294,0.));
#2655 = DIRECTION('',(0.587785252294,-0.809016994374,0.));
#2656 = ADVANCED_FACE('',(#2657),#2676,.F.);
#2657 = FACE_BOUND('',#2658,.F.);
#2658 = EDGE_LOOP('',(#2659,#2668,#2669,#2670));
#2659 = ORIENTED_EDGE('',*,*,#2660,.F.);
#2660 = EDGE_CURVE('',#2611,#2661,#2663,.T.);
#2661 = VERTEX_POINT('',#2662);
#2662 = CARTESIAN_POINT('',(6.735556347535,-52.12514286807,
    7.363504542384));
#2663 = HYPERBOLA('',#2664,2.358356201066,4.084792762617);
#2664 = AXIS2_PLACEMENT_3D('',#2665,#2666,#2667);
#2665 = CARTESIAN_POINT('',(10.944407440015,-47.4507401717,
    11.693631561279));
#2666 = DIRECTION('',(0.743144825478,-0.669130606358,0.));
#2667 = DIRECTION('',(0.,0.,-1.));
#2668 = ORIENTED_EDGE('',*,*,#2621,.T.);
#2669 = ORIENTED_EDGE('',*,*,#675,.F.);
#2670 = ORIENTED_EDGE('',*,*,#2671,.F.);
#2671 = EDGE_CURVE('',#2661,#676,#2672,.T.);
#2672 = LINE('',#2673,#2674);
#2673 = CARTESIAN_POINT('',(6.735556347535,-52.12514286807,8.345));
#2674 = VECTOR('',#2675,1.);
#2675 = DIRECTION('',(-0.,0.,-1.));
#2676 = PLANE('',#2677);
#2677 = AXIS2_PLACEMENT_3D('',#2678,#2679,#2680);
#2678 = CARTESIAN_POINT('',(6.210262495507,-52.70854079409,8.345));
#2679 = DIRECTION('',(0.743144825478,-0.669130606358,0.));
#2680 = DIRECTION('',(0.669130606358,0.743144825478,0.));
#2681 = ADVANCED_FACE('',(#2682),#2701,.F.);
#2682 = FACE_BOUND('',#2683,.F.);
#2683 = EDGE_LOOP('',(#2684,#2693,#2699,#2700));
#2684 = ORIENTED_EDGE('',*,*,#2685,.F.);
#2685 = EDGE_CURVE('',#2686,#2636,#2688,.T.);
#2686 = VERTEX_POINT('',#2687);
#2687 = CARTESIAN_POINT('',(21.7497375939,-52.70854079409,6.976919159151
    ));
#2688 = HYPERBOLA('',#2689,2.358356201066,4.084792762617);
#2689 = AXIS2_PLACEMENT_3D('',#2690,#2691,#2692);
#2690 = CARTESIAN_POINT('',(14.829276214621,-54.17953027005,
    11.693631561279));
#2691 = DIRECTION('',(-0.207911690818,0.978147600734,0.));
#2692 = DIRECTION('',(0.,0.,-1.));
#2693 = ORIENTED_EDGE('',*,*,#2694,.T.);
#2694 = EDGE_CURVE('',#2686,#1244,#2695,.T.);
#2695 = LINE('',#2696,#2697);
#2696 = CARTESIAN_POINT('',(21.7497375939,-52.70854079409,8.345));
#2697 = VECTOR('',#2698,1.);
#2698 = DIRECTION('',(0.,-0.,-1.));
#2699 = ORIENTED_EDGE('',*,*,#1251,.F.);
#2700 = ORIENTED_EDGE('',*,*,#2644,.F.);
#2701 = PLANE('',#2702);
#2702 = AXIS2_PLACEMENT_3D('',#2703,#2704,#2705);
#2703 = CARTESIAN_POINT('',(21.7497375939,-52.70854079409,8.345));
#2704 = DIRECTION('',(-0.207911690818,0.978147600734,0.));
#2705 = DIRECTION('',(-0.978147600734,-0.207911690818,0.));
#2706 = ADVANCED_FACE('',(#2707),#2726,.F.);
#2707 = FACE_BOUND('',#2708,.F.);
#2708 = EDGE_LOOP('',(#2709,#2718,#2719,#2720));
#2709 = ORIENTED_EDGE('',*,*,#2710,.F.);
#2710 = EDGE_CURVE('',#2661,#2711,#2713,.T.);
#2711 = VERTEX_POINT('',#2712);
#2712 = CARTESIAN_POINT('',(5.988939564214,-51.88255236963,
    6.976919159151));
#2713 = HYPERBOLA('',#2714,2.358356201059,4.084792762605);
#2714 = AXIS2_PLACEMENT_3D('',#2715,#2716,#2717);
#2715 = CARTESIAN_POINT('',(12.717729662563,-54.06886880439,
    11.693631561279));
#2716 = DIRECTION('',(0.309016994374,0.951056516296,0.));
#2717 = DIRECTION('',(0.,0.,-1.));
#2718 = ORIENTED_EDGE('',*,*,#2671,.T.);
#2719 = ORIENTED_EDGE('',*,*,#683,.F.);
#2720 = ORIENTED_EDGE('',*,*,#2721,.F.);
#2721 = EDGE_CURVE('',#2711,#684,#2722,.T.);
#2722 = LINE('',#2723,#2724);
#2723 = CARTESIAN_POINT('',(5.988939564214,-51.88255236963,8.345));
#2724 = VECTOR('',#2725,1.);
#2725 = DIRECTION('',(-0.,0.,-1.));
#2726 = PLANE('',#2727);
#2727 = AXIS2_PLACEMENT_3D('',#2728,#2729,#2730);
#2728 = CARTESIAN_POINT('',(6.735556347535,-52.12514286807,8.345));
#2729 = DIRECTION('',(0.309016994374,0.951056516296,0.));
#2730 = DIRECTION('',(-0.951056516296,0.309016994374,0.));
#2731 = ADVANCED_FACE('',(#2732),#2751,.F.);
#2732 = FACE_BOUND('',#2733,.F.);
#2733 = EDGE_LOOP('',(#2734,#2743,#2749,#2750));
#2734 = ORIENTED_EDGE('',*,*,#2735,.F.);
#2735 = EDGE_CURVE('',#2736,#2686,#2738,.T.);
#2736 = VERTEX_POINT('',#2737);
#2737 = CARTESIAN_POINT('',(21.224443741871,-52.12514286807,
    7.363504542384));
#2738 = HYPERBOLA('',#2739,2.358356201059,4.084792762605);
#2739 = AXIS2_PLACEMENT_3D('',#2740,#2741,#2742);
#2740 = CARTESIAN_POINT('',(17.015592649377,-47.4507401717,
    11.693631561279));
#2741 = DIRECTION('',(-0.743144825477,-0.66913060636,-0.));
#2742 = DIRECTION('',(0.,0.,-1.));
#2743 = ORIENTED_EDGE('',*,*,#2744,.T.);
#2744 = EDGE_CURVE('',#2736,#1236,#2745,.T.);
#2745 = LINE('',#2746,#2747);
#2746 = CARTESIAN_POINT('',(21.224443741871,-52.12514286807,8.345));
#2747 = VECTOR('',#2748,1.);
#2748 = DIRECTION('',(0.,-0.,-1.));
#2749 = ORIENTED_EDGE('',*,*,#1243,.F.);
#2750 = ORIENTED_EDGE('',*,*,#2694,.F.);
#2751 = PLANE('',#2752);
#2752 = AXIS2_PLACEMENT_3D('',#2753,#2754,#2755);
#2753 = CARTESIAN_POINT('',(21.224443741871,-52.12514286807,8.345));
#2754 = DIRECTION('',(-0.743144825477,-0.66913060636,0.));
#2755 = DIRECTION('',(0.66913060636,-0.743144825477,0.));
#2756 = ADVANCED_FACE('',(#2757),#2776,.F.);
#2757 = FACE_BOUND('',#2758,.F.);
#2758 = EDGE_LOOP('',(#2759,#2768,#2769,#2770));
#2759 = ORIENTED_EDGE('',*,*,#2760,.F.);
#2760 = EDGE_CURVE('',#2711,#2761,#2763,.T.);
#2761 = VERTEX_POINT('',#2762);
#2762 = CARTESIAN_POINT('',(6.572337490239,-51.3572585176,7.363504542384
    ));
#2763 = HYPERBOLA('',#2764,2.358356201066,4.084792762617);
#2764 = AXIS2_PLACEMENT_3D('',#2765,#2766,#2767);
#2765 = CARTESIAN_POINT('',(11.246740186601,-47.14840742511,
    11.693631561279));
#2766 = DIRECTION('',(0.669130606359,-0.743144825477,0.));
#2767 = DIRECTION('',(0.,0.,-1.));
#2768 = ORIENTED_EDGE('',*,*,#2721,.T.);
#2769 = ORIENTED_EDGE('',*,*,#691,.F.);
#2770 = ORIENTED_EDGE('',*,*,#2771,.F.);
#2771 = EDGE_CURVE('',#2761,#692,#2772,.T.);
#2772 = LINE('',#2773,#2774);
#2773 = CARTESIAN_POINT('',(6.572337490239,-51.3572585176,8.345));
#2774 = VECTOR('',#2775,1.);
#2775 = DIRECTION('',(-0.,0.,-1.));
#2776 = PLANE('',#2777);
#2777 = AXIS2_PLACEMENT_3D('',#2778,#2779,#2780);
#2778 = CARTESIAN_POINT('',(5.988939564214,-51.88255236963,8.345));
#2779 = DIRECTION('',(0.669130606359,-0.743144825477,0.));
#2780 = DIRECTION('',(0.743144825477,0.669130606359,0.));
#2781 = ADVANCED_FACE('',(#2782),#2801,.F.);
#2782 = FACE_BOUND('',#2783,.F.);
#2783 = EDGE_LOOP('',(#2784,#2793,#2799,#2800));
#2784 = ORIENTED_EDGE('',*,*,#2785,.F.);
#2785 = EDGE_CURVE('',#2786,#2736,#2788,.T.);
#2786 = VERTEX_POINT('',#2787);
#2787 = CARTESIAN_POINT('',(21.971060525193,-51.88255236963,
    6.976919159151));
#2788 = HYPERBOLA('',#2789,2.358356201066,4.084792762617);
#2789 = AXIS2_PLACEMENT_3D('',#2790,#2791,#2792);
#2790 = CARTESIAN_POINT('',(15.242270426854,-54.0688688044,
    11.693631561279));
#2791 = DIRECTION('',(-0.309016994376,0.951056516295,0.));
#2792 = DIRECTION('',(0.,0.,-1.));
#2793 = ORIENTED_EDGE('',*,*,#2794,.T.);
#2794 = EDGE_CURVE('',#2786,#1228,#2795,.T.);
#2795 = LINE('',#2796,#2797);
#2796 = CARTESIAN_POINT('',(21.971060525193,-51.88255236963,8.345));
#2797 = VECTOR('',#2798,1.);
#2798 = DIRECTION('',(0.,-0.,-1.));
#2799 = ORIENTED_EDGE('',*,*,#1235,.F.);
#2800 = ORIENTED_EDGE('',*,*,#2744,.F.);
#2801 = PLANE('',#2802);
#2802 = AXIS2_PLACEMENT_3D('',#2803,#2804,#2805);
#2803 = CARTESIAN_POINT('',(21.971060525193,-51.88255236963,8.345));
#2804 = DIRECTION('',(-0.309016994376,0.951056516295,0.));
#2805 = DIRECTION('',(-0.951056516295,-0.309016994376,0.));
#2806 = ADVANCED_FACE('',(#2807),#2826,.F.);
#2807 = FACE_BOUND('',#2808,.F.);
#2808 = EDGE_LOOP('',(#2809,#2818,#2819,#2820));
#2809 = ORIENTED_EDGE('',*,*,#2810,.F.);
#2810 = EDGE_CURVE('',#2761,#2811,#2813,.T.);
#2811 = VERTEX_POINT('',#2812);
#2812 = CARTESIAN_POINT('',(5.855168363782,-51.03795425028,
    6.976919159151));
#2813 = HYPERBOLA('',#2814,2.358356201059,4.084792762605);
#2814 = AXIS2_PLACEMENT_3D('',#2815,#2816,#2817);
#2815 = CARTESIAN_POINT('',(12.318565148786,-53.91564390349,
    11.693631561279));
#2816 = DIRECTION('',(0.406736643075,0.913545457643,0.));
#2817 = DIRECTION('',(0.,0.,-1.));
#2818 = ORIENTED_EDGE('',*,*,#2771,.T.);
#2819 = ORIENTED_EDGE('',*,*,#699,.F.);
#2820 = ORIENTED_EDGE('',*,*,#2821,.F.);
#2821 = EDGE_CURVE('',#2811,#700,#2822,.T.);
#2822 = LINE('',#2823,#2824);
#2823 = CARTESIAN_POINT('',(5.855168363782,-51.03795425028,8.345));
#2824 = VECTOR('',#2825,1.);
#2825 = DIRECTION('',(-0.,0.,-1.));
#2826 = PLANE('',#2827);
#2827 = AXIS2_PLACEMENT_3D('',#2828,#2829,#2830);
#2828 = CARTESIAN_POINT('',(6.572337490239,-51.3572585176,8.345));
#2829 = DIRECTION('',(0.406736643075,0.913545457643,0.));
#2830 = DIRECTION('',(-0.913545457643,0.406736643075,0.));
#2831 = ADVANCED_FACE('',(#2832),#2851,.F.);
#2832 = FACE_BOUND('',#2833,.F.);
#2833 = EDGE_LOOP('',(#2834,#2843,#2849,#2850));
#2834 = ORIENTED_EDGE('',*,*,#2835,.F.);
#2835 = EDGE_CURVE('',#2836,#2786,#2838,.T.);
#2836 = VERTEX_POINT('',#2837);
#2837 = CARTESIAN_POINT('',(21.387662599167,-51.3572585176,
    7.363504542384));
#2838 = HYPERBOLA('',#2839,2.358356201059,4.084792762605);
#2839 = AXIS2_PLACEMENT_3D('',#2840,#2841,#2842);
#2840 = CARTESIAN_POINT('',(16.713259902791,-47.14840742512,
    11.693631561279));
#2841 = DIRECTION('',(-0.669130606358,-0.743144825478,-0.));
#2842 = DIRECTION('',(0.,0.,-1.));
#2843 = ORIENTED_EDGE('',*,*,#2844,.T.);
#2844 = EDGE_CURVE('',#2836,#1220,#2845,.T.);
#2845 = LINE('',#2846,#2847);
#2846 = CARTESIAN_POINT('',(21.387662599167,-51.3572585176,8.345));
#2847 = VECTOR('',#2848,1.);
#2848 = DIRECTION('',(0.,-0.,-1.));
#2849 = ORIENTED_EDGE('',*,*,#1227,.F.);
#2850 = ORIENTED_EDGE('',*,*,#2794,.F.);
#2851 = PLANE('',#2852);
#2852 = AXIS2_PLACEMENT_3D('',#2853,#2854,#2855);
#2853 = CARTESIAN_POINT('',(21.387662599167,-51.3572585176,8.345));
#2854 = DIRECTION('',(-0.669130606358,-0.743144825478,0.));
#2855 = DIRECTION('',(0.743144825478,-0.669130606358,0.));
#2856 = ADVANCED_FACE('',(#2857),#2876,.F.);
#2857 = FACE_BOUND('',#2858,.F.);
#2858 = EDGE_LOOP('',(#2859,#2868,#2869,#2870));
#2859 = ORIENTED_EDGE('',*,*,#2860,.F.);
#2860 = EDGE_CURVE('',#2811,#2861,#2863,.T.);
#2861 = VERTEX_POINT('',#2862);
#2862 = CARTESIAN_POINT('',(6.490278534044,-50.57651970162,
    7.363504542384));
#2863 = HYPERBOLA('',#2864,2.358356201066,4.084792762617);
#2864 = AXIS2_PLACEMENT_3D('',#2865,#2866,#2867);
#2865 = CARTESIAN_POINT('',(11.579019100164,-46.87933326634,
    11.693631561279));
#2866 = DIRECTION('',(0.587785252293,-0.809016994375,0.));
#2867 = DIRECTION('',(0.,0.,-1.));
#2868 = ORIENTED_EDGE('',*,*,#2821,.T.);
#2869 = ORIENTED_EDGE('',*,*,#707,.F.);
#2870 = ORIENTED_EDGE('',*,*,#2871,.F.);
#2871 = EDGE_CURVE('',#2861,#708,#2872,.T.);
#2872 = LINE('',#2873,#2874);
#2873 = CARTESIAN_POINT('',(6.490278534044,-50.57651970162,8.345));
#2874 = VECTOR('',#2875,1.);
#2875 = DIRECTION('',(-0.,0.,-1.));
#2876 = PLANE('',#2877);
#2877 = AXIS2_PLACEMENT_3D('',#2878,#2879,#2880);
#2878 = CARTESIAN_POINT('',(5.855168363782,-51.03795425028,8.345));
#2879 = DIRECTION('',(0.587785252293,-0.809016994375,0.));
#2880 = DIRECTION('',(0.809016994375,0.587785252293,0.));
#2881 = ADVANCED_FACE('',(#2882),#2901,.F.);
#2882 = FACE_BOUND('',#2883,.F.);
#2883 = EDGE_LOOP('',(#2884,#2893,#2899,#2900));
#2884 = ORIENTED_EDGE('',*,*,#2885,.F.);
#2885 = EDGE_CURVE('',#2886,#2836,#2888,.T.);
#2886 = VERTEX_POINT('',#2887);
#2887 = CARTESIAN_POINT('',(22.104831725624,-51.03795425028,
    6.976919159151));
#2888 = HYPERBOLA('',#2889,2.358356201066,4.084792762617);
#2889 = AXIS2_PLACEMENT_3D('',#2890,#2891,#2892);
#2890 = CARTESIAN_POINT('',(15.641434940632,-53.9156439035,
    11.693631561279));
#2891 = DIRECTION('',(-0.406736643076,0.913545457642,0.));
#2892 = DIRECTION('',(0.,0.,-1.));
#2893 = ORIENTED_EDGE('',*,*,#2894,.T.);
#2894 = EDGE_CURVE('',#2886,#1212,#2895,.T.);
#2895 = LINE('',#2896,#2897);
#2896 = CARTESIAN_POINT('',(22.104831725624,-51.03795425028,8.345));
#2897 = VECTOR('',#2898,1.);
#2898 = DIRECTION('',(0.,-0.,-1.));
#2899 = ORIENTED_EDGE('',*,*,#1219,.F.);
#2900 = ORIENTED_EDGE('',*,*,#2844,.F.);
#2901 = PLANE('',#2902);
#2902 = AXIS2_PLACEMENT_3D('',#2903,#2904,#2905);
#2903 = CARTESIAN_POINT('',(22.104831725624,-51.03795425028,8.345));
#2904 = DIRECTION('',(-0.406736643076,0.913545457642,0.));
#2905 = DIRECTION('',(-0.913545457642,-0.406736643076,0.));
#2906 = ADVANCED_FACE('',(#2907),#2926,.F.);
#2907 = FACE_BOUND('',#2908,.F.);
#2908 = EDGE_LOOP('',(#2909,#2918,#2919,#2920));
#2909 = ORIENTED_EDGE('',*,*,#2910,.F.);
#2910 = EDGE_CURVE('',#2861,#2911,#2913,.T.);
#2911 = VERTEX_POINT('',#2912);
#2912 = CARTESIAN_POINT('',(5.810414519477,-50.1840000298,6.976919159151
    ));
#2913 = HYPERBOLA('',#2914,2.358356201059,4.084792762605);
#2914 = AXIS2_PLACEMENT_3D('',#2915,#2916,#2917);
#2915 = CARTESIAN_POINT('',(11.937603663405,-53.72153433141,
    11.693631561279));
#2916 = DIRECTION('',(0.499999999999,0.866025403785,0.));
#2917 = DIRECTION('',(0.,0.,-1.));
#2918 = ORIENTED_EDGE('',*,*,#2871,.T.);
#2919 = ORIENTED_EDGE('',*,*,#715,.F.);
#2920 = ORIENTED_EDGE('',*,*,#2921,.F.);
#2921 = EDGE_CURVE('',#2911,#716,#2922,.T.);
#2922 = LINE('',#2923,#2924);
#2923 = CARTESIAN_POINT('',(5.810414519477,-50.1840000298,8.345));
#2924 = VECTOR('',#2925,1.);
#2925 = DIRECTION('',(-0.,0.,-1.));
#2926 = PLANE('',#2927);
#2927 = AXIS2_PLACEMENT_3D('',#2928,#2929,#2930);
#2928 = CARTESIAN_POINT('',(6.490278534044,-50.57651970162,8.345));
#2929 = DIRECTION('',(0.499999999999,0.866025403785,0.));
#2930 = DIRECTION('',(-0.866025403785,0.499999999999,0.));
#2931 = ADVANCED_FACE('',(#2932),#2951,.F.);
#2932 = FACE_BOUND('',#2933,.F.);
#2933 = EDGE_LOOP('',(#2934,#2943,#2949,#2950));
#2934 = ORIENTED_EDGE('',*,*,#2935,.F.);
#2935 = EDGE_CURVE('',#2936,#2886,#2938,.T.);
#2936 = VERTEX_POINT('',#2937);
#2937 = CARTESIAN_POINT('',(21.469721555362,-50.57651970162,
    7.363504542384));
#2938 = HYPERBOLA('',#2939,2.358356201059,4.084792762605);
#2939 = AXIS2_PLACEMENT_3D('',#2940,#2941,#2942);
#2940 = CARTESIAN_POINT('',(16.380980989229,-46.87933326635,
    11.693631561279));
#2941 = DIRECTION('',(-0.587785252291,-0.809016994376,-0.));
#2942 = DIRECTION('',(0.,0.,-1.));
#2943 = ORIENTED_EDGE('',*,*,#2944,.T.);
#2944 = EDGE_CURVE('',#2936,#1204,#2945,.T.);
#2945 = LINE('',#2946,#2947);
#2946 = CARTESIAN_POINT('',(21.469721555362,-50.57651970162,8.345));
#2947 = VECTOR('',#2948,1.);
#2948 = DIRECTION('',(0.,-0.,-1.));
#2949 = ORIENTED_EDGE('',*,*,#1211,.F.);
#2950 = ORIENTED_EDGE('',*,*,#2894,.F.);
#2951 = PLANE('',#2952);
#2952 = AXIS2_PLACEMENT_3D('',#2953,#2954,#2955);
#2953 = CARTESIAN_POINT('',(21.469721555362,-50.57651970162,8.345));
#2954 = DIRECTION('',(-0.587785252291,-0.809016994376,0.));
#2955 = DIRECTION('',(0.809016994376,-0.587785252291,0.));
#2956 = ADVANCED_FACE('',(#2957),#2976,.F.);
#2957 = FACE_BOUND('',#2958,.F.);
#2958 = EDGE_LOOP('',(#2959,#2968,#2969,#2970));
#2959 = ORIENTED_EDGE('',*,*,#2960,.F.);
#2960 = EDGE_CURVE('',#2911,#2961,#2963,.T.);
#2961 = VERTEX_POINT('',#2962);
#2962 = CARTESIAN_POINT('',(6.490278534044,-49.79148035798,
    7.363504542384));
#2963 = HYPERBOLA('',#2964,2.358356201066,4.084792762617);
#2964 = AXIS2_PLACEMENT_3D('',#2965,#2966,#2967);
#2965 = CARTESIAN_POINT('',(11.937603663392,-46.64646572818,
    11.693631561279));
#2966 = DIRECTION('',(0.500000000001,-0.866025403784,0.));
#2967 = DIRECTION('',(0.,0.,-1.));
#2968 = ORIENTED_EDGE('',*,*,#2921,.T.);
#2969 = ORIENTED_EDGE('',*,*,#723,.F.);
#2970 = ORIENTED_EDGE('',*,*,#2971,.F.);
#2971 = EDGE_CURVE('',#2961,#724,#2972,.T.);
#2972 = LINE('',#2973,#2974);
#2973 = CARTESIAN_POINT('',(6.490278534044,-49.79148035798,8.345));
#2974 = VECTOR('',#2975,1.);
#2975 = DIRECTION('',(0.,0.,-1.));
#2976 = PLANE('',#2977);
#2977 = AXIS2_PLACEMENT_3D('',#2978,#2979,#2980);
#2978 = CARTESIAN_POINT('',(5.810414519477,-50.1840000298,8.345));
#2979 = DIRECTION('',(0.500000000001,-0.866025403784,0.));
#2980 = DIRECTION('',(0.866025403784,0.500000000001,0.));
#2981 = ADVANCED_FACE('',(#2982),#3001,.F.);
#2982 = FACE_BOUND('',#2983,.F.);
#2983 = EDGE_LOOP('',(#2984,#2993,#2999,#3000));
#2984 = ORIENTED_EDGE('',*,*,#2985,.F.);
#2985 = EDGE_CURVE('',#2986,#2936,#2988,.T.);
#2986 = VERTEX_POINT('',#2987);
#2987 = CARTESIAN_POINT('',(22.149585569929,-50.1840000298,
    6.976919159151));
#2988 = HYPERBOLA('',#2989,2.358356201066,4.084792762617);
#2989 = AXIS2_PLACEMENT_3D('',#2990,#2991,#2992);
#2990 = CARTESIAN_POINT('',(16.022396426014,-53.72153433142,
    11.693631561279));
#2991 = DIRECTION('',(-0.500000000001,0.866025403784,0.));
#2992 = DIRECTION('',(0.,0.,-1.));
#2993 = ORIENTED_EDGE('',*,*,#2994,.T.);
#2994 = EDGE_CURVE('',#2986,#1196,#2995,.T.);
#2995 = LINE('',#2996,#2997);
#2996 = CARTESIAN_POINT('',(22.149585569929,-50.1840000298,8.345));
#2997 = VECTOR('',#2998,1.);
#2998 = DIRECTION('',(0.,-0.,-1.));
#2999 = ORIENTED_EDGE('',*,*,#1203,.F.);
#3000 = ORIENTED_EDGE('',*,*,#2944,.F.);
#3001 = PLANE('',#3002);
#3002 = AXIS2_PLACEMENT_3D('',#3003,#3004,#3005);
#3003 = CARTESIAN_POINT('',(22.149585569929,-50.1840000298,8.345));
#3004 = DIRECTION('',(-0.500000000001,0.866025403784,0.));
#3005 = DIRECTION('',(-0.866025403784,-0.500000000001,0.));
#3006 = ADVANCED_FACE('',(#3007),#3026,.F.);
#3007 = FACE_BOUND('',#3008,.F.);
#3008 = EDGE_LOOP('',(#3009,#3018,#3019,#3020));
#3009 = ORIENTED_EDGE('',*,*,#3010,.F.);
#3010 = EDGE_CURVE('',#2961,#3011,#3013,.T.);
#3011 = VERTEX_POINT('',#3012);
#3012 = CARTESIAN_POINT('',(5.855168363782,-49.33004580931,
    6.976919159151));
#3013 = HYPERBOLA('',#3014,2.358356201059,4.084792762605);
#3014 = AXIS2_PLACEMENT_3D('',#3015,#3016,#3017);
#3015 = CARTESIAN_POINT('',(11.579019100177,-53.48866679325,
    11.693631561279));
#3016 = DIRECTION('',(0.587785252291,0.809016994376,0.));
#3017 = DIRECTION('',(0.,0.,-1.));
#3018 = ORIENTED_EDGE('',*,*,#2971,.T.);
#3019 = ORIENTED_EDGE('',*,*,#731,.F.);
#3020 = ORIENTED_EDGE('',*,*,#3021,.F.);
#3021 = EDGE_CURVE('',#3011,#732,#3022,.T.);
#3022 = LINE('',#3023,#3024);
#3023 = CARTESIAN_POINT('',(5.855168363782,-49.33004580931,8.345));
#3024 = VECTOR('',#3025,1.);
#3025 = DIRECTION('',(0.,0.,-1.));
#3026 = PLANE('',#3027);
#3027 = AXIS2_PLACEMENT_3D('',#3028,#3029,#3030);
#3028 = CARTESIAN_POINT('',(6.490278534044,-49.79148035798,8.345));
#3029 = DIRECTION('',(0.587785252291,0.809016994376,0.));
#3030 = DIRECTION('',(-0.809016994376,0.587785252291,0.));
#3031 = ADVANCED_FACE('',(#3032),#3051,.F.);
#3032 = FACE_BOUND('',#3033,.F.);
#3033 = EDGE_LOOP('',(#3034,#3043,#3049,#3050));
#3034 = ORIENTED_EDGE('',*,*,#3035,.F.);
#3035 = EDGE_CURVE('',#3036,#2986,#3038,.T.);
#3036 = VERTEX_POINT('',#3037);
#3037 = CARTESIAN_POINT('',(21.469721555362,-49.79148035798,
    7.363504542384));
#3038 = HYPERBOLA('',#3039,2.358356201059,4.084792762605);
#3039 = AXIS2_PLACEMENT_3D('',#3040,#3041,#3042);
#3040 = CARTESIAN_POINT('',(16.022396426001,-46.64646572818,
    11.693631561279));
#3041 = DIRECTION('',(-0.499999999999,-0.866025403785,-0.));
#3042 = DIRECTION('',(0.,0.,-1.));
#3043 = ORIENTED_EDGE('',*,*,#3044,.T.);
#3044 = EDGE_CURVE('',#3036,#1188,#3045,.T.);
#3045 = LINE('',#3046,#3047);
#3046 = CARTESIAN_POINT('',(21.469721555362,-49.79148035798,8.345));
#3047 = VECTOR('',#3048,1.);
#3048 = DIRECTION('',(0.,-0.,-1.));
#3049 = ORIENTED_EDGE('',*,*,#1195,.F.);
#3050 = ORIENTED_EDGE('',*,*,#2994,.F.);
#3051 = PLANE('',#3052);
#3052 = AXIS2_PLACEMENT_3D('',#3053,#3054,#3055);
#3053 = CARTESIAN_POINT('',(21.469721555362,-49.79148035798,8.345));
#3054 = DIRECTION('',(-0.499999999999,-0.866025403785,0.));
#3055 = DIRECTION('',(0.866025403785,-0.499999999999,0.));
#3056 = ADVANCED_FACE('',(#3057),#3076,.F.);
#3057 = FACE_BOUND('',#3058,.F.);
#3058 = EDGE_LOOP('',(#3059,#3068,#3069,#3070));
#3059 = ORIENTED_EDGE('',*,*,#3060,.F.);
#3060 = EDGE_CURVE('',#3011,#3061,#3063,.T.);
#3061 = VERTEX_POINT('',#3062);
#3062 = CARTESIAN_POINT('',(6.572337490239,-49.010741542,7.363504542384)
  );
#3063 = HYPERBOLA('',#3064,2.358356201066,4.084792762617);
#3064 = AXIS2_PLACEMENT_3D('',#3065,#3066,#3067);
#3065 = CARTESIAN_POINT('',(12.318565148774,-46.4523561561,
    11.693631561279));
#3066 = DIRECTION('',(0.406736643076,-0.913545457642,0.));
#3067 = DIRECTION('',(0.,0.,-1.));
#3068 = ORIENTED_EDGE('',*,*,#3021,.T.);
#3069 = ORIENTED_EDGE('',*,*,#739,.F.);
#3070 = ORIENTED_EDGE('',*,*,#3071,.F.);
#3071 = EDGE_CURVE('',#3061,#740,#3072,.T.);
#3072 = LINE('',#3073,#3074);
#3073 = CARTESIAN_POINT('',(6.572337490239,-49.010741542,8.345));
#3074 = VECTOR('',#3075,1.);
#3075 = DIRECTION('',(0.,0.,-1.));
#3076 = PLANE('',#3077);
#3077 = AXIS2_PLACEMENT_3D('',#3078,#3079,#3080);
#3078 = CARTESIAN_POINT('',(5.855168363782,-49.33004580931,8.345));
#3079 = DIRECTION('',(0.406736643076,-0.913545457642,0.));
#3080 = DIRECTION('',(0.913545457642,0.406736643076,0.));
#3081 = ADVANCED_FACE('',(#3082),#3101,.F.);
#3082 = FACE_BOUND('',#3083,.F.);
#3083 = EDGE_LOOP('',(#3084,#3093,#3099,#3100));
#3084 = ORIENTED_EDGE('',*,*,#3085,.F.);
#3085 = EDGE_CURVE('',#3086,#3036,#3088,.T.);
#3086 = VERTEX_POINT('',#3087);
#3087 = CARTESIAN_POINT('',(22.104831725624,-49.33004580931,
    6.976919159151));
#3088 = HYPERBOLA('',#3089,2.358356201066,4.084792762617);
#3089 = AXIS2_PLACEMENT_3D('',#3090,#3091,#3092);
#3090 = CARTESIAN_POINT('',(16.380980989242,-53.48866679325,
    11.693631561279));
#3091 = DIRECTION('',(-0.587785252293,0.809016994375,0.));
#3092 = DIRECTION('',(0.,0.,-1.));
#3093 = ORIENTED_EDGE('',*,*,#3094,.T.);
#3094 = EDGE_CURVE('',#3086,#1180,#3095,.T.);
#3095 = LINE('',#3096,#3097);
#3096 = CARTESIAN_POINT('',(22.104831725624,-49.33004580931,8.345));
#3097 = VECTOR('',#3098,1.);
#3098 = DIRECTION('',(0.,0.,-1.));
#3099 = ORIENTED_EDGE('',*,*,#1187,.F.);
#3100 = ORIENTED_EDGE('',*,*,#3044,.F.);
#3101 = PLANE('',#3102);
#3102 = AXIS2_PLACEMENT_3D('',#3103,#3104,#3105);
#3103 = CARTESIAN_POINT('',(22.104831725624,-49.33004580931,8.345));
#3104 = DIRECTION('',(-0.587785252293,0.809016994375,0.));
#3105 = DIRECTION('',(-0.809016994375,-0.587785252293,0.));
#3106 = ADVANCED_FACE('',(#3107),#3126,.F.);
#3107 = FACE_BOUND('',#3108,.F.);
#3108 = EDGE_LOOP('',(#3109,#3118,#3119,#3120));
#3109 = ORIENTED_EDGE('',*,*,#3110,.F.);
#3110 = EDGE_CURVE('',#3061,#3111,#3113,.T.);
#3111 = VERTEX_POINT('',#3112);
#3112 = CARTESIAN_POINT('',(5.988939564213,-48.48544768997,
    6.976919159151));
#3113 = HYPERBOLA('',#3114,2.358356201059,4.084792762605);
#3114 = AXIS2_PLACEMENT_3D('',#3115,#3116,#3117);
#3115 = CARTESIAN_POINT('',(11.246740186615,-53.21959263448,
    11.693631561279));
#3116 = DIRECTION('',(0.669130606358,0.743144825478,0.));
#3117 = DIRECTION('',(0.,0.,-1.));
#3118 = ORIENTED_EDGE('',*,*,#3071,.T.);
#3119 = ORIENTED_EDGE('',*,*,#747,.F.);
#3120 = ORIENTED_EDGE('',*,*,#3121,.F.);
#3121 = EDGE_CURVE('',#3111,#748,#3122,.T.);
#3122 = LINE('',#3123,#3124);
#3123 = CARTESIAN_POINT('',(5.988939564213,-48.48544768997,8.345));
#3124 = VECTOR('',#3125,1.);
#3125 = DIRECTION('',(0.,0.,-1.));
#3126 = PLANE('',#3127);
#3127 = AXIS2_PLACEMENT_3D('',#3128,#3129,#3130);
#3128 = CARTESIAN_POINT('',(6.572337490239,-49.010741542,8.345));
#3129 = DIRECTION('',(0.669130606358,0.743144825478,0.));
#3130 = DIRECTION('',(-0.743144825478,0.669130606358,0.));
#3131 = ADVANCED_FACE('',(#3132),#3151,.F.);
#3132 = FACE_BOUND('',#3133,.F.);
#3133 = EDGE_LOOP('',(#3134,#3143,#3149,#3150));
#3134 = ORIENTED_EDGE('',*,*,#3135,.F.);
#3135 = EDGE_CURVE('',#3136,#3086,#3138,.T.);
#3136 = VERTEX_POINT('',#3137);
#3137 = CARTESIAN_POINT('',(21.387662599167,-49.010741542,7.363504542384
    ));
#3138 = HYPERBOLA('',#3139,2.358356201059,4.084792762605);
#3139 = AXIS2_PLACEMENT_3D('',#3140,#3141,#3142);
#3140 = CARTESIAN_POINT('',(15.64143494062,-46.45235615611,
    11.693631561279));
#3141 = DIRECTION('',(-0.406736643075,-0.913545457643,-0.));
#3142 = DIRECTION('',(0.,0.,-1.));
#3143 = ORIENTED_EDGE('',*,*,#3144,.T.);
#3144 = EDGE_CURVE('',#3136,#1172,#3145,.T.);
#3145 = LINE('',#3146,#3147);
#3146 = CARTESIAN_POINT('',(21.387662599167,-49.010741542,8.345));
#3147 = VECTOR('',#3148,1.);
#3148 = DIRECTION('',(0.,0.,-1.));
#3149 = ORIENTED_EDGE('',*,*,#1179,.F.);
#3150 = ORIENTED_EDGE('',*,*,#3094,.F.);
#3151 = PLANE('',#3152);
#3152 = AXIS2_PLACEMENT_3D('',#3153,#3154,#3155);
#3153 = CARTESIAN_POINT('',(21.387662599167,-49.010741542,8.345));
#3154 = DIRECTION('',(-0.406736643075,-0.913545457643,0.));
#3155 = DIRECTION('',(0.913545457643,-0.406736643075,0.));
#3156 = ADVANCED_FACE('',(#3157),#3176,.F.);
#3157 = FACE_BOUND('',#3158,.F.);
#3158 = EDGE_LOOP('',(#3159,#3168,#3169,#3170));
#3159 = ORIENTED_EDGE('',*,*,#3160,.F.);
#3160 = EDGE_CURVE('',#3111,#3161,#3163,.T.);
#3161 = VERTEX_POINT('',#3162);
#3162 = CARTESIAN_POINT('',(6.735556347535,-48.24285719153,
    7.363504542384));
#3163 = HYPERBOLA('',#3164,2.358356201066,4.084792762617);
#3164 = AXIS2_PLACEMENT_3D('',#3165,#3166,#3167);
#3165 = CARTESIAN_POINT('',(12.717729662552,-46.2991312552,
    11.693631561279));
#3166 = DIRECTION('',(0.309016994376,-0.951056516295,0.));
#3167 = DIRECTION('',(0.,0.,-1.));
#3168 = ORIENTED_EDGE('',*,*,#3121,.T.);
#3169 = ORIENTED_EDGE('',*,*,#755,.F.);
#3170 = ORIENTED_EDGE('',*,*,#3171,.F.);
#3171 = EDGE_CURVE('',#3161,#756,#3172,.T.);
#3172 = LINE('',#3173,#3174);
#3173 = CARTESIAN_POINT('',(6.735556347535,-48.24285719153,8.345));
#3174 = VECTOR('',#3175,1.);
#3175 = DIRECTION('',(0.,0.,-1.));
#3176 = PLANE('',#3177);
#3177 = AXIS2_PLACEMENT_3D('',#3178,#3179,#3180);
#3178 = CARTESIAN_POINT('',(5.988939564213,-48.48544768997,8.345));
#3179 = DIRECTION('',(0.309016994376,-0.951056516295,0.));
#3180 = DIRECTION('',(0.951056516295,0.309016994376,0.));
#3181 = ADVANCED_FACE('',(#3182),#3201,.F.);
#3182 = FACE_BOUND('',#3183,.F.);
#3183 = EDGE_LOOP('',(#3184,#3193,#3199,#3200));
#3184 = ORIENTED_EDGE('',*,*,#3185,.F.);
#3185 = EDGE_CURVE('',#3186,#3136,#3188,.T.);
#3186 = VERTEX_POINT('',#3187);
#3187 = CARTESIAN_POINT('',(21.971060525192,-48.48544768997,
    6.976919159151));
#3188 = HYPERBOLA('',#3189,2.358356201066,4.084792762617);
#3189 = AXIS2_PLACEMENT_3D('',#3190,#3191,#3192);
#3190 = CARTESIAN_POINT('',(16.713259902805,-53.21959263448,
    11.693631561279));
#3191 = DIRECTION('',(-0.669130606359,0.743144825477,0.));
#3192 = DIRECTION('',(0.,0.,-1.));
#3193 = ORIENTED_EDGE('',*,*,#3194,.T.);
#3194 = EDGE_CURVE('',#3186,#1164,#3195,.T.);
#3195 = LINE('',#3196,#3197);
#3196 = CARTESIAN_POINT('',(21.971060525192,-48.48544768997,8.345));
#3197 = VECTOR('',#3198,1.);
#3198 = DIRECTION('',(0.,0.,-1.));
#3199 = ORIENTED_EDGE('',*,*,#1171,.F.);
#3200 = ORIENTED_EDGE('',*,*,#3144,.F.);
#3201 = PLANE('',#3202);
#3202 = AXIS2_PLACEMENT_3D('',#3203,#3204,#3205);
#3203 = CARTESIAN_POINT('',(21.971060525192,-48.48544768997,8.345));
#3204 = DIRECTION('',(-0.669130606359,0.743144825477,0.));
#3205 = DIRECTION('',(-0.743144825477,-0.669130606359,0.));
#3206 = ADVANCED_FACE('',(#3207),#3226,.F.);
#3207 = FACE_BOUND('',#3208,.F.);
#3208 = EDGE_LOOP('',(#3209,#3218,#3219,#3220));
#3209 = ORIENTED_EDGE('',*,*,#3210,.F.);
#3210 = EDGE_CURVE('',#3161,#3211,#3213,.T.);
#3211 = VERTEX_POINT('',#3212);
#3212 = CARTESIAN_POINT('',(6.210262495506,-47.6594592655,6.976919159151
    ));
#3213 = HYPERBOLA('',#3214,2.358356201059,4.084792762605);
#3214 = AXIS2_PLACEMENT_3D('',#3215,#3216,#3217);
#3215 = CARTESIAN_POINT('',(10.94440744003,-52.91725988789,
    11.693631561279));
#3216 = DIRECTION('',(0.743144825477,0.66913060636,0.));
#3217 = DIRECTION('',(0.,0.,-1.));
#3218 = ORIENTED_EDGE('',*,*,#3171,.T.);
#3219 = ORIENTED_EDGE('',*,*,#763,.F.);
#3220 = ORIENTED_EDGE('',*,*,#3221,.F.);
#3221 = EDGE_CURVE('',#3211,#764,#3222,.T.);
#3222 = LINE('',#3223,#3224);
#3223 = CARTESIAN_POINT('',(6.210262495506,-47.6594592655,8.345));
#3224 = VECTOR('',#3225,1.);
#3225 = DIRECTION('',(0.,0.,-1.));
#3226 = PLANE('',#3227);
#3227 = AXIS2_PLACEMENT_3D('',#3228,#3229,#3230);
#3228 = CARTESIAN_POINT('',(6.735556347535,-48.24285719153,8.345));
#3229 = DIRECTION('',(0.743144825477,0.66913060636,0.));
#3230 = DIRECTION('',(-0.66913060636,0.743144825477,0.));
#3231 = ADVANCED_FACE('',(#3232),#3251,.F.);
#3232 = FACE_BOUND('',#3233,.F.);
#3233 = EDGE_LOOP('',(#3234,#3243,#3249,#3250));
#3234 = ORIENTED_EDGE('',*,*,#3235,.F.);
#3235 = EDGE_CURVE('',#3236,#3186,#3238,.T.);
#3236 = VERTEX_POINT('',#3237);
#3237 = CARTESIAN_POINT('',(21.224443741871,-48.24285719153,
    7.363504542384));
#3238 = HYPERBOLA('',#3239,2.358356201059,4.084792762605);
#3239 = AXIS2_PLACEMENT_3D('',#3240,#3241,#3242);
#3240 = CARTESIAN_POINT('',(15.242270426843,-46.29913125521,
    11.693631561279));
#3241 = DIRECTION('',(-0.309016994374,-0.951056516296,-0.));
#3242 = DIRECTION('',(0.,0.,-1.));
#3243 = ORIENTED_EDGE('',*,*,#3244,.T.);
#3244 = EDGE_CURVE('',#3236,#1156,#3245,.T.);
#3245 = LINE('',#3246,#3247);
#3246 = CARTESIAN_POINT('',(21.224443741871,-48.24285719153,8.345));
#3247 = VECTOR('',#3248,1.);
#3248 = DIRECTION('',(0.,0.,-1.));
#3249 = ORIENTED_EDGE('',*,*,#1163,.F.);
#3250 = ORIENTED_EDGE('',*,*,#3194,.F.);
#3251 = PLANE('',#3252);
#3252 = AXIS2_PLACEMENT_3D('',#3253,#3254,#3255);
#3253 = CARTESIAN_POINT('',(21.224443741871,-48.24285719153,8.345));
#3254 = DIRECTION('',(-0.309016994374,-0.951056516296,0.));
#3255 = DIRECTION('',(0.951056516296,-0.309016994374,0.));
#3256 = ADVANCED_FACE('',(#3257),#3276,.F.);
#3257 = FACE_BOUND('',#3258,.F.);
#3258 = EDGE_LOOP('',(#3259,#3268,#3269,#3270));
#3259 = ORIENTED_EDGE('',*,*,#3260,.F.);
#3260 = EDGE_CURVE('',#3211,#3261,#3263,.T.);
#3261 = VERTEX_POINT('',#3262);
#3262 = CARTESIAN_POINT('',(6.978146845974,-47.49624040821,
    7.363504542384));
#3263 = HYPERBOLA('',#3264,2.358356201066,4.084792762617);
#3264 = AXIS2_PLACEMENT_3D('',#3265,#3266,#3267);
#3265 = CARTESIAN_POINT('',(13.130723874785,-46.18846978955,
    11.693631561279));
#3266 = DIRECTION('',(0.207911690818,-0.978147600734,0.));
#3267 = DIRECTION('',(0.,0.,-1.));
#3268 = ORIENTED_EDGE('',*,*,#3221,.T.);
#3269 = ORIENTED_EDGE('',*,*,#771,.F.);
#3270 = ORIENTED_EDGE('',*,*,#3271,.F.);
#3271 = EDGE_CURVE('',#3261,#772,#3272,.T.);
#3272 = LINE('',#3273,#3274);
#3273 = CARTESIAN_POINT('',(6.978146845974,-47.49624040821,8.345));
#3274 = VECTOR('',#3275,1.);
#3275 = DIRECTION('',(0.,0.,-1.));
#3276 = PLANE('',#3277);
#3277 = AXIS2_PLACEMENT_3D('',#3278,#3279,#3280);
#3278 = CARTESIAN_POINT('',(6.210262495506,-47.6594592655,8.345));
#3279 = DIRECTION('',(0.207911690818,-0.978147600734,0.));
#3280 = DIRECTION('',(0.978147600734,0.207911690818,0.));
#3281 = ADVANCED_FACE('',(#3282),#3301,.F.);
#3282 = FACE_BOUND('',#3283,.F.);
#3283 = EDGE_LOOP('',(#3284,#3293,#3299,#3300));
#3284 = ORIENTED_EDGE('',*,*,#3285,.F.);
#3285 = EDGE_CURVE('',#3286,#3236,#3288,.T.);
#3286 = VERTEX_POINT('',#3287);
#3287 = CARTESIAN_POINT('',(21.749737593899,-47.6594592655,
    6.976919159151));
#3288 = HYPERBOLA('',#3289,2.358356201066,4.084792762617);
#3289 = AXIS2_PLACEMENT_3D('',#3290,#3291,#3292);
#3290 = CARTESIAN_POINT('',(17.015592649391,-52.9172598879,
    11.693631561279));
#3291 = DIRECTION('',(-0.743144825478,0.669130606358,0.));
#3292 = DIRECTION('',(0.,0.,-1.));
#3293 = ORIENTED_EDGE('',*,*,#3294,.T.);
#3294 = EDGE_CURVE('',#3286,#1148,#3295,.T.);
#3295 = LINE('',#3296,#3297);
#3296 = CARTESIAN_POINT('',(21.749737593899,-47.6594592655,8.345));
#3297 = VECTOR('',#3298,1.);
#3298 = DIRECTION('',(0.,0.,-1.));
#3299 = ORIENTED_EDGE('',*,*,#1155,.F.);
#3300 = ORIENTED_EDGE('',*,*,#3244,.F.);
#3301 = PLANE('',#3302);
#3302 = AXIS2_PLACEMENT_3D('',#3303,#3304,#3305);
#3303 = CARTESIAN_POINT('',(21.749737593899,-47.6594592655,8.345));
#3304 = DIRECTION('',(-0.743144825478,0.669130606358,0.));
#3305 = DIRECTION('',(-0.669130606358,-0.743144825478,0.));
#3306 = ADVANCED_FACE('',(#3307),#3326,.F.);
#3307 = FACE_BOUND('',#3308,.F.);
#3308 = EDGE_LOOP('',(#3309,#3318,#3319,#3320));
#3309 = ORIENTED_EDGE('',*,*,#3310,.F.);
#3310 = EDGE_CURVE('',#3261,#3311,#3313,.T.);
#3311 = VERTEX_POINT('',#3312);
#3312 = CARTESIAN_POINT('',(6.51671229731,-46.86113023795,6.976919159151
    ));
#3313 = HYPERBOLA('',#3314,2.358356201059,4.084792762605);
#3314 = AXIS2_PLACEMENT_3D('',#3315,#3316,#3317);
#3315 = CARTESIAN_POINT('',(10.675333281259,-52.58498097433,
    11.693631561279));
#3316 = DIRECTION('',(0.809016994374,0.587785252294,0.));
#3317 = DIRECTION('',(0.,0.,-1.));
#3318 = ORIENTED_EDGE('',*,*,#3271,.T.);
#3319 = ORIENTED_EDGE('',*,*,#779,.F.);
#3320 = ORIENTED_EDGE('',*,*,#3321,.F.);
#3321 = EDGE_CURVE('',#3311,#780,#3322,.T.);
#3322 = LINE('',#3323,#3324);
#3323 = CARTESIAN_POINT('',(6.51671229731,-46.86113023795,8.345));
#3324 = VECTOR('',#3325,1.);
#3325 = DIRECTION('',(0.,0.,-1.));
#3326 = PLANE('',#3327);
#3327 = AXIS2_PLACEMENT_3D('',#3328,#3329,#3330);
#3328 = CARTESIAN_POINT('',(6.978146845974,-47.49624040821,8.345));
#3329 = DIRECTION('',(0.809016994374,0.587785252294,0.));
#3330 = DIRECTION('',(-0.587785252294,0.809016994374,0.));
#3331 = ADVANCED_FACE('',(#3332),#3351,.F.);
#3332 = FACE_BOUND('',#3333,.F.);
#3333 = EDGE_LOOP('',(#3334,#3343,#3349,#3350));
#3334 = ORIENTED_EDGE('',*,*,#3335,.F.);
#3335 = EDGE_CURVE('',#3336,#3286,#3338,.T.);
#3336 = VERTEX_POINT('',#3337);
#3337 = CARTESIAN_POINT('',(20.981853243432,-47.49624040821,
    7.363504542384));
#3338 = HYPERBOLA('',#3339,2.358356201059,4.084792762605);
#3339 = AXIS2_PLACEMENT_3D('',#3340,#3341,#3342);
#3340 = CARTESIAN_POINT('',(14.829276214611,-46.18846978956,
    11.693631561279));
#3341 = DIRECTION('',(-0.207911690816,-0.978147600734,-0.));
#3342 = DIRECTION('',(0.,0.,-1.));
#3343 = ORIENTED_EDGE('',*,*,#3344,.T.);
#3344 = EDGE_CURVE('',#3336,#1140,#3345,.T.);
#3345 = LINE('',#3346,#3347);
#3346 = CARTESIAN_POINT('',(20.981853243432,-47.49624040821,8.345));
#3347 = VECTOR('',#3348,1.);
#3348 = DIRECTION('',(0.,0.,-1.));
#3349 = ORIENTED_EDGE('',*,*,#1147,.F.);
#3350 = ORIENTED_EDGE('',*,*,#3294,.F.);
#3351 = PLANE('',#3352);
#3352 = AXIS2_PLACEMENT_3D('',#3353,#3354,#3355);
#3353 = CARTESIAN_POINT('',(20.981853243432,-47.49624040821,8.345));
#3354 = DIRECTION('',(-0.207911690816,-0.978147600734,0.));
#3355 = DIRECTION('',(0.978147600734,-0.207911690816,0.));
#3356 = ADVANCED_FACE('',(#3357),#3376,.F.);
#3357 = FACE_BOUND('',#3358,.F.);
#3358 = EDGE_LOOP('',(#3359,#3368,#3369,#3370));
#3359 = ORIENTED_EDGE('',*,*,#3360,.F.);
#3360 = EDGE_CURVE('',#3311,#3361,#3363,.T.);
#3361 = VERTEX_POINT('',#3362);
#3362 = CARTESIAN_POINT('',(7.29745111329,-46.77907128175,7.363504542384
    ));
#3363 = HYPERBOLA('',#3364,2.358356201066,4.084792762617);
#3364 = AXIS2_PLACEMENT_3D('',#3365,#3366,#3367);
#3365 = CARTESIAN_POINT('',(13.553022934457,-46.12158418933,
    11.693631561279));
#3366 = DIRECTION('',(0.104528463268,-0.994521895368,0.));
#3367 = DIRECTION('',(0.,0.,-1.));
#3368 = ORIENTED_EDGE('',*,*,#3321,.T.);
#3369 = ORIENTED_EDGE('',*,*,#787,.F.);
#3370 = ORIENTED_EDGE('',*,*,#3371,.F.);
#3371 = EDGE_CURVE('',#3361,#788,#3372,.T.);
#3372 = LINE('',#3373,#3374);
#3373 = CARTESIAN_POINT('',(7.29745111329,-46.77907128175,8.345));
#3374 = VECTOR('',#3375,1.);
#3375 = DIRECTION('',(0.,0.,-1.));
#3376 = PLANE('',#3377);
#3377 = AXIS2_PLACEMENT_3D('',#3378,#3379,#3380);
#3378 = CARTESIAN_POINT('',(6.51671229731,-46.86113023795,8.345));
#3379 = DIRECTION('',(0.104528463268,-0.994521895368,0.));
#3380 = DIRECTION('',(0.994521895368,0.104528463268,0.));
#3381 = ADVANCED_FACE('',(#3382),#3401,.F.);
#3382 = FACE_BOUND('',#3383,.F.);
#3383 = EDGE_LOOP('',(#3384,#3393,#3399,#3400));
#3384 = ORIENTED_EDGE('',*,*,#3385,.F.);
#3385 = EDGE_CURVE('',#3386,#3336,#3388,.T.);
#3386 = VERTEX_POINT('',#3387);
#3387 = CARTESIAN_POINT('',(21.443287792096,-46.86113023795,
    6.976919159151));
#3388 = HYPERBOLA('',#3389,2.358356201066,4.084792762617);
#3389 = AXIS2_PLACEMENT_3D('',#3390,#3391,#3392);
#3390 = CARTESIAN_POINT('',(17.284666808161,-52.58498097433,
    11.693631561279));
#3391 = DIRECTION('',(-0.809016994375,0.587785252292,0.));
#3392 = DIRECTION('',(0.,0.,-1.));
#3393 = ORIENTED_EDGE('',*,*,#3394,.T.);
#3394 = EDGE_CURVE('',#3386,#1132,#3395,.T.);
#3395 = LINE('',#3396,#3397);
#3396 = CARTESIAN_POINT('',(21.443287792096,-46.86113023795,8.345));
#3397 = VECTOR('',#3398,1.);
#3398 = DIRECTION('',(0.,0.,-1.));
#3399 = ORIENTED_EDGE('',*,*,#1139,.F.);
#3400 = ORIENTED_EDGE('',*,*,#3344,.F.);
#3401 = PLANE('',#3402);
#3402 = AXIS2_PLACEMENT_3D('',#3403,#3404,#3405);
#3403 = CARTESIAN_POINT('',(21.443287792096,-46.86113023795,8.345));
#3404 = DIRECTION('',(-0.809016994375,0.587785252292,0.));
#3405 = DIRECTION('',(-0.587785252292,-0.809016994375,0.));
#3406 = ADVANCED_FACE('',(#3407),#3426,.F.);
#3407 = FACE_BOUND('',#3408,.F.);
#3408 = EDGE_LOOP('',(#3409,#3418,#3419,#3420));
#3409 = ORIENTED_EDGE('',*,*,#3410,.F.);
#3410 = EDGE_CURVE('',#3361,#3411,#3413,.T.);
#3411 = VERTEX_POINT('',#3412);
#3412 = CARTESIAN_POINT('',(6.904931441467,-46.09920726719,
    6.976919159151));
#3413 = HYPERBOLA('',#3414,2.358356201059,4.084792762605);
#3414 = AXIS2_PLACEMENT_3D('',#3415,#3416,#3417);
#3415 = CARTESIAN_POINT('',(10.442465743095,-52.2263964111,
    11.693631561279));
#3416 = DIRECTION('',(0.866025403784,0.500000000001,0.));
#3417 = DIRECTION('',(0.,0.,-1.));
#3418 = ORIENTED_EDGE('',*,*,#3371,.T.);
#3419 = ORIENTED_EDGE('',*,*,#795,.F.);
#3420 = ORIENTED_EDGE('',*,*,#3421,.F.);
#3421 = EDGE_CURVE('',#3411,#796,#3422,.T.);
#3422 = LINE('',#3423,#3424);
#3423 = CARTESIAN_POINT('',(6.904931441467,-46.09920726719,8.345));
#3424 = VECTOR('',#3425,1.);
#3425 = DIRECTION('',(0.,0.,-1.));
#3426 = PLANE('',#3427);
#3427 = AXIS2_PLACEMENT_3D('',#3428,#3429,#3430);
#3428 = CARTESIAN_POINT('',(7.29745111329,-46.77907128175,8.345));
#3429 = DIRECTION('',(0.866025403784,0.500000000001,0.));
#3430 = DIRECTION('',(-0.500000000001,0.866025403784,0.));
#3431 = ADVANCED_FACE('',(#3432),#3451,.F.);
#3432 = FACE_BOUND('',#3433,.F.);
#3433 = EDGE_LOOP('',(#3434,#3443,#3449,#3450));
#3434 = ORIENTED_EDGE('',*,*,#3435,.F.);
#3435 = EDGE_CURVE('',#3436,#3386,#3438,.T.);
#3436 = VERTEX_POINT('',#3437);
#3437 = CARTESIAN_POINT('',(20.662548976116,-46.77907128175,
    7.363504542384));
#3438 = HYPERBOLA('',#3439,2.358356201059,4.084792762605);
#3439 = AXIS2_PLACEMENT_3D('',#3440,#3441,#3442);
#3440 = CARTESIAN_POINT('',(14.40697715494,-46.12158418934,
    11.693631561279));
#3441 = DIRECTION('',(-0.104528463266,-0.994521895368,-0.));
#3442 = DIRECTION('',(0.,0.,-1.));
#3443 = ORIENTED_EDGE('',*,*,#3444,.T.);
#3444 = EDGE_CURVE('',#3436,#1124,#3445,.T.);
#3445 = LINE('',#3446,#3447);
#3446 = CARTESIAN_POINT('',(20.662548976116,-46.77907128175,8.345));
#3447 = VECTOR('',#3448,1.);
#3448 = DIRECTION('',(0.,0.,-1.));
#3449 = ORIENTED_EDGE('',*,*,#1131,.F.);
#3450 = ORIENTED_EDGE('',*,*,#3394,.F.);
#3451 = PLANE('',#3452);
#3452 = AXIS2_PLACEMENT_3D('',#3453,#3454,#3455);
#3453 = CARTESIAN_POINT('',(20.662548976116,-46.77907128175,8.345));
#3454 = DIRECTION('',(-0.104528463266,-0.994521895368,0.));
#3455 = DIRECTION('',(0.994521895368,-0.104528463266,0.));
#3456 = ADVANCED_FACE('',(#3457),#3476,.F.);
#3457 = FACE_BOUND('',#3458,.F.);
#3458 = EDGE_LOOP('',(#3459,#3468,#3469,#3470));
#3459 = ORIENTED_EDGE('',*,*,#3460,.F.);
#3460 = EDGE_CURVE('',#3411,#3461,#3463,.T.);
#3461 = VERTEX_POINT('',#3462);
#3462 = CARTESIAN_POINT('',(7.689970785112,-46.09920726718,
    7.363504542384));
#3463 = HYPERBOLA('',#3464,2.358356201066,4.084792762617);
#3464 = AXIS2_PLACEMENT_3D('',#3465,#3466,#3467);
#3465 = CARTESIAN_POINT('',(13.9800000447,-46.09920726718,
    11.693631561279));
#3466 = DIRECTION('',(6.4093E-13,-1.,0.));
#3467 = DIRECTION('',(0.,0.,-1.));
#3468 = ORIENTED_EDGE('',*,*,#3421,.T.);
#3469 = ORIENTED_EDGE('',*,*,#803,.F.);
#3470 = ORIENTED_EDGE('',*,*,#3471,.F.);
#3471 = EDGE_CURVE('',#3461,#804,#3472,.T.);
#3472 = LINE('',#3473,#3474);
#3473 = CARTESIAN_POINT('',(7.689970785112,-46.09920726718,8.345));
#3474 = VECTOR('',#3475,1.);
#3475 = DIRECTION('',(0.,0.,-1.));
#3476 = PLANE('',#3477);
#3477 = AXIS2_PLACEMENT_3D('',#3478,#3479,#3480);
#3478 = CARTESIAN_POINT('',(6.904931441467,-46.09920726719,8.345));
#3479 = DIRECTION('',(6.410982855698E-13,-1.,0.));
#3480 = DIRECTION('',(1.,6.410982855698E-13,0.));
#3481 = ADVANCED_FACE('',(#3482),#3501,.F.);
#3482 = FACE_BOUND('',#3483,.F.);
#3483 = EDGE_LOOP('',(#3484,#3493,#3499,#3500));
#3484 = ORIENTED_EDGE('',*,*,#3485,.F.);
#3485 = EDGE_CURVE('',#3486,#3436,#3488,.T.);
#3486 = VERTEX_POINT('',#3487);
#3487 = CARTESIAN_POINT('',(21.055068647938,-46.09920726718,
    6.976919159151));
#3488 = HYPERBOLA('',#3489,2.358356201066,4.084792762617);
#3489 = AXIS2_PLACEMENT_3D('',#3490,#3491,#3492);
#3490 = CARTESIAN_POINT('',(17.517534346325,-52.2263964111,
    11.693631561279));
#3491 = DIRECTION('',(-0.866025403785,0.499999999999,0.));
#3492 = DIRECTION('',(0.,0.,-1.));
#3493 = ORIENTED_EDGE('',*,*,#3494,.T.);
#3494 = EDGE_CURVE('',#3486,#1116,#3495,.T.);
#3495 = LINE('',#3496,#3497);
#3496 = CARTESIAN_POINT('',(21.055068647938,-46.09920726718,8.345));
#3497 = VECTOR('',#3498,1.);
#3498 = DIRECTION('',(0.,0.,-1.));
#3499 = ORIENTED_EDGE('',*,*,#1123,.F.);
#3500 = ORIENTED_EDGE('',*,*,#3444,.F.);
#3501 = PLANE('',#3502);
#3502 = AXIS2_PLACEMENT_3D('',#3503,#3504,#3505);
#3503 = CARTESIAN_POINT('',(21.055068647938,-46.09920726718,8.345));
#3504 = DIRECTION('',(-0.866025403785,0.499999999999,0.));
#3505 = DIRECTION('',(-0.499999999999,-0.866025403785,0.));
#3506 = ADVANCED_FACE('',(#3507),#3526,.F.);
#3507 = FACE_BOUND('',#3508,.F.);
#3508 = EDGE_LOOP('',(#3509,#3518,#3519,#3520));
#3509 = ORIENTED_EDGE('',*,*,#3510,.F.);
#3510 = EDGE_CURVE('',#3461,#3511,#3513,.T.);
#3511 = VERTEX_POINT('',#3512);
#3512 = CARTESIAN_POINT('',(7.370666517795,-45.38203814073,
    6.976919159151));
#3513 = HYPERBOLA('',#3514,2.358356201059,4.084792762605);
#3514 = AXIS2_PLACEMENT_3D('',#3515,#3516,#3517);
#3515 = CARTESIAN_POINT('',(10.248356171016,-51.84543492572,
    11.693631561279));
#3516 = DIRECTION('',(0.913545457642,0.406736643077,0.));
#3517 = DIRECTION('',(0.,0.,-1.));
#3518 = ORIENTED_EDGE('',*,*,#3471,.T.);
#3519 = ORIENTED_EDGE('',*,*,#811,.F.);
#3520 = ORIENTED_EDGE('',*,*,#3521,.F.);
#3521 = EDGE_CURVE('',#3511,#812,#3522,.T.);
#3522 = LINE('',#3523,#3524);
#3523 = CARTESIAN_POINT('',(7.370666517795,-45.38203814073,8.345));
#3524 = VECTOR('',#3525,1.);
#3525 = DIRECTION('',(0.,0.,-1.));
#3526 = PLANE('',#3527);
#3527 = AXIS2_PLACEMENT_3D('',#3528,#3529,#3530);
#3528 = CARTESIAN_POINT('',(7.689970785112,-46.09920726718,8.345));
#3529 = DIRECTION('',(0.913545457642,0.406736643077,0.));
#3530 = DIRECTION('',(-0.406736643077,0.913545457642,0.));
#3531 = ADVANCED_FACE('',(#3532),#3551,.F.);
#3532 = FACE_BOUND('',#3533,.F.);
#3533 = EDGE_LOOP('',(#3534,#3543,#3549,#3550));
#3534 = ORIENTED_EDGE('',*,*,#3535,.F.);
#3535 = EDGE_CURVE('',#3536,#3486,#3538,.T.);
#3536 = VERTEX_POINT('',#3537);
#3537 = CARTESIAN_POINT('',(20.270029304294,-46.09920726718,
    7.363504542384));
#3538 = HYPERBOLA('',#3539,2.358356201059,4.084792762605);
#3539 = AXIS2_PLACEMENT_3D('',#3540,#3541,#3542);
#3540 = CARTESIAN_POINT('',(13.980000044698,-46.09920726719,
    11.693631561279));
#3541 = DIRECTION('',(1.30035E-12,-1.,0.));
#3542 = DIRECTION('',(0.,0.,-1.));
#3543 = ORIENTED_EDGE('',*,*,#3544,.T.);
#3544 = EDGE_CURVE('',#3536,#1108,#3545,.T.);
#3545 = LINE('',#3546,#3547);
#3546 = CARTESIAN_POINT('',(20.270029304294,-46.09920726718,8.345));
#3547 = VECTOR('',#3548,1.);
#3548 = DIRECTION('',(0.,0.,-1.));
#3549 = ORIENTED_EDGE('',*,*,#1115,.F.);
#3550 = ORIENTED_EDGE('',*,*,#3494,.F.);
#3551 = PLANE('',#3552);
#3552 = AXIS2_PLACEMENT_3D('',#3553,#3554,#3555);
#3553 = CARTESIAN_POINT('',(20.270029304294,-46.09920726718,8.345));
#3554 = DIRECTION('',(1.300348717592E-12,-1.,0.));
#3555 = DIRECTION('',(1.,1.300348717592E-12,0.));
#3556 = ADVANCED_FACE('',(#3557),#3576,.F.);
#3557 = FACE_BOUND('',#3558,.F.);
#3558 = EDGE_LOOP('',(#3559,#3568,#3569,#3570));
#3559 = ORIENTED_EDGE('',*,*,#3560,.F.);
#3560 = EDGE_CURVE('',#3511,#3561,#3563,.T.);
#3561 = VERTEX_POINT('',#3562);
#3562 = CARTESIAN_POINT('',(8.151405333776,-45.46409709692,
    7.363504542384));
#3563 = HYPERBOLA('',#3564,2.358356201066,4.084792762617);
#3564 = AXIS2_PLACEMENT_3D('',#3565,#3566,#3567);
#3565 = CARTESIAN_POINT('',(14.406977154944,-46.12158418933,
    11.693631561279));
#3566 = DIRECTION('',(-0.104528463267,-0.994521895368,-0.));
#3567 = DIRECTION('',(0.,0.,-1.));
#3568 = ORIENTED_EDGE('',*,*,#3521,.T.);
#3569 = ORIENTED_EDGE('',*,*,#819,.F.);
#3570 = ORIENTED_EDGE('',*,*,#3571,.F.);
#3571 = EDGE_CURVE('',#3561,#820,#3572,.T.);
#3572 = LINE('',#3573,#3574);
#3573 = CARTESIAN_POINT('',(8.151405333776,-45.46409709692,8.345));
#3574 = VECTOR('',#3575,1.);
#3575 = DIRECTION('',(0.,0.,-1.));
#3576 = PLANE('',#3577);
#3577 = AXIS2_PLACEMENT_3D('',#3578,#3579,#3580);
#3578 = CARTESIAN_POINT('',(7.370666517795,-45.38203814073,8.345));
#3579 = DIRECTION('',(-0.104528463267,-0.994521895368,0.));
#3580 = DIRECTION('',(0.994521895368,-0.104528463267,0.));
#3581 = ADVANCED_FACE('',(#3582),#3601,.F.);
#3582 = FACE_BOUND('',#3583,.F.);
#3583 = EDGE_LOOP('',(#3584,#3593,#3599,#3600));
#3584 = ORIENTED_EDGE('',*,*,#3585,.F.);
#3585 = EDGE_CURVE('',#3586,#3536,#3588,.T.);
#3586 = VERTEX_POINT('',#3587);
#3587 = CARTESIAN_POINT('',(20.58933357161,-45.38203814073,
    6.976919159151));
#3588 = HYPERBOLA('',#3589,2.358356201066,4.084792762617);
#3589 = AXIS2_PLACEMENT_3D('',#3590,#3591,#3592);
#3590 = CARTESIAN_POINT('',(17.711643918404,-51.84543492572,
    11.693631561279));
#3591 = DIRECTION('',(-0.913545457643,0.406736643075,0.));
#3592 = DIRECTION('',(0.,0.,-1.));
#3593 = ORIENTED_EDGE('',*,*,#3594,.T.);
#3594 = EDGE_CURVE('',#3586,#1100,#3595,.T.);
#3595 = LINE('',#3596,#3597);
#3596 = CARTESIAN_POINT('',(20.58933357161,-45.38203814073,8.345));
#3597 = VECTOR('',#3598,1.);
#3598 = DIRECTION('',(0.,0.,-1.));
#3599 = ORIENTED_EDGE('',*,*,#1107,.F.);
#3600 = ORIENTED_EDGE('',*,*,#3544,.F.);
#3601 = PLANE('',#3602);
#3602 = AXIS2_PLACEMENT_3D('',#3603,#3604,#3605);
#3603 = CARTESIAN_POINT('',(20.58933357161,-45.38203814073,8.345));
#3604 = DIRECTION('',(-0.913545457643,0.406736643075,0.));
#3605 = DIRECTION('',(-0.406736643075,-0.913545457643,0.));
#3606 = ADVANCED_FACE('',(#3607),#3626,.F.);
#3607 = FACE_BOUND('',#3608,.F.);
#3608 = EDGE_LOOP('',(#3609,#3618,#3619,#3620));
#3609 = ORIENTED_EDGE('',*,*,#3610,.F.);
#3610 = EDGE_CURVE('',#3561,#3611,#3613,.T.);
#3611 = VERTEX_POINT('',#3612);
#3612 = CARTESIAN_POINT('',(7.908814835336,-44.7174803136,6.976919159151
    ));
#3613 = HYPERBOLA('',#3614,2.358356201059,4.084792762605);
#3614 = AXIS2_PLACEMENT_3D('',#3615,#3616,#3617);
#3615 = CARTESIAN_POINT('',(10.095131270114,-51.44627041195,
    11.693631561279));
#3616 = DIRECTION('',(0.951056516295,0.309016994376,0.));
#3617 = DIRECTION('',(0.,0.,-1.));
#3618 = ORIENTED_EDGE('',*,*,#3571,.T.);
#3619 = ORIENTED_EDGE('',*,*,#827,.F.);
#3620 = ORIENTED_EDGE('',*,*,#3621,.F.);
#3621 = EDGE_CURVE('',#3611,#828,#3622,.T.);
#3622 = LINE('',#3623,#3624);
#3623 = CARTESIAN_POINT('',(7.908814835336,-44.7174803136,8.345));
#3624 = VECTOR('',#3625,1.);
#3625 = DIRECTION('',(0.,0.,-1.));
#3626 = PLANE('',#3627);
#3627 = AXIS2_PLACEMENT_3D('',#3628,#3629,#3630);
#3628 = CARTESIAN_POINT('',(8.151405333776,-45.46409709692,8.345));
#3629 = DIRECTION('',(0.951056516295,0.309016994376,0.));
#3630 = DIRECTION('',(-0.309016994376,0.951056516295,0.));
#3631 = ADVANCED_FACE('',(#3632),#3651,.F.);
#3632 = FACE_BOUND('',#3633,.F.);
#3633 = EDGE_LOOP('',(#3634,#3643,#3649,#3650));
#3634 = ORIENTED_EDGE('',*,*,#3635,.F.);
#3635 = EDGE_CURVE('',#3636,#3586,#3638,.T.);
#3636 = VERTEX_POINT('',#3637);
#3637 = CARTESIAN_POINT('',(19.80859475563,-45.46409709692,
    7.363504542384));
#3638 = HYPERBOLA('',#3639,2.358356201059,4.084792762605);
#3639 = AXIS2_PLACEMENT_3D('',#3640,#3641,#3642);
#3640 = CARTESIAN_POINT('',(13.553022934456,-46.12158418935,
    11.693631561279));
#3641 = DIRECTION('',(0.104528463269,-0.994521895368,0.));
#3642 = DIRECTION('',(0.,0.,-1.));
#3643 = ORIENTED_EDGE('',*,*,#3644,.T.);
#3644 = EDGE_CURVE('',#3636,#1092,#3645,.T.);
#3645 = LINE('',#3646,#3647);
#3646 = CARTESIAN_POINT('',(19.80859475563,-45.46409709692,8.345));
#3647 = VECTOR('',#3648,1.);
#3648 = DIRECTION('',(0.,0.,-1.));
#3649 = ORIENTED_EDGE('',*,*,#1099,.F.);
#3650 = ORIENTED_EDGE('',*,*,#3594,.F.);
#3651 = PLANE('',#3652);
#3652 = AXIS2_PLACEMENT_3D('',#3653,#3654,#3655);
#3653 = CARTESIAN_POINT('',(19.80859475563,-45.46409709692,8.345));
#3654 = DIRECTION('',(0.104528463269,-0.994521895368,0.));
#3655 = DIRECTION('',(0.994521895368,0.104528463269,0.));
#3656 = ADVANCED_FACE('',(#3657),#3676,.F.);
#3657 = FACE_BOUND('',#3658,.F.);
#3658 = EDGE_LOOP('',(#3659,#3668,#3669,#3670));
#3659 = ORIENTED_EDGE('',*,*,#3660,.F.);
#3660 = EDGE_CURVE('',#3611,#3661,#3663,.T.);
#3661 = VERTEX_POINT('',#3662);
#3662 = CARTESIAN_POINT('',(8.676699185804,-44.8806991709,7.363504542384
    ));
#3663 = HYPERBOLA('',#3664,2.358356201066,4.084792762617);
#3664 = AXIS2_PLACEMENT_3D('',#3665,#3666,#3667);
#3665 = CARTESIAN_POINT('',(14.829276214616,-46.18846978955,
    11.693631561279));
#3666 = DIRECTION('',(-0.207911690817,-0.978147600734,-0.));
#3667 = DIRECTION('',(0.,0.,-1.));
#3668 = ORIENTED_EDGE('',*,*,#3621,.T.);
#3669 = ORIENTED_EDGE('',*,*,#835,.F.);
#3670 = ORIENTED_EDGE('',*,*,#3671,.F.);
#3671 = EDGE_CURVE('',#3661,#836,#3672,.T.);
#3672 = LINE('',#3673,#3674);
#3673 = CARTESIAN_POINT('',(8.676699185804,-44.8806991709,8.345));
#3674 = VECTOR('',#3675,1.);
#3675 = DIRECTION('',(0.,0.,-1.));
#3676 = PLANE('',#3677);
#3677 = AXIS2_PLACEMENT_3D('',#3678,#3679,#3680);
#3678 = CARTESIAN_POINT('',(7.908814835336,-44.7174803136,8.345));
#3679 = DIRECTION('',(-0.207911690817,-0.978147600734,0.));
#3680 = DIRECTION('',(0.978147600734,-0.207911690817,0.));
#3681 = ADVANCED_FACE('',(#3682),#3701,.F.);
#3682 = FACE_BOUND('',#3683,.F.);
#3683 = EDGE_LOOP('',(#3684,#3693,#3699,#3700));
#3684 = ORIENTED_EDGE('',*,*,#3685,.F.);
#3685 = EDGE_CURVE('',#3686,#3636,#3688,.T.);
#3686 = VERTEX_POINT('',#3687);
#3687 = CARTESIAN_POINT('',(20.051185254069,-44.7174803136,
    6.976919159151));
#3688 = HYPERBOLA('',#3689,2.358356201066,4.084792762617);
#3689 = AXIS2_PLACEMENT_3D('',#3690,#3691,#3692);
#3690 = CARTESIAN_POINT('',(17.864868819306,-51.44627041194,
    11.693631561279));
#3691 = DIRECTION('',(-0.951056516295,0.309016994374,0.));
#3692 = DIRECTION('',(0.,0.,-1.));
#3693 = ORIENTED_EDGE('',*,*,#3694,.T.);
#3694 = EDGE_CURVE('',#3686,#1084,#3695,.T.);
#3695 = LINE('',#3696,#3697);
#3696 = CARTESIAN_POINT('',(20.051185254069,-44.7174803136,8.345));
#3697 = VECTOR('',#3698,1.);
#3698 = DIRECTION('',(0.,0.,-1.));
#3699 = ORIENTED_EDGE('',*,*,#1091,.F.);
#3700 = ORIENTED_EDGE('',*,*,#3644,.F.);
#3701 = PLANE('',#3702);
#3702 = AXIS2_PLACEMENT_3D('',#3703,#3704,#3705);
#3703 = CARTESIAN_POINT('',(20.051185254069,-44.7174803136,8.345));
#3704 = DIRECTION('',(-0.951056516295,0.309016994374,0.));
#3705 = DIRECTION('',(-0.309016994374,-0.951056516295,0.));
#3706 = ADVANCED_FACE('',(#3707),#3726,.F.);
#3707 = FACE_BOUND('',#3708,.F.);
#3708 = EDGE_LOOP('',(#3709,#3718,#3719,#3720));
#3709 = ORIENTED_EDGE('',*,*,#3710,.F.);
#3710 = EDGE_CURVE('',#3661,#3711,#3713,.T.);
#3711 = VERTEX_POINT('',#3712);
#3712 = CARTESIAN_POINT('',(8.513480328507,-44.11281482043,
    6.976919159151));
#3713 = HYPERBOLA('',#3714,2.358356201059,4.084792762605);
#3714 = AXIS2_PLACEMENT_3D('',#3715,#3716,#3717);
#3715 = CARTESIAN_POINT('',(9.984469804468,-51.03327619972,
    11.693631561279));
#3716 = DIRECTION('',(0.978147600734,0.207911690819,0.));
#3717 = DIRECTION('',(0.,0.,-1.));
#3718 = ORIENTED_EDGE('',*,*,#3671,.T.);
#3719 = ORIENTED_EDGE('',*,*,#843,.F.);
#3720 = ORIENTED_EDGE('',*,*,#3721,.F.);
#3721 = EDGE_CURVE('',#3711,#844,#3722,.T.);
#3722 = LINE('',#3723,#3724);
#3723 = CARTESIAN_POINT('',(8.513480328507,-44.11281482043,8.345));
#3724 = VECTOR('',#3725,1.);
#3725 = DIRECTION('',(0.,0.,-1.));
#3726 = PLANE('',#3727);
#3727 = AXIS2_PLACEMENT_3D('',#3728,#3729,#3730);
#3728 = CARTESIAN_POINT('',(8.676699185804,-44.8806991709,8.345));
#3729 = DIRECTION('',(0.978147600734,0.207911690819,0.));
#3730 = DIRECTION('',(-0.207911690819,0.978147600734,0.));
#3731 = ADVANCED_FACE('',(#3732),#3751,.F.);
#3732 = FACE_BOUND('',#3733,.F.);
#3733 = EDGE_LOOP('',(#3734,#3743,#3749,#3750));
#3734 = ORIENTED_EDGE('',*,*,#3735,.F.);
#3735 = EDGE_CURVE('',#3736,#3686,#3738,.T.);
#3736 = VERTEX_POINT('',#3737);
#3737 = CARTESIAN_POINT('',(19.283300903602,-44.8806991709,
    7.363504542384));
#3738 = HYPERBOLA('',#3739,2.358356201059,4.084792762605);
#3739 = AXIS2_PLACEMENT_3D('',#3740,#3741,#3742);
#3740 = CARTESIAN_POINT('',(13.130723874785,-46.18846978956,
    11.693631561279));
#3741 = DIRECTION('',(0.207911690819,-0.978147600734,0.));
#3742 = DIRECTION('',(0.,0.,-1.));
#3743 = ORIENTED_EDGE('',*,*,#3744,.T.);
#3744 = EDGE_CURVE('',#3736,#1076,#3745,.T.);
#3745 = LINE('',#3746,#3747);
#3746 = CARTESIAN_POINT('',(19.283300903602,-44.8806991709,8.345));
#3747 = VECTOR('',#3748,1.);
#3748 = DIRECTION('',(0.,0.,-1.));
#3749 = ORIENTED_EDGE('',*,*,#1083,.F.);
#3750 = ORIENTED_EDGE('',*,*,#3694,.F.);
#3751 = PLANE('',#3752);
#3752 = AXIS2_PLACEMENT_3D('',#3753,#3754,#3755);
#3753 = CARTESIAN_POINT('',(19.283300903602,-44.8806991709,8.345));
#3754 = DIRECTION('',(0.207911690819,-0.978147600734,0.));
#3755 = DIRECTION('',(0.978147600734,0.207911690819,0.));
#3756 = ADVANCED_FACE('',(#3757),#3776,.F.);
#3757 = FACE_BOUND('',#3758,.F.);
#3758 = EDGE_LOOP('',(#3759,#3768,#3769,#3770));
#3759 = ORIENTED_EDGE('',*,*,#3760,.F.);
#3760 = EDGE_CURVE('',#3711,#3761,#3763,.T.);
#3761 = VERTEX_POINT('',#3762);
#3762 = CARTESIAN_POINT('',(9.260097111829,-44.35540531887,
    7.363504542384));
#3763 = HYPERBOLA('',#3764,2.358356201066,4.084792762617);
#3764 = AXIS2_PLACEMENT_3D('',#3765,#3766,#3767);
#3765 = CARTESIAN_POINT('',(15.242270426849,-46.29913125519,
    11.693631561279));
#3766 = DIRECTION('',(-0.309016994374,-0.951056516295,-0.));
#3767 = DIRECTION('',(0.,0.,-1.));
#3768 = ORIENTED_EDGE('',*,*,#3721,.T.);
#3769 = ORIENTED_EDGE('',*,*,#851,.F.);
#3770 = ORIENTED_EDGE('',*,*,#3771,.F.);
#3771 = EDGE_CURVE('',#3761,#852,#3772,.T.);
#3772 = LINE('',#3773,#3774);
#3773 = CARTESIAN_POINT('',(9.260097111829,-44.35540531887,8.345));
#3774 = VECTOR('',#3775,1.);
#3775 = DIRECTION('',(0.,0.,-1.));
#3776 = PLANE('',#3777);
#3777 = AXIS2_PLACEMENT_3D('',#3778,#3779,#3780);
#3778 = CARTESIAN_POINT('',(8.513480328507,-44.11281482043,8.345));
#3779 = DIRECTION('',(-0.309016994374,-0.951056516295,0.));
#3780 = DIRECTION('',(0.951056516295,-0.309016994374,0.));
#3781 = ADVANCED_FACE('',(#3782),#3801,.F.);
#3782 = FACE_BOUND('',#3783,.F.);
#3783 = EDGE_LOOP('',(#3784,#3793,#3799,#3800));
#3784 = ORIENTED_EDGE('',*,*,#3785,.F.);
#3785 = EDGE_CURVE('',#3786,#3736,#3788,.T.);
#3786 = VERTEX_POINT('',#3787);
#3787 = CARTESIAN_POINT('',(19.446519760897,-44.11281482043,
    6.976919159151));
#3788 = HYPERBOLA('',#3789,2.358356201066,4.084792762617);
#3789 = AXIS2_PLACEMENT_3D('',#3790,#3791,#3792);
#3790 = CARTESIAN_POINT('',(17.975530284952,-51.03327619971,
    11.693631561279));
#3791 = DIRECTION('',(-0.978147600734,0.207911690817,0.));
#3792 = DIRECTION('',(0.,0.,-1.));
#3793 = ORIENTED_EDGE('',*,*,#3794,.T.);
#3794 = EDGE_CURVE('',#3786,#1068,#3795,.T.);
#3795 = LINE('',#3796,#3797);
#3796 = CARTESIAN_POINT('',(19.446519760897,-44.11281482043,8.345));
#3797 = VECTOR('',#3798,1.);
#3798 = DIRECTION('',(0.,0.,-1.));
#3799 = ORIENTED_EDGE('',*,*,#1075,.F.);
#3800 = ORIENTED_EDGE('',*,*,#3744,.F.);
#3801 = PLANE('',#3802);
#3802 = AXIS2_PLACEMENT_3D('',#3803,#3804,#3805);
#3803 = CARTESIAN_POINT('',(19.446519760897,-44.11281482043,8.345));
#3804 = DIRECTION('',(-0.978147600734,0.207911690817,0.));
#3805 = DIRECTION('',(-0.207911690817,-0.978147600734,0.));
#3806 = ADVANCED_FACE('',(#3807),#3826,.F.);
#3807 = FACE_BOUND('',#3808,.F.);
#3808 = EDGE_LOOP('',(#3809,#3818,#3819,#3820));
#3809 = ORIENTED_EDGE('',*,*,#3810,.F.);
#3810 = EDGE_CURVE('',#3761,#3811,#3813,.T.);
#3811 = VERTEX_POINT('',#3812);
#3812 = CARTESIAN_POINT('',(9.178038155632,-43.57466650289,
    6.976919159151));
#3813 = HYPERBOLA('',#3814,2.358356201059,4.084792762605);
#3814 = AXIS2_PLACEMENT_3D('',#3815,#3816,#3817);
#3815 = CARTESIAN_POINT('',(9.917584204252,-50.61097714004,
    11.693631561279));
#3816 = DIRECTION('',(0.994521895368,0.104528463269,0.));
#3817 = DIRECTION('',(0.,0.,-1.));
#3818 = ORIENTED_EDGE('',*,*,#3771,.T.);
#3819 = ORIENTED_EDGE('',*,*,#859,.F.);
#3820 = ORIENTED_EDGE('',*,*,#3821,.F.);
#3821 = EDGE_CURVE('',#3811,#860,#3822,.T.);
#3822 = LINE('',#3823,#3824);
#3823 = CARTESIAN_POINT('',(9.178038155632,-43.57466650289,8.345));
#3824 = VECTOR('',#3825,1.);
#3825 = DIRECTION('',(0.,0.,-1.));
#3826 = PLANE('',#3827);
#3827 = AXIS2_PLACEMENT_3D('',#3828,#3829,#3830);
#3828 = CARTESIAN_POINT('',(9.260097111829,-44.35540531887,8.345));
#3829 = DIRECTION('',(0.994521895368,0.104528463269,0.));
#3830 = DIRECTION('',(-0.104528463269,0.994521895368,0.));
#3831 = ADVANCED_FACE('',(#3832),#3851,.F.);
#3832 = FACE_BOUND('',#3833,.F.);
#3833 = EDGE_LOOP('',(#3834,#3843,#3849,#3850));
#3834 = ORIENTED_EDGE('',*,*,#3835,.F.);
#3835 = EDGE_CURVE('',#3836,#3786,#3838,.T.);
#3836 = VERTEX_POINT('',#3837);
#3837 = CARTESIAN_POINT('',(18.699902977577,-44.35540531887,
    7.363504542384));
#3838 = HYPERBOLA('',#3839,2.358356201059,4.084792762605);
#3839 = AXIS2_PLACEMENT_3D('',#3840,#3841,#3842);
#3840 = CARTESIAN_POINT('',(12.717729662553,-46.29913125521,
    11.693631561279));
#3841 = DIRECTION('',(0.309016994376,-0.951056516295,0.));
#3842 = DIRECTION('',(0.,0.,-1.));
#3843 = ORIENTED_EDGE('',*,*,#3844,.T.);
#3844 = EDGE_CURVE('',#3836,#1060,#3845,.T.);
#3845 = LINE('',#3846,#3847);
#3846 = CARTESIAN_POINT('',(18.699902977577,-44.35540531887,8.345));
#3847 = VECTOR('',#3848,1.);
#3848 = DIRECTION('',(0.,0.,-1.));
#3849 = ORIENTED_EDGE('',*,*,#1067,.F.);
#3850 = ORIENTED_EDGE('',*,*,#3794,.F.);
#3851 = PLANE('',#3852);
#3852 = AXIS2_PLACEMENT_3D('',#3853,#3854,#3855);
#3853 = CARTESIAN_POINT('',(18.699902977577,-44.35540531887,8.345));
#3854 = DIRECTION('',(0.309016994376,-0.951056516295,0.));
#3855 = DIRECTION('',(0.951056516295,0.309016994376,0.));
#3856 = ADVANCED_FACE('',(#3857),#3876,.F.);
#3857 = FACE_BOUND('',#3858,.F.);
#3858 = EDGE_LOOP('',(#3859,#3868,#3869,#3870));
#3859 = ORIENTED_EDGE('',*,*,#3860,.F.);
#3860 = EDGE_CURVE('',#3811,#3861,#3863,.T.);
#3861 = VERTEX_POINT('',#3862);
#3862 = CARTESIAN_POINT('',(9.89520728209,-43.89397077021,7.363504542384
    ));
#3863 = HYPERBOLA('',#3864,2.358356201066,4.084792762617);
#3864 = AXIS2_PLACEMENT_3D('',#3865,#3866,#3867);
#3865 = CARTESIAN_POINT('',(15.641434940628,-46.4523561561,
    11.693631561279));
#3866 = DIRECTION('',(-0.406736643075,-0.913545457643,-0.));
#3867 = DIRECTION('',(0.,0.,-1.));
#3868 = ORIENTED_EDGE('',*,*,#3821,.T.);
#3869 = ORIENTED_EDGE('',*,*,#867,.F.);
#3870 = ORIENTED_EDGE('',*,*,#3871,.F.);
#3871 = EDGE_CURVE('',#3861,#868,#3872,.T.);
#3872 = LINE('',#3873,#3874);
#3873 = CARTESIAN_POINT('',(9.89520728209,-43.89397077021,8.345));
#3874 = VECTOR('',#3875,1.);
#3875 = DIRECTION('',(0.,0.,-1.));
#3876 = PLANE('',#3877);
#3877 = AXIS2_PLACEMENT_3D('',#3878,#3879,#3880);
#3878 = CARTESIAN_POINT('',(9.178038155632,-43.57466650289,8.345));
#3879 = DIRECTION('',(-0.406736643075,-0.913545457643,0.));
#3880 = DIRECTION('',(0.913545457643,-0.406736643075,0.));
#3881 = ADVANCED_FACE('',(#3882),#3901,.F.);
#3882 = FACE_BOUND('',#3883,.F.);
#3883 = EDGE_LOOP('',(#3884,#3893,#3899,#3900));
#3884 = ORIENTED_EDGE('',*,*,#3885,.F.);
#3885 = EDGE_CURVE('',#3886,#3836,#3888,.T.);
#3886 = VERTEX_POINT('',#3887);
#3887 = CARTESIAN_POINT('',(18.781961933772,-43.57466650289,
    6.976919159151));
#3888 = HYPERBOLA('',#3889,2.358356201066,4.084792762617);
#3889 = AXIS2_PLACEMENT_3D('',#3890,#3891,#3892);
#3890 = CARTESIAN_POINT('',(18.042415885167,-50.61097714004,
    11.693631561279));
#3891 = DIRECTION('',(-0.994521895368,0.104528463267,0.));
#3892 = DIRECTION('',(0.,0.,-1.));
#3893 = ORIENTED_EDGE('',*,*,#3894,.T.);
#3894 = EDGE_CURVE('',#3886,#1052,#3895,.T.);
#3895 = LINE('',#3896,#3897);
#3896 = CARTESIAN_POINT('',(18.781961933772,-43.57466650289,8.345));
#3897 = VECTOR('',#3898,1.);
#3898 = DIRECTION('',(0.,0.,-1.));
#3899 = ORIENTED_EDGE('',*,*,#1059,.F.);
#3900 = ORIENTED_EDGE('',*,*,#3844,.F.);
#3901 = PLANE('',#3902);
#3902 = AXIS2_PLACEMENT_3D('',#3903,#3904,#3905);
#3903 = CARTESIAN_POINT('',(18.781961933772,-43.57466650289,8.345));
#3904 = DIRECTION('',(-0.994521895368,0.104528463267,0.));
#3905 = DIRECTION('',(-0.104528463267,-0.994521895368,0.));
#3906 = ADVANCED_FACE('',(#3907),#3926,.F.);
#3907 = FACE_BOUND('',#3908,.F.);
#3908 = EDGE_LOOP('',(#3909,#3918,#3919,#3920));
#3909 = ORIENTED_EDGE('',*,*,#3910,.F.);
#3910 = EDGE_CURVE('',#3861,#3911,#3913,.T.);
#3911 = VERTEX_POINT('',#3912);
#3912 = CARTESIAN_POINT('',(9.895207282089,-43.10893142656,
    6.976919159151));
#3913 = HYPERBOLA('',#3914,2.358356201059,4.084792762605);
#3914 = AXIS2_PLACEMENT_3D('',#3915,#3916,#3917);
#3915 = CARTESIAN_POINT('',(9.895207282098,-50.1840000298,
    11.693631561279));
#3916 = DIRECTION('',(1.,1.30024E-12,0.));
#3917 = DIRECTION('',(0.,0.,-1.));
#3918 = ORIENTED_EDGE('',*,*,#3871,.T.);
#3919 = ORIENTED_EDGE('',*,*,#875,.F.);
#3920 = ORIENTED_EDGE('',*,*,#3921,.F.);
#3921 = EDGE_CURVE('',#3911,#876,#3922,.T.);
#3922 = LINE('',#3923,#3924);
#3923 = CARTESIAN_POINT('',(9.895207282089,-43.10893142656,8.345));
#3924 = VECTOR('',#3925,1.);
#3925 = DIRECTION('',(0.,0.,-1.));
#3926 = PLANE('',#3927);
#3927 = AXIS2_PLACEMENT_3D('',#3928,#3929,#3930);
#3928 = CARTESIAN_POINT('',(9.89520728209,-43.89397077021,8.345));
#3929 = DIRECTION('',(1.,1.300348717592E-12,0.));
#3930 = DIRECTION('',(-1.300348717592E-12,1.,0.));
#3931 = ADVANCED_FACE('',(#3932),#3951,.F.);
#3932 = FACE_BOUND('',#3933,.F.);
#3933 = EDGE_LOOP('',(#3934,#3943,#3949,#3950));
#3934 = ORIENTED_EDGE('',*,*,#3935,.F.);
#3935 = EDGE_CURVE('',#3936,#3886,#3938,.T.);
#3936 = VERTEX_POINT('',#3937);
#3937 = CARTESIAN_POINT('',(18.064792807316,-43.89397077021,
    7.363504542384));
#3938 = HYPERBOLA('',#3939,2.358356201059,4.084792762605);
#3939 = AXIS2_PLACEMENT_3D('',#3940,#3941,#3942);
#3940 = CARTESIAN_POINT('',(12.318565148776,-46.45235615611,
    11.693631561279));
#3941 = DIRECTION('',(0.406736643077,-0.913545457642,0.));
#3942 = DIRECTION('',(0.,0.,-1.));
#3943 = ORIENTED_EDGE('',*,*,#3944,.T.);
#3944 = EDGE_CURVE('',#3936,#1044,#3945,.T.);
#3945 = LINE('',#3946,#3947);
#3946 = CARTESIAN_POINT('',(18.064792807316,-43.89397077021,8.345));
#3947 = VECTOR('',#3948,1.);
#3948 = DIRECTION('',(0.,0.,-1.));
#3949 = ORIENTED_EDGE('',*,*,#1051,.F.);
#3950 = ORIENTED_EDGE('',*,*,#3894,.F.);
#3951 = PLANE('',#3952);
#3952 = AXIS2_PLACEMENT_3D('',#3953,#3954,#3955);
#3953 = CARTESIAN_POINT('',(18.064792807316,-43.89397077021,8.345));
#3954 = DIRECTION('',(0.406736643077,-0.913545457642,0.));
#3955 = DIRECTION('',(0.913545457642,0.406736643077,0.));
#3956 = ADVANCED_FACE('',(#3957),#3976,.F.);
#3957 = FACE_BOUND('',#3958,.F.);
#3958 = EDGE_LOOP('',(#3959,#3968,#3969,#3970));
#3959 = ORIENTED_EDGE('',*,*,#3960,.F.);
#3960 = EDGE_CURVE('',#3911,#3961,#3963,.T.);
#3961 = VERTEX_POINT('',#3962);
#3962 = CARTESIAN_POINT('',(10.575071296656,-43.50145109838,
    7.363504542384));
#3963 = HYPERBOLA('',#3964,2.358356201066,4.084792762617);
#3964 = AXIS2_PLACEMENT_3D('',#3965,#3966,#3967);
#3965 = CARTESIAN_POINT('',(16.022396426009,-46.64646572818,
    11.693631561279));
#3966 = DIRECTION('',(-0.499999999999,-0.866025403785,-0.));
#3967 = DIRECTION('',(0.,0.,-1.));
#3968 = ORIENTED_EDGE('',*,*,#3921,.T.);
#3969 = ORIENTED_EDGE('',*,*,#883,.F.);
#3970 = ORIENTED_EDGE('',*,*,#3971,.F.);
#3971 = EDGE_CURVE('',#3961,#884,#3972,.T.);
#3972 = LINE('',#3973,#3974);
#3973 = CARTESIAN_POINT('',(10.575071296656,-43.50145109838,8.345));
#3974 = VECTOR('',#3975,1.);
#3975 = DIRECTION('',(0.,0.,-1.));
#3976 = PLANE('',#3977);
#3977 = AXIS2_PLACEMENT_3D('',#3978,#3979,#3980);
#3978 = CARTESIAN_POINT('',(9.895207282089,-43.10893142656,8.345));
#3979 = DIRECTION('',(-0.499999999999,-0.866025403785,0.));
#3980 = DIRECTION('',(0.866025403785,-0.499999999999,0.));
#3981 = ADVANCED_FACE('',(#3982),#4001,.F.);
#3982 = FACE_BOUND('',#3983,.F.);
#3983 = EDGE_LOOP('',(#3984,#3993,#3999,#4000));
#3984 = ORIENTED_EDGE('',*,*,#3985,.F.);
#3985 = EDGE_CURVE('',#3986,#3936,#3988,.T.);
#3986 = VERTEX_POINT('',#3987);
#3987 = CARTESIAN_POINT('',(18.064792807315,-43.10893142656,
    6.976919159151));
#3988 = HYPERBOLA('',#3989,2.358356201066,4.084792762617);
#3989 = AXIS2_PLACEMENT_3D('',#3990,#3991,#3992);
#3990 = CARTESIAN_POINT('',(18.06479280732,-50.18400002979,
    11.693631561279));
#3991 = DIRECTION('',(-1.,-6.4104E-13,-0.));
#3992 = DIRECTION('',(0.,0.,-1.));
#3993 = ORIENTED_EDGE('',*,*,#3994,.T.);
#3994 = EDGE_CURVE('',#3986,#1036,#3995,.T.);
#3995 = LINE('',#3996,#3997);
#3996 = CARTESIAN_POINT('',(18.064792807315,-43.10893142656,8.345));
#3997 = VECTOR('',#3998,1.);
#3998 = DIRECTION('',(0.,0.,-1.));
#3999 = ORIENTED_EDGE('',*,*,#1043,.F.);
#4000 = ORIENTED_EDGE('',*,*,#3944,.F.);
#4001 = PLANE('',#4002);
#4002 = AXIS2_PLACEMENT_3D('',#4003,#4004,#4005);
#4003 = CARTESIAN_POINT('',(18.064792807315,-43.10893142656,8.345));
#4004 = DIRECTION('',(-1.,-6.410982855698E-13,0.));
#4005 = DIRECTION('',(6.410982855698E-13,-1.,0.));
#4006 = ADVANCED_FACE('',(#4007),#4026,.F.);
#4007 = FACE_BOUND('',#4008,.F.);
#4008 = EDGE_LOOP('',(#4009,#4018,#4019,#4020));
#4009 = ORIENTED_EDGE('',*,*,#4010,.F.);
#4010 = EDGE_CURVE('',#3961,#4011,#4013,.T.);
#4011 = VERTEX_POINT('',#4012);
#4012 = CARTESIAN_POINT('',(10.657130252851,-42.7207122824,
    6.976919159151));
#4013 = HYPERBOLA('',#4014,2.358356201059,4.084792762605);
#4014 = AXIS2_PLACEMENT_3D('',#4015,#4016,#4017);
#4015 = CARTESIAN_POINT('',(9.91758420425,-49.75702291956,
    11.693631561279));
#4016 = DIRECTION('',(0.994521895368,-0.104528463266,0.));
#4017 = DIRECTION('',(0.,0.,-1.));
#4018 = ORIENTED_EDGE('',*,*,#3971,.T.);
#4019 = ORIENTED_EDGE('',*,*,#891,.F.);
#4020 = ORIENTED_EDGE('',*,*,#4021,.F.);
#4021 = EDGE_CURVE('',#4011,#892,#4022,.T.);
#4022 = LINE('',#4023,#4024);
#4023 = CARTESIAN_POINT('',(10.657130252851,-42.7207122824,8.345));
#4024 = VECTOR('',#4025,1.);
#4025 = DIRECTION('',(0.,0.,-1.));
#4026 = PLANE('',#4027);
#4027 = AXIS2_PLACEMENT_3D('',#4028,#4029,#4030);
#4028 = CARTESIAN_POINT('',(10.575071296656,-43.50145109838,8.345));
#4029 = DIRECTION('',(0.994521895368,-0.104528463266,0.));
#4030 = DIRECTION('',(0.104528463266,0.994521895368,0.));
#4031 = ADVANCED_FACE('',(#4032),#4051,.F.);
#4032 = FACE_BOUND('',#4033,.F.);
#4033 = EDGE_LOOP('',(#4034,#4043,#4049,#4050));
#4034 = ORIENTED_EDGE('',*,*,#4035,.F.);
#4035 = EDGE_CURVE('',#4036,#3986,#4038,.T.);
#4036 = VERTEX_POINT('',#4037);
#4037 = CARTESIAN_POINT('',(17.38492879275,-43.50145109838,
    7.363504542384));
#4038 = HYPERBOLA('',#4039,2.358356201059,4.084792762605);
#4039 = AXIS2_PLACEMENT_3D('',#4040,#4041,#4042);
#4040 = CARTESIAN_POINT('',(11.937603663396,-46.64646572819,
    11.693631561279));
#4041 = DIRECTION('',(0.500000000001,-0.866025403784,0.));
#4042 = DIRECTION('',(0.,0.,-1.));
#4043 = ORIENTED_EDGE('',*,*,#4044,.T.);
#4044 = EDGE_CURVE('',#4036,#1028,#4045,.T.);
#4045 = LINE('',#4046,#4047);
#4046 = CARTESIAN_POINT('',(17.38492879275,-43.50145109838,8.345));
#4047 = VECTOR('',#4048,1.);
#4048 = DIRECTION('',(0.,0.,-1.));
#4049 = ORIENTED_EDGE('',*,*,#1035,.F.);
#4050 = ORIENTED_EDGE('',*,*,#3994,.F.);
#4051 = PLANE('',#4052);
#4052 = AXIS2_PLACEMENT_3D('',#4053,#4054,#4055);
#4053 = CARTESIAN_POINT('',(17.38492879275,-43.50145109838,8.345));
#4054 = DIRECTION('',(0.500000000001,-0.866025403784,0.));
#4055 = DIRECTION('',(0.866025403784,0.500000000001,0.));
#4056 = ADVANCED_FACE('',(#4057),#4076,.F.);
#4057 = FACE_BOUND('',#4058,.F.);
#4058 = EDGE_LOOP('',(#4059,#4068,#4069,#4070));
#4059 = ORIENTED_EDGE('',*,*,#4060,.F.);
#4060 = EDGE_CURVE('',#4011,#4061,#4063,.T.);
#4061 = VERTEX_POINT('',#4062);
#4062 = CARTESIAN_POINT('',(11.292240423113,-43.18214683107,
    7.363504542384));
#4063 = HYPERBOLA('',#4064,2.358356201066,4.084792762617);
#4064 = AXIS2_PLACEMENT_3D('',#4065,#4066,#4067);
#4065 = CARTESIAN_POINT('',(16.380980989238,-46.87933326634,
    11.693631561279));
#4066 = DIRECTION('',(-0.587785252292,-0.809016994375,-0.));
#4067 = DIRECTION('',(0.,0.,-1.));
#4068 = ORIENTED_EDGE('',*,*,#4021,.T.);
#4069 = ORIENTED_EDGE('',*,*,#899,.F.);
#4070 = ORIENTED_EDGE('',*,*,#4071,.F.);
#4071 = EDGE_CURVE('',#4061,#900,#4072,.T.);
#4072 = LINE('',#4073,#4074);
#4073 = CARTESIAN_POINT('',(11.292240423113,-43.18214683107,8.345));
#4074 = VECTOR('',#4075,1.);
#4075 = DIRECTION('',(0.,0.,-1.));
#4076 = PLANE('',#4077);
#4077 = AXIS2_PLACEMENT_3D('',#4078,#4079,#4080);
#4078 = CARTESIAN_POINT('',(10.657130252851,-42.7207122824,8.345));
#4079 = DIRECTION('',(-0.587785252292,-0.809016994375,0.));
#4080 = DIRECTION('',(0.809016994375,-0.587785252292,0.));
#4081 = ADVANCED_FACE('',(#4082),#4101,.F.);
#4082 = FACE_BOUND('',#4083,.F.);
#4083 = EDGE_LOOP('',(#4084,#4093,#4099,#4100));
#4084 = ORIENTED_EDGE('',*,*,#4085,.F.);
#4085 = EDGE_CURVE('',#4086,#4036,#4088,.T.);
#4086 = VERTEX_POINT('',#4087);
#4087 = CARTESIAN_POINT('',(17.302869836553,-42.7207122824,
    6.976919159151));
#4088 = HYPERBOLA('',#4089,2.358356201066,4.084792762617);
#4089 = AXIS2_PLACEMENT_3D('',#4090,#4091,#4092);
#4090 = CARTESIAN_POINT('',(18.042415885167,-49.75702291955,
    11.693631561279));
#4091 = DIRECTION('',(-0.994521895368,-0.104528463268,-0.));
#4092 = DIRECTION('',(0.,0.,-1.));
#4093 = ORIENTED_EDGE('',*,*,#4094,.T.);
#4094 = EDGE_CURVE('',#4086,#1020,#4095,.T.);
#4095 = LINE('',#4096,#4097);
#4096 = CARTESIAN_POINT('',(17.302869836553,-42.7207122824,8.345));
#4097 = VECTOR('',#4098,1.);
#4098 = DIRECTION('',(0.,0.,-1.));
#4099 = ORIENTED_EDGE('',*,*,#1027,.F.);
#4100 = ORIENTED_EDGE('',*,*,#4044,.F.);
#4101 = PLANE('',#4102);
#4102 = AXIS2_PLACEMENT_3D('',#4103,#4104,#4105);
#4103 = CARTESIAN_POINT('',(17.302869836553,-42.7207122824,8.345));
#4104 = DIRECTION('',(-0.994521895368,-0.104528463268,0.));
#4105 = DIRECTION('',(0.104528463268,-0.994521895368,0.));
#4106 = ADVANCED_FACE('',(#4107),#4126,.F.);
#4107 = FACE_BOUND('',#4108,.F.);
#4108 = EDGE_LOOP('',(#4109,#4118,#4119,#4120));
#4109 = ORIENTED_EDGE('',*,*,#4110,.F.);
#4110 = EDGE_CURVE('',#4061,#4111,#4113,.T.);
#4111 = VERTEX_POINT('',#4112);
#4112 = CARTESIAN_POINT('',(11.455459280408,-42.4142624806,
    6.976919159151));
#4113 = HYPERBOLA('',#4114,2.358356201059,4.084792762605);
#4114 = AXIS2_PLACEMENT_3D('',#4115,#4116,#4117);
#4115 = CARTESIAN_POINT('',(9.984469804465,-49.33472385989,
    11.693631561279));
#4116 = DIRECTION('',(0.978147600734,-0.207911690816,0.));
#4117 = DIRECTION('',(0.,0.,-1.));
#4118 = ORIENTED_EDGE('',*,*,#4071,.T.);
#4119 = ORIENTED_EDGE('',*,*,#907,.F.);
#4120 = ORIENTED_EDGE('',*,*,#4121,.F.);
#4121 = EDGE_CURVE('',#4111,#908,#4122,.T.);
#4122 = LINE('',#4123,#4124);
#4123 = CARTESIAN_POINT('',(11.455459280408,-42.4142624806,8.345));
#4124 = VECTOR('',#4125,1.);
#4125 = DIRECTION('',(0.,0.,-1.));
#4126 = PLANE('',#4127);
#4127 = AXIS2_PLACEMENT_3D('',#4128,#4129,#4130);
#4128 = CARTESIAN_POINT('',(11.292240423113,-43.18214683107,8.345));
#4129 = DIRECTION('',(0.978147600734,-0.207911690816,0.));
#4130 = DIRECTION('',(0.207911690816,0.978147600734,0.));
#4131 = ADVANCED_FACE('',(#4132),#4151,.F.);
#4132 = FACE_BOUND('',#4133,.F.);
#4133 = EDGE_LOOP('',(#4134,#4143,#4149,#4150));
#4134 = ORIENTED_EDGE('',*,*,#4135,.F.);
#4135 = EDGE_CURVE('',#4136,#4086,#4138,.T.);
#4136 = VERTEX_POINT('',#4137);
#4137 = CARTESIAN_POINT('',(16.667759666293,-43.18214683107,
    7.363504542384));
#4138 = HYPERBOLA('',#4139,2.358356201059,4.084792762605);
#4139 = AXIS2_PLACEMENT_3D('',#4140,#4141,#4142);
#4140 = CARTESIAN_POINT('',(11.579019100169,-46.87933326635,
    11.693631561279));
#4141 = DIRECTION('',(0.587785252294,-0.809016994374,0.));
#4142 = DIRECTION('',(0.,0.,-1.));
#4143 = ORIENTED_EDGE('',*,*,#4144,.T.);
#4144 = EDGE_CURVE('',#4136,#1012,#4145,.T.);
#4145 = LINE('',#4146,#4147);
#4146 = CARTESIAN_POINT('',(16.667759666293,-43.18214683107,8.345));
#4147 = VECTOR('',#4148,1.);
#4148 = DIRECTION('',(0.,0.,-1.));
#4149 = ORIENTED_EDGE('',*,*,#1019,.F.);
#4150 = ORIENTED_EDGE('',*,*,#4094,.F.);
#4151 = PLANE('',#4152);
#4152 = AXIS2_PLACEMENT_3D('',#4153,#4154,#4155);
#4153 = CARTESIAN_POINT('',(16.667759666293,-43.18214683107,8.345));
#4154 = DIRECTION('',(0.587785252294,-0.809016994374,0.));
#4155 = DIRECTION('',(0.809016994374,0.587785252294,0.));
#4156 = ADVANCED_FACE('',(#4157),#4176,.F.);
#4157 = FACE_BOUND('',#4158,.F.);
#4158 = EDGE_LOOP('',(#4159,#4168,#4169,#4170));
#4159 = ORIENTED_EDGE('',*,*,#4160,.F.);
#4160 = EDGE_CURVE('',#4111,#4161,#4163,.T.);
#4161 = VERTEX_POINT('',#4162);
#4162 = CARTESIAN_POINT('',(12.038857206434,-42.93955633263,
    7.363504542384));
#4163 = HYPERBOLA('',#4164,2.358356201066,4.084792762617);
#4164 = AXIS2_PLACEMENT_3D('',#4165,#4166,#4167);
#4165 = CARTESIAN_POINT('',(16.713259902801,-47.14840742511,
    11.693631561279));
#4166 = DIRECTION('',(-0.669130606358,-0.743144825478,-0.));
#4167 = DIRECTION('',(0.,0.,-1.));
#4168 = ORIENTED_EDGE('',*,*,#4121,.T.);
#4169 = ORIENTED_EDGE('',*,*,#915,.F.);
#4170 = ORIENTED_EDGE('',*,*,#4171,.F.);
#4171 = EDGE_CURVE('',#4161,#916,#4172,.T.);
#4172 = LINE('',#4173,#4174);
#4173 = CARTESIAN_POINT('',(12.038857206434,-42.93955633263,8.345));
#4174 = VECTOR('',#4175,1.);
#4175 = DIRECTION('',(0.,0.,-1.));
#4176 = PLANE('',#4177);
#4177 = AXIS2_PLACEMENT_3D('',#4178,#4179,#4180);
#4178 = CARTESIAN_POINT('',(11.455459280408,-42.4142624806,8.345));
#4179 = DIRECTION('',(-0.669130606358,-0.743144825478,0.));
#4180 = DIRECTION('',(0.743144825478,-0.669130606358,0.));
#4181 = ADVANCED_FACE('',(#4182),#4201,.F.);
#4182 = FACE_BOUND('',#4183,.F.);
#4183 = EDGE_LOOP('',(#4184,#4193,#4199,#4200));
#4184 = ORIENTED_EDGE('',*,*,#4185,.F.);
#4185 = EDGE_CURVE('',#4186,#4136,#4188,.T.);
#4186 = VERTEX_POINT('',#4187);
#4187 = CARTESIAN_POINT('',(16.504540808997,-42.4142624806,
    6.976919159151));
#4188 = HYPERBOLA('',#4189,2.358356201066,4.084792762617);
#4189 = AXIS2_PLACEMENT_3D('',#4190,#4191,#4192);
#4190 = CARTESIAN_POINT('',(17.975530284951,-49.33472385988,
    11.693631561279));
#4191 = DIRECTION('',(-0.978147600734,-0.207911690818,-0.));
#4192 = DIRECTION('',(0.,0.,-1.));
#4193 = ORIENTED_EDGE('',*,*,#4194,.T.);
#4194 = EDGE_CURVE('',#4186,#1004,#4195,.T.);
#4195 = LINE('',#4196,#4197);
#4196 = CARTESIAN_POINT('',(16.504540808997,-42.4142624806,8.345));
#4197 = VECTOR('',#4198,1.);
#4198 = DIRECTION('',(0.,0.,-1.));
#4199 = ORIENTED_EDGE('',*,*,#1011,.F.);
#4200 = ORIENTED_EDGE('',*,*,#4144,.F.);
#4201 = PLANE('',#4202);
#4202 = AXIS2_PLACEMENT_3D('',#4203,#4204,#4205);
#4203 = CARTESIAN_POINT('',(16.504540808997,-42.4142624806,8.345));
#4204 = DIRECTION('',(-0.978147600734,-0.207911690818,0.));
#4205 = DIRECTION('',(0.207911690818,-0.978147600734,0.));
#4206 = ADVANCED_FACE('',(#4207),#4226,.F.);
#4207 = FACE_BOUND('',#4208,.F.);
#4208 = EDGE_LOOP('',(#4209,#4218,#4219,#4220));
#4209 = ORIENTED_EDGE('',*,*,#4210,.F.);
#4210 = EDGE_CURVE('',#4161,#4211,#4213,.T.);
#4211 = VERTEX_POINT('',#4212);
#4212 = CARTESIAN_POINT('',(12.281447704872,-42.19293954931,
    6.976919159151));
#4213 = HYPERBOLA('',#4214,2.358356201059,4.084792762605);
#4214 = AXIS2_PLACEMENT_3D('',#4215,#4216,#4217);
#4215 = CARTESIAN_POINT('',(10.095131270111,-48.92172964766,
    11.693631561279));
#4216 = DIRECTION('',(0.951056516296,-0.309016994374,0.));
#4217 = DIRECTION('',(0.,0.,-1.));
#4218 = ORIENTED_EDGE('',*,*,#4171,.T.);
#4219 = ORIENTED_EDGE('',*,*,#923,.F.);
#4220 = ORIENTED_EDGE('',*,*,#4221,.F.);
#4221 = EDGE_CURVE('',#4211,#924,#4222,.T.);
#4222 = LINE('',#4223,#4224);
#4223 = CARTESIAN_POINT('',(12.281447704872,-42.19293954931,8.345));
#4224 = VECTOR('',#4225,1.);
#4225 = DIRECTION('',(0.,0.,-1.));
#4226 = PLANE('',#4227);
#4227 = AXIS2_PLACEMENT_3D('',#4228,#4229,#4230);
#4228 = CARTESIAN_POINT('',(12.038857206434,-42.93955633263,8.345));
#4229 = DIRECTION('',(0.951056516296,-0.309016994374,0.));
#4230 = DIRECTION('',(0.309016994374,0.951056516296,0.));
#4231 = ADVANCED_FACE('',(#4232),#4251,.F.);
#4232 = FACE_BOUND('',#4233,.F.);
#4233 = EDGE_LOOP('',(#4234,#4243,#4249,#4250));
#4234 = ORIENTED_EDGE('',*,*,#4235,.F.);
#4235 = EDGE_CURVE('',#4236,#4186,#4238,.T.);
#4236 = VERTEX_POINT('',#4237);
#4237 = CARTESIAN_POINT('',(15.921142882972,-42.93955633263,
    7.363504542384));
#4238 = HYPERBOLA('',#4239,2.358356201059,4.084792762605);
#4239 = AXIS2_PLACEMENT_3D('',#4240,#4241,#4242);
#4240 = CARTESIAN_POINT('',(11.246740186607,-47.14840742512,
    11.693631561279));
#4241 = DIRECTION('',(0.66913060636,-0.743144825477,0.));
#4242 = DIRECTION('',(0.,0.,-1.));
#4243 = ORIENTED_EDGE('',*,*,#4244,.T.);
#4244 = EDGE_CURVE('',#4236,#996,#4245,.T.);
#4245 = LINE('',#4246,#4247);
#4246 = CARTESIAN_POINT('',(15.921142882972,-42.93955633263,8.345));
#4247 = VECTOR('',#4248,1.);
#4248 = DIRECTION('',(0.,0.,-1.));
#4249 = ORIENTED_EDGE('',*,*,#1003,.F.);
#4250 = ORIENTED_EDGE('',*,*,#4194,.F.);
#4251 = PLANE('',#4252);
#4252 = AXIS2_PLACEMENT_3D('',#4253,#4254,#4255);
#4253 = CARTESIAN_POINT('',(15.921142882972,-42.93955633263,8.345));
#4254 = DIRECTION('',(0.66913060636,-0.743144825477,0.));
#4255 = DIRECTION('',(0.743144825477,0.66913060636,0.));
#4256 = ADVANCED_FACE('',(#4257),#4276,.F.);
#4257 = FACE_BOUND('',#4258,.F.);
#4258 = EDGE_LOOP('',(#4259,#4268,#4269,#4270));
#4259 = ORIENTED_EDGE('',*,*,#4260,.F.);
#4260 = EDGE_CURVE('',#4211,#4261,#4263,.T.);
#4261 = VERTEX_POINT('',#4262);
#4262 = CARTESIAN_POINT('',(12.806741556901,-42.77633747533,
    7.363504542384));
#4263 = HYPERBOLA('',#4264,2.358356201066,4.084792762617);
#4264 = AXIS2_PLACEMENT_3D('',#4265,#4266,#4267);
#4265 = CARTESIAN_POINT('',(17.015592649387,-47.4507401717,
    11.693631561279));
#4266 = DIRECTION('',(-0.743144825477,-0.669130606359,-0.));
#4267 = DIRECTION('',(0.,0.,-1.));
#4268 = ORIENTED_EDGE('',*,*,#4221,.T.);
#4269 = ORIENTED_EDGE('',*,*,#931,.F.);
#4270 = ORIENTED_EDGE('',*,*,#4271,.F.);
#4271 = EDGE_CURVE('',#4261,#932,#4272,.T.);
#4272 = LINE('',#4273,#4274);
#4273 = CARTESIAN_POINT('',(12.806741556901,-42.77633747533,8.345));
#4274 = VECTOR('',#4275,1.);
#4275 = DIRECTION('',(0.,0.,-1.));
#4276 = PLANE('',#4277);
#4277 = AXIS2_PLACEMENT_3D('',#4278,#4279,#4280);
#4278 = CARTESIAN_POINT('',(12.281447704872,-42.19293954931,8.345));
#4279 = DIRECTION('',(-0.743144825477,-0.669130606359,0.));
#4280 = DIRECTION('',(0.669130606359,-0.743144825477,0.));
#4281 = ADVANCED_FACE('',(#4282),#4301,.F.);
#4282 = FACE_BOUND('',#4283,.F.);
#4283 = EDGE_LOOP('',(#4284,#4293,#4299,#4300));
#4284 = ORIENTED_EDGE('',*,*,#4285,.F.);
#4285 = EDGE_CURVE('',#4286,#4236,#4288,.T.);
#4286 = VERTEX_POINT('',#4287);
#4287 = CARTESIAN_POINT('',(15.678552384532,-42.19293954931,
    6.976919159151));
#4288 = HYPERBOLA('',#4289,2.358356201066,4.084792762617);
#4289 = AXIS2_PLACEMENT_3D('',#4290,#4291,#4292);
#4290 = CARTESIAN_POINT('',(17.864868819304,-48.92172964765,
    11.693631561279));
#4291 = DIRECTION('',(-0.951056516295,-0.309016994376,-0.));
#4292 = DIRECTION('',(0.,0.,-1.));
#4293 = ORIENTED_EDGE('',*,*,#4294,.T.);
#4294 = EDGE_CURVE('',#4286,#988,#4295,.T.);
#4295 = LINE('',#4296,#4297);
#4296 = CARTESIAN_POINT('',(15.678552384532,-42.19293954931,8.345));
#4297 = VECTOR('',#4298,1.);
#4298 = DIRECTION('',(0.,0.,-1.));
#4299 = ORIENTED_EDGE('',*,*,#995,.F.);
#4300 = ORIENTED_EDGE('',*,*,#4244,.F.);
#4301 = PLANE('',#4302);
#4302 = AXIS2_PLACEMENT_3D('',#4303,#4304,#4305);
#4303 = CARTESIAN_POINT('',(15.678552384532,-42.19293954931,8.345));
#4304 = DIRECTION('',(-0.951056516295,-0.309016994376,0.));
#4305 = DIRECTION('',(0.309016994376,-0.951056516295,0.));
#4306 = ADVANCED_FACE('',(#4307),#4326,.F.);
#4307 = FACE_BOUND('',#4308,.F.);
#4308 = EDGE_LOOP('',(#4309,#4318,#4319,#4320));
#4309 = ORIENTED_EDGE('',*,*,#4310,.F.);
#4310 = EDGE_CURVE('',#4261,#4311,#4313,.T.);
#4311 = VERTEX_POINT('',#4312);
#4312 = CARTESIAN_POINT('',(13.126045824217,-42.05916834888,
    6.976919159151));
#4313 = HYPERBOLA('',#4314,2.358356201059,4.084792762605);
#4314 = AXIS2_PLACEMENT_3D('',#4315,#4316,#4317);
#4315 = CARTESIAN_POINT('',(10.248356171012,-48.52256513388,
    11.693631561279));
#4316 = DIRECTION('',(0.913545457643,-0.406736643075,0.));
#4317 = DIRECTION('',(0.,0.,-1.));
#4318 = ORIENTED_EDGE('',*,*,#4271,.T.);
#4319 = ORIENTED_EDGE('',*,*,#939,.F.);
#4320 = ORIENTED_EDGE('',*,*,#4321,.F.);
#4321 = EDGE_CURVE('',#4311,#940,#4322,.T.);
#4322 = LINE('',#4323,#4324);
#4323 = CARTESIAN_POINT('',(13.126045824217,-42.05916834888,8.345));
#4324 = VECTOR('',#4325,1.);
#4325 = DIRECTION('',(0.,0.,-1.));
#4326 = PLANE('',#4327);
#4327 = AXIS2_PLACEMENT_3D('',#4328,#4329,#4330);
#4328 = CARTESIAN_POINT('',(12.806741556901,-42.77633747533,8.345));
#4329 = DIRECTION('',(0.913545457643,-0.406736643075,0.));
#4330 = DIRECTION('',(0.406736643075,0.913545457643,0.));
#4331 = ADVANCED_FACE('',(#4332),#4351,.F.);
#4332 = FACE_BOUND('',#4333,.F.);
#4333 = EDGE_LOOP('',(#4334,#4343,#4349,#4350));
#4334 = ORIENTED_EDGE('',*,*,#4335,.F.);
#4335 = EDGE_CURVE('',#4336,#4286,#4338,.T.);
#4336 = VERTEX_POINT('',#4337);
#4337 = CARTESIAN_POINT('',(15.153258532505,-42.77633747533,
    7.363504542384));
#4338 = HYPERBOLA('',#4339,2.358356201059,4.084792762605);
#4339 = AXIS2_PLACEMENT_3D('',#4340,#4341,#4342);
#4340 = CARTESIAN_POINT('',(10.944407440022,-47.45074017171,
    11.693631561279));
#4341 = DIRECTION('',(0.743144825478,-0.669130606358,0.));
#4342 = DIRECTION('',(0.,0.,-1.));
#4343 = ORIENTED_EDGE('',*,*,#4344,.T.);
#4344 = EDGE_CURVE('',#4336,#980,#4345,.T.);
#4345 = LINE('',#4346,#4347);
#4346 = CARTESIAN_POINT('',(15.153258532505,-42.77633747533,8.345));
#4347 = VECTOR('',#4348,1.);
#4348 = DIRECTION('',(0.,0.,-1.));
#4349 = ORIENTED_EDGE('',*,*,#987,.F.);
#4350 = ORIENTED_EDGE('',*,*,#4294,.F.);
#4351 = PLANE('',#4352);
#4352 = AXIS2_PLACEMENT_3D('',#4353,#4354,#4355);
#4353 = CARTESIAN_POINT('',(15.153258532505,-42.77633747533,8.345));
#4354 = DIRECTION('',(0.743144825478,-0.669130606358,0.));
#4355 = DIRECTION('',(0.669130606358,0.743144825478,0.));
#4356 = ADVANCED_FACE('',(#4357),#4376,.F.);
#4357 = FACE_BOUND('',#4358,.F.);
#4358 = EDGE_LOOP('',(#4359,#4368,#4369,#4370));
#4359 = ORIENTED_EDGE('',*,*,#4360,.F.);
#4360 = EDGE_CURVE('',#4311,#4361,#4363,.T.);
#4361 = VERTEX_POINT('',#4362);
#4362 = CARTESIAN_POINT('',(13.587480372881,-42.69427851914,
    7.363504542384));
#4363 = HYPERBOLA('',#4364,2.358356201066,4.084792762617);
#4364 = AXIS2_PLACEMENT_3D('',#4365,#4366,#4367);
#4365 = CARTESIAN_POINT('',(17.284666808158,-47.78301908526,
    11.693631561279));
#4366 = DIRECTION('',(-0.809016994375,-0.587785252293,-0.));
#4367 = DIRECTION('',(0.,0.,-1.));
#4368 = ORIENTED_EDGE('',*,*,#4321,.T.);
#4369 = ORIENTED_EDGE('',*,*,#947,.F.);
#4370 = ORIENTED_EDGE('',*,*,#4371,.F.);
#4371 = EDGE_CURVE('',#4361,#948,#4372,.T.);
#4372 = LINE('',#4373,#4374);
#4373 = CARTESIAN_POINT('',(13.587480372881,-42.69427851914,8.345));
#4374 = VECTOR('',#4375,1.);
#4375 = DIRECTION('',(0.,0.,-1.));
#4376 = PLANE('',#4377);
#4377 = AXIS2_PLACEMENT_3D('',#4378,#4379,#4380);
#4378 = CARTESIAN_POINT('',(13.126045824217,-42.05916834888,8.345));
#4379 = DIRECTION('',(-0.809016994375,-0.587785252293,0.));
#4380 = DIRECTION('',(0.587785252293,-0.809016994375,0.));
#4381 = ADVANCED_FACE('',(#4382),#4401,.F.);
#4382 = FACE_BOUND('',#4383,.F.);
#4383 = EDGE_LOOP('',(#4384,#4393,#4399,#4400));
#4384 = ORIENTED_EDGE('',*,*,#4385,.F.);
#4385 = EDGE_CURVE('',#4386,#4336,#4388,.T.);
#4386 = VERTEX_POINT('',#4387);
#4387 = CARTESIAN_POINT('',(14.833954265188,-42.05916834888,
    6.976919159151));
#4388 = HYPERBOLA('',#4389,2.358356201066,4.084792762617);
#4389 = AXIS2_PLACEMENT_3D('',#4390,#4391,#4392);
#4390 = CARTESIAN_POINT('',(17.711643918402,-48.52256513387,
    11.693631561279));
#4391 = DIRECTION('',(-0.913545457642,-0.406736643076,-0.));
#4392 = DIRECTION('',(0.,0.,-1.));
#4393 = ORIENTED_EDGE('',*,*,#4394,.T.);
#4394 = EDGE_CURVE('',#4386,#972,#4395,.T.);
#4395 = LINE('',#4396,#4397);
#4396 = CARTESIAN_POINT('',(14.833954265188,-42.05916834888,8.345));
#4397 = VECTOR('',#4398,1.);
#4398 = DIRECTION('',(0.,0.,-1.));
#4399 = ORIENTED_EDGE('',*,*,#979,.F.);
#4400 = ORIENTED_EDGE('',*,*,#4344,.F.);
#4401 = PLANE('',#4402);
#4402 = AXIS2_PLACEMENT_3D('',#4403,#4404,#4405);
#4403 = CARTESIAN_POINT('',(14.833954265188,-42.05916834888,8.345));
#4404 = DIRECTION('',(-0.913545457642,-0.406736643076,0.));
#4405 = DIRECTION('',(0.406736643076,-0.913545457642,0.));
#4406 = ADVANCED_FACE('',(#4407),#4426,.F.);
#4407 = FACE_BOUND('',#4408,.F.);
#4408 = EDGE_LOOP('',(#4409,#4418,#4419,#4420));
#4409 = ORIENTED_EDGE('',*,*,#4410,.F.);
#4410 = EDGE_CURVE('',#4361,#4411,#4413,.T.);
#4411 = VERTEX_POINT('',#4412);
#4412 = CARTESIAN_POINT('',(13.980000044702,-42.01441450457,
    6.976919159151));
#4413 = HYPERBOLA('',#4414,2.358356201059,4.084792762605);
#4414 = AXIS2_PLACEMENT_3D('',#4415,#4416,#4417);
#4415 = CARTESIAN_POINT('',(10.44246574309,-48.1416036485,
    11.693631561279));
#4416 = DIRECTION('',(0.866025403785,-0.499999999999,0.));
#4417 = DIRECTION('',(0.,0.,-1.));
#4418 = ORIENTED_EDGE('',*,*,#4371,.T.);
#4419 = ORIENTED_EDGE('',*,*,#955,.F.);
#4420 = ORIENTED_EDGE('',*,*,#4421,.F.);
#4421 = EDGE_CURVE('',#4411,#956,#4422,.T.);
#4422 = LINE('',#4423,#4424);
#4423 = CARTESIAN_POINT('',(13.980000044702,-42.01441450457,8.345));
#4424 = VECTOR('',#4425,1.);
#4425 = DIRECTION('',(0.,0.,-1.));
#4426 = PLANE('',#4427);
#4427 = AXIS2_PLACEMENT_3D('',#4428,#4429,#4430);
#4428 = CARTESIAN_POINT('',(13.587480372881,-42.69427851914,8.345));
#4429 = DIRECTION('',(0.866025403785,-0.499999999999,0.));
#4430 = DIRECTION('',(0.499999999999,0.866025403785,0.));
#4431 = ADVANCED_FACE('',(#4432),#4451,.F.);
#4432 = FACE_BOUND('',#4433,.F.);
#4433 = EDGE_LOOP('',(#4434,#4443,#4449,#4450));
#4434 = ORIENTED_EDGE('',*,*,#4435,.F.);
#4435 = EDGE_CURVE('',#4436,#4386,#4438,.T.);
#4436 = VERTEX_POINT('',#4437);
#4437 = CARTESIAN_POINT('',(14.372519716525,-42.69427851914,
    7.363504542384));
#4438 = HYPERBOLA('',#4439,2.358356201059,4.084792762605);
#4439 = AXIS2_PLACEMENT_3D('',#4440,#4441,#4442);
#4440 = CARTESIAN_POINT('',(10.675333281253,-47.78301908527,
    11.693631561279));
#4441 = DIRECTION('',(0.809016994376,-0.587785252291,0.));
#4442 = DIRECTION('',(0.,0.,-1.));
#4443 = ORIENTED_EDGE('',*,*,#4444,.T.);
#4444 = EDGE_CURVE('',#4436,#964,#4445,.T.);
#4445 = LINE('',#4446,#4447);
#4446 = CARTESIAN_POINT('',(14.372519716525,-42.69427851914,8.345));
#4447 = VECTOR('',#4448,1.);
#4448 = DIRECTION('',(0.,0.,-1.));
#4449 = ORIENTED_EDGE('',*,*,#971,.F.);
#4450 = ORIENTED_EDGE('',*,*,#4394,.F.);
#4451 = PLANE('',#4452);
#4452 = AXIS2_PLACEMENT_3D('',#4453,#4454,#4455);
#4453 = CARTESIAN_POINT('',(14.372519716525,-42.69427851914,8.345));
#4454 = DIRECTION('',(0.809016994376,-0.587785252291,0.));
#4455 = DIRECTION('',(0.587785252291,0.809016994376,0.));
#4456 = ADVANCED_FACE('',(#4457),#4469,.F.);
#4457 = FACE_BOUND('',#4458,.F.);
#4458 = EDGE_LOOP('',(#4459,#4466,#4467,#4468));
#4459 = ORIENTED_EDGE('',*,*,#4460,.F.);
#4460 = EDGE_CURVE('',#4411,#4436,#4461,.T.);
#4461 = HYPERBOLA('',#4462,2.358356201066,4.084792762617);
#4462 = AXIS2_PLACEMENT_3D('',#4463,#4464,#4465);
#4463 = CARTESIAN_POINT('',(17.517534346323,-48.14160364849,
    11.693631561279));
#4464 = DIRECTION('',(-0.866025403784,-0.500000000001,-0.));
#4465 = DIRECTION('',(0.,0.,-1.));
#4466 = ORIENTED_EDGE('',*,*,#4421,.T.);
#4467 = ORIENTED_EDGE('',*,*,#963,.F.);
#4468 = ORIENTED_EDGE('',*,*,#4444,.F.);
#4469 = PLANE('',#4470);
#4470 = AXIS2_PLACEMENT_3D('',#4471,#4472,#4473);
#4471 = CARTESIAN_POINT('',(13.980000044702,-42.01441450457,8.345));
#4472 = DIRECTION('',(-0.866025403784,-0.500000000001,0.));
#4473 = DIRECTION('',(0.500000000001,-0.866025403784,0.));
#4474 = ADVANCED_FACE('',(#4475),#4613,.T.);
#4475 = FACE_BOUND('',#4476,.T.);
#4476 = EDGE_LOOP('',(#4477,#4485,#4492,#4493,#4494,#4495,#4496,#4497,
    #4498,#4499,#4500,#4501,#4502,#4503,#4504,#4505,#4506,#4507,#4508,
    #4509,#4510,#4511,#4512,#4513,#4514,#4515,#4516,#4517,#4518,#4519,
    #4520,#4521,#4522,#4523,#4524,#4525,#4526,#4527,#4528,#4529,#4530,
    #4531,#4532,#4533,#4534,#4535,#4536,#4537,#4538,#4539,#4540,#4541,
    #4542,#4543,#4544,#4545,#4546,#4547,#4548,#4549,#4550,#4551,#4552,
    #4553,#4554,#4555,#4556,#4557,#4558,#4559,#4560,#4561,#4562,#4563,
    #4564,#4565,#4566,#4567,#4568,#4569,#4570,#4571,#4572,#4573,#4574,
    #4575,#4576,#4577,#4578,#4579,#4580,#4581,#4582,#4583,#4584,#4585,
    #4586,#4587,#4588,#4589,#4590,#4591,#4592,#4593,#4594,#4595,#4596,
    #4597,#4598,#4599,#4600,#4601,#4602,#4603,#4604,#4605,#4606,#4607,
    #4608,#4609,#4610,#4611,#4612));
#4477 = ORIENTED_EDGE('',*,*,#4478,.F.);
#4478 = EDGE_CURVE('',#4479,#2986,#4481,.T.);
#4479 = VERTEX_POINT('',#4480);
#4480 = CARTESIAN_POINT('',(19.780000044703,-50.1840000298,8.345));
#4481 = LINE('',#4482,#4483);
#4482 = CARTESIAN_POINT('',(19.780000044703,-50.1840000298,8.345));
#4483 = VECTOR('',#4484,1.);
#4484 = DIRECTION('',(0.866025403786,0.,-0.499999999998));
#4485 = ORIENTED_EDGE('',*,*,#4486,.F.);
#4486 = EDGE_CURVE('',#4479,#4479,#4487,.T.);
#4487 = CIRCLE('',#4488,5.8);
#4488 = AXIS2_PLACEMENT_3D('',#4489,#4490,#4491);
#4489 = CARTESIAN_POINT('',(13.980000044703,-50.1840000298,8.345));
#4490 = DIRECTION('',(0.,0.,1.));
#4491 = DIRECTION('',(1.,0.,0.));
#4492 = ORIENTED_EDGE('',*,*,#4478,.T.);
#4493 = ORIENTED_EDGE('',*,*,#3035,.F.);
#4494 = ORIENTED_EDGE('',*,*,#3085,.F.);
#4495 = ORIENTED_EDGE('',*,*,#3135,.F.);
#4496 = ORIENTED_EDGE('',*,*,#3185,.F.);
#4497 = ORIENTED_EDGE('',*,*,#3235,.F.);
#4498 = ORIENTED_EDGE('',*,*,#3285,.F.);
#4499 = ORIENTED_EDGE('',*,*,#3335,.F.);
#4500 = ORIENTED_EDGE('',*,*,#3385,.F.);
#4501 = ORIENTED_EDGE('',*,*,#3435,.F.);
#4502 = ORIENTED_EDGE('',*,*,#3485,.F.);
#4503 = ORIENTED_EDGE('',*,*,#3535,.F.);
#4504 = ORIENTED_EDGE('',*,*,#3585,.F.);
#4505 = ORIENTED_EDGE('',*,*,#3635,.F.);
#4506 = ORIENTED_EDGE('',*,*,#3685,.F.);
#4507 = ORIENTED_EDGE('',*,*,#3735,.F.);
#4508 = ORIENTED_EDGE('',*,*,#3785,.F.);
#4509 = ORIENTED_EDGE('',*,*,#3835,.F.);
#4510 = ORIENTED_EDGE('',*,*,#3885,.F.);
#4511 = ORIENTED_EDGE('',*,*,#3935,.F.);
#4512 = ORIENTED_EDGE('',*,*,#3985,.F.);
#4513 = ORIENTED_EDGE('',*,*,#4035,.F.);
#4514 = ORIENTED_EDGE('',*,*,#4085,.F.);
#4515 = ORIENTED_EDGE('',*,*,#4135,.F.);
#4516 = ORIENTED_EDGE('',*,*,#4185,.F.);
#4517 = ORIENTED_EDGE('',*,*,#4235,.F.);
#4518 = ORIENTED_EDGE('',*,*,#4285,.F.);
#4519 = ORIENTED_EDGE('',*,*,#4335,.F.);
#4520 = ORIENTED_EDGE('',*,*,#4385,.F.);
#4521 = ORIENTED_EDGE('',*,*,#4435,.F.);
#4522 = ORIENTED_EDGE('',*,*,#4460,.F.);
#4523 = ORIENTED_EDGE('',*,*,#4410,.F.);
#4524 = ORIENTED_EDGE('',*,*,#4360,.F.);
#4525 = ORIENTED_EDGE('',*,*,#4310,.F.);
#4526 = ORIENTED_EDGE('',*,*,#4260,.F.);
#4527 = ORIENTED_EDGE('',*,*,#4210,.F.);
#4528 = ORIENTED_EDGE('',*,*,#4160,.F.);
#4529 = ORIENTED_EDGE('',*,*,#4110,.F.);
#4530 = ORIENTED_EDGE('',*,*,#4060,.F.);
#4531 = ORIENTED_EDGE('',*,*,#4010,.F.);
#4532 = ORIENTED_EDGE('',*,*,#3960,.F.);
#4533 = ORIENTED_EDGE('',*,*,#3910,.F.);
#4534 = ORIENTED_EDGE('',*,*,#3860,.F.);
#4535 = ORIENTED_EDGE('',*,*,#3810,.F.);
#4536 = ORIENTED_EDGE('',*,*,#3760,.F.);
#4537 = ORIENTED_EDGE('',*,*,#3710,.F.);
#4538 = ORIENTED_EDGE('',*,*,#3660,.F.);
#4539 = ORIENTED_EDGE('',*,*,#3610,.F.);
#4540 = ORIENTED_EDGE('',*,*,#3560,.F.);
#4541 = ORIENTED_EDGE('',*,*,#3510,.F.);
#4542 = ORIENTED_EDGE('',*,*,#3460,.F.);
#4543 = ORIENTED_EDGE('',*,*,#3410,.F.);
#4544 = ORIENTED_EDGE('',*,*,#3360,.F.);
#4545 = ORIENTED_EDGE('',*,*,#3310,.F.);
#4546 = ORIENTED_EDGE('',*,*,#3260,.F.);
#4547 = ORIENTED_EDGE('',*,*,#3210,.F.);
#4548 = ORIENTED_EDGE('',*,*,#3160,.F.);
#4549 = ORIENTED_EDGE('',*,*,#3110,.F.);
#4550 = ORIENTED_EDGE('',*,*,#3060,.F.);
#4551 = ORIENTED_EDGE('',*,*,#3010,.F.);
#4552 = ORIENTED_EDGE('',*,*,#2960,.F.);
#4553 = ORIENTED_EDGE('',*,*,#2910,.F.);
#4554 = ORIENTED_EDGE('',*,*,#2860,.F.);
#4555 = ORIENTED_EDGE('',*,*,#2810,.F.);
#4556 = ORIENTED_EDGE('',*,*,#2760,.F.);
#4557 = ORIENTED_EDGE('',*,*,#2710,.F.);
#4558 = ORIENTED_EDGE('',*,*,#2660,.F.);
#4559 = ORIENTED_EDGE('',*,*,#2610,.F.);
#4560 = ORIENTED_EDGE('',*,*,#2560,.F.);
#4561 = ORIENTED_EDGE('',*,*,#2510,.F.);
#4562 = ORIENTED_EDGE('',*,*,#2460,.F.);
#4563 = ORIENTED_EDGE('',*,*,#2410,.F.);
#4564 = ORIENTED_EDGE('',*,*,#2360,.F.);
#4565 = ORIENTED_EDGE('',*,*,#2310,.F.);
#4566 = ORIENTED_EDGE('',*,*,#2260,.F.);
#4567 = ORIENTED_EDGE('',*,*,#2210,.F.);
#4568 = ORIENTED_EDGE('',*,*,#2160,.F.);
#4569 = ORIENTED_EDGE('',*,*,#2110,.F.);
#4570 = ORIENTED_EDGE('',*,*,#2060,.F.);
#4571 = ORIENTED_EDGE('',*,*,#2010,.F.);
#4572 = ORIENTED_EDGE('',*,*,#1960,.F.);
#4573 = ORIENTED_EDGE('',*,*,#1910,.F.);
#4574 = ORIENTED_EDGE('',*,*,#1860,.F.);
#4575 = ORIENTED_EDGE('',*,*,#1810,.F.);
#4576 = ORIENTED_EDGE('',*,*,#1760,.F.);
#4577 = ORIENTED_EDGE('',*,*,#1710,.F.);
#4578 = ORIENTED_EDGE('',*,*,#1660,.F.);
#4579 = ORIENTED_EDGE('',*,*,#1610,.F.);
#4580 = ORIENTED_EDGE('',*,*,#1560,.F.);
#4581 = ORIENTED_EDGE('',*,*,#1510,.F.);
#4582 = ORIENTED_EDGE('',*,*,#1478,.F.);
#4583 = ORIENTED_EDGE('',*,*,#1535,.F.);
#4584 = ORIENTED_EDGE('',*,*,#1585,.F.);
#4585 = ORIENTED_EDGE('',*,*,#1635,.F.);
#4586 = ORIENTED_EDGE('',*,*,#1685,.F.);
#4587 = ORIENTED_EDGE('',*,*,#1735,.F.);
#4588 = ORIENTED_EDGE('',*,*,#1785,.F.);
#4589 = ORIENTED_EDGE('',*,*,#1835,.F.);
#4590 = ORIENTED_EDGE('',*,*,#1885,.F.);
#4591 = ORIENTED_EDGE('',*,*,#1935,.F.);
#4592 = ORIENTED_EDGE('',*,*,#1985,.F.);
#4593 = ORIENTED_EDGE('',*,*,#2035,.F.);
#4594 = ORIENTED_EDGE('',*,*,#2085,.F.);
#4595 = ORIENTED_EDGE('',*,*,#2135,.F.);
#4596 = ORIENTED_EDGE('',*,*,#2185,.F.);
#4597 = ORIENTED_EDGE('',*,*,#2235,.F.);
#4598 = ORIENTED_EDGE('',*,*,#2285,.F.);
#4599 = ORIENTED_EDGE('',*,*,#2335,.F.);
#4600 = ORIENTED_EDGE('',*,*,#2385,.F.);
#4601 = ORIENTED_EDGE('',*,*,#2435,.F.);
#4602 = ORIENTED_EDGE('',*,*,#2485,.F.);
#4603 = ORIENTED_EDGE('',*,*,#2535,.F.);
#4604 = ORIENTED_EDGE('',*,*,#2585,.F.);
#4605 = ORIENTED_EDGE('',*,*,#2635,.F.);
#4606 = ORIENTED_EDGE('',*,*,#2685,.F.);
#4607 = ORIENTED_EDGE('',*,*,#2735,.F.);
#4608 = ORIENTED_EDGE('',*,*,#2785,.F.);
#4609 = ORIENTED_EDGE('',*,*,#2835,.F.);
#4610 = ORIENTED_EDGE('',*,*,#2885,.F.);
#4611 = ORIENTED_EDGE('',*,*,#2935,.F.);
#4612 = ORIENTED_EDGE('',*,*,#2985,.F.);
#4613 = CONICAL_SURFACE('',#4614,5.8,1.047197551199);
#4614 = AXIS2_PLACEMENT_3D('',#4615,#4616,#4617);
#4615 = CARTESIAN_POINT('',(13.980000044703,-50.1840000298,8.345));
#4616 = DIRECTION('',(-0.,-0.,-1.));
#4617 = DIRECTION('',(1.,0.,0.));
#4618 = ADVANCED_FACE('',(#4619),#4665,.T.);
#4619 = FACE_BOUND('',#4620,.F.);
#4620 = EDGE_LOOP('',(#4621,#4632,#4638,#4639,#4640,#4649,#4658));
#4621 = ORIENTED_EDGE('',*,*,#4622,.T.);
#4622 = EDGE_CURVE('',#4623,#4625,#4627,.T.);
#4623 = VERTEX_POINT('',#4624);
#4624 = CARTESIAN_POINT('',(13.768675179298,-44.38785115306,17.845));
#4625 = VERTEX_POINT('',#4626);
#4626 = CARTESIAN_POINT('',(19.780000044703,-50.1840000298,17.845));
#4627 = CIRCLE('',#4628,5.8);
#4628 = AXIS2_PLACEMENT_3D('',#4629,#4630,#4631);
#4629 = CARTESIAN_POINT('',(13.980000044703,-50.1840000298,17.845));
#4630 = DIRECTION('',(0.,0.,1.));
#4631 = DIRECTION('',(1.,0.,0.));
#4632 = ORIENTED_EDGE('',*,*,#4633,.F.);
#4633 = EDGE_CURVE('',#4479,#4625,#4634,.T.);
#4634 = LINE('',#4635,#4636);
#4635 = CARTESIAN_POINT('',(19.780000044703,-50.1840000298,8.345));
#4636 = VECTOR('',#4637,1.);
#4637 = DIRECTION('',(0.,0.,1.));
#4638 = ORIENTED_EDGE('',*,*,#4486,.F.);
#4639 = ORIENTED_EDGE('',*,*,#4633,.T.);
#4640 = ORIENTED_EDGE('',*,*,#4641,.T.);
#4641 = EDGE_CURVE('',#4625,#4642,#4644,.T.);
#4642 = VERTEX_POINT('',#4643);
#4643 = CARTESIAN_POINT('',(14.191324910108,-44.38785115306,17.845));
#4644 = CIRCLE('',#4645,5.8);
#4645 = AXIS2_PLACEMENT_3D('',#4646,#4647,#4648);
#4646 = CARTESIAN_POINT('',(13.980000044703,-50.1840000298,17.845));
#4647 = DIRECTION('',(0.,0.,1.));
#4648 = DIRECTION('',(1.,0.,0.));
#4649 = ORIENTED_EDGE('',*,*,#4650,.T.);
#4650 = EDGE_CURVE('',#4642,#4651,#4653,.T.);
#4651 = VERTEX_POINT('',#4652);
#4652 = CARTESIAN_POINT('',(13.980000044703,-44.3840000298,
    17.478974596216));
#4653 = ELLIPSE('',#4654,11.6,5.8);
#4654 = AXIS2_PLACEMENT_3D('',#4655,#4656,#4657);
#4655 = CARTESIAN_POINT('',(13.980000044703,-50.1840000298,
    17.478974596216));
#4656 = DIRECTION('',(-0.866025403784,0.,0.5));
#4657 = DIRECTION('',(-0.5,0.,-0.866025403784));
#4658 = ORIENTED_EDGE('',*,*,#4659,.T.);
#4659 = EDGE_CURVE('',#4651,#4623,#4660,.T.);
#4660 = ELLIPSE('',#4661,11.600000000001,5.8);
#4661 = AXIS2_PLACEMENT_3D('',#4662,#4663,#4664);
#4662 = CARTESIAN_POINT('',(13.980000044703,-50.1840000298,
    17.478974596216));
#4663 = DIRECTION('',(0.866025403784,-0.,0.5));
#4664 = DIRECTION('',(0.5,0.,-0.866025403784));
#4665 = CYLINDRICAL_SURFACE('',#4666,5.8);
#4666 = AXIS2_PLACEMENT_3D('',#4667,#4668,#4669);
#4667 = CARTESIAN_POINT('',(13.980000044703,-50.1840000298,8.345));
#4668 = DIRECTION('',(-0.,-0.,-1.));
#4669 = DIRECTION('',(1.,0.,0.));
#4670 = ADVANCED_FACE('',(#4671),#4698,.T.);
#4671 = FACE_BOUND('',#4672,.T.);
#4672 = EDGE_LOOP('',(#4673,#4674,#4682,#4691));
#4673 = ORIENTED_EDGE('',*,*,#4622,.T.);
#4674 = ORIENTED_EDGE('',*,*,#4675,.T.);
#4675 = EDGE_CURVE('',#4625,#4676,#4678,.T.);
#4676 = VERTEX_POINT('',#4677);
#4677 = CARTESIAN_POINT('',(19.280000044703,-50.1840000298,18.345));
#4678 = LINE('',#4679,#4680);
#4679 = CARTESIAN_POINT('',(19.780000044703,-50.1840000298,17.845));
#4680 = VECTOR('',#4681,1.);
#4681 = DIRECTION('',(-0.707106781187,0.,0.707106781187));
#4682 = ORIENTED_EDGE('',*,*,#4683,.F.);
#4683 = EDGE_CURVE('',#4684,#4676,#4686,.T.);
#4684 = VERTEX_POINT('',#4685);
#4685 = CARTESIAN_POINT('',(13.480000044703,-44.90763764649,18.345));
#4686 = CIRCLE('',#4687,5.3);
#4687 = AXIS2_PLACEMENT_3D('',#4688,#4689,#4690);
#4688 = CARTESIAN_POINT('',(13.980000044703,-50.1840000298,18.345));
#4689 = DIRECTION('',(0.,0.,1.));
#4690 = DIRECTION('',(1.,0.,0.));
#4691 = ORIENTED_EDGE('',*,*,#4692,.T.);
#4692 = EDGE_CURVE('',#4684,#4623,#4693,.T.);
#4693 = HYPERBOLA('',#4694,6.166025403783,4.360038375984);
#4694 = AXIS2_PLACEMENT_3D('',#4695,#4696,#4697);
#4695 = CARTESIAN_POINT('',(8.640065404647,-50.1840000298,
    26.728012701891));
#4696 = DIRECTION('',(0.866025403784,-0.,0.5));
#4697 = DIRECTION('',(0.5,0.,-0.866025403784));
#4698 = CONICAL_SURFACE('',#4699,5.8,0.785398163397);
#4699 = AXIS2_PLACEMENT_3D('',#4700,#4701,#4702);
#4700 = CARTESIAN_POINT('',(13.980000044703,-50.1840000298,17.845));
#4701 = DIRECTION('',(-0.,-0.,-1.));
#4702 = DIRECTION('',(1.,0.,0.));
#4703 = ADVANCED_FACE('',(#4704),#4730,.T.);
#4704 = FACE_BOUND('',#4705,.T.);
#4705 = EDGE_LOOP('',(#4706,#4714,#4722,#4728,#4729));
#4706 = ORIENTED_EDGE('',*,*,#4707,.F.);
#4707 = EDGE_CURVE('',#4708,#4684,#4710,.T.);
#4708 = VERTEX_POINT('',#4709);
#4709 = CARTESIAN_POINT('',(13.480000044703,-50.1840000298,18.345));
#4710 = LINE('',#4711,#4712);
#4711 = CARTESIAN_POINT('',(13.480000044703,-50.1840000298,18.345));
#4712 = VECTOR('',#4713,1.);
#4713 = DIRECTION('',(0.,1.,0.));
#4714 = ORIENTED_EDGE('',*,*,#4715,.T.);
#4715 = EDGE_CURVE('',#4708,#4716,#4718,.T.);
#4716 = VERTEX_POINT('',#4717);
#4717 = CARTESIAN_POINT('',(13.980000044703,-50.1840000298,
    17.478974596216));
#4718 = LINE('',#4719,#4720);
#4719 = CARTESIAN_POINT('',(13.480000044703,-50.1840000298,18.345));
#4720 = VECTOR('',#4721,1.);
#4721 = DIRECTION('',(0.5,-1.9E-16,-0.866025403784));
#4722 = ORIENTED_EDGE('',*,*,#4723,.T.);
#4723 = EDGE_CURVE('',#4716,#4651,#4724,.T.);
#4724 = LINE('',#4725,#4726);
#4725 = CARTESIAN_POINT('',(13.980000044703,-50.1840000298,
    17.478974596216));
#4726 = VECTOR('',#4727,1.);
#4727 = DIRECTION('',(-1.E-16,1.,-1.7E-16));
#4728 = ORIENTED_EDGE('',*,*,#4659,.T.);
#4729 = ORIENTED_EDGE('',*,*,#4692,.F.);
#4730 = PLANE('',#4731);
#4731 = AXIS2_PLACEMENT_3D('',#4732,#4733,#4734);
#4732 = CARTESIAN_POINT('',(13.480000044703,-50.1840000298,18.345));
#4733 = DIRECTION('',(0.866025403784,0.,0.5));
#4734 = DIRECTION('',(0.5,-1.9E-16,-0.866025403784));
#4735 = ADVANCED_FACE('',(#4736),#4763,.T.);
#4736 = FACE_BOUND('',#4737,.T.);
#4737 = EDGE_LOOP('',(#4738,#4739,#4747,#4755,#4762));
#4738 = ORIENTED_EDGE('',*,*,#4723,.F.);
#4739 = ORIENTED_EDGE('',*,*,#4740,.T.);
#4740 = EDGE_CURVE('',#4716,#4741,#4743,.T.);
#4741 = VERTEX_POINT('',#4742);
#4742 = CARTESIAN_POINT('',(14.480000044703,-50.1840000298,18.345));
#4743 = LINE('',#4744,#4745);
#4744 = CARTESIAN_POINT('',(13.980000044703,-50.1840000298,
    17.478974596216));
#4745 = VECTOR('',#4746,1.);
#4746 = DIRECTION('',(0.5,1.9E-16,0.866025403784));
#4747 = ORIENTED_EDGE('',*,*,#4748,.T.);
#4748 = EDGE_CURVE('',#4741,#4749,#4751,.T.);
#4749 = VERTEX_POINT('',#4750);
#4750 = CARTESIAN_POINT('',(14.480000044703,-44.90763764649,18.345));
#4751 = LINE('',#4752,#4753);
#4752 = CARTESIAN_POINT('',(14.480000044703,-50.1840000298,18.345));
#4753 = VECTOR('',#4754,1.);
#4754 = DIRECTION('',(-1.E-16,1.,-1.7E-16));
#4755 = ORIENTED_EDGE('',*,*,#4756,.F.);
#4756 = EDGE_CURVE('',#4642,#4749,#4757,.T.);
#4757 = HYPERBOLA('',#4758,6.166025403785,4.360038375985);
#4758 = AXIS2_PLACEMENT_3D('',#4759,#4760,#4761);
#4759 = CARTESIAN_POINT('',(19.319934684761,-50.1840000298,
    26.728012701893));
#4760 = DIRECTION('',(-0.866025403784,0.,0.5));
#4761 = DIRECTION('',(-0.5,0.,-0.866025403784));
#4762 = ORIENTED_EDGE('',*,*,#4650,.T.);
#4763 = PLANE('',#4764);
#4764 = AXIS2_PLACEMENT_3D('',#4765,#4766,#4767);
#4765 = CARTESIAN_POINT('',(13.980000044703,-50.1840000298,
    17.478974596216));
#4766 = DIRECTION('',(-0.866025403784,0.,0.5));
#4767 = DIRECTION('',(0.5,1.9E-16,0.866025403784));
#4768 = ADVANCED_FACE('',(#4769),#4781,.T.);
#4769 = FACE_BOUND('',#4770,.T.);
#4770 = EDGE_LOOP('',(#4771,#4772,#4773,#4774));
#4771 = ORIENTED_EDGE('',*,*,#4675,.F.);
#4772 = ORIENTED_EDGE('',*,*,#4641,.T.);
#4773 = ORIENTED_EDGE('',*,*,#4756,.T.);
#4774 = ORIENTED_EDGE('',*,*,#4775,.F.);
#4775 = EDGE_CURVE('',#4676,#4749,#4776,.T.);
#4776 = CIRCLE('',#4777,5.3);
#4777 = AXIS2_PLACEMENT_3D('',#4778,#4779,#4780);
#4778 = CARTESIAN_POINT('',(13.980000044703,-50.1840000298,18.345));
#4779 = DIRECTION('',(0.,0.,1.));
#4780 = DIRECTION('',(1.,0.,0.));
#4781 = CONICAL_SURFACE('',#4782,5.8,0.785398163397);
#4782 = AXIS2_PLACEMENT_3D('',#4783,#4784,#4785);
#4783 = CARTESIAN_POINT('',(13.980000044703,-50.1840000298,17.845));
#4784 = DIRECTION('',(-0.,-0.,-1.));
#4785 = DIRECTION('',(1.,0.,0.));
#4786 = ADVANCED_FACE('',(#4787),#4799,.T.);
#4787 = FACE_BOUND('',#4788,.T.);
#4788 = EDGE_LOOP('',(#4789,#4790,#4791,#4792,#4798));
#4789 = ORIENTED_EDGE('',*,*,#4683,.T.);
#4790 = ORIENTED_EDGE('',*,*,#4775,.T.);
#4791 = ORIENTED_EDGE('',*,*,#4748,.F.);
#4792 = ORIENTED_EDGE('',*,*,#4793,.T.);
#4793 = EDGE_CURVE('',#4741,#4708,#4794,.T.);
#4794 = LINE('',#4795,#4796);
#4795 = CARTESIAN_POINT('',(14.480000044703,-50.1840000298,18.345));
#4796 = VECTOR('',#4797,1.);
#4797 = DIRECTION('',(-1.,0.,0.));
#4798 = ORIENTED_EDGE('',*,*,#4707,.T.);
#4799 = PLANE('',#4800);
#4800 = AXIS2_PLACEMENT_3D('',#4801,#4802,#4803);
#4801 = CARTESIAN_POINT('',(13.980000044703,-50.1840000298,18.345));
#4802 = DIRECTION('',(0.,0.,1.));
#4803 = DIRECTION('',(1.,0.,0.));
#4804 = ADVANCED_FACE('',(#4805),#4810,.F.);
#4805 = FACE_BOUND('',#4806,.F.);
#4806 = EDGE_LOOP('',(#4807,#4808,#4809));
#4807 = ORIENTED_EDGE('',*,*,#4740,.T.);
#4808 = ORIENTED_EDGE('',*,*,#4793,.T.);
#4809 = ORIENTED_EDGE('',*,*,#4715,.T.);
#4810 = PLANE('',#4811);
#4811 = AXIS2_PLACEMENT_3D('',#4812,#4813,#4814);
#4812 = CARTESIAN_POINT('',(13.980000044703,-50.1840000298,
    18.056324865405));
#4813 = DIRECTION('',(-0.,-1.,-0.));
#4814 = DIRECTION('',(0.,0.,-1.));
#4815 = ( GEOMETRIC_REPRESENTATION_CONTEXT(3) 
GLOBAL_UNCERTAINTY_ASSIGNED_CONTEXT((#4819)) 
GLOBAL_UNIT_ASSIGNED_CONTEXT((#4816,#4817,#4818)) REPRESENTATION_CONTEXT
('Context #1','3D Context with UNIT and UNCERTAINTY') );
#4816 = ( LENGTH_UNIT() NAMED_UNIT(*) SI_UNIT(.MILLI.,.METRE.) );
#4817 = ( NAMED_UNIT(*) PLANE_ANGLE_UNIT() SI_UNIT($,.RADIAN.) );
#4818 = ( NAMED_UNIT(*) SI_UNIT($,.STERADIAN.) SOLID_ANGLE_UNIT() );
#4819 = UNCERTAINTY_MEASURE_WITH_UNIT(LENGTH_MEASURE(2.E-07),#4816,
  'distance_accuracy_value','confusion accuracy');
#4820 = PRODUCT_RELATED_PRODUCT_CATEGORY('part',$,(#7));
#4821 = MECHANICAL_DESIGN_GEOMETRIC_PRESENTATION_REPRESENTATION('',(
    #4822),#4815);
#4822 = STYLED_ITEM('color',(#4823),#15);
#4823 = PRESENTATION_STYLE_ASSIGNMENT((#4824,#4830));
#4824 = SURFACE_STYLE_USAGE(.BOTH.,#4825);
#4825 = SURFACE_SIDE_STYLE('',(#4826));
#4826 = SURFACE_STYLE_FILL_AREA(#4827);
#4827 = FILL_AREA_STYLE('',(#4828));
#4828 = FILL_AREA_STYLE_COLOUR('',#4829);
#4829 = DRAUGHTING_PRE_DEFINED_COLOUR('yellow');
#4830 = CURVE_STYLE('',#4831,POSITIVE_LENGTH_MEASURE(0.1),#4832);
#4831 = DRAUGHTING_PRE_DEFINED_CURVE_FONT('continuous');
#4832 = COLOUR_RGB('',9.803921802644E-02,9.803921802644E-02,
  9.803921802644E-02);
ENDSEC;
END-ISO-10303-21;
